,0,1,2,3,4,5,6,7,8,9,10,11,12,13,14,15,16,17,18,19,20,21,22,23,24,25,26,27,28,29,30,31,32,33,34,35,36,37,38,39,40,41,42,43,44,45,46,47,48,49,50,51,52,53,54
Aruba,6532,13471,0,0,0.0+/-0,0.0+/-0,0.0+/-0,0.0+/-0,0.0+/-0,0.0+/-0,0.0+/-0,0.0+/-0,0.0+/-0,0.0+/-0,0.0+/-0,0.0+/-0,0.0+/-0,0.0+/-0,0.0+/-0,0.0+/-0,0.0+/-0,0.0+/-0,0.0+/-0,0.0+/-0,0.0+/-0,0.0+/-0,0.0+/-0,0.0+/-0,0.0+/-0,0.0+/-0,0.0+/-0,0.0+/-0,0.0+/-0,0.0+/-0,0.0+/-0,0.0+/-0,0.0+/-0,0.0+/-0,0.0+/-0,0.0+/-0,0.0+/-0,0.0+/-0,0.0+/-0,0.0+/-0,0.0+/-0,0.0+/-0,0.0+/-0,0.0+/-0,0.0+/-0,0.0+/-0,0.0+/-0,0.0+/-0,0.0+/-0,0.0+/-0,0.0+/-0
Afghanistan,1144113,2195849,0,0,0.0+/-0,0.0+/-0,0.0+/-0,0.0+/-0,0.0+/-0,0.0+/-0,0.0+/-0,0.0+/-0,0.0+/-0,0.0+/-0,0.0+/-0,0.0+/-0,0.0+/-0,0.0+/-0,0.0+/-0,0.0+/-0,0.0+/-0,0.0+/-0,0.0+/-0,0.0+/-0,0.0+/-0,0.0+/-0,0.0+/-0,0.0+/-0,0.0+/-0,0.0+/-0,0.0+/-0,0.0+/-0,0.0+/-0,0.0+/-0,0.0+/-0,0.0+/-0,0.0+/-0,0.0+/-0,0.0+/-0,0.0+/-0,0.0+/-0,0.0+/-0,0.0+/-0,0.0+/-0,0.0+/-0,0.0+/-0,0.0+/-0,0.0+/-0,0.0+/-0,0.0+/-0,0.0+/-0,0.0+/-0,0.0+/-0,0.0+/-0,0.0+/-0
Angola,1373809,4093044,0,0,0.0+/-0,0.0+/-0,0.0+/-0,0.0+/-0,0.0+/-0,0.0+/-0,0.0+/-0,0.0+/-0,0.0+/-0,0.0+/-0,0.0+/-0,0.0+/-0,0.0+/-0,0.0+/-0,0.0+/-0,0.0+/-0,0.0+/-0,0.0+/-0,0.0+/-0,0.0+/-0,0.0+/-0,0.0+/-0,0.0+/-0,0.0+/-0,0.0+/-0,0.0+/-0,0.0+/-0,0.0+/-0,0.0+/-0,0.0+/-0,0.0+/-0,0.0+/-0,0.0+/-0,0.0+/-0,0.0+/-0,0.0+/-0,0.0+/-0,0.0+/-0,0.0+/-0,0.0+/-0,0.0+/-0,0.0+/-0,0.0+/-0,0.0+/-0,0.0+/-0,0.0+/-0,0.0+/-0,0.0+/-0,0.0+/-0,0.0+/-0,0.0+/-0
Albania,238894,426644,0,0,0.0+/-0,0.0+/-0,0.0+/-0,0.0+/-0,0.0+/-0,0.0+/-0,0.0+/-0,0.0+/-0,0.0+/-0,0.0+/-0,0.0+/-0,0.0+/-0,0.0+/-0,0.0+/-0,0.0+/-0,0.0+/-0,0.0+/-0,0.0+/-0,0.0+/-0,0.0+/-0,0.0+/-0,0.0+/-0,0.0+/-0,0.0+/-0,0.0+/-0,0.0+/-0,0.0+/-0,0.0+/-0,0.0+/-0,0.0+/-0,0.0+/-0,0.0+/-0,0.0+/-0,0.0+/-0,0.0+/-0,0.0+/-0,0.0+/-0,0.0+/-0,0.0+/-0,0.0+/-0,0.0+/-0,0.0+/-0,0.0+/-0,0.0+/-0,0.0+/-0,0.0+/-0,0.0+/-0,0.0+/-0,0.0+/-0,0.0+/-0,0.0+/-0
Andorra,3860,10656,0,0,0.0+/-0,0.0+/-0,0.0+/-0,0.0+/-0,0.0+/-0,0.0+/-0,0.0+/-0,0.0+/-0,0.0+/-0,0.0+/-0,0.0+/-0,0.0+/-0,0.0+/-0,0.0+/-0,0.0+/-0,0.0+/-0,0.0+/-0,0.0+/-0,0.0+/-0,0.0+/-0,0.0+/-0,0.0+/-0,0.0+/-0,0.0+/-0,0.0+/-0,0.0+/-0,0.0+/-0,0.0+/-0,0.0+/-0,0.0+/-0,0.0+/-0,0.0+/-0,0.0+/-0,0.0+/-0,0.0+/-0,0.0+/-0,0.0+/-0,0.0+/-0,0.0+/-0,0.0+/-0,0.0+/-0,0.0+/-0,0.0+/-0,0.0+/-0,0.0+/-0,0.0+/-0,0.0+/-0,0.0+/-0,0.0+/-0,0.0+/-0,0.0+/-0
United Arab Emirates,665518,1634463,0,0,0.0+/-0,0.0+/-0,0.0+/-0,0.0+/-0,0.0+/-0,0.0+/-0,0.0+/-0,0.0+/-0,0.0+/-0,0.0+/-0,0.0+/-0,0.0+/-0,0.0+/-0,0.0+/-0,0.0+/-0,0.0+/-0,0.0+/-0,0.0+/-0,0.0+/-0,0.0+/-0,0.0+/-0,0.0+/-0,0.0+/-0,0.0+/-0,0.0+/-0,0.0+/-0,0.0+/-0,0.0+/-0,0.0+/-0,0.0+/-0,0.0+/-0,0.0+/-0,0.0+/-0,0.0+/-0,0.0+/-0,0.0+/-0,0.0+/-0,0.0+/-0,0.0+/-0,0.0+/-0,0.0+/-0,0.0+/-0,0.0+/-0,0.0+/-0,0.0+/-0,0.0+/-0,0.0+/-0,0.0+/-0,0.0+/-0,0.0+/-0,0.0+/-0
Argentina,2075967,6370126,0,0,0.0+/-0,0.0+/-0,0.0+/-0,0.0+/-0,0.0+/-0,0.0+/-0,0.0+/-0,0.0+/-0,0.0+/-0,0.0+/-0,0.0+/-0,0.0+/-0,0.0+/-0,0.0+/-0,0.0+/-0,0.0+/-0,0.0+/-0,0.0+/-0,0.0+/-0,0.0+/-0,0.0+/-0,0.0+/-0,0.0+/-0,0.0+/-0,0.0+/-0,0.0+/-0,0.0+/-0,0.0+/-0,0.0+/-0,0.0+/-0,0.0+/-0,0.0+/-0,0.0+/-0,0.0+/-0,0.0+/-0,0.0+/-0,0.0+/-0,0.0+/-0,0.0+/-0,0.0+/-0,0.0+/-0,0.0+/-0,0.0+/-0,0.0+/-0,0.0+/-0,0.0+/-0,0.0+/-0,0.0+/-0,0.0+/-0,0.0+/-0,0.0+/-0
Armenia,230563,404608,0,0,0.0+/-0,0.0+/-0,0.0+/-0,0.0+/-0,0.0+/-0,0.0+/-0,0.0+/-0,0.0+/-0,0.0+/-0,0.0+/-0,0.0+/-0,0.0+/-0,0.0+/-0,0.0+/-0,0.0+/-0,0.0+/-0,0.0+/-0,0.0+/-0,0.0+/-0,0.0+/-0,0.0+/-0,0.0+/-0,0.0+/-0,0.0+/-0,0.0+/-0,0.0+/-0,0.0+/-0,0.0+/-0,0.0+/-0,0.0+/-0,0.0+/-0,0.0+/-0,0.0+/-0,0.0+/-0,0.0+/-0,0.0+/-0,0.0+/-0,0.0+/-0,0.0+/-0,0.0+/-0,0.0+/-0,0.0+/-0,0.0+/-0,0.0+/-0,0.0+/-0,0.0+/-0,0.0+/-0,0.0+/-0,0.0+/-0,0.0+/-0,0.0+/-0
American Samoa,6603,12921,0,0,0.0+/-0,0.0+/-0,0.0+/-0,0.0+/-0,0.0+/-0,0.0+/-0,0.0+/-0,0.0+/-0,0.0+/-0,0.0+/-0,0.0+/-0,0.0+/-0,0.0+/-0,0.0+/-0,0.0+/-0,0.0+/-0,0.0+/-0,0.0+/-0,0.0+/-0,0.0+/-0,0.0+/-0,0.0+/-0,0.0+/-0,0.0+/-0,0.0+/-0,0.0+/-0,0.0+/-0,0.0+/-0,0.0+/-0,0.0+/-0,0.0+/-0,0.0+/-0,0.0+/-0,0.0+/-0,0.0+/-0,0.0+/-0,0.0+/-0,0.0+/-0,0.0+/-0,0.0+/-0,0.0+/-0,0.0+/-0,0.0+/-0,0.0+/-0,0.0+/-0,0.0+/-0,0.0+/-0,0.0+/-0,0.0+/-0,0.0+/-0,0.0+/-0
Antigua and Barbuda,12652,17195,0,0,0.0+/-0,0.0+/-0,0.0+/-0,0.0+/-0,0.0+/-0,0.0+/-0,0.0+/-0,0.0+/-0,0.0+/-0,0.0+/-0,0.0+/-0,0.0+/-0,0.0+/-0,0.0+/-0,0.0+/-0,0.0+/-0,0.0+/-0,0.0+/-0,0.0+/-0,0.0+/-0,0.0+/-0,0.0+/-0,0.0+/-0,0.0+/-0,0.0+/-0,0.0+/-0,0.0+/-0,0.0+/-0,0.0+/-0,0.0+/-0,0.0+/-0,0.0+/-0,0.0+/-0,0.0+/-0,0.0+/-0,0.0+/-0,0.0+/-0,0.0+/-0,0.0+/-0,0.0+/-0,0.0+/-0,0.0+/-0,0.0+/-0,0.0+/-0,0.0+/-0,0.0+/-0,0.0+/-0,0.0+/-0,0.0+/-0,0.0+/-0,0.0+/-0
Australia,1207629,2740542,0,0,0.0+/-0,0.0+/-0,0.0+/-0,0.0+/-0,0.0+/-0,0.0+/-0,0.0+/-0,0.0+/-0,0.0+/-0,0.0+/-0,0.0+/-0,0.0+/-0,0.0+/-0,0.0+/-0,0.0+/-0,0.0+/-0,0.0+/-0,0.0+/-0,0.0+/-0,0.0+/-0,0.0+/-0,0.0+/-0,0.0+/-0,0.0+/-0,0.0+/-0,0.0+/-0,0.0+/-0,0.0+/-0,0.0+/-0,0.0+/-0,0.0+/-0,0.0+/-0,0.0+/-0,0.0+/-0,0.0+/-0,0.0+/-0,0.0+/-0,0.0+/-0,0.0+/-0,0.0+/-0,0.0+/-0,0.0+/-0,0.0+/-0,0.0+/-0,0.0+/-0,0.0+/-0,0.0+/-0,0.0+/-0,0.0+/-0,0.0+/-0,0.0+/-0
Austria,542136,1225004,0,0,0.0+/-0,0.0+/-0,0.0+/-0,0.0+/-0,0.0+/-0,0.0+/-0,0.0+/-0,0.0+/-0,0.0+/-0,0.0+/-0,0.0+/-0,0.0+/-0,0.0+/-0,0.0+/-0,0.0+/-0,0.0+/-0,0.0+/-0,0.0+/-0,0.0+/-0,0.0+/-0,0.0+/-0,0.0+/-0,0.0+/-0,0.0+/-0,0.0+/-0,0.0+/-0,0.0+/-0,0.0+/-0,0.0+/-0,0.0+/-0,0.0+/-0,0.0+/-0,0.0+/-0,0.0+/-0,0.0+/-0,0.0+/-0,0.0+/-0,0.0+/-0,0.0+/-0,0.0+/-0,0.0+/-0,0.0+/-0,0.0+/-0,0.0+/-0,0.0+/-0,0.0+/-0,0.0+/-0,0.0+/-0,0.0+/-0,0.0+/-0,0.0+/-0
Azerbaijan,657654,1126921,0,0,0.0+/-0,0.0+/-0,0.0+/-0,0.0+/-0,0.0+/-0,0.0+/-0,0.0+/-0,0.0+/-0,0.0+/-0,0.0+/-0,0.0+/-0,0.0+/-0,0.0+/-0,0.0+/-0,0.0+/-0,0.0+/-0,0.0+/-0,0.0+/-0,0.0+/-0,0.0+/-0,0.0+/-0,0.0+/-0,0.0+/-0,0.0+/-0,0.0+/-0,0.0+/-0,0.0+/-0,0.0+/-0,0.0+/-0,0.0+/-0,0.0+/-0,0.0+/-0,0.0+/-0,0.0+/-0,0.0+/-0,0.0+/-0,0.0+/-0,0.0+/-0,0.0+/-0,0.0+/-0,0.0+/-0,0.0+/-0,0.0+/-0,0.0+/-0,0.0+/-0,0.0+/-0,0.0+/-0,0.0+/-0,0.0+/-0,0.0+/-0,0.0+/-0
Burundi,218725,465453,0,0,0.0+/-0,0.0+/-0,0.0+/-0,0.0+/-0,0.0+/-0,0.0+/-0,0.0+/-0,0.0+/-0,0.0+/-0,0.0+/-0,0.0+/-0,0.0+/-0,0.0+/-0,0.0+/-0,0.0+/-0,0.0+/-0,0.0+/-0,0.0+/-0,0.0+/-0,0.0+/-0,0.0+/-0,0.0+/-0,0.0+/-0,0.0+/-0,0.0+/-0,0.0+/-0,0.0+/-0,0.0+/-0,0.0+/-0,0.0+/-0,0.0+/-0,0.0+/-0,0.0+/-0,0.0+/-0,0.0+/-0,0.0+/-0,0.0+/-0,0.0+/-0,0.0+/-0,0.0+/-0,0.0+/-0,0.0+/-0,0.0+/-0,0.0+/-0,0.0+/-0,0.0+/-0,0.0+/-0,0.0+/-0,0.0+/-0,0.0+/-0,0.0+/-0
Belgium,505511,1170260,0,0,0.0+/-0,0.0+/-0,0.0+/-0,0.0+/-0,0.0+/-0,0.0+/-0,0.0+/-0,0.0+/-0,0.0+/-0,0.0+/-0,0.0+/-0,0.0+/-0,0.0+/-0,0.0+/-0,0.0+/-0,0.0+/-0,0.0+/-0,0.0+/-0,0.0+/-0,0.0+/-0,0.0+/-0,0.0+/-0,0.0+/-0,0.0+/-0,0.0+/-0,0.0+/-0,0.0+/-0,0.0+/-0,0.0+/-0,0.0+/-0,0.0+/-0,0.0+/-0,0.0+/-0,0.0+/-0,0.0+/-0,0.0+/-0,0.0+/-0,0.0+/-0,0.0+/-0,0.0+/-0,0.0+/-0,0.0+/-0,0.0+/-0,0.0+/-0,0.0+/-0,0.0+/-0,0.0+/-0,0.0+/-0,0.0+/-0,0.0+/-0,0.0+/-0
Benin,1251311,2602220,0,0,0.0+/-0,0.0+/-0,0.0+/-0,0.0+/-0,0.0+/-0,0.0+/-0,0.0+/-0,0.0+/-0,0.0+/-0,0.0+/-0,0.0+/-0,0.0+/-0,0.0+/-0,0.0+/-0,0.0+/-0,0.0+/-0,0.0+/-0,0.0+/-0,0.0+/-0,0.0+/-0,0.0+/-0,0.0+/-0,0.0+/-0,0.0+/-0,0.0+/-0,0.0+/-0,0.0+/-0,0.0+/-0,0.0+/-0,0.0+/-0,0.0+/-0,0.0+/-0,0.0+/-0,0.0+/-0,0.0+/-0,0.0+/-0,0.0+/-0,0.0+/-0,0.0+/-0,0.0+/-0,0.0+/-0,0.0+/-0,0.0+/-0,0.0+/-0,0.0+/-0,0.0+/-0,0.0+/-0,0.0+/-0,0.0+/-0,0.0+/-0,0.0+/-0
Burkina Faso,331481,1171465,0,0,0.0+/-0,0.0+/-0,0.0+/-0,0.0+/-0,0.0+/-0,0.0+/-0,0.0+/-0,0.0+/-0,0.0+/-0,0.0+/-0,0.0+/-0,0.0+/-0,0.0+/-0,0.0+/-0,0.0+/-0,0.0+/-0,0.0+/-0,0.0+/-0,0.0+/-0,0.0+/-0,0.0+/-0,0.0+/-0,0.0+/-0,0.0+/-0,0.0+/-0,0.0+/-0,0.0+/-0,0.0+/-0,0.0+/-0,0.0+/-0,0.0+/-0,0.0+/-0,0.0+/-0,0.0+/-0,0.0+/-0,0.0+/-0,0.0+/-0,0.0+/-0,0.0+/-0,0.0+/-0,0.0+/-0,0.0+/-0,0.0+/-0,0.0+/-0,0.0+/-0,0.0+/-0,0.0+/-0,0.0+/-0,0.0+/-0,0.0+/-0,0.0+/-0
Bangladesh,21138573,31172397,0,0,0.0+/-0,0.0+/-0,0.0+/-0,0.0+/-0,0.0+/-0,0.0+/-0,0.0+/-0,0.0+/-0,0.0+/-0,0.0+/-0,0.0+/-0,0.0+/-0,0.0+/-0,0.0+/-0,0.0+/-0,0.0+/-0,0.0+/-0,0.0+/-0,0.0+/-0,0.0+/-0,0.0+/-0,0.0+/-0,0.0+/-0,0.0+/-0,0.0+/-0,0.0+/-0,0.0+/-0,0.0+/-0,0.0+/-0,0.0+/-0,0.0+/-0,0.0+/-0,0.0+/-0,0.0+/-0,0.0+/-0,0.0+/-0,0.0+/-0,0.0+/-0,0.0+/-0,0.0+/-0,0.0+/-0,0.0+/-0,0.0+/-0,0.0+/-0,0.0+/-0,0.0+/-0,0.0+/-0,0.0+/-0,0.0+/-0,0.0+/-0,0.0+/-0
Bulgaria,395686,872086,0,0,0.0+/-0,0.0+/-0,0.0+/-0,0.0+/-0,0.0+/-0,0.0+/-0,0.0+/-0,0.0+/-0,0.0+/-0,0.0+/-0,0.0+/-0,0.0+/-0,0.0+/-0,0.0+/-0,0.0+/-0,0.0+/-0,0.0+/-0,0.0+/-0,0.0+/-0,0.0+/-0,0.0+/-0,0.0+/-0,0.0+/-0,0.0+/-0,0.0+/-0,0.0+/-0,0.0+/-0,0.0+/-0,0.0+/-0,0.0+/-0,0.0+/-0,0.0+/-0,0.0+/-0,0.0+/-0,0.0+/-0,0.0+/-0,0.0+/-0,0.0+/-0,0.0+/-0,0.0+/-0,0.0+/-0,0.0+/-0,0.0+/-0,0.0+/-0,0.0+/-0,0.0+/-0,0.0+/-0,0.0+/-0,0.0+/-0,0.0+/-0,0.0+/-0
Bahrain,85700,210474,0,0,0.0+/-0,0.0+/-0,0.0+/-0,0.0+/-0,0.0+/-0,0.0+/-0,0.0+/-0,0.0+/-0,0.0+/-0,0.0+/-0,0.0+/-0,0.0+/-0,0.0+/-0,0.0+/-0,0.0+/-0,0.0+/-0,0.0+/-0,0.0+/-0,0.0+/-0,0.0+/-0,0.0+/-0,0.0+/-0,0.0+/-0,0.0+/-0,0.0+/-0,0.0+/-0,0.0+/-0,0.0+/-0,0.0+/-0,0.0+/-0,0.0+/-0,0.0+/-0,0.0+/-0,0.0+/-0,0.0+/-0,0.0+/-0,0.0+/-0,0.0+/-0,0.0+/-0,0.0+/-0,0.0+/-0,0.0+/-0,0.0+/-0,0.0+/-0,0.0+/-0,0.0+/-0,0.0+/-0,0.0+/-0,0.0+/-0,0.0+/-0,0.0+/-0
Bahamas,27344,67700,0,0,0.0+/-0,0.0+/-0,0.0+/-0,0.0+/-0,0.0+/-0,0.0+/-0,0.0+/-0,0.0+/-0,0.0+/-0,0.0+/-0,0.0+/-0,0.0+/-0,0.0+/-0,0.0+/-0,0.0+/-0,0.0+/-0,0.0+/-0,0.0+/-0,0.0+/-0,0.0+/-0,0.0+/-0,0.0+/-0,0.0+/-0,0.0+/-0,0.0+/-0,0.0+/-0,0.0+/-0,0.0+/-0,0.0+/-0,0.0+/-0,0.0+/-0,0.0+/-0,0.0+/-0,0.0+/-0,0.0+/-0,0.0+/-0,0.0+/-0,0.0+/-0,0.0+/-0,0.0+/-0,0.0+/-0,0.0+/-0,0.0+/-0,0.0+/-0,0.0+/-0,0.0+/-0,0.0+/-0,0.0+/-0,0.0+/-0,0.0+/-0,0.0+/-0
Bosnia and Herzegovina,175883,365843,0,0,0.0+/-0,0.0+/-0,0.0+/-0,0.0+/-0,0.0+/-0,0.0+/-0,0.0+/-0,0.0+/-0,0.0+/-0,0.0+/-0,0.0+/-0,0.0+/-0,0.0+/-0,0.0+/-0,0.0+/-0,0.0+/-0,0.0+/-0,0.0+/-0,0.0+/-0,0.0+/-0,0.0+/-0,0.0+/-0,0.0+/-0,0.0+/-0,0.0+/-0,0.0+/-0,0.0+/-0,0.0+/-0,0.0+/-0,0.0+/-0,0.0+/-0,0.0+/-0,0.0+/-0,0.0+/-0,0.0+/-0,0.0+/-0,0.0+/-0,0.0+/-0,0.0+/-0,0.0+/-0,0.0+/-0,0.0+/-0,0.0+/-0,0.0+/-0,0.0+/-0,0.0+/-0,0.0+/-0,0.0+/-0,0.0+/-0,0.0+/-0,0.0+/-0
Belarus,730344,1392733,0,0,0.0+/-0,0.0+/-0,0.0+/-0,0.0+/-0,0.0+/-0,0.0+/-0,0.0+/-0,0.0+/-0,0.0+/-0,0.0+/-0,0.0+/-0,0.0+/-0,0.0+/-0,0.0+/-0,0.0+/-0,0.0+/-0,0.0+/-0,0.0+/-0,0.0+/-0,0.0+/-0,0.0+/-0,0.0+/-0,0.0+/-0,0.0+/-0,0.0+/-0,0.0+/-0,0.0+/-0,0.0+/-0,0.0+/-0,0.0+/-0,0.0+/-0,0.0+/-0,0.0+/-0,0.0+/-0,0.0+/-0,0.0+/-0,0.0+/-0,0.0+/-0,0.0+/-0,0.0+/-0,0.0+/-0,0.0+/-0,0.0+/-0,0.0+/-0,0.0+/-0,0.0+/-0,0.0+/-0,0.0+/-0,0.0+/-0,0.0+/-0,0.0+/-0
Belize,30668,67298,0,0,0.0+/-0,0.0+/-0,0.0+/-0,0.0+/-0,0.0+/-0,0.0+/-0,0.0+/-0,0.0+/-0,0.0+/-0,0.0+/-0,0.0+/-0,0.0+/-0,0.0+/-0,0.0+/-0,0.0+/-0,0.0+/-0,0.0+/-0,0.0+/-0,0.0+/-0,0.0+/-0,0.0+/-0,0.0+/-0,0.0+/-0,0.0+/-0,0.0+/-0,0.0+/-0,0.0+/-0,0.0+/-0,0.0+/-0,0.0+/-0,0.0+/-0,0.0+/-0,0.0+/-0,0.0+/-0,0.0+/-0,0.0+/-0,0.0+/-0,0.0+/-0,0.0+/-0,0.0+/-0,0.0+/-0,0.0+/-0,0.0+/-0,0.0+/-0,0.0+/-0,0.0+/-0,0.0+/-0,0.0+/-0,0.0+/-0,0.0+/-0,0.0+/-0
Bermuda,6187,12759,0,0,0.0+/-0,0.0+/-0,0.0+/-0,0.0+/-0,0.0+/-0,0.0+/-0,0.0+/-0,0.0+/-0,0.0+/-0,0.0+/-0,0.0+/-0,0.0+/-0,0.0+/-0,0.0+/-0,0.0+/-0,0.0+/-0,0.0+/-0,0.0+/-0,0.0+/-0,0.0+/-0,0.0+/-0,0.0+/-0,0.0+/-0,0.0+/-0,0.0+/-0,0.0+/-0,0.0+/-0,0.0+/-0,0.0+/-0,0.0+/-0,0.0+/-0,0.0+/-0,0.0+/-0,0.0+/-0,0.0+/-0,0.0+/-0,0.0+/-0,0.0+/-0,0.0+/-0,0.0+/-0,0.0+/-0,0.0+/-0,0.0+/-0,0.0+/-0,0.0+/-0,0.0+/-0,0.0+/-0,0.0+/-0,0.0+/-0,0.0+/-0,0.0+/-0
Bolivia,1312861,2552009,0,0,0.0+/-0,0.0+/-0,0.0+/-0,0.0+/-0,0.0+/-0,0.0+/-0,0.0+/-0,0.0+/-0,0.0+/-0,0.0+/-0,0.0+/-0,0.0+/-0,0.0+/-0,0.0+/-0,0.0+/-0,0.0+/-0,0.0+/-0,0.0+/-0,0.0+/-0,0.0+/-0,0.0+/-0,0.0+/-0,0.0+/-0,0.0+/-0,0.0+/-0,0.0+/-0,0.0+/-0,0.0+/-0,0.0+/-0,0.0+/-0,0.0+/-0,0.0+/-0,0.0+/-0,0.0+/-0,0.0+/-0,0.0+/-0,0.0+/-0,0.0+/-0,0.0+/-0,0.0+/-0,0.0+/-0,0.0+/-0,0.0+/-0,0.0+/-0,0.0+/-0,0.0+/-0,0.0+/-0,0.0+/-0,0.0+/-0,0.0+/-0,0.0+/-0
Brazil,11991330,29541701,0,0,0.0+/-0,0.0+/-0,0.0+/-0,0.0+/-0,0.0+/-0,0.0+/-0,0.0+/-0,0.0+/-0,0.0+/-0,0.0+/-0,0.0+/-0,0.0+/-0,0.0+/-0,0.0+/-0,0.0+/-0,0.0+/-0,0.0+/-0,0.0+/-0,0.0+/-0,0.0+/-0,0.0+/-0,0.0+/-0,0.0+/-0,0.0+/-0,0.0+/-0,0.0+/-0,0.0+/-0,0.0+/-0,0.0+/-0,0.0+/-0,0.0+/-0,0.0+/-0,0.0+/-0,0.0+/-0,0.0+/-0,0.0+/-0,0.0+/-0,0.0+/-0,0.0+/-0,0.0+/-0,0.0+/-0,0.0+/-0,0.0+/-0,0.0+/-0,0.0+/-0,0.0+/-0,0.0+/-0,0.0+/-0,0.0+/-0,0.0+/-0,0.0+/-0
Barbados,13746,34031,0,0,0.0+/-0,0.0+/-0,0.0+/-0,0.0+/-0,0.0+/-0,0.0+/-0,0.0+/-0,0.0+/-0,0.0+/-0,0.0+/-0,0.0+/-0,0.0+/-0,0.0+/-0,0.0+/-0,0.0+/-0,0.0+/-0,0.0+/-0,0.0+/-0,0.0+/-0,0.0+/-0,0.0+/-0,0.0+/-0,0.0+/-0,0.0+/-0,0.0+/-0,0.0+/-0,0.0+/-0,0.0+/-0,0.0+/-0,0.0+/-0,0.0+/-0,0.0+/-0,0.0+/-0,0.0+/-0,0.0+/-0,0.0+/-0,0.0+/-0,0.0+/-0,0.0+/-0,0.0+/-0,0.0+/-0,0.0+/-0,0.0+/-0,0.0+/-0,0.0+/-0,0.0+/-0,0.0+/-0,0.0+/-0,0.0+/-0,0.0+/-0,0.0+/-0
Brunei Darussalam,22034,55013,0,0,0.0+/-0,0.0+/-0,0.0+/-0,0.0+/-0,0.0+/-0,0.0+/-0,0.0+/-0,0.0+/-0,0.0+/-0,0.0+/-0,0.0+/-0,0.0+/-0,0.0+/-0,0.0+/-0,0.0+/-0,0.0+/-0,0.0+/-0,0.0+/-0,0.0+/-0,0.0+/-0,0.0+/-0,0.0+/-0,0.0+/-0,0.0+/-0,0.0+/-0,0.0+/-0,0.0+/-0,0.0+/-0,0.0+/-0,0.0+/-0,0.0+/-0,0.0+/-0,0.0+/-0,0.0+/-0,0.0+/-0,0.0+/-0,0.0+/-0,0.0+/-0,0.0+/-0,0.0+/-0,0.0+/-0,0.0+/-0,0.0+/-0,0.0+/-0,0.0+/-0,0.0+/-0,0.0+/-0,0.0+/-0,0.0+/-0,0.0+/-0,0.0+/-0
Bhutan,102904,130211,0,0,0.0+/-0,0.0+/-0,0.0+/-0,0.0+/-0,0.0+/-0,0.0+/-0,0.0+/-0,0.0+/-0,0.0+/-0,0.0+/-0,0.0+/-0,0.0+/-0,0.0+/-0,0.0+/-0,0.0+/-0,0.0+/-0,0.0+/-0,0.0+/-0,0.0+/-0,0.0+/-0,0.0+/-0,0.0+/-0,0.0+/-0,0.0+/-0,0.0+/-0,0.0+/-0,0.0+/-0,0.0+/-0,0.0+/-0,0.0+/-0,0.0+/-0,0.0+/-0,0.0+/-0,0.0+/-0,0.0+/-0,0.0+/-0,0.0+/-0,0.0+/-0,0.0+/-0,0.0+/-0,0.0+/-0,0.0+/-0,0.0+/-0,0.0+/-0,0.0+/-0,0.0+/-0,0.0+/-0,0.0+/-0,0.0+/-0,0.0+/-0,0.0+/-0
Botswana,141654,317992,0,0,0.0+/-0,0.0+/-0,0.0+/-0,0.0+/-0,0.0+/-0,0.0+/-0,0.0+/-0,0.0+/-0,0.0+/-0,0.0+/-0,0.0+/-0,0.0+/-0,0.0+/-0,0.0+/-0,0.0+/-0,0.0+/-0,0.0+/-0,0.0+/-0,0.0+/-0,0.0+/-0,0.0+/-0,0.0+/-0,0.0+/-0,0.0+/-0,0.0+/-0,0.0+/-0,0.0+/-0,0.0+/-0,0.0+/-0,0.0+/-0,0.0+/-0,0.0+/-0,0.0+/-0,0.0+/-0,0.0+/-0,0.0+/-0,0.0+/-0,0.0+/-0,0.0+/-0,0.0+/-0,0.0+/-0,0.0+/-0,0.0+/-0,0.0+/-0,0.0+/-0,0.0+/-0,0.0+/-0,0.0+/-0,0.0+/-0,0.0+/-0,0.0+/-0
Central African Republic,260884,698692,0,0,0.0+/-0,0.0+/-0,0.0+/-0,0.0+/-0,0.0+/-0,0.0+/-0,0.0+/-0,0.0+/-0,0.0+/-0,0.0+/-0,0.0+/-0,0.0+/-0,0.0+/-0,0.0+/-0,0.0+/-0,0.0+/-0,0.0+/-0,0.0+/-0,0.0+/-0,0.0+/-0,0.0+/-0,0.0+/-0,0.0+/-0,0.0+/-0,0.0+/-0,0.0+/-0,0.0+/-0,0.0+/-0,0.0+/-0,0.0+/-0,0.0+/-0,0.0+/-0,0.0+/-0,0.0+/-0,0.0+/-0,0.0+/-0,0.0+/-0,0.0+/-0,0.0+/-0,0.0+/-0,0.0+/-0,0.0+/-0,0.0+/-0,0.0+/-0,0.0+/-0,0.0+/-0,0.0+/-0,0.0+/-0,0.0+/-0,0.0+/-0,0.0+/-0
Canada,2269812,5064154,0,0,0.0+/-0,0.0+/-0,0.0+/-0,0.0+/-0,0.0+/-0,0.0+/-0,0.0+/-0,0.0+/-0,0.0+/-0,0.0+/-0,0.0+/-0,0.0+/-0,0.0+/-0,0.0+/-0,0.0+/-0,0.0+/-0,0.0+/-0,0.0+/-0,0.0+/-0,0.0+/-0,0.0+/-0,0.0+/-0,0.0+/-0,0.0+/-0,0.0+/-0,0.0+/-0,0.0+/-0,0.0+/-0,0.0+/-0,0.0+/-0,0.0+/-0,0.0+/-0,0.0+/-0,0.0+/-0,0.0+/-0,0.0+/-0,0.0+/-0,0.0+/-0,0.0+/-0,0.0+/-0,0.0+/-0,0.0+/-0,0.0+/-0,0.0+/-0,0.0+/-0,0.0+/-0,0.0+/-0,0.0+/-0,0.0+/-0,0.0+/-0,0.0+/-0
Switzerland,558113,1175200,0,0,0.0+/-0,0.0+/-0,0.0+/-0,0.0+/-0,0.0+/-0,0.0+/-0,0.0+/-0,0.0+/-0,0.0+/-0,0.0+/-0,0.0+/-0,0.0+/-0,0.0+/-0,0.0+/-0,0.0+/-0,0.0+/-0,0.0+/-0,0.0+/-0,0.0+/-0,0.0+/-0,0.0+/-0,0.0+/-0,0.0+/-0,0.0+/-0,0.0+/-0,0.0+/-0,0.0+/-0,0.0+/-0,0.0+/-0,0.0+/-0,0.0+/-0,0.0+/-0,0.0+/-0,0.0+/-0,0.0+/-0,0.0+/-0,0.0+/-0,0.0+/-0,0.0+/-0,0.0+/-0,0.0+/-0,0.0+/-0,0.0+/-0,0.0+/-0,0.0+/-0,0.0+/-0,0.0+/-0,0.0+/-0,0.0+/-0,0.0+/-0,0.0+/-0
Chile,1257969,2998361,0,0,0.0+/-0,0.0+/-0,0.0+/-0,0.0+/-0,0.0+/-0,0.0+/-0,0.0+/-0,0.0+/-0,0.0+/-0,0.0+/-0,0.0+/-0,0.0+/-0,0.0+/-0,0.0+/-0,0.0+/-0,0.0+/-0,0.0+/-0,0.0+/-0,0.0+/-0,0.0+/-0,0.0+/-0,0.0+/-0,0.0+/-0,0.0+/-0,0.0+/-0,0.0+/-0,0.0+/-0,0.0+/-0,0.0+/-0,0.0+/-0,0.0+/-0,0.0+/-0,0.0+/-0,0.0+/-0,0.0+/-0,0.0+/-0,0.0+/-0,0.0+/-0,0.0+/-0,0.0+/-0,0.0+/-0,0.0+/-0,0.0+/-0,0.0+/-0,0.0+/-0,0.0+/-0,0.0+/-0,0.0+/-0,0.0+/-0,0.0+/-0,0.0+/-0
China,133887174,244263979,0,0,(3.5+/-0.6)e+08,(3.5+/-0.6)e+08,(3.5+/-0.6)e+08,(3.5+/-0.6)e+08,(3.5+/-0.6)e+08,(3.5+/-0.6)e+08,(3.5+/-0.6)e+08,(3.5+/-0.6)e+08,(3.5+/-0.6)e+08,(3.5+/-0.6)e+08,(3.5+/-0.6)e+08,(3.5+/-0.6)e+08,(3.5+/-0.6)e+08,(3.5+/-0.6)e+08,(3.5+/-0.6)e+08,(3.5+/-0.6)e+08,(3.5+/-0.6)e+08,(3.5+/-0.6)e+08,(3.5+/-0.6)e+08,(3.5+/-0.6)e+08,(3.5+/-0.6)e+08,(3.5+/-0.6)e+08,(3.5+/-0.6)e+08,(3.5+/-0.6)e+08,(3.5+/-0.6)e+08,(3.5+/-0.6)e+08,(3.5+/-0.6)e+08,(3.5+/-0.6)e+08,(3.5+/-0.6)e+08,(3.5+/-0.6)e+08,(3.5+/-0.6)e+08,(3.5+/-0.6)e+08,(3.5+/-0.6)e+08,(3.5+/-0.6)e+08,(3.5+/-0.6)e+08,(3.5+/-0.6)e+08,(3.5+/-0.6)e+08,(3.5+/-0.6)e+08,(3.5+/-0.6)e+08,(3.5+/-0.6)e+08,(3.5+/-0.6)e+08,(3.5+/-0.6)e+08,(3.5+/-0.6)e+08,(3.5+/-0.6)e+08,(3.5+/-0.6)e+08,(3.5+/-0.6)e+08,(3.5+/-0.6)e+08,(3.5+/-0.6)e+08,(3.5+/-0.6)e+08,(3.5+/-0.6)e+08,(3.5+/-0.6)e+08
Côte d'Ivoire,3387188,6066034,0,0,0.0+/-0,0.0+/-0,0.0+/-0,0.0+/-0,0.0+/-0,0.0+/-0,0.0+/-0,0.0+/-0,0.0+/-0,0.0+/-0,0.0+/-0,0.0+/-0,0.0+/-0,0.0+/-0,0.0+/-0,0.0+/-0,0.0+/-0,0.0+/-0,0.0+/-0,0.0+/-0,0.0+/-0,0.0+/-0,0.0+/-0,0.0+/-0,0.0+/-0,0.0+/-0,0.0+/-0,0.0+/-0,0.0+/-0,0.0+/-0,0.0+/-0,0.0+/-0,0.0+/-0,0.0+/-0,0.0+/-0,0.0+/-0,0.0+/-0,0.0+/-0,0.0+/-0,0.0+/-0,0.0+/-0,0.0+/-0,0.0+/-0,0.0+/-0,0.0+/-0,0.0+/-0,0.0+/-0,0.0+/-0,0.0+/-0,0.0+/-0,0.0+/-0
Cameroon,969909,2256855,0,0,0.0+/-0,0.0+/-0,0.0+/-0,0.0+/-0,0.0+/-0,0.0+/-0,0.0+/-0,0.0+/-0,0.0+/-0,0.0+/-0,0.0+/-0,0.0+/-0,0.0+/-0,0.0+/-0,0.0+/-0,0.0+/-0,0.0+/-0,0.0+/-0,0.0+/-0,0.0+/-0,0.0+/-0,0.0+/-0,0.0+/-0,0.0+/-0,0.0+/-0,0.0+/-0,0.0+/-0,0.0+/-0,0.0+/-0,0.0+/-0,0.0+/-0,0.0+/-0,0.0+/-0,0.0+/-0,0.0+/-0,0.0+/-0,0.0+/-0,0.0+/-0,0.0+/-0,0.0+/-0,0.0+/-0,0.0+/-0,0.0+/-0,0.0+/-0,0.0+/-0,0.0+/-0,0.0+/-0,0.0+/-0,0.0+/-0,0.0+/-0,0.0+/-0
DR Congo,8684991,11307659,0,0,0.0+/-0,0.0+/-0,0.0+/-0,0.0+/-0,0.0+/-0,0.0+/-0,0.0+/-0,0.0+/-0,0.0+/-0,0.0+/-0,0.0+/-0,0.0+/-0,0.0+/-0,0.0+/-0,0.0+/-0,0.0+/-0,0.0+/-0,0.0+/-0,0.0+/-0,0.0+/-0,0.0+/-0,0.0+/-0,0.0+/-0,0.0+/-0,0.0+/-0,0.0+/-0,0.0+/-0,0.0+/-0,0.0+/-0,0.0+/-0,0.0+/-0,0.0+/-0,0.0+/-0,0.0+/-0,0.0+/-0,0.0+/-0,0.0+/-0,0.0+/-0,0.0+/-0,0.0+/-0,0.0+/-0,0.0+/-0,0.0+/-0,0.0+/-0,0.0+/-0,0.0+/-0,0.0+/-0,0.0+/-0,0.0+/-0,0.0+/-0,0.0+/-0
Congo Republic,223690,520499,0,0,0.0+/-0,0.0+/-0,0.0+/-0,0.0+/-0,0.0+/-0,0.0+/-0,0.0+/-0,0.0+/-0,0.0+/-0,0.0+/-0,0.0+/-0,0.0+/-0,0.0+/-0,0.0+/-0,0.0+/-0,0.0+/-0,0.0+/-0,0.0+/-0,0.0+/-0,0.0+/-0,0.0+/-0,0.0+/-0,0.0+/-0,0.0+/-0,0.0+/-0,0.0+/-0,0.0+/-0,0.0+/-0,0.0+/-0,0.0+/-0,0.0+/-0,0.0+/-0,0.0+/-0,0.0+/-0,0.0+/-0,0.0+/-0,0.0+/-0,0.0+/-0,0.0+/-0,0.0+/-0,0.0+/-0,0.0+/-0,0.0+/-0,0.0+/-0,0.0+/-0,0.0+/-0,0.0+/-0,0.0+/-0,0.0+/-0,0.0+/-0,0.0+/-0
Colombia,3690835,8399487,0,0,0.0+/-0,0.0+/-0,0.0+/-0,0.0+/-0,0.0+/-0,0.0+/-0,0.0+/-0,0.0+/-0,0.0+/-0,0.0+/-0,0.0+/-0,0.0+/-0,0.0+/-0,0.0+/-0,0.0+/-0,0.0+/-0,0.0+/-0,0.0+/-0,0.0+/-0,0.0+/-0,0.0+/-0,0.0+/-0,0.0+/-0,0.0+/-0,0.0+/-0,0.0+/-0,0.0+/-0,0.0+/-0,0.0+/-0,0.0+/-0,0.0+/-0,0.0+/-0,0.0+/-0,0.0+/-0,0.0+/-0,0.0+/-0,0.0+/-0,0.0+/-0,0.0+/-0,0.0+/-0,0.0+/-0,0.0+/-0,0.0+/-0,0.0+/-0,0.0+/-0,0.0+/-0,0.0+/-0,0.0+/-0,0.0+/-0,0.0+/-0,0.0+/-0
Comoros,48654,87347,0,0,0.0+/-0,0.0+/-0,0.0+/-0,0.0+/-0,0.0+/-0,0.0+/-0,0.0+/-0,0.0+/-0,0.0+/-0,0.0+/-0,0.0+/-0,0.0+/-0,0.0+/-0,0.0+/-0,0.0+/-0,0.0+/-0,0.0+/-0,0.0+/-0,0.0+/-0,0.0+/-0,0.0+/-0,0.0+/-0,0.0+/-0,0.0+/-0,0.0+/-0,0.0+/-0,0.0+/-0,0.0+/-0,0.0+/-0,0.0+/-0,0.0+/-0,0.0+/-0,0.0+/-0,0.0+/-0,0.0+/-0,0.0+/-0,0.0+/-0,0.0+/-0,0.0+/-0,0.0+/-0,0.0+/-0,0.0+/-0,0.0+/-0,0.0+/-0,0.0+/-0,0.0+/-0,0.0+/-0,0.0+/-0,0.0+/-0,0.0+/-0,0.0+/-0
Cabo Verde,31944,70636,0,0,0.0+/-0,0.0+/-0,0.0+/-0,0.0+/-0,0.0+/-0,0.0+/-0,0.0+/-0,0.0+/-0,0.0+/-0,0.0+/-0,0.0+/-0,0.0+/-0,0.0+/-0,0.0+/-0,0.0+/-0,0.0+/-0,0.0+/-0,0.0+/-0,0.0+/-0,0.0+/-0,0.0+/-0,0.0+/-0,0.0+/-0,0.0+/-0,0.0+/-0,0.0+/-0,0.0+/-0,0.0+/-0,0.0+/-0,0.0+/-0,0.0+/-0,0.0+/-0,0.0+/-0,0.0+/-0,0.0+/-0,0.0+/-0,0.0+/-0,0.0+/-0,0.0+/-0,0.0+/-0,0.0+/-0,0.0+/-0,0.0+/-0,0.0+/-0,0.0+/-0,0.0+/-0,0.0+/-0,0.0+/-0,0.0+/-0,0.0+/-0,0.0+/-0
Costa Rica,302017,701394,0,0,0.0+/-0,0.0+/-0,0.0+/-0,0.0+/-0,0.0+/-0,0.0+/-0,0.0+/-0,0.0+/-0,0.0+/-0,0.0+/-0,0.0+/-0,0.0+/-0,0.0+/-0,0.0+/-0,0.0+/-0,0.0+/-0,0.0+/-0,0.0+/-0,0.0+/-0,0.0+/-0,0.0+/-0,0.0+/-0,0.0+/-0,0.0+/-0,0.0+/-0,0.0+/-0,0.0+/-0,0.0+/-0,0.0+/-0,0.0+/-0,0.0+/-0,0.0+/-0,0.0+/-0,0.0+/-0,0.0+/-0,0.0+/-0,0.0+/-0,0.0+/-0,0.0+/-0,0.0+/-0,0.0+/-0,0.0+/-0,0.0+/-0,0.0+/-0,0.0+/-0,0.0+/-0,0.0+/-0,0.0+/-0,0.0+/-0,0.0+/-0,0.0+/-0
Cuba,510276,1357185,0,0,0.0+/-0,0.0+/-0,0.0+/-0,0.0+/-0,0.0+/-0,0.0+/-0,0.0+/-0,0.0+/-0,0.0+/-0,0.0+/-0,0.0+/-0,0.0+/-0,0.0+/-0,0.0+/-0,0.0+/-0,0.0+/-0,0.0+/-0,0.0+/-0,0.0+/-0,0.0+/-0,0.0+/-0,0.0+/-0,0.0+/-0,0.0+/-0,0.0+/-0,0.0+/-0,0.0+/-0,0.0+/-0,0.0+/-0,0.0+/-0,0.0+/-0,0.0+/-0,0.0+/-0,0.0+/-0,0.0+/-0,0.0+/-0,0.0+/-0,0.0+/-0,0.0+/-0,0.0+/-0,0.0+/-0,0.0+/-0,0.0+/-0,0.0+/-0,0.0+/-0,0.0+/-0,0.0+/-0,0.0+/-0,0.0+/-0,0.0+/-0,0.0+/-0
Curaçao,8424,17373,0,0,0.0+/-0,0.0+/-0,0.0+/-0,0.0+/-0,0.0+/-0,0.0+/-0,0.0+/-0,0.0+/-0,0.0+/-0,0.0+/-0,0.0+/-0,0.0+/-0,0.0+/-0,0.0+/-0,0.0+/-0,0.0+/-0,0.0+/-0,0.0+/-0,0.0+/-0,0.0+/-0,0.0+/-0,0.0+/-0,0.0+/-0,0.0+/-0,0.0+/-0,0.0+/-0,0.0+/-0,0.0+/-0,0.0+/-0,0.0+/-0,0.0+/-0,0.0+/-0,0.0+/-0,0.0+/-0,0.0+/-0,0.0+/-0,0.0+/-0,0.0+/-0,0.0+/-0,0.0+/-0,0.0+/-0,0.0+/-0,0.0+/-0,0.0+/-0,0.0+/-0,0.0+/-0,0.0+/-0,0.0+/-0,0.0+/-0,0.0+/-0,0.0+/-0
Cayman Islands,7117,14678,0,0,0.0+/-0,0.0+/-0,0.0+/-0,0.0+/-0,0.0+/-0,0.0+/-0,0.0+/-0,0.0+/-0,0.0+/-0,0.0+/-0,0.0+/-0,0.0+/-0,0.0+/-0,0.0+/-0,0.0+/-0,0.0+/-0,0.0+/-0,0.0+/-0,0.0+/-0,0.0+/-0,0.0+/-0,0.0+/-0,0.0+/-0,0.0+/-0,0.0+/-0,0.0+/-0,0.0+/-0,0.0+/-0,0.0+/-0,0.0+/-0,0.0+/-0,0.0+/-0,0.0+/-0,0.0+/-0,0.0+/-0,0.0+/-0,0.0+/-0,0.0+/-0,0.0+/-0,0.0+/-0,0.0+/-0,0.0+/-0,0.0+/-0,0.0+/-0,0.0+/-0,0.0+/-0,0.0+/-0,0.0+/-0,0.0+/-0,0.0+/-0,0.0+/-0
Cyprus,59005,162897,0,0,0.0+/-0,0.0+/-0,0.0+/-0,0.0+/-0,0.0+/-0,0.0+/-0,0.0+/-0,0.0+/-0,0.0+/-0,0.0+/-0,0.0+/-0,0.0+/-0,0.0+/-0,0.0+/-0,0.0+/-0,0.0+/-0,0.0+/-0,0.0+/-0,0.0+/-0,0.0+/-0,0.0+/-0,0.0+/-0,0.0+/-0,0.0+/-0,0.0+/-0,0.0+/-0,0.0+/-0,0.0+/-0,0.0+/-0,0.0+/-0,0.0+/-0,0.0+/-0,0.0+/-0,0.0+/-0,0.0+/-0,0.0+/-0,0.0+/-0,0.0+/-0,0.0+/-0,0.0+/-0,0.0+/-0,0.0+/-0,0.0+/-0,0.0+/-0,0.0+/-0,0.0+/-0,0.0+/-0,0.0+/-0,0.0+/-0,0.0+/-0,0.0+/-0
Czechia,648590,1286243,0,0,0.0+/-0,0.0+/-0,0.0+/-0,0.0+/-0,0.0+/-0,0.0+/-0,0.0+/-0,0.0+/-0,0.0+/-0,0.0+/-0,0.0+/-0,0.0+/-0,0.0+/-0,0.0+/-0,0.0+/-0,0.0+/-0,0.0+/-0,0.0+/-0,0.0+/-0,0.0+/-0,0.0+/-0,0.0+/-0,0.0+/-0,0.0+/-0,0.0+/-0,0.0+/-0,0.0+/-0,0.0+/-0,0.0+/-0,0.0+/-0,0.0+/-0,0.0+/-0,0.0+/-0,0.0+/-0,0.0+/-0,0.0+/-0,0.0+/-0,0.0+/-0,0.0+/-0,0.0+/-0,0.0+/-0,0.0+/-0,0.0+/-0,0.0+/-0,0.0+/-0,0.0+/-0,0.0+/-0,0.0+/-0,0.0+/-0,0.0+/-0,0.0+/-0
Germany,4810342,10066287,0,0,(6.3+/-1.1)e+07,(6.3+/-1.1)e+07,(6.3+/-1.1)e+07,(6.3+/-1.1)e+07,(6.3+/-1.1)e+07,(6.3+/-1.1)e+07,(6.3+/-1.1)e+07,(6.3+/-1.1)e+07,(6.3+/-1.1)e+07,(6.3+/-1.1)e+07,(6.3+/-1.1)e+07,(6.3+/-1.1)e+07,(6.3+/-1.1)e+07,(6.3+/-1.1)e+07,(6.3+/-1.1)e+07,(6.3+/-1.1)e+07,(6.3+/-1.1)e+07,(6.3+/-1.1)e+07,(6.3+/-1.1)e+07,(6.3+/-1.1)e+07,(6.3+/-1.1)e+07,(6.3+/-1.1)e+07,(6.3+/-1.1)e+07,(6.3+/-1.1)e+07,(6.3+/-1.1)e+07,(6.3+/-1.1)e+07,(6.3+/-1.1)e+07,(6.3+/-1.1)e+07,(6.3+/-1.1)e+07,(6.3+/-1.1)e+07,(6.3+/-1.1)e+07,(6.3+/-1.1)e+07,(6.3+/-1.1)e+07,(6.3+/-1.1)e+07,(6.3+/-1.1)e+07,(6.3+/-1.1)e+07,(6.3+/-1.1)e+07,(6.3+/-1.1)e+07,(6.3+/-1.1)e+07,(6.3+/-1.1)e+07,(6.3+/-1.1)e+07,(6.3+/-1.1)e+07,(6.3+/-1.1)e+07,(6.3+/-1.1)e+07,(6.3+/-1.1)e+07,(6.3+/-1.1)e+07,(6.3+/-1.1)e+07,(6.3+/-1.1)e+07,(6.3+/-1.1)e+07,(6.3+/-1.1)e+07,(6.3+/-1.1)e+07
Djibouti,31447,69116,0,0,0.0+/-0,0.0+/-0,0.0+/-0,0.0+/-0,0.0+/-0,0.0+/-0,0.0+/-0,0.0+/-0,0.0+/-0,0.0+/-0,0.0+/-0,0.0+/-0,0.0+/-0,0.0+/-0,0.0+/-0,0.0+/-0,0.0+/-0,0.0+/-0,0.0+/-0,0.0+/-0,0.0+/-0,0.0+/-0,0.0+/-0,0.0+/-0,0.0+/-0,0.0+/-0,0.0+/-0,0.0+/-0,0.0+/-0,0.0+/-0,0.0+/-0,0.0+/-0,0.0+/-0,0.0+/-0,0.0+/-0,0.0+/-0,0.0+/-0,0.0+/-0,0.0+/-0,0.0+/-0,0.0+/-0,0.0+/-0,0.0+/-0,0.0+/-0,0.0+/-0,0.0+/-0,0.0+/-0,0.0+/-0,0.0+/-0,0.0+/-0,0.0+/-0
Dominica,8870,12055,0,0,0.0+/-0,0.0+/-0,0.0+/-0,0.0+/-0,0.0+/-0,0.0+/-0,0.0+/-0,0.0+/-0,0.0+/-0,0.0+/-0,0.0+/-0,0.0+/-0,0.0+/-0,0.0+/-0,0.0+/-0,0.0+/-0,0.0+/-0,0.0+/-0,0.0+/-0,0.0+/-0,0.0+/-0,0.0+/-0,0.0+/-0,0.0+/-0,0.0+/-0,0.0+/-0,0.0+/-0,0.0+/-0,0.0+/-0,0.0+/-0,0.0+/-0,0.0+/-0,0.0+/-0,0.0+/-0,0.0+/-0,0.0+/-0,0.0+/-0,0.0+/-0,0.0+/-0,0.0+/-0,0.0+/-0,0.0+/-0,0.0+/-0,0.0+/-0,0.0+/-0,0.0+/-0,0.0+/-0,0.0+/-0,0.0+/-0,0.0+/-0,0.0+/-0
Denmark,329164,786603,0,0,0.0+/-0,0.0+/-0,0.0+/-0,0.0+/-0,0.0+/-0,0.0+/-0,0.0+/-0,0.0+/-0,0.0+/-0,0.0+/-0,0.0+/-0,0.0+/-0,0.0+/-0,0.0+/-0,0.0+/-0,0.0+/-0,0.0+/-0,0.0+/-0,0.0+/-0,0.0+/-0,0.0+/-0,0.0+/-0,0.0+/-0,0.0+/-0,0.0+/-0,0.0+/-0,0.0+/-0,0.0+/-0,0.0+/-0,0.0+/-0,0.0+/-0,0.0+/-0,0.0+/-0,0.0+/-0,0.0+/-0,0.0+/-0,0.0+/-0,0.0+/-0,0.0+/-0,0.0+/-0,0.0+/-0,0.0+/-0,0.0+/-0,0.0+/-0,0.0+/-0,0.0+/-0,0.0+/-0,0.0+/-0,0.0+/-0,0.0+/-0,0.0+/-0
Dominican Republic,568023,1510776,0,0,0.0+/-0,0.0+/-0,0.0+/-0,0.0+/-0,0.0+/-0,0.0+/-0,0.0+/-0,0.0+/-0,0.0+/-0,0.0+/-0,0.0+/-0,0.0+/-0,0.0+/-0,0.0+/-0,0.0+/-0,0.0+/-0,0.0+/-0,0.0+/-0,0.0+/-0,0.0+/-0,0.0+/-0,0.0+/-0,0.0+/-0,0.0+/-0,0.0+/-0,0.0+/-0,0.0+/-0,0.0+/-0,0.0+/-0,0.0+/-0,0.0+/-0,0.0+/-0,0.0+/-0,0.0+/-0,0.0+/-0,0.0+/-0,0.0+/-0,0.0+/-0,0.0+/-0,0.0+/-0,0.0+/-0,0.0+/-0,0.0+/-0,0.0+/-0,0.0+/-0,0.0+/-0,0.0+/-0,0.0+/-0,0.0+/-0,0.0+/-0,0.0+/-0
Algeria,2315654,4323174,0,0,0.0+/-0,0.0+/-0,0.0+/-0,0.0+/-0,0.0+/-0,0.0+/-0,0.0+/-0,0.0+/-0,0.0+/-0,0.0+/-0,0.0+/-0,0.0+/-0,0.0+/-0,0.0+/-0,0.0+/-0,0.0+/-0,0.0+/-0,0.0+/-0,0.0+/-0,0.0+/-0,0.0+/-0,0.0+/-0,0.0+/-0,0.0+/-0,0.0+/-0,0.0+/-0,0.0+/-0,0.0+/-0,0.0+/-0,0.0+/-0,0.0+/-0,0.0+/-0,0.0+/-0,0.0+/-0,0.0+/-0,0.0+/-0,0.0+/-0,0.0+/-0,0.0+/-0,0.0+/-0,0.0+/-0,0.0+/-0,0.0+/-0,0.0+/-0,0.0+/-0,0.0+/-0,0.0+/-0,0.0+/-0,0.0+/-0,0.0+/-0,0.0+/-0
Ecuador,1681312,3082880,0,0,0.0+/-0,0.0+/-0,0.0+/-0,0.0+/-0,0.0+/-0,0.0+/-0,0.0+/-0,0.0+/-0,0.0+/-0,0.0+/-0,0.0+/-0,0.0+/-0,0.0+/-0,0.0+/-0,0.0+/-0,0.0+/-0,0.0+/-0,0.0+/-0,0.0+/-0,0.0+/-0,0.0+/-0,0.0+/-0,0.0+/-0,0.0+/-0,0.0+/-0,0.0+/-0,0.0+/-0,0.0+/-0,0.0+/-0,0.0+/-0,0.0+/-0,0.0+/-0,0.0+/-0,0.0+/-0,0.0+/-0,0.0+/-0,0.0+/-0,0.0+/-0,0.0+/-0,0.0+/-0,0.0+/-0,0.0+/-0,0.0+/-0,0.0+/-0,0.0+/-0,0.0+/-0,0.0+/-0,0.0+/-0,0.0+/-0,0.0+/-0,0.0+/-0
Egypt,5076601,9779833,0,0,0.0+/-0,0.0+/-0,0.0+/-0,0.0+/-0,0.0+/-0,0.0+/-0,0.0+/-0,0.0+/-0,0.0+/-0,0.0+/-0,0.0+/-0,0.0+/-0,0.0+/-0,0.0+/-0,0.0+/-0,0.0+/-0,0.0+/-0,0.0+/-0,0.0+/-0,0.0+/-0,0.0+/-0,0.0+/-0,0.0+/-0,0.0+/-0,0.0+/-0,0.0+/-0,0.0+/-0,0.0+/-0,0.0+/-0,0.0+/-0,0.0+/-0,0.0+/-0,0.0+/-0,0.0+/-0,0.0+/-0,0.0+/-0,0.0+/-0,0.0+/-0,0.0+/-0,0.0+/-0,0.0+/-0,0.0+/-0,0.0+/-0,0.0+/-0,0.0+/-0,0.0+/-0,0.0+/-0,0.0+/-0,0.0+/-0,0.0+/-0,0.0+/-0
Eritrea,209702,468560,0,0,0.0+/-0,0.0+/-0,0.0+/-0,0.0+/-0,0.0+/-0,0.0+/-0,0.0+/-0,0.0+/-0,0.0+/-0,0.0+/-0,0.0+/-0,0.0+/-0,0.0+/-0,0.0+/-0,0.0+/-0,0.0+/-0,0.0+/-0,0.0+/-0,0.0+/-0,0.0+/-0,0.0+/-0,0.0+/-0,0.0+/-0,0.0+/-0,0.0+/-0,0.0+/-0,0.0+/-0,0.0+/-0,0.0+/-0,0.0+/-0,0.0+/-0,0.0+/-0,0.0+/-0,0.0+/-0,0.0+/-0,0.0+/-0,0.0+/-0,0.0+/-0,0.0+/-0,0.0+/-0,0.0+/-0,0.0+/-0,0.0+/-0,0.0+/-0,0.0+/-0,0.0+/-0,0.0+/-0,0.0+/-0,0.0+/-0,0.0+/-0,0.0+/-0
Spain,2682349,6607294,0,0,0.0+/-0,0.0+/-0,0.0+/-0,0.0+/-0,0.0+/-0,0.0+/-0,0.0+/-0,0.0+/-0,0.0+/-0,0.0+/-0,0.0+/-0,0.0+/-0,0.0+/-0,0.0+/-0,0.0+/-0,0.0+/-0,0.0+/-0,0.0+/-0,0.0+/-0,0.0+/-0,0.0+/-0,0.0+/-0,0.0+/-0,0.0+/-0,0.0+/-0,0.0+/-0,0.0+/-0,0.0+/-0,0.0+/-0,0.0+/-0,0.0+/-0,0.0+/-0,0.0+/-0,0.0+/-0,0.0+/-0,0.0+/-0,0.0+/-0,0.0+/-0,0.0+/-0,0.0+/-0,0.0+/-0,0.0+/-0,0.0+/-0,0.0+/-0,0.0+/-0,0.0+/-0,0.0+/-0,0.0+/-0,0.0+/-0,0.0+/-0,0.0+/-0
Estonia,74407,159336,0,0,0.0+/-0,0.0+/-0,0.0+/-0,0.0+/-0,0.0+/-0,0.0+/-0,0.0+/-0,0.0+/-0,0.0+/-0,0.0+/-0,0.0+/-0,0.0+/-0,0.0+/-0,0.0+/-0,0.0+/-0,0.0+/-0,0.0+/-0,0.0+/-0,0.0+/-0,0.0+/-0,0.0+/-0,0.0+/-0,0.0+/-0,0.0+/-0,0.0+/-0,0.0+/-0,0.0+/-0,0.0+/-0,0.0+/-0,0.0+/-0,0.0+/-0,0.0+/-0,0.0+/-0,0.0+/-0,0.0+/-0,0.0+/-0,0.0+/-0,0.0+/-0,0.0+/-0,0.0+/-0,0.0+/-0,0.0+/-0,0.0+/-0,0.0+/-0,0.0+/-0,0.0+/-0,0.0+/-0,0.0+/-0,0.0+/-0,0.0+/-0,0.0+/-0
Ethiopia,7453303,14694986,0,0,0.0+/-0,0.0+/-0,0.0+/-0,0.0+/-0,0.0+/-0,0.0+/-0,0.0+/-0,0.0+/-0,0.0+/-0,0.0+/-0,0.0+/-0,0.0+/-0,0.0+/-0,0.0+/-0,0.0+/-0,0.0+/-0,0.0+/-0,0.0+/-0,0.0+/-0,0.0+/-0,0.0+/-0,0.0+/-0,0.0+/-0,0.0+/-0,0.0+/-0,0.0+/-0,0.0+/-0,0.0+/-0,0.0+/-0,0.0+/-0,0.0+/-0,0.0+/-0,0.0+/-0,0.0+/-0,0.0+/-0,0.0+/-0,0.0+/-0,0.0+/-0,0.0+/-0,0.0+/-0,0.0+/-0,0.0+/-0,0.0+/-0,0.0+/-0,0.0+/-0,0.0+/-0,0.0+/-0,0.0+/-0,0.0+/-0,0.0+/-0,0.0+/-0
Finland,324281,706047,0,0,0.0+/-0,0.0+/-0,0.0+/-0,0.0+/-0,0.0+/-0,0.0+/-0,0.0+/-0,0.0+/-0,0.0+/-0,0.0+/-0,0.0+/-0,0.0+/-0,0.0+/-0,0.0+/-0,0.0+/-0,0.0+/-0,0.0+/-0,0.0+/-0,0.0+/-0,0.0+/-0,0.0+/-0,0.0+/-0,0.0+/-0,0.0+/-0,0.0+/-0,0.0+/-0,0.0+/-0,0.0+/-0,0.0+/-0,0.0+/-0,0.0+/-0,0.0+/-0,0.0+/-0,0.0+/-0,0.0+/-0,0.0+/-0,0.0+/-0,0.0+/-0,0.0+/-0,0.0+/-0,0.0+/-0,0.0+/-0,0.0+/-0,0.0+/-0,0.0+/-0,0.0+/-0,0.0+/-0,0.0+/-0,0.0+/-0,0.0+/-0,0.0+/-0
Fiji,68599,123749,0,0,0.0+/-0,0.0+/-0,0.0+/-0,0.0+/-0,0.0+/-0,0.0+/-0,0.0+/-0,0.0+/-0,0.0+/-0,0.0+/-0,0.0+/-0,0.0+/-0,0.0+/-0,0.0+/-0,0.0+/-0,0.0+/-0,0.0+/-0,0.0+/-0,0.0+/-0,0.0+/-0,0.0+/-0,0.0+/-0,0.0+/-0,0.0+/-0,0.0+/-0,0.0+/-0,0.0+/-0,0.0+/-0,0.0+/-0,0.0+/-0,0.0+/-0,0.0+/-0,0.0+/-0,0.0+/-0,0.0+/-0,0.0+/-0,0.0+/-0,0.0+/-0,0.0+/-0,0.0+/-0,0.0+/-0,0.0+/-0,0.0+/-0,0.0+/-0,0.0+/-0,0.0+/-0,0.0+/-0,0.0+/-0,0.0+/-0,0.0+/-0,0.0+/-0
France,3995649,8503113,0,0,(2.2+/-0.4)e+07,(2.2+/-0.4)e+07,(2.2+/-0.4)e+07,(2.2+/-0.4)e+07,(2.2+/-0.4)e+07,(2.2+/-0.4)e+07,(2.2+/-0.4)e+07,(2.2+/-0.4)e+07,(2.2+/-0.4)e+07,(2.2+/-0.4)e+07,(2.2+/-0.4)e+07,(2.2+/-0.4)e+07,(2.2+/-0.4)e+07,(2.2+/-0.4)e+07,(2.2+/-0.4)e+07,(2.2+/-0.4)e+07,(2.2+/-0.4)e+07,(2.2+/-0.4)e+07,(2.2+/-0.4)e+07,(2.2+/-0.4)e+07,(2.2+/-0.4)e+07,(2.2+/-0.4)e+07,(2.2+/-0.4)e+07,(2.2+/-0.4)e+07,(2.2+/-0.4)e+07,(2.2+/-0.4)e+07,(2.2+/-0.4)e+07,(2.2+/-0.4)e+07,(2.2+/-0.4)e+07,(2.2+/-0.4)e+07,(2.2+/-0.4)e+07,(2.2+/-0.4)e+07,(2.2+/-0.4)e+07,(2.2+/-0.4)e+07,(2.2+/-0.4)e+07,(2.2+/-0.4)e+07,(2.2+/-0.4)e+07,(2.2+/-0.4)e+07,(2.2+/-0.4)e+07,(2.2+/-0.4)e+07,(2.2+/-0.4)e+07,(2.2+/-0.4)e+07,(2.2+/-0.4)e+07,(2.2+/-0.4)e+07,(2.2+/-0.4)e+07,(2.2+/-0.4)e+07,(2.2+/-0.4)e+07,(2.2+/-0.4)e+07,(2.2+/-0.4)e+07,(2.2+/-0.4)e+07,(2.2+/-0.4)e+07
Faroe Islands,3350,7572,0,0,0.0+/-0,0.0+/-0,0.0+/-0,0.0+/-0,0.0+/-0,0.0+/-0,0.0+/-0,0.0+/-0,0.0+/-0,0.0+/-0,0.0+/-0,0.0+/-0,0.0+/-0,0.0+/-0,0.0+/-0,0.0+/-0,0.0+/-0,0.0+/-0,0.0+/-0,0.0+/-0,0.0+/-0,0.0+/-0,0.0+/-0,0.0+/-0,0.0+/-0,0.0+/-0,0.0+/-0,0.0+/-0,0.0+/-0,0.0+/-0,0.0+/-0,0.0+/-0,0.0+/-0,0.0+/-0,0.0+/-0,0.0+/-0,0.0+/-0,0.0+/-0,0.0+/-0,0.0+/-0,0.0+/-0,0.0+/-0,0.0+/-0,0.0+/-0,0.0+/-0,0.0+/-0,0.0+/-0,0.0+/-0,0.0+/-0,0.0+/-0,0.0+/-0
"Micronesia, Fed. Sts.",1913,4102,0,0,0.0+/-0,0.0+/-0,0.0+/-0,0.0+/-0,0.0+/-0,0.0+/-0,0.0+/-0,0.0+/-0,0.0+/-0,0.0+/-0,0.0+/-0,0.0+/-0,0.0+/-0,0.0+/-0,0.0+/-0,0.0+/-0,0.0+/-0,0.0+/-0,0.0+/-0,0.0+/-0,0.0+/-0,0.0+/-0,0.0+/-0,0.0+/-0,0.0+/-0,0.0+/-0,0.0+/-0,0.0+/-0,0.0+/-0,0.0+/-0,0.0+/-0,0.0+/-0,0.0+/-0,0.0+/-0,0.0+/-0,0.0+/-0,0.0+/-0,0.0+/-0,0.0+/-0,0.0+/-0,0.0+/-0,0.0+/-0,0.0+/-0,0.0+/-0,0.0+/-0,0.0+/-0,0.0+/-0,0.0+/-0,0.0+/-0,0.0+/-0,0.0+/-0
Gabon,71375,189163,0,0,0.0+/-0,0.0+/-0,0.0+/-0,0.0+/-0,0.0+/-0,0.0+/-0,0.0+/-0,0.0+/-0,0.0+/-0,0.0+/-0,0.0+/-0,0.0+/-0,0.0+/-0,0.0+/-0,0.0+/-0,0.0+/-0,0.0+/-0,0.0+/-0,0.0+/-0,0.0+/-0,0.0+/-0,0.0+/-0,0.0+/-0,0.0+/-0,0.0+/-0,0.0+/-0,0.0+/-0,0.0+/-0,0.0+/-0,0.0+/-0,0.0+/-0,0.0+/-0,0.0+/-0,0.0+/-0,0.0+/-0,0.0+/-0,0.0+/-0,0.0+/-0,0.0+/-0,0.0+/-0,0.0+/-0,0.0+/-0,0.0+/-0,0.0+/-0,0.0+/-0,0.0+/-0,0.0+/-0,0.0+/-0,0.0+/-0,0.0+/-0,0.0+/-0
United Kingdom,3323863,7844061,0,0,(2.10+/-0.35)e+07,(2.10+/-0.35)e+07,(2.10+/-0.35)e+07,(2.10+/-0.35)e+07,(2.10+/-0.35)e+07,(2.10+/-0.35)e+07,(2.10+/-0.35)e+07,(2.10+/-0.35)e+07,(2.10+/-0.35)e+07,(2.10+/-0.35)e+07,(2.10+/-0.35)e+07,(2.10+/-0.35)e+07,(2.10+/-0.35)e+07,(2.10+/-0.35)e+07,(2.10+/-0.35)e+07,(2.10+/-0.35)e+07,(2.10+/-0.35)e+07,(2.10+/-0.35)e+07,(2.10+/-0.35)e+07,(2.10+/-0.35)e+07,(2.10+/-0.35)e+07,(2.10+/-0.35)e+07,(2.10+/-0.35)e+07,(2.10+/-0.35)e+07,(2.10+/-0.35)e+07,(2.10+/-0.35)e+07,(2.10+/-0.35)e+07,(2.10+/-0.35)e+07,(2.10+/-0.35)e+07,(2.10+/-0.35)e+07,(2.10+/-0.35)e+07,(2.10+/-0.35)e+07,(2.10+/-0.35)e+07,(2.10+/-0.35)e+07,(2.10+/-0.35)e+07,(2.10+/-0.35)e+07,(2.10+/-0.35)e+07,(2.10+/-0.35)e+07,(2.10+/-0.35)e+07,(2.10+/-0.35)e+07,(2.10+/-0.35)e+07,(2.10+/-0.35)e+07,(2.10+/-0.35)e+07,(2.10+/-0.35)e+07,(2.10+/-0.35)e+07,(2.10+/-0.35)e+07,(2.10+/-0.35)e+07,(2.10+/-0.35)e+07,(2.10+/-0.35)e+07,(2.10+/-0.35)e+07,(2.10+/-0.35)e+07
Georgia,239742,410810,0,0,0.0+/-0,0.0+/-0,0.0+/-0,0.0+/-0,0.0+/-0,0.0+/-0,0.0+/-0,0.0+/-0,0.0+/-0,0.0+/-0,0.0+/-0,0.0+/-0,0.0+/-0,0.0+/-0,0.0+/-0,0.0+/-0,0.0+/-0,0.0+/-0,0.0+/-0,0.0+/-0,0.0+/-0,0.0+/-0,0.0+/-0,0.0+/-0,0.0+/-0,0.0+/-0,0.0+/-0,0.0+/-0,0.0+/-0,0.0+/-0,0.0+/-0,0.0+/-0,0.0+/-0,0.0+/-0,0.0+/-0,0.0+/-0,0.0+/-0,0.0+/-0,0.0+/-0,0.0+/-0,0.0+/-0,0.0+/-0,0.0+/-0,0.0+/-0,0.0+/-0,0.0+/-0,0.0+/-0,0.0+/-0,0.0+/-0,0.0+/-0,0.0+/-0
Ghana,2191475,4584731,0,0,0.0+/-0,0.0+/-0,0.0+/-0,0.0+/-0,0.0+/-0,0.0+/-0,0.0+/-0,0.0+/-0,0.0+/-0,0.0+/-0,0.0+/-0,0.0+/-0,0.0+/-0,0.0+/-0,0.0+/-0,0.0+/-0,0.0+/-0,0.0+/-0,0.0+/-0,0.0+/-0,0.0+/-0,0.0+/-0,0.0+/-0,0.0+/-0,0.0+/-0,0.0+/-0,0.0+/-0,0.0+/-0,0.0+/-0,0.0+/-0,0.0+/-0,0.0+/-0,0.0+/-0,0.0+/-0,0.0+/-0,0.0+/-0,0.0+/-0,0.0+/-0,0.0+/-0,0.0+/-0,0.0+/-0,0.0+/-0,0.0+/-0,0.0+/-0,0.0+/-0,0.0+/-0,0.0+/-0,0.0+/-0,0.0+/-0,0.0+/-0,0.0+/-0
Gibraltar,2063,5697,0,0,0.0+/-0,0.0+/-0,0.0+/-0,0.0+/-0,0.0+/-0,0.0+/-0,0.0+/-0,0.0+/-0,0.0+/-0,0.0+/-0,0.0+/-0,0.0+/-0,0.0+/-0,0.0+/-0,0.0+/-0,0.0+/-0,0.0+/-0,0.0+/-0,0.0+/-0,0.0+/-0,0.0+/-0,0.0+/-0,0.0+/-0,0.0+/-0,0.0+/-0,0.0+/-0,0.0+/-0,0.0+/-0,0.0+/-0,0.0+/-0,0.0+/-0,0.0+/-0,0.0+/-0,0.0+/-0,0.0+/-0,0.0+/-0,0.0+/-0,0.0+/-0,0.0+/-0,0.0+/-0,0.0+/-0,0.0+/-0,0.0+/-0,0.0+/-0,0.0+/-0,0.0+/-0,0.0+/-0,0.0+/-0,0.0+/-0,0.0+/-0,0.0+/-0
Guinea,376517,1413328,0,0,0.0+/-0,0.0+/-0,0.0+/-0,0.0+/-0,0.0+/-0,0.0+/-0,0.0+/-0,0.0+/-0,0.0+/-0,0.0+/-0,0.0+/-0,0.0+/-0,0.0+/-0,0.0+/-0,0.0+/-0,0.0+/-0,0.0+/-0,0.0+/-0,0.0+/-0,0.0+/-0,0.0+/-0,0.0+/-0,0.0+/-0,0.0+/-0,0.0+/-0,0.0+/-0,0.0+/-0,0.0+/-0,0.0+/-0,0.0+/-0,0.0+/-0,0.0+/-0,0.0+/-0,0.0+/-0,0.0+/-0,0.0+/-0,0.0+/-0,0.0+/-0,0.0+/-0,0.0+/-0,0.0+/-0,0.0+/-0,0.0+/-0,0.0+/-0,0.0+/-0,0.0+/-0,0.0+/-0,0.0+/-0,0.0+/-0,0.0+/-0,0.0+/-0
Gambia,119813,323824,0,0,0.0+/-0,0.0+/-0,0.0+/-0,0.0+/-0,0.0+/-0,0.0+/-0,0.0+/-0,0.0+/-0,0.0+/-0,0.0+/-0,0.0+/-0,0.0+/-0,0.0+/-0,0.0+/-0,0.0+/-0,0.0+/-0,0.0+/-0,0.0+/-0,0.0+/-0,0.0+/-0,0.0+/-0,0.0+/-0,0.0+/-0,0.0+/-0,0.0+/-0,0.0+/-0,0.0+/-0,0.0+/-0,0.0+/-0,0.0+/-0,0.0+/-0,0.0+/-0,0.0+/-0,0.0+/-0,0.0+/-0,0.0+/-0,0.0+/-0,0.0+/-0,0.0+/-0,0.0+/-0,0.0+/-0,0.0+/-0,0.0+/-0,0.0+/-0,0.0+/-0,0.0+/-0,0.0+/-0,0.0+/-0,0.0+/-0,0.0+/-0,0.0+/-0
Guinea-Bissau,113562,220208,0,0,0.0+/-0,0.0+/-0,0.0+/-0,0.0+/-0,0.0+/-0,0.0+/-0,0.0+/-0,0.0+/-0,0.0+/-0,0.0+/-0,0.0+/-0,0.0+/-0,0.0+/-0,0.0+/-0,0.0+/-0,0.0+/-0,0.0+/-0,0.0+/-0,0.0+/-0,0.0+/-0,0.0+/-0,0.0+/-0,0.0+/-0,0.0+/-0,0.0+/-0,0.0+/-0,0.0+/-0,0.0+/-0,0.0+/-0,0.0+/-0,0.0+/-0,0.0+/-0,0.0+/-0,0.0+/-0,0.0+/-0,0.0+/-0,0.0+/-0,0.0+/-0,0.0+/-0,0.0+/-0,0.0+/-0,0.0+/-0,0.0+/-0,0.0+/-0,0.0+/-0,0.0+/-0,0.0+/-0,0.0+/-0,0.0+/-0,0.0+/-0,0.0+/-0
Equatorial Guinea,73850,187790,0,0,0.0+/-0,0.0+/-0,0.0+/-0,0.0+/-0,0.0+/-0,0.0+/-0,0.0+/-0,0.0+/-0,0.0+/-0,0.0+/-0,0.0+/-0,0.0+/-0,0.0+/-0,0.0+/-0,0.0+/-0,0.0+/-0,0.0+/-0,0.0+/-0,0.0+/-0,0.0+/-0,0.0+/-0,0.0+/-0,0.0+/-0,0.0+/-0,0.0+/-0,0.0+/-0,0.0+/-0,0.0+/-0,0.0+/-0,0.0+/-0,0.0+/-0,0.0+/-0,0.0+/-0,0.0+/-0,0.0+/-0,0.0+/-0,0.0+/-0,0.0+/-0,0.0+/-0,0.0+/-0,0.0+/-0,0.0+/-0,0.0+/-0,0.0+/-0,0.0+/-0,0.0+/-0,0.0+/-0,0.0+/-0,0.0+/-0,0.0+/-0,0.0+/-0
Greece,639443,1424012,0,0,0.0+/-0,0.0+/-0,0.0+/-0,0.0+/-0,0.0+/-0,0.0+/-0,0.0+/-0,0.0+/-0,0.0+/-0,0.0+/-0,0.0+/-0,0.0+/-0,0.0+/-0,0.0+/-0,0.0+/-0,0.0+/-0,0.0+/-0,0.0+/-0,0.0+/-0,0.0+/-0,0.0+/-0,0.0+/-0,0.0+/-0,0.0+/-0,0.0+/-0,0.0+/-0,0.0+/-0,0.0+/-0,0.0+/-0,0.0+/-0,0.0+/-0,0.0+/-0,0.0+/-0,0.0+/-0,0.0+/-0,0.0+/-0,0.0+/-0,0.0+/-0,0.0+/-0,0.0+/-0,0.0+/-0,0.0+/-0,0.0+/-0,0.0+/-0,0.0+/-0,0.0+/-0,0.0+/-0,0.0+/-0,0.0+/-0,0.0+/-0,0.0+/-0
Grenada,5301,11646,0,0,0.0+/-0,0.0+/-0,0.0+/-0,0.0+/-0,0.0+/-0,0.0+/-0,0.0+/-0,0.0+/-0,0.0+/-0,0.0+/-0,0.0+/-0,0.0+/-0,0.0+/-0,0.0+/-0,0.0+/-0,0.0+/-0,0.0+/-0,0.0+/-0,0.0+/-0,0.0+/-0,0.0+/-0,0.0+/-0,0.0+/-0,0.0+/-0,0.0+/-0,0.0+/-0,0.0+/-0,0.0+/-0,0.0+/-0,0.0+/-0,0.0+/-0,0.0+/-0,0.0+/-0,0.0+/-0,0.0+/-0,0.0+/-0,0.0+/-0,0.0+/-0,0.0+/-0,0.0+/-0,0.0+/-0,0.0+/-0,0.0+/-0,0.0+/-0,0.0+/-0,0.0+/-0,0.0+/-0,0.0+/-0,0.0+/-0,0.0+/-0,0.0+/-0
Greenland,3017,6818,0,0,0.0+/-0,0.0+/-0,0.0+/-0,0.0+/-0,0.0+/-0,0.0+/-0,0.0+/-0,0.0+/-0,0.0+/-0,0.0+/-0,0.0+/-0,0.0+/-0,0.0+/-0,0.0+/-0,0.0+/-0,0.0+/-0,0.0+/-0,0.0+/-0,0.0+/-0,0.0+/-0,0.0+/-0,0.0+/-0,0.0+/-0,0.0+/-0,0.0+/-0,0.0+/-0,0.0+/-0,0.0+/-0,0.0+/-0,0.0+/-0,0.0+/-0,0.0+/-0,0.0+/-0,0.0+/-0,0.0+/-0,0.0+/-0,0.0+/-0,0.0+/-0,0.0+/-0,0.0+/-0,0.0+/-0,0.0+/-0,0.0+/-0,0.0+/-0,0.0+/-0,0.0+/-0,0.0+/-0,0.0+/-0,0.0+/-0,0.0+/-0,0.0+/-0
Guatemala,1402240,3132837,0,0,0.0+/-0,0.0+/-0,0.0+/-0,0.0+/-0,0.0+/-0,0.0+/-0,0.0+/-0,0.0+/-0,0.0+/-0,0.0+/-0,0.0+/-0,0.0+/-0,0.0+/-0,0.0+/-0,0.0+/-0,0.0+/-0,0.0+/-0,0.0+/-0,0.0+/-0,0.0+/-0,0.0+/-0,0.0+/-0,0.0+/-0,0.0+/-0,0.0+/-0,0.0+/-0,0.0+/-0,0.0+/-0,0.0+/-0,0.0+/-0,0.0+/-0,0.0+/-0,0.0+/-0,0.0+/-0,0.0+/-0,0.0+/-0,0.0+/-0,0.0+/-0,0.0+/-0,0.0+/-0,0.0+/-0,0.0+/-0,0.0+/-0,0.0+/-0,0.0+/-0,0.0+/-0,0.0+/-0,0.0+/-0,0.0+/-0,0.0+/-0,0.0+/-0
Guam,8126,17359,0,0,0.0+/-0,0.0+/-0,0.0+/-0,0.0+/-0,0.0+/-0,0.0+/-0,0.0+/-0,0.0+/-0,0.0+/-0,0.0+/-0,0.0+/-0,0.0+/-0,0.0+/-0,0.0+/-0,0.0+/-0,0.0+/-0,0.0+/-0,0.0+/-0,0.0+/-0,0.0+/-0,0.0+/-0,0.0+/-0,0.0+/-0,0.0+/-0,0.0+/-0,0.0+/-0,0.0+/-0,0.0+/-0,0.0+/-0,0.0+/-0,0.0+/-0,0.0+/-0,0.0+/-0,0.0+/-0,0.0+/-0,0.0+/-0,0.0+/-0,0.0+/-0,0.0+/-0,0.0+/-0,0.0+/-0,0.0+/-0,0.0+/-0,0.0+/-0,0.0+/-0,0.0+/-0,0.0+/-0,0.0+/-0,0.0+/-0,0.0+/-0,0.0+/-0
Guyana,44178,100922,0,0,0.0+/-0,0.0+/-0,0.0+/-0,0.0+/-0,0.0+/-0,0.0+/-0,0.0+/-0,0.0+/-0,0.0+/-0,0.0+/-0,0.0+/-0,0.0+/-0,0.0+/-0,0.0+/-0,0.0+/-0,0.0+/-0,0.0+/-0,0.0+/-0,0.0+/-0,0.0+/-0,0.0+/-0,0.0+/-0,0.0+/-0,0.0+/-0,0.0+/-0,0.0+/-0,0.0+/-0,0.0+/-0,0.0+/-0,0.0+/-0,0.0+/-0,0.0+/-0,0.0+/-0,0.0+/-0,0.0+/-0,0.0+/-0,0.0+/-0,0.0+/-0,0.0+/-0,0.0+/-0,0.0+/-0,0.0+/-0,0.0+/-0,0.0+/-0,0.0+/-0,0.0+/-0,0.0+/-0,0.0+/-0,0.0+/-0,0.0+/-0,0.0+/-0
Hong Kong,361721,676788,0,0,0.0+/-0,0.0+/-0,0.0+/-0,0.0+/-0,0.0+/-0,0.0+/-0,0.0+/-0,0.0+/-0,0.0+/-0,0.0+/-0,0.0+/-0,0.0+/-0,0.0+/-0,0.0+/-0,0.0+/-0,0.0+/-0,0.0+/-0,0.0+/-0,0.0+/-0,0.0+/-0,0.0+/-0,0.0+/-0,0.0+/-0,0.0+/-0,0.0+/-0,0.0+/-0,0.0+/-0,0.0+/-0,0.0+/-0,0.0+/-0,0.0+/-0,0.0+/-0,0.0+/-0,0.0+/-0,0.0+/-0,0.0+/-0,0.0+/-0,0.0+/-0,0.0+/-0,0.0+/-0,0.0+/-0,0.0+/-0,0.0+/-0,0.0+/-0,0.0+/-0,0.0+/-0,0.0+/-0,0.0+/-0,0.0+/-0,0.0+/-0,0.0+/-0
Honduras,752891,1672728,0,0,0.0+/-0,0.0+/-0,0.0+/-0,0.0+/-0,0.0+/-0,0.0+/-0,0.0+/-0,0.0+/-0,0.0+/-0,0.0+/-0,0.0+/-0,0.0+/-0,0.0+/-0,0.0+/-0,0.0+/-0,0.0+/-0,0.0+/-0,0.0+/-0,0.0+/-0,0.0+/-0,0.0+/-0,0.0+/-0,0.0+/-0,0.0+/-0,0.0+/-0,0.0+/-0,0.0+/-0,0.0+/-0,0.0+/-0,0.0+/-0,0.0+/-0,0.0+/-0,0.0+/-0,0.0+/-0,0.0+/-0,0.0+/-0,0.0+/-0,0.0+/-0,0.0+/-0,0.0+/-0,0.0+/-0,0.0+/-0,0.0+/-0,0.0+/-0,0.0+/-0,0.0+/-0,0.0+/-0,0.0+/-0,0.0+/-0,0.0+/-0,0.0+/-0
Croatia,205856,432600,0,0,0.0+/-0,0.0+/-0,0.0+/-0,0.0+/-0,0.0+/-0,0.0+/-0,0.0+/-0,0.0+/-0,0.0+/-0,0.0+/-0,0.0+/-0,0.0+/-0,0.0+/-0,0.0+/-0,0.0+/-0,0.0+/-0,0.0+/-0,0.0+/-0,0.0+/-0,0.0+/-0,0.0+/-0,0.0+/-0,0.0+/-0,0.0+/-0,0.0+/-0,0.0+/-0,0.0+/-0,0.0+/-0,0.0+/-0,0.0+/-0,0.0+/-0,0.0+/-0,0.0+/-0,0.0+/-0,0.0+/-0,0.0+/-0,0.0+/-0,0.0+/-0,0.0+/-0,0.0+/-0,0.0+/-0,0.0+/-0,0.0+/-0,0.0+/-0,0.0+/-0,0.0+/-0,0.0+/-0,0.0+/-0,0.0+/-0,0.0+/-0,0.0+/-0
Haiti,924480,2053955,0,0,0.0+/-0,0.0+/-0,0.0+/-0,0.0+/-0,0.0+/-0,0.0+/-0,0.0+/-0,0.0+/-0,0.0+/-0,0.0+/-0,0.0+/-0,0.0+/-0,0.0+/-0,0.0+/-0,0.0+/-0,0.0+/-0,0.0+/-0,0.0+/-0,0.0+/-0,0.0+/-0,0.0+/-0,0.0+/-0,0.0+/-0,0.0+/-0,0.0+/-0,0.0+/-0,0.0+/-0,0.0+/-0,0.0+/-0,0.0+/-0,0.0+/-0,0.0+/-0,0.0+/-0,0.0+/-0,0.0+/-0,0.0+/-0,0.0+/-0,0.0+/-0,0.0+/-0,0.0+/-0,0.0+/-0,0.0+/-0,0.0+/-0,0.0+/-0,0.0+/-0,0.0+/-0,0.0+/-0,0.0+/-0,0.0+/-0,0.0+/-0,0.0+/-0
Hungary,586429,1191615,0,0,0.0+/-0,0.0+/-0,0.0+/-0,0.0+/-0,0.0+/-0,0.0+/-0,0.0+/-0,0.0+/-0,0.0+/-0,0.0+/-0,0.0+/-0,0.0+/-0,0.0+/-0,0.0+/-0,0.0+/-0,0.0+/-0,0.0+/-0,0.0+/-0,0.0+/-0,0.0+/-0,0.0+/-0,0.0+/-0,0.0+/-0,0.0+/-0,0.0+/-0,0.0+/-0,0.0+/-0,0.0+/-0,0.0+/-0,0.0+/-0,0.0+/-0,0.0+/-0,0.0+/-0,0.0+/-0,0.0+/-0,0.0+/-0,0.0+/-0,0.0+/-0,0.0+/-0,0.0+/-0,0.0+/-0,0.0+/-0,0.0+/-0,0.0+/-0,0.0+/-0,0.0+/-0,0.0+/-0,0.0+/-0,0.0+/-0,0.0+/-0,0.0+/-0
Indonesia,26587638,55106821,0,0,0.0+/-0,0.0+/-0,0.0+/-0,0.0+/-0,0.0+/-0,0.0+/-0,0.0+/-0,0.0+/-0,0.0+/-0,0.0+/-0,0.0+/-0,0.0+/-0,0.0+/-0,0.0+/-0,0.0+/-0,0.0+/-0,0.0+/-0,0.0+/-0,0.0+/-0,0.0+/-0,0.0+/-0,0.0+/-0,0.0+/-0,0.0+/-0,0.0+/-0,0.0+/-0,0.0+/-0,0.0+/-0,0.0+/-0,0.0+/-0,0.0+/-0,0.0+/-0,0.0+/-0,0.0+/-0,0.0+/-0,0.0+/-0,0.0+/-0,0.0+/-0,0.0+/-0,0.0+/-0,0.0+/-0,0.0+/-0,0.0+/-0,0.0+/-0,0.0+/-0,0.0+/-0,0.0+/-0,0.0+/-0,0.0+/-0,0.0+/-0,0.0+/-0
Isle of Man,3432,8099,0,0,0.0+/-0,0.0+/-0,0.0+/-0,0.0+/-0,0.0+/-0,0.0+/-0,0.0+/-0,0.0+/-0,0.0+/-0,0.0+/-0,0.0+/-0,0.0+/-0,0.0+/-0,0.0+/-0,0.0+/-0,0.0+/-0,0.0+/-0,0.0+/-0,0.0+/-0,0.0+/-0,0.0+/-0,0.0+/-0,0.0+/-0,0.0+/-0,0.0+/-0,0.0+/-0,0.0+/-0,0.0+/-0,0.0+/-0,0.0+/-0,0.0+/-0,0.0+/-0,0.0+/-0,0.0+/-0,0.0+/-0,0.0+/-0,0.0+/-0,0.0+/-0,0.0+/-0,0.0+/-0,0.0+/-0,0.0+/-0,0.0+/-0,0.0+/-0,0.0+/-0,0.0+/-0,0.0+/-0,0.0+/-0,0.0+/-0,0.0+/-0,0.0+/-0
India,149900565,219838364,0,0,0.0+/-0,0.0+/-0,0.0+/-0,0.0+/-0,0.0+/-0,0.0+/-0,0.0+/-0,0.0+/-0,0.0+/-0,0.0+/-0,0.0+/-0,0.0+/-0,0.0+/-0,0.0+/-0,0.0+/-0,0.0+/-0,0.0+/-0,0.0+/-0,0.0+/-0,0.0+/-0,0.0+/-0,0.0+/-0,0.0+/-0,0.0+/-0,0.0+/-0,0.0+/-0,0.0+/-0,0.0+/-0,0.0+/-0,0.0+/-0,0.0+/-0,0.0+/-0,0.0+/-0,0.0+/-0,0.0+/-0,0.0+/-0,0.0+/-0,0.0+/-0,0.0+/-0,0.0+/-0,0.0+/-0,0.0+/-0,0.0+/-0,0.0+/-0,0.0+/-0,0.0+/-0,0.0+/-0,0.0+/-0,0.0+/-0,0.0+/-0,0.0+/-0
Ireland,299677,688828,0,0,0.0+/-0,0.0+/-0,0.0+/-0,0.0+/-0,0.0+/-0,0.0+/-0,0.0+/-0,0.0+/-0,0.0+/-0,0.0+/-0,0.0+/-0,0.0+/-0,0.0+/-0,0.0+/-0,0.0+/-0,0.0+/-0,0.0+/-0,0.0+/-0,0.0+/-0,0.0+/-0,0.0+/-0,0.0+/-0,0.0+/-0,0.0+/-0,0.0+/-0,0.0+/-0,0.0+/-0,0.0+/-0,0.0+/-0,0.0+/-0,0.0+/-0,0.0+/-0,0.0+/-0,0.0+/-0,0.0+/-0,0.0+/-0,0.0+/-0,0.0+/-0,0.0+/-0,0.0+/-0,0.0+/-0,0.0+/-0,0.0+/-0,0.0+/-0,0.0+/-0,0.0+/-0,0.0+/-0,0.0+/-0,0.0+/-0,0.0+/-0,0.0+/-0
Iran,4654102,9024213,0,0,0.0+/-0,0.0+/-0,0.0+/-0,0.0+/-0,0.0+/-0,0.0+/-0,0.0+/-0,0.0+/-0,0.0+/-0,0.0+/-0,0.0+/-0,0.0+/-0,0.0+/-0,0.0+/-0,0.0+/-0,0.0+/-0,0.0+/-0,0.0+/-0,0.0+/-0,0.0+/-0,0.0+/-0,0.0+/-0,0.0+/-0,0.0+/-0,0.0+/-0,0.0+/-0,0.0+/-0,0.0+/-0,0.0+/-0,0.0+/-0,0.0+/-0,0.0+/-0,0.0+/-0,0.0+/-0,0.0+/-0,0.0+/-0,0.0+/-0,0.0+/-0,0.0+/-0,0.0+/-0,0.0+/-0,0.0+/-0,0.0+/-0,0.0+/-0,0.0+/-0,0.0+/-0,0.0+/-0,0.0+/-0,0.0+/-0,0.0+/-0,0.0+/-0
Iraq,1969462,3981082,0,0,0.0+/-0,0.0+/-0,0.0+/-0,0.0+/-0,0.0+/-0,0.0+/-0,0.0+/-0,0.0+/-0,0.0+/-0,0.0+/-0,0.0+/-0,0.0+/-0,0.0+/-0,0.0+/-0,0.0+/-0,0.0+/-0,0.0+/-0,0.0+/-0,0.0+/-0,0.0+/-0,0.0+/-0,0.0+/-0,0.0+/-0,0.0+/-0,0.0+/-0,0.0+/-0,0.0+/-0,0.0+/-0,0.0+/-0,0.0+/-0,0.0+/-0,0.0+/-0,0.0+/-0,0.0+/-0,0.0+/-0,0.0+/-0,0.0+/-0,0.0+/-0,0.0+/-0,0.0+/-0,0.0+/-0,0.0+/-0,0.0+/-0,0.0+/-0,0.0+/-0,0.0+/-0,0.0+/-0,0.0+/-0,0.0+/-0,0.0+/-0,0.0+/-0
Iceland,25808,58325,0,0,0.0+/-0,0.0+/-0,0.0+/-0,0.0+/-0,0.0+/-0,0.0+/-0,0.0+/-0,0.0+/-0,0.0+/-0,0.0+/-0,0.0+/-0,0.0+/-0,0.0+/-0,0.0+/-0,0.0+/-0,0.0+/-0,0.0+/-0,0.0+/-0,0.0+/-0,0.0+/-0,0.0+/-0,0.0+/-0,0.0+/-0,0.0+/-0,0.0+/-0,0.0+/-0,0.0+/-0,0.0+/-0,0.0+/-0,0.0+/-0,0.0+/-0,0.0+/-0,0.0+/-0,0.0+/-0,0.0+/-0,0.0+/-0,0.0+/-0,0.0+/-0,0.0+/-0,0.0+/-0,0.0+/-0,0.0+/-0,0.0+/-0,0.0+/-0,0.0+/-0,0.0+/-0,0.0+/-0,0.0+/-0,0.0+/-0,0.0+/-0,0.0+/-0
Israel,362523,837516,0,0,0.0+/-0,0.0+/-0,0.0+/-0,0.0+/-0,0.0+/-0,0.0+/-0,0.0+/-0,0.0+/-0,0.0+/-0,0.0+/-0,0.0+/-0,0.0+/-0,0.0+/-0,0.0+/-0,0.0+/-0,0.0+/-0,0.0+/-0,0.0+/-0,0.0+/-0,0.0+/-0,0.0+/-0,0.0+/-0,0.0+/-0,0.0+/-0,0.0+/-0,0.0+/-0,0.0+/-0,0.0+/-0,0.0+/-0,0.0+/-0,0.0+/-0,0.0+/-0,0.0+/-0,0.0+/-0,0.0+/-0,0.0+/-0,0.0+/-0,0.0+/-0,0.0+/-0,0.0+/-0,0.0+/-0,0.0+/-0,0.0+/-0,0.0+/-0,0.0+/-0,0.0+/-0,0.0+/-0,0.0+/-0,0.0+/-0,0.0+/-0,0.0+/-0
Italy,2770966,6362871,0,0,0.0+/-0,0.0+/-0,0.0+/-0,0.0+/-0,0.0+/-0,0.0+/-0,0.0+/-0,0.0+/-0,0.0+/-0,0.0+/-0,0.0+/-0,0.0+/-0,0.0+/-0,0.0+/-0,0.0+/-0,0.0+/-0,0.0+/-0,0.0+/-0,0.0+/-0,0.0+/-0,0.0+/-0,0.0+/-0,0.0+/-0,0.0+/-0,0.0+/-0,0.0+/-0,0.0+/-0,0.0+/-0,0.0+/-0,0.0+/-0,0.0+/-0,0.0+/-0,0.0+/-0,0.0+/-0,0.0+/-0,0.0+/-0,0.0+/-0,0.0+/-0,0.0+/-0,0.0+/-0,0.0+/-0,0.0+/-0,0.0+/-0,0.0+/-0,0.0+/-0,0.0+/-0,0.0+/-0,0.0+/-0,0.0+/-0,0.0+/-0,0.0+/-0
Jamaica,153810,381200,0,0,0.0+/-0,0.0+/-0,0.0+/-0,0.0+/-0,0.0+/-0,0.0+/-0,0.0+/-0,0.0+/-0,0.0+/-0,0.0+/-0,0.0+/-0,0.0+/-0,0.0+/-0,0.0+/-0,0.0+/-0,0.0+/-0,0.0+/-0,0.0+/-0,0.0+/-0,0.0+/-0,0.0+/-0,0.0+/-0,0.0+/-0,0.0+/-0,0.0+/-0,0.0+/-0,0.0+/-0,0.0+/-0,0.0+/-0,0.0+/-0,0.0+/-0,0.0+/-0,0.0+/-0,0.0+/-0,0.0+/-0,0.0+/-0,0.0+/-0,0.0+/-0,0.0+/-0,0.0+/-0,0.0+/-0,0.0+/-0,0.0+/-0,0.0+/-0,0.0+/-0,0.0+/-0,0.0+/-0,0.0+/-0,0.0+/-0,0.0+/-0,0.0+/-0
Jordan,405560,1073692,0,0,0.0+/-0,0.0+/-0,0.0+/-0,0.0+/-0,0.0+/-0,0.0+/-0,0.0+/-0,0.0+/-0,0.0+/-0,0.0+/-0,0.0+/-0,0.0+/-0,0.0+/-0,0.0+/-0,0.0+/-0,0.0+/-0,0.0+/-0,0.0+/-0,0.0+/-0,0.0+/-0,0.0+/-0,0.0+/-0,0.0+/-0,0.0+/-0,0.0+/-0,0.0+/-0,0.0+/-0,0.0+/-0,0.0+/-0,0.0+/-0,0.0+/-0,0.0+/-0,0.0+/-0,0.0+/-0,0.0+/-0,0.0+/-0,0.0+/-0,0.0+/-0,0.0+/-0,0.0+/-0,0.0+/-0,0.0+/-0,0.0+/-0,0.0+/-0,0.0+/-0,0.0+/-0,0.0+/-0,0.0+/-0,0.0+/-0,0.0+/-0,0.0+/-0
Japan,6664440,17317864,0,0,(6.1+/-1.0)e+07,(6.1+/-1.0)e+07,(6.1+/-1.0)e+07,(6.1+/-1.0)e+07,(6.1+/-1.0)e+07,(6.1+/-1.0)e+07,(6.1+/-1.0)e+07,(6.1+/-1.0)e+07,(6.1+/-1.0)e+07,(6.1+/-1.0)e+07,(6.1+/-1.0)e+07,(6.1+/-1.0)e+07,(6.1+/-1.0)e+07,(6.1+/-1.0)e+07,(6.1+/-1.0)e+07,(6.1+/-1.0)e+07,(6.1+/-1.0)e+07,(6.1+/-1.0)e+07,(6.1+/-1.0)e+07,(6.1+/-1.0)e+07,(6.1+/-1.0)e+07,(6.1+/-1.0)e+07,(6.1+/-1.0)e+07,(6.1+/-1.0)e+07,(6.1+/-1.0)e+07,(6.1+/-1.0)e+07,(6.1+/-1.0)e+07,(6.1+/-1.0)e+07,(6.1+/-1.0)e+07,(6.1+/-1.0)e+07,(6.1+/-1.0)e+07,(6.1+/-1.0)e+07,(6.1+/-1.0)e+07,(6.1+/-1.0)e+07,(6.1+/-1.0)e+07,(6.1+/-1.0)e+07,(6.1+/-1.0)e+07,(6.1+/-1.0)e+07,(6.1+/-1.0)e+07,(6.1+/-1.0)e+07,(6.1+/-1.0)e+07,(6.1+/-1.0)e+07,(6.1+/-1.0)e+07,(6.1+/-1.0)e+07,(6.1+/-1.0)e+07,(6.1+/-1.0)e+07,(6.1+/-1.0)e+07,(6.1+/-1.0)e+07,(6.1+/-1.0)e+07,(6.1+/-1.0)e+07,(6.1+/-1.0)e+07
Kazakhstan,1349371,2312209,0,0,0.0+/-0,0.0+/-0,0.0+/-0,0.0+/-0,0.0+/-0,0.0+/-0,0.0+/-0,0.0+/-0,0.0+/-0,0.0+/-0,0.0+/-0,0.0+/-0,0.0+/-0,0.0+/-0,0.0+/-0,0.0+/-0,0.0+/-0,0.0+/-0,0.0+/-0,0.0+/-0,0.0+/-0,0.0+/-0,0.0+/-0,0.0+/-0,0.0+/-0,0.0+/-0,0.0+/-0,0.0+/-0,0.0+/-0,0.0+/-0,0.0+/-0,0.0+/-0,0.0+/-0,0.0+/-0,0.0+/-0,0.0+/-0,0.0+/-0,0.0+/-0,0.0+/-0,0.0+/-0,0.0+/-0,0.0+/-0,0.0+/-0,0.0+/-0,0.0+/-0,0.0+/-0,0.0+/-0,0.0+/-0,0.0+/-0,0.0+/-0,0.0+/-0
Kenya,5887403,8686046,0,0,0.0+/-0,0.0+/-0,0.0+/-0,0.0+/-0,0.0+/-0,0.0+/-0,0.0+/-0,0.0+/-0,0.0+/-0,0.0+/-0,0.0+/-0,0.0+/-0,0.0+/-0,0.0+/-0,0.0+/-0,0.0+/-0,0.0+/-0,0.0+/-0,0.0+/-0,0.0+/-0,0.0+/-0,0.0+/-0,0.0+/-0,0.0+/-0,0.0+/-0,0.0+/-0,0.0+/-0,0.0+/-0,0.0+/-0,0.0+/-0,0.0+/-0,0.0+/-0,0.0+/-0,0.0+/-0,0.0+/-0,0.0+/-0,0.0+/-0,0.0+/-0,0.0+/-0,0.0+/-0,0.0+/-0,0.0+/-0,0.0+/-0,0.0+/-0,0.0+/-0,0.0+/-0,0.0+/-0,0.0+/-0,0.0+/-0,0.0+/-0,0.0+/-0
Kyrgyzstan,560828,1096240,0,0,0.0+/-0,0.0+/-0,0.0+/-0,0.0+/-0,0.0+/-0,0.0+/-0,0.0+/-0,0.0+/-0,0.0+/-0,0.0+/-0,0.0+/-0,0.0+/-0,0.0+/-0,0.0+/-0,0.0+/-0,0.0+/-0,0.0+/-0,0.0+/-0,0.0+/-0,0.0+/-0,0.0+/-0,0.0+/-0,0.0+/-0,0.0+/-0,0.0+/-0,0.0+/-0,0.0+/-0,0.0+/-0,0.0+/-0,0.0+/-0,0.0+/-0,0.0+/-0,0.0+/-0,0.0+/-0,0.0+/-0,0.0+/-0,0.0+/-0,0.0+/-0,0.0+/-0,0.0+/-0,0.0+/-0,0.0+/-0,0.0+/-0,0.0+/-0,0.0+/-0,0.0+/-0,0.0+/-0,0.0+/-0,0.0+/-0,0.0+/-0,0.0+/-0
Cambodia,1618879,3254511,0,0,0.0+/-0,0.0+/-0,0.0+/-0,0.0+/-0,0.0+/-0,0.0+/-0,0.0+/-0,0.0+/-0,0.0+/-0,0.0+/-0,0.0+/-0,0.0+/-0,0.0+/-0,0.0+/-0,0.0+/-0,0.0+/-0,0.0+/-0,0.0+/-0,0.0+/-0,0.0+/-0,0.0+/-0,0.0+/-0,0.0+/-0,0.0+/-0,0.0+/-0,0.0+/-0,0.0+/-0,0.0+/-0,0.0+/-0,0.0+/-0,0.0+/-0,0.0+/-0,0.0+/-0,0.0+/-0,0.0+/-0,0.0+/-0,0.0+/-0,0.0+/-0,0.0+/-0,0.0+/-0,0.0+/-0,0.0+/-0,0.0+/-0,0.0+/-0,0.0+/-0,0.0+/-0,0.0+/-0,0.0+/-0,0.0+/-0,0.0+/-0,0.0+/-0
Kiribati,7654,15972,0,0,0.0+/-0,0.0+/-0,0.0+/-0,0.0+/-0,0.0+/-0,0.0+/-0,0.0+/-0,0.0+/-0,0.0+/-0,0.0+/-0,0.0+/-0,0.0+/-0,0.0+/-0,0.0+/-0,0.0+/-0,0.0+/-0,0.0+/-0,0.0+/-0,0.0+/-0,0.0+/-0,0.0+/-0,0.0+/-0,0.0+/-0,0.0+/-0,0.0+/-0,0.0+/-0,0.0+/-0,0.0+/-0,0.0+/-0,0.0+/-0,0.0+/-0,0.0+/-0,0.0+/-0,0.0+/-0,0.0+/-0,0.0+/-0,0.0+/-0,0.0+/-0,0.0+/-0,0.0+/-0,0.0+/-0,0.0+/-0,0.0+/-0,0.0+/-0,0.0+/-0,0.0+/-0,0.0+/-0,0.0+/-0,0.0+/-0,0.0+/-0,0.0+/-0
St. Kitts and Nevis,5939,8072,0,0,0.0+/-0,0.0+/-0,0.0+/-0,0.0+/-0,0.0+/-0,0.0+/-0,0.0+/-0,0.0+/-0,0.0+/-0,0.0+/-0,0.0+/-0,0.0+/-0,0.0+/-0,0.0+/-0,0.0+/-0,0.0+/-0,0.0+/-0,0.0+/-0,0.0+/-0,0.0+/-0,0.0+/-0,0.0+/-0,0.0+/-0,0.0+/-0,0.0+/-0,0.0+/-0,0.0+/-0,0.0+/-0,0.0+/-0,0.0+/-0,0.0+/-0,0.0+/-0,0.0+/-0,0.0+/-0,0.0+/-0,0.0+/-0,0.0+/-0,0.0+/-0,0.0+/-0,0.0+/-0,0.0+/-0,0.0+/-0,0.0+/-0,0.0+/-0,0.0+/-0,0.0+/-0,0.0+/-0,0.0+/-0,0.0+/-0,0.0+/-0,0.0+/-0
South Korea,3994802,8392083,0,0,0.0+/-0,0.0+/-0,0.0+/-0,0.0+/-0,0.0+/-0,0.0+/-0,0.0+/-0,0.0+/-0,0.0+/-0,0.0+/-0,0.0+/-0,0.0+/-0,0.0+/-0,0.0+/-0,0.0+/-0,0.0+/-0,0.0+/-0,0.0+/-0,0.0+/-0,0.0+/-0,0.0+/-0,0.0+/-0,0.0+/-0,0.0+/-0,0.0+/-0,0.0+/-0,0.0+/-0,0.0+/-0,0.0+/-0,0.0+/-0,0.0+/-0,0.0+/-0,0.0+/-0,0.0+/-0,0.0+/-0,0.0+/-0,0.0+/-0,0.0+/-0,0.0+/-0,0.0+/-0,0.0+/-0,0.0+/-0,0.0+/-0,0.0+/-0,0.0+/-0,0.0+/-0,0.0+/-0,0.0+/-0,0.0+/-0,0.0+/-0,0.0+/-0
Kuwait,281601,691592,0,0,0.0+/-0,0.0+/-0,0.0+/-0,0.0+/-0,0.0+/-0,0.0+/-0,0.0+/-0,0.0+/-0,0.0+/-0,0.0+/-0,0.0+/-0,0.0+/-0,0.0+/-0,0.0+/-0,0.0+/-0,0.0+/-0,0.0+/-0,0.0+/-0,0.0+/-0,0.0+/-0,0.0+/-0,0.0+/-0,0.0+/-0,0.0+/-0,0.0+/-0,0.0+/-0,0.0+/-0,0.0+/-0,0.0+/-0,0.0+/-0,0.0+/-0,0.0+/-0,0.0+/-0,0.0+/-0,0.0+/-0,0.0+/-0,0.0+/-0,0.0+/-0,0.0+/-0,0.0+/-0,0.0+/-0,0.0+/-0,0.0+/-0,0.0+/-0,0.0+/-0,0.0+/-0,0.0+/-0,0.0+/-0,0.0+/-0,0.0+/-0,0.0+/-0
Laos,567868,854367,0,0,0.0+/-0,0.0+/-0,0.0+/-0,0.0+/-0,0.0+/-0,0.0+/-0,0.0+/-0,0.0+/-0,0.0+/-0,0.0+/-0,0.0+/-0,0.0+/-0,0.0+/-0,0.0+/-0,0.0+/-0,0.0+/-0,0.0+/-0,0.0+/-0,0.0+/-0,0.0+/-0,0.0+/-0,0.0+/-0,0.0+/-0,0.0+/-0,0.0+/-0,0.0+/-0,0.0+/-0,0.0+/-0,0.0+/-0,0.0+/-0,0.0+/-0,0.0+/-0,0.0+/-0,0.0+/-0,0.0+/-0,0.0+/-0,0.0+/-0,0.0+/-0,0.0+/-0,0.0+/-0,0.0+/-0,0.0+/-0,0.0+/-0,0.0+/-0,0.0+/-0,0.0+/-0,0.0+/-0,0.0+/-0,0.0+/-0,0.0+/-0,0.0+/-0
Lebanon,194602,485313,0,0,0.0+/-0,0.0+/-0,0.0+/-0,0.0+/-0,0.0+/-0,0.0+/-0,0.0+/-0,0.0+/-0,0.0+/-0,0.0+/-0,0.0+/-0,0.0+/-0,0.0+/-0,0.0+/-0,0.0+/-0,0.0+/-0,0.0+/-0,0.0+/-0,0.0+/-0,0.0+/-0,0.0+/-0,0.0+/-0,0.0+/-0,0.0+/-0,0.0+/-0,0.0+/-0,0.0+/-0,0.0+/-0,0.0+/-0,0.0+/-0,0.0+/-0,0.0+/-0,0.0+/-0,0.0+/-0,0.0+/-0,0.0+/-0,0.0+/-0,0.0+/-0,0.0+/-0,0.0+/-0,0.0+/-0,0.0+/-0,0.0+/-0,0.0+/-0,0.0+/-0,0.0+/-0,0.0+/-0,0.0+/-0,0.0+/-0,0.0+/-0,0.0+/-0
Liberia,267131,681069,0,0,0.0+/-0,0.0+/-0,0.0+/-0,0.0+/-0,0.0+/-0,0.0+/-0,0.0+/-0,0.0+/-0,0.0+/-0,0.0+/-0,0.0+/-0,0.0+/-0,0.0+/-0,0.0+/-0,0.0+/-0,0.0+/-0,0.0+/-0,0.0+/-0,0.0+/-0,0.0+/-0,0.0+/-0,0.0+/-0,0.0+/-0,0.0+/-0,0.0+/-0,0.0+/-0,0.0+/-0,0.0+/-0,0.0+/-0,0.0+/-0,0.0+/-0,0.0+/-0,0.0+/-0,0.0+/-0,0.0+/-0,0.0+/-0,0.0+/-0,0.0+/-0,0.0+/-0,0.0+/-0,0.0+/-0,0.0+/-0,0.0+/-0,0.0+/-0,0.0+/-0,0.0+/-0,0.0+/-0,0.0+/-0,0.0+/-0,0.0+/-0,0.0+/-0
Libya,429019,808661,0,0,0.0+/-0,0.0+/-0,0.0+/-0,0.0+/-0,0.0+/-0,0.0+/-0,0.0+/-0,0.0+/-0,0.0+/-0,0.0+/-0,0.0+/-0,0.0+/-0,0.0+/-0,0.0+/-0,0.0+/-0,0.0+/-0,0.0+/-0,0.0+/-0,0.0+/-0,0.0+/-0,0.0+/-0,0.0+/-0,0.0+/-0,0.0+/-0,0.0+/-0,0.0+/-0,0.0+/-0,0.0+/-0,0.0+/-0,0.0+/-0,0.0+/-0,0.0+/-0,0.0+/-0,0.0+/-0,0.0+/-0,0.0+/-0,0.0+/-0,0.0+/-0,0.0+/-0,0.0+/-0,0.0+/-0,0.0+/-0,0.0+/-0,0.0+/-0,0.0+/-0,0.0+/-0,0.0+/-0,0.0+/-0,0.0+/-0,0.0+/-0,0.0+/-0
St. Lucia,27729,37686,0,0,0.0+/-0,0.0+/-0,0.0+/-0,0.0+/-0,0.0+/-0,0.0+/-0,0.0+/-0,0.0+/-0,0.0+/-0,0.0+/-0,0.0+/-0,0.0+/-0,0.0+/-0,0.0+/-0,0.0+/-0,0.0+/-0,0.0+/-0,0.0+/-0,0.0+/-0,0.0+/-0,0.0+/-0,0.0+/-0,0.0+/-0,0.0+/-0,0.0+/-0,0.0+/-0,0.0+/-0,0.0+/-0,0.0+/-0,0.0+/-0,0.0+/-0,0.0+/-0,0.0+/-0,0.0+/-0,0.0+/-0,0.0+/-0,0.0+/-0,0.0+/-0,0.0+/-0,0.0+/-0,0.0+/-0,0.0+/-0,0.0+/-0,0.0+/-0,0.0+/-0,0.0+/-0,0.0+/-0,0.0+/-0,0.0+/-0,0.0+/-0,0.0+/-0
Liechtenstein,1588,4386,0,0,0.0+/-0,0.0+/-0,0.0+/-0,0.0+/-0,0.0+/-0,0.0+/-0,0.0+/-0,0.0+/-0,0.0+/-0,0.0+/-0,0.0+/-0,0.0+/-0,0.0+/-0,0.0+/-0,0.0+/-0,0.0+/-0,0.0+/-0,0.0+/-0,0.0+/-0,0.0+/-0,0.0+/-0,0.0+/-0,0.0+/-0,0.0+/-0,0.0+/-0,0.0+/-0,0.0+/-0,0.0+/-0,0.0+/-0,0.0+/-0,0.0+/-0,0.0+/-0,0.0+/-0,0.0+/-0,0.0+/-0,0.0+/-0,0.0+/-0,0.0+/-0,0.0+/-0,0.0+/-0,0.0+/-0,0.0+/-0,0.0+/-0,0.0+/-0,0.0+/-0,0.0+/-0,0.0+/-0,0.0+/-0,0.0+/-0,0.0+/-0,0.0+/-0
Sri Lanka,1447701,2423970,0,0,0.0+/-0,0.0+/-0,0.0+/-0,0.0+/-0,0.0+/-0,0.0+/-0,0.0+/-0,0.0+/-0,0.0+/-0,0.0+/-0,0.0+/-0,0.0+/-0,0.0+/-0,0.0+/-0,0.0+/-0,0.0+/-0,0.0+/-0,0.0+/-0,0.0+/-0,0.0+/-0,0.0+/-0,0.0+/-0,0.0+/-0,0.0+/-0,0.0+/-0,0.0+/-0,0.0+/-0,0.0+/-0,0.0+/-0,0.0+/-0,0.0+/-0,0.0+/-0,0.0+/-0,0.0+/-0,0.0+/-0,0.0+/-0,0.0+/-0,0.0+/-0,0.0+/-0,0.0+/-0,0.0+/-0,0.0+/-0,0.0+/-0,0.0+/-0,0.0+/-0,0.0+/-0,0.0+/-0,0.0+/-0,0.0+/-0,0.0+/-0,0.0+/-0
Lesotho,94028,220995,0,0,0.0+/-0,0.0+/-0,0.0+/-0,0.0+/-0,0.0+/-0,0.0+/-0,0.0+/-0,0.0+/-0,0.0+/-0,0.0+/-0,0.0+/-0,0.0+/-0,0.0+/-0,0.0+/-0,0.0+/-0,0.0+/-0,0.0+/-0,0.0+/-0,0.0+/-0,0.0+/-0,0.0+/-0,0.0+/-0,0.0+/-0,0.0+/-0,0.0+/-0,0.0+/-0,0.0+/-0,0.0+/-0,0.0+/-0,0.0+/-0,0.0+/-0,0.0+/-0,0.0+/-0,0.0+/-0,0.0+/-0,0.0+/-0,0.0+/-0,0.0+/-0,0.0+/-0,0.0+/-0,0.0+/-0,0.0+/-0,0.0+/-0,0.0+/-0,0.0+/-0,0.0+/-0,0.0+/-0,0.0+/-0,0.0+/-0,0.0+/-0,0.0+/-0
Lithuania,162149,345964,0,0,0.0+/-0,0.0+/-0,0.0+/-0,0.0+/-0,0.0+/-0,0.0+/-0,0.0+/-0,0.0+/-0,0.0+/-0,0.0+/-0,0.0+/-0,0.0+/-0,0.0+/-0,0.0+/-0,0.0+/-0,0.0+/-0,0.0+/-0,0.0+/-0,0.0+/-0,0.0+/-0,0.0+/-0,0.0+/-0,0.0+/-0,0.0+/-0,0.0+/-0,0.0+/-0,0.0+/-0,0.0+/-0,0.0+/-0,0.0+/-0,0.0+/-0,0.0+/-0,0.0+/-0,0.0+/-0,0.0+/-0,0.0+/-0,0.0+/-0,0.0+/-0,0.0+/-0,0.0+/-0,0.0+/-0,0.0+/-0,0.0+/-0,0.0+/-0,0.0+/-0,0.0+/-0,0.0+/-0,0.0+/-0,0.0+/-0,0.0+/-0,0.0+/-0
Luxembourg,22059,50494,0,0,0.0+/-0,0.0+/-0,0.0+/-0,0.0+/-0,0.0+/-0,0.0+/-0,0.0+/-0,0.0+/-0,0.0+/-0,0.0+/-0,0.0+/-0,0.0+/-0,0.0+/-0,0.0+/-0,0.0+/-0,0.0+/-0,0.0+/-0,0.0+/-0,0.0+/-0,0.0+/-0,0.0+/-0,0.0+/-0,0.0+/-0,0.0+/-0,0.0+/-0,0.0+/-0,0.0+/-0,0.0+/-0,0.0+/-0,0.0+/-0,0.0+/-0,0.0+/-0,0.0+/-0,0.0+/-0,0.0+/-0,0.0+/-0,0.0+/-0,0.0+/-0,0.0+/-0,0.0+/-0,0.0+/-0,0.0+/-0,0.0+/-0,0.0+/-0,0.0+/-0,0.0+/-0,0.0+/-0,0.0+/-0,0.0+/-0,0.0+/-0,0.0+/-0
Latvia,98939,211387,0,0,0.0+/-0,0.0+/-0,0.0+/-0,0.0+/-0,0.0+/-0,0.0+/-0,0.0+/-0,0.0+/-0,0.0+/-0,0.0+/-0,0.0+/-0,0.0+/-0,0.0+/-0,0.0+/-0,0.0+/-0,0.0+/-0,0.0+/-0,0.0+/-0,0.0+/-0,0.0+/-0,0.0+/-0,0.0+/-0,0.0+/-0,0.0+/-0,0.0+/-0,0.0+/-0,0.0+/-0,0.0+/-0,0.0+/-0,0.0+/-0,0.0+/-0,0.0+/-0,0.0+/-0,0.0+/-0,0.0+/-0,0.0+/-0,0.0+/-0,0.0+/-0,0.0+/-0,0.0+/-0,0.0+/-0,0.0+/-0,0.0+/-0,0.0+/-0,0.0+/-0,0.0+/-0,0.0+/-0,0.0+/-0,0.0+/-0,0.0+/-0,0.0+/-0
Macau,35983,67326,0,0,0.0+/-0,0.0+/-0,0.0+/-0,0.0+/-0,0.0+/-0,0.0+/-0,0.0+/-0,0.0+/-0,0.0+/-0,0.0+/-0,0.0+/-0,0.0+/-0,0.0+/-0,0.0+/-0,0.0+/-0,0.0+/-0,0.0+/-0,0.0+/-0,0.0+/-0,0.0+/-0,0.0+/-0,0.0+/-0,0.0+/-0,0.0+/-0,0.0+/-0,0.0+/-0,0.0+/-0,0.0+/-0,0.0+/-0,0.0+/-0,0.0+/-0,0.0+/-0,0.0+/-0,0.0+/-0,0.0+/-0,0.0+/-0,0.0+/-0,0.0+/-0,0.0+/-0,0.0+/-0,0.0+/-0,0.0+/-0,0.0+/-0,0.0+/-0,0.0+/-0,0.0+/-0,0.0+/-0,0.0+/-0,0.0+/-0,0.0+/-0,0.0+/-0
Saint-Martin,0,0,0,0,0.0+/-0,0.0+/-0,0.0+/-0,0.0+/-0,0.0+/-0,0.0+/-0,0.0+/-0,0.0+/-0,0.0+/-0,0.0+/-0,0.0+/-0,0.0+/-0,0.0+/-0,0.0+/-0,0.0+/-0,0.0+/-0,0.0+/-0,0.0+/-0,0.0+/-0,0.0+/-0,0.0+/-0,0.0+/-0,0.0+/-0,0.0+/-0,0.0+/-0,0.0+/-0,0.0+/-0,0.0+/-0,0.0+/-0,0.0+/-0,0.0+/-0,0.0+/-0,0.0+/-0,0.0+/-0,0.0+/-0,0.0+/-0,0.0+/-0,0.0+/-0,0.0+/-0,0.0+/-0,0.0+/-0,0.0+/-0,0.0+/-0,0.0+/-0,0.0+/-0,0.0+/-0,0.0+/-0,0.0+/-0,0.0+/-0,0.0+/-0,0.0+/-0
Morocco,2078581,3917934,0,0,0.0+/-0,0.0+/-0,0.0+/-0,0.0+/-0,0.0+/-0,0.0+/-0,0.0+/-0,0.0+/-0,0.0+/-0,0.0+/-0,0.0+/-0,0.0+/-0,0.0+/-0,0.0+/-0,0.0+/-0,0.0+/-0,0.0+/-0,0.0+/-0,0.0+/-0,0.0+/-0,0.0+/-0,0.0+/-0,0.0+/-0,0.0+/-0,0.0+/-0,0.0+/-0,0.0+/-0,0.0+/-0,0.0+/-0,0.0+/-0,0.0+/-0,0.0+/-0,0.0+/-0,0.0+/-0,0.0+/-0,0.0+/-0,0.0+/-0,0.0+/-0,0.0+/-0,0.0+/-0,0.0+/-0,0.0+/-0,0.0+/-0,0.0+/-0,0.0+/-0,0.0+/-0,0.0+/-0,0.0+/-0,0.0+/-0,0.0+/-0,0.0+/-0
Monaco,5989,16535,0,0,0.0+/-0,0.0+/-0,0.0+/-0,0.0+/-0,0.0+/-0,0.0+/-0,0.0+/-0,0.0+/-0,0.0+/-0,0.0+/-0,0.0+/-0,0.0+/-0,0.0+/-0,0.0+/-0,0.0+/-0,0.0+/-0,0.0+/-0,0.0+/-0,0.0+/-0,0.0+/-0,0.0+/-0,0.0+/-0,0.0+/-0,0.0+/-0,0.0+/-0,0.0+/-0,0.0+/-0,0.0+/-0,0.0+/-0,0.0+/-0,0.0+/-0,0.0+/-0,0.0+/-0,0.0+/-0,0.0+/-0,0.0+/-0,0.0+/-0,0.0+/-0,0.0+/-0,0.0+/-0,0.0+/-0,0.0+/-0,0.0+/-0,0.0+/-0,0.0+/-0,0.0+/-0,0.0+/-0,0.0+/-0,0.0+/-0,0.0+/-0,0.0+/-0
Moldova,191260,344477,0,0,0.0+/-0,0.0+/-0,0.0+/-0,0.0+/-0,0.0+/-0,0.0+/-0,0.0+/-0,0.0+/-0,0.0+/-0,0.0+/-0,0.0+/-0,0.0+/-0,0.0+/-0,0.0+/-0,0.0+/-0,0.0+/-0,0.0+/-0,0.0+/-0,0.0+/-0,0.0+/-0,0.0+/-0,0.0+/-0,0.0+/-0,0.0+/-0,0.0+/-0,0.0+/-0,0.0+/-0,0.0+/-0,0.0+/-0,0.0+/-0,0.0+/-0,0.0+/-0,0.0+/-0,0.0+/-0,0.0+/-0,0.0+/-0,0.0+/-0,0.0+/-0,0.0+/-0,0.0+/-0,0.0+/-0,0.0+/-0,0.0+/-0,0.0+/-0,0.0+/-0,0.0+/-0,0.0+/-0,0.0+/-0,0.0+/-0,0.0+/-0,0.0+/-0
Madagascar,4485611,6096348,0,0,0.0+/-0,0.0+/-0,0.0+/-0,0.0+/-0,0.0+/-0,0.0+/-0,0.0+/-0,0.0+/-0,0.0+/-0,0.0+/-0,0.0+/-0,0.0+/-0,0.0+/-0,0.0+/-0,0.0+/-0,0.0+/-0,0.0+/-0,0.0+/-0,0.0+/-0,0.0+/-0,0.0+/-0,0.0+/-0,0.0+/-0,0.0+/-0,0.0+/-0,0.0+/-0,0.0+/-0,0.0+/-0,0.0+/-0,0.0+/-0,0.0+/-0,0.0+/-0,0.0+/-0,0.0+/-0,0.0+/-0,0.0+/-0,0.0+/-0,0.0+/-0,0.0+/-0,0.0+/-0,0.0+/-0,0.0+/-0,0.0+/-0,0.0+/-0,0.0+/-0,0.0+/-0,0.0+/-0,0.0+/-0,0.0+/-0,0.0+/-0,0.0+/-0
Maldives,21079,47909,0,0,0.0+/-0,0.0+/-0,0.0+/-0,0.0+/-0,0.0+/-0,0.0+/-0,0.0+/-0,0.0+/-0,0.0+/-0,0.0+/-0,0.0+/-0,0.0+/-0,0.0+/-0,0.0+/-0,0.0+/-0,0.0+/-0,0.0+/-0,0.0+/-0,0.0+/-0,0.0+/-0,0.0+/-0,0.0+/-0,0.0+/-0,0.0+/-0,0.0+/-0,0.0+/-0,0.0+/-0,0.0+/-0,0.0+/-0,0.0+/-0,0.0+/-0,0.0+/-0,0.0+/-0,0.0+/-0,0.0+/-0,0.0+/-0,0.0+/-0,0.0+/-0,0.0+/-0,0.0+/-0,0.0+/-0,0.0+/-0,0.0+/-0,0.0+/-0,0.0+/-0,0.0+/-0,0.0+/-0,0.0+/-0,0.0+/-0,0.0+/-0,0.0+/-0
Mexico,9086368,24246846,0,0,0.0+/-0,0.0+/-0,0.0+/-0,0.0+/-0,0.0+/-0,0.0+/-0,0.0+/-0,0.0+/-0,0.0+/-0,0.0+/-0,0.0+/-0,0.0+/-0,0.0+/-0,0.0+/-0,0.0+/-0,0.0+/-0,0.0+/-0,0.0+/-0,0.0+/-0,0.0+/-0,0.0+/-0,0.0+/-0,0.0+/-0,0.0+/-0,0.0+/-0,0.0+/-0,0.0+/-0,0.0+/-0,0.0+/-0,0.0+/-0,0.0+/-0,0.0+/-0,0.0+/-0,0.0+/-0,0.0+/-0,0.0+/-0,0.0+/-0,0.0+/-0,0.0+/-0,0.0+/-0,0.0+/-0,0.0+/-0,0.0+/-0,0.0+/-0,0.0+/-0,0.0+/-0,0.0+/-0,0.0+/-0,0.0+/-0,0.0+/-0,0.0+/-0
Marshall Islands,1621,3344,0,0,0.0+/-0,0.0+/-0,0.0+/-0,0.0+/-0,0.0+/-0,0.0+/-0,0.0+/-0,0.0+/-0,0.0+/-0,0.0+/-0,0.0+/-0,0.0+/-0,0.0+/-0,0.0+/-0,0.0+/-0,0.0+/-0,0.0+/-0,0.0+/-0,0.0+/-0,0.0+/-0,0.0+/-0,0.0+/-0,0.0+/-0,0.0+/-0,0.0+/-0,0.0+/-0,0.0+/-0,0.0+/-0,0.0+/-0,0.0+/-0,0.0+/-0,0.0+/-0,0.0+/-0,0.0+/-0,0.0+/-0,0.0+/-0,0.0+/-0,0.0+/-0,0.0+/-0,0.0+/-0,0.0+/-0,0.0+/-0,0.0+/-0,0.0+/-0,0.0+/-0,0.0+/-0,0.0+/-0,0.0+/-0,0.0+/-0,0.0+/-0,0.0+/-0
North Macedonia,119756,251912,0,0,0.0+/-0,0.0+/-0,0.0+/-0,0.0+/-0,0.0+/-0,0.0+/-0,0.0+/-0,0.0+/-0,0.0+/-0,0.0+/-0,0.0+/-0,0.0+/-0,0.0+/-0,0.0+/-0,0.0+/-0,0.0+/-0,0.0+/-0,0.0+/-0,0.0+/-0,0.0+/-0,0.0+/-0,0.0+/-0,0.0+/-0,0.0+/-0,0.0+/-0,0.0+/-0,0.0+/-0,0.0+/-0,0.0+/-0,0.0+/-0,0.0+/-0,0.0+/-0,0.0+/-0,0.0+/-0,0.0+/-0,0.0+/-0,0.0+/-0,0.0+/-0,0.0+/-0,0.0+/-0,0.0+/-0,0.0+/-0,0.0+/-0,0.0+/-0,0.0+/-0,0.0+/-0,0.0+/-0,0.0+/-0,0.0+/-0,0.0+/-0,0.0+/-0
Mali,1878429,3031099,0,0,0.0+/-0,0.0+/-0,0.0+/-0,0.0+/-0,0.0+/-0,0.0+/-0,0.0+/-0,0.0+/-0,0.0+/-0,0.0+/-0,0.0+/-0,0.0+/-0,0.0+/-0,0.0+/-0,0.0+/-0,0.0+/-0,0.0+/-0,0.0+/-0,0.0+/-0,0.0+/-0,0.0+/-0,0.0+/-0,0.0+/-0,0.0+/-0,0.0+/-0,0.0+/-0,0.0+/-0,0.0+/-0,0.0+/-0,0.0+/-0,0.0+/-0,0.0+/-0,0.0+/-0,0.0+/-0,0.0+/-0,0.0+/-0,0.0+/-0,0.0+/-0,0.0+/-0,0.0+/-0,0.0+/-0,0.0+/-0,0.0+/-0,0.0+/-0,0.0+/-0,0.0+/-0,0.0+/-0,0.0+/-0,0.0+/-0,0.0+/-0,0.0+/-0
Malta,31600,76797,0,0,0.0+/-0,0.0+/-0,0.0+/-0,0.0+/-0,0.0+/-0,0.0+/-0,0.0+/-0,0.0+/-0,0.0+/-0,0.0+/-0,0.0+/-0,0.0+/-0,0.0+/-0,0.0+/-0,0.0+/-0,0.0+/-0,0.0+/-0,0.0+/-0,0.0+/-0,0.0+/-0,0.0+/-0,0.0+/-0,0.0+/-0,0.0+/-0,0.0+/-0,0.0+/-0,0.0+/-0,0.0+/-0,0.0+/-0,0.0+/-0,0.0+/-0,0.0+/-0,0.0+/-0,0.0+/-0,0.0+/-0,0.0+/-0,0.0+/-0,0.0+/-0,0.0+/-0,0.0+/-0,0.0+/-0,0.0+/-0,0.0+/-0,0.0+/-0,0.0+/-0,0.0+/-0,0.0+/-0,0.0+/-0,0.0+/-0,0.0+/-0,0.0+/-0
Myanmar,5891601,10319065,0,0,0.0+/-0,0.0+/-0,0.0+/-0,0.0+/-0,0.0+/-0,0.0+/-0,0.0+/-0,0.0+/-0,0.0+/-0,0.0+/-0,0.0+/-0,0.0+/-0,0.0+/-0,0.0+/-0,0.0+/-0,0.0+/-0,0.0+/-0,0.0+/-0,0.0+/-0,0.0+/-0,0.0+/-0,0.0+/-0,0.0+/-0,0.0+/-0,0.0+/-0,0.0+/-0,0.0+/-0,0.0+/-0,0.0+/-0,0.0+/-0,0.0+/-0,0.0+/-0,0.0+/-0,0.0+/-0,0.0+/-0,0.0+/-0,0.0+/-0,0.0+/-0,0.0+/-0,0.0+/-0,0.0+/-0,0.0+/-0,0.0+/-0,0.0+/-0,0.0+/-0,0.0+/-0,0.0+/-0,0.0+/-0,0.0+/-0,0.0+/-0,0.0+/-0
Montenegro,28816,68188,0,0,0.0+/-0,0.0+/-0,0.0+/-0,0.0+/-0,0.0+/-0,0.0+/-0,0.0+/-0,0.0+/-0,0.0+/-0,0.0+/-0,0.0+/-0,0.0+/-0,0.0+/-0,0.0+/-0,0.0+/-0,0.0+/-0,0.0+/-0,0.0+/-0,0.0+/-0,0.0+/-0,0.0+/-0,0.0+/-0,0.0+/-0,0.0+/-0,0.0+/-0,0.0+/-0,0.0+/-0,0.0+/-0,0.0+/-0,0.0+/-0,0.0+/-0,0.0+/-0,0.0+/-0,0.0+/-0,0.0+/-0,0.0+/-0,0.0+/-0,0.0+/-0,0.0+/-0,0.0+/-0,0.0+/-0,0.0+/-0,0.0+/-0,0.0+/-0,0.0+/-0,0.0+/-0,0.0+/-0,0.0+/-0,0.0+/-0,0.0+/-0,0.0+/-0
Mongolia,315736,512476,0,0,0.0+/-0,0.0+/-0,0.0+/-0,0.0+/-0,0.0+/-0,0.0+/-0,0.0+/-0,0.0+/-0,0.0+/-0,0.0+/-0,0.0+/-0,0.0+/-0,0.0+/-0,0.0+/-0,0.0+/-0,0.0+/-0,0.0+/-0,0.0+/-0,0.0+/-0,0.0+/-0,0.0+/-0,0.0+/-0,0.0+/-0,0.0+/-0,0.0+/-0,0.0+/-0,0.0+/-0,0.0+/-0,0.0+/-0,0.0+/-0,0.0+/-0,0.0+/-0,0.0+/-0,0.0+/-0,0.0+/-0,0.0+/-0,0.0+/-0,0.0+/-0,0.0+/-0,0.0+/-0,0.0+/-0,0.0+/-0,0.0+/-0,0.0+/-0,0.0+/-0,0.0+/-0,0.0+/-0,0.0+/-0,0.0+/-0,0.0+/-0,0.0+/-0
Northern Mariana Islands,2405,5139,0,0,0.0+/-0,0.0+/-0,0.0+/-0,0.0+/-0,0.0+/-0,0.0+/-0,0.0+/-0,0.0+/-0,0.0+/-0,0.0+/-0,0.0+/-0,0.0+/-0,0.0+/-0,0.0+/-0,0.0+/-0,0.0+/-0,0.0+/-0,0.0+/-0,0.0+/-0,0.0+/-0,0.0+/-0,0.0+/-0,0.0+/-0,0.0+/-0,0.0+/-0,0.0+/-0,0.0+/-0,0.0+/-0,0.0+/-0,0.0+/-0,0.0+/-0,0.0+/-0,0.0+/-0,0.0+/-0,0.0+/-0,0.0+/-0,0.0+/-0,0.0+/-0,0.0+/-0,0.0+/-0,0.0+/-0,0.0+/-0,0.0+/-0,0.0+/-0,0.0+/-0,0.0+/-0,0.0+/-0,0.0+/-0,0.0+/-0,0.0+/-0,0.0+/-0
Mozambique,783639,2253535,0,0,0.0+/-0,0.0+/-0,0.0+/-0,0.0+/-0,0.0+/-0,0.0+/-0,0.0+/-0,0.0+/-0,0.0+/-0,0.0+/-0,0.0+/-0,0.0+/-0,0.0+/-0,0.0+/-0,0.0+/-0,0.0+/-0,0.0+/-0,0.0+/-0,0.0+/-0,0.0+/-0,0.0+/-0,0.0+/-0,0.0+/-0,0.0+/-0,0.0+/-0,0.0+/-0,0.0+/-0,0.0+/-0,0.0+/-0,0.0+/-0,0.0+/-0,0.0+/-0,0.0+/-0,0.0+/-0,0.0+/-0,0.0+/-0,0.0+/-0,0.0+/-0,0.0+/-0,0.0+/-0,0.0+/-0,0.0+/-0,0.0+/-0,0.0+/-0,0.0+/-0,0.0+/-0,0.0+/-0,0.0+/-0,0.0+/-0,0.0+/-0,0.0+/-0
Mauritania,157835,422709,0,0,0.0+/-0,0.0+/-0,0.0+/-0,0.0+/-0,0.0+/-0,0.0+/-0,0.0+/-0,0.0+/-0,0.0+/-0,0.0+/-0,0.0+/-0,0.0+/-0,0.0+/-0,0.0+/-0,0.0+/-0,0.0+/-0,0.0+/-0,0.0+/-0,0.0+/-0,0.0+/-0,0.0+/-0,0.0+/-0,0.0+/-0,0.0+/-0,0.0+/-0,0.0+/-0,0.0+/-0,0.0+/-0,0.0+/-0,0.0+/-0,0.0+/-0,0.0+/-0,0.0+/-0,0.0+/-0,0.0+/-0,0.0+/-0,0.0+/-0,0.0+/-0,0.0+/-0,0.0+/-0,0.0+/-0,0.0+/-0,0.0+/-0,0.0+/-0,0.0+/-0,0.0+/-0,0.0+/-0,0.0+/-0,0.0+/-0,0.0+/-0,0.0+/-0
Mauritius,68833,163333,0,0,0.0+/-0,0.0+/-0,0.0+/-0,0.0+/-0,0.0+/-0,0.0+/-0,0.0+/-0,0.0+/-0,0.0+/-0,0.0+/-0,0.0+/-0,0.0+/-0,0.0+/-0,0.0+/-0,0.0+/-0,0.0+/-0,0.0+/-0,0.0+/-0,0.0+/-0,0.0+/-0,0.0+/-0,0.0+/-0,0.0+/-0,0.0+/-0,0.0+/-0,0.0+/-0,0.0+/-0,0.0+/-0,0.0+/-0,0.0+/-0,0.0+/-0,0.0+/-0,0.0+/-0,0.0+/-0,0.0+/-0,0.0+/-0,0.0+/-0,0.0+/-0,0.0+/-0,0.0+/-0,0.0+/-0,0.0+/-0,0.0+/-0,0.0+/-0,0.0+/-0,0.0+/-0,0.0+/-0,0.0+/-0,0.0+/-0,0.0+/-0,0.0+/-0
Malawi,1321453,2087169,0,0,0.0+/-0,0.0+/-0,0.0+/-0,0.0+/-0,0.0+/-0,0.0+/-0,0.0+/-0,0.0+/-0,0.0+/-0,0.0+/-0,0.0+/-0,0.0+/-0,0.0+/-0,0.0+/-0,0.0+/-0,0.0+/-0,0.0+/-0,0.0+/-0,0.0+/-0,0.0+/-0,0.0+/-0,0.0+/-0,0.0+/-0,0.0+/-0,0.0+/-0,0.0+/-0,0.0+/-0,0.0+/-0,0.0+/-0,0.0+/-0,0.0+/-0,0.0+/-0,0.0+/-0,0.0+/-0,0.0+/-0,0.0+/-0,0.0+/-0,0.0+/-0,0.0+/-0,0.0+/-0,0.0+/-0,0.0+/-0,0.0+/-0,0.0+/-0,0.0+/-0,0.0+/-0,0.0+/-0,0.0+/-0,0.0+/-0,0.0+/-0,0.0+/-0
Malaysia,3446847,6605063,0,0,0.0+/-0,0.0+/-0,0.0+/-0,0.0+/-0,0.0+/-0,0.0+/-0,0.0+/-0,0.0+/-0,0.0+/-0,0.0+/-0,0.0+/-0,0.0+/-0,0.0+/-0,0.0+/-0,0.0+/-0,0.0+/-0,0.0+/-0,0.0+/-0,0.0+/-0,0.0+/-0,0.0+/-0,0.0+/-0,0.0+/-0,0.0+/-0,0.0+/-0,0.0+/-0,0.0+/-0,0.0+/-0,0.0+/-0,0.0+/-0,0.0+/-0,0.0+/-0,0.0+/-0,0.0+/-0,0.0+/-0,0.0+/-0,0.0+/-0,0.0+/-0,0.0+/-0,0.0+/-0,0.0+/-0,0.0+/-0,0.0+/-0,0.0+/-0,0.0+/-0,0.0+/-0,0.0+/-0,0.0+/-0,0.0+/-0,0.0+/-0,0.0+/-0
Namibia,170690,314157,0,0,0.0+/-0,0.0+/-0,0.0+/-0,0.0+/-0,0.0+/-0,0.0+/-0,0.0+/-0,0.0+/-0,0.0+/-0,0.0+/-0,0.0+/-0,0.0+/-0,0.0+/-0,0.0+/-0,0.0+/-0,0.0+/-0,0.0+/-0,0.0+/-0,0.0+/-0,0.0+/-0,0.0+/-0,0.0+/-0,0.0+/-0,0.0+/-0,0.0+/-0,0.0+/-0,0.0+/-0,0.0+/-0,0.0+/-0,0.0+/-0,0.0+/-0,0.0+/-0,0.0+/-0,0.0+/-0,0.0+/-0,0.0+/-0,0.0+/-0,0.0+/-0,0.0+/-0,0.0+/-0,0.0+/-0,0.0+/-0,0.0+/-0,0.0+/-0,0.0+/-0,0.0+/-0,0.0+/-0,0.0+/-0,0.0+/-0,0.0+/-0,0.0+/-0
New Caledonia,15458,30249,0,0,0.0+/-0,0.0+/-0,0.0+/-0,0.0+/-0,0.0+/-0,0.0+/-0,0.0+/-0,0.0+/-0,0.0+/-0,0.0+/-0,0.0+/-0,0.0+/-0,0.0+/-0,0.0+/-0,0.0+/-0,0.0+/-0,0.0+/-0,0.0+/-0,0.0+/-0,0.0+/-0,0.0+/-0,0.0+/-0,0.0+/-0,0.0+/-0,0.0+/-0,0.0+/-0,0.0+/-0,0.0+/-0,0.0+/-0,0.0+/-0,0.0+/-0,0.0+/-0,0.0+/-0,0.0+/-0,0.0+/-0,0.0+/-0,0.0+/-0,0.0+/-0,0.0+/-0,0.0+/-0,0.0+/-0,0.0+/-0,0.0+/-0,0.0+/-0,0.0+/-0,0.0+/-0,0.0+/-0,0.0+/-0,0.0+/-0,0.0+/-0,0.0+/-0
Niger,1369646,3668137,0,0,0.0+/-0,0.0+/-0,0.0+/-0,0.0+/-0,0.0+/-0,0.0+/-0,0.0+/-0,0.0+/-0,0.0+/-0,0.0+/-0,0.0+/-0,0.0+/-0,0.0+/-0,0.0+/-0,0.0+/-0,0.0+/-0,0.0+/-0,0.0+/-0,0.0+/-0,0.0+/-0,0.0+/-0,0.0+/-0,0.0+/-0,0.0+/-0,0.0+/-0,0.0+/-0,0.0+/-0,0.0+/-0,0.0+/-0,0.0+/-0,0.0+/-0,0.0+/-0,0.0+/-0,0.0+/-0,0.0+/-0,0.0+/-0,0.0+/-0,0.0+/-0,0.0+/-0,0.0+/-0,0.0+/-0,0.0+/-0,0.0+/-0,0.0+/-0,0.0+/-0,0.0+/-0,0.0+/-0,0.0+/-0,0.0+/-0,0.0+/-0,0.0+/-0
Nigeria,9873848,22975190,0,0,0.0+/-0,0.0+/-0,0.0+/-0,0.0+/-0,0.0+/-0,0.0+/-0,0.0+/-0,0.0+/-0,0.0+/-0,0.0+/-0,0.0+/-0,0.0+/-0,0.0+/-0,0.0+/-0,0.0+/-0,0.0+/-0,0.0+/-0,0.0+/-0,0.0+/-0,0.0+/-0,0.0+/-0,0.0+/-0,0.0+/-0,0.0+/-0,0.0+/-0,0.0+/-0,0.0+/-0,0.0+/-0,0.0+/-0,0.0+/-0,0.0+/-0,0.0+/-0,0.0+/-0,0.0+/-0,0.0+/-0,0.0+/-0,0.0+/-0,0.0+/-0,0.0+/-0,0.0+/-0,0.0+/-0,0.0+/-0,0.0+/-0,0.0+/-0,0.0+/-0,0.0+/-0,0.0+/-0,0.0+/-0,0.0+/-0,0.0+/-0,0.0+/-0
Nicaragua,536009,1234219,0,0,0.0+/-0,0.0+/-0,0.0+/-0,0.0+/-0,0.0+/-0,0.0+/-0,0.0+/-0,0.0+/-0,0.0+/-0,0.0+/-0,0.0+/-0,0.0+/-0,0.0+/-0,0.0+/-0,0.0+/-0,0.0+/-0,0.0+/-0,0.0+/-0,0.0+/-0,0.0+/-0,0.0+/-0,0.0+/-0,0.0+/-0,0.0+/-0,0.0+/-0,0.0+/-0,0.0+/-0,0.0+/-0,0.0+/-0,0.0+/-0,0.0+/-0,0.0+/-0,0.0+/-0,0.0+/-0,0.0+/-0,0.0+/-0,0.0+/-0,0.0+/-0,0.0+/-0,0.0+/-0,0.0+/-0,0.0+/-0,0.0+/-0,0.0+/-0,0.0+/-0,0.0+/-0,0.0+/-0,0.0+/-0,0.0+/-0,0.0+/-0,0.0+/-0
Netherlands,936193,2265118,0,0,0.0+/-0,0.0+/-0,0.0+/-0,0.0+/-0,0.0+/-0,0.0+/-0,0.0+/-0,0.0+/-0,0.0+/-0,0.0+/-0,0.0+/-0,0.0+/-0,0.0+/-0,0.0+/-0,0.0+/-0,0.0+/-0,0.0+/-0,0.0+/-0,0.0+/-0,0.0+/-0,0.0+/-0,0.0+/-0,0.0+/-0,0.0+/-0,0.0+/-0,0.0+/-0,0.0+/-0,0.0+/-0,0.0+/-0,0.0+/-0,0.0+/-0,0.0+/-0,0.0+/-0,0.0+/-0,0.0+/-0,0.0+/-0,0.0+/-0,0.0+/-0,0.0+/-0,0.0+/-0,0.0+/-0,0.0+/-0,0.0+/-0,0.0+/-0,0.0+/-0,0.0+/-0,0.0+/-0,0.0+/-0,0.0+/-0,0.0+/-0,0.0+/-0
Norway,332109,758065,0,0,0.0+/-0,0.0+/-0,0.0+/-0,0.0+/-0,0.0+/-0,0.0+/-0,0.0+/-0,0.0+/-0,0.0+/-0,0.0+/-0,0.0+/-0,0.0+/-0,0.0+/-0,0.0+/-0,0.0+/-0,0.0+/-0,0.0+/-0,0.0+/-0,0.0+/-0,0.0+/-0,0.0+/-0,0.0+/-0,0.0+/-0,0.0+/-0,0.0+/-0,0.0+/-0,0.0+/-0,0.0+/-0,0.0+/-0,0.0+/-0,0.0+/-0,0.0+/-0,0.0+/-0,0.0+/-0,0.0+/-0,0.0+/-0,0.0+/-0,0.0+/-0,0.0+/-0,0.0+/-0,0.0+/-0,0.0+/-0,0.0+/-0,0.0+/-0,0.0+/-0,0.0+/-0,0.0+/-0,0.0+/-0,0.0+/-0,0.0+/-0,0.0+/-0
Nepal,1179238,2718261,0,0,0.0+/-0,0.0+/-0,0.0+/-0,0.0+/-0,0.0+/-0,0.0+/-0,0.0+/-0,0.0+/-0,0.0+/-0,0.0+/-0,0.0+/-0,0.0+/-0,0.0+/-0,0.0+/-0,0.0+/-0,0.0+/-0,0.0+/-0,0.0+/-0,0.0+/-0,0.0+/-0,0.0+/-0,0.0+/-0,0.0+/-0,0.0+/-0,0.0+/-0,0.0+/-0,0.0+/-0,0.0+/-0,0.0+/-0,0.0+/-0,0.0+/-0,0.0+/-0,0.0+/-0,0.0+/-0,0.0+/-0,0.0+/-0,0.0+/-0,0.0+/-0,0.0+/-0,0.0+/-0,0.0+/-0,0.0+/-0,0.0+/-0,0.0+/-0,0.0+/-0,0.0+/-0,0.0+/-0,0.0+/-0,0.0+/-0,0.0+/-0,0.0+/-0
Nauru,681,1078,0,0,0.0+/-0,0.0+/-0,0.0+/-0,0.0+/-0,0.0+/-0,0.0+/-0,0.0+/-0,0.0+/-0,0.0+/-0,0.0+/-0,0.0+/-0,0.0+/-0,0.0+/-0,0.0+/-0,0.0+/-0,0.0+/-0,0.0+/-0,0.0+/-0,0.0+/-0,0.0+/-0,0.0+/-0,0.0+/-0,0.0+/-0,0.0+/-0,0.0+/-0,0.0+/-0,0.0+/-0,0.0+/-0,0.0+/-0,0.0+/-0,0.0+/-0,0.0+/-0,0.0+/-0,0.0+/-0,0.0+/-0,0.0+/-0,0.0+/-0,0.0+/-0,0.0+/-0,0.0+/-0,0.0+/-0,0.0+/-0,0.0+/-0,0.0+/-0,0.0+/-0,0.0+/-0,0.0+/-0,0.0+/-0,0.0+/-0,0.0+/-0,0.0+/-0
New Zealand,252872,573858,0,0,0.0+/-0,0.0+/-0,0.0+/-0,0.0+/-0,0.0+/-0,0.0+/-0,0.0+/-0,0.0+/-0,0.0+/-0,0.0+/-0,0.0+/-0,0.0+/-0,0.0+/-0,0.0+/-0,0.0+/-0,0.0+/-0,0.0+/-0,0.0+/-0,0.0+/-0,0.0+/-0,0.0+/-0,0.0+/-0,0.0+/-0,0.0+/-0,0.0+/-0,0.0+/-0,0.0+/-0,0.0+/-0,0.0+/-0,0.0+/-0,0.0+/-0,0.0+/-0,0.0+/-0,0.0+/-0,0.0+/-0,0.0+/-0,0.0+/-0,0.0+/-0,0.0+/-0,0.0+/-0,0.0+/-0,0.0+/-0,0.0+/-0,0.0+/-0,0.0+/-0,0.0+/-0,0.0+/-0,0.0+/-0,0.0+/-0,0.0+/-0,0.0+/-0
Oman,253441,622433,0,0,0.0+/-0,0.0+/-0,0.0+/-0,0.0+/-0,0.0+/-0,0.0+/-0,0.0+/-0,0.0+/-0,0.0+/-0,0.0+/-0,0.0+/-0,0.0+/-0,0.0+/-0,0.0+/-0,0.0+/-0,0.0+/-0,0.0+/-0,0.0+/-0,0.0+/-0,0.0+/-0,0.0+/-0,0.0+/-0,0.0+/-0,0.0+/-0,0.0+/-0,0.0+/-0,0.0+/-0,0.0+/-0,0.0+/-0,0.0+/-0,0.0+/-0,0.0+/-0,0.0+/-0,0.0+/-0,0.0+/-0,0.0+/-0,0.0+/-0,0.0+/-0,0.0+/-0,0.0+/-0,0.0+/-0,0.0+/-0,0.0+/-0,0.0+/-0,0.0+/-0,0.0+/-0,0.0+/-0,0.0+/-0,0.0+/-0,0.0+/-0,0.0+/-0
Pakistan,20947913,32933800,0,0,0.0+/-0,0.0+/-0,0.0+/-0,0.0+/-0,0.0+/-0,0.0+/-0,0.0+/-0,0.0+/-0,0.0+/-0,0.0+/-0,0.0+/-0,0.0+/-0,0.0+/-0,0.0+/-0,0.0+/-0,0.0+/-0,0.0+/-0,0.0+/-0,0.0+/-0,0.0+/-0,0.0+/-0,0.0+/-0,0.0+/-0,0.0+/-0,0.0+/-0,0.0+/-0,0.0+/-0,0.0+/-0,0.0+/-0,0.0+/-0,0.0+/-0,0.0+/-0,0.0+/-0,0.0+/-0,0.0+/-0,0.0+/-0,0.0+/-0,0.0+/-0,0.0+/-0,0.0+/-0,0.0+/-0,0.0+/-0,0.0+/-0,0.0+/-0,0.0+/-0,0.0+/-0,0.0+/-0,0.0+/-0,0.0+/-0,0.0+/-0,0.0+/-0
Panama,324513,568733,0,0,0.0+/-0,0.0+/-0,0.0+/-0,0.0+/-0,0.0+/-0,0.0+/-0,0.0+/-0,0.0+/-0,0.0+/-0,0.0+/-0,0.0+/-0,0.0+/-0,0.0+/-0,0.0+/-0,0.0+/-0,0.0+/-0,0.0+/-0,0.0+/-0,0.0+/-0,0.0+/-0,0.0+/-0,0.0+/-0,0.0+/-0,0.0+/-0,0.0+/-0,0.0+/-0,0.0+/-0,0.0+/-0,0.0+/-0,0.0+/-0,0.0+/-0,0.0+/-0,0.0+/-0,0.0+/-0,0.0+/-0,0.0+/-0,0.0+/-0,0.0+/-0,0.0+/-0,0.0+/-0,0.0+/-0,0.0+/-0,0.0+/-0,0.0+/-0,0.0+/-0,0.0+/-0,0.0+/-0,0.0+/-0,0.0+/-0,0.0+/-0,0.0+/-0
Peru,3253926,6945050,0,0,0.0+/-0,0.0+/-0,0.0+/-0,0.0+/-0,0.0+/-0,0.0+/-0,0.0+/-0,0.0+/-0,0.0+/-0,0.0+/-0,0.0+/-0,0.0+/-0,0.0+/-0,0.0+/-0,0.0+/-0,0.0+/-0,0.0+/-0,0.0+/-0,0.0+/-0,0.0+/-0,0.0+/-0,0.0+/-0,0.0+/-0,0.0+/-0,0.0+/-0,0.0+/-0,0.0+/-0,0.0+/-0,0.0+/-0,0.0+/-0,0.0+/-0,0.0+/-0,0.0+/-0,0.0+/-0,0.0+/-0,0.0+/-0,0.0+/-0,0.0+/-0,0.0+/-0,0.0+/-0,0.0+/-0,0.0+/-0,0.0+/-0,0.0+/-0,0.0+/-0,0.0+/-0,0.0+/-0,0.0+/-0,0.0+/-0,0.0+/-0,0.0+/-0
Philippines,8351425,16670452,0,0,0.0+/-0,0.0+/-0,0.0+/-0,0.0+/-0,0.0+/-0,0.0+/-0,0.0+/-0,0.0+/-0,0.0+/-0,0.0+/-0,0.0+/-0,0.0+/-0,0.0+/-0,0.0+/-0,0.0+/-0,0.0+/-0,0.0+/-0,0.0+/-0,0.0+/-0,0.0+/-0,0.0+/-0,0.0+/-0,0.0+/-0,0.0+/-0,0.0+/-0,0.0+/-0,0.0+/-0,0.0+/-0,0.0+/-0,0.0+/-0,0.0+/-0,0.0+/-0,0.0+/-0,0.0+/-0,0.0+/-0,0.0+/-0,0.0+/-0,0.0+/-0,0.0+/-0,0.0+/-0,0.0+/-0,0.0+/-0,0.0+/-0,0.0+/-0,0.0+/-0,0.0+/-0,0.0+/-0,0.0+/-0,0.0+/-0,0.0+/-0,0.0+/-0
Palau,729,1727,0,0,0.0+/-0,0.0+/-0,0.0+/-0,0.0+/-0,0.0+/-0,0.0+/-0,0.0+/-0,0.0+/-0,0.0+/-0,0.0+/-0,0.0+/-0,0.0+/-0,0.0+/-0,0.0+/-0,0.0+/-0,0.0+/-0,0.0+/-0,0.0+/-0,0.0+/-0,0.0+/-0,0.0+/-0,0.0+/-0,0.0+/-0,0.0+/-0,0.0+/-0,0.0+/-0,0.0+/-0,0.0+/-0,0.0+/-0,0.0+/-0,0.0+/-0,0.0+/-0,0.0+/-0,0.0+/-0,0.0+/-0,0.0+/-0,0.0+/-0,0.0+/-0,0.0+/-0,0.0+/-0,0.0+/-0,0.0+/-0,0.0+/-0,0.0+/-0,0.0+/-0,0.0+/-0,0.0+/-0,0.0+/-0,0.0+/-0,0.0+/-0,0.0+/-0
Papua New Guinea,648504,1326936,0,0,0.0+/-0,0.0+/-0,0.0+/-0,0.0+/-0,0.0+/-0,0.0+/-0,0.0+/-0,0.0+/-0,0.0+/-0,0.0+/-0,0.0+/-0,0.0+/-0,0.0+/-0,0.0+/-0,0.0+/-0,0.0+/-0,0.0+/-0,0.0+/-0,0.0+/-0,0.0+/-0,0.0+/-0,0.0+/-0,0.0+/-0,0.0+/-0,0.0+/-0,0.0+/-0,0.0+/-0,0.0+/-0,0.0+/-0,0.0+/-0,0.0+/-0,0.0+/-0,0.0+/-0,0.0+/-0,0.0+/-0,0.0+/-0,0.0+/-0,0.0+/-0,0.0+/-0,0.0+/-0,0.0+/-0,0.0+/-0,0.0+/-0,0.0+/-0,0.0+/-0,0.0+/-0,0.0+/-0,0.0+/-0,0.0+/-0,0.0+/-0,0.0+/-0
Poland,2136296,4218860,0,0,0.0+/-0,0.0+/-0,0.0+/-0,0.0+/-0,0.0+/-0,0.0+/-0,0.0+/-0,0.0+/-0,0.0+/-0,0.0+/-0,0.0+/-0,0.0+/-0,0.0+/-0,0.0+/-0,0.0+/-0,0.0+/-0,0.0+/-0,0.0+/-0,0.0+/-0,0.0+/-0,0.0+/-0,0.0+/-0,0.0+/-0,0.0+/-0,0.0+/-0,0.0+/-0,0.0+/-0,0.0+/-0,0.0+/-0,0.0+/-0,0.0+/-0,0.0+/-0,0.0+/-0,0.0+/-0,0.0+/-0,0.0+/-0,0.0+/-0,0.0+/-0,0.0+/-0,0.0+/-0,0.0+/-0,0.0+/-0,0.0+/-0,0.0+/-0,0.0+/-0,0.0+/-0,0.0+/-0,0.0+/-0,0.0+/-0,0.0+/-0,0.0+/-0
Puerto Rico,126430,272700,0,0,0.0+/-0,0.0+/-0,0.0+/-0,0.0+/-0,0.0+/-0,0.0+/-0,0.0+/-0,0.0+/-0,0.0+/-0,0.0+/-0,0.0+/-0,0.0+/-0,0.0+/-0,0.0+/-0,0.0+/-0,0.0+/-0,0.0+/-0,0.0+/-0,0.0+/-0,0.0+/-0,0.0+/-0,0.0+/-0,0.0+/-0,0.0+/-0,0.0+/-0,0.0+/-0,0.0+/-0,0.0+/-0,0.0+/-0,0.0+/-0,0.0+/-0,0.0+/-0,0.0+/-0,0.0+/-0,0.0+/-0,0.0+/-0,0.0+/-0,0.0+/-0,0.0+/-0,0.0+/-0,0.0+/-0,0.0+/-0,0.0+/-0,0.0+/-0,0.0+/-0,0.0+/-0,0.0+/-0,0.0+/-0,0.0+/-0,0.0+/-0,0.0+/-0
North Korea,3487912,6036101,0,0,0.0+/-0,0.0+/-0,0.0+/-0,0.0+/-0,0.0+/-0,0.0+/-0,0.0+/-0,0.0+/-0,0.0+/-0,0.0+/-0,0.0+/-0,0.0+/-0,0.0+/-0,0.0+/-0,0.0+/-0,0.0+/-0,0.0+/-0,0.0+/-0,0.0+/-0,0.0+/-0,0.0+/-0,0.0+/-0,0.0+/-0,0.0+/-0,0.0+/-0,0.0+/-0,0.0+/-0,0.0+/-0,0.0+/-0,0.0+/-0,0.0+/-0,0.0+/-0,0.0+/-0,0.0+/-0,0.0+/-0,0.0+/-0,0.0+/-0,0.0+/-0,0.0+/-0,0.0+/-0,0.0+/-0,0.0+/-0,0.0+/-0,0.0+/-0,0.0+/-0,0.0+/-0,0.0+/-0,0.0+/-0,0.0+/-0,0.0+/-0,0.0+/-0
Portugal,509691,1201965,0,0,0.0+/-0,0.0+/-0,0.0+/-0,0.0+/-0,0.0+/-0,0.0+/-0,0.0+/-0,0.0+/-0,0.0+/-0,0.0+/-0,0.0+/-0,0.0+/-0,0.0+/-0,0.0+/-0,0.0+/-0,0.0+/-0,0.0+/-0,0.0+/-0,0.0+/-0,0.0+/-0,0.0+/-0,0.0+/-0,0.0+/-0,0.0+/-0,0.0+/-0,0.0+/-0,0.0+/-0,0.0+/-0,0.0+/-0,0.0+/-0,0.0+/-0,0.0+/-0,0.0+/-0,0.0+/-0,0.0+/-0,0.0+/-0,0.0+/-0,0.0+/-0,0.0+/-0,0.0+/-0,0.0+/-0,0.0+/-0,0.0+/-0,0.0+/-0,0.0+/-0,0.0+/-0,0.0+/-0,0.0+/-0,0.0+/-0,0.0+/-0,0.0+/-0
Paraguay,571312,1210937,0,0,0.0+/-0,0.0+/-0,0.0+/-0,0.0+/-0,0.0+/-0,0.0+/-0,0.0+/-0,0.0+/-0,0.0+/-0,0.0+/-0,0.0+/-0,0.0+/-0,0.0+/-0,0.0+/-0,0.0+/-0,0.0+/-0,0.0+/-0,0.0+/-0,0.0+/-0,0.0+/-0,0.0+/-0,0.0+/-0,0.0+/-0,0.0+/-0,0.0+/-0,0.0+/-0,0.0+/-0,0.0+/-0,0.0+/-0,0.0+/-0,0.0+/-0,0.0+/-0,0.0+/-0,0.0+/-0,0.0+/-0,0.0+/-0,0.0+/-0,0.0+/-0,0.0+/-0,0.0+/-0,0.0+/-0,0.0+/-0,0.0+/-0,0.0+/-0,0.0+/-0,0.0+/-0,0.0+/-0,0.0+/-0,0.0+/-0,0.0+/-0,0.0+/-0
Palestine,0,0,0,0,0.0+/-0,0.0+/-0,0.0+/-0,0.0+/-0,0.0+/-0,0.0+/-0,0.0+/-0,0.0+/-0,0.0+/-0,0.0+/-0,0.0+/-0,0.0+/-0,0.0+/-0,0.0+/-0,0.0+/-0,0.0+/-0,0.0+/-0,0.0+/-0,0.0+/-0,0.0+/-0,0.0+/-0,0.0+/-0,0.0+/-0,0.0+/-0,0.0+/-0,0.0+/-0,0.0+/-0,0.0+/-0,0.0+/-0,0.0+/-0,0.0+/-0,0.0+/-0,0.0+/-0,0.0+/-0,0.0+/-0,0.0+/-0,0.0+/-0,0.0+/-0,0.0+/-0,0.0+/-0,0.0+/-0,0.0+/-0,0.0+/-0,0.0+/-0,0.0+/-0,0.0+/-0,0.0+/-0,0.0+/-0,0.0+/-0,0.0+/-0,0.0+/-0
French Polynesia,14042,27478,0,0,0.0+/-0,0.0+/-0,0.0+/-0,0.0+/-0,0.0+/-0,0.0+/-0,0.0+/-0,0.0+/-0,0.0+/-0,0.0+/-0,0.0+/-0,0.0+/-0,0.0+/-0,0.0+/-0,0.0+/-0,0.0+/-0,0.0+/-0,0.0+/-0,0.0+/-0,0.0+/-0,0.0+/-0,0.0+/-0,0.0+/-0,0.0+/-0,0.0+/-0,0.0+/-0,0.0+/-0,0.0+/-0,0.0+/-0,0.0+/-0,0.0+/-0,0.0+/-0,0.0+/-0,0.0+/-0,0.0+/-0,0.0+/-0,0.0+/-0,0.0+/-0,0.0+/-0,0.0+/-0,0.0+/-0,0.0+/-0,0.0+/-0,0.0+/-0,0.0+/-0,0.0+/-0,0.0+/-0,0.0+/-0,0.0+/-0,0.0+/-0,0.0+/-0
Qatar,198998,488725,0,0,0.0+/-0,0.0+/-0,0.0+/-0,0.0+/-0,0.0+/-0,0.0+/-0,0.0+/-0,0.0+/-0,0.0+/-0,0.0+/-0,0.0+/-0,0.0+/-0,0.0+/-0,0.0+/-0,0.0+/-0,0.0+/-0,0.0+/-0,0.0+/-0,0.0+/-0,0.0+/-0,0.0+/-0,0.0+/-0,0.0+/-0,0.0+/-0,0.0+/-0,0.0+/-0,0.0+/-0,0.0+/-0,0.0+/-0,0.0+/-0,0.0+/-0,0.0+/-0,0.0+/-0,0.0+/-0,0.0+/-0,0.0+/-0,0.0+/-0,0.0+/-0,0.0+/-0,0.0+/-0,0.0+/-0,0.0+/-0,0.0+/-0,0.0+/-0,0.0+/-0,0.0+/-0,0.0+/-0,0.0+/-0,0.0+/-0,0.0+/-0,0.0+/-0
Romania,1342392,2534890,0,0,0.0+/-0,0.0+/-0,0.0+/-0,0.0+/-0,0.0+/-0,0.0+/-0,0.0+/-0,0.0+/-0,0.0+/-0,0.0+/-0,0.0+/-0,0.0+/-0,0.0+/-0,0.0+/-0,0.0+/-0,0.0+/-0,0.0+/-0,0.0+/-0,0.0+/-0,0.0+/-0,0.0+/-0,0.0+/-0,0.0+/-0,0.0+/-0,0.0+/-0,0.0+/-0,0.0+/-0,0.0+/-0,0.0+/-0,0.0+/-0,0.0+/-0,0.0+/-0,0.0+/-0,0.0+/-0,0.0+/-0,0.0+/-0,0.0+/-0,0.0+/-0,0.0+/-0,0.0+/-0,0.0+/-0,0.0+/-0,0.0+/-0,0.0+/-0,0.0+/-0,0.0+/-0,0.0+/-0,0.0+/-0,0.0+/-0,0.0+/-0,0.0+/-0
Russia,10267146,20237465,0,0,0.0+/-0,0.0+/-0,0.0+/-0,0.0+/-0,0.0+/-0,0.0+/-0,0.0+/-0,0.0+/-0,0.0+/-0,0.0+/-0,0.0+/-0,0.0+/-0,0.0+/-0,0.0+/-0,0.0+/-0,0.0+/-0,0.0+/-0,0.0+/-0,0.0+/-0,0.0+/-0,0.0+/-0,0.0+/-0,0.0+/-0,0.0+/-0,0.0+/-0,0.0+/-0,0.0+/-0,0.0+/-0,0.0+/-0,0.0+/-0,0.0+/-0,0.0+/-0,0.0+/-0,0.0+/-0,0.0+/-0,0.0+/-0,0.0+/-0,0.0+/-0,0.0+/-0,0.0+/-0,0.0+/-0,0.0+/-0,0.0+/-0,0.0+/-0,0.0+/-0,0.0+/-0,0.0+/-0,0.0+/-0,0.0+/-0,0.0+/-0,0.0+/-0
Rwanda,1031358,2065182,0,0,0.0+/-0,0.0+/-0,0.0+/-0,0.0+/-0,0.0+/-0,0.0+/-0,0.0+/-0,0.0+/-0,0.0+/-0,0.0+/-0,0.0+/-0,0.0+/-0,0.0+/-0,0.0+/-0,0.0+/-0,0.0+/-0,0.0+/-0,0.0+/-0,0.0+/-0,0.0+/-0,0.0+/-0,0.0+/-0,0.0+/-0,0.0+/-0,0.0+/-0,0.0+/-0,0.0+/-0,0.0+/-0,0.0+/-0,0.0+/-0,0.0+/-0,0.0+/-0,0.0+/-0,0.0+/-0,0.0+/-0,0.0+/-0,0.0+/-0,0.0+/-0,0.0+/-0,0.0+/-0,0.0+/-0,0.0+/-0,0.0+/-0,0.0+/-0,0.0+/-0,0.0+/-0,0.0+/-0,0.0+/-0,0.0+/-0,0.0+/-0,0.0+/-0
Saudi Arabia,1614516,3965130,0,0,0.0+/-0,0.0+/-0,0.0+/-0,0.0+/-0,0.0+/-0,0.0+/-0,0.0+/-0,0.0+/-0,0.0+/-0,0.0+/-0,0.0+/-0,0.0+/-0,0.0+/-0,0.0+/-0,0.0+/-0,0.0+/-0,0.0+/-0,0.0+/-0,0.0+/-0,0.0+/-0,0.0+/-0,0.0+/-0,0.0+/-0,0.0+/-0,0.0+/-0,0.0+/-0,0.0+/-0,0.0+/-0,0.0+/-0,0.0+/-0,0.0+/-0,0.0+/-0,0.0+/-0,0.0+/-0,0.0+/-0,0.0+/-0,0.0+/-0,0.0+/-0,0.0+/-0,0.0+/-0,0.0+/-0,0.0+/-0,0.0+/-0,0.0+/-0,0.0+/-0,0.0+/-0,0.0+/-0,0.0+/-0,0.0+/-0,0.0+/-0,0.0+/-0
Sudan,1705080,3923270,0,0,0.0+/-0,0.0+/-0,0.0+/-0,0.0+/-0,0.0+/-0,0.0+/-0,0.0+/-0,0.0+/-0,0.0+/-0,0.0+/-0,0.0+/-0,0.0+/-0,0.0+/-0,0.0+/-0,0.0+/-0,0.0+/-0,0.0+/-0,0.0+/-0,0.0+/-0,0.0+/-0,0.0+/-0,0.0+/-0,0.0+/-0,0.0+/-0,0.0+/-0,0.0+/-0,0.0+/-0,0.0+/-0,0.0+/-0,0.0+/-0,0.0+/-0,0.0+/-0,0.0+/-0,0.0+/-0,0.0+/-0,0.0+/-0,0.0+/-0,0.0+/-0,0.0+/-0,0.0+/-0,0.0+/-0,0.0+/-0,0.0+/-0,0.0+/-0,0.0+/-0,0.0+/-0,0.0+/-0,0.0+/-0,0.0+/-0,0.0+/-0,0.0+/-0
Senegal,947241,2289745,0,0,0.0+/-0,0.0+/-0,0.0+/-0,0.0+/-0,0.0+/-0,0.0+/-0,0.0+/-0,0.0+/-0,0.0+/-0,0.0+/-0,0.0+/-0,0.0+/-0,0.0+/-0,0.0+/-0,0.0+/-0,0.0+/-0,0.0+/-0,0.0+/-0,0.0+/-0,0.0+/-0,0.0+/-0,0.0+/-0,0.0+/-0,0.0+/-0,0.0+/-0,0.0+/-0,0.0+/-0,0.0+/-0,0.0+/-0,0.0+/-0,0.0+/-0,0.0+/-0,0.0+/-0,0.0+/-0,0.0+/-0,0.0+/-0,0.0+/-0,0.0+/-0,0.0+/-0,0.0+/-0,0.0+/-0,0.0+/-0,0.0+/-0,0.0+/-0,0.0+/-0,0.0+/-0,0.0+/-0,0.0+/-0,0.0+/-0,0.0+/-0,0.0+/-0
Singapore,57346,137295,0,0,0.0+/-0,0.0+/-0,0.0+/-0,0.0+/-0,0.0+/-0,0.0+/-0,0.0+/-0,0.0+/-0,0.0+/-0,0.0+/-0,0.0+/-0,0.0+/-0,0.0+/-0,0.0+/-0,0.0+/-0,0.0+/-0,0.0+/-0,0.0+/-0,0.0+/-0,0.0+/-0,0.0+/-0,0.0+/-0,0.0+/-0,0.0+/-0,0.0+/-0,0.0+/-0,0.0+/-0,0.0+/-0,0.0+/-0,0.0+/-0,0.0+/-0,0.0+/-0,0.0+/-0,0.0+/-0,0.0+/-0,0.0+/-0,0.0+/-0,0.0+/-0,0.0+/-0,0.0+/-0,0.0+/-0,0.0+/-0,0.0+/-0,0.0+/-0,0.0+/-0,0.0+/-0,0.0+/-0,0.0+/-0,0.0+/-0,0.0+/-0,0.0+/-0
Solomon Islands,72004,135085,0,0,0.0+/-0,0.0+/-0,0.0+/-0,0.0+/-0,0.0+/-0,0.0+/-0,0.0+/-0,0.0+/-0,0.0+/-0,0.0+/-0,0.0+/-0,0.0+/-0,0.0+/-0,0.0+/-0,0.0+/-0,0.0+/-0,0.0+/-0,0.0+/-0,0.0+/-0,0.0+/-0,0.0+/-0,0.0+/-0,0.0+/-0,0.0+/-0,0.0+/-0,0.0+/-0,0.0+/-0,0.0+/-0,0.0+/-0,0.0+/-0,0.0+/-0,0.0+/-0,0.0+/-0,0.0+/-0,0.0+/-0,0.0+/-0,0.0+/-0,0.0+/-0,0.0+/-0,0.0+/-0,0.0+/-0,0.0+/-0,0.0+/-0,0.0+/-0,0.0+/-0,0.0+/-0,0.0+/-0,0.0+/-0,0.0+/-0,0.0+/-0,0.0+/-0
Sierra Leone,484391,1146415,0,0,0.0+/-0,0.0+/-0,0.0+/-0,0.0+/-0,0.0+/-0,0.0+/-0,0.0+/-0,0.0+/-0,0.0+/-0,0.0+/-0,0.0+/-0,0.0+/-0,0.0+/-0,0.0+/-0,0.0+/-0,0.0+/-0,0.0+/-0,0.0+/-0,0.0+/-0,0.0+/-0,0.0+/-0,0.0+/-0,0.0+/-0,0.0+/-0,0.0+/-0,0.0+/-0,0.0+/-0,0.0+/-0,0.0+/-0,0.0+/-0,0.0+/-0,0.0+/-0,0.0+/-0,0.0+/-0,0.0+/-0,0.0+/-0,0.0+/-0,0.0+/-0,0.0+/-0,0.0+/-0,0.0+/-0,0.0+/-0,0.0+/-0,0.0+/-0,0.0+/-0,0.0+/-0,0.0+/-0,0.0+/-0,0.0+/-0,0.0+/-0,0.0+/-0
El Salvador,402590,1004519,0,0,0.0+/-0,0.0+/-0,0.0+/-0,0.0+/-0,0.0+/-0,0.0+/-0,0.0+/-0,0.0+/-0,0.0+/-0,0.0+/-0,0.0+/-0,0.0+/-0,0.0+/-0,0.0+/-0,0.0+/-0,0.0+/-0,0.0+/-0,0.0+/-0,0.0+/-0,0.0+/-0,0.0+/-0,0.0+/-0,0.0+/-0,0.0+/-0,0.0+/-0,0.0+/-0,0.0+/-0,0.0+/-0,0.0+/-0,0.0+/-0,0.0+/-0,0.0+/-0,0.0+/-0,0.0+/-0,0.0+/-0,0.0+/-0,0.0+/-0,0.0+/-0,0.0+/-0,0.0+/-0,0.0+/-0,0.0+/-0,0.0+/-0,0.0+/-0,0.0+/-0,0.0+/-0,0.0+/-0,0.0+/-0,0.0+/-0,0.0+/-0,0.0+/-0
San Marino,1188,3282,0,0,0.0+/-0,0.0+/-0,0.0+/-0,0.0+/-0,0.0+/-0,0.0+/-0,0.0+/-0,0.0+/-0,0.0+/-0,0.0+/-0,0.0+/-0,0.0+/-0,0.0+/-0,0.0+/-0,0.0+/-0,0.0+/-0,0.0+/-0,0.0+/-0,0.0+/-0,0.0+/-0,0.0+/-0,0.0+/-0,0.0+/-0,0.0+/-0,0.0+/-0,0.0+/-0,0.0+/-0,0.0+/-0,0.0+/-0,0.0+/-0,0.0+/-0,0.0+/-0,0.0+/-0,0.0+/-0,0.0+/-0,0.0+/-0,0.0+/-0,0.0+/-0,0.0+/-0,0.0+/-0,0.0+/-0,0.0+/-0,0.0+/-0,0.0+/-0,0.0+/-0,0.0+/-0,0.0+/-0,0.0+/-0,0.0+/-0,0.0+/-0,0.0+/-0
Somalia,408227,897206,0,0,0.0+/-0,0.0+/-0,0.0+/-0,0.0+/-0,0.0+/-0,0.0+/-0,0.0+/-0,0.0+/-0,0.0+/-0,0.0+/-0,0.0+/-0,0.0+/-0,0.0+/-0,0.0+/-0,0.0+/-0,0.0+/-0,0.0+/-0,0.0+/-0,0.0+/-0,0.0+/-0,0.0+/-0,0.0+/-0,0.0+/-0,0.0+/-0,0.0+/-0,0.0+/-0,0.0+/-0,0.0+/-0,0.0+/-0,0.0+/-0,0.0+/-0,0.0+/-0,0.0+/-0,0.0+/-0,0.0+/-0,0.0+/-0,0.0+/-0,0.0+/-0,0.0+/-0,0.0+/-0,0.0+/-0,0.0+/-0,0.0+/-0,0.0+/-0,0.0+/-0,0.0+/-0,0.0+/-0,0.0+/-0,0.0+/-0,0.0+/-0,0.0+/-0
Serbia,496947,893061,0,0,0.0+/-0,0.0+/-0,0.0+/-0,0.0+/-0,0.0+/-0,0.0+/-0,0.0+/-0,0.0+/-0,0.0+/-0,0.0+/-0,0.0+/-0,0.0+/-0,0.0+/-0,0.0+/-0,0.0+/-0,0.0+/-0,0.0+/-0,0.0+/-0,0.0+/-0,0.0+/-0,0.0+/-0,0.0+/-0,0.0+/-0,0.0+/-0,0.0+/-0,0.0+/-0,0.0+/-0,0.0+/-0,0.0+/-0,0.0+/-0,0.0+/-0,0.0+/-0,0.0+/-0,0.0+/-0,0.0+/-0,0.0+/-0,0.0+/-0,0.0+/-0,0.0+/-0,0.0+/-0,0.0+/-0,0.0+/-0,0.0+/-0,0.0+/-0,0.0+/-0,0.0+/-0,0.0+/-0,0.0+/-0,0.0+/-0,0.0+/-0,0.0+/-0
South Sudan,671029,1652834,0,0,0.0+/-0,0.0+/-0,0.0+/-0,0.0+/-0,0.0+/-0,0.0+/-0,0.0+/-0,0.0+/-0,0.0+/-0,0.0+/-0,0.0+/-0,0.0+/-0,0.0+/-0,0.0+/-0,0.0+/-0,0.0+/-0,0.0+/-0,0.0+/-0,0.0+/-0,0.0+/-0,0.0+/-0,0.0+/-0,0.0+/-0,0.0+/-0,0.0+/-0,0.0+/-0,0.0+/-0,0.0+/-0,0.0+/-0,0.0+/-0,0.0+/-0,0.0+/-0,0.0+/-0,0.0+/-0,0.0+/-0,0.0+/-0,0.0+/-0,0.0+/-0,0.0+/-0,0.0+/-0,0.0+/-0,0.0+/-0,0.0+/-0,0.0+/-0,0.0+/-0,0.0+/-0,0.0+/-0,0.0+/-0,0.0+/-0,0.0+/-0,0.0+/-0
Sao Tome and Principe,4687,12249,0,0,0.0+/-0,0.0+/-0,0.0+/-0,0.0+/-0,0.0+/-0,0.0+/-0,0.0+/-0,0.0+/-0,0.0+/-0,0.0+/-0,0.0+/-0,0.0+/-0,0.0+/-0,0.0+/-0,0.0+/-0,0.0+/-0,0.0+/-0,0.0+/-0,0.0+/-0,0.0+/-0,0.0+/-0,0.0+/-0,0.0+/-0,0.0+/-0,0.0+/-0,0.0+/-0,0.0+/-0,0.0+/-0,0.0+/-0,0.0+/-0,0.0+/-0,0.0+/-0,0.0+/-0,0.0+/-0,0.0+/-0,0.0+/-0,0.0+/-0,0.0+/-0,0.0+/-0,0.0+/-0,0.0+/-0,0.0+/-0,0.0+/-0,0.0+/-0,0.0+/-0,0.0+/-0,0.0+/-0,0.0+/-0,0.0+/-0,0.0+/-0,0.0+/-0
Suriname,36590,79027,0,0,0.0+/-0,0.0+/-0,0.0+/-0,0.0+/-0,0.0+/-0,0.0+/-0,0.0+/-0,0.0+/-0,0.0+/-0,0.0+/-0,0.0+/-0,0.0+/-0,0.0+/-0,0.0+/-0,0.0+/-0,0.0+/-0,0.0+/-0,0.0+/-0,0.0+/-0,0.0+/-0,0.0+/-0,0.0+/-0,0.0+/-0,0.0+/-0,0.0+/-0,0.0+/-0,0.0+/-0,0.0+/-0,0.0+/-0,0.0+/-0,0.0+/-0,0.0+/-0,0.0+/-0,0.0+/-0,0.0+/-0,0.0+/-0,0.0+/-0,0.0+/-0,0.0+/-0,0.0+/-0,0.0+/-0,0.0+/-0,0.0+/-0,0.0+/-0,0.0+/-0,0.0+/-0,0.0+/-0,0.0+/-0,0.0+/-0,0.0+/-0,0.0+/-0
Slovakia,331184,708012,0,0,0.0+/-0,0.0+/-0,0.0+/-0,0.0+/-0,0.0+/-0,0.0+/-0,0.0+/-0,0.0+/-0,0.0+/-0,0.0+/-0,0.0+/-0,0.0+/-0,0.0+/-0,0.0+/-0,0.0+/-0,0.0+/-0,0.0+/-0,0.0+/-0,0.0+/-0,0.0+/-0,0.0+/-0,0.0+/-0,0.0+/-0,0.0+/-0,0.0+/-0,0.0+/-0,0.0+/-0,0.0+/-0,0.0+/-0,0.0+/-0,0.0+/-0,0.0+/-0,0.0+/-0,0.0+/-0,0.0+/-0,0.0+/-0,0.0+/-0,0.0+/-0,0.0+/-0,0.0+/-0,0.0+/-0,0.0+/-0,0.0+/-0,0.0+/-0,0.0+/-0,0.0+/-0,0.0+/-0,0.0+/-0,0.0+/-0,0.0+/-0,0.0+/-0
Slovenia,120522,252181,0,0,0.0+/-0,0.0+/-0,0.0+/-0,0.0+/-0,0.0+/-0,0.0+/-0,0.0+/-0,0.0+/-0,0.0+/-0,0.0+/-0,0.0+/-0,0.0+/-0,0.0+/-0,0.0+/-0,0.0+/-0,0.0+/-0,0.0+/-0,0.0+/-0,0.0+/-0,0.0+/-0,0.0+/-0,0.0+/-0,0.0+/-0,0.0+/-0,0.0+/-0,0.0+/-0,0.0+/-0,0.0+/-0,0.0+/-0,0.0+/-0,0.0+/-0,0.0+/-0,0.0+/-0,0.0+/-0,0.0+/-0,0.0+/-0,0.0+/-0,0.0+/-0,0.0+/-0,0.0+/-0,0.0+/-0,0.0+/-0,0.0+/-0,0.0+/-0,0.0+/-0,0.0+/-0,0.0+/-0,0.0+/-0,0.0+/-0,0.0+/-0,0.0+/-0
Sweden,577054,1247130,0,0,0.0+/-0,0.0+/-0,0.0+/-0,0.0+/-0,0.0+/-0,0.0+/-0,0.0+/-0,0.0+/-0,0.0+/-0,0.0+/-0,0.0+/-0,0.0+/-0,0.0+/-0,0.0+/-0,0.0+/-0,0.0+/-0,0.0+/-0,0.0+/-0,0.0+/-0,0.0+/-0,0.0+/-0,0.0+/-0,0.0+/-0,0.0+/-0,0.0+/-0,0.0+/-0,0.0+/-0,0.0+/-0,0.0+/-0,0.0+/-0,0.0+/-0,0.0+/-0,0.0+/-0,0.0+/-0,0.0+/-0,0.0+/-0,0.0+/-0,0.0+/-0,0.0+/-0,0.0+/-0,0.0+/-0,0.0+/-0,0.0+/-0,0.0+/-0,0.0+/-0,0.0+/-0,0.0+/-0,0.0+/-0,0.0+/-0,0.0+/-0,0.0+/-0
Eswatini,52438,117986,0,0,0.0+/-0,0.0+/-0,0.0+/-0,0.0+/-0,0.0+/-0,0.0+/-0,0.0+/-0,0.0+/-0,0.0+/-0,0.0+/-0,0.0+/-0,0.0+/-0,0.0+/-0,0.0+/-0,0.0+/-0,0.0+/-0,0.0+/-0,0.0+/-0,0.0+/-0,0.0+/-0,0.0+/-0,0.0+/-0,0.0+/-0,0.0+/-0,0.0+/-0,0.0+/-0,0.0+/-0,0.0+/-0,0.0+/-0,0.0+/-0,0.0+/-0,0.0+/-0,0.0+/-0,0.0+/-0,0.0+/-0,0.0+/-0,0.0+/-0,0.0+/-0,0.0+/-0,0.0+/-0,0.0+/-0,0.0+/-0,0.0+/-0,0.0+/-0,0.0+/-0,0.0+/-0,0.0+/-0,0.0+/-0,0.0+/-0,0.0+/-0,0.0+/-0
Sint Maarten,3912,6589,0,0,0.0+/-0,0.0+/-0,0.0+/-0,0.0+/-0,0.0+/-0,0.0+/-0,0.0+/-0,0.0+/-0,0.0+/-0,0.0+/-0,0.0+/-0,0.0+/-0,0.0+/-0,0.0+/-0,0.0+/-0,0.0+/-0,0.0+/-0,0.0+/-0,0.0+/-0,0.0+/-0,0.0+/-0,0.0+/-0,0.0+/-0,0.0+/-0,0.0+/-0,0.0+/-0,0.0+/-0,0.0+/-0,0.0+/-0,0.0+/-0,0.0+/-0,0.0+/-0,0.0+/-0,0.0+/-0,0.0+/-0,0.0+/-0,0.0+/-0,0.0+/-0,0.0+/-0,0.0+/-0,0.0+/-0,0.0+/-0,0.0+/-0,0.0+/-0,0.0+/-0,0.0+/-0,0.0+/-0,0.0+/-0,0.0+/-0,0.0+/-0,0.0+/-0
Seychelles,14131,30543,0,0,0.0+/-0,0.0+/-0,0.0+/-0,0.0+/-0,0.0+/-0,0.0+/-0,0.0+/-0,0.0+/-0,0.0+/-0,0.0+/-0,0.0+/-0,0.0+/-0,0.0+/-0,0.0+/-0,0.0+/-0,0.0+/-0,0.0+/-0,0.0+/-0,0.0+/-0,0.0+/-0,0.0+/-0,0.0+/-0,0.0+/-0,0.0+/-0,0.0+/-0,0.0+/-0,0.0+/-0,0.0+/-0,0.0+/-0,0.0+/-0,0.0+/-0,0.0+/-0,0.0+/-0,0.0+/-0,0.0+/-0,0.0+/-0,0.0+/-0,0.0+/-0,0.0+/-0,0.0+/-0,0.0+/-0,0.0+/-0,0.0+/-0,0.0+/-0,0.0+/-0,0.0+/-0,0.0+/-0,0.0+/-0,0.0+/-0,0.0+/-0,0.0+/-0
Syria,874078,2053347,0,0,0.0+/-0,0.0+/-0,0.0+/-0,0.0+/-0,0.0+/-0,0.0+/-0,0.0+/-0,0.0+/-0,0.0+/-0,0.0+/-0,0.0+/-0,0.0+/-0,0.0+/-0,0.0+/-0,0.0+/-0,0.0+/-0,0.0+/-0,0.0+/-0,0.0+/-0,0.0+/-0,0.0+/-0,0.0+/-0,0.0+/-0,0.0+/-0,0.0+/-0,0.0+/-0,0.0+/-0,0.0+/-0,0.0+/-0,0.0+/-0,0.0+/-0,0.0+/-0,0.0+/-0,0.0+/-0,0.0+/-0,0.0+/-0,0.0+/-0,0.0+/-0,0.0+/-0,0.0+/-0,0.0+/-0,0.0+/-0,0.0+/-0,0.0+/-0,0.0+/-0,0.0+/-0,0.0+/-0,0.0+/-0,0.0+/-0,0.0+/-0,0.0+/-0
Turks and Caicos Islands,0,0,0,0,0.0+/-0,0.0+/-0,0.0+/-0,0.0+/-0,0.0+/-0,0.0+/-0,0.0+/-0,0.0+/-0,0.0+/-0,0.0+/-0,0.0+/-0,0.0+/-0,0.0+/-0,0.0+/-0,0.0+/-0,0.0+/-0,0.0+/-0,0.0+/-0,0.0+/-0,0.0+/-0,0.0+/-0,0.0+/-0,0.0+/-0,0.0+/-0,0.0+/-0,0.0+/-0,0.0+/-0,0.0+/-0,0.0+/-0,0.0+/-0,0.0+/-0,0.0+/-0,0.0+/-0,0.0+/-0,0.0+/-0,0.0+/-0,0.0+/-0,0.0+/-0,0.0+/-0,0.0+/-0,0.0+/-0,0.0+/-0,0.0+/-0,0.0+/-0,0.0+/-0,0.0+/-0,0.0+/-0,0.0+/-0,0.0+/-0,0.0+/-0,0.0+/-0
Chad,852329,2222818,0,0,0.0+/-0,0.0+/-0,0.0+/-0,0.0+/-0,0.0+/-0,0.0+/-0,0.0+/-0,0.0+/-0,0.0+/-0,0.0+/-0,0.0+/-0,0.0+/-0,0.0+/-0,0.0+/-0,0.0+/-0,0.0+/-0,0.0+/-0,0.0+/-0,0.0+/-0,0.0+/-0,0.0+/-0,0.0+/-0,0.0+/-0,0.0+/-0,0.0+/-0,0.0+/-0,0.0+/-0,0.0+/-0,0.0+/-0,0.0+/-0,0.0+/-0,0.0+/-0,0.0+/-0,0.0+/-0,0.0+/-0,0.0+/-0,0.0+/-0,0.0+/-0,0.0+/-0,0.0+/-0,0.0+/-0,0.0+/-0,0.0+/-0,0.0+/-0,0.0+/-0,0.0+/-0,0.0+/-0,0.0+/-0,0.0+/-0,0.0+/-0,0.0+/-0
Togo,434093,1119368,0,0,0.0+/-0,0.0+/-0,0.0+/-0,0.0+/-0,0.0+/-0,0.0+/-0,0.0+/-0,0.0+/-0,0.0+/-0,0.0+/-0,0.0+/-0,0.0+/-0,0.0+/-0,0.0+/-0,0.0+/-0,0.0+/-0,0.0+/-0,0.0+/-0,0.0+/-0,0.0+/-0,0.0+/-0,0.0+/-0,0.0+/-0,0.0+/-0,0.0+/-0,0.0+/-0,0.0+/-0,0.0+/-0,0.0+/-0,0.0+/-0,0.0+/-0,0.0+/-0,0.0+/-0,0.0+/-0,0.0+/-0,0.0+/-0,0.0+/-0,0.0+/-0,0.0+/-0,0.0+/-0,0.0+/-0,0.0+/-0,0.0+/-0,0.0+/-0,0.0+/-0,0.0+/-0,0.0+/-0,0.0+/-0,0.0+/-0,0.0+/-0,0.0+/-0
Thailand,8232186,14688612,0,0,0.0+/-0,0.0+/-0,0.0+/-0,0.0+/-0,0.0+/-0,0.0+/-0,0.0+/-0,0.0+/-0,0.0+/-0,0.0+/-0,0.0+/-0,0.0+/-0,0.0+/-0,0.0+/-0,0.0+/-0,0.0+/-0,0.0+/-0,0.0+/-0,0.0+/-0,0.0+/-0,0.0+/-0,0.0+/-0,0.0+/-0,0.0+/-0,0.0+/-0,0.0+/-0,0.0+/-0,0.0+/-0,0.0+/-0,0.0+/-0,0.0+/-0,0.0+/-0,0.0+/-0,0.0+/-0,0.0+/-0,0.0+/-0,0.0+/-0,0.0+/-0,0.0+/-0,0.0+/-0,0.0+/-0,0.0+/-0,0.0+/-0,0.0+/-0,0.0+/-0,0.0+/-0,0.0+/-0,0.0+/-0,0.0+/-0,0.0+/-0,0.0+/-0
Tajikistan,413870,846255,0,0,0.0+/-0,0.0+/-0,0.0+/-0,0.0+/-0,0.0+/-0,0.0+/-0,0.0+/-0,0.0+/-0,0.0+/-0,0.0+/-0,0.0+/-0,0.0+/-0,0.0+/-0,0.0+/-0,0.0+/-0,0.0+/-0,0.0+/-0,0.0+/-0,0.0+/-0,0.0+/-0,0.0+/-0,0.0+/-0,0.0+/-0,0.0+/-0,0.0+/-0,0.0+/-0,0.0+/-0,0.0+/-0,0.0+/-0,0.0+/-0,0.0+/-0,0.0+/-0,0.0+/-0,0.0+/-0,0.0+/-0,0.0+/-0,0.0+/-0,0.0+/-0,0.0+/-0,0.0+/-0,0.0+/-0,0.0+/-0,0.0+/-0,0.0+/-0,0.0+/-0,0.0+/-0,0.0+/-0,0.0+/-0,0.0+/-0,0.0+/-0,0.0+/-0
Turkmenistan,319656,547746,0,0,0.0+/-0,0.0+/-0,0.0+/-0,0.0+/-0,0.0+/-0,0.0+/-0,0.0+/-0,0.0+/-0,0.0+/-0,0.0+/-0,0.0+/-0,0.0+/-0,0.0+/-0,0.0+/-0,0.0+/-0,0.0+/-0,0.0+/-0,0.0+/-0,0.0+/-0,0.0+/-0,0.0+/-0,0.0+/-0,0.0+/-0,0.0+/-0,0.0+/-0,0.0+/-0,0.0+/-0,0.0+/-0,0.0+/-0,0.0+/-0,0.0+/-0,0.0+/-0,0.0+/-0,0.0+/-0,0.0+/-0,0.0+/-0,0.0+/-0,0.0+/-0,0.0+/-0,0.0+/-0,0.0+/-0,0.0+/-0,0.0+/-0,0.0+/-0,0.0+/-0,0.0+/-0,0.0+/-0,0.0+/-0,0.0+/-0,0.0+/-0,0.0+/-0
Timor-Leste,93532,166300,0,0,0.0+/-0,0.0+/-0,0.0+/-0,0.0+/-0,0.0+/-0,0.0+/-0,0.0+/-0,0.0+/-0,0.0+/-0,0.0+/-0,0.0+/-0,0.0+/-0,0.0+/-0,0.0+/-0,0.0+/-0,0.0+/-0,0.0+/-0,0.0+/-0,0.0+/-0,0.0+/-0,0.0+/-0,0.0+/-0,0.0+/-0,0.0+/-0,0.0+/-0,0.0+/-0,0.0+/-0,0.0+/-0,0.0+/-0,0.0+/-0,0.0+/-0,0.0+/-0,0.0+/-0,0.0+/-0,0.0+/-0,0.0+/-0,0.0+/-0,0.0+/-0,0.0+/-0,0.0+/-0,0.0+/-0,0.0+/-0,0.0+/-0,0.0+/-0,0.0+/-0,0.0+/-0,0.0+/-0,0.0+/-0,0.0+/-0,0.0+/-0,0.0+/-0
Tonga,3010,6749,0,0,0.0+/-0,0.0+/-0,0.0+/-0,0.0+/-0,0.0+/-0,0.0+/-0,0.0+/-0,0.0+/-0,0.0+/-0,0.0+/-0,0.0+/-0,0.0+/-0,0.0+/-0,0.0+/-0,0.0+/-0,0.0+/-0,0.0+/-0,0.0+/-0,0.0+/-0,0.0+/-0,0.0+/-0,0.0+/-0,0.0+/-0,0.0+/-0,0.0+/-0,0.0+/-0,0.0+/-0,0.0+/-0,0.0+/-0,0.0+/-0,0.0+/-0,0.0+/-0,0.0+/-0,0.0+/-0,0.0+/-0,0.0+/-0,0.0+/-0,0.0+/-0,0.0+/-0,0.0+/-0,0.0+/-0,0.0+/-0,0.0+/-0,0.0+/-0,0.0+/-0,0.0+/-0,0.0+/-0,0.0+/-0,0.0+/-0,0.0+/-0,0.0+/-0
Trinidad and Tobago,55257,137309,0,0,0.0+/-0,0.0+/-0,0.0+/-0,0.0+/-0,0.0+/-0,0.0+/-0,0.0+/-0,0.0+/-0,0.0+/-0,0.0+/-0,0.0+/-0,0.0+/-0,0.0+/-0,0.0+/-0,0.0+/-0,0.0+/-0,0.0+/-0,0.0+/-0,0.0+/-0,0.0+/-0,0.0+/-0,0.0+/-0,0.0+/-0,0.0+/-0,0.0+/-0,0.0+/-0,0.0+/-0,0.0+/-0,0.0+/-0,0.0+/-0,0.0+/-0,0.0+/-0,0.0+/-0,0.0+/-0,0.0+/-0,0.0+/-0,0.0+/-0,0.0+/-0,0.0+/-0,0.0+/-0,0.0+/-0,0.0+/-0,0.0+/-0,0.0+/-0,0.0+/-0,0.0+/-0,0.0+/-0,0.0+/-0,0.0+/-0,0.0+/-0,0.0+/-0
Tunisia,739964,1381465,0,0,0.0+/-0,0.0+/-0,0.0+/-0,0.0+/-0,0.0+/-0,0.0+/-0,0.0+/-0,0.0+/-0,0.0+/-0,0.0+/-0,0.0+/-0,0.0+/-0,0.0+/-0,0.0+/-0,0.0+/-0,0.0+/-0,0.0+/-0,0.0+/-0,0.0+/-0,0.0+/-0,0.0+/-0,0.0+/-0,0.0+/-0,0.0+/-0,0.0+/-0,0.0+/-0,0.0+/-0,0.0+/-0,0.0+/-0,0.0+/-0,0.0+/-0,0.0+/-0,0.0+/-0,0.0+/-0,0.0+/-0,0.0+/-0,0.0+/-0,0.0+/-0,0.0+/-0,0.0+/-0,0.0+/-0,0.0+/-0,0.0+/-0,0.0+/-0,0.0+/-0,0.0+/-0,0.0+/-0,0.0+/-0,0.0+/-0,0.0+/-0,0.0+/-0
Türkiye,5913635,11497537,0,0,0.0+/-0,0.0+/-0,0.0+/-0,0.0+/-0,0.0+/-0,0.0+/-0,0.0+/-0,0.0+/-0,0.0+/-0,0.0+/-0,0.0+/-0,0.0+/-0,0.0+/-0,0.0+/-0,0.0+/-0,0.0+/-0,0.0+/-0,0.0+/-0,0.0+/-0,0.0+/-0,0.0+/-0,0.0+/-0,0.0+/-0,0.0+/-0,0.0+/-0,0.0+/-0,0.0+/-0,0.0+/-0,0.0+/-0,0.0+/-0,0.0+/-0,0.0+/-0,0.0+/-0,0.0+/-0,0.0+/-0,0.0+/-0,0.0+/-0,0.0+/-0,0.0+/-0,0.0+/-0,0.0+/-0,0.0+/-0,0.0+/-0,0.0+/-0,0.0+/-0,0.0+/-0,0.0+/-0,0.0+/-0,0.0+/-0,0.0+/-0,0.0+/-0
Tuvalu,1632,3353,0,0,0.0+/-0,0.0+/-0,0.0+/-0,0.0+/-0,0.0+/-0,0.0+/-0,0.0+/-0,0.0+/-0,0.0+/-0,0.0+/-0,0.0+/-0,0.0+/-0,0.0+/-0,0.0+/-0,0.0+/-0,0.0+/-0,0.0+/-0,0.0+/-0,0.0+/-0,0.0+/-0,0.0+/-0,0.0+/-0,0.0+/-0,0.0+/-0,0.0+/-0,0.0+/-0,0.0+/-0,0.0+/-0,0.0+/-0,0.0+/-0,0.0+/-0,0.0+/-0,0.0+/-0,0.0+/-0,0.0+/-0,0.0+/-0,0.0+/-0,0.0+/-0,0.0+/-0,0.0+/-0,0.0+/-0,0.0+/-0,0.0+/-0,0.0+/-0,0.0+/-0,0.0+/-0,0.0+/-0,0.0+/-0,0.0+/-0,0.0+/-0,0.0+/-0
Tanzania,11401360,13627067,0,0,0.0+/-0,0.0+/-0,0.0+/-0,0.0+/-0,0.0+/-0,0.0+/-0,0.0+/-0,0.0+/-0,0.0+/-0,0.0+/-0,0.0+/-0,0.0+/-0,0.0+/-0,0.0+/-0,0.0+/-0,0.0+/-0,0.0+/-0,0.0+/-0,0.0+/-0,0.0+/-0,0.0+/-0,0.0+/-0,0.0+/-0,0.0+/-0,0.0+/-0,0.0+/-0,0.0+/-0,0.0+/-0,0.0+/-0,0.0+/-0,0.0+/-0,0.0+/-0,0.0+/-0,0.0+/-0,0.0+/-0,0.0+/-0,0.0+/-0,0.0+/-0,0.0+/-0,0.0+/-0,0.0+/-0,0.0+/-0,0.0+/-0,0.0+/-0,0.0+/-0,0.0+/-0,0.0+/-0,0.0+/-0,0.0+/-0,0.0+/-0,0.0+/-0
Uganda,2496767,4768676,0,0,0.0+/-0,0.0+/-0,0.0+/-0,0.0+/-0,0.0+/-0,0.0+/-0,0.0+/-0,0.0+/-0,0.0+/-0,0.0+/-0,0.0+/-0,0.0+/-0,0.0+/-0,0.0+/-0,0.0+/-0,0.0+/-0,0.0+/-0,0.0+/-0,0.0+/-0,0.0+/-0,0.0+/-0,0.0+/-0,0.0+/-0,0.0+/-0,0.0+/-0,0.0+/-0,0.0+/-0,0.0+/-0,0.0+/-0,0.0+/-0,0.0+/-0,0.0+/-0,0.0+/-0,0.0+/-0,0.0+/-0,0.0+/-0,0.0+/-0,0.0+/-0,0.0+/-0,0.0+/-0,0.0+/-0,0.0+/-0,0.0+/-0,0.0+/-0,0.0+/-0,0.0+/-0,0.0+/-0,0.0+/-0,0.0+/-0,0.0+/-0,0.0+/-0
Ukraine,2917647,5608384,0,0,0.0+/-0,0.0+/-0,0.0+/-0,0.0+/-0,0.0+/-0,0.0+/-0,0.0+/-0,0.0+/-0,0.0+/-0,0.0+/-0,0.0+/-0,0.0+/-0,0.0+/-0,0.0+/-0,0.0+/-0,0.0+/-0,0.0+/-0,0.0+/-0,0.0+/-0,0.0+/-0,0.0+/-0,0.0+/-0,0.0+/-0,0.0+/-0,0.0+/-0,0.0+/-0,0.0+/-0,0.0+/-0,0.0+/-0,0.0+/-0,0.0+/-0,0.0+/-0,0.0+/-0,0.0+/-0,0.0+/-0,0.0+/-0,0.0+/-0,0.0+/-0,0.0+/-0,0.0+/-0,0.0+/-0,0.0+/-0,0.0+/-0,0.0+/-0,0.0+/-0,0.0+/-0,0.0+/-0,0.0+/-0,0.0+/-0,0.0+/-0,0.0+/-0
Uruguay,223288,528292,0,0,0.0+/-0,0.0+/-0,0.0+/-0,0.0+/-0,0.0+/-0,0.0+/-0,0.0+/-0,0.0+/-0,0.0+/-0,0.0+/-0,0.0+/-0,0.0+/-0,0.0+/-0,0.0+/-0,0.0+/-0,0.0+/-0,0.0+/-0,0.0+/-0,0.0+/-0,0.0+/-0,0.0+/-0,0.0+/-0,0.0+/-0,0.0+/-0,0.0+/-0,0.0+/-0,0.0+/-0,0.0+/-0,0.0+/-0,0.0+/-0,0.0+/-0,0.0+/-0,0.0+/-0,0.0+/-0,0.0+/-0,0.0+/-0,0.0+/-0,0.0+/-0,0.0+/-0,0.0+/-0,0.0+/-0,0.0+/-0,0.0+/-0,0.0+/-0,0.0+/-0,0.0+/-0,0.0+/-0,0.0+/-0,0.0+/-0,0.0+/-0,0.0+/-0
United States,17246611,38478727,0,0,(1.87+/-0.32)e+08,(1.87+/-0.32)e+08,(1.87+/-0.32)e+08,(1.87+/-0.32)e+08,(1.87+/-0.32)e+08,(1.87+/-0.32)e+08,(1.87+/-0.32)e+08,(1.87+/-0.32)e+08,(1.87+/-0.32)e+08,(1.87+/-0.32)e+08,(1.87+/-0.32)e+08,(1.87+/-0.32)e+08,(1.87+/-0.32)e+08,(1.87+/-0.32)e+08,(1.87+/-0.32)e+08,(1.87+/-0.32)e+08,(1.87+/-0.32)e+08,(1.87+/-0.32)e+08,(1.87+/-0.32)e+08,(1.87+/-0.32)e+08,(1.87+/-0.32)e+08,(1.87+/-0.32)e+08,(1.87+/-0.32)e+08,(1.87+/-0.32)e+08,(1.87+/-0.32)e+08,(1.87+/-0.32)e+08,(1.87+/-0.32)e+08,(1.87+/-0.32)e+08,(1.87+/-0.32)e+08,(1.87+/-0.32)e+08,(1.87+/-0.32)e+08,(1.87+/-0.32)e+08,(1.87+/-0.32)e+08,(1.87+/-0.32)e+08,(1.87+/-0.32)e+08,(1.87+/-0.32)e+08,(1.87+/-0.32)e+08,(1.87+/-0.32)e+08,(1.87+/-0.32)e+08,(1.87+/-0.32)e+08,(1.87+/-0.32)e+08,(1.87+/-0.32)e+08,(1.87+/-0.32)e+08,(1.87+/-0.32)e+08,(1.87+/-0.32)e+08,(1.87+/-0.32)e+08,(1.87+/-0.32)e+08,(1.87+/-0.32)e+08,(1.87+/-0.32)e+08,(1.87+/-0.32)e+08,(1.87+/-0.32)e+08
Uzbekistan,2040606,3693890,0,0,0.0+/-0,0.0+/-0,0.0+/-0,0.0+/-0,0.0+/-0,0.0+/-0,0.0+/-0,0.0+/-0,0.0+/-0,0.0+/-0,0.0+/-0,0.0+/-0,0.0+/-0,0.0+/-0,0.0+/-0,0.0+/-0,0.0+/-0,0.0+/-0,0.0+/-0,0.0+/-0,0.0+/-0,0.0+/-0,0.0+/-0,0.0+/-0,0.0+/-0,0.0+/-0,0.0+/-0,0.0+/-0,0.0+/-0,0.0+/-0,0.0+/-0,0.0+/-0,0.0+/-0,0.0+/-0,0.0+/-0,0.0+/-0,0.0+/-0,0.0+/-0,0.0+/-0,0.0+/-0,0.0+/-0,0.0+/-0,0.0+/-0,0.0+/-0,0.0+/-0,0.0+/-0,0.0+/-0,0.0+/-0,0.0+/-0,0.0+/-0,0.0+/-0
St. Vincent and the Grenadines,14163,19249,0,0,0.0+/-0,0.0+/-0,0.0+/-0,0.0+/-0,0.0+/-0,0.0+/-0,0.0+/-0,0.0+/-0,0.0+/-0,0.0+/-0,0.0+/-0,0.0+/-0,0.0+/-0,0.0+/-0,0.0+/-0,0.0+/-0,0.0+/-0,0.0+/-0,0.0+/-0,0.0+/-0,0.0+/-0,0.0+/-0,0.0+/-0,0.0+/-0,0.0+/-0,0.0+/-0,0.0+/-0,0.0+/-0,0.0+/-0,0.0+/-0,0.0+/-0,0.0+/-0,0.0+/-0,0.0+/-0,0.0+/-0,0.0+/-0,0.0+/-0,0.0+/-0,0.0+/-0,0.0+/-0,0.0+/-0,0.0+/-0,0.0+/-0,0.0+/-0,0.0+/-0,0.0+/-0,0.0+/-0,0.0+/-0,0.0+/-0,0.0+/-0,0.0+/-0
Venezuela,1851880,3812515,0,0,0.0+/-0,0.0+/-0,0.0+/-0,0.0+/-0,0.0+/-0,0.0+/-0,0.0+/-0,0.0+/-0,0.0+/-0,0.0+/-0,0.0+/-0,0.0+/-0,0.0+/-0,0.0+/-0,0.0+/-0,0.0+/-0,0.0+/-0,0.0+/-0,0.0+/-0,0.0+/-0,0.0+/-0,0.0+/-0,0.0+/-0,0.0+/-0,0.0+/-0,0.0+/-0,0.0+/-0,0.0+/-0,0.0+/-0,0.0+/-0,0.0+/-0,0.0+/-0,0.0+/-0,0.0+/-0,0.0+/-0,0.0+/-0,0.0+/-0,0.0+/-0,0.0+/-0,0.0+/-0,0.0+/-0,0.0+/-0,0.0+/-0,0.0+/-0,0.0+/-0,0.0+/-0,0.0+/-0,0.0+/-0,0.0+/-0,0.0+/-0,0.0+/-0
British Virgin Islands,2574,5308,0,0,0.0+/-0,0.0+/-0,0.0+/-0,0.0+/-0,0.0+/-0,0.0+/-0,0.0+/-0,0.0+/-0,0.0+/-0,0.0+/-0,0.0+/-0,0.0+/-0,0.0+/-0,0.0+/-0,0.0+/-0,0.0+/-0,0.0+/-0,0.0+/-0,0.0+/-0,0.0+/-0,0.0+/-0,0.0+/-0,0.0+/-0,0.0+/-0,0.0+/-0,0.0+/-0,0.0+/-0,0.0+/-0,0.0+/-0,0.0+/-0,0.0+/-0,0.0+/-0,0.0+/-0,0.0+/-0,0.0+/-0,0.0+/-0,0.0+/-0,0.0+/-0,0.0+/-0,0.0+/-0,0.0+/-0,0.0+/-0,0.0+/-0,0.0+/-0,0.0+/-0,0.0+/-0,0.0+/-0,0.0+/-0,0.0+/-0,0.0+/-0,0.0+/-0
United States Virgin Islands,5522,11389,0,0,0.0+/-0,0.0+/-0,0.0+/-0,0.0+/-0,0.0+/-0,0.0+/-0,0.0+/-0,0.0+/-0,0.0+/-0,0.0+/-0,0.0+/-0,0.0+/-0,0.0+/-0,0.0+/-0,0.0+/-0,0.0+/-0,0.0+/-0,0.0+/-0,0.0+/-0,0.0+/-0,0.0+/-0,0.0+/-0,0.0+/-0,0.0+/-0,0.0+/-0,0.0+/-0,0.0+/-0,0.0+/-0,0.0+/-0,0.0+/-0,0.0+/-0,0.0+/-0,0.0+/-0,0.0+/-0,0.0+/-0,0.0+/-0,0.0+/-0,0.0+/-0,0.0+/-0,0.0+/-0,0.0+/-0,0.0+/-0,0.0+/-0,0.0+/-0,0.0+/-0,0.0+/-0,0.0+/-0,0.0+/-0,0.0+/-0,0.0+/-0,0.0+/-0
Vietnam,10070507,19165409,0,0,0.0+/-0,0.0+/-0,0.0+/-0,0.0+/-0,0.0+/-0,0.0+/-0,0.0+/-0,0.0+/-0,0.0+/-0,0.0+/-0,0.0+/-0,0.0+/-0,0.0+/-0,0.0+/-0,0.0+/-0,0.0+/-0,0.0+/-0,0.0+/-0,0.0+/-0,0.0+/-0,0.0+/-0,0.0+/-0,0.0+/-0,0.0+/-0,0.0+/-0,0.0+/-0,0.0+/-0,0.0+/-0,0.0+/-0,0.0+/-0,0.0+/-0,0.0+/-0,0.0+/-0,0.0+/-0,0.0+/-0,0.0+/-0,0.0+/-0,0.0+/-0,0.0+/-0,0.0+/-0,0.0+/-0,0.0+/-0,0.0+/-0,0.0+/-0,0.0+/-0,0.0+/-0,0.0+/-0,0.0+/-0,0.0+/-0,0.0+/-0,0.0+/-0
Vanuatu,16691,29263,0,0,0.0+/-0,0.0+/-0,0.0+/-0,0.0+/-0,0.0+/-0,0.0+/-0,0.0+/-0,0.0+/-0,0.0+/-0,0.0+/-0,0.0+/-0,0.0+/-0,0.0+/-0,0.0+/-0,0.0+/-0,0.0+/-0,0.0+/-0,0.0+/-0,0.0+/-0,0.0+/-0,0.0+/-0,0.0+/-0,0.0+/-0,0.0+/-0,0.0+/-0,0.0+/-0,0.0+/-0,0.0+/-0,0.0+/-0,0.0+/-0,0.0+/-0,0.0+/-0,0.0+/-0,0.0+/-0,0.0+/-0,0.0+/-0,0.0+/-0,0.0+/-0,0.0+/-0,0.0+/-0,0.0+/-0,0.0+/-0,0.0+/-0,0.0+/-0,0.0+/-0,0.0+/-0,0.0+/-0,0.0+/-0,0.0+/-0,0.0+/-0,0.0+/-0
Samoa,6749,13208,0,0,0.0+/-0,0.0+/-0,0.0+/-0,0.0+/-0,0.0+/-0,0.0+/-0,0.0+/-0,0.0+/-0,0.0+/-0,0.0+/-0,0.0+/-0,0.0+/-0,0.0+/-0,0.0+/-0,0.0+/-0,0.0+/-0,0.0+/-0,0.0+/-0,0.0+/-0,0.0+/-0,0.0+/-0,0.0+/-0,0.0+/-0,0.0+/-0,0.0+/-0,0.0+/-0,0.0+/-0,0.0+/-0,0.0+/-0,0.0+/-0,0.0+/-0,0.0+/-0,0.0+/-0,0.0+/-0,0.0+/-0,0.0+/-0,0.0+/-0,0.0+/-0,0.0+/-0,0.0+/-0,0.0+/-0,0.0+/-0,0.0+/-0,0.0+/-0,0.0+/-0,0.0+/-0,0.0+/-0,0.0+/-0,0.0+/-0,0.0+/-0,0.0+/-0
Kosovo,48429,134357,0,0,0.0+/-0,0.0+/-0,0.0+/-0,0.0+/-0,0.0+/-0,0.0+/-0,0.0+/-0,0.0+/-0,0.0+/-0,0.0+/-0,0.0+/-0,0.0+/-0,0.0+/-0,0.0+/-0,0.0+/-0,0.0+/-0,0.0+/-0,0.0+/-0,0.0+/-0,0.0+/-0,0.0+/-0,0.0+/-0,0.0+/-0,0.0+/-0,0.0+/-0,0.0+/-0,0.0+/-0,0.0+/-0,0.0+/-0,0.0+/-0,0.0+/-0,0.0+/-0,0.0+/-0,0.0+/-0,0.0+/-0,0.0+/-0,0.0+/-0,0.0+/-0,0.0+/-0,0.0+/-0,0.0+/-0,0.0+/-0,0.0+/-0,0.0+/-0,0.0+/-0,0.0+/-0,0.0+/-0,0.0+/-0,0.0+/-0,0.0+/-0,0.0+/-0
Yemen,973036,2185521,0,0,0.0+/-0,0.0+/-0,0.0+/-0,0.0+/-0,0.0+/-0,0.0+/-0,0.0+/-0,0.0+/-0,0.0+/-0,0.0+/-0,0.0+/-0,0.0+/-0,0.0+/-0,0.0+/-0,0.0+/-0,0.0+/-0,0.0+/-0,0.0+/-0,0.0+/-0,0.0+/-0,0.0+/-0,0.0+/-0,0.0+/-0,0.0+/-0,0.0+/-0,0.0+/-0,0.0+/-0,0.0+/-0,0.0+/-0,0.0+/-0,0.0+/-0,0.0+/-0,0.0+/-0,0.0+/-0,0.0+/-0,0.0+/-0,0.0+/-0,0.0+/-0,0.0+/-0,0.0+/-0,0.0+/-0,0.0+/-0,0.0+/-0,0.0+/-0,0.0+/-0,0.0+/-0,0.0+/-0,0.0+/-0,0.0+/-0,0.0+/-0,0.0+/-0
South Africa,2690444,6480545,0,0,0.0+/-0,0.0+/-0,0.0+/-0,0.0+/-0,0.0+/-0,0.0+/-0,0.0+/-0,0.0+/-0,0.0+/-0,0.0+/-0,0.0+/-0,0.0+/-0,0.0+/-0,0.0+/-0,0.0+/-0,0.0+/-0,0.0+/-0,0.0+/-0,0.0+/-0,0.0+/-0,0.0+/-0,0.0+/-0,0.0+/-0,0.0+/-0,0.0+/-0,0.0+/-0,0.0+/-0,0.0+/-0,0.0+/-0,0.0+/-0,0.0+/-0,0.0+/-0,0.0+/-0,0.0+/-0,0.0+/-0,0.0+/-0,0.0+/-0,0.0+/-0,0.0+/-0,0.0+/-0,0.0+/-0,0.0+/-0,0.0+/-0,0.0+/-0,0.0+/-0,0.0+/-0,0.0+/-0,0.0+/-0,0.0+/-0,0.0+/-0,0.0+/-0
Zambia,473656,1236596,0,0,0.0+/-0,0.0+/-0,0.0+/-0,0.0+/-0,0.0+/-0,0.0+/-0,0.0+/-0,0.0+/-0,0.0+/-0,0.0+/-0,0.0+/-0,0.0+/-0,0.0+/-0,0.0+/-0,0.0+/-0,0.0+/-0,0.0+/-0,0.0+/-0,0.0+/-0,0.0+/-0,0.0+/-0,0.0+/-0,0.0+/-0,0.0+/-0,0.0+/-0,0.0+/-0,0.0+/-0,0.0+/-0,0.0+/-0,0.0+/-0,0.0+/-0,0.0+/-0,0.0+/-0,0.0+/-0,0.0+/-0,0.0+/-0,0.0+/-0,0.0+/-0,0.0+/-0,0.0+/-0,0.0+/-0,0.0+/-0,0.0+/-0,0.0+/-0,0.0+/-0,0.0+/-0,0.0+/-0,0.0+/-0,0.0+/-0,0.0+/-0,0.0+/-0
Zimbabwe,565599,1278922,0,0,0.0+/-0,0.0+/-0,0.0+/-0,0.0+/-0,0.0+/-0,0.0+/-0,0.0+/-0,0.0+/-0,0.0+/-0,0.0+/-0,0.0+/-0,0.0+/-0,0.0+/-0,0.0+/-0,0.0+/-0,0.0+/-0,0.0+/-0,0.0+/-0,0.0+/-0,0.0+/-0,0.0+/-0,0.0+/-0,0.0+/-0,0.0+/-0,0.0+/-0,0.0+/-0,0.0+/-0,0.0+/-0,0.0+/-0,0.0+/-0,0.0+/-0,0.0+/-0,0.0+/-0,0.0+/-0,0.0+/-0,0.0+/-0,0.0+/-0,0.0+/-0,0.0+/-0,0.0+/-0,0.0+/-0,0.0+/-0,0.0+/-0,0.0+/-0,0.0+/-0,0.0+/-0,0.0+/-0,0.0+/-0,0.0+/-0,0.0+/-0,0.0+/-0
Australia and New Zealand,1460501,3314400,0,0,0.0+/-0,0.0+/-0,0.0+/-0,0.0+/-0,0.0+/-0,0.0+/-0,0.0+/-0,0.0+/-0,0.0+/-0,0.0+/-0,0.0+/-0,0.0+/-0,0.0+/-0,0.0+/-0,0.0+/-0,0.0+/-0,0.0+/-0,0.0+/-0,0.0+/-0,0.0+/-0,0.0+/-0,0.0+/-0,0.0+/-0,0.0+/-0,0.0+/-0,0.0+/-0,0.0+/-0,0.0+/-0,0.0+/-0,0.0+/-0,0.0+/-0,0.0+/-0,0.0+/-0,0.0+/-0,0.0+/-0,0.0+/-0,0.0+/-0,0.0+/-0,0.0+/-0,0.0+/-0,0.0+/-0,0.0+/-0,0.0+/-0,0.0+/-0,0.0+/-0,0.0+/-0,0.0+/-0,0.0+/-0,0.0+/-0,0.0+/-0,0.0+/-0
Caribbean,2488101,5989567,0,0,0.0+/-0,0.0+/-0,0.0+/-0,0.0+/-0,0.0+/-0,0.0+/-0,0.0+/-0,0.0+/-0,0.0+/-0,0.0+/-0,0.0+/-0,0.0+/-0,0.0+/-0,0.0+/-0,0.0+/-0,0.0+/-0,0.0+/-0,0.0+/-0,0.0+/-0,0.0+/-0,0.0+/-0,0.0+/-0,0.0+/-0,0.0+/-0,0.0+/-0,0.0+/-0,0.0+/-0,0.0+/-0,0.0+/-0,0.0+/-0,0.0+/-0,0.0+/-0,0.0+/-0,0.0+/-0,0.0+/-0,0.0+/-0,0.0+/-0,0.0+/-0,0.0+/-0,0.0+/-0,0.0+/-0,0.0+/-0,0.0+/-0,0.0+/-0,0.0+/-0,0.0+/-0,0.0+/-0,0.0+/-0,0.0+/-0,0.0+/-0,0.0+/-0
Central America,12837296,32628574,0,0,0.0+/-0,0.0+/-0,0.0+/-0,0.0+/-0,0.0+/-0,0.0+/-0,0.0+/-0,0.0+/-0,0.0+/-0,0.0+/-0,0.0+/-0,0.0+/-0,0.0+/-0,0.0+/-0,0.0+/-0,0.0+/-0,0.0+/-0,0.0+/-0,0.0+/-0,0.0+/-0,0.0+/-0,0.0+/-0,0.0+/-0,0.0+/-0,0.0+/-0,0.0+/-0,0.0+/-0,0.0+/-0,0.0+/-0,0.0+/-0,0.0+/-0,0.0+/-0,0.0+/-0,0.0+/-0,0.0+/-0,0.0+/-0,0.0+/-0,0.0+/-0,0.0+/-0,0.0+/-0,0.0+/-0,0.0+/-0,0.0+/-0,0.0+/-0,0.0+/-0,0.0+/-0,0.0+/-0,0.0+/-0,0.0+/-0,0.0+/-0,0.0+/-0
Central Asia,4684331,8496340,0,0,0.0+/-0,0.0+/-0,0.0+/-0,0.0+/-0,0.0+/-0,0.0+/-0,0.0+/-0,0.0+/-0,0.0+/-0,0.0+/-0,0.0+/-0,0.0+/-0,0.0+/-0,0.0+/-0,0.0+/-0,0.0+/-0,0.0+/-0,0.0+/-0,0.0+/-0,0.0+/-0,0.0+/-0,0.0+/-0,0.0+/-0,0.0+/-0,0.0+/-0,0.0+/-0,0.0+/-0,0.0+/-0,0.0+/-0,0.0+/-0,0.0+/-0,0.0+/-0,0.0+/-0,0.0+/-0,0.0+/-0,0.0+/-0,0.0+/-0,0.0+/-0,0.0+/-0,0.0+/-0,0.0+/-0,0.0+/-0,0.0+/-0,0.0+/-0,0.0+/-0,0.0+/-0,0.0+/-0,0.0+/-0,0.0+/-0,0.0+/-0,0.0+/-0
Eastern Africa,37570897,60628919,0,0,0.0+/-0,0.0+/-0,0.0+/-0,0.0+/-0,0.0+/-0,0.0+/-0,0.0+/-0,0.0+/-0,0.0+/-0,0.0+/-0,0.0+/-0,0.0+/-0,0.0+/-0,0.0+/-0,0.0+/-0,0.0+/-0,0.0+/-0,0.0+/-0,0.0+/-0,0.0+/-0,0.0+/-0,0.0+/-0,0.0+/-0,0.0+/-0,0.0+/-0,0.0+/-0,0.0+/-0,0.0+/-0,0.0+/-0,0.0+/-0,0.0+/-0,0.0+/-0,0.0+/-0,0.0+/-0,0.0+/-0,0.0+/-0,0.0+/-0,0.0+/-0,0.0+/-0,0.0+/-0,0.0+/-0,0.0+/-0,0.0+/-0,0.0+/-0,0.0+/-0,0.0+/-0,0.0+/-0,0.0+/-0,0.0+/-0,0.0+/-0,0.0+/-0
Eastern Asia,148747768,277266617,0,0,(4.1+/-0.6)e+08,(4.1+/-0.6)e+08,(4.1+/-0.6)e+08,(4.1+/-0.6)e+08,(4.1+/-0.6)e+08,(4.1+/-0.6)e+08,(4.1+/-0.6)e+08,(4.1+/-0.6)e+08,(4.1+/-0.6)e+08,(4.1+/-0.6)e+08,(4.1+/-0.6)e+08,(4.1+/-0.6)e+08,(4.1+/-0.6)e+08,(4.1+/-0.6)e+08,(4.1+/-0.6)e+08,(4.1+/-0.6)e+08,(4.1+/-0.6)e+08,(4.1+/-0.6)e+08,(4.1+/-0.6)e+08,(4.1+/-0.6)e+08,(4.1+/-0.6)e+08,(4.1+/-0.6)e+08,(4.1+/-0.6)e+08,(4.1+/-0.6)e+08,(4.1+/-0.6)e+08,(4.1+/-0.6)e+08,(4.1+/-0.6)e+08,(4.1+/-0.6)e+08,(4.1+/-0.6)e+08,(4.1+/-0.6)e+08,(4.1+/-0.6)e+08,(4.1+/-0.6)e+08,(4.1+/-0.6)e+08,(4.1+/-0.6)e+08,(4.1+/-0.6)e+08,(4.1+/-0.6)e+08,(4.1+/-0.6)e+08,(4.1+/-0.6)e+08,(4.1+/-0.6)e+08,(4.1+/-0.6)e+08,(4.1+/-0.6)e+08,(4.1+/-0.6)e+08,(4.1+/-0.6)e+08,(4.1+/-0.6)e+08,(4.1+/-0.6)e+08,(4.1+/-0.6)e+08,(4.1+/-0.6)e+08,(4.1+/-0.6)e+08,(4.1+/-0.6)e+08,(4.1+/-0.6)e+08,(4.1+/-0.6)e+08
Eastern Europe,19546974,38394765,0,0,0.0+/-0,0.0+/-0,0.0+/-0,0.0+/-0,0.0+/-0,0.0+/-0,0.0+/-0,0.0+/-0,0.0+/-0,0.0+/-0,0.0+/-0,0.0+/-0,0.0+/-0,0.0+/-0,0.0+/-0,0.0+/-0,0.0+/-0,0.0+/-0,0.0+/-0,0.0+/-0,0.0+/-0,0.0+/-0,0.0+/-0,0.0+/-0,0.0+/-0,0.0+/-0,0.0+/-0,0.0+/-0,0.0+/-0,0.0+/-0,0.0+/-0,0.0+/-0,0.0+/-0,0.0+/-0,0.0+/-0,0.0+/-0,0.0+/-0,0.0+/-0,0.0+/-0,0.0+/-0,0.0+/-0,0.0+/-0,0.0+/-0,0.0+/-0,0.0+/-0,0.0+/-0,0.0+/-0,0.0+/-0,0.0+/-0,0.0+/-0,0.0+/-0
Melanesia,821256,1645282,0,0,0.0+/-0,0.0+/-0,0.0+/-0,0.0+/-0,0.0+/-0,0.0+/-0,0.0+/-0,0.0+/-0,0.0+/-0,0.0+/-0,0.0+/-0,0.0+/-0,0.0+/-0,0.0+/-0,0.0+/-0,0.0+/-0,0.0+/-0,0.0+/-0,0.0+/-0,0.0+/-0,0.0+/-0,0.0+/-0,0.0+/-0,0.0+/-0,0.0+/-0,0.0+/-0,0.0+/-0,0.0+/-0,0.0+/-0,0.0+/-0,0.0+/-0,0.0+/-0,0.0+/-0,0.0+/-0,0.0+/-0,0.0+/-0,0.0+/-0,0.0+/-0,0.0+/-0,0.0+/-0,0.0+/-0,0.0+/-0,0.0+/-0,0.0+/-0,0.0+/-0,0.0+/-0,0.0+/-0,0.0+/-0,0.0+/-0,0.0+/-0,0.0+/-0
Micronesia,22448,47643,0,0,0.0+/-0,0.0+/-0,0.0+/-0,0.0+/-0,0.0+/-0,0.0+/-0,0.0+/-0,0.0+/-0,0.0+/-0,0.0+/-0,0.0+/-0,0.0+/-0,0.0+/-0,0.0+/-0,0.0+/-0,0.0+/-0,0.0+/-0,0.0+/-0,0.0+/-0,0.0+/-0,0.0+/-0,0.0+/-0,0.0+/-0,0.0+/-0,0.0+/-0,0.0+/-0,0.0+/-0,0.0+/-0,0.0+/-0,0.0+/-0,0.0+/-0,0.0+/-0,0.0+/-0,0.0+/-0,0.0+/-0,0.0+/-0,0.0+/-0,0.0+/-0,0.0+/-0,0.0+/-0,0.0+/-0,0.0+/-0,0.0+/-0,0.0+/-0,0.0+/-0,0.0+/-0,0.0+/-0,0.0+/-0,0.0+/-0,0.0+/-0,0.0+/-0
Middle Africa,12515524,21488769,0,0,0.0+/-0,0.0+/-0,0.0+/-0,0.0+/-0,0.0+/-0,0.0+/-0,0.0+/-0,0.0+/-0,0.0+/-0,0.0+/-0,0.0+/-0,0.0+/-0,0.0+/-0,0.0+/-0,0.0+/-0,0.0+/-0,0.0+/-0,0.0+/-0,0.0+/-0,0.0+/-0,0.0+/-0,0.0+/-0,0.0+/-0,0.0+/-0,0.0+/-0,0.0+/-0,0.0+/-0,0.0+/-0,0.0+/-0,0.0+/-0,0.0+/-0,0.0+/-0,0.0+/-0,0.0+/-0,0.0+/-0,0.0+/-0,0.0+/-0,0.0+/-0,0.0+/-0,0.0+/-0,0.0+/-0,0.0+/-0,0.0+/-0,0.0+/-0,0.0+/-0,0.0+/-0,0.0+/-0,0.0+/-0,0.0+/-0,0.0+/-0,0.0+/-0
Northern Africa,12344899,24134337,0,0,0.0+/-0,0.0+/-0,0.0+/-0,0.0+/-0,0.0+/-0,0.0+/-0,0.0+/-0,0.0+/-0,0.0+/-0,0.0+/-0,0.0+/-0,0.0+/-0,0.0+/-0,0.0+/-0,0.0+/-0,0.0+/-0,0.0+/-0,0.0+/-0,0.0+/-0,0.0+/-0,0.0+/-0,0.0+/-0,0.0+/-0,0.0+/-0,0.0+/-0,0.0+/-0,0.0+/-0,0.0+/-0,0.0+/-0,0.0+/-0,0.0+/-0,0.0+/-0,0.0+/-0,0.0+/-0,0.0+/-0,0.0+/-0,0.0+/-0,0.0+/-0,0.0+/-0,0.0+/-0,0.0+/-0,0.0+/-0,0.0+/-0,0.0+/-0,0.0+/-0,0.0+/-0,0.0+/-0,0.0+/-0,0.0+/-0,0.0+/-0,0.0+/-0
Northern America,19525627,43562458,0,0,(1.87+/-0.32)e+08,(1.87+/-0.32)e+08,(1.87+/-0.32)e+08,(1.87+/-0.32)e+08,(1.87+/-0.32)e+08,(1.87+/-0.32)e+08,(1.87+/-0.32)e+08,(1.87+/-0.32)e+08,(1.87+/-0.32)e+08,(1.87+/-0.32)e+08,(1.87+/-0.32)e+08,(1.87+/-0.32)e+08,(1.87+/-0.32)e+08,(1.87+/-0.32)e+08,(1.87+/-0.32)e+08,(1.87+/-0.32)e+08,(1.87+/-0.32)e+08,(1.87+/-0.32)e+08,(1.87+/-0.32)e+08,(1.87+/-0.32)e+08,(1.87+/-0.32)e+08,(1.87+/-0.32)e+08,(1.87+/-0.32)e+08,(1.87+/-0.32)e+08,(1.87+/-0.32)e+08,(1.87+/-0.32)e+08,(1.87+/-0.32)e+08,(1.87+/-0.32)e+08,(1.87+/-0.32)e+08,(1.87+/-0.32)e+08,(1.87+/-0.32)e+08,(1.87+/-0.32)e+08,(1.87+/-0.32)e+08,(1.87+/-0.32)e+08,(1.87+/-0.32)e+08,(1.87+/-0.32)e+08,(1.87+/-0.32)e+08,(1.87+/-0.32)e+08,(1.87+/-0.32)e+08,(1.87+/-0.32)e+08,(1.87+/-0.32)e+08,(1.87+/-0.32)e+08,(1.87+/-0.32)e+08,(1.87+/-0.32)e+08,(1.87+/-0.32)e+08,(1.87+/-0.32)e+08,(1.87+/-0.32)e+08,(1.87+/-0.32)e+08,(1.87+/-0.32)e+08,(1.87+/-0.32)e+08,(1.87+/-0.32)e+08
Northern Europe,5554233,12821417,0,0,(2.10+/-0.35)e+07,(2.10+/-0.35)e+07,(2.10+/-0.35)e+07,(2.10+/-0.35)e+07,(2.10+/-0.35)e+07,(2.10+/-0.35)e+07,(2.10+/-0.35)e+07,(2.10+/-0.35)e+07,(2.10+/-0.35)e+07,(2.10+/-0.35)e+07,(2.10+/-0.35)e+07,(2.10+/-0.35)e+07,(2.10+/-0.35)e+07,(2.10+/-0.35)e+07,(2.10+/-0.35)e+07,(2.10+/-0.35)e+07,(2.10+/-0.35)e+07,(2.10+/-0.35)e+07,(2.10+/-0.35)e+07,(2.10+/-0.35)e+07,(2.10+/-0.35)e+07,(2.10+/-0.35)e+07,(2.10+/-0.35)e+07,(2.10+/-0.35)e+07,(2.10+/-0.35)e+07,(2.10+/-0.35)e+07,(2.10+/-0.35)e+07,(2.10+/-0.35)e+07,(2.10+/-0.35)e+07,(2.10+/-0.35)e+07,(2.10+/-0.35)e+07,(2.10+/-0.35)e+07,(2.10+/-0.35)e+07,(2.10+/-0.35)e+07,(2.10+/-0.35)e+07,(2.10+/-0.35)e+07,(2.10+/-0.35)e+07,(2.10+/-0.35)e+07,(2.10+/-0.35)e+07,(2.10+/-0.35)e+07,(2.10+/-0.35)e+07,(2.10+/-0.35)e+07,(2.10+/-0.35)e+07,(2.10+/-0.35)e+07,(2.10+/-0.35)e+07,(2.10+/-0.35)e+07,(2.10+/-0.35)e+07,(2.10+/-0.35)e+07,(2.10+/-0.35)e+07,(2.10+/-0.35)e+07,(2.10+/-0.35)e+07
Polynesia,32717,64787,0,0,0.0+/-0,0.0+/-0,0.0+/-0,0.0+/-0,0.0+/-0,0.0+/-0,0.0+/-0,0.0+/-0,0.0+/-0,0.0+/-0,0.0+/-0,0.0+/-0,0.0+/-0,0.0+/-0,0.0+/-0,0.0+/-0,0.0+/-0,0.0+/-0,0.0+/-0,0.0+/-0,0.0+/-0,0.0+/-0,0.0+/-0,0.0+/-0,0.0+/-0,0.0+/-0,0.0+/-0,0.0+/-0,0.0+/-0,0.0+/-0,0.0+/-0,0.0+/-0,0.0+/-0,0.0+/-0,0.0+/-0,0.0+/-0,0.0+/-0,0.0+/-0,0.0+/-0,0.0+/-0,0.0+/-0,0.0+/-0,0.0+/-0,0.0+/-0,0.0+/-0,0.0+/-0,0.0+/-0,0.0+/-0,0.0+/-0,0.0+/-0,0.0+/-0
South America,27991448,65621307,0,0,0.0+/-0,0.0+/-0,0.0+/-0,0.0+/-0,0.0+/-0,0.0+/-0,0.0+/-0,0.0+/-0,0.0+/-0,0.0+/-0,0.0+/-0,0.0+/-0,0.0+/-0,0.0+/-0,0.0+/-0,0.0+/-0,0.0+/-0,0.0+/-0,0.0+/-0,0.0+/-0,0.0+/-0,0.0+/-0,0.0+/-0,0.0+/-0,0.0+/-0,0.0+/-0,0.0+/-0,0.0+/-0,0.0+/-0,0.0+/-0,0.0+/-0,0.0+/-0,0.0+/-0,0.0+/-0,0.0+/-0,0.0+/-0,0.0+/-0,0.0+/-0,0.0+/-0,0.0+/-0,0.0+/-0,0.0+/-0,0.0+/-0,0.0+/-0,0.0+/-0,0.0+/-0,0.0+/-0,0.0+/-0,0.0+/-0,0.0+/-0,0.0+/-0
South-eastern Asia,64939863,127022908,0,0,0.0+/-0,0.0+/-0,0.0+/-0,0.0+/-0,0.0+/-0,0.0+/-0,0.0+/-0,0.0+/-0,0.0+/-0,0.0+/-0,0.0+/-0,0.0+/-0,0.0+/-0,0.0+/-0,0.0+/-0,0.0+/-0,0.0+/-0,0.0+/-0,0.0+/-0,0.0+/-0,0.0+/-0,0.0+/-0,0.0+/-0,0.0+/-0,0.0+/-0,0.0+/-0,0.0+/-0,0.0+/-0,0.0+/-0,0.0+/-0,0.0+/-0,0.0+/-0,0.0+/-0,0.0+/-0,0.0+/-0,0.0+/-0,0.0+/-0,0.0+/-0,0.0+/-0,0.0+/-0,0.0+/-0,0.0+/-0,0.0+/-0,0.0+/-0,0.0+/-0,0.0+/-0,0.0+/-0,0.0+/-0,0.0+/-0,0.0+/-0,0.0+/-0
Southern Africa,3149254,7451675,0,0,0.0+/-0,0.0+/-0,0.0+/-0,0.0+/-0,0.0+/-0,0.0+/-0,0.0+/-0,0.0+/-0,0.0+/-0,0.0+/-0,0.0+/-0,0.0+/-0,0.0+/-0,0.0+/-0,0.0+/-0,0.0+/-0,0.0+/-0,0.0+/-0,0.0+/-0,0.0+/-0,0.0+/-0,0.0+/-0,0.0+/-0,0.0+/-0,0.0+/-0,0.0+/-0,0.0+/-0,0.0+/-0,0.0+/-0,0.0+/-0,0.0+/-0,0.0+/-0,0.0+/-0,0.0+/-0,0.0+/-0,0.0+/-0,0.0+/-0,0.0+/-0,0.0+/-0,0.0+/-0,0.0+/-0,0.0+/-0,0.0+/-0,0.0+/-0,0.0+/-0,0.0+/-0,0.0+/-0,0.0+/-0,0.0+/-0,0.0+/-0,0.0+/-0
Southern Asia,200536188,300484974,0,0,0.0+/-0,0.0+/-0,0.0+/-0,0.0+/-0,0.0+/-0,0.0+/-0,0.0+/-0,0.0+/-0,0.0+/-0,0.0+/-0,0.0+/-0,0.0+/-0,0.0+/-0,0.0+/-0,0.0+/-0,0.0+/-0,0.0+/-0,0.0+/-0,0.0+/-0,0.0+/-0,0.0+/-0,0.0+/-0,0.0+/-0,0.0+/-0,0.0+/-0,0.0+/-0,0.0+/-0,0.0+/-0,0.0+/-0,0.0+/-0,0.0+/-0,0.0+/-0,0.0+/-0,0.0+/-0,0.0+/-0,0.0+/-0,0.0+/-0,0.0+/-0,0.0+/-0,0.0+/-0,0.0+/-0,0.0+/-0,0.0+/-0,0.0+/-0,0.0+/-0,0.0+/-0,0.0+/-0,0.0+/-0,0.0+/-0,0.0+/-0,0.0+/-0
Southern Europe,8076263,18517360,0,0,0.0+/-0,0.0+/-0,0.0+/-0,0.0+/-0,0.0+/-0,0.0+/-0,0.0+/-0,0.0+/-0,0.0+/-0,0.0+/-0,0.0+/-0,0.0+/-0,0.0+/-0,0.0+/-0,0.0+/-0,0.0+/-0,0.0+/-0,0.0+/-0,0.0+/-0,0.0+/-0,0.0+/-0,0.0+/-0,0.0+/-0,0.0+/-0,0.0+/-0,0.0+/-0,0.0+/-0,0.0+/-0,0.0+/-0,0.0+/-0,0.0+/-0,0.0+/-0,0.0+/-0,0.0+/-0,0.0+/-0,0.0+/-0,0.0+/-0,0.0+/-0,0.0+/-0,0.0+/-0,0.0+/-0,0.0+/-0,0.0+/-0,0.0+/-0,0.0+/-0,0.0+/-0,0.0+/-0,0.0+/-0,0.0+/-0,0.0+/-0,0.0+/-0
Western Africa,23215905,51786178,0,0,0.0+/-0,0.0+/-0,0.0+/-0,0.0+/-0,0.0+/-0,0.0+/-0,0.0+/-0,0.0+/-0,0.0+/-0,0.0+/-0,0.0+/-0,0.0+/-0,0.0+/-0,0.0+/-0,0.0+/-0,0.0+/-0,0.0+/-0,0.0+/-0,0.0+/-0,0.0+/-0,0.0+/-0,0.0+/-0,0.0+/-0,0.0+/-0,0.0+/-0,0.0+/-0,0.0+/-0,0.0+/-0,0.0+/-0,0.0+/-0,0.0+/-0,0.0+/-0,0.0+/-0,0.0+/-0,0.0+/-0,0.0+/-0,0.0+/-0,0.0+/-0,0.0+/-0,0.0+/-0,0.0+/-0,0.0+/-0,0.0+/-0,0.0+/-0,0.0+/-0,0.0+/-0,0.0+/-0,0.0+/-0,0.0+/-0,0.0+/-0,0.0+/-0
Western Asia,14979634,31832061,0,0,0.0+/-0,0.0+/-0,0.0+/-0,0.0+/-0,0.0+/-0,0.0+/-0,0.0+/-0,0.0+/-0,0.0+/-0,0.0+/-0,0.0+/-0,0.0+/-0,0.0+/-0,0.0+/-0,0.0+/-0,0.0+/-0,0.0+/-0,0.0+/-0,0.0+/-0,0.0+/-0,0.0+/-0,0.0+/-0,0.0+/-0,0.0+/-0,0.0+/-0,0.0+/-0,0.0+/-0,0.0+/-0,0.0+/-0,0.0+/-0,0.0+/-0,0.0+/-0,0.0+/-0,0.0+/-0,0.0+/-0,0.0+/-0,0.0+/-0,0.0+/-0,0.0+/-0,0.0+/-0,0.0+/-0,0.0+/-0,0.0+/-0,0.0+/-0,0.0+/-0,0.0+/-0,0.0+/-0,0.0+/-0,0.0+/-0,0.0+/-0,0.0+/-0
Western Europe,11377580,24476397,0,0,(8.5+/-1.2)e+07,(8.5+/-1.2)e+07,(8.5+/-1.2)e+07,(8.5+/-1.2)e+07,(8.5+/-1.2)e+07,(8.5+/-1.2)e+07,(8.5+/-1.2)e+07,(8.5+/-1.2)e+07,(8.5+/-1.2)e+07,(8.5+/-1.2)e+07,(8.5+/-1.2)e+07,(8.5+/-1.2)e+07,(8.5+/-1.2)e+07,(8.5+/-1.2)e+07,(8.5+/-1.2)e+07,(8.5+/-1.2)e+07,(8.5+/-1.2)e+07,(8.5+/-1.2)e+07,(8.5+/-1.2)e+07,(8.5+/-1.2)e+07,(8.5+/-1.2)e+07,(8.5+/-1.2)e+07,(8.5+/-1.2)e+07,(8.5+/-1.2)e+07,(8.5+/-1.2)e+07,(8.5+/-1.2)e+07,(8.5+/-1.2)e+07,(8.5+/-1.2)e+07,(8.5+/-1.2)e+07,(8.5+/-1.2)e+07,(8.5+/-1.2)e+07,(8.5+/-1.2)e+07,(8.5+/-1.2)e+07,(8.5+/-1.2)e+07,(8.5+/-1.2)e+07,(8.5+/-1.2)e+07,(8.5+/-1.2)e+07,(8.5+/-1.2)e+07,(8.5+/-1.2)e+07,(8.5+/-1.2)e+07,(8.5+/-1.2)e+07,(8.5+/-1.2)e+07,(8.5+/-1.2)e+07,(8.5+/-1.2)e+07,(8.5+/-1.2)e+07,(8.5+/-1.2)e+07,(8.5+/-1.2)e+07,(8.5+/-1.2)e+07,(8.5+/-1.2)e+07,(8.5+/-1.2)e+07,(8.5+/-1.2)e+07
Global,632418707,1157676735,0,0,(7.0+/-0.8)e+08,(7.0+/-0.8)e+08,(7.0+/-0.8)e+08,(7.0+/-0.8)e+08,(7.0+/-0.8)e+08,(7.0+/-0.8)e+08,(7.0+/-0.8)e+08,(7.0+/-0.8)e+08,(7.0+/-0.8)e+08,(7.0+/-0.8)e+08,(7.0+/-0.8)e+08,(7.0+/-0.8)e+08,(7.0+/-0.8)e+08,(7.0+/-0.8)e+08,(7.0+/-0.8)e+08,(7.0+/-0.8)e+08,(7.0+/-0.8)e+08,(7.0+/-0.8)e+08,(7.0+/-0.8)e+08,(7.0+/-0.8)e+08,(7.0+/-0.8)e+08,(7.0+/-0.8)e+08,(7.0+/-0.8)e+08,(7.0+/-0.8)e+08,(7.0+/-0.8)e+08,(7.0+/-0.8)e+08,(7.0+/-0.8)e+08,(7.0+/-0.8)e+08,(7.0+/-0.8)e+08,(7.0+/-0.8)e+08,(7.0+/-0.8)e+08,(7.0+/-0.8)e+08,(7.0+/-0.8)e+08,(7.0+/-0.8)e+08,(7.0+/-0.8)e+08,(7.0+/-0.8)e+08,(7.0+/-0.8)e+08,(7.0+/-0.8)e+08,(7.0+/-0.8)e+08,(7.0+/-0.8)e+08,(7.0+/-0.8)e+08,(7.0+/-0.8)e+08,(7.0+/-0.8)e+08,(7.0+/-0.8)e+08,(7.0+/-0.8)e+08,(7.0+/-0.8)e+08,(7.0+/-0.8)e+08,(7.0+/-0.8)e+08,(7.0+/-0.8)e+08,(7.0+/-0.8)e+08,(7.0+/-0.8)e+08
