,0,1,2,3,4,5,6,7,8,9,10,11,12,13,14,15,16,17,18,19,20,21,22,23,24,25,26,27,28,29,30,31,32,33,34,35,36,37,38,39,40,41,42,43,44,45,46,47,48,49,50,51,52,53,54
Aruba,6532,13471,0.0,0.0+/-0,0.0+/-0,0.0+/-0,1.0+/-0.4,1.0+/-0.4,1.0+/-0.4,1.0+/-0.4,1.0+/-0.4,1.0+/-0.4,1.0+/-0.4,1.0+/-0.4,1.0+/-0.4,1.0+/-0.4,1.0+/-0.4,1.0+/-0.4,1.0+/-0.4,1.0+/-0.4,1.0+/-0.4,1.0+/-0.4,1.0+/-0.4,1.0+/-0.4,1.0+/-0.4,1.0+/-0.4,1.0+/-0.4,1.0+/-0.4,1.0+/-0.4,1.0+/-0.4,1.0+/-0.4,1.0+/-0.4,1.0+/-0.4,1.0+/-0.4,1.0+/-0.4,1.0+/-0.4,1.0+/-0.4,1.0+/-0.4,1.0+/-0.4,1.0+/-0.4,1.0+/-0.4,1.0+/-0.4,1.0+/-0.4,1.0+/-0.4,1.0+/-0.4,1.0+/-0.4,1.0+/-0.4,1.0+/-0.4,1.0+/-0.4,1.0+/-0.4,1.0+/-0.4,1.0+/-0.4,1.0+/-0.4,1.0+/-0.4,1.0+/-0.4
Afghanistan,1144113,2195849,0.0,0.0022+/-0.0011,0.0049+/-0.0025,0.008+/-0.004,0.019+/-0.007,0.026+/-0.011,0.040+/-0.018,0.047+/-0.022,0.052+/-0.024,0.055+/-0.026,0.058+/-0.027,0.060+/-0.028,0.060+/-0.028,0.060+/-0.028,0.060+/-0.028,0.060+/-0.028,0.060+/-0.028,0.060+/-0.028,0.060+/-0.028,0.060+/-0.028,0.060+/-0.028,0.060+/-0.028,0.060+/-0.028,0.060+/-0.028,0.060+/-0.028,0.060+/-0.028,0.060+/-0.028,0.060+/-0.028,0.060+/-0.028,0.060+/-0.028,0.060+/-0.028,0.060+/-0.028,0.060+/-0.028,0.060+/-0.028,0.060+/-0.028,0.060+/-0.028,0.060+/-0.028,0.060+/-0.028,0.060+/-0.028,0.060+/-0.028,0.060+/-0.028,0.060+/-0.028,0.060+/-0.028,0.060+/-0.028,0.060+/-0.028,0.060+/-0.028,0.060+/-0.028,0.060+/-0.028,0.060+/-0.028,0.060+/-0.028,0.060+/-0.028,0.060+/-0.028,0.060+/-0.028
Angola,1373809,4093044,0.0,0.0+/-0,0.0+/-0,0.0+/-0,0.0048+/-0.0017,0.0048+/-0.0017,0.0048+/-0.0017,0.0048+/-0.0017,0.0048+/-0.0017,0.0048+/-0.0017,0.0048+/-0.0017,0.0048+/-0.0017,0.0048+/-0.0017,0.0048+/-0.0017,0.0048+/-0.0017,0.0048+/-0.0017,0.0048+/-0.0017,0.0048+/-0.0017,0.0048+/-0.0017,0.0048+/-0.0017,0.0048+/-0.0017,0.0048+/-0.0017,0.0048+/-0.0017,0.0048+/-0.0017,0.0048+/-0.0017,0.0048+/-0.0017,0.0048+/-0.0017,0.0048+/-0.0017,0.0048+/-0.0017,0.0048+/-0.0017,0.0048+/-0.0017,0.0048+/-0.0017,0.0048+/-0.0017,0.0048+/-0.0017,0.0048+/-0.0017,0.0048+/-0.0017,0.0048+/-0.0017,0.0048+/-0.0017,0.0048+/-0.0017,0.0048+/-0.0017,0.0048+/-0.0017,0.0048+/-0.0017,0.0048+/-0.0017,0.0048+/-0.0017,0.0048+/-0.0017,0.0048+/-0.0017,0.0048+/-0.0017,0.0048+/-0.0017,0.0048+/-0.0017,0.0048+/-0.0017,0.0048+/-0.0017,0.0048+/-0.0017,0.0048+/-0.0017
Albania,238894,426644,0.0,0.012+/-0.006,0.027+/-0.014,0.044+/-0.023,0.10+/-0.04,0.14+/-0.06,0.21+/-0.10,0.25+/-0.12,0.28+/-0.13,0.30+/-0.14,0.31+/-0.15,0.32+/-0.16,0.32+/-0.16,0.32+/-0.16,0.32+/-0.16,0.32+/-0.16,0.32+/-0.16,0.32+/-0.16,0.32+/-0.16,0.32+/-0.16,0.32+/-0.16,0.32+/-0.16,0.32+/-0.16,0.32+/-0.16,0.32+/-0.16,0.32+/-0.16,0.32+/-0.16,0.32+/-0.16,0.32+/-0.16,0.32+/-0.16,0.32+/-0.16,0.32+/-0.16,0.32+/-0.16,0.32+/-0.16,0.32+/-0.16,0.32+/-0.16,0.32+/-0.16,0.32+/-0.16,0.32+/-0.16,0.32+/-0.16,0.32+/-0.16,0.32+/-0.16,0.32+/-0.16,0.32+/-0.16,0.32+/-0.16,0.32+/-0.16,0.32+/-0.16,0.32+/-0.16,0.32+/-0.16,0.32+/-0.16,0.32+/-0.16,0.32+/-0.16,0.32+/-0.16
Andorra,3860,10656,0.0,0.066+/-0.034,0.15+/-0.08,0.25+/-0.13,2.1+/-0.6,2.3+/-0.7,2.7+/-0.8,3.0+/-0.9,3.1+/-0.9,3.2+/-1.0,3.3+/-1.0,3.4+/-1.1,3.4+/-1.1,3.4+/-1.1,3.4+/-1.1,3.4+/-1.1,3.4+/-1.1,3.4+/-1.1,3.4+/-1.1,3.4+/-1.1,3.4+/-1.1,3.4+/-1.1,3.4+/-1.1,3.4+/-1.1,3.4+/-1.1,3.4+/-1.1,3.4+/-1.1,3.4+/-1.1,3.4+/-1.1,3.4+/-1.1,3.4+/-1.1,3.4+/-1.1,3.4+/-1.1,3.4+/-1.1,3.4+/-1.1,3.4+/-1.1,3.4+/-1.1,3.4+/-1.1,3.4+/-1.1,3.4+/-1.1,3.4+/-1.1,3.4+/-1.1,3.4+/-1.1,3.4+/-1.1,3.4+/-1.1,3.4+/-1.1,3.4+/-1.1,3.4+/-1.1,3.4+/-1.1,3.4+/-1.1,3.4+/-1.1,3.4+/-1.1,3.4+/-1.1
United Arab Emirates,665518,1634463,0.0,0.16+/-0.08,0.36+/-0.19,0.61+/-0.32,1.0+/-0.5,2.6+/-0.8,4.8+/-1.4,6.4+/-1.7,7.9+/-1.9,9.3+/-2.1,10.6+/-2.3,11.9+/-2.4,13.0+/-2.5,14.1+/-2.6,15.2+/-2.7,16.3+/-2.8,17.4+/-2.9,18.5+/-3.0,19.7+/-3.1,20.8+/-3.2,21.9+/-3.4,23.0+/-3.5,24+/-4,25+/-4,26+/-4,27+/-4,29+/-4,30+/-4,31+/-4,32+/-5,33+/-5,34+/-5,35+/-5,36+/-5,37+/-5,39+/-6,40+/-6,41+/-6,42+/-6,43+/-6,44+/-6,45+/-6,46+/-7,48+/-7,49+/-7,50+/-7,51+/-7,52+/-7,53+/-8,54+/-8,55+/-8,56+/-8,58+/-8
Argentina,2075967,6370126,0.0,0.10+/-0.05,0.21+/-0.11,0.36+/-0.19,0.66+/-0.30,1.0+/-0.5,1.6+/-0.8,2.5+/-1.0,3.3+/-1.1,4.0+/-1.2,4.7+/-1.2,5.4+/-1.3,5.9+/-1.3,6.5+/-1.4,7.1+/-1.4,7.7+/-1.5,8.3+/-1.5,8.8+/-1.6,9.4+/-1.6,10.0+/-1.7,10.6+/-1.7,11.2+/-1.8,11.7+/-1.8,12.3+/-1.9,12.9+/-2.0,13.5+/-2.0,14.1+/-2.1,14.6+/-2.2,15.2+/-2.3,15.8+/-2.3,16.4+/-2.4,17.0+/-2.5,17.5+/-2.5,18.1+/-2.6,18.7+/-2.7,19.3+/-2.8,19.9+/-2.8,20.4+/-2.9,21.0+/-3.0,21.6+/-3.1,22.2+/-3.2,22.8+/-3.2,23.3+/-3.3,23.9+/-3.4,24.5+/-3.5,25+/-4,26+/-4,26+/-4,27+/-4,27+/-4,28+/-4,29+/-4,29+/-4
Armenia,230563,404608,0.0,0.020+/-0.011,0.045+/-0.024,0.08+/-0.04,0.15+/-0.06,0.21+/-0.10,0.35+/-0.17,0.41+/-0.20,0.46+/-0.22,0.49+/-0.24,0.51+/-0.25,0.53+/-0.26,0.53+/-0.26,0.53+/-0.26,0.53+/-0.26,0.53+/-0.26,0.53+/-0.26,0.53+/-0.26,0.53+/-0.26,0.53+/-0.26,0.53+/-0.26,0.53+/-0.26,0.53+/-0.26,0.53+/-0.26,0.53+/-0.26,0.53+/-0.26,0.53+/-0.26,0.53+/-0.26,0.53+/-0.26,0.53+/-0.26,0.53+/-0.26,0.53+/-0.26,0.53+/-0.26,0.53+/-0.26,0.53+/-0.26,0.53+/-0.26,0.53+/-0.26,0.53+/-0.26,0.53+/-0.26,0.53+/-0.26,0.53+/-0.26,0.53+/-0.26,0.53+/-0.26,0.53+/-0.26,0.53+/-0.26,0.53+/-0.26,0.53+/-0.26,0.53+/-0.26,0.53+/-0.26,0.53+/-0.26,0.53+/-0.26,0.53+/-0.26,0.53+/-0.26
American Samoa,6603,12921,0.0,0.0+/-0,0.0+/-0,0.0+/-0,1.00+/-0.35,1.00+/-0.35,1.00+/-0.35,1.00+/-0.35,1.00+/-0.35,1.00+/-0.35,1.00+/-0.35,1.00+/-0.35,1.00+/-0.35,1.00+/-0.35,1.00+/-0.35,1.00+/-0.35,1.00+/-0.35,1.00+/-0.35,1.00+/-0.35,1.00+/-0.35,1.00+/-0.35,1.00+/-0.35,1.00+/-0.35,1.00+/-0.35,1.00+/-0.35,1.00+/-0.35,1.00+/-0.35,1.00+/-0.35,1.00+/-0.35,1.00+/-0.35,1.00+/-0.35,1.00+/-0.35,1.00+/-0.35,1.00+/-0.35,1.00+/-0.35,1.00+/-0.35,1.00+/-0.35,1.00+/-0.35,1.00+/-0.35,1.00+/-0.35,1.00+/-0.35,1.00+/-0.35,1.00+/-0.35,1.00+/-0.35,1.00+/-0.35,1.00+/-0.35,1.00+/-0.35,1.00+/-0.35,1.00+/-0.35,1.00+/-0.35,1.00+/-0.35,1.00+/-0.35,1.00+/-0.35
Antigua and Barbuda,12652,17195,0.0,0.0063+/-0.0033,0.014+/-0.007,0.024+/-0.012,0.56+/-0.18,0.58+/-0.19,0.62+/-0.19,0.64+/-0.19,0.66+/-0.20,0.66+/-0.20,0.67+/-0.20,0.68+/-0.20,0.68+/-0.20,0.68+/-0.20,0.68+/-0.20,0.68+/-0.20,0.68+/-0.20,0.68+/-0.20,0.68+/-0.20,0.68+/-0.20,0.68+/-0.20,0.68+/-0.20,0.68+/-0.20,0.68+/-0.20,0.68+/-0.20,0.68+/-0.20,0.68+/-0.20,0.68+/-0.20,0.68+/-0.20,0.68+/-0.20,0.68+/-0.20,0.68+/-0.20,0.68+/-0.20,0.68+/-0.20,0.68+/-0.20,0.68+/-0.20,0.68+/-0.20,0.68+/-0.20,0.68+/-0.20,0.68+/-0.20,0.68+/-0.20,0.68+/-0.20,0.68+/-0.20,0.68+/-0.20,0.68+/-0.20,0.68+/-0.20,0.68+/-0.20,0.68+/-0.20,0.68+/-0.20,0.68+/-0.20,0.68+/-0.20,0.68+/-0.20,0.68+/-0.20
Australia,1207629,2740542,0.0,0.15+/-0.08,0.35+/-0.18,0.58+/-0.30,8.3+/-2.4,9.9+/-2.5,11.9+/-2.7,13.5+/-2.9,14.9+/-3.0,16.2+/-3.1,17.5+/-3.2,18.7+/-3.3,19.8+/-3.4,20.9+/-3.5,22.0+/-3.5,23+/-4,24+/-4,25+/-4,26+/-4,27+/-4,28+/-4,30+/-4,31+/-4,32+/-4,33+/-5,34+/-5,35+/-5,36+/-5,37+/-5,38+/-5,39+/-5,40+/-5,41+/-6,42+/-6,44+/-6,45+/-6,46+/-6,47+/-6,48+/-6,49+/-6,50+/-7,51+/-7,52+/-7,53+/-7,54+/-7,55+/-7,56+/-7,58+/-8,59+/-8,60+/-8,61+/-8,62+/-8,63+/-8
Austria,542136,1225004,0.0,0.28+/-0.15,0.63+/-0.33,1.1+/-0.6,1.7+/-0.9,4.7+/-1.4,8.5+/-2.4,11.5+/-2.9,14.1+/-3.4,17+/-4,19+/-4,21+/-4,23+/-4,25+/-5,27+/-5,29+/-5,31+/-5,33+/-5,36+/-6,38+/-6,40+/-6,42+/-6,44+/-7,46+/-7,48+/-7,50+/-7,52+/-8,54+/-8,56+/-8,58+/-8,60+/-9,62+/-9,64+/-9,66+/-9,68+/-10,70+/-10,72+/-10,74+/-11,76+/-11,78+/-11,80+/-11,82+/-12,84+/-12,86+/-12,88+/-13,90+/-13,92+/-13,94+/-13,96+/-14,99+/-14,101+/-14,103+/-15,105+/-15
Azerbaijan,657654,1126921,0.0,0.073+/-0.011,0.150+/-0.023,0.23+/-0.04,0.33+/-0.05,0.43+/-0.07,0.57+/-0.11,0.67+/-0.14,0.76+/-0.15,0.84+/-0.16,0.91+/-0.18,0.99+/-0.19,1.05+/-0.19,1.11+/-0.20,1.17+/-0.20,1.23+/-0.21,1.29+/-0.21,1.35+/-0.22,1.41+/-0.23,1.48+/-0.23,1.54+/-0.24,1.60+/-0.25,1.66+/-0.25,1.72+/-0.26,1.78+/-0.27,1.84+/-0.27,1.90+/-0.28,1.96+/-0.29,2.03+/-0.30,2.09+/-0.31,2.15+/-0.31,2.21+/-0.32,2.27+/-0.33,2.33+/-0.34,2.39+/-0.34,2.45+/-0.35,2.5+/-0.4,2.6+/-0.4,2.6+/-0.4,2.7+/-0.4,2.8+/-0.4,2.8+/-0.4,2.9+/-0.4,2.9+/-0.4,3.0+/-0.4,3.1+/-0.4,3.1+/-0.4,3.2+/-0.5,3.3+/-0.5,3.3+/-0.5,3.4+/-0.5,3.4+/-0.5,3.5+/-0.5
Burundi,218725,465453,0.0,0.0+/-0,0.0+/-0,0.0+/-0,0.030+/-0.011,0.030+/-0.011,0.030+/-0.011,0.030+/-0.011,0.030+/-0.011,0.030+/-0.011,0.030+/-0.011,0.030+/-0.011,0.030+/-0.011,0.030+/-0.011,0.030+/-0.011,0.030+/-0.011,0.030+/-0.011,0.030+/-0.011,0.030+/-0.011,0.030+/-0.011,0.030+/-0.011,0.030+/-0.011,0.030+/-0.011,0.030+/-0.011,0.030+/-0.011,0.030+/-0.011,0.030+/-0.011,0.030+/-0.011,0.030+/-0.011,0.030+/-0.011,0.030+/-0.011,0.030+/-0.011,0.030+/-0.011,0.030+/-0.011,0.030+/-0.011,0.030+/-0.011,0.030+/-0.011,0.030+/-0.011,0.030+/-0.011,0.030+/-0.011,0.030+/-0.011,0.030+/-0.011,0.030+/-0.011,0.030+/-0.011,0.030+/-0.011,0.030+/-0.011,0.030+/-0.011,0.030+/-0.011,0.030+/-0.011,0.030+/-0.011,0.030+/-0.011,0.030+/-0.011,0.030+/-0.011
Belgium,505511,1170260,0.0,0.28+/-0.15,0.63+/-0.33,1.1+/-0.5,1.7+/-0.9,2.6+/-1.4,4.4+/-2.3,5.3+/-2.8,7.5+/-3.1,9.4+/-3.4,11+/-4,13+/-4,15+/-4,16+/-4,18+/-4,19+/-4,21+/-4,22+/-4,24+/-4,25+/-5,27+/-5,28+/-5,30+/-5,31+/-5,33+/-5,34+/-5,36+/-6,37+/-6,39+/-6,40+/-6,42+/-6,43+/-6,45+/-7,46+/-7,48+/-7,49+/-7,51+/-7,52+/-8,54+/-8,55+/-8,57+/-8,58+/-8,60+/-9,61+/-9,63+/-9,64+/-9,66+/-9,67+/-10,69+/-10,70+/-10,72+/-10,73+/-10,75+/-11
Benin,1251311,2602220,0.0,0.0+/-0,0.0+/-0,0.0+/-0,0.0053+/-0.0019,0.0053+/-0.0019,0.0053+/-0.0019,0.0053+/-0.0019,0.0053+/-0.0019,0.0053+/-0.0019,0.0053+/-0.0019,0.0053+/-0.0019,0.0053+/-0.0019,0.0053+/-0.0019,0.0053+/-0.0019,0.0053+/-0.0019,0.0053+/-0.0019,0.0053+/-0.0019,0.0053+/-0.0019,0.0053+/-0.0019,0.0053+/-0.0019,0.0053+/-0.0019,0.0053+/-0.0019,0.0053+/-0.0019,0.0053+/-0.0019,0.0053+/-0.0019,0.0053+/-0.0019,0.0053+/-0.0019,0.0053+/-0.0019,0.0053+/-0.0019,0.0053+/-0.0019,0.0053+/-0.0019,0.0053+/-0.0019,0.0053+/-0.0019,0.0053+/-0.0019,0.0053+/-0.0019,0.0053+/-0.0019,0.0053+/-0.0019,0.0053+/-0.0019,0.0053+/-0.0019,0.0053+/-0.0019,0.0053+/-0.0019,0.0053+/-0.0019,0.0053+/-0.0019,0.0053+/-0.0019,0.0053+/-0.0019,0.0053+/-0.0019,0.0053+/-0.0019,0.0053+/-0.0019,0.0053+/-0.0019,0.0053+/-0.0019,0.0053+/-0.0019,0.0053+/-0.0019
Burkina Faso,331481,1171465,0.0,0.0+/-0,0.0+/-0,0.0+/-0,0.020+/-0.007,0.020+/-0.007,0.020+/-0.007,0.020+/-0.007,0.020+/-0.007,0.020+/-0.007,0.020+/-0.007,0.020+/-0.007,0.020+/-0.007,0.020+/-0.007,0.020+/-0.007,0.020+/-0.007,0.020+/-0.007,0.020+/-0.007,0.020+/-0.007,0.020+/-0.007,0.020+/-0.007,0.020+/-0.007,0.020+/-0.007,0.020+/-0.007,0.020+/-0.007,0.020+/-0.007,0.020+/-0.007,0.020+/-0.007,0.020+/-0.007,0.020+/-0.007,0.020+/-0.007,0.020+/-0.007,0.020+/-0.007,0.020+/-0.007,0.020+/-0.007,0.020+/-0.007,0.020+/-0.007,0.020+/-0.007,0.020+/-0.007,0.020+/-0.007,0.020+/-0.007,0.020+/-0.007,0.020+/-0.007,0.020+/-0.007,0.020+/-0.007,0.020+/-0.007,0.020+/-0.007,0.020+/-0.007,0.020+/-0.007,0.020+/-0.007,0.020+/-0.007,0.020+/-0.007,0.020+/-0.007
Bangladesh,21138573,31172397,0.0,0.052+/-0.008,0.105+/-0.016,0.160+/-0.024,0.30+/-0.05,0.37+/-0.06,0.46+/-0.08,0.53+/-0.09,0.59+/-0.10,0.64+/-0.11,0.70+/-0.11,0.75+/-0.12,0.79+/-0.13,0.84+/-0.13,0.88+/-0.13,0.93+/-0.14,0.97+/-0.14,1.02+/-0.15,1.06+/-0.15,1.11+/-0.16,1.15+/-0.16,1.20+/-0.17,1.24+/-0.17,1.28+/-0.18,1.33+/-0.19,1.37+/-0.19,1.42+/-0.20,1.46+/-0.20,1.51+/-0.21,1.55+/-0.21,1.60+/-0.22,1.64+/-0.23,1.68+/-0.23,1.73+/-0.24,1.77+/-0.24,1.82+/-0.25,1.86+/-0.26,1.91+/-0.26,1.95+/-0.27,2.00+/-0.27,2.04+/-0.28,2.09+/-0.29,2.13+/-0.29,2.17+/-0.30,2.22+/-0.30,2.26+/-0.31,2.31+/-0.32,2.35+/-0.32,2.40+/-0.33,2.44+/-0.34,2.49+/-0.34,2.53+/-0.35,2.58+/-0.35
Bulgaria,395686,872086,0.0,0.047+/-0.024,0.10+/-0.05,0.17+/-0.09,4.2+/-1.5,4.3+/-1.5,4.9+/-1.5,5.4+/-1.5,5.8+/-1.5,6.2+/-1.6,6.6+/-1.6,6.9+/-1.6,7.3+/-1.6,7.6+/-1.6,7.9+/-1.6,8.2+/-1.6,8.5+/-1.7,8.8+/-1.7,9.1+/-1.7,9.5+/-1.7,9.8+/-1.7,10.1+/-1.7,10.4+/-1.8,10.7+/-1.8,11.0+/-1.8,11.3+/-1.8,11.7+/-1.8,12.0+/-1.9,12.3+/-1.9,12.6+/-1.9,12.9+/-2.0,13.2+/-2.0,13.5+/-2.0,13.9+/-2.0,14.2+/-2.1,14.5+/-2.1,14.8+/-2.1,15.1+/-2.2,15.4+/-2.2,15.7+/-2.2,16.1+/-2.3,16.4+/-2.3,16.7+/-2.3,17.0+/-2.4,17.3+/-2.4,17.6+/-2.4,17.9+/-2.5,18.3+/-2.5,18.6+/-2.5,18.9+/-2.6,19.2+/-2.6,19.5+/-2.6,19.8+/-2.7
Bahrain,85700,210474,0.0,0.22+/-0.11,0.48+/-0.25,0.8+/-0.4,1.4+/-0.7,2.1+/-1.0,3.5+/-1.8,5.5+/-2.1,7.3+/-2.4,8.9+/-2.6,10.5+/-2.8,12.1+/-3.0,13.4+/-3.0,14.7+/-3.1,16.0+/-3.2,17.3+/-3.3,18.7+/-3.4,20.0+/-3.5,21+/-4,23+/-4,24+/-4,25+/-4,27+/-4,28+/-4,29+/-4,31+/-5,32+/-5,33+/-5,35+/-5,36+/-5,37+/-5,38+/-6,40+/-6,41+/-6,42+/-6,44+/-6,45+/-6,46+/-7,48+/-7,49+/-7,50+/-7,52+/-7,53+/-8,54+/-8,56+/-8,57+/-8,58+/-8,60+/-8,61+/-9,62+/-9,64+/-9,65+/-9,66+/-9
Bahamas,27344,67700,0.0,0.010+/-0.005,0.022+/-0.012,0.037+/-0.019,0.30+/-0.09,0.33+/-0.10,0.39+/-0.12,0.43+/-0.13,0.45+/-0.14,0.46+/-0.14,0.48+/-0.15,0.49+/-0.15,0.49+/-0.15,0.49+/-0.15,0.49+/-0.15,0.49+/-0.15,0.49+/-0.15,0.49+/-0.15,0.49+/-0.15,0.49+/-0.15,0.49+/-0.15,0.49+/-0.15,0.49+/-0.15,0.49+/-0.15,0.49+/-0.15,0.49+/-0.15,0.49+/-0.15,0.49+/-0.15,0.49+/-0.15,0.49+/-0.15,0.49+/-0.15,0.49+/-0.15,0.49+/-0.15,0.49+/-0.15,0.49+/-0.15,0.49+/-0.15,0.49+/-0.15,0.49+/-0.15,0.49+/-0.15,0.49+/-0.15,0.49+/-0.15,0.49+/-0.15,0.49+/-0.15,0.49+/-0.15,0.49+/-0.15,0.49+/-0.15,0.49+/-0.15,0.49+/-0.15,0.49+/-0.15,0.49+/-0.15,0.49+/-0.15,0.49+/-0.15,0.49+/-0.15
Bosnia and Herzegovina,175883,365843,0.0,0.039+/-0.020,0.09+/-0.05,0.14+/-0.08,4.1+/-1.4,4.2+/-1.4,4.4+/-1.5,4.6+/-1.5,4.9+/-1.5,5.1+/-1.5,5.4+/-1.5,5.7+/-1.5,5.9+/-1.5,6.1+/-1.5,6.4+/-1.5,6.6+/-1.5,6.8+/-1.5,7.0+/-1.5,7.2+/-1.6,7.5+/-1.6,7.7+/-1.6,7.9+/-1.6,8.1+/-1.6,8.4+/-1.6,8.6+/-1.6,8.8+/-1.6,9.0+/-1.6,9.3+/-1.6,9.5+/-1.7,9.7+/-1.7,9.9+/-1.7,10.2+/-1.7,10.4+/-1.7,10.6+/-1.7,10.8+/-1.8,11.1+/-1.8,11.3+/-1.8,11.5+/-1.8,11.7+/-1.8,11.9+/-1.8,12.2+/-1.9,12.4+/-1.9,12.6+/-1.9,12.8+/-1.9,13.1+/-1.9,13.3+/-2.0,13.5+/-2.0,13.7+/-2.0,14.0+/-2.0,14.2+/-2.0,14.4+/-2.1,14.6+/-2.1,14.9+/-2.1
Belarus,730344,1392733,0.0,0.041+/-0.021,0.09+/-0.05,0.15+/-0.08,0.25+/-0.13,0.39+/-0.20,0.65+/-0.34,1.0+/-0.4,1.4+/-0.5,1.7+/-0.5,2.0+/-0.5,2.3+/-0.6,2.6+/-0.6,2.8+/-0.6,3.1+/-0.6,3.3+/-0.6,3.6+/-0.7,3.8+/-0.7,4.1+/-0.7,4.3+/-0.7,4.6+/-0.7,4.9+/-0.8,5.1+/-0.8,5.4+/-0.8,5.6+/-0.9,5.9+/-0.9,6.1+/-0.9,6.4+/-1.0,6.6+/-1.0,6.9+/-1.0,7.1+/-1.0,7.4+/-1.1,7.7+/-1.1,7.9+/-1.1,8.2+/-1.2,8.4+/-1.2,8.7+/-1.2,8.9+/-1.3,9.2+/-1.3,9.4+/-1.3,9.7+/-1.4,10.0+/-1.4,10.2+/-1.5,10.5+/-1.5,10.7+/-1.5,11.0+/-1.6,11.2+/-1.6,11.5+/-1.6,11.7+/-1.7,12.0+/-1.7,12.2+/-1.7,12.5+/-1.8,12.8+/-1.8
Belize,30668,67298,0.0,0.011+/-0.006,0.024+/-0.013,0.040+/-0.021,0.28+/-0.08,0.31+/-0.09,0.38+/-0.12,0.42+/-0.13,0.44+/-0.14,0.46+/-0.15,0.47+/-0.16,0.48+/-0.16,0.48+/-0.16,0.48+/-0.16,0.48+/-0.16,0.48+/-0.16,0.48+/-0.16,0.48+/-0.16,0.48+/-0.16,0.48+/-0.16,0.48+/-0.16,0.48+/-0.16,0.48+/-0.16,0.48+/-0.16,0.48+/-0.16,0.48+/-0.16,0.48+/-0.16,0.48+/-0.16,0.48+/-0.16,0.48+/-0.16,0.48+/-0.16,0.48+/-0.16,0.48+/-0.16,0.48+/-0.16,0.48+/-0.16,0.48+/-0.16,0.48+/-0.16,0.48+/-0.16,0.48+/-0.16,0.48+/-0.16,0.48+/-0.16,0.48+/-0.16,0.48+/-0.16,0.48+/-0.16,0.48+/-0.16,0.48+/-0.16,0.48+/-0.16,0.48+/-0.16,0.48+/-0.16,0.48+/-0.16,0.48+/-0.16,0.48+/-0.16,0.48+/-0.16
Bermuda,6187,12759,0.0,0.0+/-0,0.0+/-0,0.0+/-0,1.1+/-0.4,1.1+/-0.4,1.1+/-0.4,1.1+/-0.4,1.1+/-0.4,1.1+/-0.4,1.1+/-0.4,1.1+/-0.4,1.1+/-0.4,1.1+/-0.4,1.1+/-0.4,1.1+/-0.4,1.1+/-0.4,1.1+/-0.4,1.1+/-0.4,1.1+/-0.4,1.1+/-0.4,1.1+/-0.4,1.1+/-0.4,1.1+/-0.4,1.1+/-0.4,1.1+/-0.4,1.1+/-0.4,1.1+/-0.4,1.1+/-0.4,1.1+/-0.4,1.1+/-0.4,1.1+/-0.4,1.1+/-0.4,1.1+/-0.4,1.1+/-0.4,1.1+/-0.4,1.1+/-0.4,1.1+/-0.4,1.1+/-0.4,1.1+/-0.4,1.1+/-0.4,1.1+/-0.4,1.1+/-0.4,1.1+/-0.4,1.1+/-0.4,1.1+/-0.4,1.1+/-0.4,1.1+/-0.4,1.1+/-0.4,1.1+/-0.4,1.1+/-0.4,1.1+/-0.4,1.1+/-0.4
Bolivia,1312861,2552009,0.0,0.037+/-0.006,0.076+/-0.012,0.117+/-0.018,0.166+/-0.026,0.22+/-0.04,0.29+/-0.06,0.34+/-0.07,0.38+/-0.07,0.42+/-0.08,0.46+/-0.09,0.50+/-0.09,0.53+/-0.09,0.56+/-0.10,0.59+/-0.10,0.62+/-0.10,0.66+/-0.11,0.69+/-0.11,0.72+/-0.11,0.75+/-0.12,0.78+/-0.12,0.81+/-0.12,0.85+/-0.13,0.88+/-0.13,0.91+/-0.14,0.94+/-0.14,0.97+/-0.14,1.00+/-0.15,1.04+/-0.15,1.07+/-0.16,1.10+/-0.16,1.13+/-0.16,1.16+/-0.17,1.19+/-0.17,1.23+/-0.18,1.26+/-0.18,1.29+/-0.18,1.32+/-0.19,1.35+/-0.19,1.38+/-0.20,1.42+/-0.20,1.45+/-0.21,1.48+/-0.21,1.51+/-0.21,1.54+/-0.22,1.57+/-0.22,1.61+/-0.23,1.64+/-0.23,1.67+/-0.24,1.70+/-0.24,1.73+/-0.25,1.76+/-0.25,1.80+/-0.25
Brazil,11991330,29541701,0.0,0.045+/-0.024,0.10+/-0.05,0.17+/-0.09,0.35+/-0.14,0.50+/-0.22,1.1+/-0.4,1.6+/-0.5,2.0+/-0.5,2.3+/-0.6,2.7+/-0.6,3.1+/-0.6,3.4+/-0.7,3.7+/-0.7,4.0+/-0.7,4.3+/-0.7,4.6+/-0.8,4.9+/-0.8,5.2+/-0.8,5.5+/-0.9,5.8+/-0.9,6.1+/-0.9,6.4+/-1.0,6.7+/-1.0,7.0+/-1.0,7.3+/-1.1,7.7+/-1.1,8.0+/-1.2,8.3+/-1.2,8.6+/-1.2,8.9+/-1.3,9.2+/-1.3,9.5+/-1.4,9.8+/-1.4,10.1+/-1.4,10.4+/-1.5,10.7+/-1.5,11.0+/-1.6,11.3+/-1.6,11.6+/-1.6,12.0+/-1.7,12.3+/-1.7,12.6+/-1.8,12.9+/-1.8,13.2+/-1.9,13.5+/-1.9,13.8+/-1.9,14.1+/-2.0,14.4+/-2.0,14.7+/-2.1,15.0+/-2.1,15.3+/-2.2,15.6+/-2.2
Barbados,13746,34031,0.0,0.053+/-0.028,0.12+/-0.06,0.20+/-0.10,0.80+/-0.24,0.97+/-0.31,1.3+/-0.5,1.5+/-0.6,1.6+/-0.6,1.7+/-0.7,1.7+/-0.7,1.8+/-0.7,1.8+/-0.7,1.8+/-0.7,1.8+/-0.7,1.8+/-0.7,1.8+/-0.7,1.8+/-0.7,1.8+/-0.7,1.8+/-0.7,1.8+/-0.7,1.8+/-0.7,1.8+/-0.7,1.8+/-0.7,1.8+/-0.7,1.8+/-0.7,1.8+/-0.7,1.8+/-0.7,1.8+/-0.7,1.8+/-0.7,1.8+/-0.7,1.8+/-0.7,1.8+/-0.7,1.8+/-0.7,1.8+/-0.7,1.8+/-0.7,1.8+/-0.7,1.8+/-0.7,1.8+/-0.7,1.8+/-0.7,1.8+/-0.7,1.8+/-0.7,1.8+/-0.7,1.8+/-0.7,1.8+/-0.7,1.8+/-0.7,1.8+/-0.7,1.8+/-0.7,1.8+/-0.7,1.8+/-0.7,1.8+/-0.7,1.8+/-0.7,1.8+/-0.7
Brunei Darussalam,22034,55013,0.0,0.14+/-0.07,0.31+/-0.16,0.51+/-0.27,4.5+/-1.4,4.9+/-1.5,5.8+/-1.8,6.2+/-1.9,6.6+/-2.0,6.8+/-2.1,6.9+/-2.2,7.1+/-2.2,7.1+/-2.2,7.1+/-2.2,7.1+/-2.2,7.1+/-2.2,7.1+/-2.2,7.1+/-2.2,7.1+/-2.2,7.1+/-2.2,7.1+/-2.2,7.1+/-2.2,7.1+/-2.2,7.1+/-2.2,7.1+/-2.2,7.1+/-2.2,7.1+/-2.2,7.1+/-2.2,7.1+/-2.2,7.1+/-2.2,7.1+/-2.2,7.1+/-2.2,7.1+/-2.2,7.1+/-2.2,7.1+/-2.2,7.1+/-2.2,7.1+/-2.2,7.1+/-2.2,7.1+/-2.2,7.1+/-2.2,7.1+/-2.2,7.1+/-2.2,7.1+/-2.2,7.1+/-2.2,7.1+/-2.2,7.1+/-2.2,7.1+/-2.2,7.1+/-2.2,7.1+/-2.2,7.1+/-2.2,7.1+/-2.2,7.1+/-2.2,7.1+/-2.2
Bhutan,102904,130211,0.0,0.0040+/-0.0021,0.009+/-0.005,0.015+/-0.008,0.088+/-0.026,0.101+/-0.030,0.13+/-0.04,0.14+/-0.05,0.15+/-0.05,0.16+/-0.05,0.16+/-0.06,0.17+/-0.06,0.17+/-0.06,0.17+/-0.06,0.17+/-0.06,0.17+/-0.06,0.17+/-0.06,0.17+/-0.06,0.17+/-0.06,0.17+/-0.06,0.17+/-0.06,0.17+/-0.06,0.17+/-0.06,0.17+/-0.06,0.17+/-0.06,0.17+/-0.06,0.17+/-0.06,0.17+/-0.06,0.17+/-0.06,0.17+/-0.06,0.17+/-0.06,0.17+/-0.06,0.17+/-0.06,0.17+/-0.06,0.17+/-0.06,0.17+/-0.06,0.17+/-0.06,0.17+/-0.06,0.17+/-0.06,0.17+/-0.06,0.17+/-0.06,0.17+/-0.06,0.17+/-0.06,0.17+/-0.06,0.17+/-0.06,0.17+/-0.06,0.17+/-0.06,0.17+/-0.06,0.17+/-0.06,0.17+/-0.06,0.17+/-0.06,0.17+/-0.06,0.17+/-0.06
Botswana,141654,317992,0.0,0.0+/-0,0.0+/-0,0.0+/-0,1.8+/-0.7,1.8+/-0.7,1.8+/-0.7,1.8+/-0.7,1.8+/-0.7,1.8+/-0.7,1.8+/-0.7,1.8+/-0.7,1.8+/-0.7,1.8+/-0.7,1.8+/-0.7,1.8+/-0.7,1.8+/-0.7,1.8+/-0.7,1.8+/-0.7,1.8+/-0.7,1.8+/-0.7,1.8+/-0.7,1.8+/-0.7,1.8+/-0.7,1.8+/-0.7,1.8+/-0.7,1.8+/-0.7,1.8+/-0.7,1.8+/-0.7,1.8+/-0.7,1.8+/-0.7,1.8+/-0.7,1.8+/-0.7,1.8+/-0.7,1.8+/-0.7,1.8+/-0.7,1.8+/-0.7,1.8+/-0.7,1.8+/-0.7,1.8+/-0.7,1.8+/-0.7,1.8+/-0.7,1.8+/-0.7,1.8+/-0.7,1.8+/-0.7,1.8+/-0.7,1.8+/-0.7,1.8+/-0.7,1.8+/-0.7,1.8+/-0.7,1.8+/-0.7,1.8+/-0.7,1.8+/-0.7
Central African Republic,260884,698692,0.0,0.0+/-0,0.0+/-0,0.0+/-0,0.025+/-0.009,0.025+/-0.009,0.025+/-0.009,0.025+/-0.009,0.025+/-0.009,0.025+/-0.009,0.025+/-0.009,0.025+/-0.009,0.025+/-0.009,0.025+/-0.009,0.025+/-0.009,0.025+/-0.009,0.025+/-0.009,0.025+/-0.009,0.025+/-0.009,0.025+/-0.009,0.025+/-0.009,0.025+/-0.009,0.025+/-0.009,0.025+/-0.009,0.025+/-0.009,0.025+/-0.009,0.025+/-0.009,0.025+/-0.009,0.025+/-0.009,0.025+/-0.009,0.025+/-0.009,0.025+/-0.009,0.025+/-0.009,0.025+/-0.009,0.025+/-0.009,0.025+/-0.009,0.025+/-0.009,0.025+/-0.009,0.025+/-0.009,0.025+/-0.009,0.025+/-0.009,0.025+/-0.009,0.025+/-0.009,0.025+/-0.009,0.025+/-0.009,0.025+/-0.009,0.025+/-0.009,0.025+/-0.009,0.025+/-0.009,0.025+/-0.009,0.025+/-0.009,0.025+/-0.009,0.025+/-0.009
Canada,2269812,5064154,0.0,0.13+/-0.07,1.34+/-0.22,2.6+/-0.4,4.4+/-0.6,5.8+/-0.9,7.7+/-1.3,9.2+/-1.6,10.5+/-1.8,11.8+/-2.0,13.0+/-2.1,14.2+/-2.3,15.2+/-2.4,16.3+/-2.5,17.3+/-2.6,18.4+/-2.7,19.4+/-2.9,20.5+/-3.0,21.5+/-3.1,22.6+/-3.3,23.6+/-3.4,24.7+/-3.5,26+/-4,27+/-4,28+/-4,29+/-4,30+/-4,31+/-4,32+/-5,33+/-5,34+/-5,35+/-5,36+/-5,37+/-5,38+/-5,39+/-6,40+/-6,42+/-6,43+/-6,44+/-6,45+/-6,46+/-6,47+/-7,48+/-7,49+/-7,50+/-7,51+/-7,52+/-7,53+/-7,54+/-8,55+/-8,56+/-8,57+/-8
Switzerland,558113,1175200,0.0,3.1+/-0.5,6.4+/-1.0,9.8+/-1.6,13.6+/-2.3,18.0+/-3.3,24+/-5,29+/-6,32+/-7,36+/-7,39+/-8,42+/-8,45+/-9,47+/-9,50+/-9,52+/-9,55+/-9,58+/-10,60+/-10,63+/-10,65+/-10,68+/-11,71+/-11,73+/-11,76+/-12,78+/-12,81+/-12,83+/-13,86+/-13,89+/-13,91+/-13,94+/-14,96+/-14,99+/-14,101+/-15,104+/-15,107+/-15,109+/-16,112+/-16,114+/-16,117+/-17,119+/-17,122+/-17,125+/-18,127+/-18,130+/-19,132+/-19,135+/-19,138+/-20,140+/-20,143+/-20,145+/-21,148+/-21
Chile,1257969,2998361,0.0,0.045+/-0.023,0.10+/-0.05,0.17+/-0.09,1.3+/-0.4,1.4+/-0.4,1.7+/-0.5,2.1+/-0.6,2.5+/-0.6,2.9+/-0.7,3.2+/-0.7,3.5+/-0.7,3.8+/-0.7,4.1+/-0.8,4.3+/-0.8,4.6+/-0.8,4.9+/-0.8,5.2+/-0.8,5.4+/-0.9,5.7+/-0.9,6.0+/-0.9,6.3+/-0.9,6.5+/-1.0,6.8+/-1.0,7.1+/-1.0,7.4+/-1.0,7.6+/-1.1,7.9+/-1.1,8.2+/-1.1,8.5+/-1.2,8.7+/-1.2,9.0+/-1.2,9.3+/-1.3,9.6+/-1.3,9.8+/-1.3,10.1+/-1.4,10.4+/-1.4,10.7+/-1.4,10.9+/-1.5,11.2+/-1.5,11.5+/-1.5,11.8+/-1.6,12.0+/-1.6,12.3+/-1.7,12.6+/-1.7,12.9+/-1.7,13.1+/-1.8,13.4+/-1.8,13.7+/-1.8,14.0+/-1.9,14.2+/-1.9,14.5+/-2.0,14.8+/-2.0
China,133887174,244263979,0.0,0.50+/-0.07,3.6+/-0.6,4.2+/-0.6,7.9+/-1.3,8.6+/-1.4,9.6+/-1.5,10.4+/-1.6,11.2+/-1.7,11.9+/-1.7,12.6+/-1.8,13.3+/-1.9,13.9+/-2.0,14.5+/-2.0,15.1+/-2.1,15.8+/-2.2,16.4+/-2.2,17.0+/-2.3,17.6+/-2.4,18.2+/-2.5,18.9+/-2.5,19.5+/-2.6,20.1+/-2.7,20.7+/-2.8,21.3+/-2.8,22.0+/-2.9,22.6+/-3.0,23.2+/-3.1,23.8+/-3.2,24.4+/-3.2,25.1+/-3.3,25.7+/-3.4,26.3+/-3.5,27+/-4,28+/-4,28+/-4,29+/-4,29+/-4,30+/-4,31+/-4,31+/-4,32+/-4,33+/-4,33+/-4,34+/-5,34+/-5,35+/-5,36+/-5,36+/-5,37+/-5,37+/-5,38+/-5,39+/-5
Côte d'Ivoire,3387188,6066034,0.0,0.0+/-0,0.0+/-0,0.0+/-0,0.0019+/-0.0007,0.0019+/-0.0007,0.0019+/-0.0007,0.0019+/-0.0007,0.0019+/-0.0007,0.0019+/-0.0007,0.0019+/-0.0007,0.0019+/-0.0007,0.0019+/-0.0007,0.0019+/-0.0007,0.0019+/-0.0007,0.0019+/-0.0007,0.0019+/-0.0007,0.0019+/-0.0007,0.0019+/-0.0007,0.0019+/-0.0007,0.0019+/-0.0007,0.0019+/-0.0007,0.0019+/-0.0007,0.0019+/-0.0007,0.0019+/-0.0007,0.0019+/-0.0007,0.0019+/-0.0007,0.0019+/-0.0007,0.0019+/-0.0007,0.0019+/-0.0007,0.0019+/-0.0007,0.0019+/-0.0007,0.0019+/-0.0007,0.0019+/-0.0007,0.0019+/-0.0007,0.0019+/-0.0007,0.0019+/-0.0007,0.0019+/-0.0007,0.0019+/-0.0007,0.0019+/-0.0007,0.0019+/-0.0007,0.0019+/-0.0007,0.0019+/-0.0007,0.0019+/-0.0007,0.0019+/-0.0007,0.0019+/-0.0007,0.0019+/-0.0007,0.0019+/-0.0007,0.0019+/-0.0007,0.0019+/-0.0007,0.0019+/-0.0007,0.0019+/-0.0007,0.0019+/-0.0007
Cameroon,969909,2256855,0.0,0.0+/-0,0.0+/-0,0.0+/-0,0.0068+/-0.0024,0.0068+/-0.0024,0.0068+/-0.0024,0.0068+/-0.0024,0.0068+/-0.0024,0.0068+/-0.0024,0.0068+/-0.0024,0.0068+/-0.0024,0.0068+/-0.0024,0.0068+/-0.0024,0.0068+/-0.0024,0.0068+/-0.0024,0.0068+/-0.0024,0.0068+/-0.0024,0.0068+/-0.0024,0.0068+/-0.0024,0.0068+/-0.0024,0.0068+/-0.0024,0.0068+/-0.0024,0.0068+/-0.0024,0.0068+/-0.0024,0.0068+/-0.0024,0.0068+/-0.0024,0.0068+/-0.0024,0.0068+/-0.0024,0.0068+/-0.0024,0.0068+/-0.0024,0.0068+/-0.0024,0.0068+/-0.0024,0.0068+/-0.0024,0.0068+/-0.0024,0.0068+/-0.0024,0.0068+/-0.0024,0.0068+/-0.0024,0.0068+/-0.0024,0.0068+/-0.0024,0.0068+/-0.0024,0.0068+/-0.0024,0.0068+/-0.0024,0.0068+/-0.0024,0.0068+/-0.0024,0.0068+/-0.0024,0.0068+/-0.0024,0.0068+/-0.0024,0.0068+/-0.0024,0.0068+/-0.0024,0.0068+/-0.0024,0.0068+/-0.0024,0.0068+/-0.0024
DR Congo,8684991,11307659,0.0,0.0+/-0,0.0+/-0,0.0+/-0,0.00076+/-0.00027,0.00076+/-0.00027,0.00076+/-0.00027,0.00076+/-0.00027,0.00076+/-0.00027,0.00076+/-0.00027,0.00076+/-0.00027,0.00076+/-0.00027,0.00076+/-0.00027,0.00076+/-0.00027,0.00076+/-0.00027,0.00076+/-0.00027,0.00076+/-0.00027,0.00076+/-0.00027,0.00076+/-0.00027,0.00076+/-0.00027,0.00076+/-0.00027,0.00076+/-0.00027,0.00076+/-0.00027,0.00076+/-0.00027,0.00076+/-0.00027,0.00076+/-0.00027,0.00076+/-0.00027,0.00076+/-0.00027,0.00076+/-0.00027,0.00076+/-0.00027,0.00076+/-0.00027,0.00076+/-0.00027,0.00076+/-0.00027,0.00076+/-0.00027,0.00076+/-0.00027,0.00076+/-0.00027,0.00076+/-0.00027,0.00076+/-0.00027,0.00076+/-0.00027,0.00076+/-0.00027,0.00076+/-0.00027,0.00076+/-0.00027,0.00076+/-0.00027,0.00076+/-0.00027,0.00076+/-0.00027,0.00076+/-0.00027,0.00076+/-0.00027,0.00076+/-0.00027,0.00076+/-0.00027,0.00076+/-0.00027,0.00076+/-0.00027,0.00076+/-0.00027,0.00076+/-0.00027
Congo Republic,223690,520499,0.0,0.0+/-0,0.0+/-0,0.0+/-0,0.029+/-0.010,0.029+/-0.010,0.029+/-0.010,0.029+/-0.010,0.029+/-0.010,0.029+/-0.010,0.029+/-0.010,0.029+/-0.010,0.029+/-0.010,0.029+/-0.010,0.029+/-0.010,0.029+/-0.010,0.029+/-0.010,0.029+/-0.010,0.029+/-0.010,0.029+/-0.010,0.029+/-0.010,0.029+/-0.010,0.029+/-0.010,0.029+/-0.010,0.029+/-0.010,0.029+/-0.010,0.029+/-0.010,0.029+/-0.010,0.029+/-0.010,0.029+/-0.010,0.029+/-0.010,0.029+/-0.010,0.029+/-0.010,0.029+/-0.010,0.029+/-0.010,0.029+/-0.010,0.029+/-0.010,0.029+/-0.010,0.029+/-0.010,0.029+/-0.010,0.029+/-0.010,0.029+/-0.010,0.029+/-0.010,0.029+/-0.010,0.029+/-0.010,0.029+/-0.010,0.029+/-0.010,0.029+/-0.010,0.029+/-0.010,0.029+/-0.010,0.029+/-0.010,0.029+/-0.010,0.029+/-0.010
Colombia,3690835,8399487,0.0,0.019+/-0.010,0.043+/-0.023,0.07+/-0.04,0.27+/-0.08,0.33+/-0.11,0.45+/-0.17,0.64+/-0.20,0.80+/-0.22,0.95+/-0.24,1.09+/-0.26,1.23+/-0.27,1.36+/-0.28,1.48+/-0.29,1.60+/-0.29,1.72+/-0.30,1.84+/-0.31,1.96+/-0.32,2.08+/-0.33,2.20+/-0.35,2.3+/-0.4,2.4+/-0.4,2.6+/-0.4,2.7+/-0.4,2.8+/-0.4,2.9+/-0.4,3.0+/-0.4,3.2+/-0.5,3.3+/-0.5,3.4+/-0.5,3.5+/-0.5,3.6+/-0.5,3.8+/-0.5,3.9+/-0.5,4.0+/-0.6,4.1+/-0.6,4.3+/-0.6,4.4+/-0.6,4.5+/-0.6,4.6+/-0.6,4.7+/-0.7,4.9+/-0.7,5.0+/-0.7,5.1+/-0.7,5.2+/-0.7,5.3+/-0.7,5.5+/-0.8,5.6+/-0.8,5.7+/-0.8,5.8+/-0.8,5.9+/-0.8,6.1+/-0.8,6.2+/-0.9
Comoros,48654,87347,0.0,0.0+/-0,0.0+/-0,0.0+/-0,0.14+/-0.05,0.14+/-0.05,0.14+/-0.05,0.14+/-0.05,0.14+/-0.05,0.14+/-0.05,0.14+/-0.05,0.14+/-0.05,0.14+/-0.05,0.14+/-0.05,0.14+/-0.05,0.14+/-0.05,0.14+/-0.05,0.14+/-0.05,0.14+/-0.05,0.14+/-0.05,0.14+/-0.05,0.14+/-0.05,0.14+/-0.05,0.14+/-0.05,0.14+/-0.05,0.14+/-0.05,0.14+/-0.05,0.14+/-0.05,0.14+/-0.05,0.14+/-0.05,0.14+/-0.05,0.14+/-0.05,0.14+/-0.05,0.14+/-0.05,0.14+/-0.05,0.14+/-0.05,0.14+/-0.05,0.14+/-0.05,0.14+/-0.05,0.14+/-0.05,0.14+/-0.05,0.14+/-0.05,0.14+/-0.05,0.14+/-0.05,0.14+/-0.05,0.14+/-0.05,0.14+/-0.05,0.14+/-0.05,0.14+/-0.05,0.14+/-0.05,0.14+/-0.05,0.14+/-0.05,0.14+/-0.05
Cabo Verde,31944,70636,0.0,0.0+/-0,0.0+/-0,0.0+/-0,0.21+/-0.07,0.21+/-0.07,0.21+/-0.07,0.21+/-0.07,0.21+/-0.07,0.21+/-0.07,0.21+/-0.07,0.21+/-0.07,0.21+/-0.07,0.21+/-0.07,0.21+/-0.07,0.21+/-0.07,0.21+/-0.07,0.21+/-0.07,0.21+/-0.07,0.21+/-0.07,0.21+/-0.07,0.21+/-0.07,0.21+/-0.07,0.21+/-0.07,0.21+/-0.07,0.21+/-0.07,0.21+/-0.07,0.21+/-0.07,0.21+/-0.07,0.21+/-0.07,0.21+/-0.07,0.21+/-0.07,0.21+/-0.07,0.21+/-0.07,0.21+/-0.07,0.21+/-0.07,0.21+/-0.07,0.21+/-0.07,0.21+/-0.07,0.21+/-0.07,0.21+/-0.07,0.21+/-0.07,0.21+/-0.07,0.21+/-0.07,0.21+/-0.07,0.21+/-0.07,0.21+/-0.07,0.21+/-0.07,0.21+/-0.07,0.21+/-0.07,0.21+/-0.07,0.21+/-0.07,0.21+/-0.07
Costa Rica,302017,701394,0.0,0.07+/-0.04,0.16+/-0.08,0.27+/-0.14,0.45+/-0.22,0.68+/-0.34,1.1+/-0.6,1.8+/-0.7,2.5+/-0.8,3.0+/-0.9,3.6+/-0.9,4.1+/-1.0,4.6+/-1.0,5.0+/-1.0,5.5+/-1.1,6.0+/-1.1,6.4+/-1.2,6.9+/-1.2,7.4+/-1.2,7.8+/-1.3,8.3+/-1.3,8.7+/-1.4,9.2+/-1.4,9.7+/-1.5,10.1+/-1.5,10.6+/-1.6,11.1+/-1.6,11.5+/-1.7,12.0+/-1.8,12.4+/-1.8,12.9+/-1.9,13.4+/-1.9,13.8+/-2.0,14.3+/-2.1,14.8+/-2.1,15.2+/-2.2,15.7+/-2.2,16.1+/-2.3,16.6+/-2.4,17.1+/-2.4,17.5+/-2.5,18.0+/-2.6,18.5+/-2.6,18.9+/-2.7,19.4+/-2.8,19.8+/-2.8,20.3+/-2.9,20.8+/-2.9,21.2+/-3.0,21.7+/-3.1,22.2+/-3.1,22.6+/-3.2,23.1+/-3.3
Cuba,510276,1357185,0.0,0.27+/-0.04,0.54+/-0.08,0.83+/-0.13,1.17+/-0.19,1.53+/-0.27,2.0+/-0.4,2.4+/-0.5,2.7+/-0.6,3.0+/-0.6,3.3+/-0.6,3.6+/-0.7,3.8+/-0.7,4.0+/-0.7,4.2+/-0.7,4.4+/-0.8,4.7+/-0.8,4.9+/-0.8,5.1+/-0.8,5.3+/-0.8,5.6+/-0.9,5.8+/-0.9,6.0+/-0.9,6.2+/-0.9,6.5+/-1.0,6.7+/-1.0,6.9+/-1.0,7.1+/-1.1,7.3+/-1.1,7.6+/-1.1,7.8+/-1.1,8.0+/-1.2,8.2+/-1.2,8.5+/-1.2,8.7+/-1.3,8.9+/-1.3,9.1+/-1.3,9.3+/-1.3,9.6+/-1.4,9.8+/-1.4,10.0+/-1.4,10.2+/-1.5,10.5+/-1.5,10.7+/-1.5,10.9+/-1.6,11.1+/-1.6,11.3+/-1.6,11.6+/-1.6,11.8+/-1.7,12.0+/-1.7,12.2+/-1.7,12.5+/-1.8,12.7+/-1.8
Curaçao,8424,17373,0.0,0.0+/-0,0.0+/-0,0.0+/-0,0.78+/-0.28,0.78+/-0.28,0.78+/-0.28,0.78+/-0.28,0.78+/-0.28,0.78+/-0.28,0.78+/-0.28,0.78+/-0.28,0.78+/-0.28,0.78+/-0.28,0.78+/-0.28,0.78+/-0.28,0.78+/-0.28,0.78+/-0.28,0.78+/-0.28,0.78+/-0.28,0.78+/-0.28,0.78+/-0.28,0.78+/-0.28,0.78+/-0.28,0.78+/-0.28,0.78+/-0.28,0.78+/-0.28,0.78+/-0.28,0.78+/-0.28,0.78+/-0.28,0.78+/-0.28,0.78+/-0.28,0.78+/-0.28,0.78+/-0.28,0.78+/-0.28,0.78+/-0.28,0.78+/-0.28,0.78+/-0.28,0.78+/-0.28,0.78+/-0.28,0.78+/-0.28,0.78+/-0.28,0.78+/-0.28,0.78+/-0.28,0.78+/-0.28,0.78+/-0.28,0.78+/-0.28,0.78+/-0.28,0.78+/-0.28,0.78+/-0.28,0.78+/-0.28,0.78+/-0.28,0.78+/-0.28
Cayman Islands,7117,14678,0.0,0.0+/-0,0.0+/-0,0.0+/-0,0.93+/-0.33,0.93+/-0.33,0.93+/-0.33,0.93+/-0.33,0.93+/-0.33,0.93+/-0.33,0.93+/-0.33,0.93+/-0.33,0.93+/-0.33,0.93+/-0.33,0.93+/-0.33,0.93+/-0.33,0.93+/-0.33,0.93+/-0.33,0.93+/-0.33,0.93+/-0.33,0.93+/-0.33,0.93+/-0.33,0.93+/-0.33,0.93+/-0.33,0.93+/-0.33,0.93+/-0.33,0.93+/-0.33,0.93+/-0.33,0.93+/-0.33,0.93+/-0.33,0.93+/-0.33,0.93+/-0.33,0.93+/-0.33,0.93+/-0.33,0.93+/-0.33,0.93+/-0.33,0.93+/-0.33,0.93+/-0.33,0.93+/-0.33,0.93+/-0.33,0.93+/-0.33,0.93+/-0.33,0.93+/-0.33,0.93+/-0.33,0.93+/-0.33,0.93+/-0.33,0.93+/-0.33,0.93+/-0.33,0.93+/-0.33,0.93+/-0.33,0.93+/-0.33,0.93+/-0.33,0.93+/-0.33
Cyprus,59005,162897,0.0,0.049+/-0.026,0.11+/-0.06,0.19+/-0.10,0.41+/-0.16,0.57+/-0.24,0.9+/-0.4,1.0+/-0.5,1.2+/-0.5,1.2+/-0.6,1.3+/-0.6,1.3+/-0.6,1.3+/-0.6,1.3+/-0.6,1.3+/-0.6,1.3+/-0.6,1.3+/-0.6,1.3+/-0.6,1.3+/-0.6,1.3+/-0.6,1.3+/-0.6,1.3+/-0.6,1.3+/-0.6,1.3+/-0.6,1.3+/-0.6,1.3+/-0.6,1.3+/-0.6,1.3+/-0.6,1.3+/-0.6,1.3+/-0.6,1.3+/-0.6,1.3+/-0.6,1.3+/-0.6,1.3+/-0.6,1.3+/-0.6,1.3+/-0.6,1.3+/-0.6,1.3+/-0.6,1.3+/-0.6,1.3+/-0.6,1.3+/-0.6,1.3+/-0.6,1.3+/-0.6,1.3+/-0.6,1.3+/-0.6,1.3+/-0.6,1.3+/-0.6,1.3+/-0.6,1.3+/-0.6,1.3+/-0.6,1.3+/-0.6,1.3+/-0.6,1.3+/-0.6
Czechia,648590,1286243,0.0,0.20+/-0.11,0.45+/-0.24,0.8+/-0.4,6.2+/-1.5,8.4+/-1.7,11.2+/-2.2,13.4+/-2.6,15.4+/-2.8,17.2+/-3.0,19.0+/-3.3,20.7+/-3.4,22+/-4,24+/-4,25+/-4,27+/-4,28+/-4,30+/-4,31+/-4,33+/-5,34+/-5,36+/-5,37+/-5,39+/-5,40+/-6,42+/-6,43+/-6,45+/-6,46+/-6,48+/-6,49+/-7,51+/-7,52+/-7,54+/-7,55+/-8,57+/-8,59+/-8,60+/-8,62+/-8,63+/-9,65+/-9,66+/-9,68+/-9,69+/-9,71+/-10,72+/-10,74+/-10,75+/-10,77+/-10,78+/-11,80+/-11,81+/-11,83+/-11
Germany,4810342,10066287,0.0,2.5+/-0.4,18.3+/-2.8,21.3+/-3.2,27+/-4,31+/-4,36+/-5,40+/-6,44+/-6,47+/-7,51+/-7,54+/-8,57+/-8,61+/-9,64+/-9,67+/-9,70+/-10,73+/-10,76+/-11,79+/-11,82+/-12,85+/-12,89+/-12,92+/-13,95+/-13,98+/-14,101+/-14,104+/-15,107+/-15,110+/-15,113+/-16,117+/-16,120+/-17,123+/-17,126+/-18,129+/-18,132+/-18,135+/-19,138+/-19,141+/-20,145+/-20,148+/-21,151+/-21,154+/-22,157+/-22,160+/-23,163+/-23,166+/-23,169+/-24,173+/-24,176+/-25,179+/-25,182+/-26
Djibouti,31447,69116,0.0,0.0+/-0,0.0+/-0,0.0+/-0,0.21+/-0.07,0.21+/-0.07,0.21+/-0.07,0.21+/-0.07,0.21+/-0.07,0.21+/-0.07,0.21+/-0.07,0.21+/-0.07,0.21+/-0.07,0.21+/-0.07,0.21+/-0.07,0.21+/-0.07,0.21+/-0.07,0.21+/-0.07,0.21+/-0.07,0.21+/-0.07,0.21+/-0.07,0.21+/-0.07,0.21+/-0.07,0.21+/-0.07,0.21+/-0.07,0.21+/-0.07,0.21+/-0.07,0.21+/-0.07,0.21+/-0.07,0.21+/-0.07,0.21+/-0.07,0.21+/-0.07,0.21+/-0.07,0.21+/-0.07,0.21+/-0.07,0.21+/-0.07,0.21+/-0.07,0.21+/-0.07,0.21+/-0.07,0.21+/-0.07,0.21+/-0.07,0.21+/-0.07,0.21+/-0.07,0.21+/-0.07,0.21+/-0.07,0.21+/-0.07,0.21+/-0.07,0.21+/-0.07,0.21+/-0.07,0.21+/-0.07,0.21+/-0.07,0.21+/-0.07,0.21+/-0.07
Dominica,8870,12055,0.0,0.0032+/-0.0017,0.007+/-0.004,0.012+/-0.006,0.76+/-0.26,0.77+/-0.26,0.79+/-0.26,0.80+/-0.26,0.81+/-0.26,0.82+/-0.26,0.82+/-0.27,0.82+/-0.27,0.82+/-0.27,0.82+/-0.27,0.82+/-0.27,0.82+/-0.27,0.82+/-0.27,0.82+/-0.27,0.82+/-0.27,0.82+/-0.27,0.82+/-0.27,0.82+/-0.27,0.82+/-0.27,0.82+/-0.27,0.82+/-0.27,0.82+/-0.27,0.82+/-0.27,0.82+/-0.27,0.82+/-0.27,0.82+/-0.27,0.82+/-0.27,0.82+/-0.27,0.82+/-0.27,0.82+/-0.27,0.82+/-0.27,0.82+/-0.27,0.82+/-0.27,0.82+/-0.27,0.82+/-0.27,0.82+/-0.27,0.82+/-0.27,0.82+/-0.27,0.82+/-0.27,0.82+/-0.27,0.82+/-0.27,0.82+/-0.27,0.82+/-0.27,0.82+/-0.27,0.82+/-0.27,0.82+/-0.27,0.82+/-0.27,0.82+/-0.27,0.82+/-0.27
Denmark,329164,786603,0.0,0.38+/-0.20,0.8+/-0.4,1.4+/-0.7,5.4+/-1.3,9.4+/-2.0,14.6+/-3.3,19+/-4,22+/-5,25+/-5,29+/-6,32+/-6,34+/-6,37+/-6,40+/-7,43+/-7,45+/-7,48+/-7,51+/-8,54+/-8,56+/-8,59+/-9,62+/-9,65+/-9,67+/-10,70+/-10,73+/-10,75+/-11,78+/-11,81+/-12,84+/-12,86+/-12,89+/-13,92+/-13,95+/-13,97+/-14,100+/-14,103+/-15,106+/-15,108+/-15,111+/-16,114+/-16,116+/-16,119+/-17,122+/-17,125+/-18,127+/-18,130+/-18,133+/-19,136+/-19,138+/-20,141+/-20,144+/-20
Dominican Republic,568023,1510776,0.0,0.35+/-0.05,0.71+/-0.11,1.09+/-0.17,2.15+/-0.34,2.6+/-0.4,3.3+/-0.6,3.7+/-0.7,4.2+/-0.7,4.5+/-0.8,4.9+/-0.8,5.3+/-0.9,5.5+/-0.9,5.8+/-0.9,6.1+/-1.0,6.4+/-1.0,6.7+/-1.0,7.0+/-1.1,7.3+/-1.1,7.6+/-1.1,7.9+/-1.2,8.2+/-1.2,8.5+/-1.2,8.8+/-1.3,9.1+/-1.3,9.4+/-1.3,9.7+/-1.4,10.0+/-1.4,10.3+/-1.4,10.6+/-1.5,10.8+/-1.5,11.1+/-1.5,11.4+/-1.6,11.7+/-1.6,12.0+/-1.7,12.3+/-1.7,12.6+/-1.7,12.9+/-1.8,13.2+/-1.8,13.5+/-1.9,13.8+/-1.9,14.1+/-1.9,14.4+/-2.0,14.7+/-2.0,15.0+/-2.1,15.3+/-2.1,15.6+/-2.1,15.9+/-2.2,16.2+/-2.2,16.4+/-2.3,16.7+/-2.3,17.0+/-2.3,17.3+/-2.4
Algeria,2315654,4323174,0.0,0.017+/-0.009,0.039+/-0.020,0.065+/-0.034,0.11+/-0.05,0.16+/-0.08,0.27+/-0.14,0.33+/-0.17,0.47+/-0.19,0.60+/-0.21,0.73+/-0.22,0.85+/-0.23,0.95+/-0.24,1.06+/-0.24,1.16+/-0.25,1.26+/-0.26,1.37+/-0.26,1.47+/-0.27,1.58+/-0.28,1.68+/-0.29,1.78+/-0.30,1.89+/-0.31,1.99+/-0.32,2.10+/-0.33,2.20+/-0.34,2.3+/-0.4,2.4+/-0.4,2.5+/-0.4,2.6+/-0.4,2.7+/-0.4,2.8+/-0.4,2.9+/-0.4,3.0+/-0.4,3.1+/-0.5,3.2+/-0.5,3.3+/-0.5,3.4+/-0.5,3.6+/-0.5,3.7+/-0.5,3.8+/-0.5,3.9+/-0.6,4.0+/-0.6,4.1+/-0.6,4.2+/-0.6,4.3+/-0.6,4.4+/-0.6,4.5+/-0.6,4.6+/-0.7,4.7+/-0.7,4.8+/-0.7,4.9+/-0.7,5.0+/-0.7,5.1+/-0.7
Ecuador,1681312,3082880,0.0,0.100+/-0.015,0.204+/-0.031,0.31+/-0.05,0.43+/-0.07,0.57+/-0.10,0.75+/-0.14,0.88+/-0.17,1.00+/-0.19,1.11+/-0.21,1.21+/-0.22,1.31+/-0.24,1.40+/-0.25,1.48+/-0.25,1.57+/-0.26,1.65+/-0.27,1.74+/-0.28,1.82+/-0.29,1.91+/-0.30,1.99+/-0.31,2.08+/-0.32,2.16+/-0.33,2.25+/-0.34,2.33+/-0.35,2.4+/-0.4,2.5+/-0.4,2.6+/-0.4,2.7+/-0.4,2.8+/-0.4,2.8+/-0.4,2.9+/-0.4,3.0+/-0.4,3.1+/-0.4,3.2+/-0.5,3.3+/-0.5,3.4+/-0.5,3.4+/-0.5,3.5+/-0.5,3.6+/-0.5,3.7+/-0.5,3.8+/-0.5,3.9+/-0.5,4.0+/-0.6,4.0+/-0.6,4.1+/-0.6,4.2+/-0.6,4.3+/-0.6,4.4+/-0.6,4.5+/-0.6,4.5+/-0.6,4.6+/-0.7,4.7+/-0.7,4.8+/-0.7
Egypt,5076601,9779833,0.0,0.021+/-0.011,0.047+/-0.025,0.08+/-0.04,0.13+/-0.07,0.19+/-0.10,0.47+/-0.17,0.68+/-0.21,0.87+/-0.24,1.05+/-0.26,1.22+/-0.28,1.38+/-0.30,1.52+/-0.31,1.66+/-0.32,1.81+/-0.33,1.95+/-0.34,2.1+/-0.4,2.2+/-0.4,2.4+/-0.4,2.5+/-0.4,2.7+/-0.4,2.8+/-0.4,2.9+/-0.4,3.1+/-0.5,3.2+/-0.5,3.4+/-0.5,3.5+/-0.5,3.7+/-0.5,3.8+/-0.6,3.9+/-0.6,4.1+/-0.6,4.2+/-0.6,4.4+/-0.6,4.5+/-0.6,4.7+/-0.7,4.8+/-0.7,4.9+/-0.7,5.1+/-0.7,5.2+/-0.7,5.4+/-0.8,5.5+/-0.8,5.6+/-0.8,5.8+/-0.8,5.9+/-0.8,6.1+/-0.9,6.2+/-0.9,6.4+/-0.9,6.5+/-0.9,6.6+/-0.9,6.8+/-1.0,6.9+/-1.0,7.1+/-1.0,7.2+/-1.0
Eritrea,209702,468560,0.0,0.0+/-0,0.0+/-0,0.0+/-0,0.031+/-0.011,0.031+/-0.011,0.031+/-0.011,0.031+/-0.011,0.031+/-0.011,0.031+/-0.011,0.031+/-0.011,0.031+/-0.011,0.031+/-0.011,0.031+/-0.011,0.031+/-0.011,0.031+/-0.011,0.031+/-0.011,0.031+/-0.011,0.031+/-0.011,0.031+/-0.011,0.031+/-0.011,0.031+/-0.011,0.031+/-0.011,0.031+/-0.011,0.031+/-0.011,0.031+/-0.011,0.031+/-0.011,0.031+/-0.011,0.031+/-0.011,0.031+/-0.011,0.031+/-0.011,0.031+/-0.011,0.031+/-0.011,0.031+/-0.011,0.031+/-0.011,0.031+/-0.011,0.031+/-0.011,0.031+/-0.011,0.031+/-0.011,0.031+/-0.011,0.031+/-0.011,0.031+/-0.011,0.031+/-0.011,0.031+/-0.011,0.031+/-0.011,0.031+/-0.011,0.031+/-0.011,0.031+/-0.011,0.031+/-0.011,0.031+/-0.011,0.031+/-0.011,0.031+/-0.011,0.031+/-0.011
Spain,2682349,6607294,0.0,0.12+/-0.06,0.28+/-0.14,0.46+/-0.24,1.0+/-0.4,1.4+/-0.6,3.0+/-1.0,4.3+/-1.3,5.4+/-1.4,6.4+/-1.5,7.4+/-1.7,8.3+/-1.8,9.2+/-1.8,10.0+/-1.9,10.8+/-2.0,11.7+/-2.0,12.5+/-2.1,13.3+/-2.2,14.2+/-2.3,15.0+/-2.4,15.8+/-2.4,16.7+/-2.5,17.5+/-2.6,18.3+/-2.7,19.1+/-2.8,20.0+/-2.9,20.8+/-3.0,21.6+/-3.1,22.5+/-3.2,23.3+/-3.4,24.1+/-3.5,25+/-4,26+/-4,27+/-4,27+/-4,28+/-4,29+/-4,30+/-4,31+/-4,32+/-4,32+/-5,33+/-5,34+/-5,35+/-5,36+/-5,37+/-5,37+/-5,38+/-5,39+/-6,40+/-6,41+/-6,42+/-6,42+/-6
Estonia,74407,159336,0.0,0.13+/-0.07,0.29+/-0.15,0.48+/-0.25,0.9+/-0.4,1.3+/-0.6,2.1+/-1.1,3.3+/-1.3,4.4+/-1.5,5.4+/-1.6,6.3+/-1.7,7.2+/-1.8,8.0+/-1.8,8.8+/-1.9,9.6+/-1.9,10.3+/-2.0,11.1+/-2.0,11.9+/-2.1,12.7+/-2.2,13.5+/-2.3,14.2+/-2.3,15.0+/-2.4,15.8+/-2.5,16.6+/-2.6,17.4+/-2.7,18.1+/-2.8,18.9+/-2.8,19.7+/-2.9,20.5+/-3.0,21.3+/-3.1,22.0+/-3.2,22.8+/-3.3,23.6+/-3.4,24.4+/-3.5,25+/-4,26+/-4,27+/-4,28+/-4,28+/-4,29+/-4,30+/-4,31+/-4,31+/-4,32+/-5,33+/-5,34+/-5,35+/-5,35+/-5,36+/-5,37+/-5,38+/-5,38+/-5,39+/-6
Ethiopia,7453303,14694986,0.0,0.0+/-0,0.0+/-0,0.0+/-0,0.00088+/-0.00031,0.00088+/-0.00031,0.00088+/-0.00031,0.00088+/-0.00031,0.00088+/-0.00031,0.00088+/-0.00031,0.00088+/-0.00031,0.00088+/-0.00031,0.00088+/-0.00031,0.00088+/-0.00031,0.00088+/-0.00031,0.00088+/-0.00031,0.00088+/-0.00031,0.00088+/-0.00031,0.00088+/-0.00031,0.00088+/-0.00031,0.00088+/-0.00031,0.00088+/-0.00031,0.00088+/-0.00031,0.00088+/-0.00031,0.00088+/-0.00031,0.00088+/-0.00031,0.00088+/-0.00031,0.00088+/-0.00031,0.00088+/-0.00031,0.00088+/-0.00031,0.00088+/-0.00031,0.00088+/-0.00031,0.00088+/-0.00031,0.00088+/-0.00031,0.00088+/-0.00031,0.00088+/-0.00031,0.00088+/-0.00031,0.00088+/-0.00031,0.00088+/-0.00031,0.00088+/-0.00031,0.00088+/-0.00031,0.00088+/-0.00031,0.00088+/-0.00031,0.00088+/-0.00031,0.00088+/-0.00031,0.00088+/-0.00031,0.00088+/-0.00031,0.00088+/-0.00031,0.00088+/-0.00031,0.00088+/-0.00031,0.00088+/-0.00031,0.00088+/-0.00031,0.00088+/-0.00031
Finland,324281,706047,0.0,0.26+/-0.14,0.58+/-0.30,1.0+/-0.5,2.6+/-0.9,5.2+/-1.3,8.6+/-2.2,11.2+/-2.7,13.5+/-3.1,15.7+/-3.4,18+/-4,20+/-4,21+/-4,23+/-4,25+/-4,27+/-4,28+/-5,30+/-5,32+/-5,34+/-5,36+/-5,37+/-6,39+/-6,41+/-6,43+/-6,44+/-6,46+/-7,48+/-7,50+/-7,51+/-7,53+/-8,55+/-8,57+/-8,58+/-8,60+/-8,62+/-9,64+/-9,65+/-9,67+/-9,69+/-10,71+/-10,72+/-10,74+/-10,76+/-11,78+/-11,79+/-11,81+/-11,83+/-12,85+/-12,86+/-12,88+/-12,90+/-13,92+/-13
Fiji,68599,123749,0.0,0.013+/-0.007,0.029+/-0.015,0.048+/-0.025,0.17+/-0.05,0.22+/-0.07,0.30+/-0.11,0.34+/-0.13,0.37+/-0.15,0.39+/-0.16,0.41+/-0.17,0.42+/-0.17,0.42+/-0.17,0.42+/-0.17,0.42+/-0.17,0.42+/-0.17,0.42+/-0.17,0.42+/-0.17,0.42+/-0.17,0.42+/-0.17,0.42+/-0.17,0.42+/-0.17,0.42+/-0.17,0.42+/-0.17,0.42+/-0.17,0.42+/-0.17,0.42+/-0.17,0.42+/-0.17,0.42+/-0.17,0.42+/-0.17,0.42+/-0.17,0.42+/-0.17,0.42+/-0.17,0.42+/-0.17,0.42+/-0.17,0.42+/-0.17,0.42+/-0.17,0.42+/-0.17,0.42+/-0.17,0.42+/-0.17,0.42+/-0.17,0.42+/-0.17,0.42+/-0.17,0.42+/-0.17,0.42+/-0.17,0.42+/-0.17,0.42+/-0.17,0.42+/-0.17,0.42+/-0.17,0.42+/-0.17,0.42+/-0.17,0.42+/-0.17,0.42+/-0.17
France,3995649,8503113,0.0,1.07+/-0.15,7.8+/-1.2,9.1+/-1.4,10.7+/-1.6,12.3+/-1.8,14.5+/-2.2,16.2+/-2.5,17.9+/-2.7,19.4+/-2.9,20.9+/-3.1,22.4+/-3.3,23.7+/-3.5,25+/-4,26+/-4,28+/-4,29+/-4,30+/-4,32+/-5,33+/-5,34+/-5,36+/-5,37+/-5,38+/-5,40+/-6,41+/-6,42+/-6,44+/-6,45+/-6,46+/-7,48+/-7,49+/-7,50+/-7,52+/-7,53+/-7,54+/-8,55+/-8,57+/-8,58+/-8,59+/-8,61+/-9,62+/-9,63+/-9,65+/-9,66+/-9,67+/-10,69+/-10,70+/-10,71+/-10,73+/-10,74+/-11,75+/-11,77+/-11
Faroe Islands,3350,7572,0.0,0.0+/-0,0.0+/-0,0.0+/-0,2.0+/-0.7,2.0+/-0.7,2.0+/-0.7,2.0+/-0.7,2.0+/-0.7,2.0+/-0.7,2.0+/-0.7,2.0+/-0.7,2.0+/-0.7,2.0+/-0.7,2.0+/-0.7,2.0+/-0.7,2.0+/-0.7,2.0+/-0.7,2.0+/-0.7,2.0+/-0.7,2.0+/-0.7,2.0+/-0.7,2.0+/-0.7,2.0+/-0.7,2.0+/-0.7,2.0+/-0.7,2.0+/-0.7,2.0+/-0.7,2.0+/-0.7,2.0+/-0.7,2.0+/-0.7,2.0+/-0.7,2.0+/-0.7,2.0+/-0.7,2.0+/-0.7,2.0+/-0.7,2.0+/-0.7,2.0+/-0.7,2.0+/-0.7,2.0+/-0.7,2.0+/-0.7,2.0+/-0.7,2.0+/-0.7,2.0+/-0.7,2.0+/-0.7,2.0+/-0.7,2.0+/-0.7,2.0+/-0.7,2.0+/-0.7,2.0+/-0.7,2.0+/-0.7,2.0+/-0.7,2.0+/-0.7
"Micronesia, Fed. Sts.",1913,4102,0.0,0.0+/-0,0.0+/-0,0.0+/-0,3.4+/-1.2,3.4+/-1.2,3.4+/-1.2,3.4+/-1.2,3.4+/-1.2,3.4+/-1.2,3.4+/-1.2,3.4+/-1.2,3.4+/-1.2,3.4+/-1.2,3.4+/-1.2,3.4+/-1.2,3.4+/-1.2,3.4+/-1.2,3.4+/-1.2,3.4+/-1.2,3.4+/-1.2,3.4+/-1.2,3.4+/-1.2,3.4+/-1.2,3.4+/-1.2,3.4+/-1.2,3.4+/-1.2,3.4+/-1.2,3.4+/-1.2,3.4+/-1.2,3.4+/-1.2,3.4+/-1.2,3.4+/-1.2,3.4+/-1.2,3.4+/-1.2,3.4+/-1.2,3.4+/-1.2,3.4+/-1.2,3.4+/-1.2,3.4+/-1.2,3.4+/-1.2,3.4+/-1.2,3.4+/-1.2,3.4+/-1.2,3.4+/-1.2,3.4+/-1.2,3.4+/-1.2,3.4+/-1.2,3.4+/-1.2,3.4+/-1.2,3.4+/-1.2,3.4+/-1.2,3.4+/-1.2
Gabon,71375,189163,0.0,0.0+/-0,0.0+/-0,0.0+/-0,0.092+/-0.033,0.092+/-0.033,0.092+/-0.033,0.092+/-0.033,0.092+/-0.033,0.092+/-0.033,0.092+/-0.033,0.092+/-0.033,0.092+/-0.033,0.092+/-0.033,0.092+/-0.033,0.092+/-0.033,0.092+/-0.033,0.092+/-0.033,0.092+/-0.033,0.092+/-0.033,0.092+/-0.033,0.092+/-0.033,0.092+/-0.033,0.092+/-0.033,0.092+/-0.033,0.092+/-0.033,0.092+/-0.033,0.092+/-0.033,0.092+/-0.033,0.092+/-0.033,0.092+/-0.033,0.092+/-0.033,0.092+/-0.033,0.092+/-0.033,0.092+/-0.033,0.092+/-0.033,0.092+/-0.033,0.092+/-0.033,0.092+/-0.033,0.092+/-0.033,0.092+/-0.033,0.092+/-0.033,0.092+/-0.033,0.092+/-0.033,0.092+/-0.033,0.092+/-0.033,0.092+/-0.033,0.092+/-0.033,0.092+/-0.033,0.092+/-0.033,0.092+/-0.033,0.092+/-0.033,0.092+/-0.033
United Kingdom,3323863,7844061,0.0,1.21+/-0.18,8.8+/-1.4,10.3+/-1.6,11.9+/-1.8,13.8+/-2.0,16.3+/-2.5,18.3+/-2.8,20.2+/-3.1,22.0+/-3.4,24+/-4,25+/-4,27+/-4,28+/-4,30+/-4,31+/-5,33+/-5,34+/-5,36+/-5,37+/-5,39+/-6,40+/-6,42+/-6,43+/-6,45+/-6,46+/-7,48+/-7,49+/-7,51+/-7,52+/-7,54+/-8,55+/-8,57+/-8,58+/-8,60+/-8,61+/-9,63+/-9,64+/-9,66+/-9,67+/-10,69+/-10,70+/-10,72+/-10,73+/-10,75+/-11,76+/-11,78+/-11,79+/-11,81+/-12,82+/-12,84+/-12,85+/-12,87+/-12
Georgia,239742,410810,0.0,0.020+/-0.011,0.046+/-0.024,0.08+/-0.04,0.15+/-0.06,0.36+/-0.10,0.64+/-0.17,0.85+/-0.21,1.05+/-0.24,1.22+/-0.27,1.40+/-0.29,1.56+/-0.31,1.71+/-0.32,1.86+/-0.33,2.00+/-0.34,2.1+/-0.4,2.3+/-0.4,2.4+/-0.4,2.6+/-0.4,2.7+/-0.4,2.9+/-0.4,3.0+/-0.5,3.2+/-0.5,3.3+/-0.5,3.5+/-0.5,3.6+/-0.5,3.8+/-0.5,3.9+/-0.6,4.1+/-0.6,4.2+/-0.6,4.3+/-0.6,4.5+/-0.6,4.6+/-0.7,4.8+/-0.7,4.9+/-0.7,5.1+/-0.7,5.2+/-0.7,5.4+/-0.8,5.5+/-0.8,5.7+/-0.8,5.8+/-0.8,6.0+/-0.8,6.1+/-0.9,6.3+/-0.9,6.4+/-0.9,6.5+/-0.9,6.7+/-0.9,6.8+/-1.0,7.0+/-1.0,7.1+/-1.0,7.3+/-1.0,7.4+/-1.0,7.6+/-1.1
Ghana,2191475,4584731,0.0,0.0+/-0,0.0+/-0,0.0+/-0,0.0030+/-0.0011,0.0030+/-0.0011,0.0030+/-0.0011,0.0030+/-0.0011,0.0030+/-0.0011,0.0030+/-0.0011,0.0030+/-0.0011,0.0030+/-0.0011,0.0030+/-0.0011,0.0030+/-0.0011,0.0030+/-0.0011,0.0030+/-0.0011,0.0030+/-0.0011,0.0030+/-0.0011,0.0030+/-0.0011,0.0030+/-0.0011,0.0030+/-0.0011,0.0030+/-0.0011,0.0030+/-0.0011,0.0030+/-0.0011,0.0030+/-0.0011,0.0030+/-0.0011,0.0030+/-0.0011,0.0030+/-0.0011,0.0030+/-0.0011,0.0030+/-0.0011,0.0030+/-0.0011,0.0030+/-0.0011,0.0030+/-0.0011,0.0030+/-0.0011,0.0030+/-0.0011,0.0030+/-0.0011,0.0030+/-0.0011,0.0030+/-0.0011,0.0030+/-0.0011,0.0030+/-0.0011,0.0030+/-0.0011,0.0030+/-0.0011,0.0030+/-0.0011,0.0030+/-0.0011,0.0030+/-0.0011,0.0030+/-0.0011,0.0030+/-0.0011,0.0030+/-0.0011,0.0030+/-0.0011,0.0030+/-0.0011,0.0030+/-0.0011,0.0030+/-0.0011,0.0030+/-0.0011
Gibraltar,2063,5697,0.0,0.0+/-0,0.0+/-0,0.0+/-0,3.2+/-1.1,3.2+/-1.1,3.2+/-1.1,3.2+/-1.1,3.2+/-1.1,3.2+/-1.1,3.2+/-1.1,3.2+/-1.1,3.2+/-1.1,3.2+/-1.1,3.2+/-1.1,3.2+/-1.1,3.2+/-1.1,3.2+/-1.1,3.2+/-1.1,3.2+/-1.1,3.2+/-1.1,3.2+/-1.1,3.2+/-1.1,3.2+/-1.1,3.2+/-1.1,3.2+/-1.1,3.2+/-1.1,3.2+/-1.1,3.2+/-1.1,3.2+/-1.1,3.2+/-1.1,3.2+/-1.1,3.2+/-1.1,3.2+/-1.1,3.2+/-1.1,3.2+/-1.1,3.2+/-1.1,3.2+/-1.1,3.2+/-1.1,3.2+/-1.1,3.2+/-1.1,3.2+/-1.1,3.2+/-1.1,3.2+/-1.1,3.2+/-1.1,3.2+/-1.1,3.2+/-1.1,3.2+/-1.1,3.2+/-1.1,3.2+/-1.1,3.2+/-1.1,3.2+/-1.1,3.2+/-1.1
Guinea,376517,1413328,0.0,0.0+/-0,0.0+/-0,0.0+/-0,0.018+/-0.006,0.018+/-0.006,0.018+/-0.006,0.018+/-0.006,0.018+/-0.006,0.018+/-0.006,0.018+/-0.006,0.018+/-0.006,0.018+/-0.006,0.018+/-0.006,0.018+/-0.006,0.018+/-0.006,0.018+/-0.006,0.018+/-0.006,0.018+/-0.006,0.018+/-0.006,0.018+/-0.006,0.018+/-0.006,0.018+/-0.006,0.018+/-0.006,0.018+/-0.006,0.018+/-0.006,0.018+/-0.006,0.018+/-0.006,0.018+/-0.006,0.018+/-0.006,0.018+/-0.006,0.018+/-0.006,0.018+/-0.006,0.018+/-0.006,0.018+/-0.006,0.018+/-0.006,0.018+/-0.006,0.018+/-0.006,0.018+/-0.006,0.018+/-0.006,0.018+/-0.006,0.018+/-0.006,0.018+/-0.006,0.018+/-0.006,0.018+/-0.006,0.018+/-0.006,0.018+/-0.006,0.018+/-0.006,0.018+/-0.006,0.018+/-0.006,0.018+/-0.006,0.018+/-0.006,0.018+/-0.006
Gambia,119813,323824,0.0,0.0+/-0,0.0+/-0,0.0+/-0,0.055+/-0.019,0.055+/-0.019,0.055+/-0.019,0.055+/-0.019,0.055+/-0.019,0.055+/-0.019,0.055+/-0.019,0.055+/-0.019,0.055+/-0.019,0.055+/-0.019,0.055+/-0.019,0.055+/-0.019,0.055+/-0.019,0.055+/-0.019,0.055+/-0.019,0.055+/-0.019,0.055+/-0.019,0.055+/-0.019,0.055+/-0.019,0.055+/-0.019,0.055+/-0.019,0.055+/-0.019,0.055+/-0.019,0.055+/-0.019,0.055+/-0.019,0.055+/-0.019,0.055+/-0.019,0.055+/-0.019,0.055+/-0.019,0.055+/-0.019,0.055+/-0.019,0.055+/-0.019,0.055+/-0.019,0.055+/-0.019,0.055+/-0.019,0.055+/-0.019,0.055+/-0.019,0.055+/-0.019,0.055+/-0.019,0.055+/-0.019,0.055+/-0.019,0.055+/-0.019,0.055+/-0.019,0.055+/-0.019,0.055+/-0.019,0.055+/-0.019,0.055+/-0.019,0.055+/-0.019,0.055+/-0.019
Guinea-Bissau,113562,220208,0.0,0.0+/-0,0.0+/-0,0.0+/-0,0.058+/-0.020,0.058+/-0.020,0.058+/-0.020,0.058+/-0.020,0.058+/-0.020,0.058+/-0.020,0.058+/-0.020,0.058+/-0.020,0.058+/-0.020,0.058+/-0.020,0.058+/-0.020,0.058+/-0.020,0.058+/-0.020,0.058+/-0.020,0.058+/-0.020,0.058+/-0.020,0.058+/-0.020,0.058+/-0.020,0.058+/-0.020,0.058+/-0.020,0.058+/-0.020,0.058+/-0.020,0.058+/-0.020,0.058+/-0.020,0.058+/-0.020,0.058+/-0.020,0.058+/-0.020,0.058+/-0.020,0.058+/-0.020,0.058+/-0.020,0.058+/-0.020,0.058+/-0.020,0.058+/-0.020,0.058+/-0.020,0.058+/-0.020,0.058+/-0.020,0.058+/-0.020,0.058+/-0.020,0.058+/-0.020,0.058+/-0.020,0.058+/-0.020,0.058+/-0.020,0.058+/-0.020,0.058+/-0.020,0.058+/-0.020,0.058+/-0.020,0.058+/-0.020,0.058+/-0.020,0.058+/-0.020
Equatorial Guinea,73850,187790,0.0,0.0+/-0,0.0+/-0,0.0+/-0,0.089+/-0.031,0.089+/-0.031,0.089+/-0.031,0.089+/-0.031,0.089+/-0.031,0.089+/-0.031,0.089+/-0.031,0.089+/-0.031,0.089+/-0.031,0.089+/-0.031,0.089+/-0.031,0.089+/-0.031,0.089+/-0.031,0.089+/-0.031,0.089+/-0.031,0.089+/-0.031,0.089+/-0.031,0.089+/-0.031,0.089+/-0.031,0.089+/-0.031,0.089+/-0.031,0.089+/-0.031,0.089+/-0.031,0.089+/-0.031,0.089+/-0.031,0.089+/-0.031,0.089+/-0.031,0.089+/-0.031,0.089+/-0.031,0.089+/-0.031,0.089+/-0.031,0.089+/-0.031,0.089+/-0.031,0.089+/-0.031,0.089+/-0.031,0.089+/-0.031,0.089+/-0.031,0.089+/-0.031,0.089+/-0.031,0.089+/-0.031,0.089+/-0.031,0.089+/-0.031,0.089+/-0.031,0.089+/-0.031,0.089+/-0.031,0.089+/-0.031,0.089+/-0.031,0.089+/-0.031,0.089+/-0.031
Greece,639443,1424012,0.0,0.060+/-0.031,0.13+/-0.07,0.22+/-0.12,1.2+/-0.4,1.4+/-0.4,1.8+/-0.6,2.4+/-0.7,2.9+/-0.8,3.4+/-0.8,3.9+/-0.9,4.3+/-0.9,4.7+/-0.9,5.1+/-0.9,5.5+/-1.0,5.9+/-1.0,6.3+/-1.0,6.7+/-1.1,7.1+/-1.1,7.4+/-1.1,7.8+/-1.2,8.2+/-1.2,8.6+/-1.3,9.0+/-1.3,9.4+/-1.3,9.8+/-1.4,10.2+/-1.4,10.6+/-1.5,11.0+/-1.5,11.3+/-1.6,11.7+/-1.6,12.1+/-1.7,12.5+/-1.7,12.9+/-1.8,13.3+/-1.8,13.7+/-1.9,14.1+/-1.9,14.5+/-2.0,14.9+/-2.0,15.2+/-2.1,15.6+/-2.1,16.0+/-2.2,16.4+/-2.2,16.8+/-2.3,17.2+/-2.3,17.6+/-2.4,18.0+/-2.4,18.4+/-2.5,18.8+/-2.6,19.1+/-2.6,19.5+/-2.7,19.9+/-2.7,20.3+/-2.8
Grenada,5301,11646,0.0,0.018+/-0.009,0.039+/-0.021,0.066+/-0.034,1.3+/-0.4,1.4+/-0.4,1.5+/-0.5,1.6+/-0.5,1.6+/-0.5,1.6+/-0.5,1.7+/-0.5,1.7+/-0.5,1.7+/-0.5,1.7+/-0.5,1.7+/-0.5,1.7+/-0.5,1.7+/-0.5,1.7+/-0.5,1.7+/-0.5,1.7+/-0.5,1.7+/-0.5,1.7+/-0.5,1.7+/-0.5,1.7+/-0.5,1.7+/-0.5,1.7+/-0.5,1.7+/-0.5,1.7+/-0.5,1.7+/-0.5,1.7+/-0.5,1.7+/-0.5,1.7+/-0.5,1.7+/-0.5,1.7+/-0.5,1.7+/-0.5,1.7+/-0.5,1.7+/-0.5,1.7+/-0.5,1.7+/-0.5,1.7+/-0.5,1.7+/-0.5,1.7+/-0.5,1.7+/-0.5,1.7+/-0.5,1.7+/-0.5,1.7+/-0.5,1.7+/-0.5,1.7+/-0.5,1.7+/-0.5,1.7+/-0.5,1.7+/-0.5,1.7+/-0.5,1.7+/-0.5
Greenland,3017,6818,0.0,0.0+/-0,0.0+/-0,0.0+/-0,2.2+/-0.8,2.2+/-0.8,2.2+/-0.8,2.2+/-0.8,2.2+/-0.8,2.2+/-0.8,2.2+/-0.8,2.2+/-0.8,2.2+/-0.8,2.2+/-0.8,2.2+/-0.8,2.2+/-0.8,2.2+/-0.8,2.2+/-0.8,2.2+/-0.8,2.2+/-0.8,2.2+/-0.8,2.2+/-0.8,2.2+/-0.8,2.2+/-0.8,2.2+/-0.8,2.2+/-0.8,2.2+/-0.8,2.2+/-0.8,2.2+/-0.8,2.2+/-0.8,2.2+/-0.8,2.2+/-0.8,2.2+/-0.8,2.2+/-0.8,2.2+/-0.8,2.2+/-0.8,2.2+/-0.8,2.2+/-0.8,2.2+/-0.8,2.2+/-0.8,2.2+/-0.8,2.2+/-0.8,2.2+/-0.8,2.2+/-0.8,2.2+/-0.8,2.2+/-0.8,2.2+/-0.8,2.2+/-0.8,2.2+/-0.8,2.2+/-0.8,2.2+/-0.8,2.2+/-0.8,2.2+/-0.8
Guatemala,1402240,3132837,0.0,0.017+/-0.009,0.038+/-0.020,0.063+/-0.033,0.21+/-0.07,0.27+/-0.09,0.38+/-0.15,0.43+/-0.17,0.58+/-0.19,0.71+/-0.21,0.84+/-0.22,0.97+/-0.24,1.08+/-0.24,1.19+/-0.25,1.30+/-0.25,1.41+/-0.26,1.52+/-0.27,1.62+/-0.28,1.73+/-0.29,1.84+/-0.30,1.95+/-0.31,2.06+/-0.32,2.17+/-0.33,2.28+/-0.34,2.4+/-0.4,2.5+/-0.4,2.6+/-0.4,2.7+/-0.4,2.8+/-0.4,2.9+/-0.4,3.0+/-0.4,3.2+/-0.4,3.3+/-0.5,3.4+/-0.5,3.5+/-0.5,3.6+/-0.5,3.7+/-0.5,3.8+/-0.5,3.9+/-0.5,4.0+/-0.6,4.1+/-0.6,4.2+/-0.6,4.4+/-0.6,4.5+/-0.6,4.6+/-0.6,4.7+/-0.7,4.8+/-0.7,4.9+/-0.7,5.0+/-0.7,5.1+/-0.7,5.2+/-0.7,5.3+/-0.7,5.5+/-0.8
Guam,8126,17359,0.0,0.0+/-0,0.0+/-0,0.0+/-0,0.81+/-0.29,0.81+/-0.29,0.81+/-0.29,0.81+/-0.29,0.81+/-0.29,0.81+/-0.29,0.81+/-0.29,0.81+/-0.29,0.81+/-0.29,0.81+/-0.29,0.81+/-0.29,0.81+/-0.29,0.81+/-0.29,0.81+/-0.29,0.81+/-0.29,0.81+/-0.29,0.81+/-0.29,0.81+/-0.29,0.81+/-0.29,0.81+/-0.29,0.81+/-0.29,0.81+/-0.29,0.81+/-0.29,0.81+/-0.29,0.81+/-0.29,0.81+/-0.29,0.81+/-0.29,0.81+/-0.29,0.81+/-0.29,0.81+/-0.29,0.81+/-0.29,0.81+/-0.29,0.81+/-0.29,0.81+/-0.29,0.81+/-0.29,0.81+/-0.29,0.81+/-0.29,0.81+/-0.29,0.81+/-0.29,0.81+/-0.29,0.81+/-0.29,0.81+/-0.29,0.81+/-0.29,0.81+/-0.29,0.81+/-0.29,0.81+/-0.29,0.81+/-0.29,0.81+/-0.29,0.81+/-0.29
Guyana,44178,100922,0.0,0.011+/-0.006,0.024+/-0.013,0.040+/-0.021,0.21+/-0.06,0.25+/-0.07,0.32+/-0.10,0.35+/-0.12,0.38+/-0.13,0.39+/-0.14,0.41+/-0.15,0.42+/-0.15,0.42+/-0.15,0.42+/-0.15,0.42+/-0.15,0.42+/-0.15,0.42+/-0.15,0.42+/-0.15,0.42+/-0.15,0.42+/-0.15,0.42+/-0.15,0.42+/-0.15,0.42+/-0.15,0.42+/-0.15,0.42+/-0.15,0.42+/-0.15,0.42+/-0.15,0.42+/-0.15,0.42+/-0.15,0.42+/-0.15,0.42+/-0.15,0.42+/-0.15,0.42+/-0.15,0.42+/-0.15,0.42+/-0.15,0.42+/-0.15,0.42+/-0.15,0.42+/-0.15,0.42+/-0.15,0.42+/-0.15,0.42+/-0.15,0.42+/-0.15,0.42+/-0.15,0.42+/-0.15,0.42+/-0.15,0.42+/-0.15,0.42+/-0.15,0.42+/-0.15,0.42+/-0.15,0.42+/-0.15,0.42+/-0.15,0.42+/-0.15,0.42+/-0.15
Hong Kong,361721,676788,0.0,0.0+/-0,0.0+/-0,0.0+/-0,3.8+/-1.4,3.8+/-1.4,3.8+/-1.4,3.8+/-1.4,3.8+/-1.4,3.8+/-1.4,3.8+/-1.4,3.8+/-1.4,3.8+/-1.4,3.8+/-1.4,3.8+/-1.4,3.8+/-1.4,3.8+/-1.4,3.8+/-1.4,3.8+/-1.4,3.8+/-1.4,3.8+/-1.4,3.8+/-1.4,3.8+/-1.4,3.8+/-1.4,3.8+/-1.4,3.8+/-1.4,3.8+/-1.4,3.8+/-1.4,3.8+/-1.4,3.8+/-1.4,3.8+/-1.4,3.8+/-1.4,3.8+/-1.4,3.8+/-1.4,3.8+/-1.4,3.8+/-1.4,3.8+/-1.4,3.8+/-1.4,3.8+/-1.4,3.8+/-1.4,3.8+/-1.4,3.8+/-1.4,3.8+/-1.4,3.8+/-1.4,3.8+/-1.4,3.8+/-1.4,3.8+/-1.4,3.8+/-1.4,3.8+/-1.4,3.8+/-1.4,3.8+/-1.4,3.8+/-1.4,3.8+/-1.4
Honduras,752891,1672728,0.0,0.073+/-0.011,0.149+/-0.023,0.23+/-0.04,0.32+/-0.05,0.42+/-0.07,0.56+/-0.11,0.66+/-0.13,0.75+/-0.15,0.83+/-0.16,0.90+/-0.17,0.97+/-0.18,1.04+/-0.19,1.10+/-0.19,1.16+/-0.20,1.22+/-0.20,1.28+/-0.21,1.34+/-0.22,1.40+/-0.22,1.47+/-0.23,1.53+/-0.24,1.59+/-0.24,1.65+/-0.25,1.71+/-0.26,1.77+/-0.27,1.83+/-0.27,1.90+/-0.28,1.96+/-0.29,2.02+/-0.30,2.08+/-0.30,2.14+/-0.31,2.20+/-0.32,2.26+/-0.33,2.32+/-0.34,2.39+/-0.34,2.45+/-0.35,2.5+/-0.4,2.6+/-0.4,2.6+/-0.4,2.7+/-0.4,2.8+/-0.4,2.8+/-0.4,2.9+/-0.4,2.9+/-0.4,3.0+/-0.4,3.1+/-0.4,3.1+/-0.4,3.2+/-0.5,3.2+/-0.5,3.3+/-0.5,3.4+/-0.5,3.4+/-0.5,3.5+/-0.5
Croatia,205856,432600,0.0,0.09+/-0.05,0.21+/-0.11,0.35+/-0.18,0.95+/-0.33,1.3+/-0.5,1.9+/-0.8,2.2+/-0.9,2.9+/-1.1,3.6+/-1.1,4.3+/-1.2,4.9+/-1.3,5.4+/-1.3,6.0+/-1.3,6.5+/-1.4,7.0+/-1.4,7.6+/-1.4,8.1+/-1.5,8.7+/-1.5,9.2+/-1.6,9.7+/-1.6,10.3+/-1.7,10.8+/-1.7,11.4+/-1.8,11.9+/-1.8,12.4+/-1.9,13.0+/-1.9,13.5+/-2.0,14.1+/-2.1,14.6+/-2.1,15.1+/-2.2,15.7+/-2.3,16.2+/-2.3,16.8+/-2.4,17.3+/-2.5,17.8+/-2.5,18.4+/-2.6,18.9+/-2.7,19.5+/-2.8,20.0+/-2.8,20.5+/-2.9,21.1+/-3.0,21.6+/-3.0,22.2+/-3.1,22.7+/-3.2,23.2+/-3.3,23.8+/-3.3,24.3+/-3.4,24.9+/-3.5,25+/-4,26+/-4,26+/-4,27+/-4
Haiti,924480,2053955,0.0,0.009+/-0.005,0.020+/-0.010,0.033+/-0.017,0.059+/-0.028,0.09+/-0.04,0.14+/-0.07,0.17+/-0.09,0.19+/-0.10,0.21+/-0.10,0.22+/-0.11,0.23+/-0.11,0.23+/-0.11,0.23+/-0.11,0.23+/-0.11,0.23+/-0.11,0.23+/-0.11,0.23+/-0.11,0.23+/-0.11,0.23+/-0.11,0.23+/-0.11,0.23+/-0.11,0.23+/-0.11,0.23+/-0.11,0.23+/-0.11,0.23+/-0.11,0.23+/-0.11,0.23+/-0.11,0.23+/-0.11,0.23+/-0.11,0.23+/-0.11,0.23+/-0.11,0.23+/-0.11,0.23+/-0.11,0.23+/-0.11,0.23+/-0.11,0.23+/-0.11,0.23+/-0.11,0.23+/-0.11,0.23+/-0.11,0.23+/-0.11,0.23+/-0.11,0.23+/-0.11,0.23+/-0.11,0.23+/-0.11,0.23+/-0.11,0.23+/-0.11,0.23+/-0.11,0.23+/-0.11,0.23+/-0.11,0.23+/-0.11,0.23+/-0.11,0.23+/-0.11
Hungary,586429,1191615,0.0,0.12+/-0.06,0.26+/-0.14,0.44+/-0.23,1.2+/-0.4,2.4+/-0.6,4.0+/-1.0,5.2+/-1.2,6.3+/-1.4,7.4+/-1.5,8.3+/-1.7,9.3+/-1.8,10.1+/-1.8,11.0+/-1.9,11.8+/-2.0,12.6+/-2.1,13.5+/-2.1,14.3+/-2.2,15.1+/-2.3,16.0+/-2.4,16.8+/-2.5,17.6+/-2.6,18.4+/-2.7,19.3+/-2.8,20.1+/-2.9,20.9+/-3.0,21.8+/-3.1,22.6+/-3.2,23.4+/-3.3,24.3+/-3.4,25.1+/-3.5,26+/-4,27+/-4,28+/-4,28+/-4,29+/-4,30+/-4,31+/-4,32+/-4,33+/-5,33+/-5,34+/-5,35+/-5,36+/-5,37+/-5,38+/-5,38+/-5,39+/-5,40+/-6,41+/-6,42+/-6,43+/-6,43+/-6
Indonesia,26587638,55106821,0.0,0.016+/-0.008,0.036+/-0.019,0.060+/-0.031,0.82+/-0.28,1.00+/-0.28,1.24+/-0.30,1.42+/-0.32,1.58+/-0.33,1.74+/-0.34,1.9+/-0.4,2.0+/-0.4,2.2+/-0.4,2.3+/-0.4,2.4+/-0.4,2.6+/-0.4,2.7+/-0.4,2.8+/-0.4,2.9+/-0.4,3.1+/-0.4,3.2+/-0.5,3.3+/-0.5,3.5+/-0.5,3.6+/-0.5,3.7+/-0.5,3.8+/-0.5,4.0+/-0.5,4.1+/-0.6,4.2+/-0.6,4.4+/-0.6,4.5+/-0.6,4.6+/-0.6,4.8+/-0.6,4.9+/-0.7,5.0+/-0.7,5.1+/-0.7,5.3+/-0.7,5.4+/-0.7,5.5+/-0.7,5.7+/-0.8,5.8+/-0.8,5.9+/-0.8,6.1+/-0.8,6.2+/-0.8,6.3+/-0.8,6.4+/-0.9,6.6+/-0.9,6.7+/-0.9,6.8+/-0.9,7.0+/-0.9,7.1+/-0.9,7.2+/-1.0,7.4+/-1.0
Isle of Man,3432,8099,0.0,0.0+/-0,0.0+/-0,0.0+/-0,1.9+/-0.7,1.9+/-0.7,1.9+/-0.7,1.9+/-0.7,1.9+/-0.7,1.9+/-0.7,1.9+/-0.7,1.9+/-0.7,1.9+/-0.7,1.9+/-0.7,1.9+/-0.7,1.9+/-0.7,1.9+/-0.7,1.9+/-0.7,1.9+/-0.7,1.9+/-0.7,1.9+/-0.7,1.9+/-0.7,1.9+/-0.7,1.9+/-0.7,1.9+/-0.7,1.9+/-0.7,1.9+/-0.7,1.9+/-0.7,1.9+/-0.7,1.9+/-0.7,1.9+/-0.7,1.9+/-0.7,1.9+/-0.7,1.9+/-0.7,1.9+/-0.7,1.9+/-0.7,1.9+/-0.7,1.9+/-0.7,1.9+/-0.7,1.9+/-0.7,1.9+/-0.7,1.9+/-0.7,1.9+/-0.7,1.9+/-0.7,1.9+/-0.7,1.9+/-0.7,1.9+/-0.7,1.9+/-0.7,1.9+/-0.7,1.9+/-0.7,1.9+/-0.7,1.9+/-0.7,1.9+/-0.7
India,149900565,219838364,0.0,0.0047+/-0.0025,0.011+/-0.006,0.062+/-0.011,0.66+/-0.21,0.72+/-0.21,0.80+/-0.21,0.86+/-0.21,0.91+/-0.21,0.96+/-0.22,1.01+/-0.22,1.06+/-0.22,1.10+/-0.22,1.15+/-0.22,1.19+/-0.23,1.24+/-0.23,1.28+/-0.23,1.32+/-0.23,1.37+/-0.24,1.41+/-0.24,1.46+/-0.24,1.50+/-0.25,1.54+/-0.25,1.59+/-0.25,1.63+/-0.26,1.67+/-0.26,1.72+/-0.26,1.76+/-0.27,1.81+/-0.27,1.85+/-0.28,1.89+/-0.28,1.94+/-0.28,1.98+/-0.29,2.03+/-0.29,2.07+/-0.30,2.11+/-0.30,2.16+/-0.31,2.20+/-0.31,2.25+/-0.32,2.29+/-0.32,2.33+/-0.33,2.38+/-0.33,2.42+/-0.34,2.46+/-0.34,2.51+/-0.35,2.55+/-0.35,2.6+/-0.4,2.6+/-0.4,2.7+/-0.4,2.7+/-0.4,2.8+/-0.4,2.8+/-0.4,2.9+/-0.4
Ireland,299677,688828,0.0,1.0+/-0.5,2.3+/-1.2,3.9+/-2.0,6.2+/-3.2,10+/-5,16+/-9,20+/-10,28+/-12,35+/-12,42+/-13,49+/-14,55+/-14,60+/-14,66+/-15,72+/-15,78+/-16,84+/-16,89+/-16,95+/-17,101+/-17,107+/-18,112+/-19,118+/-19,124+/-20,130+/-20,135+/-21,141+/-22,147+/-22,153+/-23,159+/-24,164+/-24,170+/-25,176+/-26,182+/-27,187+/-27,193+/-28,199+/-29,205+/-30,210+/-30,216+/-31,222+/-32,228+/-33,234+/-33,239+/-34,245+/-35,(2.5+/-0.4)e+02,(2.6+/-0.4)e+02,(2.6+/-0.4)e+02,(2.7+/-0.4)e+02,(2.7+/-0.4)e+02,(2.8+/-0.4)e+02,(2.9+/-0.4)e+02
Iran,4654102,9024213,0.0,0.030+/-0.016,0.067+/-0.035,0.11+/-0.06,0.18+/-0.09,0.28+/-0.14,0.47+/-0.24,0.75+/-0.30,1.01+/-0.33,1.2+/-0.4,1.5+/-0.4,1.7+/-0.4,1.9+/-0.4,2.1+/-0.4,2.2+/-0.4,2.4+/-0.5,2.6+/-0.5,2.8+/-0.5,3.0+/-0.5,3.2+/-0.5,3.4+/-0.5,3.6+/-0.6,3.7+/-0.6,3.9+/-0.6,4.1+/-0.6,4.3+/-0.7,4.5+/-0.7,4.7+/-0.7,4.9+/-0.7,5.1+/-0.7,5.2+/-0.8,5.4+/-0.8,5.6+/-0.8,5.8+/-0.8,6.0+/-0.9,6.2+/-0.9,6.4+/-0.9,6.5+/-0.9,6.7+/-1.0,6.9+/-1.0,7.1+/-1.0,7.3+/-1.0,7.5+/-1.1,7.7+/-1.1,7.9+/-1.1,8.0+/-1.1,8.2+/-1.2,8.4+/-1.2,8.6+/-1.2,8.8+/-1.2,9.0+/-1.3,9.2+/-1.3,9.4+/-1.3
Iraq,1969462,3981082,0.0,0.044+/-0.007,0.089+/-0.014,0.137+/-0.022,0.194+/-0.033,0.26+/-0.05,0.34+/-0.07,0.40+/-0.09,0.46+/-0.10,0.51+/-0.11,0.55+/-0.11,0.60+/-0.12,0.63+/-0.12,0.67+/-0.12,0.70+/-0.13,0.74+/-0.13,0.77+/-0.13,0.81+/-0.14,0.85+/-0.14,0.88+/-0.14,0.92+/-0.15,0.95+/-0.15,0.99+/-0.16,1.03+/-0.16,1.06+/-0.16,1.10+/-0.17,1.13+/-0.17,1.17+/-0.18,1.20+/-0.18,1.24+/-0.18,1.28+/-0.19,1.31+/-0.19,1.35+/-0.20,1.38+/-0.20,1.42+/-0.21,1.46+/-0.21,1.49+/-0.22,1.53+/-0.22,1.56+/-0.23,1.60+/-0.23,1.64+/-0.24,1.67+/-0.24,1.71+/-0.24,1.74+/-0.25,1.78+/-0.25,1.81+/-0.26,1.85+/-0.26,1.89+/-0.27,1.92+/-0.27,1.96+/-0.28,1.99+/-0.28,2.03+/-0.29,2.07+/-0.29
Iceland,25808,58325,0.0,0.22+/-0.12,0.50+/-0.26,0.8+/-0.4,3.3+/-0.7,5.7+/-1.2,8.8+/-2.0,11.3+/-2.4,13.5+/-2.8,15.5+/-3.0,17.5+/-3.3,19.4+/-3.5,21+/-4,23+/-4,24+/-4,26+/-4,28+/-4,30+/-5,31+/-5,33+/-5,35+/-5,36+/-5,38+/-6,40+/-6,41+/-6,43+/-6,45+/-6,47+/-7,48+/-7,50+/-7,52+/-7,53+/-8,55+/-8,57+/-8,58+/-8,60+/-9,62+/-9,63+/-9,65+/-9,67+/-9,69+/-10,70+/-10,72+/-10,74+/-10,75+/-11,77+/-11,79+/-11,80+/-11,82+/-12,84+/-12,86+/-12,87+/-12,89+/-13
Israel,362523,837516,0.0,0.34+/-0.17,3.4+/-0.6,6.5+/-1.0,13.9+/-2.2,17.6+/-2.7,22+/-4,26+/-4,29+/-5,33+/-5,36+/-6,39+/-6,41+/-6,44+/-7,46+/-7,49+/-7,52+/-7,54+/-8,57+/-8,60+/-8,62+/-9,65+/-9,67+/-9,70+/-10,73+/-10,75+/-10,78+/-11,81+/-11,83+/-11,86+/-12,88+/-12,91+/-12,94+/-13,96+/-13,99+/-14,102+/-14,104+/-14,107+/-15,109+/-15,112+/-15,115+/-16,117+/-16,120+/-16,123+/-17,125+/-17,128+/-18,130+/-18,133+/-18,136+/-19,138+/-19,141+/-19,144+/-20,146+/-20
Italy,2770966,6362871,0.0,0.24+/-0.13,2.6+/-0.4,5.1+/-0.8,8.3+/-1.2,11.2+/-1.7,14.9+/-2.5,17.7+/-3.0,20.4+/-3.5,23+/-4,25+/-4,28+/-4,30+/-5,32+/-5,34+/-5,36+/-5,38+/-6,40+/-6,42+/-6,44+/-6,46+/-7,48+/-7,50+/-7,52+/-7,55+/-8,57+/-8,59+/-8,61+/-9,63+/-9,65+/-9,67+/-9,69+/-10,71+/-10,73+/-10,75+/-11,77+/-11,80+/-11,82+/-11,84+/-12,86+/-12,88+/-12,90+/-13,92+/-13,94+/-13,96+/-14,98+/-14,100+/-14,102+/-14,105+/-15,107+/-15,109+/-15,111+/-16,113+/-16
Jamaica,153810,381200,0.0,0.019+/-0.010,0.043+/-0.023,0.07+/-0.04,0.16+/-0.06,0.22+/-0.09,0.35+/-0.16,0.41+/-0.19,0.45+/-0.21,0.48+/-0.23,0.50+/-0.24,0.52+/-0.25,0.52+/-0.25,0.52+/-0.25,0.52+/-0.25,0.52+/-0.25,0.52+/-0.25,0.52+/-0.25,0.52+/-0.25,0.52+/-0.25,0.52+/-0.25,0.52+/-0.25,0.52+/-0.25,0.52+/-0.25,0.52+/-0.25,0.52+/-0.25,0.52+/-0.25,0.52+/-0.25,0.52+/-0.25,0.52+/-0.25,0.52+/-0.25,0.52+/-0.25,0.52+/-0.25,0.52+/-0.25,0.52+/-0.25,0.52+/-0.25,0.52+/-0.25,0.52+/-0.25,0.52+/-0.25,0.52+/-0.25,0.52+/-0.25,0.52+/-0.25,0.52+/-0.25,0.52+/-0.25,0.52+/-0.25,0.52+/-0.25,0.52+/-0.25,0.52+/-0.25,0.52+/-0.25,0.52+/-0.25,0.52+/-0.25,0.52+/-0.25,0.52+/-0.25
Jordan,405560,1073692,0.0,0.24+/-0.04,0.50+/-0.08,0.76+/-0.12,1.07+/-0.17,1.40+/-0.24,1.9+/-0.4,2.2+/-0.4,2.5+/-0.5,2.7+/-0.5,3.0+/-0.6,3.2+/-0.6,3.5+/-0.6,3.7+/-0.6,3.9+/-0.7,4.1+/-0.7,4.3+/-0.7,4.5+/-0.7,4.7+/-0.7,4.9+/-0.8,5.1+/-0.8,5.3+/-0.8,5.5+/-0.8,5.7+/-0.9,5.9+/-0.9,6.1+/-0.9,6.3+/-0.9,6.5+/-1.0,6.8+/-1.0,7.0+/-1.0,7.2+/-1.0,7.4+/-1.1,7.6+/-1.1,7.8+/-1.1,8.0+/-1.1,8.2+/-1.2,8.4+/-1.2,8.6+/-1.2,8.8+/-1.3,9.0+/-1.3,9.2+/-1.3,9.4+/-1.3,9.6+/-1.4,9.9+/-1.4,10.1+/-1.4,10.3+/-1.5,10.5+/-1.5,10.7+/-1.5,10.9+/-1.5,11.1+/-1.6,11.3+/-1.6,11.5+/-1.6,11.7+/-1.7
Japan,6664440,17317864,0.0,1.77+/-0.26,12.9+/-2.0,15.0+/-2.3,20.1+/-2.8,22.8+/-3.1,26+/-4,29+/-4,32+/-5,35+/-5,37+/-5,40+/-6,42+/-6,44+/-6,46+/-6,48+/-7,50+/-7,53+/-7,55+/-8,57+/-8,59+/-8,61+/-8,64+/-9,66+/-9,68+/-9,70+/-10,72+/-10,75+/-10,77+/-11,79+/-11,81+/-11,83+/-11,85+/-12,88+/-12,90+/-12,92+/-13,94+/-13,96+/-13,99+/-14,101+/-14,103+/-14,105+/-15,107+/-15,110+/-15,112+/-16,114+/-16,116+/-16,118+/-17,121+/-17,123+/-17,125+/-17,127+/-18,129+/-18
Kazakhstan,1349371,2312209,0.0,0.045+/-0.024,0.10+/-0.05,0.17+/-0.09,3.5+/-1.2,4.0+/-1.2,4.6+/-1.3,5.1+/-1.3,5.5+/-1.3,5.9+/-1.4,6.2+/-1.4,6.6+/-1.4,6.9+/-1.4,7.2+/-1.4,7.6+/-1.4,7.9+/-1.4,8.2+/-1.5,8.5+/-1.5,8.8+/-1.5,9.1+/-1.5,9.5+/-1.5,9.8+/-1.6,10.1+/-1.6,10.4+/-1.6,10.7+/-1.6,11.1+/-1.7,11.4+/-1.7,11.7+/-1.7,12.0+/-1.8,12.3+/-1.8,12.6+/-1.8,13.0+/-1.8,13.3+/-1.9,13.6+/-1.9,13.9+/-1.9,14.2+/-2.0,14.5+/-2.0,14.9+/-2.1,15.2+/-2.1,15.5+/-2.1,15.8+/-2.2,16.1+/-2.2,16.4+/-2.2,16.8+/-2.3,17.1+/-2.3,17.4+/-2.3,17.7+/-2.4,18.0+/-2.4,18.3+/-2.5,18.7+/-2.5,19.0+/-2.5,19.3+/-2.6,19.6+/-2.6
Kenya,5887403,8686046,0.0,0.0+/-0,0.0+/-0,0.0+/-0,0.0011+/-0.0004,0.0011+/-0.0004,0.0011+/-0.0004,0.0011+/-0.0004,0.0011+/-0.0004,0.0011+/-0.0004,0.0011+/-0.0004,0.0011+/-0.0004,0.0011+/-0.0004,0.0011+/-0.0004,0.0011+/-0.0004,0.0011+/-0.0004,0.0011+/-0.0004,0.0011+/-0.0004,0.0011+/-0.0004,0.0011+/-0.0004,0.0011+/-0.0004,0.0011+/-0.0004,0.0011+/-0.0004,0.0011+/-0.0004,0.0011+/-0.0004,0.0011+/-0.0004,0.0011+/-0.0004,0.0011+/-0.0004,0.0011+/-0.0004,0.0011+/-0.0004,0.0011+/-0.0004,0.0011+/-0.0004,0.0011+/-0.0004,0.0011+/-0.0004,0.0011+/-0.0004,0.0011+/-0.0004,0.0011+/-0.0004,0.0011+/-0.0004,0.0011+/-0.0004,0.0011+/-0.0004,0.0011+/-0.0004,0.0011+/-0.0004,0.0011+/-0.0004,0.0011+/-0.0004,0.0011+/-0.0004,0.0011+/-0.0004,0.0011+/-0.0004,0.0011+/-0.0004,0.0011+/-0.0004,0.0011+/-0.0004,0.0011+/-0.0004,0.0011+/-0.0004,0.0011+/-0.0004
Kyrgyzstan,560828,1096240,0.0,0.0054+/-0.0028,0.012+/-0.006,0.020+/-0.011,0.53+/-0.19,0.55+/-0.19,0.58+/-0.19,0.60+/-0.19,0.61+/-0.19,0.62+/-0.20,0.63+/-0.20,0.63+/-0.20,0.63+/-0.20,0.63+/-0.20,0.63+/-0.20,0.63+/-0.20,0.63+/-0.20,0.63+/-0.20,0.63+/-0.20,0.63+/-0.20,0.63+/-0.20,0.63+/-0.20,0.63+/-0.20,0.63+/-0.20,0.63+/-0.20,0.63+/-0.20,0.63+/-0.20,0.63+/-0.20,0.63+/-0.20,0.63+/-0.20,0.63+/-0.20,0.63+/-0.20,0.63+/-0.20,0.63+/-0.20,0.63+/-0.20,0.63+/-0.20,0.63+/-0.20,0.63+/-0.20,0.63+/-0.20,0.63+/-0.20,0.63+/-0.20,0.63+/-0.20,0.63+/-0.20,0.63+/-0.20,0.63+/-0.20,0.63+/-0.20,0.63+/-0.20,0.63+/-0.20,0.63+/-0.20,0.63+/-0.20,0.63+/-0.20,0.63+/-0.20,0.63+/-0.20
Cambodia,1618879,3254511,0.0,0.071+/-0.011,0.146+/-0.022,0.223+/-0.035,0.61+/-0.12,0.71+/-0.13,0.85+/-0.16,0.95+/-0.18,1.03+/-0.19,1.11+/-0.20,1.19+/-0.21,1.26+/-0.22,1.32+/-0.22,1.38+/-0.22,1.44+/-0.23,1.50+/-0.23,1.55+/-0.24,1.61+/-0.24,1.67+/-0.25,1.73+/-0.26,1.79+/-0.26,1.85+/-0.27,1.91+/-0.27,1.97+/-0.28,2.03+/-0.29,2.09+/-0.29,2.15+/-0.30,2.21+/-0.31,2.27+/-0.31,2.33+/-0.32,2.39+/-0.33,2.45+/-0.33,2.50+/-0.34,2.56+/-0.35,2.62+/-0.35,2.7+/-0.4,2.7+/-0.4,2.8+/-0.4,2.9+/-0.4,2.9+/-0.4,3.0+/-0.4,3.0+/-0.4,3.1+/-0.4,3.2+/-0.4,3.2+/-0.4,3.3+/-0.4,3.3+/-0.4,3.4+/-0.5,3.5+/-0.5,3.5+/-0.5,3.6+/-0.5,3.6+/-0.5,3.7+/-0.5
Kiribati,7654,15972,0.0,0.0+/-0,0.0+/-0,0.0+/-0,0.86+/-0.30,0.86+/-0.30,0.86+/-0.30,0.86+/-0.30,0.86+/-0.30,0.86+/-0.30,0.86+/-0.30,0.86+/-0.30,0.86+/-0.30,0.86+/-0.30,0.86+/-0.30,0.86+/-0.30,0.86+/-0.30,0.86+/-0.30,0.86+/-0.30,0.86+/-0.30,0.86+/-0.30,0.86+/-0.30,0.86+/-0.30,0.86+/-0.30,0.86+/-0.30,0.86+/-0.30,0.86+/-0.30,0.86+/-0.30,0.86+/-0.30,0.86+/-0.30,0.86+/-0.30,0.86+/-0.30,0.86+/-0.30,0.86+/-0.30,0.86+/-0.30,0.86+/-0.30,0.86+/-0.30,0.86+/-0.30,0.86+/-0.30,0.86+/-0.30,0.86+/-0.30,0.86+/-0.30,0.86+/-0.30,0.86+/-0.30,0.86+/-0.30,0.86+/-0.30,0.86+/-0.30,0.86+/-0.30,0.86+/-0.30,0.86+/-0.30,0.86+/-0.30,0.86+/-0.30,0.86+/-0.30
St. Kitts and Nevis,5939,8072,0.0,0.011+/-0.006,0.024+/-0.012,0.040+/-0.021,1.2+/-0.4,1.2+/-0.4,1.3+/-0.4,1.3+/-0.4,1.3+/-0.4,1.4+/-0.4,1.4+/-0.4,1.4+/-0.4,1.4+/-0.4,1.4+/-0.4,1.4+/-0.4,1.4+/-0.4,1.4+/-0.4,1.4+/-0.4,1.4+/-0.4,1.4+/-0.4,1.4+/-0.4,1.4+/-0.4,1.4+/-0.4,1.4+/-0.4,1.4+/-0.4,1.4+/-0.4,1.4+/-0.4,1.4+/-0.4,1.4+/-0.4,1.4+/-0.4,1.4+/-0.4,1.4+/-0.4,1.4+/-0.4,1.4+/-0.4,1.4+/-0.4,1.4+/-0.4,1.4+/-0.4,1.4+/-0.4,1.4+/-0.4,1.4+/-0.4,1.4+/-0.4,1.4+/-0.4,1.4+/-0.4,1.4+/-0.4,1.4+/-0.4,1.4+/-0.4,1.4+/-0.4,1.4+/-0.4,1.4+/-0.4,1.4+/-0.4,1.4+/-0.4,1.4+/-0.4,1.4+/-0.4
South Korea,3994802,8392083,0.0,0.19+/-0.10,0.43+/-0.22,2.3+/-0.4,7.9+/-1.5,10.1+/-1.8,13.0+/-2.3,15.2+/-2.6,17.3+/-2.9,19.2+/-3.1,21.0+/-3.3,22.8+/-3.5,24+/-4,26+/-4,28+/-4,29+/-4,31+/-4,32+/-5,34+/-5,36+/-5,37+/-5,39+/-5,41+/-6,42+/-6,44+/-6,45+/-6,47+/-6,49+/-7,50+/-7,52+/-7,53+/-7,55+/-7,57+/-8,58+/-8,60+/-8,61+/-8,63+/-9,65+/-9,66+/-9,68+/-9,70+/-9,71+/-10,73+/-10,74+/-10,76+/-10,78+/-11,79+/-11,81+/-11,82+/-11,84+/-11,86+/-12,87+/-12,89+/-12
Kuwait,281601,691592,0.0,0.09+/-0.04,0.19+/-0.10,0.32+/-0.17,0.54+/-0.27,0.8+/-0.4,1.4+/-0.7,1.7+/-0.9,2.3+/-1.0,2.9+/-1.0,3.5+/-1.1,4.0+/-1.2,4.5+/-1.2,5.0+/-1.2,5.5+/-1.2,5.9+/-1.3,6.4+/-1.3,6.9+/-1.3,7.3+/-1.4,7.8+/-1.4,8.3+/-1.4,8.7+/-1.5,9.2+/-1.5,9.7+/-1.6,10.2+/-1.6,10.6+/-1.7,11.1+/-1.7,11.6+/-1.8,12.0+/-1.8,12.5+/-1.9,13.0+/-1.9,13.4+/-2.0,13.9+/-2.1,14.4+/-2.1,14.9+/-2.2,15.3+/-2.2,15.8+/-2.3,16.3+/-2.4,16.7+/-2.4,17.2+/-2.5,17.7+/-2.5,18.1+/-2.6,18.6+/-2.7,19.1+/-2.7,19.6+/-2.8,20.0+/-2.9,20.5+/-2.9,21.0+/-3.0,21.4+/-3.0,21.9+/-3.1,22.4+/-3.2,22.8+/-3.2,23.3+/-3.3
Laos,567868,854367,0.0,0.0048+/-0.0025,0.011+/-0.006,0.018+/-0.009,1.1+/-0.4,1.2+/-0.4,1.2+/-0.4,1.2+/-0.4,1.2+/-0.4,1.2+/-0.4,1.2+/-0.4,1.2+/-0.4,1.2+/-0.4,1.2+/-0.4,1.2+/-0.4,1.2+/-0.4,1.2+/-0.4,1.2+/-0.4,1.2+/-0.4,1.2+/-0.4,1.2+/-0.4,1.2+/-0.4,1.2+/-0.4,1.2+/-0.4,1.2+/-0.4,1.2+/-0.4,1.2+/-0.4,1.2+/-0.4,1.2+/-0.4,1.2+/-0.4,1.2+/-0.4,1.2+/-0.4,1.2+/-0.4,1.2+/-0.4,1.2+/-0.4,1.2+/-0.4,1.2+/-0.4,1.2+/-0.4,1.2+/-0.4,1.2+/-0.4,1.2+/-0.4,1.2+/-0.4,1.2+/-0.4,1.2+/-0.4,1.2+/-0.4,1.2+/-0.4,1.2+/-0.4,1.2+/-0.4,1.2+/-0.4,1.2+/-0.4,1.2+/-0.4,1.2+/-0.4,1.2+/-0.4
Lebanon,194602,485313,0.0,0.0032+/-0.0017,0.007+/-0.004,0.012+/-0.006,0.053+/-0.016,0.064+/-0.020,0.085+/-0.029,0.095+/-0.034,0.10+/-0.04,0.11+/-0.04,0.11+/-0.04,0.11+/-0.04,0.11+/-0.04,0.11+/-0.04,0.11+/-0.04,0.11+/-0.04,0.11+/-0.04,0.11+/-0.04,0.11+/-0.04,0.11+/-0.04,0.11+/-0.04,0.11+/-0.04,0.11+/-0.04,0.11+/-0.04,0.11+/-0.04,0.11+/-0.04,0.11+/-0.04,0.11+/-0.04,0.11+/-0.04,0.11+/-0.04,0.11+/-0.04,0.11+/-0.04,0.11+/-0.04,0.11+/-0.04,0.11+/-0.04,0.11+/-0.04,0.11+/-0.04,0.11+/-0.04,0.11+/-0.04,0.11+/-0.04,0.11+/-0.04,0.11+/-0.04,0.11+/-0.04,0.11+/-0.04,0.11+/-0.04,0.11+/-0.04,0.11+/-0.04,0.11+/-0.04,0.11+/-0.04,0.11+/-0.04,0.11+/-0.04,0.11+/-0.04,0.11+/-0.04
Liberia,267131,681069,0.0,0.0+/-0,0.0+/-0,0.0+/-0,0.025+/-0.009,0.025+/-0.009,0.025+/-0.009,0.025+/-0.009,0.025+/-0.009,0.025+/-0.009,0.025+/-0.009,0.025+/-0.009,0.025+/-0.009,0.025+/-0.009,0.025+/-0.009,0.025+/-0.009,0.025+/-0.009,0.025+/-0.009,0.025+/-0.009,0.025+/-0.009,0.025+/-0.009,0.025+/-0.009,0.025+/-0.009,0.025+/-0.009,0.025+/-0.009,0.025+/-0.009,0.025+/-0.009,0.025+/-0.009,0.025+/-0.009,0.025+/-0.009,0.025+/-0.009,0.025+/-0.009,0.025+/-0.009,0.025+/-0.009,0.025+/-0.009,0.025+/-0.009,0.025+/-0.009,0.025+/-0.009,0.025+/-0.009,0.025+/-0.009,0.025+/-0.009,0.025+/-0.009,0.025+/-0.009,0.025+/-0.009,0.025+/-0.009,0.025+/-0.009,0.025+/-0.009,0.025+/-0.009,0.025+/-0.009,0.025+/-0.009,0.025+/-0.009,0.025+/-0.009,0.025+/-0.009
Libya,429019,808661,0.0,0.0+/-0,0.0+/-0,0.0+/-0,0.015+/-0.005,0.015+/-0.005,0.015+/-0.005,0.015+/-0.005,0.015+/-0.005,0.015+/-0.005,0.015+/-0.005,0.015+/-0.005,0.015+/-0.005,0.015+/-0.005,0.015+/-0.005,0.015+/-0.005,0.015+/-0.005,0.015+/-0.005,0.015+/-0.005,0.015+/-0.005,0.015+/-0.005,0.015+/-0.005,0.015+/-0.005,0.015+/-0.005,0.015+/-0.005,0.015+/-0.005,0.015+/-0.005,0.015+/-0.005,0.015+/-0.005,0.015+/-0.005,0.015+/-0.005,0.015+/-0.005,0.015+/-0.005,0.015+/-0.005,0.015+/-0.005,0.015+/-0.005,0.015+/-0.005,0.015+/-0.005,0.015+/-0.005,0.015+/-0.005,0.015+/-0.005,0.015+/-0.005,0.015+/-0.005,0.015+/-0.005,0.015+/-0.005,0.015+/-0.005,0.015+/-0.005,0.015+/-0.005,0.015+/-0.005,0.015+/-0.005,0.015+/-0.005,0.015+/-0.005,0.015+/-0.005
St. Lucia,27729,37686,0.0,0.0045+/-0.0024,0.010+/-0.005,0.017+/-0.009,0.27+/-0.09,0.28+/-0.09,0.31+/-0.09,0.32+/-0.10,0.33+/-0.10,0.34+/-0.10,0.35+/-0.10,0.35+/-0.10,0.35+/-0.10,0.35+/-0.10,0.35+/-0.10,0.35+/-0.10,0.35+/-0.10,0.35+/-0.10,0.35+/-0.10,0.35+/-0.10,0.35+/-0.10,0.35+/-0.10,0.35+/-0.10,0.35+/-0.10,0.35+/-0.10,0.35+/-0.10,0.35+/-0.10,0.35+/-0.10,0.35+/-0.10,0.35+/-0.10,0.35+/-0.10,0.35+/-0.10,0.35+/-0.10,0.35+/-0.10,0.35+/-0.10,0.35+/-0.10,0.35+/-0.10,0.35+/-0.10,0.35+/-0.10,0.35+/-0.10,0.35+/-0.10,0.35+/-0.10,0.35+/-0.10,0.35+/-0.10,0.35+/-0.10,0.35+/-0.10,0.35+/-0.10,0.35+/-0.10,0.35+/-0.10,0.35+/-0.10,0.35+/-0.10,0.35+/-0.10,0.35+/-0.10
Liechtenstein,1588,4386,0.0,3.4+/-1.8,8+/-4,13+/-7,24+/-11,35+/-16,57+/-28,89+/-34,(1.2+/-0.4)e+02,(1.4+/-0.4)e+02,(1.7+/-0.4)e+02,(1.9+/-0.5)e+02,(2.1+/-0.5)e+02,(2.3+/-0.5)e+02,(2.5+/-0.5)e+02,(2.7+/-0.5)e+02,(2.9+/-0.5)e+02,(3.1+/-0.5)e+02,(3.3+/-0.6)e+02,(3.5+/-0.6)e+02,(3.7+/-0.6)e+02,(3.9+/-0.6)e+02,(4.1+/-0.6)e+02,(4.3+/-0.7)e+02,(4.5+/-0.7)e+02,(4.7+/-0.7)e+02,(4.9+/-0.7)e+02,(5.1+/-0.8)e+02,(5.3+/-0.8)e+02,(5.5+/-0.8)e+02,(5.7+/-0.8)e+02,(5.9+/-0.9)e+02,(6.1+/-0.9)e+02,(6.3+/-0.9)e+02,(6.5+/-0.9)e+02,(6.7+/-1.0)e+02,(6.9+/-1.0)e+02,(7.1+/-1.0)e+02,(7.3+/-1.0)e+02,(7.5+/-1.1)e+02,(7.7+/-1.1)e+02,(7.9+/-1.1)e+02,(8.1+/-1.2)e+02,(8.3+/-1.2)e+02,(8.5+/-1.2)e+02,(8.7+/-1.2)e+02,(8.9+/-1.3)e+02,(9.1+/-1.3)e+02,(9.3+/-1.3)e+02,(9.5+/-1.3)e+02,(9.7+/-1.4)e+02,(9.9+/-1.4)e+02,(1.01+/-0.14)e+03
Sri Lanka,1447701,2423970,0.0,0.019+/-0.010,0.042+/-0.022,0.07+/-0.04,0.32+/-0.10,0.38+/-0.12,0.63+/-0.17,0.82+/-0.20,0.99+/-0.23,1.15+/-0.25,1.30+/-0.26,1.45+/-0.28,1.58+/-0.29,1.71+/-0.30,1.84+/-0.31,1.97+/-0.32,2.10+/-0.33,2.22+/-0.34,2.4+/-0.4,2.5+/-0.4,2.6+/-0.4,2.7+/-0.4,2.9+/-0.4,3.0+/-0.4,3.1+/-0.4,3.3+/-0.5,3.4+/-0.5,3.5+/-0.5,3.6+/-0.5,3.8+/-0.5,3.9+/-0.5,4.0+/-0.6,4.2+/-0.6,4.3+/-0.6,4.4+/-0.6,4.5+/-0.6,4.7+/-0.6,4.8+/-0.7,4.9+/-0.7,5.1+/-0.7,5.2+/-0.7,5.3+/-0.7,5.4+/-0.7,5.6+/-0.8,5.7+/-0.8,5.8+/-0.8,6.0+/-0.8,6.1+/-0.8,6.2+/-0.9,6.3+/-0.9,6.5+/-0.9,6.6+/-0.9,6.7+/-0.9
Lesotho,94028,220995,0.0,0.0+/-0,0.0+/-0,0.0+/-0,0.070+/-0.025,0.070+/-0.025,0.070+/-0.025,0.070+/-0.025,0.070+/-0.025,0.070+/-0.025,0.070+/-0.025,0.070+/-0.025,0.070+/-0.025,0.070+/-0.025,0.070+/-0.025,0.070+/-0.025,0.070+/-0.025,0.070+/-0.025,0.070+/-0.025,0.070+/-0.025,0.070+/-0.025,0.070+/-0.025,0.070+/-0.025,0.070+/-0.025,0.070+/-0.025,0.070+/-0.025,0.070+/-0.025,0.070+/-0.025,0.070+/-0.025,0.070+/-0.025,0.070+/-0.025,0.070+/-0.025,0.070+/-0.025,0.070+/-0.025,0.070+/-0.025,0.070+/-0.025,0.070+/-0.025,0.070+/-0.025,0.070+/-0.025,0.070+/-0.025,0.070+/-0.025,0.070+/-0.025,0.070+/-0.025,0.070+/-0.025,0.070+/-0.025,0.070+/-0.025,0.070+/-0.025,0.070+/-0.025,0.070+/-0.025,0.070+/-0.025,0.070+/-0.025,0.070+/-0.025,0.070+/-0.025
Lithuania,162149,345964,0.0,0.14+/-0.07,0.31+/-0.16,0.52+/-0.27,0.9+/-0.4,1.3+/-0.7,2.2+/-1.1,2.7+/-1.4,3.8+/-1.5,4.7+/-1.7,5.7+/-1.8,6.6+/-1.9,7.4+/-1.9,8.1+/-1.9,8.9+/-2.0,9.7+/-2.0,10.4+/-2.1,11.2+/-2.1,12.0+/-2.2,12.7+/-2.3,13.5+/-2.3,14.3+/-2.4,15.1+/-2.5,15.8+/-2.6,16.6+/-2.6,17.4+/-2.7,18.1+/-2.8,18.9+/-2.9,19.7+/-3.0,20.5+/-3.1,21.2+/-3.2,22.0+/-3.3,22.8+/-3.4,23.5+/-3.5,24+/-4,25+/-4,26+/-4,27+/-4,27+/-4,28+/-4,29+/-4,30+/-4,30+/-4,31+/-4,32+/-5,33+/-5,34+/-5,34+/-5,35+/-5,36+/-5,37+/-5,37+/-5,38+/-5
Luxembourg,22059,50494,0.0,0.28+/-0.15,0.64+/-0.33,1.1+/-0.6,2.0+/-0.9,2.9+/-1.4,4.8+/-2.3,5.7+/-2.8,7.8+/-3.2,9.6+/-3.4,11+/-4,13+/-4,15+/-4,16+/-4,17+/-4,19+/-4,20+/-4,22+/-4,23+/-4,25+/-4,26+/-5,27+/-5,29+/-5,30+/-5,32+/-5,33+/-5,35+/-5,36+/-6,37+/-6,39+/-6,40+/-6,42+/-6,43+/-6,44+/-7,46+/-7,47+/-7,49+/-7,50+/-7,52+/-7,53+/-8,54+/-8,56+/-8,57+/-8,59+/-8,60+/-9,62+/-9,63+/-9,64+/-9,66+/-9,67+/-10,69+/-10,70+/-10,72+/-10
Latvia,98939,211387,0.0,0.09+/-0.05,0.21+/-0.11,0.35+/-0.18,1.31+/-0.31,2.3+/-0.5,3.6+/-0.8,4.6+/-1.0,5.5+/-1.1,6.3+/-1.3,7.1+/-1.4,7.9+/-1.5,8.5+/-1.5,9.2+/-1.6,9.9+/-1.6,10.6+/-1.7,11.3+/-1.8,12.0+/-1.9,12.7+/-1.9,13.3+/-2.0,14.0+/-2.1,14.7+/-2.2,15.4+/-2.3,16.1+/-2.4,16.8+/-2.4,17.4+/-2.5,18.1+/-2.6,18.8+/-2.7,19.5+/-2.8,20.2+/-2.9,20.9+/-3.0,21.5+/-3.1,22.2+/-3.2,22.9+/-3.3,23.6+/-3.4,24.3+/-3.4,25.0+/-3.5,26+/-4,26+/-4,27+/-4,28+/-4,28+/-4,29+/-4,30+/-4,30+/-4,31+/-4,32+/-4,32+/-5,33+/-5,34+/-5,35+/-5,35+/-5,36+/-5
Macau,35983,67326,0.0,0.0+/-0,0.0+/-0,0.0+/-0,0.18+/-0.06,0.18+/-0.06,0.18+/-0.06,0.18+/-0.06,0.18+/-0.06,0.18+/-0.06,0.18+/-0.06,0.18+/-0.06,0.18+/-0.06,0.18+/-0.06,0.18+/-0.06,0.18+/-0.06,0.18+/-0.06,0.18+/-0.06,0.18+/-0.06,0.18+/-0.06,0.18+/-0.06,0.18+/-0.06,0.18+/-0.06,0.18+/-0.06,0.18+/-0.06,0.18+/-0.06,0.18+/-0.06,0.18+/-0.06,0.18+/-0.06,0.18+/-0.06,0.18+/-0.06,0.18+/-0.06,0.18+/-0.06,0.18+/-0.06,0.18+/-0.06,0.18+/-0.06,0.18+/-0.06,0.18+/-0.06,0.18+/-0.06,0.18+/-0.06,0.18+/-0.06,0.18+/-0.06,0.18+/-0.06,0.18+/-0.06,0.18+/-0.06,0.18+/-0.06,0.18+/-0.06,0.18+/-0.06,0.18+/-0.06,0.18+/-0.06,0.18+/-0.06,0.18+/-0.06,0.18+/-0.06
Saint-Martin,0,0,0,0,0,0,0,0,0,0,0,0,0,0,0,0,0,0,0,0,0,0,0,0,0,0,0,0,0,0,0,0,0,0,0,0,0,0,0,0,0,0,0,0,0,0,0,0,0,0,0,0,0,0,0
Morocco,2078581,3917934,0.0,0.018+/-0.009,0.040+/-0.021,0.066+/-0.035,0.77+/-0.25,0.83+/-0.26,0.94+/-0.29,1.00+/-0.30,1.15+/-0.32,1.28+/-0.33,1.42+/-0.34,1.54+/-0.34,1.65+/-0.35,1.76+/-0.35,1.9+/-0.4,2.0+/-0.4,2.1+/-0.4,2.2+/-0.4,2.3+/-0.4,2.4+/-0.4,2.5+/-0.4,2.6+/-0.4,2.8+/-0.4,2.9+/-0.4,3.0+/-0.4,3.1+/-0.4,3.2+/-0.5,3.3+/-0.5,3.4+/-0.5,3.5+/-0.5,3.6+/-0.5,3.7+/-0.5,3.9+/-0.5,4.0+/-0.5,4.1+/-0.6,4.2+/-0.6,4.3+/-0.6,4.4+/-0.6,4.5+/-0.6,4.6+/-0.6,4.7+/-0.6,4.8+/-0.6,5.0+/-0.7,5.1+/-0.7,5.2+/-0.7,5.3+/-0.7,5.4+/-0.7,5.5+/-0.7,5.6+/-0.7,5.7+/-0.8,5.8+/-0.8,5.9+/-0.8,6.0+/-0.8
Monaco,5989,16535,0.0,0.0+/-0,0.0+/-0,0.0+/-0,1.1+/-0.4,1.1+/-0.4,1.1+/-0.4,1.1+/-0.4,1.1+/-0.4,1.1+/-0.4,1.1+/-0.4,1.1+/-0.4,1.1+/-0.4,1.1+/-0.4,1.1+/-0.4,1.1+/-0.4,1.1+/-0.4,1.1+/-0.4,1.1+/-0.4,1.1+/-0.4,1.1+/-0.4,1.1+/-0.4,1.1+/-0.4,1.1+/-0.4,1.1+/-0.4,1.1+/-0.4,1.1+/-0.4,1.1+/-0.4,1.1+/-0.4,1.1+/-0.4,1.1+/-0.4,1.1+/-0.4,1.1+/-0.4,1.1+/-0.4,1.1+/-0.4,1.1+/-0.4,1.1+/-0.4,1.1+/-0.4,1.1+/-0.4,1.1+/-0.4,1.1+/-0.4,1.1+/-0.4,1.1+/-0.4,1.1+/-0.4,1.1+/-0.4,1.1+/-0.4,1.1+/-0.4,1.1+/-0.4,1.1+/-0.4,1.1+/-0.4,1.1+/-0.4,1.1+/-0.4,1.1+/-0.4
Moldova,191260,344477,0.0,0.013+/-0.007,0.030+/-0.015,0.049+/-0.026,0.11+/-0.04,0.16+/-0.06,0.24+/-0.11,0.28+/-0.13,0.31+/-0.15,0.33+/-0.16,0.35+/-0.17,0.36+/-0.17,0.36+/-0.17,0.36+/-0.17,0.36+/-0.17,0.36+/-0.17,0.36+/-0.17,0.36+/-0.17,0.36+/-0.17,0.36+/-0.17,0.36+/-0.17,0.36+/-0.17,0.36+/-0.17,0.36+/-0.17,0.36+/-0.17,0.36+/-0.17,0.36+/-0.17,0.36+/-0.17,0.36+/-0.17,0.36+/-0.17,0.36+/-0.17,0.36+/-0.17,0.36+/-0.17,0.36+/-0.17,0.36+/-0.17,0.36+/-0.17,0.36+/-0.17,0.36+/-0.17,0.36+/-0.17,0.36+/-0.17,0.36+/-0.17,0.36+/-0.17,0.36+/-0.17,0.36+/-0.17,0.36+/-0.17,0.36+/-0.17,0.36+/-0.17,0.36+/-0.17,0.36+/-0.17,0.36+/-0.17,0.36+/-0.17,0.36+/-0.17,0.36+/-0.17
Madagascar,4485611,6096348,0.0,0.0+/-0,0.0+/-0,0.0+/-0,0.010+/-0.004,0.010+/-0.004,0.010+/-0.004,0.010+/-0.004,0.010+/-0.004,0.010+/-0.004,0.010+/-0.004,0.010+/-0.004,0.010+/-0.004,0.010+/-0.004,0.010+/-0.004,0.010+/-0.004,0.010+/-0.004,0.010+/-0.004,0.010+/-0.004,0.010+/-0.004,0.010+/-0.004,0.010+/-0.004,0.010+/-0.004,0.010+/-0.004,0.010+/-0.004,0.010+/-0.004,0.010+/-0.004,0.010+/-0.004,0.010+/-0.004,0.010+/-0.004,0.010+/-0.004,0.010+/-0.004,0.010+/-0.004,0.010+/-0.004,0.010+/-0.004,0.010+/-0.004,0.010+/-0.004,0.010+/-0.004,0.010+/-0.004,0.010+/-0.004,0.010+/-0.004,0.010+/-0.004,0.010+/-0.004,0.010+/-0.004,0.010+/-0.004,0.010+/-0.004,0.010+/-0.004,0.010+/-0.004,0.010+/-0.004,0.010+/-0.004,0.010+/-0.004,0.010+/-0.004,0.010+/-0.004
Maldives,21079,47909,0.0,0.012+/-0.007,0.028+/-0.015,0.047+/-0.024,0.39+/-0.12,0.43+/-0.13,0.51+/-0.15,0.55+/-0.17,0.58+/-0.18,0.60+/-0.18,0.61+/-0.19,0.62+/-0.20,0.62+/-0.20,0.62+/-0.20,0.62+/-0.20,0.62+/-0.20,0.62+/-0.20,0.62+/-0.20,0.62+/-0.20,0.62+/-0.20,0.62+/-0.20,0.62+/-0.20,0.62+/-0.20,0.62+/-0.20,0.62+/-0.20,0.62+/-0.20,0.62+/-0.20,0.62+/-0.20,0.62+/-0.20,0.62+/-0.20,0.62+/-0.20,0.62+/-0.20,0.62+/-0.20,0.62+/-0.20,0.62+/-0.20,0.62+/-0.20,0.62+/-0.20,0.62+/-0.20,0.62+/-0.20,0.62+/-0.20,0.62+/-0.20,0.62+/-0.20,0.62+/-0.20,0.62+/-0.20,0.62+/-0.20,0.62+/-0.20,0.62+/-0.20,0.62+/-0.20,0.62+/-0.20,0.62+/-0.20,0.62+/-0.20,0.62+/-0.20,0.62+/-0.20
Mexico,9086368,24246846,0.0,0.066+/-0.035,0.15+/-0.08,0.25+/-0.13,1.15+/-0.24,1.9+/-0.4,2.9+/-0.6,3.7+/-0.7,4.4+/-0.9,5.0+/-0.9,5.7+/-1.0,6.3+/-1.1,6.9+/-1.1,7.4+/-1.2,8.0+/-1.3,8.5+/-1.3,9.1+/-1.4,9.6+/-1.4,10.2+/-1.5,10.7+/-1.6,11.3+/-1.6,11.9+/-1.7,12.4+/-1.8,13.0+/-1.9,13.5+/-1.9,14.1+/-2.0,14.6+/-2.1,15.2+/-2.2,15.8+/-2.2,16.3+/-2.3,16.9+/-2.4,17.4+/-2.5,18.0+/-2.5,18.5+/-2.6,19.1+/-2.7,19.6+/-2.8,20.2+/-2.8,20.8+/-2.9,21.3+/-3.0,21.9+/-3.1,22.4+/-3.2,23.0+/-3.2,23.5+/-3.3,24.1+/-3.4,24.6+/-3.5,25.2+/-3.5,26+/-4,26+/-4,27+/-4,27+/-4,28+/-4,29+/-4,29+/-4
Marshall Islands,1621,3344,0.0,0.0+/-0,0.0+/-0,0.0+/-0,4.1+/-1.4,4.1+/-1.4,4.1+/-1.4,4.1+/-1.4,4.1+/-1.4,4.1+/-1.4,4.1+/-1.4,4.1+/-1.4,4.1+/-1.4,4.1+/-1.4,4.1+/-1.4,4.1+/-1.4,4.1+/-1.4,4.1+/-1.4,4.1+/-1.4,4.1+/-1.4,4.1+/-1.4,4.1+/-1.4,4.1+/-1.4,4.1+/-1.4,4.1+/-1.4,4.1+/-1.4,4.1+/-1.4,4.1+/-1.4,4.1+/-1.4,4.1+/-1.4,4.1+/-1.4,4.1+/-1.4,4.1+/-1.4,4.1+/-1.4,4.1+/-1.4,4.1+/-1.4,4.1+/-1.4,4.1+/-1.4,4.1+/-1.4,4.1+/-1.4,4.1+/-1.4,4.1+/-1.4,4.1+/-1.4,4.1+/-1.4,4.1+/-1.4,4.1+/-1.4,4.1+/-1.4,4.1+/-1.4,4.1+/-1.4,4.1+/-1.4,4.1+/-1.4,4.1+/-1.4,4.1+/-1.4
North Macedonia,119756,251912,0.0,0.027+/-0.014,0.061+/-0.032,0.10+/-0.05,2.5+/-0.9,2.6+/-0.9,2.8+/-0.9,2.9+/-0.9,2.9+/-0.9,3.0+/-0.9,3.0+/-0.9,3.0+/-0.9,3.0+/-0.9,3.0+/-0.9,3.0+/-0.9,3.0+/-0.9,3.0+/-0.9,3.0+/-0.9,3.0+/-0.9,3.0+/-0.9,3.0+/-0.9,3.0+/-0.9,3.0+/-0.9,3.0+/-0.9,3.0+/-0.9,3.0+/-0.9,3.0+/-0.9,3.0+/-0.9,3.0+/-0.9,3.0+/-0.9,3.0+/-0.9,3.0+/-0.9,3.0+/-0.9,3.0+/-0.9,3.0+/-0.9,3.0+/-0.9,3.0+/-0.9,3.0+/-0.9,3.0+/-0.9,3.0+/-0.9,3.0+/-0.9,3.0+/-0.9,3.0+/-0.9,3.0+/-0.9,3.0+/-0.9,3.0+/-0.9,3.0+/-0.9,3.0+/-0.9,3.0+/-0.9,3.0+/-0.9,3.0+/-0.9,3.0+/-0.9,3.0+/-0.9
Mali,1878429,3031099,0.0,0.0+/-0,0.0+/-0,0.0+/-0,0.0035+/-0.0012,0.0035+/-0.0012,0.0035+/-0.0012,0.0035+/-0.0012,0.0035+/-0.0012,0.0035+/-0.0012,0.0035+/-0.0012,0.0035+/-0.0012,0.0035+/-0.0012,0.0035+/-0.0012,0.0035+/-0.0012,0.0035+/-0.0012,0.0035+/-0.0012,0.0035+/-0.0012,0.0035+/-0.0012,0.0035+/-0.0012,0.0035+/-0.0012,0.0035+/-0.0012,0.0035+/-0.0012,0.0035+/-0.0012,0.0035+/-0.0012,0.0035+/-0.0012,0.0035+/-0.0012,0.0035+/-0.0012,0.0035+/-0.0012,0.0035+/-0.0012,0.0035+/-0.0012,0.0035+/-0.0012,0.0035+/-0.0012,0.0035+/-0.0012,0.0035+/-0.0012,0.0035+/-0.0012,0.0035+/-0.0012,0.0035+/-0.0012,0.0035+/-0.0012,0.0035+/-0.0012,0.0035+/-0.0012,0.0035+/-0.0012,0.0035+/-0.0012,0.0035+/-0.0012,0.0035+/-0.0012,0.0035+/-0.0012,0.0035+/-0.0012,0.0035+/-0.0012,0.0035+/-0.0012,0.0035+/-0.0012,0.0035+/-0.0012,0.0035+/-0.0012,0.0035+/-0.0012
Malta,31600,76797,0.0,0.08+/-0.04,0.19+/-0.10,0.31+/-0.16,0.71+/-0.27,1.0+/-0.4,1.5+/-0.7,1.8+/-0.8,2.0+/-0.9,2.1+/-1.0,2.2+/-1.0,2.3+/-1.1,2.3+/-1.1,2.3+/-1.1,2.3+/-1.1,2.3+/-1.1,2.3+/-1.1,2.3+/-1.1,2.3+/-1.1,2.3+/-1.1,2.3+/-1.1,2.3+/-1.1,2.3+/-1.1,2.3+/-1.1,2.3+/-1.1,2.3+/-1.1,2.3+/-1.1,2.3+/-1.1,2.3+/-1.1,2.3+/-1.1,2.3+/-1.1,2.3+/-1.1,2.3+/-1.1,2.3+/-1.1,2.3+/-1.1,2.3+/-1.1,2.3+/-1.1,2.3+/-1.1,2.3+/-1.1,2.3+/-1.1,2.3+/-1.1,2.3+/-1.1,2.3+/-1.1,2.3+/-1.1,2.3+/-1.1,2.3+/-1.1,2.3+/-1.1,2.3+/-1.1,2.3+/-1.1,2.3+/-1.1,2.3+/-1.1,2.3+/-1.1,2.3+/-1.1
Myanmar,5891601,10319065,0.0,0.0037+/-0.0019,0.008+/-0.004,0.014+/-0.007,0.032+/-0.012,0.044+/-0.018,0.068+/-0.031,0.11+/-0.04,0.14+/-0.04,0.18+/-0.05,0.21+/-0.05,0.24+/-0.05,0.27+/-0.05,0.30+/-0.06,0.33+/-0.06,0.36+/-0.06,0.38+/-0.06,0.41+/-0.07,0.44+/-0.07,0.47+/-0.07,0.50+/-0.08,0.53+/-0.08,0.55+/-0.08,0.58+/-0.09,0.61+/-0.09,0.64+/-0.09,0.67+/-0.10,0.70+/-0.10,0.72+/-0.10,0.75+/-0.11,0.78+/-0.11,0.81+/-0.11,0.84+/-0.12,0.87+/-0.12,0.89+/-0.13,0.92+/-0.13,0.95+/-0.13,0.98+/-0.14,1.01+/-0.14,1.04+/-0.15,1.06+/-0.15,1.09+/-0.15,1.12+/-0.16,1.15+/-0.16,1.18+/-0.17,1.20+/-0.17,1.23+/-0.17,1.26+/-0.18,1.29+/-0.18,1.32+/-0.19,1.35+/-0.19,1.37+/-0.19,1.40+/-0.20
Montenegro,28816,68188,0.0,0.015+/-0.008,0.035+/-0.018,0.058+/-0.030,0.32+/-0.09,0.37+/-0.11,0.47+/-0.15,0.52+/-0.17,0.56+/-0.19,0.58+/-0.20,0.60+/-0.21,0.61+/-0.22,0.61+/-0.22,0.61+/-0.22,0.61+/-0.22,0.61+/-0.22,0.61+/-0.22,0.61+/-0.22,0.61+/-0.22,0.61+/-0.22,0.61+/-0.22,0.61+/-0.22,0.61+/-0.22,0.61+/-0.22,0.61+/-0.22,0.61+/-0.22,0.61+/-0.22,0.61+/-0.22,0.61+/-0.22,0.61+/-0.22,0.61+/-0.22,0.61+/-0.22,0.61+/-0.22,0.61+/-0.22,0.61+/-0.22,0.61+/-0.22,0.61+/-0.22,0.61+/-0.22,0.61+/-0.22,0.61+/-0.22,0.61+/-0.22,0.61+/-0.22,0.61+/-0.22,0.61+/-0.22,0.61+/-0.22,0.61+/-0.22,0.61+/-0.22,0.61+/-0.22,0.61+/-0.22,0.61+/-0.22,0.61+/-0.22,0.61+/-0.22,0.61+/-0.22
Mongolia,315736,512476,0.0,0.0067+/-0.0035,0.015+/-0.008,0.025+/-0.013,1.3+/-0.5,1.3+/-0.5,1.3+/-0.5,1.4+/-0.5,1.4+/-0.5,1.4+/-0.5,1.4+/-0.5,1.4+/-0.5,1.4+/-0.5,1.4+/-0.5,1.4+/-0.5,1.4+/-0.5,1.4+/-0.5,1.4+/-0.5,1.4+/-0.5,1.4+/-0.5,1.4+/-0.5,1.4+/-0.5,1.4+/-0.5,1.4+/-0.5,1.4+/-0.5,1.4+/-0.5,1.4+/-0.5,1.4+/-0.5,1.4+/-0.5,1.4+/-0.5,1.4+/-0.5,1.4+/-0.5,1.4+/-0.5,1.4+/-0.5,1.4+/-0.5,1.4+/-0.5,1.4+/-0.5,1.4+/-0.5,1.4+/-0.5,1.4+/-0.5,1.4+/-0.5,1.4+/-0.5,1.4+/-0.5,1.4+/-0.5,1.4+/-0.5,1.4+/-0.5,1.4+/-0.5,1.4+/-0.5,1.4+/-0.5,1.4+/-0.5,1.4+/-0.5,1.4+/-0.5,1.4+/-0.5
Northern Mariana Islands,2405,5139,0.0,0.0+/-0,0.0+/-0,0.0+/-0,2.7+/-1.0,2.7+/-1.0,2.7+/-1.0,2.7+/-1.0,2.7+/-1.0,2.7+/-1.0,2.7+/-1.0,2.7+/-1.0,2.7+/-1.0,2.7+/-1.0,2.7+/-1.0,2.7+/-1.0,2.7+/-1.0,2.7+/-1.0,2.7+/-1.0,2.7+/-1.0,2.7+/-1.0,2.7+/-1.0,2.7+/-1.0,2.7+/-1.0,2.7+/-1.0,2.7+/-1.0,2.7+/-1.0,2.7+/-1.0,2.7+/-1.0,2.7+/-1.0,2.7+/-1.0,2.7+/-1.0,2.7+/-1.0,2.7+/-1.0,2.7+/-1.0,2.7+/-1.0,2.7+/-1.0,2.7+/-1.0,2.7+/-1.0,2.7+/-1.0,2.7+/-1.0,2.7+/-1.0,2.7+/-1.0,2.7+/-1.0,2.7+/-1.0,2.7+/-1.0,2.7+/-1.0,2.7+/-1.0,2.7+/-1.0,2.7+/-1.0,2.7+/-1.0,2.7+/-1.0,2.7+/-1.0
Mozambique,783639,2253535,0.0,0.0+/-0,0.0+/-0,0.0+/-0,0.0084+/-0.0030,0.0084+/-0.0030,0.0084+/-0.0030,0.0084+/-0.0030,0.0084+/-0.0030,0.0084+/-0.0030,0.0084+/-0.0030,0.0084+/-0.0030,0.0084+/-0.0030,0.0084+/-0.0030,0.0084+/-0.0030,0.0084+/-0.0030,0.0084+/-0.0030,0.0084+/-0.0030,0.0084+/-0.0030,0.0084+/-0.0030,0.0084+/-0.0030,0.0084+/-0.0030,0.0084+/-0.0030,0.0084+/-0.0030,0.0084+/-0.0030,0.0084+/-0.0030,0.0084+/-0.0030,0.0084+/-0.0030,0.0084+/-0.0030,0.0084+/-0.0030,0.0084+/-0.0030,0.0084+/-0.0030,0.0084+/-0.0030,0.0084+/-0.0030,0.0084+/-0.0030,0.0084+/-0.0030,0.0084+/-0.0030,0.0084+/-0.0030,0.0084+/-0.0030,0.0084+/-0.0030,0.0084+/-0.0030,0.0084+/-0.0030,0.0084+/-0.0030,0.0084+/-0.0030,0.0084+/-0.0030,0.0084+/-0.0030,0.0084+/-0.0030,0.0084+/-0.0030,0.0084+/-0.0030,0.0084+/-0.0030,0.0084+/-0.0030,0.0084+/-0.0030,0.0084+/-0.0030
Mauritania,157835,422709,0.0,0.0+/-0,0.0+/-0,0.0+/-0,0.042+/-0.015,0.042+/-0.015,0.042+/-0.015,0.042+/-0.015,0.042+/-0.015,0.042+/-0.015,0.042+/-0.015,0.042+/-0.015,0.042+/-0.015,0.042+/-0.015,0.042+/-0.015,0.042+/-0.015,0.042+/-0.015,0.042+/-0.015,0.042+/-0.015,0.042+/-0.015,0.042+/-0.015,0.042+/-0.015,0.042+/-0.015,0.042+/-0.015,0.042+/-0.015,0.042+/-0.015,0.042+/-0.015,0.042+/-0.015,0.042+/-0.015,0.042+/-0.015,0.042+/-0.015,0.042+/-0.015,0.042+/-0.015,0.042+/-0.015,0.042+/-0.015,0.042+/-0.015,0.042+/-0.015,0.042+/-0.015,0.042+/-0.015,0.042+/-0.015,0.042+/-0.015,0.042+/-0.015,0.042+/-0.015,0.042+/-0.015,0.042+/-0.015,0.042+/-0.015,0.042+/-0.015,0.042+/-0.015,0.042+/-0.015,0.042+/-0.015,0.042+/-0.015,0.042+/-0.015,0.042+/-0.015
Mauritius,68833,163333,0.0,0.0+/-0,0.0+/-0,0.0+/-0,1.0+/-0.4,1.0+/-0.4,1.0+/-0.4,1.0+/-0.4,1.0+/-0.4,1.0+/-0.4,1.0+/-0.4,1.0+/-0.4,1.0+/-0.4,1.0+/-0.4,1.0+/-0.4,1.0+/-0.4,1.0+/-0.4,1.0+/-0.4,1.0+/-0.4,1.0+/-0.4,1.0+/-0.4,1.0+/-0.4,1.0+/-0.4,1.0+/-0.4,1.0+/-0.4,1.0+/-0.4,1.0+/-0.4,1.0+/-0.4,1.0+/-0.4,1.0+/-0.4,1.0+/-0.4,1.0+/-0.4,1.0+/-0.4,1.0+/-0.4,1.0+/-0.4,1.0+/-0.4,1.0+/-0.4,1.0+/-0.4,1.0+/-0.4,1.0+/-0.4,1.0+/-0.4,1.0+/-0.4,1.0+/-0.4,1.0+/-0.4,1.0+/-0.4,1.0+/-0.4,1.0+/-0.4,1.0+/-0.4,1.0+/-0.4,1.0+/-0.4,1.0+/-0.4,1.0+/-0.4,1.0+/-0.4
Malawi,1321453,2087169,0.0,0.0+/-0,0.0+/-0,0.0+/-0,0.0050+/-0.0018,0.0050+/-0.0018,0.0050+/-0.0018,0.0050+/-0.0018,0.0050+/-0.0018,0.0050+/-0.0018,0.0050+/-0.0018,0.0050+/-0.0018,0.0050+/-0.0018,0.0050+/-0.0018,0.0050+/-0.0018,0.0050+/-0.0018,0.0050+/-0.0018,0.0050+/-0.0018,0.0050+/-0.0018,0.0050+/-0.0018,0.0050+/-0.0018,0.0050+/-0.0018,0.0050+/-0.0018,0.0050+/-0.0018,0.0050+/-0.0018,0.0050+/-0.0018,0.0050+/-0.0018,0.0050+/-0.0018,0.0050+/-0.0018,0.0050+/-0.0018,0.0050+/-0.0018,0.0050+/-0.0018,0.0050+/-0.0018,0.0050+/-0.0018,0.0050+/-0.0018,0.0050+/-0.0018,0.0050+/-0.0018,0.0050+/-0.0018,0.0050+/-0.0018,0.0050+/-0.0018,0.0050+/-0.0018,0.0050+/-0.0018,0.0050+/-0.0018,0.0050+/-0.0018,0.0050+/-0.0018,0.0050+/-0.0018,0.0050+/-0.0018,0.0050+/-0.0018,0.0050+/-0.0018,0.0050+/-0.0018,0.0050+/-0.0018,0.0050+/-0.0018,0.0050+/-0.0018
Malaysia,3446847,6605063,0.0,0.045+/-0.023,0.10+/-0.05,0.58+/-0.11,2.4+/-0.5,3.0+/-0.6,3.7+/-0.7,4.2+/-0.7,4.7+/-0.8,5.2+/-0.8,5.7+/-0.9,6.1+/-0.9,6.6+/-1.0,7.0+/-1.0,7.4+/-1.1,7.8+/-1.1,8.2+/-1.1,8.6+/-1.2,9.0+/-1.2,9.5+/-1.3,9.9+/-1.3,10.3+/-1.4,10.7+/-1.4,11.1+/-1.5,11.5+/-1.5,12.0+/-1.6,12.4+/-1.7,12.8+/-1.7,13.2+/-1.8,13.6+/-1.8,14.0+/-1.9,14.4+/-1.9,14.9+/-2.0,15.3+/-2.0,15.7+/-2.1,16.1+/-2.2,16.5+/-2.2,16.9+/-2.3,17.3+/-2.3,17.8+/-2.4,18.2+/-2.4,18.6+/-2.5,19.0+/-2.6,19.4+/-2.6,19.8+/-2.7,20.3+/-2.7,20.7+/-2.8,21.1+/-2.9,21.5+/-2.9,21.9+/-3.0,22.3+/-3.0,22.7+/-3.1,23.2+/-3.1
Namibia,170690,314157,0.0,0.0+/-0,0.0+/-0,0.0+/-0,0.27+/-0.10,0.27+/-0.10,0.27+/-0.10,0.27+/-0.10,0.27+/-0.10,0.27+/-0.10,0.27+/-0.10,0.27+/-0.10,0.27+/-0.10,0.27+/-0.10,0.27+/-0.10,0.27+/-0.10,0.27+/-0.10,0.27+/-0.10,0.27+/-0.10,0.27+/-0.10,0.27+/-0.10,0.27+/-0.10,0.27+/-0.10,0.27+/-0.10,0.27+/-0.10,0.27+/-0.10,0.27+/-0.10,0.27+/-0.10,0.27+/-0.10,0.27+/-0.10,0.27+/-0.10,0.27+/-0.10,0.27+/-0.10,0.27+/-0.10,0.27+/-0.10,0.27+/-0.10,0.27+/-0.10,0.27+/-0.10,0.27+/-0.10,0.27+/-0.10,0.27+/-0.10,0.27+/-0.10,0.27+/-0.10,0.27+/-0.10,0.27+/-0.10,0.27+/-0.10,0.27+/-0.10,0.27+/-0.10,0.27+/-0.10,0.27+/-0.10,0.27+/-0.10,0.27+/-0.10,0.27+/-0.10
New Caledonia,15458,30249,0.0,0.0+/-0,0.0+/-0,0.0+/-0,8.4+/-3.1,8.4+/-3.1,8.4+/-3.1,8.4+/-3.1,8.4+/-3.1,8.4+/-3.1,8.4+/-3.1,8.4+/-3.1,8.4+/-3.1,8.4+/-3.1,8.4+/-3.1,8.4+/-3.1,8.4+/-3.1,8.4+/-3.1,8.4+/-3.1,8.4+/-3.1,8.4+/-3.1,8.4+/-3.1,8.4+/-3.1,8.4+/-3.1,8.4+/-3.1,8.4+/-3.1,8.4+/-3.1,8.4+/-3.1,8.4+/-3.1,8.4+/-3.1,8.4+/-3.1,8.4+/-3.1,8.4+/-3.1,8.4+/-3.1,8.4+/-3.1,8.4+/-3.1,8.4+/-3.1,8.4+/-3.1,8.4+/-3.1,8.4+/-3.1,8.4+/-3.1,8.4+/-3.1,8.4+/-3.1,8.4+/-3.1,8.4+/-3.1,8.4+/-3.1,8.4+/-3.1,8.4+/-3.1,8.4+/-3.1,8.4+/-3.1,8.4+/-3.1,8.4+/-3.1,8.4+/-3.1
Niger,1369646,3668137,0.0,0.0+/-0,0.0+/-0,0.0+/-0,0.012+/-0.004,0.012+/-0.004,0.012+/-0.004,0.012+/-0.004,0.012+/-0.004,0.012+/-0.004,0.012+/-0.004,0.012+/-0.004,0.012+/-0.004,0.012+/-0.004,0.012+/-0.004,0.012+/-0.004,0.012+/-0.004,0.012+/-0.004,0.012+/-0.004,0.012+/-0.004,0.012+/-0.004,0.012+/-0.004,0.012+/-0.004,0.012+/-0.004,0.012+/-0.004,0.012+/-0.004,0.012+/-0.004,0.012+/-0.004,0.012+/-0.004,0.012+/-0.004,0.012+/-0.004,0.012+/-0.004,0.012+/-0.004,0.012+/-0.004,0.012+/-0.004,0.012+/-0.004,0.012+/-0.004,0.012+/-0.004,0.012+/-0.004,0.012+/-0.004,0.012+/-0.004,0.012+/-0.004,0.012+/-0.004,0.012+/-0.004,0.012+/-0.004,0.012+/-0.004,0.012+/-0.004,0.012+/-0.004,0.012+/-0.004,0.012+/-0.004,0.012+/-0.004,0.012+/-0.004,0.012+/-0.004
Nigeria,9873848,22975190,0.0,0.065+/-0.010,0.134+/-0.021,0.205+/-0.032,0.30+/-0.05,0.39+/-0.07,0.51+/-0.10,0.60+/-0.12,0.68+/-0.14,0.75+/-0.15,0.82+/-0.16,0.89+/-0.17,0.94+/-0.17,1.00+/-0.18,1.05+/-0.18,1.11+/-0.19,1.16+/-0.19,1.21+/-0.20,1.27+/-0.20,1.32+/-0.21,1.38+/-0.22,1.43+/-0.22,1.49+/-0.23,1.54+/-0.23,1.59+/-0.24,1.65+/-0.25,1.70+/-0.25,1.76+/-0.26,1.81+/-0.27,1.87+/-0.27,1.92+/-0.28,1.97+/-0.29,2.03+/-0.29,2.08+/-0.30,2.14+/-0.31,2.19+/-0.32,2.25+/-0.32,2.30+/-0.33,2.35+/-0.34,2.41+/-0.34,2.46+/-0.35,2.5+/-0.4,2.6+/-0.4,2.6+/-0.4,2.7+/-0.4,2.7+/-0.4,2.8+/-0.4,2.8+/-0.4,2.9+/-0.4,3.0+/-0.4,3.0+/-0.4,3.1+/-0.4,3.1+/-0.4
Nicaragua,536009,1234219,0.0,0.008+/-0.004,0.017+/-0.009,0.029+/-0.015,0.058+/-0.025,0.08+/-0.04,0.13+/-0.06,0.16+/-0.08,0.18+/-0.09,0.19+/-0.09,0.20+/-0.10,0.20+/-0.10,0.20+/-0.10,0.20+/-0.10,0.20+/-0.10,0.20+/-0.10,0.20+/-0.10,0.20+/-0.10,0.20+/-0.10,0.20+/-0.10,0.20+/-0.10,0.20+/-0.10,0.20+/-0.10,0.20+/-0.10,0.20+/-0.10,0.20+/-0.10,0.20+/-0.10,0.20+/-0.10,0.20+/-0.10,0.20+/-0.10,0.20+/-0.10,0.20+/-0.10,0.20+/-0.10,0.20+/-0.10,0.20+/-0.10,0.20+/-0.10,0.20+/-0.10,0.20+/-0.10,0.20+/-0.10,0.20+/-0.10,0.20+/-0.10,0.20+/-0.10,0.20+/-0.10,0.20+/-0.10,0.20+/-0.10,0.20+/-0.10,0.20+/-0.10,0.20+/-0.10,0.20+/-0.10,0.20+/-0.10,0.20+/-0.10,0.20+/-0.10,0.20+/-0.10
Netherlands,936193,2265118,0.0,0.26+/-0.14,2.8+/-0.4,5.3+/-0.8,9.4+/-1.3,12.4+/-1.9,16.3+/-2.7,19.3+/-3.3,22+/-4,25+/-4,27+/-4,30+/-5,32+/-5,34+/-5,36+/-5,38+/-6,41+/-6,43+/-6,45+/-6,47+/-7,49+/-7,51+/-7,54+/-8,56+/-8,58+/-8,60+/-8,62+/-9,65+/-9,67+/-9,69+/-10,71+/-10,73+/-10,76+/-11,78+/-11,80+/-11,82+/-11,84+/-12,86+/-12,89+/-12,91+/-13,93+/-13,95+/-13,97+/-14,100+/-14,102+/-14,104+/-15,106+/-15,108+/-15,110+/-16,113+/-16,115+/-16,117+/-16,119+/-17
Norway,332109,758065,0.0,1.06+/-0.16,2.16+/-0.33,3.3+/-0.5,4.6+/-0.7,6.0+/-1.0,8.0+/-1.6,9.5+/-1.9,10.7+/-2.1,11.9+/-2.3,13.0+/-2.5,14.0+/-2.6,14.9+/-2.7,15.8+/-2.8,16.7+/-2.9,17.6+/-3.0,18.5+/-3.0,19.4+/-3.1,20.3+/-3.2,21.2+/-3.3,22.1+/-3.4,23.0+/-3.5,24+/-4,25+/-4,26+/-4,27+/-4,27+/-4,28+/-4,29+/-4,30+/-4,31+/-5,32+/-5,33+/-5,34+/-5,35+/-5,35+/-5,36+/-5,37+/-5,38+/-5,39+/-6,40+/-6,41+/-6,42+/-6,43+/-6,43+/-6,44+/-6,45+/-6,46+/-7,47+/-7,48+/-7,49+/-7,50+/-7,51+/-7
Nepal,1179238,2718261,0.0,0.0028+/-0.0015,0.0063+/-0.0033,0.011+/-0.006,0.022+/-0.009,0.032+/-0.014,0.050+/-0.023,0.059+/-0.028,0.065+/-0.031,0.070+/-0.034,0.07+/-0.04,0.08+/-0.04,0.08+/-0.04,0.08+/-0.04,0.08+/-0.04,0.08+/-0.04,0.08+/-0.04,0.08+/-0.04,0.08+/-0.04,0.08+/-0.04,0.08+/-0.04,0.08+/-0.04,0.08+/-0.04,0.08+/-0.04,0.08+/-0.04,0.08+/-0.04,0.08+/-0.04,0.08+/-0.04,0.08+/-0.04,0.08+/-0.04,0.08+/-0.04,0.08+/-0.04,0.08+/-0.04,0.08+/-0.04,0.08+/-0.04,0.08+/-0.04,0.08+/-0.04,0.08+/-0.04,0.08+/-0.04,0.08+/-0.04,0.08+/-0.04,0.08+/-0.04,0.08+/-0.04,0.08+/-0.04,0.08+/-0.04,0.08+/-0.04,0.08+/-0.04,0.08+/-0.04,0.08+/-0.04,0.08+/-0.04,0.08+/-0.04,0.08+/-0.04,0.08+/-0.04
Nauru,681,1078,0.0,0.0+/-0,0.0+/-0,0.0+/-0,9.7+/-3.4,9.7+/-3.4,9.7+/-3.4,9.7+/-3.4,9.7+/-3.4,9.7+/-3.4,9.7+/-3.4,9.7+/-3.4,9.7+/-3.4,9.7+/-3.4,9.7+/-3.4,9.7+/-3.4,9.7+/-3.4,9.7+/-3.4,9.7+/-3.4,9.7+/-3.4,9.7+/-3.4,9.7+/-3.4,9.7+/-3.4,9.7+/-3.4,9.7+/-3.4,9.7+/-3.4,9.7+/-3.4,9.7+/-3.4,9.7+/-3.4,9.7+/-3.4,9.7+/-3.4,9.7+/-3.4,9.7+/-3.4,9.7+/-3.4,9.7+/-3.4,9.7+/-3.4,9.7+/-3.4,9.7+/-3.4,9.7+/-3.4,9.7+/-3.4,9.7+/-3.4,9.7+/-3.4,9.7+/-3.4,9.7+/-3.4,9.7+/-3.4,9.7+/-3.4,9.7+/-3.4,9.7+/-3.4,9.7+/-3.4,9.7+/-3.4,9.7+/-3.4,9.7+/-3.4,9.7+/-3.4
New Zealand,252872,573858,0.0,0.18+/-0.09,0.40+/-0.21,0.66+/-0.35,2.1+/-0.7,3.9+/-1.0,6.2+/-1.5,8.0+/-1.9,9.6+/-2.1,11.1+/-2.3,12.5+/-2.5,13.9+/-2.7,15.1+/-2.7,16.3+/-2.8,17.5+/-2.9,18.7+/-3.1,19.9+/-3.2,21.1+/-3.3,22.4+/-3.4,23.6+/-3.5,25+/-4,26+/-4,27+/-4,28+/-4,30+/-4,31+/-4,32+/-5,33+/-5,34+/-5,36+/-5,37+/-5,38+/-5,39+/-6,40+/-6,42+/-6,43+/-6,44+/-6,45+/-6,47+/-6,48+/-7,49+/-7,50+/-7,51+/-7,53+/-7,54+/-7,55+/-8,56+/-8,57+/-8,59+/-8,60+/-8,61+/-9,62+/-9,63+/-9
Oman,253441,622433,0.0,0.27+/-0.05,0.56+/-0.11,0.87+/-0.17,1.26+/-0.26,1.7+/-0.4,2.4+/-0.6,2.8+/-0.8,3.2+/-0.9,3.5+/-0.9,3.8+/-1.0,4.1+/-1.0,4.3+/-1.0,4.4+/-1.1,4.6+/-1.1,4.8+/-1.1,5.0+/-1.1,5.2+/-1.1,5.4+/-1.1,5.6+/-1.1,5.8+/-1.1,6.0+/-1.2,6.2+/-1.2,6.4+/-1.2,6.6+/-1.2,6.8+/-1.2,7.0+/-1.2,7.2+/-1.3,7.4+/-1.3,7.6+/-1.3,7.8+/-1.3,8.0+/-1.3,8.2+/-1.3,8.4+/-1.4,8.6+/-1.4,8.8+/-1.4,9.0+/-1.4,9.1+/-1.4,9.3+/-1.5,9.5+/-1.5,9.7+/-1.5,9.9+/-1.5,10.1+/-1.6,10.3+/-1.6,10.5+/-1.6,10.7+/-1.6,10.9+/-1.6,11.1+/-1.7,11.3+/-1.7,11.5+/-1.7,11.7+/-1.7,11.9+/-1.8,12.1+/-1.8
Pakistan,20947913,32933800,0.0,0.0034+/-0.0018,0.008+/-0.004,0.013+/-0.007,0.15+/-0.05,0.19+/-0.05,0.24+/-0.06,0.28+/-0.06,0.32+/-0.07,0.35+/-0.07,0.39+/-0.07,0.42+/-0.07,0.45+/-0.08,0.48+/-0.08,0.51+/-0.08,0.53+/-0.08,0.56+/-0.08,0.59+/-0.09,0.62+/-0.09,0.65+/-0.09,0.68+/-0.10,0.71+/-0.10,0.74+/-0.10,0.76+/-0.10,0.79+/-0.11,0.82+/-0.11,0.85+/-0.11,0.88+/-0.12,0.91+/-0.12,0.94+/-0.13,0.96+/-0.13,0.99+/-0.13,1.02+/-0.14,1.05+/-0.14,1.08+/-0.14,1.11+/-0.15,1.14+/-0.15,1.17+/-0.15,1.19+/-0.16,1.22+/-0.16,1.25+/-0.17,1.28+/-0.17,1.31+/-0.17,1.34+/-0.18,1.37+/-0.18,1.39+/-0.19,1.42+/-0.19,1.45+/-0.19,1.48+/-0.20,1.51+/-0.20,1.54+/-0.21,1.57+/-0.21,1.60+/-0.21
Panama,324513,568733,0.0,0.024+/-0.012,0.053+/-0.028,0.09+/-0.05,0.16+/-0.07,0.24+/-0.11,0.39+/-0.19,0.61+/-0.24,0.81+/-0.27,0.99+/-0.29,1.17+/-0.31,1.34+/-0.33,1.48+/-0.33,1.63+/-0.34,1.78+/-0.35,1.9+/-0.4,2.1+/-0.4,2.2+/-0.4,2.4+/-0.4,2.5+/-0.4,2.6+/-0.4,2.8+/-0.4,2.9+/-0.5,3.1+/-0.5,3.2+/-0.5,3.4+/-0.5,3.5+/-0.5,3.7+/-0.5,3.8+/-0.6,4.0+/-0.6,4.1+/-0.6,4.3+/-0.6,4.4+/-0.6,4.5+/-0.7,4.7+/-0.7,4.8+/-0.7,5.0+/-0.7,5.1+/-0.7,5.3+/-0.8,5.4+/-0.8,5.6+/-0.8,5.7+/-0.8,5.9+/-0.8,6.0+/-0.9,6.1+/-0.9,6.3+/-0.9,6.4+/-0.9,6.6+/-0.9,6.7+/-1.0,6.9+/-1.0,7.0+/-1.0,7.2+/-1.0,7.3+/-1.0
Peru,3253926,6945050,0.0,0.018+/-0.009,0.040+/-0.021,0.066+/-0.035,0.11+/-0.06,0.16+/-0.09,0.41+/-0.15,0.59+/-0.18,0.76+/-0.20,0.92+/-0.22,1.07+/-0.24,1.21+/-0.26,1.34+/-0.27,1.47+/-0.28,1.60+/-0.29,1.73+/-0.30,1.86+/-0.31,1.99+/-0.32,2.11+/-0.34,2.24+/-0.35,2.4+/-0.4,2.5+/-0.4,2.6+/-0.4,2.8+/-0.4,2.9+/-0.4,3.0+/-0.4,3.1+/-0.5,3.3+/-0.5,3.4+/-0.5,3.5+/-0.5,3.7+/-0.5,3.8+/-0.5,3.9+/-0.6,4.0+/-0.6,4.2+/-0.6,4.3+/-0.6,4.4+/-0.6,4.6+/-0.6,4.7+/-0.7,4.8+/-0.7,4.9+/-0.7,5.1+/-0.7,5.2+/-0.7,5.3+/-0.8,5.5+/-0.8,5.6+/-0.8,5.7+/-0.8,5.8+/-0.8,6.0+/-0.8,6.1+/-0.9,6.2+/-0.9,6.4+/-0.9,6.5+/-0.9
Philippines,8351425,16670452,0.0,0.015+/-0.008,0.033+/-0.017,0.055+/-0.029,0.60+/-0.20,0.76+/-0.20,0.96+/-0.23,1.12+/-0.24,1.27+/-0.26,1.40+/-0.27,1.53+/-0.28,1.65+/-0.29,1.77+/-0.30,1.88+/-0.31,1.99+/-0.32,2.10+/-0.33,2.21+/-0.33,2.32+/-0.34,2.43+/-0.35,2.5+/-0.4,2.7+/-0.4,2.8+/-0.4,2.9+/-0.4,3.0+/-0.4,3.1+/-0.4,3.2+/-0.4,3.3+/-0.5,3.4+/-0.5,3.5+/-0.5,3.7+/-0.5,3.8+/-0.5,3.9+/-0.5,4.0+/-0.5,4.1+/-0.5,4.2+/-0.6,4.3+/-0.6,4.4+/-0.6,4.5+/-0.6,4.6+/-0.6,4.8+/-0.6,4.9+/-0.6,5.0+/-0.7,5.1+/-0.7,5.2+/-0.7,5.3+/-0.7,5.4+/-0.7,5.5+/-0.7,5.6+/-0.8,5.8+/-0.8,5.9+/-0.8,6.0+/-0.8,6.1+/-0.8,6.2+/-0.8
Palau,729,1727,0.0,0.0+/-0,0.0+/-0,0.0+/-0,9.0+/-3.2,9.0+/-3.2,9.0+/-3.2,9.0+/-3.2,9.0+/-3.2,9.0+/-3.2,9.0+/-3.2,9.0+/-3.2,9.0+/-3.2,9.0+/-3.2,9.0+/-3.2,9.0+/-3.2,9.0+/-3.2,9.0+/-3.2,9.0+/-3.2,9.0+/-3.2,9.0+/-3.2,9.0+/-3.2,9.0+/-3.2,9.0+/-3.2,9.0+/-3.2,9.0+/-3.2,9.0+/-3.2,9.0+/-3.2,9.0+/-3.2,9.0+/-3.2,9.0+/-3.2,9.0+/-3.2,9.0+/-3.2,9.0+/-3.2,9.0+/-3.2,9.0+/-3.2,9.0+/-3.2,9.0+/-3.2,9.0+/-3.2,9.0+/-3.2,9.0+/-3.2,9.0+/-3.2,9.0+/-3.2,9.0+/-3.2,9.0+/-3.2,9.0+/-3.2,9.0+/-3.2,9.0+/-3.2,9.0+/-3.2,9.0+/-3.2,9.0+/-3.2,9.0+/-3.2,9.0+/-3.2
Papua New Guinea,648504,1326936,0.0,0.0+/-0,0.0+/-0,0.0+/-0,0.010+/-0.004,0.010+/-0.004,0.010+/-0.004,0.010+/-0.004,0.010+/-0.004,0.010+/-0.004,0.010+/-0.004,0.010+/-0.004,0.010+/-0.004,0.010+/-0.004,0.010+/-0.004,0.010+/-0.004,0.010+/-0.004,0.010+/-0.004,0.010+/-0.004,0.010+/-0.004,0.010+/-0.004,0.010+/-0.004,0.010+/-0.004,0.010+/-0.004,0.010+/-0.004,0.010+/-0.004,0.010+/-0.004,0.010+/-0.004,0.010+/-0.004,0.010+/-0.004,0.010+/-0.004,0.010+/-0.004,0.010+/-0.004,0.010+/-0.004,0.010+/-0.004,0.010+/-0.004,0.010+/-0.004,0.010+/-0.004,0.010+/-0.004,0.010+/-0.004,0.010+/-0.004,0.010+/-0.004,0.010+/-0.004,0.010+/-0.004,0.010+/-0.004,0.010+/-0.004,0.010+/-0.004,0.010+/-0.004,0.010+/-0.004,0.010+/-0.004,0.010+/-0.004,0.010+/-0.004,0.010+/-0.004
Poland,2136296,4218860,0.0,0.12+/-0.06,0.27+/-0.14,0.45+/-0.24,5.1+/-1.7,6.3+/-1.7,7.9+/-1.9,9.1+/-2.1,10.2+/-2.2,11.2+/-2.3,12.2+/-2.3,13.1+/-2.4,14.0+/-2.5,14.8+/-2.5,15.6+/-2.6,16.4+/-2.6,17.3+/-2.7,18.1+/-2.8,18.9+/-2.8,19.7+/-2.9,20.5+/-3.0,21.4+/-3.1,22.2+/-3.1,23.0+/-3.2,23.8+/-3.3,24.7+/-3.4,25.5+/-3.5,26+/-4,27+/-4,28+/-4,29+/-4,30+/-4,30+/-4,31+/-4,32+/-4,33+/-4,34+/-4,35+/-5,35+/-5,36+/-5,37+/-5,38+/-5,39+/-5,39+/-5,40+/-5,41+/-5,42+/-6,43+/-6,44+/-6,44+/-6,45+/-6,46+/-6,47+/-6
Puerto Rico,126430,272700,0.0,0.0+/-0,0.0+/-0,0.0+/-0,0.052+/-0.018,0.052+/-0.018,0.052+/-0.018,0.052+/-0.018,0.052+/-0.018,0.052+/-0.018,0.052+/-0.018,0.052+/-0.018,0.052+/-0.018,0.052+/-0.018,0.052+/-0.018,0.052+/-0.018,0.052+/-0.018,0.052+/-0.018,0.052+/-0.018,0.052+/-0.018,0.052+/-0.018,0.052+/-0.018,0.052+/-0.018,0.052+/-0.018,0.052+/-0.018,0.052+/-0.018,0.052+/-0.018,0.052+/-0.018,0.052+/-0.018,0.052+/-0.018,0.052+/-0.018,0.052+/-0.018,0.052+/-0.018,0.052+/-0.018,0.052+/-0.018,0.052+/-0.018,0.052+/-0.018,0.052+/-0.018,0.052+/-0.018,0.052+/-0.018,0.052+/-0.018,0.052+/-0.018,0.052+/-0.018,0.052+/-0.018,0.052+/-0.018,0.052+/-0.018,0.052+/-0.018,0.052+/-0.018,0.052+/-0.018,0.052+/-0.018,0.052+/-0.018,0.052+/-0.018,0.052+/-0.018
North Korea,3487912,6036101,0.0,0.0+/-0,0.0+/-0,0.0+/-0,0.31+/-0.12,0.31+/-0.12,0.31+/-0.12,0.31+/-0.12,0.31+/-0.12,0.31+/-0.12,0.31+/-0.12,0.31+/-0.12,0.31+/-0.12,0.31+/-0.12,0.31+/-0.12,0.31+/-0.12,0.31+/-0.12,0.31+/-0.12,0.31+/-0.12,0.31+/-0.12,0.31+/-0.12,0.31+/-0.12,0.31+/-0.12,0.31+/-0.12,0.31+/-0.12,0.31+/-0.12,0.31+/-0.12,0.31+/-0.12,0.31+/-0.12,0.31+/-0.12,0.31+/-0.12,0.31+/-0.12,0.31+/-0.12,0.31+/-0.12,0.31+/-0.12,0.31+/-0.12,0.31+/-0.12,0.31+/-0.12,0.31+/-0.12,0.31+/-0.12,0.31+/-0.12,0.31+/-0.12,0.31+/-0.12,0.31+/-0.12,0.31+/-0.12,0.31+/-0.12,0.31+/-0.12,0.31+/-0.12,0.31+/-0.12,0.31+/-0.12,0.31+/-0.12,0.31+/-0.12,0.31+/-0.12
Portugal,509691,1201965,0.0,0.13+/-0.07,0.30+/-0.15,0.49+/-0.26,1.8+/-0.4,3.2+/-0.7,5.0+/-1.2,6.4+/-1.4,7.7+/-1.6,8.9+/-1.8,10.0+/-1.9,11.2+/-2.1,12.1+/-2.2,13.1+/-2.2,14.1+/-2.3,15.1+/-2.4,16.1+/-2.5,17.0+/-2.7,18.0+/-2.8,19.0+/-2.9,20.0+/-3.0,21.0+/-3.1,22.0+/-3.2,22.9+/-3.4,23.9+/-3.5,25+/-4,26+/-4,27+/-4,28+/-4,29+/-4,30+/-4,31+/-4,32+/-5,33+/-5,34+/-5,35+/-5,36+/-5,37+/-5,38+/-5,39+/-5,40+/-6,41+/-6,42+/-6,43+/-6,44+/-6,45+/-6,46+/-6,47+/-7,48+/-7,48+/-7,49+/-7,50+/-7,51+/-7
Paraguay,571312,1210937,0.0,0.025+/-0.013,0.057+/-0.030,0.09+/-0.05,0.16+/-0.08,0.24+/-0.12,0.41+/-0.21,0.49+/-0.25,0.70+/-0.28,0.89+/-0.30,1.07+/-0.32,1.25+/-0.34,1.40+/-0.35,1.5+/-0.4,1.7+/-0.4,1.9+/-0.4,2.0+/-0.4,2.2+/-0.4,2.3+/-0.4,2.5+/-0.4,2.6+/-0.4,2.8+/-0.5,2.9+/-0.5,3.1+/-0.5,3.2+/-0.5,3.4+/-0.5,3.5+/-0.5,3.7+/-0.6,3.8+/-0.6,4.0+/-0.6,4.1+/-0.6,4.3+/-0.6,4.4+/-0.6,4.6+/-0.7,4.7+/-0.7,4.9+/-0.7,5.0+/-0.7,5.2+/-0.7,5.3+/-0.8,5.5+/-0.8,5.6+/-0.8,5.8+/-0.8,5.9+/-0.8,6.1+/-0.9,6.2+/-0.9,6.4+/-0.9,6.5+/-0.9,6.7+/-1.0,6.8+/-1.0,7.0+/-1.0,7.2+/-1.0,7.3+/-1.0,7.5+/-1.1
Palestine,0,0,0,0,0,0,0,0,0,0,0,0,0,0,0,0,0,0,0,0,0,0,0,0,0,0,0,0,0,0,0,0,0,0,0,0,0,0,0,0,0,0,0,0,0,0,0,0,0,0,0,0,0,0,0
French Polynesia,14042,27478,0.0,0.0+/-0,0.0+/-0,0.0+/-0,0.47+/-0.17,0.47+/-0.17,0.47+/-0.17,0.47+/-0.17,0.47+/-0.17,0.47+/-0.17,0.47+/-0.17,0.47+/-0.17,0.47+/-0.17,0.47+/-0.17,0.47+/-0.17,0.47+/-0.17,0.47+/-0.17,0.47+/-0.17,0.47+/-0.17,0.47+/-0.17,0.47+/-0.17,0.47+/-0.17,0.47+/-0.17,0.47+/-0.17,0.47+/-0.17,0.47+/-0.17,0.47+/-0.17,0.47+/-0.17,0.47+/-0.17,0.47+/-0.17,0.47+/-0.17,0.47+/-0.17,0.47+/-0.17,0.47+/-0.17,0.47+/-0.17,0.47+/-0.17,0.47+/-0.17,0.47+/-0.17,0.47+/-0.17,0.47+/-0.17,0.47+/-0.17,0.47+/-0.17,0.47+/-0.17,0.47+/-0.17,0.47+/-0.17,0.47+/-0.17,0.47+/-0.17,0.47+/-0.17,0.47+/-0.17,0.47+/-0.17,0.47+/-0.17,0.47+/-0.17,0.47+/-0.17
Qatar,198998,488725,0.0,0.18+/-0.09,0.40+/-0.21,0.67+/-0.35,1.1+/-0.6,2.9+/-0.9,5.3+/-1.5,7.2+/-1.9,8.8+/-2.1,10.3+/-2.3,11.8+/-2.5,13.2+/-2.7,14.4+/-2.8,15.7+/-2.9,16.9+/-3.0,18.1+/-3.1,19.4+/-3.2,20.6+/-3.3,21.8+/-3.5,23+/-4,24+/-4,26+/-4,27+/-4,28+/-4,29+/-4,31+/-4,32+/-5,33+/-5,34+/-5,35+/-5,37+/-5,38+/-5,39+/-6,40+/-6,42+/-6,43+/-6,44+/-6,45+/-6,47+/-7,48+/-7,49+/-7,50+/-7,52+/-7,53+/-7,54+/-8,55+/-8,57+/-8,58+/-8,59+/-8,60+/-9,61+/-9,63+/-9,64+/-9
Romania,1342392,2534890,0.0,0.058+/-0.031,0.13+/-0.07,0.22+/-0.11,0.92+/-0.28,1.11+/-0.35,1.9+/-0.5,2.5+/-0.6,3.0+/-0.7,3.5+/-0.8,4.0+/-0.8,4.4+/-0.9,4.8+/-0.9,5.2+/-0.9,5.6+/-1.0,6.0+/-1.0,6.4+/-1.0,6.8+/-1.1,7.2+/-1.1,7.6+/-1.1,8.0+/-1.2,8.4+/-1.2,8.8+/-1.3,9.2+/-1.3,9.6+/-1.4,10.0+/-1.4,10.4+/-1.5,10.9+/-1.5,11.3+/-1.6,11.7+/-1.6,12.1+/-1.7,12.5+/-1.7,12.9+/-1.8,13.3+/-1.8,13.7+/-1.9,14.1+/-1.9,14.5+/-2.0,14.9+/-2.0,15.3+/-2.1,15.7+/-2.2,16.1+/-2.2,16.5+/-2.3,16.9+/-2.3,17.3+/-2.4,17.7+/-2.4,18.1+/-2.5,18.5+/-2.5,18.9+/-2.6,19.3+/-2.7,19.7+/-2.7,20.1+/-2.8,20.5+/-2.8,20.9+/-2.9
Russia,10267146,20237465,0.0,0.045+/-0.023,0.10+/-0.05,0.17+/-0.09,1.5+/-0.5,1.6+/-0.5,2.2+/-0.6,2.7+/-0.6,3.1+/-0.7,3.4+/-0.7,3.8+/-0.8,4.1+/-0.8,4.4+/-0.8,4.7+/-0.8,5.0+/-0.8,5.3+/-0.9,5.6+/-0.9,5.9+/-0.9,6.2+/-0.9,6.5+/-1.0,6.8+/-1.0,7.1+/-1.0,7.4+/-1.0,7.7+/-1.1,8.0+/-1.1,8.3+/-1.1,8.5+/-1.2,8.8+/-1.2,9.1+/-1.2,9.4+/-1.3,9.7+/-1.3,10.0+/-1.4,10.3+/-1.4,10.6+/-1.4,10.9+/-1.5,11.2+/-1.5,11.5+/-1.5,11.8+/-1.6,12.1+/-1.6,12.4+/-1.7,12.7+/-1.7,13.0+/-1.7,13.3+/-1.8,13.6+/-1.8,13.9+/-1.9,14.2+/-1.9,14.5+/-1.9,14.8+/-2.0,15.1+/-2.0,15.4+/-2.1,15.6+/-2.1,15.9+/-2.1,16.2+/-2.2
Rwanda,1031358,2065182,0.0,0.0+/-0,0.0+/-0,0.0+/-0,0.0064+/-0.0023,0.0064+/-0.0023,0.0064+/-0.0023,0.0064+/-0.0023,0.0064+/-0.0023,0.0064+/-0.0023,0.0064+/-0.0023,0.0064+/-0.0023,0.0064+/-0.0023,0.0064+/-0.0023,0.0064+/-0.0023,0.0064+/-0.0023,0.0064+/-0.0023,0.0064+/-0.0023,0.0064+/-0.0023,0.0064+/-0.0023,0.0064+/-0.0023,0.0064+/-0.0023,0.0064+/-0.0023,0.0064+/-0.0023,0.0064+/-0.0023,0.0064+/-0.0023,0.0064+/-0.0023,0.0064+/-0.0023,0.0064+/-0.0023,0.0064+/-0.0023,0.0064+/-0.0023,0.0064+/-0.0023,0.0064+/-0.0023,0.0064+/-0.0023,0.0064+/-0.0023,0.0064+/-0.0023,0.0064+/-0.0023,0.0064+/-0.0023,0.0064+/-0.0023,0.0064+/-0.0023,0.0064+/-0.0023,0.0064+/-0.0023,0.0064+/-0.0023,0.0064+/-0.0023,0.0064+/-0.0023,0.0064+/-0.0023,0.0064+/-0.0023,0.0064+/-0.0023,0.0064+/-0.0023,0.0064+/-0.0023,0.0064+/-0.0023,0.0064+/-0.0023,0.0064+/-0.0023
Saudi Arabia,1614516,3965130,0.0,0.19+/-0.10,0.43+/-0.22,0.7+/-0.4,1.1+/-0.6,3.1+/-0.9,5.6+/-1.6,7.6+/-2.0,9.4+/-2.2,11.0+/-2.5,12.5+/-2.6,14.1+/-2.8,15.4+/-2.9,16.7+/-3.0,18.1+/-3.2,19.4+/-3.3,20.7+/-3.4,22+/-4,23+/-4,25+/-4,26+/-4,27+/-4,29+/-4,30+/-4,31+/-5,33+/-5,34+/-5,35+/-5,37+/-5,38+/-5,39+/-6,41+/-6,42+/-6,43+/-6,45+/-6,46+/-7,47+/-7,49+/-7,50+/-7,51+/-7,53+/-7,54+/-8,55+/-8,57+/-8,58+/-8,59+/-8,61+/-9,62+/-9,63+/-9,65+/-9,66+/-9,67+/-10,69+/-10
Sudan,1705080,3923270,0.0,0.0+/-0,0.0+/-0,0.0+/-0,0.0039+/-0.0014,0.0039+/-0.0014,0.0039+/-0.0014,0.0039+/-0.0014,0.0039+/-0.0014,0.0039+/-0.0014,0.0039+/-0.0014,0.0039+/-0.0014,0.0039+/-0.0014,0.0039+/-0.0014,0.0039+/-0.0014,0.0039+/-0.0014,0.0039+/-0.0014,0.0039+/-0.0014,0.0039+/-0.0014,0.0039+/-0.0014,0.0039+/-0.0014,0.0039+/-0.0014,0.0039+/-0.0014,0.0039+/-0.0014,0.0039+/-0.0014,0.0039+/-0.0014,0.0039+/-0.0014,0.0039+/-0.0014,0.0039+/-0.0014,0.0039+/-0.0014,0.0039+/-0.0014,0.0039+/-0.0014,0.0039+/-0.0014,0.0039+/-0.0014,0.0039+/-0.0014,0.0039+/-0.0014,0.0039+/-0.0014,0.0039+/-0.0014,0.0039+/-0.0014,0.0039+/-0.0014,0.0039+/-0.0014,0.0039+/-0.0014,0.0039+/-0.0014,0.0039+/-0.0014,0.0039+/-0.0014,0.0039+/-0.0014,0.0039+/-0.0014,0.0039+/-0.0014,0.0039+/-0.0014,0.0039+/-0.0014,0.0039+/-0.0014,0.0039+/-0.0014,0.0039+/-0.0014
Senegal,947241,2289745,0.0,0.0+/-0,0.0+/-0,0.0+/-0,0.062+/-0.023,0.062+/-0.023,0.062+/-0.023,0.062+/-0.023,0.062+/-0.023,0.062+/-0.023,0.062+/-0.023,0.062+/-0.023,0.062+/-0.023,0.062+/-0.023,0.062+/-0.023,0.062+/-0.023,0.062+/-0.023,0.062+/-0.023,0.062+/-0.023,0.062+/-0.023,0.062+/-0.023,0.062+/-0.023,0.062+/-0.023,0.062+/-0.023,0.062+/-0.023,0.062+/-0.023,0.062+/-0.023,0.062+/-0.023,0.062+/-0.023,0.062+/-0.023,0.062+/-0.023,0.062+/-0.023,0.062+/-0.023,0.062+/-0.023,0.062+/-0.023,0.062+/-0.023,0.062+/-0.023,0.062+/-0.023,0.062+/-0.023,0.062+/-0.023,0.062+/-0.023,0.062+/-0.023,0.062+/-0.023,0.062+/-0.023,0.062+/-0.023,0.062+/-0.023,0.062+/-0.023,0.062+/-0.023,0.062+/-0.023,0.062+/-0.023,0.062+/-0.023,0.062+/-0.023,0.062+/-0.023
Singapore,57346,137295,0.0,3.5+/-1.8,8+/-4,13+/-7,21+/-11,53+/-17,95+/-29,(1.3+/-0.4)e+02,(1.6+/-0.4)e+02,(1.8+/-0.4)e+02,(2.1+/-0.5)e+02,(2.3+/-0.5)e+02,(2.5+/-0.5)e+02,(2.7+/-0.5)e+02,(2.9+/-0.5)e+02,(3.1+/-0.6)e+02,(3.3+/-0.6)e+02,(3.5+/-0.6)e+02,(3.7+/-0.6)e+02,(3.9+/-0.6)e+02,(4.1+/-0.7)e+02,(4.3+/-0.7)e+02,(4.5+/-0.7)e+02,(4.7+/-0.7)e+02,(4.9+/-0.7)e+02,(5.1+/-0.8)e+02,(5.3+/-0.8)e+02,(5.5+/-0.8)e+02,(5.7+/-0.8)e+02,(5.9+/-0.9)e+02,(6.1+/-0.9)e+02,(6.4+/-0.9)e+02,(6.6+/-1.0)e+02,(6.8+/-1.0)e+02,(7.0+/-1.0)e+02,(7.2+/-1.0)e+02,(7.4+/-1.1)e+02,(7.6+/-1.1)e+02,(7.8+/-1.1)e+02,(8.0+/-1.1)e+02,(8.2+/-1.2)e+02,(8.4+/-1.2)e+02,(8.6+/-1.2)e+02,(8.8+/-1.3)e+02,(9.0+/-1.3)e+02,(9.2+/-1.3)e+02,(9.4+/-1.3)e+02,(9.6+/-1.4)e+02,(9.8+/-1.4)e+02,(1.00+/-0.14)e+03,(1.02+/-0.14)e+03,(1.04+/-0.15)e+03,(1.06+/-0.15)e+03
Solomon Islands,72004,135085,0.0,0.0+/-0,0.0+/-0,0.0+/-0,0.092+/-0.032,0.092+/-0.032,0.092+/-0.032,0.092+/-0.032,0.092+/-0.032,0.092+/-0.032,0.092+/-0.032,0.092+/-0.032,0.092+/-0.032,0.092+/-0.032,0.092+/-0.032,0.092+/-0.032,0.092+/-0.032,0.092+/-0.032,0.092+/-0.032,0.092+/-0.032,0.092+/-0.032,0.092+/-0.032,0.092+/-0.032,0.092+/-0.032,0.092+/-0.032,0.092+/-0.032,0.092+/-0.032,0.092+/-0.032,0.092+/-0.032,0.092+/-0.032,0.092+/-0.032,0.092+/-0.032,0.092+/-0.032,0.092+/-0.032,0.092+/-0.032,0.092+/-0.032,0.092+/-0.032,0.092+/-0.032,0.092+/-0.032,0.092+/-0.032,0.092+/-0.032,0.092+/-0.032,0.092+/-0.032,0.092+/-0.032,0.092+/-0.032,0.092+/-0.032,0.092+/-0.032,0.092+/-0.032,0.092+/-0.032,0.092+/-0.032,0.092+/-0.032,0.092+/-0.032,0.092+/-0.032
Sierra Leone,484391,1146415,0.0,0.0+/-0,0.0+/-0,0.0+/-0,0.014+/-0.005,0.014+/-0.005,0.014+/-0.005,0.014+/-0.005,0.014+/-0.005,0.014+/-0.005,0.014+/-0.005,0.014+/-0.005,0.014+/-0.005,0.014+/-0.005,0.014+/-0.005,0.014+/-0.005,0.014+/-0.005,0.014+/-0.005,0.014+/-0.005,0.014+/-0.005,0.014+/-0.005,0.014+/-0.005,0.014+/-0.005,0.014+/-0.005,0.014+/-0.005,0.014+/-0.005,0.014+/-0.005,0.014+/-0.005,0.014+/-0.005,0.014+/-0.005,0.014+/-0.005,0.014+/-0.005,0.014+/-0.005,0.014+/-0.005,0.014+/-0.005,0.014+/-0.005,0.014+/-0.005,0.014+/-0.005,0.014+/-0.005,0.014+/-0.005,0.014+/-0.005,0.014+/-0.005,0.014+/-0.005,0.014+/-0.005,0.014+/-0.005,0.014+/-0.005,0.014+/-0.005,0.014+/-0.005,0.014+/-0.005,0.014+/-0.005,0.014+/-0.005,0.014+/-0.005,0.014+/-0.005
El Salvador,402590,1004519,0.0,0.132+/-0.020,0.27+/-0.04,0.41+/-0.06,0.59+/-0.09,0.77+/-0.13,1.01+/-0.20,1.19+/-0.24,1.35+/-0.27,1.49+/-0.29,1.63+/-0.31,1.76+/-0.33,1.87+/-0.34,1.98+/-0.35,2.1+/-0.4,2.2+/-0.4,2.3+/-0.4,2.4+/-0.4,2.5+/-0.4,2.7+/-0.4,2.8+/-0.4,2.9+/-0.4,3.0+/-0.5,3.1+/-0.5,3.2+/-0.5,3.3+/-0.5,3.4+/-0.5,3.5+/-0.5,3.7+/-0.5,3.8+/-0.5,3.9+/-0.6,4.0+/-0.6,4.1+/-0.6,4.2+/-0.6,4.3+/-0.6,4.4+/-0.6,4.5+/-0.7,4.7+/-0.7,4.8+/-0.7,4.9+/-0.7,5.0+/-0.7,5.1+/-0.7,5.2+/-0.7,5.3+/-0.8,5.4+/-0.8,5.6+/-0.8,5.7+/-0.8,5.8+/-0.8,5.9+/-0.8,6.0+/-0.8,6.1+/-0.9,6.2+/-0.9,6.3+/-0.9
San Marino,1188,3282,0.0,1.0+/-0.5,2.3+/-1.2,3.8+/-2.0,12+/-4,15+/-5,22+/-9,25+/-10,27+/-12,29+/-12,30+/-13,31+/-14,31+/-14,31+/-14,31+/-14,31+/-14,31+/-14,31+/-14,31+/-14,31+/-14,31+/-14,31+/-14,31+/-14,31+/-14,31+/-14,31+/-14,31+/-14,31+/-14,31+/-14,31+/-14,31+/-14,31+/-14,31+/-14,31+/-14,31+/-14,31+/-14,31+/-14,31+/-14,31+/-14,31+/-14,31+/-14,31+/-14,31+/-14,31+/-14,31+/-14,31+/-14,31+/-14,31+/-14,31+/-14,31+/-14,31+/-14,31+/-14,31+/-14
Somalia,408227,897206,0.0,0.0+/-0,0.0+/-0,0.0+/-0,0.016+/-0.006,0.016+/-0.006,0.016+/-0.006,0.016+/-0.006,0.016+/-0.006,0.016+/-0.006,0.016+/-0.006,0.016+/-0.006,0.016+/-0.006,0.016+/-0.006,0.016+/-0.006,0.016+/-0.006,0.016+/-0.006,0.016+/-0.006,0.016+/-0.006,0.016+/-0.006,0.016+/-0.006,0.016+/-0.006,0.016+/-0.006,0.016+/-0.006,0.016+/-0.006,0.016+/-0.006,0.016+/-0.006,0.016+/-0.006,0.016+/-0.006,0.016+/-0.006,0.016+/-0.006,0.016+/-0.006,0.016+/-0.006,0.016+/-0.006,0.016+/-0.006,0.016+/-0.006,0.016+/-0.006,0.016+/-0.006,0.016+/-0.006,0.016+/-0.006,0.016+/-0.006,0.016+/-0.006,0.016+/-0.006,0.016+/-0.006,0.016+/-0.006,0.016+/-0.006,0.016+/-0.006,0.016+/-0.006,0.016+/-0.006,0.016+/-0.006,0.016+/-0.006,0.016+/-0.006,0.016+/-0.006
Serbia,496947,893061,0.0,0.26+/-0.04,0.53+/-0.08,0.81+/-0.12,4.4+/-1.2,4.7+/-1.2,5.2+/-1.3,5.5+/-1.3,5.8+/-1.3,6.1+/-1.3,6.4+/-1.3,6.6+/-1.4,6.9+/-1.4,7.1+/-1.4,7.3+/-1.4,7.5+/-1.4,7.7+/-1.4,7.9+/-1.4,8.2+/-1.4,8.4+/-1.4,8.6+/-1.5,8.8+/-1.5,9.0+/-1.5,9.3+/-1.5,9.5+/-1.5,9.7+/-1.5,9.9+/-1.6,10.1+/-1.6,10.4+/-1.6,10.6+/-1.6,10.8+/-1.6,11.0+/-1.7,11.2+/-1.7,11.5+/-1.7,11.7+/-1.7,11.9+/-1.7,12.1+/-1.8,12.3+/-1.8,12.5+/-1.8,12.8+/-1.8,13.0+/-1.8,13.2+/-1.9,13.4+/-1.9,13.6+/-1.9,13.9+/-1.9,14.1+/-2.0,14.3+/-2.0,14.5+/-2.0,14.7+/-2.0,15.0+/-2.1,15.2+/-2.1,15.4+/-2.1,15.6+/-2.1
South Sudan,671029,1652834,0.0,0.0+/-0,0.0+/-0,0.0+/-0,0.0098+/-0.0035,0.0098+/-0.0035,0.0098+/-0.0035,0.0098+/-0.0035,0.0098+/-0.0035,0.0098+/-0.0035,0.0098+/-0.0035,0.0098+/-0.0035,0.0098+/-0.0035,0.0098+/-0.0035,0.0098+/-0.0035,0.0098+/-0.0035,0.0098+/-0.0035,0.0098+/-0.0035,0.0098+/-0.0035,0.0098+/-0.0035,0.0098+/-0.0035,0.0098+/-0.0035,0.0098+/-0.0035,0.0098+/-0.0035,0.0098+/-0.0035,0.0098+/-0.0035,0.0098+/-0.0035,0.0098+/-0.0035,0.0098+/-0.0035,0.0098+/-0.0035,0.0098+/-0.0035,0.0098+/-0.0035,0.0098+/-0.0035,0.0098+/-0.0035,0.0098+/-0.0035,0.0098+/-0.0035,0.0098+/-0.0035,0.0098+/-0.0035,0.0098+/-0.0035,0.0098+/-0.0035,0.0098+/-0.0035,0.0098+/-0.0035,0.0098+/-0.0035,0.0098+/-0.0035,0.0098+/-0.0035,0.0098+/-0.0035,0.0098+/-0.0035,0.0098+/-0.0035,0.0098+/-0.0035,0.0098+/-0.0035,0.0098+/-0.0035,0.0098+/-0.0035,0.0098+/-0.0035
Sao Tome and Principe,4687,12249,0.0,0.0+/-0,0.0+/-0,0.0+/-0,1.4+/-0.5,1.4+/-0.5,1.4+/-0.5,1.4+/-0.5,1.4+/-0.5,1.4+/-0.5,1.4+/-0.5,1.4+/-0.5,1.4+/-0.5,1.4+/-0.5,1.4+/-0.5,1.4+/-0.5,1.4+/-0.5,1.4+/-0.5,1.4+/-0.5,1.4+/-0.5,1.4+/-0.5,1.4+/-0.5,1.4+/-0.5,1.4+/-0.5,1.4+/-0.5,1.4+/-0.5,1.4+/-0.5,1.4+/-0.5,1.4+/-0.5,1.4+/-0.5,1.4+/-0.5,1.4+/-0.5,1.4+/-0.5,1.4+/-0.5,1.4+/-0.5,1.4+/-0.5,1.4+/-0.5,1.4+/-0.5,1.4+/-0.5,1.4+/-0.5,1.4+/-0.5,1.4+/-0.5,1.4+/-0.5,1.4+/-0.5,1.4+/-0.5,1.4+/-0.5,1.4+/-0.5,1.4+/-0.5,1.4+/-0.5,1.4+/-0.5,1.4+/-0.5,1.4+/-0.5,1.4+/-0.5
Suriname,36590,79027,0.0,0.043+/-0.023,0.10+/-0.05,0.16+/-0.08,0.44+/-0.15,0.58+/-0.22,0.9+/-0.4,1.0+/-0.4,1.1+/-0.5,1.2+/-0.5,1.2+/-0.5,1.3+/-0.6,1.3+/-0.6,1.3+/-0.6,1.3+/-0.6,1.3+/-0.6,1.3+/-0.6,1.3+/-0.6,1.3+/-0.6,1.3+/-0.6,1.3+/-0.6,1.3+/-0.6,1.3+/-0.6,1.3+/-0.6,1.3+/-0.6,1.3+/-0.6,1.3+/-0.6,1.3+/-0.6,1.3+/-0.6,1.3+/-0.6,1.3+/-0.6,1.3+/-0.6,1.3+/-0.6,1.3+/-0.6,1.3+/-0.6,1.3+/-0.6,1.3+/-0.6,1.3+/-0.6,1.3+/-0.6,1.3+/-0.6,1.3+/-0.6,1.3+/-0.6,1.3+/-0.6,1.3+/-0.6,1.3+/-0.6,1.3+/-0.6,1.3+/-0.6,1.3+/-0.6,1.3+/-0.6,1.3+/-0.6,1.3+/-0.6,1.3+/-0.6,1.3+/-0.6
Slovakia,331184,708012,0.0,0.16+/-0.08,0.35+/-0.18,0.59+/-0.31,1.2+/-0.5,1.7+/-0.8,3.8+/-1.3,5.4+/-1.6,6.8+/-1.8,8.1+/-2.0,9.4+/-2.1,10.6+/-2.3,11.6+/-2.3,12.7+/-2.4,13.8+/-2.5,14.8+/-2.6,15.9+/-2.7,16.9+/-2.8,18.0+/-2.9,19.1+/-3.0,20.1+/-3.1,21.2+/-3.2,22.2+/-3.4,23.3+/-3.5,24+/-4,25+/-4,26+/-4,28+/-4,29+/-4,30+/-4,31+/-4,32+/-5,33+/-5,34+/-5,35+/-5,36+/-5,37+/-5,38+/-5,39+/-6,40+/-6,41+/-6,42+/-6,43+/-6,45+/-6,46+/-6,47+/-7,48+/-7,49+/-7,50+/-7,51+/-7,52+/-7,53+/-7,54+/-8
Slovenia,120522,252181,0.0,1.28+/-0.19,2.6+/-0.4,4.0+/-0.6,8.6+/-1.5,10.3+/-1.7,12.8+/-2.3,14.5+/-2.6,16.1+/-2.9,17.5+/-3.1,18.8+/-3.3,20.1+/-3.5,21+/-4,22+/-4,23+/-4,24+/-4,25+/-4,26+/-4,27+/-4,29+/-4,30+/-4,31+/-4,32+/-5,33+/-5,34+/-5,35+/-5,36+/-5,37+/-5,38+/-5,39+/-5,40+/-6,41+/-6,42+/-6,43+/-6,44+/-6,46+/-6,47+/-6,48+/-7,49+/-7,50+/-7,51+/-7,52+/-7,53+/-7,54+/-7,55+/-8,56+/-8,57+/-8,58+/-8,59+/-8,60+/-8,61+/-8,63+/-9,64+/-9
Sweden,577054,1247130,0.0,0.28+/-0.15,2.9+/-0.5,5.6+/-0.9,8.6+/-1.3,11.8+/-1.9,15.9+/-2.8,19.1+/-3.4,22+/-4,25+/-4,27+/-5,30+/-5,32+/-5,34+/-5,37+/-6,39+/-6,41+/-6,44+/-7,46+/-7,48+/-7,51+/-7,53+/-8,55+/-8,57+/-8,60+/-9,62+/-9,64+/-9,67+/-9,69+/-10,71+/-10,73+/-10,76+/-11,78+/-11,80+/-11,83+/-12,85+/-12,87+/-12,89+/-13,92+/-13,94+/-13,96+/-14,99+/-14,101+/-14,103+/-15,106+/-15,108+/-15,110+/-16,112+/-16,115+/-16,117+/-17,119+/-17,122+/-17,124+/-18
Eswatini,52438,117986,0.0,0.0+/-0,0.0+/-0,0.0+/-0,0.13+/-0.04,0.13+/-0.04,0.13+/-0.04,0.13+/-0.04,0.13+/-0.04,0.13+/-0.04,0.13+/-0.04,0.13+/-0.04,0.13+/-0.04,0.13+/-0.04,0.13+/-0.04,0.13+/-0.04,0.13+/-0.04,0.13+/-0.04,0.13+/-0.04,0.13+/-0.04,0.13+/-0.04,0.13+/-0.04,0.13+/-0.04,0.13+/-0.04,0.13+/-0.04,0.13+/-0.04,0.13+/-0.04,0.13+/-0.04,0.13+/-0.04,0.13+/-0.04,0.13+/-0.04,0.13+/-0.04,0.13+/-0.04,0.13+/-0.04,0.13+/-0.04,0.13+/-0.04,0.13+/-0.04,0.13+/-0.04,0.13+/-0.04,0.13+/-0.04,0.13+/-0.04,0.13+/-0.04,0.13+/-0.04,0.13+/-0.04,0.13+/-0.04,0.13+/-0.04,0.13+/-0.04,0.13+/-0.04,0.13+/-0.04,0.13+/-0.04,0.13+/-0.04,0.13+/-0.04,0.13+/-0.04
Sint Maarten,3912,6589,0.0,0.0+/-0,0.0+/-0,0.0+/-0,1.7+/-0.6,1.7+/-0.6,1.7+/-0.6,1.7+/-0.6,1.7+/-0.6,1.7+/-0.6,1.7+/-0.6,1.7+/-0.6,1.7+/-0.6,1.7+/-0.6,1.7+/-0.6,1.7+/-0.6,1.7+/-0.6,1.7+/-0.6,1.7+/-0.6,1.7+/-0.6,1.7+/-0.6,1.7+/-0.6,1.7+/-0.6,1.7+/-0.6,1.7+/-0.6,1.7+/-0.6,1.7+/-0.6,1.7+/-0.6,1.7+/-0.6,1.7+/-0.6,1.7+/-0.6,1.7+/-0.6,1.7+/-0.6,1.7+/-0.6,1.7+/-0.6,1.7+/-0.6,1.7+/-0.6,1.7+/-0.6,1.7+/-0.6,1.7+/-0.6,1.7+/-0.6,1.7+/-0.6,1.7+/-0.6,1.7+/-0.6,1.7+/-0.6,1.7+/-0.6,1.7+/-0.6,1.7+/-0.6,1.7+/-0.6,1.7+/-0.6,1.7+/-0.6,1.7+/-0.6,1.7+/-0.6
Seychelles,14131,30543,0.0,0.0+/-0,0.0+/-0,0.0+/-0,0.47+/-0.16,0.47+/-0.16,0.47+/-0.16,0.47+/-0.16,0.47+/-0.16,0.47+/-0.16,0.47+/-0.16,0.47+/-0.16,0.47+/-0.16,0.47+/-0.16,0.47+/-0.16,0.47+/-0.16,0.47+/-0.16,0.47+/-0.16,0.47+/-0.16,0.47+/-0.16,0.47+/-0.16,0.47+/-0.16,0.47+/-0.16,0.47+/-0.16,0.47+/-0.16,0.47+/-0.16,0.47+/-0.16,0.47+/-0.16,0.47+/-0.16,0.47+/-0.16,0.47+/-0.16,0.47+/-0.16,0.47+/-0.16,0.47+/-0.16,0.47+/-0.16,0.47+/-0.16,0.47+/-0.16,0.47+/-0.16,0.47+/-0.16,0.47+/-0.16,0.47+/-0.16,0.47+/-0.16,0.47+/-0.16,0.47+/-0.16,0.47+/-0.16,0.47+/-0.16,0.47+/-0.16,0.47+/-0.16,0.47+/-0.16,0.47+/-0.16,0.47+/-0.16,0.47+/-0.16,0.47+/-0.16
Syria,874078,2053347,0.0,0.0+/-0,0.0+/-0,0.0+/-0,0.0075+/-0.0027,0.0075+/-0.0027,0.0075+/-0.0027,0.0075+/-0.0027,0.0075+/-0.0027,0.0075+/-0.0027,0.0075+/-0.0027,0.0075+/-0.0027,0.0075+/-0.0027,0.0075+/-0.0027,0.0075+/-0.0027,0.0075+/-0.0027,0.0075+/-0.0027,0.0075+/-0.0027,0.0075+/-0.0027,0.0075+/-0.0027,0.0075+/-0.0027,0.0075+/-0.0027,0.0075+/-0.0027,0.0075+/-0.0027,0.0075+/-0.0027,0.0075+/-0.0027,0.0075+/-0.0027,0.0075+/-0.0027,0.0075+/-0.0027,0.0075+/-0.0027,0.0075+/-0.0027,0.0075+/-0.0027,0.0075+/-0.0027,0.0075+/-0.0027,0.0075+/-0.0027,0.0075+/-0.0027,0.0075+/-0.0027,0.0075+/-0.0027,0.0075+/-0.0027,0.0075+/-0.0027,0.0075+/-0.0027,0.0075+/-0.0027,0.0075+/-0.0027,0.0075+/-0.0027,0.0075+/-0.0027,0.0075+/-0.0027,0.0075+/-0.0027,0.0075+/-0.0027,0.0075+/-0.0027,0.0075+/-0.0027,0.0075+/-0.0027,0.0075+/-0.0027,0.0075+/-0.0027
Turks and Caicos Islands,0,0,0,0,0,0,0,0,0,0,0,0,0,0,0,0,0,0,0,0,0,0,0,0,0,0,0,0,0,0,0,0,0,0,0,0,0,0,0,0,0,0,0,0,0,0,0,0,0,0,0,0,0,0,0
Chad,852329,2222818,0.0,0.0+/-0,0.0+/-0,0.0+/-0,0.0077+/-0.0027,0.0077+/-0.0027,0.0077+/-0.0027,0.0077+/-0.0027,0.0077+/-0.0027,0.0077+/-0.0027,0.0077+/-0.0027,0.0077+/-0.0027,0.0077+/-0.0027,0.0077+/-0.0027,0.0077+/-0.0027,0.0077+/-0.0027,0.0077+/-0.0027,0.0077+/-0.0027,0.0077+/-0.0027,0.0077+/-0.0027,0.0077+/-0.0027,0.0077+/-0.0027,0.0077+/-0.0027,0.0077+/-0.0027,0.0077+/-0.0027,0.0077+/-0.0027,0.0077+/-0.0027,0.0077+/-0.0027,0.0077+/-0.0027,0.0077+/-0.0027,0.0077+/-0.0027,0.0077+/-0.0027,0.0077+/-0.0027,0.0077+/-0.0027,0.0077+/-0.0027,0.0077+/-0.0027,0.0077+/-0.0027,0.0077+/-0.0027,0.0077+/-0.0027,0.0077+/-0.0027,0.0077+/-0.0027,0.0077+/-0.0027,0.0077+/-0.0027,0.0077+/-0.0027,0.0077+/-0.0027,0.0077+/-0.0027,0.0077+/-0.0027,0.0077+/-0.0027,0.0077+/-0.0027,0.0077+/-0.0027,0.0077+/-0.0027,0.0077+/-0.0027,0.0077+/-0.0027
Togo,434093,1119368,0.0,0.0+/-0,0.0+/-0,0.0+/-0,0.015+/-0.005,0.015+/-0.005,0.015+/-0.005,0.015+/-0.005,0.015+/-0.005,0.015+/-0.005,0.015+/-0.005,0.015+/-0.005,0.015+/-0.005,0.015+/-0.005,0.015+/-0.005,0.015+/-0.005,0.015+/-0.005,0.015+/-0.005,0.015+/-0.005,0.015+/-0.005,0.015+/-0.005,0.015+/-0.005,0.015+/-0.005,0.015+/-0.005,0.015+/-0.005,0.015+/-0.005,0.015+/-0.005,0.015+/-0.005,0.015+/-0.005,0.015+/-0.005,0.015+/-0.005,0.015+/-0.005,0.015+/-0.005,0.015+/-0.005,0.015+/-0.005,0.015+/-0.005,0.015+/-0.005,0.015+/-0.005,0.015+/-0.005,0.015+/-0.005,0.015+/-0.005,0.015+/-0.005,0.015+/-0.005,0.015+/-0.005,0.015+/-0.005,0.015+/-0.005,0.015+/-0.005,0.015+/-0.005,0.015+/-0.005,0.015+/-0.005,0.015+/-0.005,0.015+/-0.005,0.015+/-0.005
Thailand,8232186,14688612,0.0,0.026+/-0.014,0.058+/-0.030,0.10+/-0.05,0.63+/-0.13,0.93+/-0.17,1.32+/-0.25,1.62+/-0.30,1.90+/-0.34,2.2+/-0.4,2.4+/-0.4,2.7+/-0.4,2.9+/-0.5,3.1+/-0.5,3.3+/-0.5,3.5+/-0.5,3.8+/-0.5,4.0+/-0.6,4.2+/-0.6,4.4+/-0.6,4.7+/-0.7,4.9+/-0.7,5.1+/-0.7,5.3+/-0.7,5.5+/-0.8,5.8+/-0.8,6.0+/-0.8,6.2+/-0.9,6.4+/-0.9,6.6+/-0.9,6.9+/-0.9,7.1+/-1.0,7.3+/-1.0,7.5+/-1.0,7.7+/-1.1,8.0+/-1.1,8.2+/-1.1,8.4+/-1.2,8.6+/-1.2,8.8+/-1.2,9.1+/-1.3,9.3+/-1.3,9.5+/-1.3,9.7+/-1.3,9.9+/-1.4,10.2+/-1.4,10.4+/-1.4,10.6+/-1.5,10.8+/-1.5,11.1+/-1.5,11.3+/-1.6,11.5+/-1.6,11.7+/-1.6
Tajikistan,413870,846255,0.0,0.007+/-0.004,0.016+/-0.008,0.026+/-0.014,0.38+/-0.13,0.40+/-0.13,0.45+/-0.14,0.47+/-0.14,0.49+/-0.15,0.50+/-0.15,0.51+/-0.15,0.51+/-0.16,0.51+/-0.16,0.51+/-0.16,0.51+/-0.16,0.51+/-0.16,0.51+/-0.16,0.51+/-0.16,0.51+/-0.16,0.51+/-0.16,0.51+/-0.16,0.51+/-0.16,0.51+/-0.16,0.51+/-0.16,0.51+/-0.16,0.51+/-0.16,0.51+/-0.16,0.51+/-0.16,0.51+/-0.16,0.51+/-0.16,0.51+/-0.16,0.51+/-0.16,0.51+/-0.16,0.51+/-0.16,0.51+/-0.16,0.51+/-0.16,0.51+/-0.16,0.51+/-0.16,0.51+/-0.16,0.51+/-0.16,0.51+/-0.16,0.51+/-0.16,0.51+/-0.16,0.51+/-0.16,0.51+/-0.16,0.51+/-0.16,0.51+/-0.16,0.51+/-0.16,0.51+/-0.16,0.51+/-0.16,0.51+/-0.16,0.51+/-0.16,0.51+/-0.16
Turkmenistan,319656,547746,0.0,0.018+/-0.009,0.040+/-0.021,0.067+/-0.035,0.13+/-0.06,0.19+/-0.09,0.42+/-0.15,0.59+/-0.18,0.74+/-0.21,0.88+/-0.22,1.02+/-0.24,1.15+/-0.25,1.26+/-0.26,1.37+/-0.27,1.49+/-0.28,1.60+/-0.29,1.71+/-0.30,1.83+/-0.31,1.94+/-0.32,2.05+/-0.33,2.17+/-0.34,2.28+/-0.35,2.4+/-0.4,2.5+/-0.4,2.6+/-0.4,2.7+/-0.4,2.8+/-0.4,3.0+/-0.4,3.1+/-0.4,3.2+/-0.5,3.3+/-0.5,3.4+/-0.5,3.5+/-0.5,3.6+/-0.5,3.8+/-0.5,3.9+/-0.6,4.0+/-0.6,4.1+/-0.6,4.2+/-0.6,4.3+/-0.6,4.4+/-0.6,4.5+/-0.6,4.7+/-0.7,4.8+/-0.7,4.9+/-0.7,5.0+/-0.7,5.1+/-0.7,5.2+/-0.7,5.3+/-0.8,5.4+/-0.8,5.6+/-0.8,5.7+/-0.8,5.8+/-0.8
Timor-Leste,93532,166300,0.0,0.00067+/-0.00035,0.0015+/-0.0008,0.0025+/-0.0013,0.074+/-0.025,0.077+/-0.025,0.081+/-0.025,0.083+/-0.026,0.085+/-0.026,0.086+/-0.026,0.086+/-0.026,0.087+/-0.026,0.087+/-0.026,0.087+/-0.026,0.087+/-0.026,0.087+/-0.026,0.087+/-0.026,0.087+/-0.026,0.087+/-0.026,0.087+/-0.026,0.087+/-0.026,0.087+/-0.026,0.087+/-0.026,0.087+/-0.026,0.087+/-0.026,0.087+/-0.026,0.087+/-0.026,0.087+/-0.026,0.087+/-0.026,0.087+/-0.026,0.087+/-0.026,0.087+/-0.026,0.087+/-0.026,0.087+/-0.026,0.087+/-0.026,0.087+/-0.026,0.087+/-0.026,0.087+/-0.026,0.087+/-0.026,0.087+/-0.026,0.087+/-0.026,0.087+/-0.026,0.087+/-0.026,0.087+/-0.026,0.087+/-0.026,0.087+/-0.026,0.087+/-0.026,0.087+/-0.026,0.087+/-0.026,0.087+/-0.026,0.087+/-0.026,0.087+/-0.026,0.087+/-0.026
Tonga,3010,6749,0.0,0.0+/-0,0.0+/-0,0.0+/-0,2.2+/-0.8,2.2+/-0.8,2.2+/-0.8,2.2+/-0.8,2.2+/-0.8,2.2+/-0.8,2.2+/-0.8,2.2+/-0.8,2.2+/-0.8,2.2+/-0.8,2.2+/-0.8,2.2+/-0.8,2.2+/-0.8,2.2+/-0.8,2.2+/-0.8,2.2+/-0.8,2.2+/-0.8,2.2+/-0.8,2.2+/-0.8,2.2+/-0.8,2.2+/-0.8,2.2+/-0.8,2.2+/-0.8,2.2+/-0.8,2.2+/-0.8,2.2+/-0.8,2.2+/-0.8,2.2+/-0.8,2.2+/-0.8,2.2+/-0.8,2.2+/-0.8,2.2+/-0.8,2.2+/-0.8,2.2+/-0.8,2.2+/-0.8,2.2+/-0.8,2.2+/-0.8,2.2+/-0.8,2.2+/-0.8,2.2+/-0.8,2.2+/-0.8,2.2+/-0.8,2.2+/-0.8,2.2+/-0.8,2.2+/-0.8,2.2+/-0.8,2.2+/-0.8,2.2+/-0.8,2.2+/-0.8
Trinidad and Tobago,55257,137309,0.0,0.24+/-0.12,0.54+/-0.28,0.9+/-0.5,1.5+/-0.7,2.3+/-1.2,3.9+/-2.0,4.6+/-2.4,6.5+/-2.7,8.2+/-2.9,9.8+/-3.0,11.4+/-3.2,12.7+/-3.3,14.0+/-3.3,15.3+/-3.4,16.6+/-3.5,18+/-4,19+/-4,21+/-4,22+/-4,23+/-4,25+/-4,26+/-4,27+/-4,29+/-5,30+/-5,31+/-5,33+/-5,34+/-5,35+/-5,36+/-5,38+/-6,39+/-6,40+/-6,42+/-6,43+/-6,44+/-6,46+/-7,47+/-7,48+/-7,50+/-7,51+/-7,52+/-7,54+/-8,55+/-8,56+/-8,58+/-8,59+/-8,60+/-9,62+/-9,63+/-9,64+/-9,66+/-9
Tunisia,739964,1381465,0.0,0.017+/-0.009,0.039+/-0.020,0.065+/-0.034,0.11+/-0.05,0.17+/-0.08,0.28+/-0.14,0.45+/-0.17,0.60+/-0.19,0.74+/-0.21,0.87+/-0.23,1.00+/-0.24,1.12+/-0.25,1.23+/-0.25,1.34+/-0.26,1.46+/-0.27,1.57+/-0.28,1.68+/-0.29,1.79+/-0.30,1.91+/-0.31,2.02+/-0.32,2.13+/-0.34,2.25+/-0.35,2.4+/-0.4,2.5+/-0.4,2.6+/-0.4,2.7+/-0.4,2.8+/-0.4,2.9+/-0.4,3.0+/-0.4,3.1+/-0.5,3.3+/-0.5,3.4+/-0.5,3.5+/-0.5,3.6+/-0.5,3.7+/-0.5,3.8+/-0.5,3.9+/-0.6,4.1+/-0.6,4.2+/-0.6,4.3+/-0.6,4.4+/-0.6,4.5+/-0.6,4.6+/-0.7,4.7+/-0.7,4.8+/-0.7,5.0+/-0.7,5.1+/-0.7,5.2+/-0.7,5.3+/-0.7,5.4+/-0.8,5.5+/-0.8,5.6+/-0.8
Türkiye,5913635,11497537,0.0,0.065+/-0.034,0.15+/-0.08,0.24+/-0.13,1.5+/-0.5,1.8+/-0.5,2.2+/-0.7,2.4+/-0.8,2.5+/-0.8,2.6+/-0.9,2.7+/-0.9,2.8+/-1.0,2.8+/-1.0,2.8+/-1.0,2.8+/-1.0,2.8+/-1.0,2.8+/-1.0,2.8+/-1.0,2.8+/-1.0,2.8+/-1.0,2.8+/-1.0,2.8+/-1.0,2.8+/-1.0,2.8+/-1.0,2.8+/-1.0,2.8+/-1.0,2.8+/-1.0,2.8+/-1.0,2.8+/-1.0,2.8+/-1.0,2.8+/-1.0,2.8+/-1.0,2.8+/-1.0,2.8+/-1.0,2.8+/-1.0,2.8+/-1.0,2.8+/-1.0,2.8+/-1.0,2.8+/-1.0,2.8+/-1.0,2.8+/-1.0,2.8+/-1.0,2.8+/-1.0,2.8+/-1.0,2.8+/-1.0,2.8+/-1.0,2.8+/-1.0,2.8+/-1.0,2.8+/-1.0,2.8+/-1.0,2.8+/-1.0,2.8+/-1.0,2.8+/-1.0
Tuvalu,1632,3353,0.0,0.0+/-0,0.0+/-0,0.0+/-0,4.0+/-1.4,4.0+/-1.4,4.0+/-1.4,4.0+/-1.4,4.0+/-1.4,4.0+/-1.4,4.0+/-1.4,4.0+/-1.4,4.0+/-1.4,4.0+/-1.4,4.0+/-1.4,4.0+/-1.4,4.0+/-1.4,4.0+/-1.4,4.0+/-1.4,4.0+/-1.4,4.0+/-1.4,4.0+/-1.4,4.0+/-1.4,4.0+/-1.4,4.0+/-1.4,4.0+/-1.4,4.0+/-1.4,4.0+/-1.4,4.0+/-1.4,4.0+/-1.4,4.0+/-1.4,4.0+/-1.4,4.0+/-1.4,4.0+/-1.4,4.0+/-1.4,4.0+/-1.4,4.0+/-1.4,4.0+/-1.4,4.0+/-1.4,4.0+/-1.4,4.0+/-1.4,4.0+/-1.4,4.0+/-1.4,4.0+/-1.4,4.0+/-1.4,4.0+/-1.4,4.0+/-1.4,4.0+/-1.4,4.0+/-1.4,4.0+/-1.4,4.0+/-1.4,4.0+/-1.4,4.0+/-1.4
Tanzania,11401360,13627067,0.0,0.0+/-0,0.0+/-0,0.0+/-0,0.00058+/-0.00020,0.00058+/-0.00020,0.00058+/-0.00020,0.00058+/-0.00020,0.00058+/-0.00020,0.00058+/-0.00020,0.00058+/-0.00020,0.00058+/-0.00020,0.00058+/-0.00020,0.00058+/-0.00020,0.00058+/-0.00020,0.00058+/-0.00020,0.00058+/-0.00020,0.00058+/-0.00020,0.00058+/-0.00020,0.00058+/-0.00020,0.00058+/-0.00020,0.00058+/-0.00020,0.00058+/-0.00020,0.00058+/-0.00020,0.00058+/-0.00020,0.00058+/-0.00020,0.00058+/-0.00020,0.00058+/-0.00020,0.00058+/-0.00020,0.00058+/-0.00020,0.00058+/-0.00020,0.00058+/-0.00020,0.00058+/-0.00020,0.00058+/-0.00020,0.00058+/-0.00020,0.00058+/-0.00020,0.00058+/-0.00020,0.00058+/-0.00020,0.00058+/-0.00020,0.00058+/-0.00020,0.00058+/-0.00020,0.00058+/-0.00020,0.00058+/-0.00020,0.00058+/-0.00020,0.00058+/-0.00020,0.00058+/-0.00020,0.00058+/-0.00020,0.00058+/-0.00020,0.00058+/-0.00020,0.00058+/-0.00020,0.00058+/-0.00020,0.00058+/-0.00020,0.00058+/-0.00020
Uganda,2496767,4768676,0.0,0.0+/-0,0.0+/-0,0.0+/-0,0.0026+/-0.0009,0.0026+/-0.0009,0.0026+/-0.0009,0.0026+/-0.0009,0.0026+/-0.0009,0.0026+/-0.0009,0.0026+/-0.0009,0.0026+/-0.0009,0.0026+/-0.0009,0.0026+/-0.0009,0.0026+/-0.0009,0.0026+/-0.0009,0.0026+/-0.0009,0.0026+/-0.0009,0.0026+/-0.0009,0.0026+/-0.0009,0.0026+/-0.0009,0.0026+/-0.0009,0.0026+/-0.0009,0.0026+/-0.0009,0.0026+/-0.0009,0.0026+/-0.0009,0.0026+/-0.0009,0.0026+/-0.0009,0.0026+/-0.0009,0.0026+/-0.0009,0.0026+/-0.0009,0.0026+/-0.0009,0.0026+/-0.0009,0.0026+/-0.0009,0.0026+/-0.0009,0.0026+/-0.0009,0.0026+/-0.0009,0.0026+/-0.0009,0.0026+/-0.0009,0.0026+/-0.0009,0.0026+/-0.0009,0.0026+/-0.0009,0.0026+/-0.0009,0.0026+/-0.0009,0.0026+/-0.0009,0.0026+/-0.0009,0.0026+/-0.0009,0.0026+/-0.0009,0.0026+/-0.0009,0.0026+/-0.0009,0.0026+/-0.0009,0.0026+/-0.0009,0.0026+/-0.0009
Ukraine,2917647,5608384,0.0,0.010+/-0.005,0.022+/-0.011,0.036+/-0.019,0.60+/-0.21,0.64+/-0.21,0.70+/-0.22,0.73+/-0.23,0.81+/-0.23,0.88+/-0.23,0.94+/-0.24,1.01+/-0.24,1.07+/-0.24,1.12+/-0.24,1.18+/-0.25,1.23+/-0.25,1.29+/-0.25,1.34+/-0.25,1.40+/-0.26,1.45+/-0.26,1.51+/-0.26,1.56+/-0.27,1.62+/-0.27,1.67+/-0.27,1.73+/-0.28,1.78+/-0.28,1.84+/-0.29,1.90+/-0.29,1.95+/-0.29,2.01+/-0.30,2.06+/-0.30,2.12+/-0.31,2.17+/-0.31,2.23+/-0.32,2.28+/-0.33,2.34+/-0.33,2.39+/-0.34,2.45+/-0.34,2.50+/-0.35,2.56+/-0.35,2.6+/-0.4,2.7+/-0.4,2.7+/-0.4,2.8+/-0.4,2.8+/-0.4,2.9+/-0.4,2.9+/-0.4,3.0+/-0.4,3.1+/-0.4,3.1+/-0.4,3.2+/-0.4,3.2+/-0.4,3.3+/-0.4
Uruguay,223288,528292,0.0,0.060+/-0.031,0.13+/-0.07,0.22+/-0.12,0.39+/-0.19,0.58+/-0.29,1.0+/-0.5,1.5+/-0.6,2.0+/-0.7,2.5+/-0.7,3.0+/-0.8,3.4+/-0.8,3.8+/-0.8,4.1+/-0.9,4.5+/-0.9,4.9+/-0.9,5.3+/-1.0,5.6+/-1.0,6.0+/-1.0,6.4+/-1.1,6.7+/-1.1,7.1+/-1.1,7.5+/-1.2,7.9+/-1.2,8.2+/-1.3,8.6+/-1.3,9.0+/-1.3,9.4+/-1.4,9.7+/-1.4,10.1+/-1.5,10.5+/-1.5,10.9+/-1.6,11.2+/-1.6,11.6+/-1.7,12.0+/-1.7,12.4+/-1.8,12.7+/-1.8,13.1+/-1.9,13.5+/-1.9,13.8+/-2.0,14.2+/-2.0,14.6+/-2.1,15.0+/-2.1,15.3+/-2.2,15.7+/-2.2,16.1+/-2.3,16.5+/-2.3,16.8+/-2.4,17.2+/-2.4,17.6+/-2.5,18.0+/-2.5,18.3+/-2.6,18.7+/-2.6
United States,17246611,38478727,0.0,2.09+/-0.30,15.2+/-2.4,17.7+/-2.7,24.2+/-3.3,27+/-4,32+/-4,35+/-5,38+/-6,41+/-6,44+/-6,47+/-7,50+/-7,52+/-7,55+/-8,58+/-8,60+/-8,63+/-9,65+/-9,68+/-9,70+/-10,73+/-10,76+/-10,78+/-11,81+/-11,83+/-11,86+/-12,89+/-12,91+/-13,94+/-13,96+/-13,99+/-14,101+/-14,104+/-14,107+/-15,109+/-15,112+/-15,114+/-16,117+/-16,120+/-17,122+/-17,125+/-17,127+/-18,130+/-18,132+/-18,135+/-19,138+/-19,140+/-19,143+/-20,145+/-20,148+/-21,151+/-21,153+/-21
Uzbekistan,2040606,3693890,0.0,0.017+/-0.009,0.039+/-0.020,0.065+/-0.034,0.52+/-0.16,0.57+/-0.17,0.68+/-0.21,0.85+/-0.23,0.99+/-0.25,1.13+/-0.26,1.26+/-0.27,1.38+/-0.28,1.49+/-0.29,1.59+/-0.29,1.70+/-0.30,1.81+/-0.31,1.92+/-0.32,2.02+/-0.32,2.13+/-0.33,2.24+/-0.34,2.35+/-0.35,2.5+/-0.4,2.6+/-0.4,2.7+/-0.4,2.8+/-0.4,2.9+/-0.4,3.0+/-0.4,3.1+/-0.4,3.2+/-0.4,3.3+/-0.5,3.4+/-0.5,3.5+/-0.5,3.6+/-0.5,3.7+/-0.5,3.8+/-0.5,4.0+/-0.5,4.1+/-0.5,4.2+/-0.6,4.3+/-0.6,4.4+/-0.6,4.5+/-0.6,4.6+/-0.6,4.7+/-0.6,4.8+/-0.6,4.9+/-0.7,5.0+/-0.7,5.1+/-0.7,5.2+/-0.7,5.4+/-0.7,5.5+/-0.7,5.6+/-0.7,5.7+/-0.8,5.8+/-0.8
St. Vincent and the Grenadines,14163,19249,0.0,0.0037+/-0.0019,0.008+/-0.004,0.014+/-0.007,0.49+/-0.16,0.50+/-0.17,0.52+/-0.17,0.54+/-0.17,0.54+/-0.17,0.55+/-0.17,0.55+/-0.17,0.56+/-0.17,0.56+/-0.17,0.56+/-0.17,0.56+/-0.17,0.56+/-0.17,0.56+/-0.17,0.56+/-0.17,0.56+/-0.17,0.56+/-0.17,0.56+/-0.17,0.56+/-0.17,0.56+/-0.17,0.56+/-0.17,0.56+/-0.17,0.56+/-0.17,0.56+/-0.17,0.56+/-0.17,0.56+/-0.17,0.56+/-0.17,0.56+/-0.17,0.56+/-0.17,0.56+/-0.17,0.56+/-0.17,0.56+/-0.17,0.56+/-0.17,0.56+/-0.17,0.56+/-0.17,0.56+/-0.17,0.56+/-0.17,0.56+/-0.17,0.56+/-0.17,0.56+/-0.17,0.56+/-0.17,0.56+/-0.17,0.56+/-0.17,0.56+/-0.17,0.56+/-0.17,0.56+/-0.17,0.56+/-0.17,0.56+/-0.17,0.56+/-0.17,0.56+/-0.17
Venezuela,1851880,3812515,0.0,0.0+/-0,0.0+/-0,0.0+/-0,0.0036+/-0.0013,0.0036+/-0.0013,0.0036+/-0.0013,0.0036+/-0.0013,0.0036+/-0.0013,0.0036+/-0.0013,0.0036+/-0.0013,0.0036+/-0.0013,0.0036+/-0.0013,0.0036+/-0.0013,0.0036+/-0.0013,0.0036+/-0.0013,0.0036+/-0.0013,0.0036+/-0.0013,0.0036+/-0.0013,0.0036+/-0.0013,0.0036+/-0.0013,0.0036+/-0.0013,0.0036+/-0.0013,0.0036+/-0.0013,0.0036+/-0.0013,0.0036+/-0.0013,0.0036+/-0.0013,0.0036+/-0.0013,0.0036+/-0.0013,0.0036+/-0.0013,0.0036+/-0.0013,0.0036+/-0.0013,0.0036+/-0.0013,0.0036+/-0.0013,0.0036+/-0.0013,0.0036+/-0.0013,0.0036+/-0.0013,0.0036+/-0.0013,0.0036+/-0.0013,0.0036+/-0.0013,0.0036+/-0.0013,0.0036+/-0.0013,0.0036+/-0.0013,0.0036+/-0.0013,0.0036+/-0.0013,0.0036+/-0.0013,0.0036+/-0.0013,0.0036+/-0.0013,0.0036+/-0.0013,0.0036+/-0.0013,0.0036+/-0.0013,0.0036+/-0.0013,0.0036+/-0.0013
British Virgin Islands,2574,5308,0.0,0.0+/-0,0.0+/-0,0.0+/-0,2.6+/-0.9,2.6+/-0.9,2.6+/-0.9,2.6+/-0.9,2.6+/-0.9,2.6+/-0.9,2.6+/-0.9,2.6+/-0.9,2.6+/-0.9,2.6+/-0.9,2.6+/-0.9,2.6+/-0.9,2.6+/-0.9,2.6+/-0.9,2.6+/-0.9,2.6+/-0.9,2.6+/-0.9,2.6+/-0.9,2.6+/-0.9,2.6+/-0.9,2.6+/-0.9,2.6+/-0.9,2.6+/-0.9,2.6+/-0.9,2.6+/-0.9,2.6+/-0.9,2.6+/-0.9,2.6+/-0.9,2.6+/-0.9,2.6+/-0.9,2.6+/-0.9,2.6+/-0.9,2.6+/-0.9,2.6+/-0.9,2.6+/-0.9,2.6+/-0.9,2.6+/-0.9,2.6+/-0.9,2.6+/-0.9,2.6+/-0.9,2.6+/-0.9,2.6+/-0.9,2.6+/-0.9,2.6+/-0.9,2.6+/-0.9,2.6+/-0.9,2.6+/-0.9,2.6+/-0.9,2.6+/-0.9
United States Virgin Islands,5522,11389,0.0,0.0+/-0,0.0+/-0,0.0+/-0,1.2+/-0.4,1.2+/-0.4,1.2+/-0.4,1.2+/-0.4,1.2+/-0.4,1.2+/-0.4,1.2+/-0.4,1.2+/-0.4,1.2+/-0.4,1.2+/-0.4,1.2+/-0.4,1.2+/-0.4,1.2+/-0.4,1.2+/-0.4,1.2+/-0.4,1.2+/-0.4,1.2+/-0.4,1.2+/-0.4,1.2+/-0.4,1.2+/-0.4,1.2+/-0.4,1.2+/-0.4,1.2+/-0.4,1.2+/-0.4,1.2+/-0.4,1.2+/-0.4,1.2+/-0.4,1.2+/-0.4,1.2+/-0.4,1.2+/-0.4,1.2+/-0.4,1.2+/-0.4,1.2+/-0.4,1.2+/-0.4,1.2+/-0.4,1.2+/-0.4,1.2+/-0.4,1.2+/-0.4,1.2+/-0.4,1.2+/-0.4,1.2+/-0.4,1.2+/-0.4,1.2+/-0.4,1.2+/-0.4,1.2+/-0.4,1.2+/-0.4,1.2+/-0.4,1.2+/-0.4,1.2+/-0.4
Vietnam,10070507,19165409,0.0,0.018+/-0.009,0.039+/-0.021,0.066+/-0.034,1.01+/-0.34,1.06+/-0.35,1.3+/-0.4,1.5+/-0.4,1.7+/-0.4,1.8+/-0.4,2.0+/-0.4,2.1+/-0.4,2.2+/-0.4,2.4+/-0.4,2.5+/-0.4,2.6+/-0.4,2.7+/-0.5,2.9+/-0.5,3.0+/-0.5,3.1+/-0.5,3.2+/-0.5,3.4+/-0.5,3.5+/-0.5,3.6+/-0.5,3.7+/-0.5,3.9+/-0.6,4.0+/-0.6,4.1+/-0.6,4.3+/-0.6,4.4+/-0.6,4.5+/-0.6,4.6+/-0.6,4.8+/-0.6,4.9+/-0.7,5.0+/-0.7,5.1+/-0.7,5.3+/-0.7,5.4+/-0.7,5.5+/-0.7,5.6+/-0.8,5.8+/-0.8,5.9+/-0.8,6.0+/-0.8,6.2+/-0.8,6.3+/-0.8,6.4+/-0.8,6.5+/-0.9,6.7+/-0.9,6.8+/-0.9,6.9+/-0.9,7.0+/-0.9,7.2+/-0.9,7.3+/-1.0
Vanuatu,16691,29263,0.0,0.0+/-0,0.0+/-0,0.0+/-0,0.39+/-0.14,0.39+/-0.14,0.39+/-0.14,0.39+/-0.14,0.39+/-0.14,0.39+/-0.14,0.39+/-0.14,0.39+/-0.14,0.39+/-0.14,0.39+/-0.14,0.39+/-0.14,0.39+/-0.14,0.39+/-0.14,0.39+/-0.14,0.39+/-0.14,0.39+/-0.14,0.39+/-0.14,0.39+/-0.14,0.39+/-0.14,0.39+/-0.14,0.39+/-0.14,0.39+/-0.14,0.39+/-0.14,0.39+/-0.14,0.39+/-0.14,0.39+/-0.14,0.39+/-0.14,0.39+/-0.14,0.39+/-0.14,0.39+/-0.14,0.39+/-0.14,0.39+/-0.14,0.39+/-0.14,0.39+/-0.14,0.39+/-0.14,0.39+/-0.14,0.39+/-0.14,0.39+/-0.14,0.39+/-0.14,0.39+/-0.14,0.39+/-0.14,0.39+/-0.14,0.39+/-0.14,0.39+/-0.14,0.39+/-0.14,0.39+/-0.14,0.39+/-0.14,0.39+/-0.14,0.39+/-0.14
Samoa,6749,13208,0.0,0.0+/-0,0.0+/-0,0.0+/-0,0.98+/-0.34,0.98+/-0.34,0.98+/-0.34,0.98+/-0.34,0.98+/-0.34,0.98+/-0.34,0.98+/-0.34,0.98+/-0.34,0.98+/-0.34,0.98+/-0.34,0.98+/-0.34,0.98+/-0.34,0.98+/-0.34,0.98+/-0.34,0.98+/-0.34,0.98+/-0.34,0.98+/-0.34,0.98+/-0.34,0.98+/-0.34,0.98+/-0.34,0.98+/-0.34,0.98+/-0.34,0.98+/-0.34,0.98+/-0.34,0.98+/-0.34,0.98+/-0.34,0.98+/-0.34,0.98+/-0.34,0.98+/-0.34,0.98+/-0.34,0.98+/-0.34,0.98+/-0.34,0.98+/-0.34,0.98+/-0.34,0.98+/-0.34,0.98+/-0.34,0.98+/-0.34,0.98+/-0.34,0.98+/-0.34,0.98+/-0.34,0.98+/-0.34,0.98+/-0.34,0.98+/-0.34,0.98+/-0.34,0.98+/-0.34,0.98+/-0.34,0.98+/-0.34,0.98+/-0.34,0.98+/-0.34
Kosovo,48429,134357,0.0,0.052+/-0.027,0.12+/-0.06,0.19+/-0.10,9.4+/-3.4,9.5+/-3.4,9.9+/-3.4,10.0+/-3.4,10.2+/-3.4,10.2+/-3.4,10.3+/-3.4,10.3+/-3.4,10.3+/-3.4,10.3+/-3.4,10.3+/-3.4,10.3+/-3.4,10.3+/-3.4,10.3+/-3.4,10.3+/-3.4,10.3+/-3.4,10.3+/-3.4,10.3+/-3.4,10.3+/-3.4,10.3+/-3.4,10.3+/-3.4,10.3+/-3.4,10.3+/-3.4,10.3+/-3.4,10.3+/-3.4,10.3+/-3.4,10.3+/-3.4,10.3+/-3.4,10.3+/-3.4,10.3+/-3.4,10.3+/-3.4,10.3+/-3.4,10.3+/-3.4,10.3+/-3.4,10.3+/-3.4,10.3+/-3.4,10.3+/-3.4,10.3+/-3.4,10.3+/-3.4,10.3+/-3.4,10.3+/-3.4,10.3+/-3.4,10.3+/-3.4,10.3+/-3.4,10.3+/-3.4,10.3+/-3.4,10.3+/-3.4,10.3+/-3.4,10.3+/-3.4
Yemen,973036,2185521,0.0,0.0+/-0,0.0+/-0,0.0+/-0,0.0068+/-0.0024,0.0068+/-0.0024,0.0068+/-0.0024,0.0068+/-0.0024,0.0068+/-0.0024,0.0068+/-0.0024,0.0068+/-0.0024,0.0068+/-0.0024,0.0068+/-0.0024,0.0068+/-0.0024,0.0068+/-0.0024,0.0068+/-0.0024,0.0068+/-0.0024,0.0068+/-0.0024,0.0068+/-0.0024,0.0068+/-0.0024,0.0068+/-0.0024,0.0068+/-0.0024,0.0068+/-0.0024,0.0068+/-0.0024,0.0068+/-0.0024,0.0068+/-0.0024,0.0068+/-0.0024,0.0068+/-0.0024,0.0068+/-0.0024,0.0068+/-0.0024,0.0068+/-0.0024,0.0068+/-0.0024,0.0068+/-0.0024,0.0068+/-0.0024,0.0068+/-0.0024,0.0068+/-0.0024,0.0068+/-0.0024,0.0068+/-0.0024,0.0068+/-0.0024,0.0068+/-0.0024,0.0068+/-0.0024,0.0068+/-0.0024,0.0068+/-0.0024,0.0068+/-0.0024,0.0068+/-0.0024,0.0068+/-0.0024,0.0068+/-0.0024,0.0068+/-0.0024,0.0068+/-0.0024,0.0068+/-0.0024,0.0068+/-0.0024,0.0068+/-0.0024,0.0068+/-0.0024
South Africa,2690444,6480545,0.0,0.035+/-0.018,0.08+/-0.04,0.13+/-0.07,6.0+/-2.1,6.3+/-2.1,6.8+/-2.1,7.2+/-2.1,7.5+/-2.1,7.8+/-2.1,8.1+/-2.1,8.4+/-2.1,8.7+/-2.1,8.9+/-2.1,9.2+/-2.1,9.5+/-2.2,9.7+/-2.2,10.0+/-2.2,10.2+/-2.2,10.5+/-2.2,10.7+/-2.2,11.0+/-2.2,11.2+/-2.2,11.5+/-2.2,11.8+/-2.2,12.0+/-2.3,12.3+/-2.3,12.5+/-2.3,12.8+/-2.3,13.0+/-2.3,13.3+/-2.3,13.6+/-2.4,13.8+/-2.4,14.1+/-2.4,14.3+/-2.4,14.6+/-2.4,14.8+/-2.4,15.1+/-2.5,15.3+/-2.5,15.6+/-2.5,15.9+/-2.5,16.1+/-2.5,16.4+/-2.6,16.6+/-2.6,16.9+/-2.6,17.1+/-2.6,17.4+/-2.7,17.6+/-2.7,17.9+/-2.7,18.2+/-2.7,18.4+/-2.8,18.7+/-2.8,18.9+/-2.8
Zambia,473656,1236596,0.0,0.0+/-0,0.0+/-0,0.0+/-0,0.25+/-0.09,0.25+/-0.09,0.25+/-0.09,0.25+/-0.09,0.25+/-0.09,0.25+/-0.09,0.25+/-0.09,0.25+/-0.09,0.25+/-0.09,0.25+/-0.09,0.25+/-0.09,0.25+/-0.09,0.25+/-0.09,0.25+/-0.09,0.25+/-0.09,0.25+/-0.09,0.25+/-0.09,0.25+/-0.09,0.25+/-0.09,0.25+/-0.09,0.25+/-0.09,0.25+/-0.09,0.25+/-0.09,0.25+/-0.09,0.25+/-0.09,0.25+/-0.09,0.25+/-0.09,0.25+/-0.09,0.25+/-0.09,0.25+/-0.09,0.25+/-0.09,0.25+/-0.09,0.25+/-0.09,0.25+/-0.09,0.25+/-0.09,0.25+/-0.09,0.25+/-0.09,0.25+/-0.09,0.25+/-0.09,0.25+/-0.09,0.25+/-0.09,0.25+/-0.09,0.25+/-0.09,0.25+/-0.09,0.25+/-0.09,0.25+/-0.09,0.25+/-0.09,0.25+/-0.09,0.25+/-0.09
Zimbabwe,565599,1278922,0.0,0.0+/-0,0.0+/-0,0.0+/-0,1.0+/-0.4,1.0+/-0.4,1.0+/-0.4,1.0+/-0.4,1.0+/-0.4,1.0+/-0.4,1.0+/-0.4,1.0+/-0.4,1.0+/-0.4,1.0+/-0.4,1.0+/-0.4,1.0+/-0.4,1.0+/-0.4,1.0+/-0.4,1.0+/-0.4,1.0+/-0.4,1.0+/-0.4,1.0+/-0.4,1.0+/-0.4,1.0+/-0.4,1.0+/-0.4,1.0+/-0.4,1.0+/-0.4,1.0+/-0.4,1.0+/-0.4,1.0+/-0.4,1.0+/-0.4,1.0+/-0.4,1.0+/-0.4,1.0+/-0.4,1.0+/-0.4,1.0+/-0.4,1.0+/-0.4,1.0+/-0.4,1.0+/-0.4,1.0+/-0.4,1.0+/-0.4,1.0+/-0.4,1.0+/-0.4,1.0+/-0.4,1.0+/-0.4,1.0+/-0.4,1.0+/-0.4,1.0+/-0.4,1.0+/-0.4,1.0+/-0.4,1.0+/-0.4,1.0+/-0.4,1.0+/-0.4
Australia and New Zealand,1460501,3314400,0.0,0.16+/-0.08,0.35+/-0.19,0.59+/-0.31,7.2+/-2.1,8.8+/-2.2,10.9+/-2.4,12.6+/-2.6,14.0+/-2.7,15.3+/-2.9,16.6+/-3.0,17.9+/-3.1,19.0+/-3.1,20.1+/-3.2,21.2+/-3.2,22.3+/-3.3,23.4+/-3.4,24.5+/-3.4,25.6+/-3.5,27+/-4,28+/-4,29+/-4,30+/-4,31+/-4,32+/-4,33+/-4,34+/-4,35+/-4,37+/-4,38+/-5,39+/-5,40+/-5,41+/-5,42+/-5,43+/-5,44+/-5,45+/-5,46+/-5,48+/-6,49+/-6,50+/-6,51+/-6,52+/-6,53+/-6,54+/-6,55+/-6,56+/-6,57+/-7,59+/-7,60+/-7,61+/-7,62+/-7,63+/-7
Caribbean,2488101,5989567,0.0,0.145+/-0.020,0.30+/-0.04,0.46+/-0.07,0.84+/-0.13,1.06+/-0.18,1.38+/-0.28,1.60+/-0.33,1.8+/-0.4,2.0+/-0.4,2.2+/-0.4,2.4+/-0.4,2.5+/-0.4,2.6+/-0.5,2.8+/-0.5,2.9+/-0.5,3.1+/-0.5,3.2+/-0.5,3.4+/-0.5,3.5+/-0.5,3.6+/-0.5,3.8+/-0.5,3.9+/-0.5,4.1+/-0.5,4.2+/-0.5,4.3+/-0.5,4.5+/-0.5,4.6+/-0.5,4.8+/-0.5,4.9+/-0.6,5.1+/-0.6,5.2+/-0.6,5.3+/-0.6,5.5+/-0.6,5.6+/-0.6,5.8+/-0.6,5.9+/-0.6,6.1+/-0.6,6.2+/-0.6,6.3+/-0.6,6.5+/-0.7,6.6+/-0.7,6.8+/-0.7,6.9+/-0.7,7.1+/-0.7,7.2+/-0.7,7.3+/-0.7,7.5+/-0.7,7.6+/-0.7,7.8+/-0.7,7.9+/-0.8,8.0+/-0.8,8.2+/-0.8
Central America,12837296,32628574,0.0,0.060+/-0.028,0.13+/-0.06,0.22+/-0.10,0.89+/-0.19,1.47+/-0.29,2.2+/-0.5,2.8+/-0.6,3.3+/-0.7,3.8+/-0.7,4.3+/-0.8,4.8+/-0.8,5.2+/-0.9,5.7+/-0.9,6.1+/-0.9,6.5+/-1.0,7.0+/-1.0,7.4+/-1.1,7.8+/-1.1,8.2+/-1.2,8.7+/-1.2,9.1+/-1.3,9.5+/-1.3,9.9+/-1.4,10.4+/-1.4,10.8+/-1.5,11.2+/-1.5,11.7+/-1.6,12.1+/-1.6,12.5+/-1.7,12.9+/-1.7,13.4+/-1.8,13.8+/-1.8,14.2+/-1.9,14.6+/-1.9,15.1+/-2.0,15.5+/-2.0,15.9+/-2.1,16.3+/-2.1,16.8+/-2.2,17.2+/-2.3,17.6+/-2.3,18.1+/-2.4,18.5+/-2.4,18.9+/-2.5,19.3+/-2.5,19.8+/-2.6,20.2+/-2.6,20.6+/-2.7,21.0+/-2.8,21.5+/-2.8,21.9+/-2.9,22.3+/-2.9
Central Asia,4684331,8496340,0.0,0.023+/-0.012,0.052+/-0.027,0.09+/-0.05,1.3+/-0.5,1.5+/-0.5,1.8+/-0.5,2.0+/-0.5,2.2+/-0.5,2.4+/-0.5,2.5+/-0.5,2.7+/-0.6,2.9+/-0.6,3.0+/-0.6,3.1+/-0.6,3.3+/-0.6,3.4+/-0.6,3.6+/-0.6,3.7+/-0.6,3.9+/-0.6,4.0+/-0.6,4.2+/-0.6,4.3+/-0.6,4.5+/-0.6,4.6+/-0.6,4.7+/-0.6,4.9+/-0.6,5.0+/-0.6,5.2+/-0.6,5.3+/-0.7,5.5+/-0.7,5.6+/-0.7,5.8+/-0.7,5.9+/-0.7,6.1+/-0.7,6.2+/-0.7,6.4+/-0.7,6.5+/-0.7,6.6+/-0.7,6.8+/-0.8,6.9+/-0.8,7.1+/-0.8,7.2+/-0.8,7.4+/-0.8,7.5+/-0.8,7.7+/-0.8,7.8+/-0.8,8.0+/-0.8,8.1+/-0.9,8.2+/-0.9,8.4+/-0.9,8.5+/-0.9,8.7+/-0.9
Eastern Africa,37570897,60628919,0.0,0.0+/-0,0.0+/-0,0.0+/-0,0.024+/-0.009,0.024+/-0.009,0.024+/-0.009,0.024+/-0.009,0.024+/-0.009,0.024+/-0.009,0.024+/-0.009,0.024+/-0.009,0.024+/-0.009,0.024+/-0.009,0.024+/-0.009,0.024+/-0.009,0.024+/-0.009,0.024+/-0.009,0.024+/-0.009,0.024+/-0.009,0.024+/-0.009,0.024+/-0.009,0.024+/-0.009,0.024+/-0.009,0.024+/-0.009,0.024+/-0.009,0.024+/-0.009,0.024+/-0.009,0.024+/-0.009,0.024+/-0.009,0.024+/-0.009,0.024+/-0.009,0.024+/-0.009,0.024+/-0.009,0.024+/-0.009,0.024+/-0.009,0.024+/-0.009,0.024+/-0.009,0.024+/-0.009,0.024+/-0.009,0.024+/-0.009,0.024+/-0.009,0.024+/-0.009,0.024+/-0.009,0.024+/-0.009,0.024+/-0.009,0.024+/-0.009,0.024+/-0.009,0.024+/-0.009,0.024+/-0.009,0.024+/-0.009,0.024+/-0.009,0.024+/-0.009
Eastern Asia,148747768,277266617,0.0,0.53+/-0.07,3.9+/-0.5,4.5+/-0.6,8.2+/-1.3,9.1+/-1.3,10.2+/-1.5,11.1+/-1.6,12.0+/-1.6,12.8+/-1.7,13.6+/-1.8,14.3+/-1.9,15.0+/-1.9,15.7+/-2.0,16.4+/-2.0,17.1+/-2.1,17.8+/-2.2,18.5+/-2.2,19.2+/-2.3,19.9+/-2.3,20.6+/-2.4,21.3+/-2.5,22.0+/-2.5,22.7+/-2.6,23.4+/-2.7,24.1+/-2.8,24.8+/-2.8,25.5+/-2.9,26.2+/-3.0,26.9+/-3.1,27.6+/-3.1,28.3+/-3.2,29.0+/-3.3,29.7+/-3.3,30.4+/-3.4,31.1+/-3.5,32+/-4,33+/-4,33+/-4,34+/-4,35+/-4,35+/-4,36+/-4,37+/-4,37+/-4,38+/-4,39+/-4,40+/-4,40+/-5,41+/-5,42+/-5,42+/-5,43+/-5
Eastern Europe,19546974,38394765,0.0,0.058+/-0.030,0.13+/-0.07,0.22+/-0.11,1.8+/-0.6,2.2+/-0.6,2.9+/-0.7,3.5+/-0.8,4.0+/-0.8,4.5+/-0.9,5.0+/-0.9,5.4+/-0.9,5.8+/-0.9,6.2+/-1.0,6.6+/-1.0,7.0+/-1.0,7.4+/-1.0,7.8+/-1.0,8.2+/-1.0,8.5+/-1.0,8.9+/-1.0,9.3+/-1.0,9.7+/-1.0,10.1+/-1.1,10.5+/-1.1,10.9+/-1.1,11.3+/-1.1,11.7+/-1.1,12.1+/-1.1,12.4+/-1.2,12.8+/-1.2,13.2+/-1.2,13.6+/-1.2,14.0+/-1.2,14.4+/-1.2,14.8+/-1.3,15.2+/-1.3,15.6+/-1.3,16.0+/-1.3,16.3+/-1.3,16.7+/-1.4,17.1+/-1.4,17.5+/-1.4,17.9+/-1.4,18.3+/-1.4,18.7+/-1.5,19.1+/-1.5,19.5+/-1.5,19.9+/-1.5,20.3+/-1.6,20.6+/-1.6,21.0+/-1.6,21.4+/-1.6
Melanesia,821256,1645282,0.0,0.0011+/-0.0006,0.0024+/-0.0013,0.0040+/-0.0021,0.20+/-0.07,0.20+/-0.07,0.21+/-0.07,0.21+/-0.07,0.21+/-0.07,0.22+/-0.07,0.22+/-0.07,0.22+/-0.07,0.22+/-0.07,0.22+/-0.07,0.22+/-0.07,0.22+/-0.07,0.22+/-0.07,0.22+/-0.07,0.22+/-0.07,0.22+/-0.07,0.22+/-0.07,0.22+/-0.07,0.22+/-0.07,0.22+/-0.07,0.22+/-0.07,0.22+/-0.07,0.22+/-0.07,0.22+/-0.07,0.22+/-0.07,0.22+/-0.07,0.22+/-0.07,0.22+/-0.07,0.22+/-0.07,0.22+/-0.07,0.22+/-0.07,0.22+/-0.07,0.22+/-0.07,0.22+/-0.07,0.22+/-0.07,0.22+/-0.07,0.22+/-0.07,0.22+/-0.07,0.22+/-0.07,0.22+/-0.07,0.22+/-0.07,0.22+/-0.07,0.22+/-0.07,0.22+/-0.07,0.22+/-0.07,0.22+/-0.07,0.22+/-0.07,0.22+/-0.07,0.22+/-0.07
Micronesia,22448,47643,0.0,0.0+/-0,0.0+/-0,0.0+/-0,1.8+/-0.6,1.8+/-0.6,1.8+/-0.6,1.8+/-0.6,1.8+/-0.6,1.8+/-0.6,1.8+/-0.6,1.8+/-0.6,1.8+/-0.6,1.8+/-0.6,1.8+/-0.6,1.8+/-0.6,1.8+/-0.6,1.8+/-0.6,1.8+/-0.6,1.8+/-0.6,1.8+/-0.6,1.8+/-0.6,1.8+/-0.6,1.8+/-0.6,1.8+/-0.6,1.8+/-0.6,1.8+/-0.6,1.8+/-0.6,1.8+/-0.6,1.8+/-0.6,1.8+/-0.6,1.8+/-0.6,1.8+/-0.6,1.8+/-0.6,1.8+/-0.6,1.8+/-0.6,1.8+/-0.6,1.8+/-0.6,1.8+/-0.6,1.8+/-0.6,1.8+/-0.6,1.8+/-0.6,1.8+/-0.6,1.8+/-0.6,1.8+/-0.6,1.8+/-0.6,1.8+/-0.6,1.8+/-0.6,1.8+/-0.6,1.8+/-0.6,1.8+/-0.6,1.8+/-0.6,1.8+/-0.6
Middle Africa,12515524,21488769,0.0,0.0+/-0,0.0+/-0,0.0+/-0,0.0047+/-0.0017,0.0047+/-0.0017,0.0047+/-0.0017,0.0047+/-0.0017,0.0047+/-0.0017,0.0047+/-0.0017,0.0047+/-0.0017,0.0047+/-0.0017,0.0047+/-0.0017,0.0047+/-0.0017,0.0047+/-0.0017,0.0047+/-0.0017,0.0047+/-0.0017,0.0047+/-0.0017,0.0047+/-0.0017,0.0047+/-0.0017,0.0047+/-0.0017,0.0047+/-0.0017,0.0047+/-0.0017,0.0047+/-0.0017,0.0047+/-0.0017,0.0047+/-0.0017,0.0047+/-0.0017,0.0047+/-0.0017,0.0047+/-0.0017,0.0047+/-0.0017,0.0047+/-0.0017,0.0047+/-0.0017,0.0047+/-0.0017,0.0047+/-0.0017,0.0047+/-0.0017,0.0047+/-0.0017,0.0047+/-0.0017,0.0047+/-0.0017,0.0047+/-0.0017,0.0047+/-0.0017,0.0047+/-0.0017,0.0047+/-0.0017,0.0047+/-0.0017,0.0047+/-0.0017,0.0047+/-0.0017,0.0047+/-0.0017,0.0047+/-0.0017,0.0047+/-0.0017,0.0047+/-0.0017,0.0047+/-0.0017,0.0047+/-0.0017,0.0047+/-0.0017,0.0047+/-0.0017
Northern Africa,12344899,24134337,0.0,0.016+/-0.008,0.036+/-0.019,0.059+/-0.031,0.21+/-0.07,0.26+/-0.09,0.42+/-0.14,0.54+/-0.16,0.68+/-0.18,0.81+/-0.20,0.93+/-0.21,1.05+/-0.22,1.15+/-0.22,1.25+/-0.22,1.36+/-0.23,1.46+/-0.23,1.56+/-0.23,1.67+/-0.24,1.77+/-0.24,1.87+/-0.25,1.98+/-0.25,2.08+/-0.26,2.18+/-0.26,2.29+/-0.27,2.39+/-0.28,2.49+/-0.28,2.60+/-0.29,2.70+/-0.30,2.80+/-0.30,2.91+/-0.31,3.01+/-0.32,3.11+/-0.32,3.22+/-0.33,3.32+/-0.34,3.42+/-0.35,3.53+/-0.35,3.6+/-0.4,3.7+/-0.4,3.8+/-0.4,3.9+/-0.4,4.0+/-0.4,4.1+/-0.4,4.2+/-0.4,4.4+/-0.4,4.5+/-0.4,4.6+/-0.4,4.7+/-0.4,4.8+/-0.4,4.9+/-0.5,5.0+/-0.5,5.1+/-0.5,5.2+/-0.5,5.3+/-0.5
Northern America,19525627,43562458,0.0,1.86+/-0.27,13.6+/-2.1,15.9+/-2.4,21.9+/-3.0,24.9+/-3.4,29+/-4,32+/-5,35+/-5,38+/-5,41+/-6,43+/-6,46+/-6,48+/-7,51+/-7,53+/-7,55+/-7,58+/-8,60+/-8,63+/-8,65+/-9,67+/-9,70+/-9,72+/-10,75+/-10,77+/-10,79+/-10,82+/-11,84+/-11,87+/-11,89+/-12,91+/-12,94+/-12,96+/-13,99+/-13,101+/-13,103+/-14,106+/-14,108+/-14,111+/-15,113+/-15,115+/-15,118+/-16,120+/-16,123+/-16,125+/-17,127+/-17,130+/-17,132+/-18,135+/-18,137+/-18,139+/-19,142+/-19
Northern Europe,5554233,12821417,0.0,0.92+/-0.16,6.0+/-0.9,7.3+/-1.0,9.2+/-1.3,11.4+/-1.6,14.3+/-2.3,16.6+/-2.7,19.0+/-3.1,21.1+/-3.3,23.2+/-3.5,25+/-4,27+/-4,29+/-4,31+/-4,33+/-4,34+/-4,36+/-4,38+/-4,40+/-4,42+/-4,43+/-5,45+/-5,47+/-5,49+/-5,51+/-5,53+/-5,54+/-5,56+/-5,58+/-6,60+/-6,62+/-6,63+/-6,65+/-6,67+/-6,69+/-6,71+/-6,73+/-7,74+/-7,76+/-7,78+/-7,80+/-7,82+/-7,83+/-7,85+/-7,87+/-8,89+/-8,91+/-8,93+/-8,94+/-8,96+/-8,98+/-8,100+/-9
Polynesia,32717,64787,0.0,0.0+/-0,0.0+/-0,0.0+/-0,1.2+/-0.4,1.2+/-0.4,1.2+/-0.4,1.2+/-0.4,1.2+/-0.4,1.2+/-0.4,1.2+/-0.4,1.2+/-0.4,1.2+/-0.4,1.2+/-0.4,1.2+/-0.4,1.2+/-0.4,1.2+/-0.4,1.2+/-0.4,1.2+/-0.4,1.2+/-0.4,1.2+/-0.4,1.2+/-0.4,1.2+/-0.4,1.2+/-0.4,1.2+/-0.4,1.2+/-0.4,1.2+/-0.4,1.2+/-0.4,1.2+/-0.4,1.2+/-0.4,1.2+/-0.4,1.2+/-0.4,1.2+/-0.4,1.2+/-0.4,1.2+/-0.4,1.2+/-0.4,1.2+/-0.4,1.2+/-0.4,1.2+/-0.4,1.2+/-0.4,1.2+/-0.4,1.2+/-0.4,1.2+/-0.4,1.2+/-0.4,1.2+/-0.4,1.2+/-0.4,1.2+/-0.4,1.2+/-0.4,1.2+/-0.4,1.2+/-0.4,1.2+/-0.4,1.2+/-0.4,1.2+/-0.4
South America,27991448,65621307,0.0,0.042+/-0.018,0.09+/-0.04,0.15+/-0.07,0.35+/-0.12,0.47+/-0.17,0.85+/-0.29,1.19+/-0.35,1.5+/-0.4,1.8+/-0.4,2.1+/-0.5,2.3+/-0.5,2.6+/-0.5,2.8+/-0.5,3.0+/-0.5,3.2+/-0.5,3.5+/-0.5,3.7+/-0.5,3.9+/-0.5,4.2+/-0.5,4.4+/-0.6,4.6+/-0.6,4.9+/-0.6,5.1+/-0.6,5.3+/-0.6,5.5+/-0.6,5.8+/-0.6,6.0+/-0.6,6.2+/-0.7,6.5+/-0.7,6.7+/-0.7,6.9+/-0.7,7.2+/-0.7,7.4+/-0.7,7.6+/-0.8,7.9+/-0.8,8.1+/-0.8,8.3+/-0.8,8.5+/-0.8,8.8+/-0.8,9.0+/-0.9,9.2+/-0.9,9.5+/-0.9,9.7+/-0.9,9.9+/-0.9,10.2+/-0.9,10.4+/-1.0,10.6+/-1.0,10.8+/-1.0,11.1+/-1.0,11.3+/-1.0,11.5+/-1.1,11.8+/-1.1
South-eastern Asia,64939863,127022908,0.0,0.022+/-0.011,0.049+/-0.024,0.10+/-0.04,0.82+/-0.24,1.03+/-0.25,1.32+/-0.29,1.54+/-0.31,1.75+/-0.33,1.94+/-0.34,2.12+/-0.35,2.3+/-0.4,2.5+/-0.4,2.6+/-0.4,2.8+/-0.4,2.9+/-0.4,3.1+/-0.4,3.3+/-0.4,3.4+/-0.4,3.6+/-0.4,3.7+/-0.4,3.9+/-0.4,4.1+/-0.4,4.2+/-0.4,4.4+/-0.4,4.5+/-0.4,4.7+/-0.4,4.8+/-0.4,5.0+/-0.4,5.2+/-0.4,5.3+/-0.4,5.5+/-0.5,5.6+/-0.5,5.8+/-0.5,6.0+/-0.5,6.1+/-0.5,6.3+/-0.5,6.4+/-0.5,6.6+/-0.5,6.8+/-0.5,6.9+/-0.5,7.1+/-0.5,7.2+/-0.5,7.4+/-0.5,7.6+/-0.5,7.7+/-0.6,7.9+/-0.6,8.0+/-0.6,8.2+/-0.6,8.3+/-0.6,8.5+/-0.6,8.7+/-0.6,8.8+/-0.6
Southern Africa,3149254,7451675,0.0,0.030+/-0.016,0.07+/-0.04,0.11+/-0.06,5.2+/-1.8,5.5+/-1.8,5.9+/-1.8,6.3+/-1.8,6.5+/-1.8,6.8+/-1.8,7.1+/-1.8,7.3+/-1.9,7.5+/-1.9,7.7+/-1.9,8.0+/-1.9,8.2+/-1.9,8.4+/-1.9,8.6+/-1.9,8.8+/-1.9,9.1+/-1.9,9.3+/-1.9,9.5+/-1.9,9.7+/-1.9,9.9+/-1.9,10.1+/-2.0,10.4+/-2.0,10.6+/-2.0,10.8+/-2.0,11.0+/-2.0,11.2+/-2.0,11.5+/-2.0,11.7+/-2.0,11.9+/-2.1,12.1+/-2.1,12.3+/-2.1,12.5+/-2.1,12.8+/-2.1,13.0+/-2.1,13.2+/-2.2,13.4+/-2.2,13.6+/-2.2,13.9+/-2.2,14.1+/-2.2,14.3+/-2.2,14.5+/-2.3,14.7+/-2.3,15.0+/-2.3,15.2+/-2.3,15.4+/-2.3,15.6+/-2.4,15.8+/-2.4,16.0+/-2.4,16.3+/-2.4
Southern Asia,200536188,300484974,0.0,0.0102+/-0.0029,0.022+/-0.007,0.067+/-0.012,0.55+/-0.16,0.61+/-0.16,0.69+/-0.17,0.75+/-0.17,0.81+/-0.18,0.86+/-0.18,0.91+/-0.18,0.97+/-0.18,1.01+/-0.18,1.06+/-0.19,1.10+/-0.19,1.15+/-0.19,1.19+/-0.19,1.24+/-0.19,1.29+/-0.19,1.33+/-0.20,1.38+/-0.20,1.42+/-0.20,1.47+/-0.20,1.52+/-0.21,1.56+/-0.21,1.61+/-0.21,1.65+/-0.21,1.70+/-0.22,1.74+/-0.22,1.79+/-0.22,1.84+/-0.22,1.88+/-0.23,1.93+/-0.23,1.97+/-0.23,2.02+/-0.24,2.06+/-0.24,2.11+/-0.24,2.16+/-0.25,2.20+/-0.25,2.25+/-0.25,2.29+/-0.26,2.34+/-0.26,2.38+/-0.27,2.43+/-0.27,2.48+/-0.27,2.52+/-0.28,2.57+/-0.28,2.61+/-0.28,2.66+/-0.29,2.71+/-0.29,2.75+/-0.30,2.80+/-0.30,2.84+/-0.30
Southern Europe,8076263,18517360,0.0,0.18+/-0.08,1.10+/-0.20,2.1+/-0.4,4.0+/-0.6,5.3+/-0.9,7.3+/-1.4,8.9+/-1.6,10.4+/-1.8,11.7+/-2.0,13.1+/-2.1,14.3+/-2.2,15.5+/-2.3,16.6+/-2.3,17.7+/-2.4,18.9+/-2.5,20.0+/-2.6,21.1+/-2.6,22.3+/-2.7,23.4+/-2.8,24.5+/-2.9,25.7+/-2.9,26.8+/-3.0,27.9+/-3.1,29.0+/-3.2,30.2+/-3.3,31.3+/-3.4,32.4+/-3.5,34+/-4,35+/-4,36+/-4,37+/-4,38+/-4,39+/-4,40+/-4,41+/-4,43+/-4,44+/-4,45+/-5,46+/-5,47+/-5,48+/-5,49+/-5,51+/-5,52+/-5,53+/-5,54+/-5,55+/-6,56+/-6,57+/-6,58+/-6,60+/-6,61+/-6
Western Africa,23215905,51786178,0.0,0.028+/-0.004,0.057+/-0.009,0.087+/-0.014,0.133+/-0.021,0.172+/-0.029,0.23+/-0.04,0.26+/-0.05,0.30+/-0.06,0.33+/-0.06,0.36+/-0.07,0.38+/-0.07,0.41+/-0.07,0.43+/-0.08,0.45+/-0.08,0.48+/-0.08,0.50+/-0.08,0.52+/-0.08,0.55+/-0.09,0.57+/-0.09,0.59+/-0.09,0.62+/-0.09,0.64+/-0.10,0.66+/-0.10,0.68+/-0.10,0.71+/-0.11,0.73+/-0.11,0.75+/-0.11,0.78+/-0.11,0.80+/-0.12,0.82+/-0.12,0.85+/-0.12,0.87+/-0.13,0.89+/-0.13,0.92+/-0.13,0.94+/-0.13,0.96+/-0.14,0.98+/-0.14,1.01+/-0.14,1.03+/-0.15,1.05+/-0.15,1.08+/-0.15,1.10+/-0.16,1.12+/-0.16,1.15+/-0.16,1.17+/-0.17,1.19+/-0.17,1.22+/-0.17,1.24+/-0.17,1.26+/-0.18,1.28+/-0.18,1.31+/-0.18,1.33+/-0.19
Western Asia,14979634,31832061,0.0,0.09+/-0.04,0.26+/-0.08,0.44+/-0.14,1.25+/-0.31,1.8+/-0.4,2.5+/-0.6,3.1+/-0.7,3.5+/-0.8,3.9+/-0.9,4.3+/-0.9,4.7+/-1.0,5.0+/-1.0,5.3+/-1.0,5.6+/-1.0,6.0+/-1.0,6.3+/-1.0,6.6+/-1.0,6.9+/-1.0,7.2+/-1.0,7.5+/-1.0,7.8+/-1.0,8.1+/-1.1,8.4+/-1.1,8.7+/-1.1,9.0+/-1.1,9.3+/-1.1,9.6+/-1.1,10.0+/-1.1,10.3+/-1.1,10.6+/-1.2,10.9+/-1.2,11.2+/-1.2,11.5+/-1.2,11.8+/-1.2,12.1+/-1.2,12.4+/-1.2,12.7+/-1.3,13.0+/-1.3,13.3+/-1.3,13.7+/-1.3,14.0+/-1.3,14.3+/-1.3,14.6+/-1.4,14.9+/-1.4,15.2+/-1.4,15.5+/-1.4,15.8+/-1.4,16.1+/-1.4,16.4+/-1.5,16.7+/-1.5,17.0+/-1.5,17.3+/-1.5
Western Europe,11377580,24476397,0.0,1.64+/-0.20,11.1+/-1.4,13.2+/-1.6,16.6+/-1.9,19.5+/-2.2,23.3+/-3.0,26.4+/-3.4,29+/-4,32+/-4,34+/-4,37+/-5,39+/-5,42+/-5,44+/-5,46+/-5,48+/-5,51+/-5,53+/-6,55+/-6,57+/-6,60+/-6,62+/-6,64+/-6,66+/-7,69+/-7,71+/-7,73+/-7,75+/-7,78+/-8,80+/-8,82+/-8,84+/-8,87+/-8,89+/-8,91+/-9,93+/-9,96+/-9,98+/-9,100+/-9,102+/-10,105+/-10,107+/-10,109+/-10,111+/-10,114+/-11,116+/-11,118+/-11,120+/-11,123+/-11,125+/-12,127+/-12,129+/-12
Global,632418707,1157676735,0.0,0.237+/-0.028,1.63+/-0.17,1.96+/-0.19,3.5+/-0.5,4.0+/-0.5,4.6+/-0.6,5.1+/-0.7,5.6+/-0.7,6.1+/-0.7,6.5+/-0.8,7.0+/-0.8,7.3+/-0.8,7.7+/-0.8,8.1+/-0.8,8.5+/-0.8,8.9+/-0.8,9.3+/-0.9,9.7+/-0.9,10.0+/-0.9,10.4+/-0.9,10.8+/-0.9,11.2+/-0.9,11.6+/-0.9,12.0+/-1.0,12.4+/-1.0,12.8+/-1.0,13.1+/-1.0,13.5+/-1.0,13.9+/-1.0,14.3+/-1.0,14.7+/-1.1,15.1+/-1.1,15.5+/-1.1,15.9+/-1.1,16.2+/-1.1,16.6+/-1.1,17.0+/-1.2,17.4+/-1.2,17.8+/-1.2,18.2+/-1.2,18.6+/-1.2,18.9+/-1.3,19.3+/-1.3,19.7+/-1.3,20.1+/-1.3,20.5+/-1.3,20.9+/-1.4,21.3+/-1.4,21.7+/-1.4,22.0+/-1.4,22.4+/-1.4,22.8+/-1.4
