,0,1,2,3,4,5,6,7,8,9,10,11,12,13,14,15,16,17,18,19,20,21,22,23,24,25,26,27,28,29,30,31,32,33,34,35,36,37,38,39,40,41,42,43,44,45,46,47,48,49,50,51,52,53,54
Aruba,5990,12882,0,0.0+/-0,0.0+/-0,0.0+/-0,(6.6+/-2.3)e+03,(6.6+/-2.3)e+03,(6.6+/-2.3)e+03,(6.6+/-2.3)e+03,(6.6+/-2.3)e+03,(6.6+/-2.3)e+03,(6.6+/-2.3)e+03,(6.6+/-2.3)e+03,(6.6+/-2.3)e+03,(6.6+/-2.3)e+03,(6.6+/-2.3)e+03,(6.6+/-2.3)e+03,(6.6+/-2.3)e+03,(6.6+/-2.3)e+03,(6.6+/-2.3)e+03,(6.6+/-2.3)e+03,(6.6+/-2.3)e+03,(6.6+/-2.3)e+03,(6.6+/-2.3)e+03,(6.6+/-2.3)e+03,(6.6+/-2.3)e+03,(6.6+/-2.3)e+03,(6.6+/-2.3)e+03,(6.6+/-2.3)e+03,(6.6+/-2.3)e+03,(6.6+/-2.3)e+03,(6.6+/-2.3)e+03,(6.6+/-2.3)e+03,(6.6+/-2.3)e+03,(6.6+/-2.3)e+03,(6.6+/-2.3)e+03,(6.6+/-2.3)e+03,(6.6+/-2.3)e+03,(6.6+/-2.3)e+03,(6.6+/-2.3)e+03,(6.6+/-2.3)e+03,(6.6+/-2.3)e+03,(6.6+/-2.3)e+03,(6.6+/-2.3)e+03,(6.6+/-2.3)e+03,(6.6+/-2.3)e+03,(6.6+/-2.3)e+03,(6.6+/-2.3)e+03,(6.6+/-2.3)e+03,(6.6+/-2.3)e+03,(6.6+/-2.3)e+03,(6.6+/-2.3)e+03,(6.6+/-2.3)e+03,(6.6+/-2.3)e+03
Afghanistan,950498,1971603,0,(2.5+/-1.3)e+03,(5.7+/-3.0)e+03,(1.0+/-0.5)e+04,(2.2+/-0.8)e+04,(3.0+/-1.3)e+04,(4.7+/-2.1)e+04,(5.5+/-2.5)e+04,(6.1+/-2.8)e+04,(6.4+/-3.0)e+04,(6.8+/-3.2)e+04,(7.0+/-3.3)e+04,(7.0+/-3.3)e+04,(7.0+/-3.3)e+04,(7.0+/-3.3)e+04,(7.0+/-3.3)e+04,(7.0+/-3.3)e+04,(7.0+/-3.3)e+04,(7.0+/-3.3)e+04,(7.0+/-3.3)e+04,(7.0+/-3.3)e+04,(7.0+/-3.3)e+04,(7.0+/-3.3)e+04,(7.0+/-3.3)e+04,(7.0+/-3.3)e+04,(7.0+/-3.3)e+04,(7.0+/-3.3)e+04,(7.0+/-3.3)e+04,(7.0+/-3.3)e+04,(7.0+/-3.3)e+04,(7.0+/-3.3)e+04,(7.0+/-3.3)e+04,(7.0+/-3.3)e+04,(7.0+/-3.3)e+04,(7.0+/-3.3)e+04,(7.0+/-3.3)e+04,(7.0+/-3.3)e+04,(7.0+/-3.3)e+04,(7.0+/-3.3)e+04,(7.0+/-3.3)e+04,(7.0+/-3.3)e+04,(7.0+/-3.3)e+04,(7.0+/-3.3)e+04,(7.0+/-3.3)e+04,(7.0+/-3.3)e+04,(7.0+/-3.3)e+04,(7.0+/-3.3)e+04,(7.0+/-3.3)e+04,(7.0+/-3.3)e+04,(7.0+/-3.3)e+04,(7.0+/-3.3)e+04,(7.0+/-3.3)e+04,(7.0+/-3.3)e+04
Angola,1496990,4707050,0,0.0+/-0,0.0+/-0,0.0+/-0,(6.6+/-2.3)e+03,(6.6+/-2.3)e+03,(6.6+/-2.3)e+03,(6.6+/-2.3)e+03,(6.6+/-2.3)e+03,(6.6+/-2.3)e+03,(6.6+/-2.3)e+03,(6.6+/-2.3)e+03,(6.6+/-2.3)e+03,(6.6+/-2.3)e+03,(6.6+/-2.3)e+03,(6.6+/-2.3)e+03,(6.6+/-2.3)e+03,(6.6+/-2.3)e+03,(6.6+/-2.3)e+03,(6.6+/-2.3)e+03,(6.6+/-2.3)e+03,(6.6+/-2.3)e+03,(6.6+/-2.3)e+03,(6.6+/-2.3)e+03,(6.6+/-2.3)e+03,(6.6+/-2.3)e+03,(6.6+/-2.3)e+03,(6.6+/-2.3)e+03,(6.6+/-2.3)e+03,(6.6+/-2.3)e+03,(6.6+/-2.3)e+03,(6.6+/-2.3)e+03,(6.6+/-2.3)e+03,(6.6+/-2.3)e+03,(6.6+/-2.3)e+03,(6.6+/-2.3)e+03,(6.6+/-2.3)e+03,(6.6+/-2.3)e+03,(6.6+/-2.3)e+03,(6.6+/-2.3)e+03,(6.6+/-2.3)e+03,(6.6+/-2.3)e+03,(6.6+/-2.3)e+03,(6.6+/-2.3)e+03,(6.6+/-2.3)e+03,(6.6+/-2.3)e+03,(6.6+/-2.3)e+03,(6.6+/-2.3)e+03,(6.6+/-2.3)e+03,(6.6+/-2.3)e+03,(6.6+/-2.3)e+03,(6.6+/-2.3)e+03,(6.6+/-2.3)e+03
Albania,221194,383977,0,(2.9+/-1.5)e+03,(6.6+/-3.4)e+03,(1.1+/-0.6)e+04,(2.4+/-0.9)e+04,(3.4+/-1.4)e+04,(5.2+/-2.4)e+04,(6.2+/-2.9)e+04,(6.9+/-3.2)e+04,(7.3+/-3.5)e+04,(8+/-4)e+04,(8+/-4)e+04,(8+/-4)e+04,(8+/-4)e+04,(8+/-4)e+04,(8+/-4)e+04,(8+/-4)e+04,(8+/-4)e+04,(8+/-4)e+04,(8+/-4)e+04,(8+/-4)e+04,(8+/-4)e+04,(8+/-4)e+04,(8+/-4)e+04,(8+/-4)e+04,(8+/-4)e+04,(8+/-4)e+04,(8+/-4)e+04,(8+/-4)e+04,(8+/-4)e+04,(8+/-4)e+04,(8+/-4)e+04,(8+/-4)e+04,(8+/-4)e+04,(8+/-4)e+04,(8+/-4)e+04,(8+/-4)e+04,(8+/-4)e+04,(8+/-4)e+04,(8+/-4)e+04,(8+/-4)e+04,(8+/-4)e+04,(8+/-4)e+04,(8+/-4)e+04,(8+/-4)e+04,(8+/-4)e+04,(8+/-4)e+04,(8+/-4)e+04,(8+/-4)e+04,(8+/-4)e+04,(8+/-4)e+04,(8+/-4)e+04,(8+/-4)e+04
Andorra,3393,10117,0,(2.6+/-1.3)e+02,(5.8+/-3.0)e+02,(1.0+/-0.5)e+03,(8.1+/-2.5)e+03,(9.0+/-2.6)e+03,(1.06+/-0.31)e+04,(1.15+/-0.35)e+04,(1.2+/-0.4)e+04,(1.2+/-0.4)e+04,(1.3+/-0.4)e+04,(1.3+/-0.4)e+04,(1.3+/-0.4)e+04,(1.3+/-0.4)e+04,(1.3+/-0.4)e+04,(1.3+/-0.4)e+04,(1.3+/-0.4)e+04,(1.3+/-0.4)e+04,(1.3+/-0.4)e+04,(1.3+/-0.4)e+04,(1.3+/-0.4)e+04,(1.3+/-0.4)e+04,(1.3+/-0.4)e+04,(1.3+/-0.4)e+04,(1.3+/-0.4)e+04,(1.3+/-0.4)e+04,(1.3+/-0.4)e+04,(1.3+/-0.4)e+04,(1.3+/-0.4)e+04,(1.3+/-0.4)e+04,(1.3+/-0.4)e+04,(1.3+/-0.4)e+04,(1.3+/-0.4)e+04,(1.3+/-0.4)e+04,(1.3+/-0.4)e+04,(1.3+/-0.4)e+04,(1.3+/-0.4)e+04,(1.3+/-0.4)e+04,(1.3+/-0.4)e+04,(1.3+/-0.4)e+04,(1.3+/-0.4)e+04,(1.3+/-0.4)e+04,(1.3+/-0.4)e+04,(1.3+/-0.4)e+04,(1.3+/-0.4)e+04,(1.3+/-0.4)e+04,(1.3+/-0.4)e+04,(1.3+/-0.4)e+04,(1.3+/-0.4)e+04,(1.3+/-0.4)e+04,(1.3+/-0.4)e+04,(1.3+/-0.4)e+04,(1.3+/-0.4)e+04
United Arab Emirates,556387,1518985,0,(1.1+/-0.6)e+05,(2.5+/-1.3)e+05,(4.1+/-2.2)e+05,(6.7+/-3.4)e+05,(1.8+/-0.5)e+06,(3.2+/-0.9)e+06,(4.3+/-1.1)e+06,(5.3+/-1.3)e+06,(6.2+/-1.4)e+06,(7.1+/-1.5)e+06,(7.9+/-1.6)e+06,(8.7+/-1.7)e+06,(9.4+/-1.7)e+06,(1.02+/-0.18)e+07,(1.09+/-0.19)e+07,(1.17+/-0.19)e+07,(1.24+/-0.20)e+07,(1.31+/-0.21)e+07,(1.39+/-0.22)e+07,(1.46+/-0.23)e+07,(1.54+/-0.23)e+07,(1.61+/-0.24)e+07,(1.68+/-0.25)e+07,(1.76+/-0.26)e+07,(1.83+/-0.27)e+07,(1.91+/-0.28)e+07,(1.98+/-0.29)e+07,(2.06+/-0.30)e+07,(2.13+/-0.31)e+07,(2.20+/-0.32)e+07,(2.28+/-0.33)e+07,(2.35+/-0.34)e+07,(2.43+/-0.35)e+07,(2.5+/-0.4)e+07,(2.6+/-0.4)e+07,(2.6+/-0.4)e+07,(2.7+/-0.4)e+07,(2.8+/-0.4)e+07,(2.9+/-0.4)e+07,(2.9+/-0.4)e+07,(3.0+/-0.4)e+07,(3.1+/-0.4)e+07,(3.2+/-0.4)e+07,(3.2+/-0.5)e+07,(3.3+/-0.5)e+07,(3.4+/-0.5)e+07,(3.5+/-0.5)e+07,(3.5+/-0.5)e+07,(3.6+/-0.5)e+07,(3.7+/-0.5)e+07,(3.8+/-0.5)e+07,(3.8+/-0.5)e+07
Argentina,1752945,6283946,0,(2.0+/-1.0)e+05,(4.5+/-2.4)e+05,(7+/-4)e+05,(1.4+/-0.6)e+06,(2.0+/-1.0)e+06,(3.3+/-1.7)e+06,(5.2+/-2.0)e+06,(6.9+/-2.3)e+06,(8.4+/-2.4)e+06,(9.9+/-2.6)e+06,(1.14+/-0.28)e+07,(1.26+/-0.28)e+07,(1.38+/-0.29)e+07,(1.51+/-0.30)e+07,(1.63+/-0.31)e+07,(1.76+/-0.32)e+07,(1.88+/-0.33)e+07,(2.00+/-0.34)e+07,(2.13+/-0.35)e+07,(2.3+/-0.4)e+07,(2.4+/-0.4)e+07,(2.5+/-0.4)e+07,(2.6+/-0.4)e+07,(2.7+/-0.4)e+07,(2.9+/-0.4)e+07,(3.0+/-0.4)e+07,(3.1+/-0.5)e+07,(3.2+/-0.5)e+07,(3.4+/-0.5)e+07,(3.5+/-0.5)e+07,(3.6+/-0.5)e+07,(3.7+/-0.5)e+07,(3.9+/-0.5)e+07,(4.0+/-0.6)e+07,(4.1+/-0.6)e+07,(4.2+/-0.6)e+07,(4.4+/-0.6)e+07,(4.5+/-0.6)e+07,(4.6+/-0.6)e+07,(4.7+/-0.7)e+07,(4.9+/-0.7)e+07,(5.0+/-0.7)e+07,(5.1+/-0.7)e+07,(5.2+/-0.7)e+07,(5.3+/-0.7)e+07,(5.5+/-0.8)e+07,(5.6+/-0.8)e+07,(5.7+/-0.8)e+07,(5.8+/-0.8)e+07,(6.0+/-0.8)e+07,(6.1+/-0.8)e+07,(6.2+/-0.9)e+07
Armenia,208473,380402,0,(4.7+/-2.5)e+03,(1.1+/-0.6)e+04,(1.8+/-0.9)e+04,(3.5+/-1.5)e+04,(5.0+/-2.3)e+04,(8+/-4)e+04,(1.0+/-0.5)e+05,(1.1+/-0.5)e+05,(1.1+/-0.6)e+05,(1.2+/-0.6)e+05,(1.2+/-0.6)e+05,(1.2+/-0.6)e+05,(1.2+/-0.6)e+05,(1.2+/-0.6)e+05,(1.2+/-0.6)e+05,(1.2+/-0.6)e+05,(1.2+/-0.6)e+05,(1.2+/-0.6)e+05,(1.2+/-0.6)e+05,(1.2+/-0.6)e+05,(1.2+/-0.6)e+05,(1.2+/-0.6)e+05,(1.2+/-0.6)e+05,(1.2+/-0.6)e+05,(1.2+/-0.6)e+05,(1.2+/-0.6)e+05,(1.2+/-0.6)e+05,(1.2+/-0.6)e+05,(1.2+/-0.6)e+05,(1.2+/-0.6)e+05,(1.2+/-0.6)e+05,(1.2+/-0.6)e+05,(1.2+/-0.6)e+05,(1.2+/-0.6)e+05,(1.2+/-0.6)e+05,(1.2+/-0.6)e+05,(1.2+/-0.6)e+05,(1.2+/-0.6)e+05,(1.2+/-0.6)e+05,(1.2+/-0.6)e+05,(1.2+/-0.6)e+05,(1.2+/-0.6)e+05,(1.2+/-0.6)e+05,(1.2+/-0.6)e+05,(1.2+/-0.6)e+05,(1.2+/-0.6)e+05,(1.2+/-0.6)e+05,(1.2+/-0.6)e+05,(1.2+/-0.6)e+05,(1.2+/-0.6)e+05,(1.2+/-0.6)e+05,(1.2+/-0.6)e+05
American Samoa,5553,11918,0,0.0+/-0,0.0+/-0,0.0+/-0,(6.6+/-2.3)e+03,(6.6+/-2.3)e+03,(6.6+/-2.3)e+03,(6.6+/-2.3)e+03,(6.6+/-2.3)e+03,(6.6+/-2.3)e+03,(6.6+/-2.3)e+03,(6.6+/-2.3)e+03,(6.6+/-2.3)e+03,(6.6+/-2.3)e+03,(6.6+/-2.3)e+03,(6.6+/-2.3)e+03,(6.6+/-2.3)e+03,(6.6+/-2.3)e+03,(6.6+/-2.3)e+03,(6.6+/-2.3)e+03,(6.6+/-2.3)e+03,(6.6+/-2.3)e+03,(6.6+/-2.3)e+03,(6.6+/-2.3)e+03,(6.6+/-2.3)e+03,(6.6+/-2.3)e+03,(6.6+/-2.3)e+03,(6.6+/-2.3)e+03,(6.6+/-2.3)e+03,(6.6+/-2.3)e+03,(6.6+/-2.3)e+03,(6.6+/-2.3)e+03,(6.6+/-2.3)e+03,(6.6+/-2.3)e+03,(6.6+/-2.3)e+03,(6.6+/-2.3)e+03,(6.6+/-2.3)e+03,(6.6+/-2.3)e+03,(6.6+/-2.3)e+03,(6.6+/-2.3)e+03,(6.6+/-2.3)e+03,(6.6+/-2.3)e+03,(6.6+/-2.3)e+03,(6.6+/-2.3)e+03,(6.6+/-2.3)e+03,(6.6+/-2.3)e+03,(6.6+/-2.3)e+03,(6.6+/-2.3)e+03,(6.6+/-2.3)e+03,(6.6+/-2.3)e+03,(6.6+/-2.3)e+03,(6.6+/-2.3)e+03,(6.6+/-2.3)e+03
Antigua and Barbuda,10319,14971,0,(9+/-4)e+01,(1.9+/-1.0)e+02,(3.2+/-1.7)e+02,(7.1+/-2.3)e+03,(7.4+/-2.4)e+03,(7.9+/-2.4)e+03,(8.2+/-2.5)e+03,(8.4+/-2.5)e+03,(8.5+/-2.5)e+03,(8.6+/-2.6)e+03,(8.7+/-2.6)e+03,(8.7+/-2.6)e+03,(8.7+/-2.6)e+03,(8.7+/-2.6)e+03,(8.7+/-2.6)e+03,(8.7+/-2.6)e+03,(8.7+/-2.6)e+03,(8.7+/-2.6)e+03,(8.7+/-2.6)e+03,(8.7+/-2.6)e+03,(8.7+/-2.6)e+03,(8.7+/-2.6)e+03,(8.7+/-2.6)e+03,(8.7+/-2.6)e+03,(8.7+/-2.6)e+03,(8.7+/-2.6)e+03,(8.7+/-2.6)e+03,(8.7+/-2.6)e+03,(8.7+/-2.6)e+03,(8.7+/-2.6)e+03,(8.7+/-2.6)e+03,(8.7+/-2.6)e+03,(8.7+/-2.6)e+03,(8.7+/-2.6)e+03,(8.7+/-2.6)e+03,(8.7+/-2.6)e+03,(8.7+/-2.6)e+03,(8.7+/-2.6)e+03,(8.7+/-2.6)e+03,(8.7+/-2.6)e+03,(8.7+/-2.6)e+03,(8.7+/-2.6)e+03,(8.7+/-2.6)e+03,(8.7+/-2.6)e+03,(8.7+/-2.6)e+03,(8.7+/-2.6)e+03,(8.7+/-2.6)e+03,(8.7+/-2.6)e+03,(8.7+/-2.6)e+03,(8.7+/-2.6)e+03,(8.7+/-2.6)e+03,(8.7+/-2.6)e+03
Australia,1094416,2613065,0,(1.9+/-1.0)e+05,(4.2+/-2.2)e+05,(7+/-4)e+05,(1.00+/-0.29)e+07,(1.20+/-0.30)e+07,(1.45+/-0.33)e+07,(1.65+/-0.35)e+07,(1.8+/-0.4)e+07,(2.0+/-0.4)e+07,(2.1+/-0.4)e+07,(2.3+/-0.4)e+07,(2.4+/-0.4)e+07,(2.6+/-0.4)e+07,(2.7+/-0.4)e+07,(2.8+/-0.4)e+07,(3.0+/-0.4)e+07,(3.1+/-0.5)e+07,(3.2+/-0.5)e+07,(3.4+/-0.5)e+07,(3.5+/-0.5)e+07,(3.6+/-0.5)e+07,(3.8+/-0.5)e+07,(3.9+/-0.5)e+07,(4.0+/-0.5)e+07,(4.2+/-0.6)e+07,(4.3+/-0.6)e+07,(4.4+/-0.6)e+07,(4.6+/-0.6)e+07,(4.7+/-0.6)e+07,(4.8+/-0.6)e+07,(5.0+/-0.7)e+07,(5.1+/-0.7)e+07,(5.2+/-0.7)e+07,(5.4+/-0.7)e+07,(5.5+/-0.7)e+07,(5.6+/-0.7)e+07,(5.8+/-0.8)e+07,(5.9+/-0.8)e+07,(6.0+/-0.8)e+07,(6.2+/-0.8)e+07,(6.3+/-0.8)e+07,(6.4+/-0.8)e+07,(6.6+/-0.9)e+07,(6.7+/-0.9)e+07,(6.8+/-0.9)e+07,(7.0+/-0.9)e+07,(7.1+/-0.9)e+07,(7.2+/-0.9)e+07,(7.4+/-1.0)e+07,(7.5+/-1.0)e+07,(7.6+/-1.0)e+07,(7.8+/-1.0)e+07
Austria,498508,1175324,0,(1.5+/-0.8)e+05,(3.5+/-1.8)e+05,(5.8+/-3.0)e+05,(9+/-5)e+05,(2.6+/-0.8)e+06,(4.7+/-1.3)e+06,(6.3+/-1.6)e+06,(7.8+/-1.8)e+06,(9.2+/-2.0)e+06,(1.05+/-0.22)e+07,(1.18+/-0.23)e+07,(1.29+/-0.24)e+07,(1.41+/-0.25)e+07,(1.52+/-0.26)e+07,(1.63+/-0.27)e+07,(1.75+/-0.28)e+07,(1.86+/-0.29)e+07,(1.97+/-0.30)e+07,(2.09+/-0.32)e+07,(2.20+/-0.33)e+07,(2.31+/-0.34)e+07,(2.4+/-0.4)e+07,(2.5+/-0.4)e+07,(2.7+/-0.4)e+07,(2.8+/-0.4)e+07,(2.9+/-0.4)e+07,(3.0+/-0.4)e+07,(3.1+/-0.4)e+07,(3.2+/-0.5)e+07,(3.3+/-0.5)e+07,(3.4+/-0.5)e+07,(3.6+/-0.5)e+07,(3.7+/-0.5)e+07,(3.8+/-0.5)e+07,(3.9+/-0.5)e+07,(4.0+/-0.6)e+07,(4.1+/-0.6)e+07,(4.2+/-0.6)e+07,(4.4+/-0.6)e+07,(4.5+/-0.6)e+07,(4.6+/-0.6)e+07,(4.7+/-0.6)e+07,(4.8+/-0.7)e+07,(4.9+/-0.7)e+07,(5.0+/-0.7)e+07,(5.1+/-0.7)e+07,(5.3+/-0.7)e+07,(5.4+/-0.7)e+07,(5.5+/-0.8)e+07,(5.6+/-0.8)e+07,(5.7+/-0.8)e+07,(5.8+/-0.8)e+07
Azerbaijan,575631,1122313,0,(4.8+/-0.7)e+04,(9.9+/-1.5)e+04,(1.51+/-0.24)e+05,(2.16+/-0.35)e+05,(2.8+/-0.5)e+05,(3.7+/-0.8)e+05,(4.4+/-0.9)e+05,(5.0+/-1.0)e+05,(5.5+/-1.1)e+05,(6.0+/-1.2)e+05,(6.5+/-1.2)e+05,(6.9+/-1.3)e+05,(7.3+/-1.3)e+05,(7.7+/-1.3)e+05,(8.1+/-1.4)e+05,(8.5+/-1.4)e+05,(8.9+/-1.5)e+05,(9.3+/-1.5)e+05,(9.7+/-1.5)e+05,(1.01+/-0.16)e+06,(1.05+/-0.16)e+06,(1.09+/-0.17)e+06,(1.13+/-0.17)e+06,(1.17+/-0.18)e+06,(1.21+/-0.18)e+06,(1.25+/-0.19)e+06,(1.29+/-0.19)e+06,(1.33+/-0.20)e+06,(1.37+/-0.20)e+06,(1.42+/-0.21)e+06,(1.46+/-0.21)e+06,(1.50+/-0.22)e+06,(1.54+/-0.22)e+06,(1.58+/-0.23)e+06,(1.62+/-0.23)e+06,(1.66+/-0.24)e+06,(1.70+/-0.24)e+06,(1.74+/-0.25)e+06,(1.78+/-0.25)e+06,(1.82+/-0.26)e+06,(1.86+/-0.26)e+06,(1.90+/-0.27)e+06,(1.94+/-0.28)e+06,(1.98+/-0.28)e+06,(2.02+/-0.29)e+06,(2.06+/-0.29)e+06,(2.10+/-0.30)e+06,(2.14+/-0.30)e+06,(2.18+/-0.31)e+06,(2.22+/-0.31)e+06,(2.26+/-0.32)e+06,(2.30+/-0.33)e+06
Burundi,167437,417433,0,0.0+/-0,0.0+/-0,0.0+/-0,(6.6+/-2.3)e+03,(6.6+/-2.3)e+03,(6.6+/-2.3)e+03,(6.6+/-2.3)e+03,(6.6+/-2.3)e+03,(6.6+/-2.3)e+03,(6.6+/-2.3)e+03,(6.6+/-2.3)e+03,(6.6+/-2.3)e+03,(6.6+/-2.3)e+03,(6.6+/-2.3)e+03,(6.6+/-2.3)e+03,(6.6+/-2.3)e+03,(6.6+/-2.3)e+03,(6.6+/-2.3)e+03,(6.6+/-2.3)e+03,(6.6+/-2.3)e+03,(6.6+/-2.3)e+03,(6.6+/-2.3)e+03,(6.6+/-2.3)e+03,(6.6+/-2.3)e+03,(6.6+/-2.3)e+03,(6.6+/-2.3)e+03,(6.6+/-2.3)e+03,(6.6+/-2.3)e+03,(6.6+/-2.3)e+03,(6.6+/-2.3)e+03,(6.6+/-2.3)e+03,(6.6+/-2.3)e+03,(6.6+/-2.3)e+03,(6.6+/-2.3)e+03,(6.6+/-2.3)e+03,(6.6+/-2.3)e+03,(6.6+/-2.3)e+03,(6.6+/-2.3)e+03,(6.6+/-2.3)e+03,(6.6+/-2.3)e+03,(6.6+/-2.3)e+03,(6.6+/-2.3)e+03,(6.6+/-2.3)e+03,(6.6+/-2.3)e+03,(6.6+/-2.3)e+03,(6.6+/-2.3)e+03,(6.6+/-2.3)e+03,(6.6+/-2.3)e+03,(6.6+/-2.3)e+03,(6.6+/-2.3)e+03,(6.6+/-2.3)e+03,(6.6+/-2.3)e+03
Belgium,471532,1176561,0,(1.4+/-0.7)e+05,(3.2+/-1.7)e+05,(5.3+/-2.8)e+05,(9+/-4)e+05,(1.3+/-0.7)e+06,(2.2+/-1.2)e+06,(2.7+/-1.4)e+06,(3.8+/-1.6)e+06,(4.8+/-1.7)e+06,(5.7+/-1.8)e+06,(6.6+/-1.9)e+06,(7.4+/-1.9)e+06,(8.1+/-2.0)e+06,(8.9+/-2.0)e+06,(9.6+/-2.1)e+06,(1.04+/-0.21)e+07,(1.12+/-0.22)e+07,(1.19+/-0.22)e+07,(1.27+/-0.23)e+07,(1.34+/-0.24)e+07,(1.42+/-0.24)e+07,(1.50+/-0.25)e+07,(1.57+/-0.26)e+07,(1.65+/-0.27)e+07,(1.72+/-0.27)e+07,(1.80+/-0.28)e+07,(1.87+/-0.29)e+07,(1.95+/-0.30)e+07,(2.03+/-0.31)e+07,(2.10+/-0.32)e+07,(2.18+/-0.33)e+07,(2.25+/-0.34)e+07,(2.33+/-0.34)e+07,(2.41+/-0.35)e+07,(2.5+/-0.4)e+07,(2.6+/-0.4)e+07,(2.6+/-0.4)e+07,(2.7+/-0.4)e+07,(2.8+/-0.4)e+07,(2.9+/-0.4)e+07,(2.9+/-0.4)e+07,(3.0+/-0.4)e+07,(3.1+/-0.4)e+07,(3.2+/-0.5)e+07,(3.2+/-0.5)e+07,(3.3+/-0.5)e+07,(3.4+/-0.5)e+07,(3.5+/-0.5)e+07,(3.5+/-0.5)e+07,(3.6+/-0.5)e+07,(3.7+/-0.5)e+07,(3.8+/-0.5)e+07
Benin,1115111,2494161,0,0.0+/-0,0.0+/-0,0.0+/-0,(6.6+/-2.3)e+03,(6.6+/-2.3)e+03,(6.6+/-2.3)e+03,(6.6+/-2.3)e+03,(6.6+/-2.3)e+03,(6.6+/-2.3)e+03,(6.6+/-2.3)e+03,(6.6+/-2.3)e+03,(6.6+/-2.3)e+03,(6.6+/-2.3)e+03,(6.6+/-2.3)e+03,(6.6+/-2.3)e+03,(6.6+/-2.3)e+03,(6.6+/-2.3)e+03,(6.6+/-2.3)e+03,(6.6+/-2.3)e+03,(6.6+/-2.3)e+03,(6.6+/-2.3)e+03,(6.6+/-2.3)e+03,(6.6+/-2.3)e+03,(6.6+/-2.3)e+03,(6.6+/-2.3)e+03,(6.6+/-2.3)e+03,(6.6+/-2.3)e+03,(6.6+/-2.3)e+03,(6.6+/-2.3)e+03,(6.6+/-2.3)e+03,(6.6+/-2.3)e+03,(6.6+/-2.3)e+03,(6.6+/-2.3)e+03,(6.6+/-2.3)e+03,(6.6+/-2.3)e+03,(6.6+/-2.3)e+03,(6.6+/-2.3)e+03,(6.6+/-2.3)e+03,(6.6+/-2.3)e+03,(6.6+/-2.3)e+03,(6.6+/-2.3)e+03,(6.6+/-2.3)e+03,(6.6+/-2.3)e+03,(6.6+/-2.3)e+03,(6.6+/-2.3)e+03,(6.6+/-2.3)e+03,(6.6+/-2.3)e+03,(6.6+/-2.3)e+03,(6.6+/-2.3)e+03,(6.6+/-2.3)e+03,(6.6+/-2.3)e+03,(6.6+/-2.3)e+03
Burkina Faso,308337,1185936,0,0.0+/-0,0.0+/-0,0.0+/-0,(6.6+/-2.3)e+03,(6.6+/-2.3)e+03,(6.6+/-2.3)e+03,(6.6+/-2.3)e+03,(6.6+/-2.3)e+03,(6.6+/-2.3)e+03,(6.6+/-2.3)e+03,(6.6+/-2.3)e+03,(6.6+/-2.3)e+03,(6.6+/-2.3)e+03,(6.6+/-2.3)e+03,(6.6+/-2.3)e+03,(6.6+/-2.3)e+03,(6.6+/-2.3)e+03,(6.6+/-2.3)e+03,(6.6+/-2.3)e+03,(6.6+/-2.3)e+03,(6.6+/-2.3)e+03,(6.6+/-2.3)e+03,(6.6+/-2.3)e+03,(6.6+/-2.3)e+03,(6.6+/-2.3)e+03,(6.6+/-2.3)e+03,(6.6+/-2.3)e+03,(6.6+/-2.3)e+03,(6.6+/-2.3)e+03,(6.6+/-2.3)e+03,(6.6+/-2.3)e+03,(6.6+/-2.3)e+03,(6.6+/-2.3)e+03,(6.6+/-2.3)e+03,(6.6+/-2.3)e+03,(6.6+/-2.3)e+03,(6.6+/-2.3)e+03,(6.6+/-2.3)e+03,(6.6+/-2.3)e+03,(6.6+/-2.3)e+03,(6.6+/-2.3)e+03,(6.6+/-2.3)e+03,(6.6+/-2.3)e+03,(6.6+/-2.3)e+03,(6.6+/-2.3)e+03,(6.6+/-2.3)e+03,(6.6+/-2.3)e+03,(6.6+/-2.3)e+03,(6.6+/-2.3)e+03,(6.6+/-2.3)e+03,(6.6+/-2.3)e+03,(6.6+/-2.3)e+03
Bangladesh,18192142,28435577,0,(1.10+/-0.16)e+06,(2.24+/-0.33)e+06,(3.4+/-0.5)e+06,(6.5+/-1.0)e+06,(7.9+/-1.2)e+06,(9.9+/-1.7)e+06,(1.13+/-0.20)e+07,(1.26+/-0.22)e+07,(1.38+/-0.23)e+07,(1.50+/-0.25)e+07,(1.61+/-0.26)e+07,(1.70+/-0.27)e+07,(1.79+/-0.28)e+07,(1.89+/-0.29)e+07,(1.98+/-0.30)e+07,(2.08+/-0.31)e+07,(2.17+/-0.32)e+07,(2.26+/-0.33)e+07,(2.36+/-0.34)e+07,(2.45+/-0.35)e+07,(2.5+/-0.4)e+07,(2.6+/-0.4)e+07,(2.7+/-0.4)e+07,(2.8+/-0.4)e+07,(2.9+/-0.4)e+07,(3.0+/-0.4)e+07,(3.1+/-0.4)e+07,(3.2+/-0.4)e+07,(3.3+/-0.5)e+07,(3.4+/-0.5)e+07,(3.5+/-0.5)e+07,(3.6+/-0.5)e+07,(3.7+/-0.5)e+07,(3.8+/-0.5)e+07,(3.9+/-0.5)e+07,(4.0+/-0.5)e+07,(4.1+/-0.6)e+07,(4.1+/-0.6)e+07,(4.2+/-0.6)e+07,(4.3+/-0.6)e+07,(4.4+/-0.6)e+07,(4.5+/-0.6)e+07,(4.6+/-0.6)e+07,(4.7+/-0.6)e+07,(4.8+/-0.7)e+07,(4.9+/-0.7)e+07,(5.0+/-0.7)e+07,(5.1+/-0.7)e+07,(5.2+/-0.7)e+07,(5.3+/-0.7)e+07,(5.4+/-0.7)e+07,(5.5+/-0.8)e+07
Bulgaria,332807,805127,0,(1.9+/-1.0)e+04,(4.3+/-2.2)e+04,(7+/-4)e+04,(1.6+/-0.6)e+06,(1.7+/-0.6)e+06,(2.0+/-0.6)e+06,(2.1+/-0.6)e+06,(2.3+/-0.6)e+06,(2.5+/-0.6)e+06,(2.6+/-0.6)e+06,(2.8+/-0.6)e+06,(2.9+/-0.6)e+06,(3.0+/-0.6)e+06,(3.1+/-0.6)e+06,(3.3+/-0.7)e+06,(3.4+/-0.7)e+06,(3.5+/-0.7)e+06,(3.6+/-0.7)e+06,(3.8+/-0.7)e+06,(3.9+/-0.7)e+06,(4.0+/-0.7)e+06,(4.1+/-0.7)e+06,(4.3+/-0.7)e+06,(4.4+/-0.7)e+06,(4.5+/-0.7)e+06,(4.6+/-0.7)e+06,(4.7+/-0.7)e+06,(4.9+/-0.8)e+06,(5.0+/-0.8)e+06,(5.1+/-0.8)e+06,(5.2+/-0.8)e+06,(5.4+/-0.8)e+06,(5.5+/-0.8)e+06,(5.6+/-0.8)e+06,(5.7+/-0.8)e+06,(5.9+/-0.8)e+06,(6.0+/-0.9)e+06,(6.1+/-0.9)e+06,(6.2+/-0.9)e+06,(6.4+/-0.9)e+06,(6.5+/-0.9)e+06,(6.6+/-0.9)e+06,(6.7+/-0.9)e+06,(6.9+/-0.9)e+06,(7.0+/-1.0)e+06,(7.1+/-1.0)e+06,(7.2+/-1.0)e+06,(7.4+/-1.0)e+06,(7.5+/-1.0)e+06,(7.6+/-1.0)e+06,(7.7+/-1.0)e+06,(7.9+/-1.1)e+06
Bahrain,71647,195604,0,(1.9+/-1.0)e+04,(4.2+/-2.2)e+04,(7+/-4)e+04,(1.2+/-0.6)e+05,(1.8+/-0.9)e+05,(3.0+/-1.5)e+05,(4.8+/-1.9)e+05,(6.3+/-2.1)e+05,(7.7+/-2.3)e+05,(9.1+/-2.5)e+05,(1.04+/-0.26)e+06,(1.16+/-0.27)e+06,(1.27+/-0.27)e+06,(1.38+/-0.28)e+06,(1.50+/-0.29)e+06,(1.61+/-0.30)e+06,(1.72+/-0.31)e+06,(1.84+/-0.32)e+06,(1.95+/-0.33)e+06,(2.06+/-0.34)e+06,(2.18+/-0.35)e+06,(2.3+/-0.4)e+06,(2.4+/-0.4)e+06,(2.5+/-0.4)e+06,(2.6+/-0.4)e+06,(2.7+/-0.4)e+06,(2.9+/-0.4)e+06,(3.0+/-0.4)e+06,(3.1+/-0.5)e+06,(3.2+/-0.5)e+06,(3.3+/-0.5)e+06,(3.4+/-0.5)e+06,(3.5+/-0.5)e+06,(3.6+/-0.5)e+06,(3.8+/-0.5)e+06,(3.9+/-0.6)e+06,(4.0+/-0.6)e+06,(4.1+/-0.6)e+06,(4.2+/-0.6)e+06,(4.3+/-0.6)e+06,(4.4+/-0.6)e+06,(4.6+/-0.6)e+06,(4.7+/-0.7)e+06,(4.8+/-0.7)e+06,(4.9+/-0.7)e+06,(5.0+/-0.7)e+06,(5.1+/-0.7)e+06,(5.2+/-0.7)e+06,(5.3+/-0.8)e+06,(5.5+/-0.8)e+06,(5.6+/-0.8)e+06,(5.7+/-0.8)e+06
Bahamas,25243,65752,0,(2.7+/-1.4)e+02,(6.1+/-3.2)e+02,(1.0+/-0.5)e+03,(8.2+/-2.5)e+03,(9.1+/-2.7)e+03,(1.08+/-0.32)e+04,(1.2+/-0.4)e+04,(1.2+/-0.4)e+04,(1.3+/-0.4)e+04,(1.3+/-0.4)e+04,(1.3+/-0.4)e+04,(1.3+/-0.4)e+04,(1.3+/-0.4)e+04,(1.3+/-0.4)e+04,(1.3+/-0.4)e+04,(1.3+/-0.4)e+04,(1.3+/-0.4)e+04,(1.3+/-0.4)e+04,(1.3+/-0.4)e+04,(1.3+/-0.4)e+04,(1.3+/-0.4)e+04,(1.3+/-0.4)e+04,(1.3+/-0.4)e+04,(1.3+/-0.4)e+04,(1.3+/-0.4)e+04,(1.3+/-0.4)e+04,(1.3+/-0.4)e+04,(1.3+/-0.4)e+04,(1.3+/-0.4)e+04,(1.3+/-0.4)e+04,(1.3+/-0.4)e+04,(1.3+/-0.4)e+04,(1.3+/-0.4)e+04,(1.3+/-0.4)e+04,(1.3+/-0.4)e+04,(1.3+/-0.4)e+04,(1.3+/-0.4)e+04,(1.3+/-0.4)e+04,(1.3+/-0.4)e+04,(1.3+/-0.4)e+04,(1.3+/-0.4)e+04,(1.3+/-0.4)e+04,(1.3+/-0.4)e+04,(1.3+/-0.4)e+04,(1.3+/-0.4)e+04,(1.3+/-0.4)e+04,(1.3+/-0.4)e+04,(1.3+/-0.4)e+04,(1.3+/-0.4)e+04,(1.3+/-0.4)e+04,(1.3+/-0.4)e+04,(1.3+/-0.4)e+04
Bosnia and Herzegovina,157408,355565,0,(7+/-4)e+03,(1.5+/-0.8)e+04,(2.6+/-1.3)e+04,(7.1+/-2.5)e+05,(7.4+/-2.5)e+05,(7.8+/-2.6)e+05,(8.0+/-2.6)e+05,(8.6+/-2.6)e+05,(9.1+/-2.6)e+05,(9.6+/-2.7)e+05,(1.00+/-0.27)e+06,(1.04+/-0.27)e+06,(1.08+/-0.27)e+06,(1.12+/-0.27)e+06,(1.16+/-0.27)e+06,(1.20+/-0.27)e+06,(1.24+/-0.27)e+06,(1.28+/-0.27)e+06,(1.32+/-0.28)e+06,(1.36+/-0.28)e+06,(1.40+/-0.28)e+06,(1.43+/-0.28)e+06,(1.47+/-0.28)e+06,(1.51+/-0.28)e+06,(1.55+/-0.29)e+06,(1.59+/-0.29)e+06,(1.63+/-0.29)e+06,(1.67+/-0.29)e+06,(1.71+/-0.30)e+06,(1.75+/-0.30)e+06,(1.79+/-0.30)e+06,(1.83+/-0.30)e+06,(1.87+/-0.31)e+06,(1.91+/-0.31)e+06,(1.95+/-0.31)e+06,(1.99+/-0.31)e+06,(2.02+/-0.32)e+06,(2.06+/-0.32)e+06,(2.10+/-0.32)e+06,(2.14+/-0.33)e+06,(2.18+/-0.33)e+06,(2.22+/-0.33)e+06,(2.26+/-0.34)e+06,(2.30+/-0.34)e+06,(2.34+/-0.35)e+06,(2.38+/-0.35)e+06,(2.42+/-0.35)e+06,(2.5+/-0.4)e+06,(2.5+/-0.4)e+06,(2.5+/-0.4)e+06,(2.6+/-0.4)e+06,(2.6+/-0.4)e+06
Belarus,619860,1266857,0,(3.1+/-1.6)e+04,(7+/-4)e+04,(1.2+/-0.6)e+05,(1.9+/-1.0)e+05,(2.9+/-1.5)e+05,(4.9+/-2.5)e+05,(7.8+/-3.1)e+05,(1.03+/-0.35)e+06,(1.3+/-0.4)e+06,(1.5+/-0.4)e+06,(1.7+/-0.4)e+06,(1.9+/-0.4)e+06,(2.1+/-0.4)e+06,(2.3+/-0.5)e+06,(2.5+/-0.5)e+06,(2.6+/-0.5)e+06,(2.8+/-0.5)e+06,(3.0+/-0.5)e+06,(3.2+/-0.5)e+06,(3.4+/-0.6)e+06,(3.6+/-0.6)e+06,(3.8+/-0.6)e+06,(3.9+/-0.6)e+06,(4.1+/-0.6)e+06,(4.3+/-0.7)e+06,(4.5+/-0.7)e+06,(4.7+/-0.7)e+06,(4.9+/-0.7)e+06,(5.1+/-0.7)e+06,(5.2+/-0.8)e+06,(5.4+/-0.8)e+06,(5.6+/-0.8)e+06,(5.8+/-0.8)e+06,(6.0+/-0.9)e+06,(6.2+/-0.9)e+06,(6.4+/-0.9)e+06,(6.5+/-0.9)e+06,(6.7+/-1.0)e+06,(6.9+/-1.0)e+06,(7.1+/-1.0)e+06,(7.3+/-1.0)e+06,(7.5+/-1.1)e+06,(7.7+/-1.1)e+06,(7.9+/-1.1)e+06,(8.0+/-1.1)e+06,(8.2+/-1.2)e+06,(8.4+/-1.2)e+06,(8.6+/-1.2)e+06,(8.8+/-1.2)e+06,(9.0+/-1.3)e+06,(9.2+/-1.3)e+06,(9.3+/-1.3)e+06
Belize,25432,61862,0,(3.4+/-1.8)e+02,(8+/-4)e+02,(1.3+/-0.7)e+03,(8.7+/-2.6)e+03,(9.8+/-2.9)e+03,(1.2+/-0.4)e+04,(1.3+/-0.4)e+04,(1.4+/-0.4)e+04,(1.4+/-0.5)e+04,(1.5+/-0.5)e+04,(1.5+/-0.5)e+04,(1.5+/-0.5)e+04,(1.5+/-0.5)e+04,(1.5+/-0.5)e+04,(1.5+/-0.5)e+04,(1.5+/-0.5)e+04,(1.5+/-0.5)e+04,(1.5+/-0.5)e+04,(1.5+/-0.5)e+04,(1.5+/-0.5)e+04,(1.5+/-0.5)e+04,(1.5+/-0.5)e+04,(1.5+/-0.5)e+04,(1.5+/-0.5)e+04,(1.5+/-0.5)e+04,(1.5+/-0.5)e+04,(1.5+/-0.5)e+04,(1.5+/-0.5)e+04,(1.5+/-0.5)e+04,(1.5+/-0.5)e+04,(1.5+/-0.5)e+04,(1.5+/-0.5)e+04,(1.5+/-0.5)e+04,(1.5+/-0.5)e+04,(1.5+/-0.5)e+04,(1.5+/-0.5)e+04,(1.5+/-0.5)e+04,(1.5+/-0.5)e+04,(1.5+/-0.5)e+04,(1.5+/-0.5)e+04,(1.5+/-0.5)e+04,(1.5+/-0.5)e+04,(1.5+/-0.5)e+04,(1.5+/-0.5)e+04,(1.5+/-0.5)e+04,(1.5+/-0.5)e+04,(1.5+/-0.5)e+04,(1.5+/-0.5)e+04,(1.5+/-0.5)e+04,(1.5+/-0.5)e+04,(1.5+/-0.5)e+04,(1.5+/-0.5)e+04
Bermuda,5674,12202,0,0.0+/-0,0.0+/-0,0.0+/-0,(6.6+/-2.3)e+03,(6.6+/-2.3)e+03,(6.6+/-2.3)e+03,(6.6+/-2.3)e+03,(6.6+/-2.3)e+03,(6.6+/-2.3)e+03,(6.6+/-2.3)e+03,(6.6+/-2.3)e+03,(6.6+/-2.3)e+03,(6.6+/-2.3)e+03,(6.6+/-2.3)e+03,(6.6+/-2.3)e+03,(6.6+/-2.3)e+03,(6.6+/-2.3)e+03,(6.6+/-2.3)e+03,(6.6+/-2.3)e+03,(6.6+/-2.3)e+03,(6.6+/-2.3)e+03,(6.6+/-2.3)e+03,(6.6+/-2.3)e+03,(6.6+/-2.3)e+03,(6.6+/-2.3)e+03,(6.6+/-2.3)e+03,(6.6+/-2.3)e+03,(6.6+/-2.3)e+03,(6.6+/-2.3)e+03,(6.6+/-2.3)e+03,(6.6+/-2.3)e+03,(6.6+/-2.3)e+03,(6.6+/-2.3)e+03,(6.6+/-2.3)e+03,(6.6+/-2.3)e+03,(6.6+/-2.3)e+03,(6.6+/-2.3)e+03,(6.6+/-2.3)e+03,(6.6+/-2.3)e+03,(6.6+/-2.3)e+03,(6.6+/-2.3)e+03,(6.6+/-2.3)e+03,(6.6+/-2.3)e+03,(6.6+/-2.3)e+03,(6.6+/-2.3)e+03,(6.6+/-2.3)e+03,(6.6+/-2.3)e+03,(6.6+/-2.3)e+03,(6.6+/-2.3)e+03,(6.6+/-2.3)e+03,(6.6+/-2.3)e+03,(6.6+/-2.3)e+03
Bolivia,1101485,2398749,0,(4.9+/-0.7)e+04,(1.01+/-0.15)e+05,(1.54+/-0.24)e+05,(2.20+/-0.35)e+05,(2.9+/-0.5)e+05,(3.8+/-0.8)e+05,(4.5+/-0.9)e+05,(5.1+/-1.0)e+05,(5.6+/-1.1)e+05,(6.1+/-1.2)e+05,(6.6+/-1.2)e+05,(7.0+/-1.3)e+05,(7.4+/-1.3)e+05,(7.9+/-1.3)e+05,(8.3+/-1.4)e+05,(8.7+/-1.4)e+05,(9.1+/-1.5)e+05,(9.5+/-1.5)e+05,(9.9+/-1.6)e+05,(1.03+/-0.16)e+06,(1.08+/-0.17)e+06,(1.12+/-0.17)e+06,(1.16+/-0.17)e+06,(1.20+/-0.18)e+06,(1.24+/-0.18)e+06,(1.28+/-0.19)e+06,(1.33+/-0.20)e+06,(1.37+/-0.20)e+06,(1.41+/-0.21)e+06,(1.45+/-0.21)e+06,(1.49+/-0.22)e+06,(1.53+/-0.22)e+06,(1.57+/-0.23)e+06,(1.62+/-0.23)e+06,(1.66+/-0.24)e+06,(1.70+/-0.24)e+06,(1.74+/-0.25)e+06,(1.78+/-0.25)e+06,(1.82+/-0.26)e+06,(1.87+/-0.27)e+06,(1.91+/-0.27)e+06,(1.95+/-0.28)e+06,(1.99+/-0.28)e+06,(2.03+/-0.29)e+06,(2.07+/-0.29)e+06,(2.11+/-0.30)e+06,(2.16+/-0.31)e+06,(2.20+/-0.31)e+06,(2.24+/-0.32)e+06,(2.28+/-0.32)e+06,(2.32+/-0.33)e+06,(2.36+/-0.33)e+06
Brazil,10278237,27935677,0,(5.5+/-2.9)e+05,(1.2+/-0.6)e+06,(2.1+/-1.1)e+06,(4.3+/-1.8)e+06,(6.1+/-2.7)e+06,(1.3+/-0.5)e+07,(1.9+/-0.6)e+07,(2.4+/-0.6)e+07,(2.9+/-0.7)e+07,(3.3+/-0.7)e+07,(3.7+/-0.8)e+07,(4.1+/-0.8)e+07,(4.5+/-0.8)e+07,(4.9+/-0.9)e+07,(5.3+/-0.9)e+07,(5.6+/-0.9)e+07,(6.0+/-1.0)e+07,(6.4+/-1.0)e+07,(6.8+/-1.0)e+07,(7.2+/-1.1)e+07,(7.5+/-1.1)e+07,(7.9+/-1.2)e+07,(8.3+/-1.2)e+07,(8.7+/-1.3)e+07,(9.0+/-1.3)e+07,(9.4+/-1.3)e+07,(9.8+/-1.4)e+07,(1.02+/-0.14)e+08,(1.06+/-0.15)e+08,(1.09+/-0.15)e+08,(1.13+/-0.16)e+08,(1.17+/-0.16)e+08,(1.21+/-0.17)e+08,(1.25+/-0.17)e+08,(1.28+/-0.18)e+08,(1.32+/-0.18)e+08,(1.36+/-0.19)e+08,(1.40+/-0.19)e+08,(1.44+/-0.20)e+08,(1.47+/-0.20)e+08,(1.51+/-0.21)e+08,(1.55+/-0.21)e+08,(1.59+/-0.22)e+08,(1.62+/-0.22)e+08,(1.66+/-0.23)e+08,(1.70+/-0.23)e+08,(1.74+/-0.24)e+08,(1.78+/-0.24)e+08,(1.81+/-0.25)e+08,(1.85+/-0.25)e+08,(1.89+/-0.26)e+08,(1.93+/-0.26)e+08
Barbados,13675,34892,0,(7+/-4)e+02,(1.6+/-0.9)e+03,(2.7+/-1.4)e+03,(1.09+/-0.33)e+04,(1.3+/-0.4)e+04,(1.8+/-0.6)e+04,(2.0+/-0.8)e+04,(2.2+/-0.8)e+04,(2.3+/-0.9)e+04,(2.4+/-0.9)e+04,(2.5+/-1.0)e+04,(2.5+/-1.0)e+04,(2.5+/-1.0)e+04,(2.5+/-1.0)e+04,(2.5+/-1.0)e+04,(2.5+/-1.0)e+04,(2.5+/-1.0)e+04,(2.5+/-1.0)e+04,(2.5+/-1.0)e+04,(2.5+/-1.0)e+04,(2.5+/-1.0)e+04,(2.5+/-1.0)e+04,(2.5+/-1.0)e+04,(2.5+/-1.0)e+04,(2.5+/-1.0)e+04,(2.5+/-1.0)e+04,(2.5+/-1.0)e+04,(2.5+/-1.0)e+04,(2.5+/-1.0)e+04,(2.5+/-1.0)e+04,(2.5+/-1.0)e+04,(2.5+/-1.0)e+04,(2.5+/-1.0)e+04,(2.5+/-1.0)e+04,(2.5+/-1.0)e+04,(2.5+/-1.0)e+04,(2.5+/-1.0)e+04,(2.5+/-1.0)e+04,(2.5+/-1.0)e+04,(2.5+/-1.0)e+04,(2.5+/-1.0)e+04,(2.5+/-1.0)e+04,(2.5+/-1.0)e+04,(2.5+/-1.0)e+04,(2.5+/-1.0)e+04,(2.5+/-1.0)e+04,(2.5+/-1.0)e+04,(2.5+/-1.0)e+04,(2.5+/-1.0)e+04,(2.5+/-1.0)e+04,(2.5+/-1.0)e+04,(2.5+/-1.0)e+04
Brunei Darussalam,21402,53828,0,(3.0+/-1.6)e+03,(7+/-4)e+03,(1.1+/-0.6)e+04,(9.8+/-3.1)e+04,(1.08+/-0.33)e+05,(1.3+/-0.4)e+05,(1.4+/-0.4)e+05,(1.4+/-0.4)e+05,(1.5+/-0.5)e+05,(1.5+/-0.5)e+05,(1.6+/-0.5)e+05,(1.6+/-0.5)e+05,(1.6+/-0.5)e+05,(1.6+/-0.5)e+05,(1.6+/-0.5)e+05,(1.6+/-0.5)e+05,(1.6+/-0.5)e+05,(1.6+/-0.5)e+05,(1.6+/-0.5)e+05,(1.6+/-0.5)e+05,(1.6+/-0.5)e+05,(1.6+/-0.5)e+05,(1.6+/-0.5)e+05,(1.6+/-0.5)e+05,(1.6+/-0.5)e+05,(1.6+/-0.5)e+05,(1.6+/-0.5)e+05,(1.6+/-0.5)e+05,(1.6+/-0.5)e+05,(1.6+/-0.5)e+05,(1.6+/-0.5)e+05,(1.6+/-0.5)e+05,(1.6+/-0.5)e+05,(1.6+/-0.5)e+05,(1.6+/-0.5)e+05,(1.6+/-0.5)e+05,(1.6+/-0.5)e+05,(1.6+/-0.5)e+05,(1.6+/-0.5)e+05,(1.6+/-0.5)e+05,(1.6+/-0.5)e+05,(1.6+/-0.5)e+05,(1.6+/-0.5)e+05,(1.6+/-0.5)e+05,(1.6+/-0.5)e+05,(1.6+/-0.5)e+05,(1.6+/-0.5)e+05,(1.6+/-0.5)e+05,(1.6+/-0.5)e+05,(1.6+/-0.5)e+05,(1.6+/-0.5)e+05,(1.6+/-0.5)e+05
Bhutan,90582,116408,0,(4.4+/-2.3)e+02,(1.0+/-0.5)e+03,(1.6+/-0.9)e+03,(9.2+/-2.7)e+03,(1.06+/-0.31)e+04,(1.3+/-0.4)e+04,(1.5+/-0.5)e+04,(1.6+/-0.5)e+04,(1.6+/-0.6)e+04,(1.7+/-0.6)e+04,(1.7+/-0.6)e+04,(1.7+/-0.6)e+04,(1.7+/-0.6)e+04,(1.7+/-0.6)e+04,(1.7+/-0.6)e+04,(1.7+/-0.6)e+04,(1.7+/-0.6)e+04,(1.7+/-0.6)e+04,(1.7+/-0.6)e+04,(1.7+/-0.6)e+04,(1.7+/-0.6)e+04,(1.7+/-0.6)e+04,(1.7+/-0.6)e+04,(1.7+/-0.6)e+04,(1.7+/-0.6)e+04,(1.7+/-0.6)e+04,(1.7+/-0.6)e+04,(1.7+/-0.6)e+04,(1.7+/-0.6)e+04,(1.7+/-0.6)e+04,(1.7+/-0.6)e+04,(1.7+/-0.6)e+04,(1.7+/-0.6)e+04,(1.7+/-0.6)e+04,(1.7+/-0.6)e+04,(1.7+/-0.6)e+04,(1.7+/-0.6)e+04,(1.7+/-0.6)e+04,(1.7+/-0.6)e+04,(1.7+/-0.6)e+04,(1.7+/-0.6)e+04,(1.7+/-0.6)e+04,(1.7+/-0.6)e+04,(1.7+/-0.6)e+04,(1.7+/-0.6)e+04,(1.7+/-0.6)e+04,(1.7+/-0.6)e+04,(1.7+/-0.6)e+04,(1.7+/-0.6)e+04,(1.7+/-0.6)e+04,(1.7+/-0.6)e+04,(1.7+/-0.6)e+04
Botswana,112213,278381,0,0.0+/-0,0.0+/-0,0.0+/-0,(2.5+/-0.9)e+05,(2.5+/-0.9)e+05,(2.5+/-0.9)e+05,(2.5+/-0.9)e+05,(2.5+/-0.9)e+05,(2.5+/-0.9)e+05,(2.5+/-0.9)e+05,(2.5+/-0.9)e+05,(2.5+/-0.9)e+05,(2.5+/-0.9)e+05,(2.5+/-0.9)e+05,(2.5+/-0.9)e+05,(2.5+/-0.9)e+05,(2.5+/-0.9)e+05,(2.5+/-0.9)e+05,(2.5+/-0.9)e+05,(2.5+/-0.9)e+05,(2.5+/-0.9)e+05,(2.5+/-0.9)e+05,(2.5+/-0.9)e+05,(2.5+/-0.9)e+05,(2.5+/-0.9)e+05,(2.5+/-0.9)e+05,(2.5+/-0.9)e+05,(2.5+/-0.9)e+05,(2.5+/-0.9)e+05,(2.5+/-0.9)e+05,(2.5+/-0.9)e+05,(2.5+/-0.9)e+05,(2.5+/-0.9)e+05,(2.5+/-0.9)e+05,(2.5+/-0.9)e+05,(2.5+/-0.9)e+05,(2.5+/-0.9)e+05,(2.5+/-0.9)e+05,(2.5+/-0.9)e+05,(2.5+/-0.9)e+05,(2.5+/-0.9)e+05,(2.5+/-0.9)e+05,(2.5+/-0.9)e+05,(2.5+/-0.9)e+05,(2.5+/-0.9)e+05,(2.5+/-0.9)e+05,(2.5+/-0.9)e+05,(2.5+/-0.9)e+05,(2.5+/-0.9)e+05,(2.5+/-0.9)e+05,(2.5+/-0.9)e+05,(2.5+/-0.9)e+05
Central African Republic,240898,683589,0,0.0+/-0,0.0+/-0,0.0+/-0,(6.6+/-2.3)e+03,(6.6+/-2.3)e+03,(6.6+/-2.3)e+03,(6.6+/-2.3)e+03,(6.6+/-2.3)e+03,(6.6+/-2.3)e+03,(6.6+/-2.3)e+03,(6.6+/-2.3)e+03,(6.6+/-2.3)e+03,(6.6+/-2.3)e+03,(6.6+/-2.3)e+03,(6.6+/-2.3)e+03,(6.6+/-2.3)e+03,(6.6+/-2.3)e+03,(6.6+/-2.3)e+03,(6.6+/-2.3)e+03,(6.6+/-2.3)e+03,(6.6+/-2.3)e+03,(6.6+/-2.3)e+03,(6.6+/-2.3)e+03,(6.6+/-2.3)e+03,(6.6+/-2.3)e+03,(6.6+/-2.3)e+03,(6.6+/-2.3)e+03,(6.6+/-2.3)e+03,(6.6+/-2.3)e+03,(6.6+/-2.3)e+03,(6.6+/-2.3)e+03,(6.6+/-2.3)e+03,(6.6+/-2.3)e+03,(6.6+/-2.3)e+03,(6.6+/-2.3)e+03,(6.6+/-2.3)e+03,(6.6+/-2.3)e+03,(6.6+/-2.3)e+03,(6.6+/-2.3)e+03,(6.6+/-2.3)e+03,(6.6+/-2.3)e+03,(6.6+/-2.3)e+03,(6.6+/-2.3)e+03,(6.6+/-2.3)e+03,(6.6+/-2.3)e+03,(6.6+/-2.3)e+03,(6.6+/-2.3)e+03,(6.6+/-2.3)e+03,(6.6+/-2.3)e+03,(6.6+/-2.3)e+03,(6.6+/-2.3)e+03,(6.6+/-2.3)e+03
Canada,2090501,4827425,0,(2.9+/-1.5)e+05,(3.1+/-0.5)e+06,(6.0+/-0.9)e+06,(1.02+/-0.15)e+07,(1.36+/-0.20)e+07,(1.79+/-0.30)e+07,(2.1+/-0.4)e+07,(2.4+/-0.4)e+07,(2.7+/-0.4)e+07,(3.0+/-0.5)e+07,(3.3+/-0.5)e+07,(3.5+/-0.5)e+07,(3.8+/-0.6)e+07,(4.0+/-0.6)e+07,(4.3+/-0.6)e+07,(4.5+/-0.7)e+07,(4.8+/-0.7)e+07,(5.0+/-0.7)e+07,(5.3+/-0.7)e+07,(5.5+/-0.8)e+07,(5.8+/-0.8)e+07,(6.0+/-0.8)e+07,(6.2+/-0.9)e+07,(6.5+/-0.9)e+07,(6.7+/-0.9)e+07,(7.0+/-1.0)e+07,(7.2+/-1.0)e+07,(7.5+/-1.0)e+07,(7.7+/-1.1)e+07,(8.0+/-1.1)e+07,(8.2+/-1.1)e+07,(8.5+/-1.2)e+07,(8.7+/-1.2)e+07,(8.9+/-1.2)e+07,(9.2+/-1.3)e+07,(9.4+/-1.3)e+07,(9.7+/-1.3)e+07,(9.9+/-1.4)e+07,(1.02+/-0.14)e+08,(1.04+/-0.14)e+08,(1.07+/-0.15)e+08,(1.09+/-0.15)e+08,(1.12+/-0.15)e+08,(1.14+/-0.16)e+08,(1.16+/-0.16)e+08,(1.19+/-0.16)e+08,(1.21+/-0.17)e+08,(1.24+/-0.17)e+08,(1.26+/-0.17)e+08,(1.29+/-0.18)e+08,(1.31+/-0.18)e+08,(1.34+/-0.18)e+08
Switzerland,543135,1168951,0,(1.79+/-0.27)e+06,(3.7+/-0.6)e+06,(5.6+/-0.9)e+06,(7.8+/-1.3)e+06,(1.03+/-0.18)e+07,(1.37+/-0.28)e+07,(1.62+/-0.34)e+07,(1.8+/-0.4)e+07,(2.0+/-0.4)e+07,(2.2+/-0.4)e+07,(2.4+/-0.5)e+07,(2.5+/-0.5)e+07,(2.7+/-0.5)e+07,(2.8+/-0.5)e+07,(3.0+/-0.5)e+07,(3.1+/-0.5)e+07,(3.3+/-0.5)e+07,(3.4+/-0.6)e+07,(3.6+/-0.6)e+07,(3.7+/-0.6)e+07,(3.9+/-0.6)e+07,(4.0+/-0.6)e+07,(4.2+/-0.6)e+07,(4.3+/-0.6)e+07,(4.5+/-0.7)e+07,(4.6+/-0.7)e+07,(4.8+/-0.7)e+07,(4.9+/-0.7)e+07,(5.1+/-0.7)e+07,(5.2+/-0.8)e+07,(5.4+/-0.8)e+07,(5.5+/-0.8)e+07,(5.7+/-0.8)e+07,(5.8+/-0.8)e+07,(6.0+/-0.8)e+07,(6.1+/-0.9)e+07,(6.2+/-0.9)e+07,(6.4+/-0.9)e+07,(6.5+/-0.9)e+07,(6.7+/-0.9)e+07,(6.8+/-1.0)e+07,(7.0+/-1.0)e+07,(7.1+/-1.0)e+07,(7.3+/-1.0)e+07,(7.4+/-1.0)e+07,(7.6+/-1.1)e+07,(7.7+/-1.1)e+07,(7.9+/-1.1)e+07,(8.0+/-1.1)e+07,(8.2+/-1.1)e+07,(8.3+/-1.2)e+07,(8.5+/-1.2)e+07
Chile,1064056,2804969,0,(5.8+/-3.0)e+04,(1.3+/-0.7)e+05,(2.2+/-1.1)e+05,(1.6+/-0.5)e+06,(1.8+/-0.6)e+06,(2.2+/-0.7)e+06,(2.7+/-0.8)e+06,(3.2+/-0.8)e+06,(3.6+/-0.9)e+06,(4.1+/-0.9)e+06,(4.5+/-0.9)e+06,(4.8+/-0.9)e+06,(5.1+/-1.0)e+06,(5.5+/-1.0)e+06,(5.8+/-1.0)e+06,(6.2+/-1.0)e+06,(6.5+/-1.1)e+06,(6.9+/-1.1)e+06,(7.2+/-1.1)e+06,(7.6+/-1.1)e+06,(7.9+/-1.2)e+06,(8.3+/-1.2)e+06,(8.6+/-1.2)e+06,(9.0+/-1.3)e+06,(9.3+/-1.3)e+06,(9.6+/-1.4)e+06,(1.00+/-0.14)e+07,(1.03+/-0.14)e+07,(1.07+/-0.15)e+07,(1.10+/-0.15)e+07,(1.14+/-0.16)e+07,(1.17+/-0.16)e+07,(1.21+/-0.16)e+07,(1.24+/-0.17)e+07,(1.28+/-0.17)e+07,(1.31+/-0.18)e+07,(1.34+/-0.18)e+07,(1.38+/-0.19)e+07,(1.41+/-0.19)e+07,(1.45+/-0.19)e+07,(1.48+/-0.20)e+07,(1.52+/-0.20)e+07,(1.55+/-0.21)e+07,(1.59+/-0.21)e+07,(1.62+/-0.22)e+07,(1.66+/-0.22)e+07,(1.69+/-0.23)e+07,(1.72+/-0.23)e+07,(1.76+/-0.24)e+07,(1.79+/-0.24)e+07,(1.83+/-0.25)e+07,(1.86+/-0.25)e+07
China,111059502,222188035,0,(6.8+/-1.0)e+07,(4.9+/-0.8)e+08,(5.7+/-0.9)e+08,(1.06+/-0.18)e+09,(1.17+/-0.19)e+09,(1.30+/-0.20)e+09,(1.42+/-0.21)e+09,(1.52+/-0.22)e+09,(1.62+/-0.23)e+09,(1.71+/-0.25)e+09,(1.81+/-0.26)e+09,(1.89+/-0.26)e+09,(1.98+/-0.27)e+09,(2.06+/-0.28)e+09,(2.15+/-0.29)e+09,(2.24+/-0.30)e+09,(2.32+/-0.31)e+09,(2.41+/-0.32)e+09,(2.49+/-0.33)e+09,(2.58+/-0.34)e+09,(2.66+/-0.35)e+09,(2.7+/-0.4)e+09,(2.8+/-0.4)e+09,(2.9+/-0.4)e+09,(3.0+/-0.4)e+09,(3.1+/-0.4)e+09,(3.2+/-0.4)e+09,(3.3+/-0.4)e+09,(3.3+/-0.4)e+09,(3.4+/-0.4)e+09,(3.5+/-0.5)e+09,(3.6+/-0.5)e+09,(3.7+/-0.5)e+09,(3.8+/-0.5)e+09,(3.9+/-0.5)e+09,(3.9+/-0.5)e+09,(4.0+/-0.5)e+09,(4.1+/-0.5)e+09,(4.2+/-0.5)e+09,(4.3+/-0.6)e+09,(4.4+/-0.6)e+09,(4.5+/-0.6)e+09,(4.5+/-0.6)e+09,(4.6+/-0.6)e+09,(4.7+/-0.6)e+09,(4.8+/-0.6)e+09,(4.9+/-0.6)e+09,(5.0+/-0.7)e+09,(5.1+/-0.7)e+09,(5.1+/-0.7)e+09,(5.2+/-0.7)e+09,(5.3+/-0.7)e+09
Côte d'Ivoire,3210218,6147434,0,0.0+/-0,0.0+/-0,0.0+/-0,(6.6+/-2.3)e+03,(6.6+/-2.3)e+03,(6.6+/-2.3)e+03,(6.6+/-2.3)e+03,(6.6+/-2.3)e+03,(6.6+/-2.3)e+03,(6.6+/-2.3)e+03,(6.6+/-2.3)e+03,(6.6+/-2.3)e+03,(6.6+/-2.3)e+03,(6.6+/-2.3)e+03,(6.6+/-2.3)e+03,(6.6+/-2.3)e+03,(6.6+/-2.3)e+03,(6.6+/-2.3)e+03,(6.6+/-2.3)e+03,(6.6+/-2.3)e+03,(6.6+/-2.3)e+03,(6.6+/-2.3)e+03,(6.6+/-2.3)e+03,(6.6+/-2.3)e+03,(6.6+/-2.3)e+03,(6.6+/-2.3)e+03,(6.6+/-2.3)e+03,(6.6+/-2.3)e+03,(6.6+/-2.3)e+03,(6.6+/-2.3)e+03,(6.6+/-2.3)e+03,(6.6+/-2.3)e+03,(6.6+/-2.3)e+03,(6.6+/-2.3)e+03,(6.6+/-2.3)e+03,(6.6+/-2.3)e+03,(6.6+/-2.3)e+03,(6.6+/-2.3)e+03,(6.6+/-2.3)e+03,(6.6+/-2.3)e+03,(6.6+/-2.3)e+03,(6.6+/-2.3)e+03,(6.6+/-2.3)e+03,(6.6+/-2.3)e+03,(6.6+/-2.3)e+03,(6.6+/-2.3)e+03,(6.6+/-2.3)e+03,(6.6+/-2.3)e+03,(6.6+/-2.3)e+03,(6.6+/-2.3)e+03,(6.6+/-2.3)e+03,(6.6+/-2.3)e+03
Cameroon,1603275,3937378,0,0.0+/-0,0.0+/-0,0.0+/-0,(6.6+/-2.3)e+03,(6.6+/-2.3)e+03,(6.6+/-2.3)e+03,(6.6+/-2.3)e+03,(6.6+/-2.3)e+03,(6.6+/-2.3)e+03,(6.6+/-2.3)e+03,(6.6+/-2.3)e+03,(6.6+/-2.3)e+03,(6.6+/-2.3)e+03,(6.6+/-2.3)e+03,(6.6+/-2.3)e+03,(6.6+/-2.3)e+03,(6.6+/-2.3)e+03,(6.6+/-2.3)e+03,(6.6+/-2.3)e+03,(6.6+/-2.3)e+03,(6.6+/-2.3)e+03,(6.6+/-2.3)e+03,(6.6+/-2.3)e+03,(6.6+/-2.3)e+03,(6.6+/-2.3)e+03,(6.6+/-2.3)e+03,(6.6+/-2.3)e+03,(6.6+/-2.3)e+03,(6.6+/-2.3)e+03,(6.6+/-2.3)e+03,(6.6+/-2.3)e+03,(6.6+/-2.3)e+03,(6.6+/-2.3)e+03,(6.6+/-2.3)e+03,(6.6+/-2.3)e+03,(6.6+/-2.3)e+03,(6.6+/-2.3)e+03,(6.6+/-2.3)e+03,(6.6+/-2.3)e+03,(6.6+/-2.3)e+03,(6.6+/-2.3)e+03,(6.6+/-2.3)e+03,(6.6+/-2.3)e+03,(6.6+/-2.3)e+03,(6.6+/-2.3)e+03,(6.6+/-2.3)e+03,(6.6+/-2.3)e+03,(6.6+/-2.3)e+03,(6.6+/-2.3)e+03,(6.6+/-2.3)e+03,(6.6+/-2.3)e+03,(6.6+/-2.3)e+03
DR Congo,7995643,10752215,0,0.0+/-0,0.0+/-0,0.0+/-0,(6.6+/-2.3)e+03,(6.6+/-2.3)e+03,(6.6+/-2.3)e+03,(6.6+/-2.3)e+03,(6.6+/-2.3)e+03,(6.6+/-2.3)e+03,(6.6+/-2.3)e+03,(6.6+/-2.3)e+03,(6.6+/-2.3)e+03,(6.6+/-2.3)e+03,(6.6+/-2.3)e+03,(6.6+/-2.3)e+03,(6.6+/-2.3)e+03,(6.6+/-2.3)e+03,(6.6+/-2.3)e+03,(6.6+/-2.3)e+03,(6.6+/-2.3)e+03,(6.6+/-2.3)e+03,(6.6+/-2.3)e+03,(6.6+/-2.3)e+03,(6.6+/-2.3)e+03,(6.6+/-2.3)e+03,(6.6+/-2.3)e+03,(6.6+/-2.3)e+03,(6.6+/-2.3)e+03,(6.6+/-2.3)e+03,(6.6+/-2.3)e+03,(6.6+/-2.3)e+03,(6.6+/-2.3)e+03,(6.6+/-2.3)e+03,(6.6+/-2.3)e+03,(6.6+/-2.3)e+03,(6.6+/-2.3)e+03,(6.6+/-2.3)e+03,(6.6+/-2.3)e+03,(6.6+/-2.3)e+03,(6.6+/-2.3)e+03,(6.6+/-2.3)e+03,(6.6+/-2.3)e+03,(6.6+/-2.3)e+03,(6.6+/-2.3)e+03,(6.6+/-2.3)e+03,(6.6+/-2.3)e+03,(6.6+/-2.3)e+03,(6.6+/-2.3)e+03,(6.6+/-2.3)e+03,(6.6+/-2.3)e+03,(6.6+/-2.3)e+03,(6.6+/-2.3)e+03
Congo Republic,340452,941536,0,0.0+/-0,0.0+/-0,0.0+/-0,(6.6+/-2.3)e+03,(6.6+/-2.3)e+03,(6.6+/-2.3)e+03,(6.6+/-2.3)e+03,(6.6+/-2.3)e+03,(6.6+/-2.3)e+03,(6.6+/-2.3)e+03,(6.6+/-2.3)e+03,(6.6+/-2.3)e+03,(6.6+/-2.3)e+03,(6.6+/-2.3)e+03,(6.6+/-2.3)e+03,(6.6+/-2.3)e+03,(6.6+/-2.3)e+03,(6.6+/-2.3)e+03,(6.6+/-2.3)e+03,(6.6+/-2.3)e+03,(6.6+/-2.3)e+03,(6.6+/-2.3)e+03,(6.6+/-2.3)e+03,(6.6+/-2.3)e+03,(6.6+/-2.3)e+03,(6.6+/-2.3)e+03,(6.6+/-2.3)e+03,(6.6+/-2.3)e+03,(6.6+/-2.3)e+03,(6.6+/-2.3)e+03,(6.6+/-2.3)e+03,(6.6+/-2.3)e+03,(6.6+/-2.3)e+03,(6.6+/-2.3)e+03,(6.6+/-2.3)e+03,(6.6+/-2.3)e+03,(6.6+/-2.3)e+03,(6.6+/-2.3)e+03,(6.6+/-2.3)e+03,(6.6+/-2.3)e+03,(6.6+/-2.3)e+03,(6.6+/-2.3)e+03,(6.6+/-2.3)e+03,(6.6+/-2.3)e+03,(6.6+/-2.3)e+03,(6.6+/-2.3)e+03,(6.6+/-2.3)e+03,(6.6+/-2.3)e+03,(6.6+/-2.3)e+03,(6.6+/-2.3)e+03,(6.6+/-2.3)e+03,(6.6+/-2.3)e+03
Colombia,2963041,7611316,0,(7+/-4)e+04,(1.7+/-0.9)e+05,(2.8+/-1.4)e+05,(1.00+/-0.31)e+06,(1.2+/-0.4)e+06,(1.7+/-0.6)e+06,(2.4+/-0.8)e+06,(3.0+/-0.9)e+06,(3.6+/-0.9)e+06,(4.1+/-1.0)e+06,(4.6+/-1.0)e+06,(5.1+/-1.1)e+06,(5.5+/-1.1)e+06,(6.0+/-1.1)e+06,(6.4+/-1.1)e+06,(6.8+/-1.2)e+06,(7.3+/-1.2)e+06,(7.7+/-1.3)e+06,(8.2+/-1.3)e+06,(8.6+/-1.3)e+06,(9.1+/-1.4)e+06,(9.5+/-1.4)e+06,(1.00+/-0.15)e+07,(1.04+/-0.15)e+07,(1.09+/-0.16)e+07,(1.13+/-0.16)e+07,(1.17+/-0.17)e+07,(1.22+/-0.17)e+07,(1.26+/-0.18)e+07,(1.31+/-0.19)e+07,(1.35+/-0.19)e+07,(1.40+/-0.20)e+07,(1.44+/-0.20)e+07,(1.49+/-0.21)e+07,(1.53+/-0.21)e+07,(1.58+/-0.22)e+07,(1.62+/-0.23)e+07,(1.66+/-0.23)e+07,(1.71+/-0.24)e+07,(1.75+/-0.24)e+07,(1.80+/-0.25)e+07,(1.84+/-0.26)e+07,(1.89+/-0.26)e+07,(1.93+/-0.27)e+07,(1.98+/-0.27)e+07,(2.02+/-0.28)e+07,(2.07+/-0.29)e+07,(2.11+/-0.29)e+07,(2.15+/-0.30)e+07,(2.20+/-0.30)e+07,(2.24+/-0.31)e+07,(2.29+/-0.32)e+07
Comoros,41225,79467,0,0.0+/-0,0.0+/-0,0.0+/-0,(6.6+/-2.3)e+03,(6.6+/-2.3)e+03,(6.6+/-2.3)e+03,(6.6+/-2.3)e+03,(6.6+/-2.3)e+03,(6.6+/-2.3)e+03,(6.6+/-2.3)e+03,(6.6+/-2.3)e+03,(6.6+/-2.3)e+03,(6.6+/-2.3)e+03,(6.6+/-2.3)e+03,(6.6+/-2.3)e+03,(6.6+/-2.3)e+03,(6.6+/-2.3)e+03,(6.6+/-2.3)e+03,(6.6+/-2.3)e+03,(6.6+/-2.3)e+03,(6.6+/-2.3)e+03,(6.6+/-2.3)e+03,(6.6+/-2.3)e+03,(6.6+/-2.3)e+03,(6.6+/-2.3)e+03,(6.6+/-2.3)e+03,(6.6+/-2.3)e+03,(6.6+/-2.3)e+03,(6.6+/-2.3)e+03,(6.6+/-2.3)e+03,(6.6+/-2.3)e+03,(6.6+/-2.3)e+03,(6.6+/-2.3)e+03,(6.6+/-2.3)e+03,(6.6+/-2.3)e+03,(6.6+/-2.3)e+03,(6.6+/-2.3)e+03,(6.6+/-2.3)e+03,(6.6+/-2.3)e+03,(6.6+/-2.3)e+03,(6.6+/-2.3)e+03,(6.6+/-2.3)e+03,(6.6+/-2.3)e+03,(6.6+/-2.3)e+03,(6.6+/-2.3)e+03,(6.6+/-2.3)e+03,(6.6+/-2.3)e+03,(6.6+/-2.3)e+03,(6.6+/-2.3)e+03,(6.6+/-2.3)e+03,(6.6+/-2.3)e+03,(6.6+/-2.3)e+03
Cabo Verde,29890,64862,0,0.0+/-0,0.0+/-0,0.0+/-0,(6.6+/-2.3)e+03,(6.6+/-2.3)e+03,(6.6+/-2.3)e+03,(6.6+/-2.3)e+03,(6.6+/-2.3)e+03,(6.6+/-2.3)e+03,(6.6+/-2.3)e+03,(6.6+/-2.3)e+03,(6.6+/-2.3)e+03,(6.6+/-2.3)e+03,(6.6+/-2.3)e+03,(6.6+/-2.3)e+03,(6.6+/-2.3)e+03,(6.6+/-2.3)e+03,(6.6+/-2.3)e+03,(6.6+/-2.3)e+03,(6.6+/-2.3)e+03,(6.6+/-2.3)e+03,(6.6+/-2.3)e+03,(6.6+/-2.3)e+03,(6.6+/-2.3)e+03,(6.6+/-2.3)e+03,(6.6+/-2.3)e+03,(6.6+/-2.3)e+03,(6.6+/-2.3)e+03,(6.6+/-2.3)e+03,(6.6+/-2.3)e+03,(6.6+/-2.3)e+03,(6.6+/-2.3)e+03,(6.6+/-2.3)e+03,(6.6+/-2.3)e+03,(6.6+/-2.3)e+03,(6.6+/-2.3)e+03,(6.6+/-2.3)e+03,(6.6+/-2.3)e+03,(6.6+/-2.3)e+03,(6.6+/-2.3)e+03,(6.6+/-2.3)e+03,(6.6+/-2.3)e+03,(6.6+/-2.3)e+03,(6.6+/-2.3)e+03,(6.6+/-2.3)e+03,(6.6+/-2.3)e+03,(6.6+/-2.3)e+03,(6.6+/-2.3)e+03,(6.6+/-2.3)e+03,(6.6+/-2.3)e+03,(6.6+/-2.3)e+03,(6.6+/-2.3)e+03
Costa Rica,251728,636745,0,(2.2+/-1.2)e+04,(5.0+/-2.6)e+04,(8+/-4)e+04,(1.4+/-0.7)e+05,(2.1+/-1.1)e+05,(3.5+/-1.8)e+05,(5.7+/-2.2)e+05,(7.6+/-2.5)e+05,(9.3+/-2.7)e+05,(1.10+/-0.29)e+06,(1.26+/-0.31)e+06,(1.40+/-0.31)e+06,(1.54+/-0.32)e+06,(1.68+/-0.33)e+06,(1.82+/-0.34)e+06,(1.96+/-0.35)e+06,(2.1+/-0.4)e+06,(2.2+/-0.4)e+06,(2.4+/-0.4)e+06,(2.5+/-0.4)e+06,(2.7+/-0.4)e+06,(2.8+/-0.4)e+06,(2.9+/-0.5)e+06,(3.1+/-0.5)e+06,(3.2+/-0.5)e+06,(3.4+/-0.5)e+06,(3.5+/-0.5)e+06,(3.6+/-0.5)e+06,(3.8+/-0.6)e+06,(3.9+/-0.6)e+06,(4.1+/-0.6)e+06,(4.2+/-0.6)e+06,(4.3+/-0.6)e+06,(4.5+/-0.6)e+06,(4.6+/-0.7)e+06,(4.8+/-0.7)e+06,(4.9+/-0.7)e+06,(5.0+/-0.7)e+06,(5.2+/-0.7)e+06,(5.3+/-0.8)e+06,(5.5+/-0.8)e+06,(5.6+/-0.8)e+06,(5.7+/-0.8)e+06,(5.9+/-0.8)e+06,(6.0+/-0.9)e+06,(6.2+/-0.9)e+06,(6.3+/-0.9)e+06,(6.4+/-0.9)e+06,(6.6+/-0.9)e+06,(6.7+/-1.0)e+06,(6.9+/-1.0)e+06,(7.0+/-1.0)e+06
Cuba,428636,1267154,0,(1.36+/-0.21)e+05,(2.8+/-0.4)e+05,(4.3+/-0.7)e+05,(6.0+/-1.0)e+05,(7.9+/-1.4)e+05,(1.05+/-0.21)e+06,(1.24+/-0.26)e+06,(1.40+/-0.29)e+06,(1.55+/-0.31)e+06,(1.69+/-0.33)e+06,(1.83+/-0.35)e+06,(1.9+/-0.4)e+06,(2.1+/-0.4)e+06,(2.2+/-0.4)e+06,(2.3+/-0.4)e+06,(2.4+/-0.4)e+06,(2.5+/-0.4)e+06,(2.6+/-0.4)e+06,(2.7+/-0.4)e+06,(2.9+/-0.4)e+06,(3.0+/-0.5)e+06,(3.1+/-0.5)e+06,(3.2+/-0.5)e+06,(3.3+/-0.5)e+06,(3.4+/-0.5)e+06,(3.5+/-0.5)e+06,(3.6+/-0.5)e+06,(3.8+/-0.6)e+06,(3.9+/-0.6)e+06,(4.0+/-0.6)e+06,(4.1+/-0.6)e+06,(4.2+/-0.6)e+06,(4.3+/-0.6)e+06,(4.4+/-0.6)e+06,(4.6+/-0.7)e+06,(4.7+/-0.7)e+06,(4.8+/-0.7)e+06,(4.9+/-0.7)e+06,(5.0+/-0.7)e+06,(5.1+/-0.7)e+06,(5.2+/-0.7)e+06,(5.3+/-0.8)e+06,(5.5+/-0.8)e+06,(5.6+/-0.8)e+06,(5.7+/-0.8)e+06,(5.8+/-0.8)e+06,(5.9+/-0.8)e+06,(6.0+/-0.9)e+06,(6.1+/-0.9)e+06,(6.3+/-0.9)e+06,(6.4+/-0.9)e+06,(6.5+/-0.9)e+06
Curaçao,7726,16614,0,0.0+/-0,0.0+/-0,0.0+/-0,(6.6+/-2.3)e+03,(6.6+/-2.3)e+03,(6.6+/-2.3)e+03,(6.6+/-2.3)e+03,(6.6+/-2.3)e+03,(6.6+/-2.3)e+03,(6.6+/-2.3)e+03,(6.6+/-2.3)e+03,(6.6+/-2.3)e+03,(6.6+/-2.3)e+03,(6.6+/-2.3)e+03,(6.6+/-2.3)e+03,(6.6+/-2.3)e+03,(6.6+/-2.3)e+03,(6.6+/-2.3)e+03,(6.6+/-2.3)e+03,(6.6+/-2.3)e+03,(6.6+/-2.3)e+03,(6.6+/-2.3)e+03,(6.6+/-2.3)e+03,(6.6+/-2.3)e+03,(6.6+/-2.3)e+03,(6.6+/-2.3)e+03,(6.6+/-2.3)e+03,(6.6+/-2.3)e+03,(6.6+/-2.3)e+03,(6.6+/-2.3)e+03,(6.6+/-2.3)e+03,(6.6+/-2.3)e+03,(6.6+/-2.3)e+03,(6.6+/-2.3)e+03,(6.6+/-2.3)e+03,(6.6+/-2.3)e+03,(6.6+/-2.3)e+03,(6.6+/-2.3)e+03,(6.6+/-2.3)e+03,(6.6+/-2.3)e+03,(6.6+/-2.3)e+03,(6.6+/-2.3)e+03,(6.6+/-2.3)e+03,(6.6+/-2.3)e+03,(6.6+/-2.3)e+03,(6.6+/-2.3)e+03,(6.6+/-2.3)e+03,(6.6+/-2.3)e+03,(6.6+/-2.3)e+03,(6.6+/-2.3)e+03,(6.6+/-2.3)e+03,(6.6+/-2.3)e+03
Cayman Islands,6527,14037,0,0.0+/-0,0.0+/-0,0.0+/-0,(6.6+/-2.3)e+03,(6.6+/-2.3)e+03,(6.6+/-2.3)e+03,(6.6+/-2.3)e+03,(6.6+/-2.3)e+03,(6.6+/-2.3)e+03,(6.6+/-2.3)e+03,(6.6+/-2.3)e+03,(6.6+/-2.3)e+03,(6.6+/-2.3)e+03,(6.6+/-2.3)e+03,(6.6+/-2.3)e+03,(6.6+/-2.3)e+03,(6.6+/-2.3)e+03,(6.6+/-2.3)e+03,(6.6+/-2.3)e+03,(6.6+/-2.3)e+03,(6.6+/-2.3)e+03,(6.6+/-2.3)e+03,(6.6+/-2.3)e+03,(6.6+/-2.3)e+03,(6.6+/-2.3)e+03,(6.6+/-2.3)e+03,(6.6+/-2.3)e+03,(6.6+/-2.3)e+03,(6.6+/-2.3)e+03,(6.6+/-2.3)e+03,(6.6+/-2.3)e+03,(6.6+/-2.3)e+03,(6.6+/-2.3)e+03,(6.6+/-2.3)e+03,(6.6+/-2.3)e+03,(6.6+/-2.3)e+03,(6.6+/-2.3)e+03,(6.6+/-2.3)e+03,(6.6+/-2.3)e+03,(6.6+/-2.3)e+03,(6.6+/-2.3)e+03,(6.6+/-2.3)e+03,(6.6+/-2.3)e+03,(6.6+/-2.3)e+03,(6.6+/-2.3)e+03,(6.6+/-2.3)e+03,(6.6+/-2.3)e+03,(6.6+/-2.3)e+03,(6.6+/-2.3)e+03,(6.6+/-2.3)e+03,(6.6+/-2.3)e+03,(6.6+/-2.3)e+03
Cyprus,51869,154657,0,(2.9+/-1.5)e+03,(6.6+/-3.5)e+03,(1.1+/-0.6)e+04,(2.4+/-1.0)e+04,(3.4+/-1.4)e+04,(5.3+/-2.4)e+04,(6.3+/-2.9)e+04,(6.9+/-3.3)e+04,(7.4+/-3.5)e+04,(8+/-4)e+04,(8+/-4)e+04,(8+/-4)e+04,(8+/-4)e+04,(8+/-4)e+04,(8+/-4)e+04,(8+/-4)e+04,(8+/-4)e+04,(8+/-4)e+04,(8+/-4)e+04,(8+/-4)e+04,(8+/-4)e+04,(8+/-4)e+04,(8+/-4)e+04,(8+/-4)e+04,(8+/-4)e+04,(8+/-4)e+04,(8+/-4)e+04,(8+/-4)e+04,(8+/-4)e+04,(8+/-4)e+04,(8+/-4)e+04,(8+/-4)e+04,(8+/-4)e+04,(8+/-4)e+04,(8+/-4)e+04,(8+/-4)e+04,(8+/-4)e+04,(8+/-4)e+04,(8+/-4)e+04,(8+/-4)e+04,(8+/-4)e+04,(8+/-4)e+04,(8+/-4)e+04,(8+/-4)e+04,(8+/-4)e+04,(8+/-4)e+04,(8+/-4)e+04,(8+/-4)e+04,(8+/-4)e+04,(8+/-4)e+04,(8+/-4)e+04,(8+/-4)e+04
Czechia,577156,1180990,0,(1.3+/-0.7)e+05,(3.0+/-1.6)e+05,(5.0+/-2.6)e+05,(4.1+/-1.0)e+06,(5.5+/-1.1)e+06,(7.3+/-1.5)e+06,(8.7+/-1.7)e+06,(1.00+/-0.19)e+07,(1.12+/-0.20)e+07,(1.24+/-0.21)e+07,(1.35+/-0.23)e+07,(1.45+/-0.23)e+07,(1.54+/-0.24)e+07,(1.64+/-0.25)e+07,(1.74+/-0.26)e+07,(1.84+/-0.27)e+07,(1.94+/-0.28)e+07,(2.03+/-0.29)e+07,(2.13+/-0.30)e+07,(2.23+/-0.31)e+07,(2.33+/-0.32)e+07,(2.43+/-0.34)e+07,(2.53+/-0.35)e+07,(2.6+/-0.4)e+07,(2.7+/-0.4)e+07,(2.8+/-0.4)e+07,(2.9+/-0.4)e+07,(3.0+/-0.4)e+07,(3.1+/-0.4)e+07,(3.2+/-0.4)e+07,(3.3+/-0.4)e+07,(3.4+/-0.5)e+07,(3.5+/-0.5)e+07,(3.6+/-0.5)e+07,(3.7+/-0.5)e+07,(3.8+/-0.5)e+07,(3.9+/-0.5)e+07,(4.0+/-0.5)e+07,(4.1+/-0.6)e+07,(4.2+/-0.6)e+07,(4.3+/-0.6)e+07,(4.4+/-0.6)e+07,(4.5+/-0.6)e+07,(4.6+/-0.6)e+07,(4.7+/-0.6)e+07,(4.8+/-0.7)e+07,(4.9+/-0.7)e+07,(5.0+/-0.7)e+07,(5.1+/-0.7)e+07,(5.2+/-0.7)e+07,(5.3+/-0.7)e+07,(5.4+/-0.7)e+07
Germany,4637306,9934032,0,(1.24+/-0.18)e+07,(8.9+/-1.4)e+07,(1.03+/-0.15)e+08,(1.30+/-0.18)e+08,(1.49+/-0.21)e+08,(1.74+/-0.25)e+08,(1.95+/-0.28)e+08,(2.14+/-0.31)e+08,(2.32+/-0.34)e+08,(2.5+/-0.4)e+08,(2.7+/-0.4)e+08,(2.8+/-0.4)e+08,(3.0+/-0.4)e+08,(3.1+/-0.4)e+08,(3.3+/-0.5)e+08,(3.4+/-0.5)e+08,(3.6+/-0.5)e+08,(3.7+/-0.5)e+08,(3.9+/-0.5)e+08,(4.0+/-0.6)e+08,(4.2+/-0.6)e+08,(4.4+/-0.6)e+08,(4.5+/-0.6)e+08,(4.7+/-0.6)e+08,(4.8+/-0.7)e+08,(5.0+/-0.7)e+08,(5.1+/-0.7)e+08,(5.3+/-0.7)e+08,(5.4+/-0.7)e+08,(5.6+/-0.8)e+08,(5.7+/-0.8)e+08,(5.9+/-0.8)e+08,(6.0+/-0.8)e+08,(6.2+/-0.8)e+08,(6.4+/-0.9)e+08,(6.5+/-0.9)e+08,(6.7+/-0.9)e+08,(6.8+/-0.9)e+08,(7.0+/-1.0)e+08,(7.1+/-1.0)e+08,(7.3+/-1.0)e+08,(7.4+/-1.0)e+08,(7.6+/-1.0)e+08,(7.7+/-1.1)e+08,(7.9+/-1.1)e+08,(8.0+/-1.1)e+08,(8.2+/-1.1)e+08,(8.4+/-1.1)e+08,(8.5+/-1.2)e+08,(8.7+/-1.2)e+08,(8.8+/-1.2)e+08,(9.0+/-1.2)e+08
Djibouti,25429,58947,0,0.0+/-0,0.0+/-0,0.0+/-0,(6.6+/-2.3)e+03,(6.6+/-2.3)e+03,(6.6+/-2.3)e+03,(6.6+/-2.3)e+03,(6.6+/-2.3)e+03,(6.6+/-2.3)e+03,(6.6+/-2.3)e+03,(6.6+/-2.3)e+03,(6.6+/-2.3)e+03,(6.6+/-2.3)e+03,(6.6+/-2.3)e+03,(6.6+/-2.3)e+03,(6.6+/-2.3)e+03,(6.6+/-2.3)e+03,(6.6+/-2.3)e+03,(6.6+/-2.3)e+03,(6.6+/-2.3)e+03,(6.6+/-2.3)e+03,(6.6+/-2.3)e+03,(6.6+/-2.3)e+03,(6.6+/-2.3)e+03,(6.6+/-2.3)e+03,(6.6+/-2.3)e+03,(6.6+/-2.3)e+03,(6.6+/-2.3)e+03,(6.6+/-2.3)e+03,(6.6+/-2.3)e+03,(6.6+/-2.3)e+03,(6.6+/-2.3)e+03,(6.6+/-2.3)e+03,(6.6+/-2.3)e+03,(6.6+/-2.3)e+03,(6.6+/-2.3)e+03,(6.6+/-2.3)e+03,(6.6+/-2.3)e+03,(6.6+/-2.3)e+03,(6.6+/-2.3)e+03,(6.6+/-2.3)e+03,(6.6+/-2.3)e+03,(6.6+/-2.3)e+03,(6.6+/-2.3)e+03,(6.6+/-2.3)e+03,(6.6+/-2.3)e+03,(6.6+/-2.3)e+03,(6.6+/-2.3)e+03,(6.6+/-2.3)e+03,(6.6+/-2.3)e+03,(6.6+/-2.3)e+03,(6.6+/-2.3)e+03
Dominica,7235,10496,0,30+/-16,68+/-35,(1.1+/-0.6)e+02,(6.8+/-2.3)e+03,(6.9+/-2.3)e+03,(7.1+/-2.3)e+03,(7.2+/-2.3)e+03,(7.2+/-2.3)e+03,(7.3+/-2.4)e+03,(7.3+/-2.4)e+03,(7.3+/-2.4)e+03,(7.3+/-2.4)e+03,(7.3+/-2.4)e+03,(7.3+/-2.4)e+03,(7.3+/-2.4)e+03,(7.3+/-2.4)e+03,(7.3+/-2.4)e+03,(7.3+/-2.4)e+03,(7.3+/-2.4)e+03,(7.3+/-2.4)e+03,(7.3+/-2.4)e+03,(7.3+/-2.4)e+03,(7.3+/-2.4)e+03,(7.3+/-2.4)e+03,(7.3+/-2.4)e+03,(7.3+/-2.4)e+03,(7.3+/-2.4)e+03,(7.3+/-2.4)e+03,(7.3+/-2.4)e+03,(7.3+/-2.4)e+03,(7.3+/-2.4)e+03,(7.3+/-2.4)e+03,(7.3+/-2.4)e+03,(7.3+/-2.4)e+03,(7.3+/-2.4)e+03,(7.3+/-2.4)e+03,(7.3+/-2.4)e+03,(7.3+/-2.4)e+03,(7.3+/-2.4)e+03,(7.3+/-2.4)e+03,(7.3+/-2.4)e+03,(7.3+/-2.4)e+03,(7.3+/-2.4)e+03,(7.3+/-2.4)e+03,(7.3+/-2.4)e+03,(7.3+/-2.4)e+03,(7.3+/-2.4)e+03,(7.3+/-2.4)e+03,(7.3+/-2.4)e+03,(7.3+/-2.4)e+03,(7.3+/-2.4)e+03,(7.3+/-2.4)e+03
Denmark,305361,774865,0,(1.2+/-0.7)e+05,(2.8+/-1.5)e+05,(4.7+/-2.4)e+05,(1.8+/-0.4)e+06,(3.1+/-0.7)e+06,(4.8+/-1.1)e+06,(6.1+/-1.3)e+06,(7.3+/-1.5)e+06,(8.4+/-1.7)e+06,(9.4+/-1.8)e+06,(1.05+/-0.19)e+07,(1.14+/-0.20)e+07,(1.23+/-0.21)e+07,(1.32+/-0.22)e+07,(1.41+/-0.23)e+07,(1.50+/-0.24)e+07,(1.59+/-0.25)e+07,(1.68+/-0.26)e+07,(1.77+/-0.27)e+07,(1.86+/-0.28)e+07,(1.95+/-0.29)e+07,(2.04+/-0.30)e+07,(2.13+/-0.31)e+07,(2.22+/-0.32)e+07,(2.31+/-0.33)e+07,(2.40+/-0.35)e+07,(2.5+/-0.4)e+07,(2.6+/-0.4)e+07,(2.7+/-0.4)e+07,(2.8+/-0.4)e+07,(2.8+/-0.4)e+07,(2.9+/-0.4)e+07,(3.0+/-0.4)e+07,(3.1+/-0.4)e+07,(3.2+/-0.5)e+07,(3.3+/-0.5)e+07,(3.4+/-0.5)e+07,(3.5+/-0.5)e+07,(3.6+/-0.5)e+07,(3.7+/-0.5)e+07,(3.7+/-0.5)e+07,(3.8+/-0.5)e+07,(3.9+/-0.6)e+07,(4.0+/-0.6)e+07,(4.1+/-0.6)e+07,(4.2+/-0.6)e+07,(4.3+/-0.6)e+07,(4.4+/-0.6)e+07,(4.5+/-0.6)e+07,(4.6+/-0.6)e+07,(4.6+/-0.7)e+07,(4.7+/-0.7)e+07
Dominican Republic,477144,1410557,0,(1.99+/-0.30)e+05,(4.1+/-0.6)e+05,(6.2+/-1.0)e+05,(1.22+/-0.19)e+06,(1.49+/-0.24)e+06,(1.87+/-0.33)e+06,(2.1+/-0.4)e+06,(2.4+/-0.4)e+06,(2.6+/-0.5)e+06,(2.8+/-0.5)e+06,(3.0+/-0.5)e+06,(3.2+/-0.5)e+06,(3.3+/-0.5)e+06,(3.5+/-0.6)e+06,(3.7+/-0.6)e+06,(3.8+/-0.6)e+06,(4.0+/-0.6)e+06,(4.2+/-0.6)e+06,(4.3+/-0.6)e+06,(4.5+/-0.7)e+06,(4.7+/-0.7)e+06,(4.8+/-0.7)e+06,(5.0+/-0.7)e+06,(5.2+/-0.7)e+06,(5.3+/-0.8)e+06,(5.5+/-0.8)e+06,(5.7+/-0.8)e+06,(5.8+/-0.8)e+06,(6.0+/-0.8)e+06,(6.2+/-0.9)e+06,(6.3+/-0.9)e+06,(6.5+/-0.9)e+06,(6.7+/-0.9)e+06,(6.8+/-0.9)e+06,(7.0+/-1.0)e+06,(7.2+/-1.0)e+06,(7.3+/-1.0)e+06,(7.5+/-1.0)e+06,(7.7+/-1.1)e+06,(7.9+/-1.1)e+06,(8.0+/-1.1)e+06,(8.2+/-1.1)e+06,(8.4+/-1.1)e+06,(8.5+/-1.2)e+06,(8.7+/-1.2)e+06,(8.9+/-1.2)e+06,(9.0+/-1.2)e+06,(9.2+/-1.3)e+06,(9.4+/-1.3)e+06,(9.5+/-1.3)e+06,(9.7+/-1.3)e+06,(9.9+/-1.4)e+06
Algeria,1878337,3885348,0,(4.2+/-2.2)e+04,(9+/-5)e+04,(1.6+/-0.8)e+05,(2.6+/-1.3)e+05,(3.9+/-2.0)e+05,(6.6+/-3.4)e+05,(8+/-4)e+05,(1.1+/-0.5)e+06,(1.4+/-0.5)e+06,(1.7+/-0.5)e+06,(2.0+/-0.6)e+06,(2.3+/-0.6)e+06,(2.5+/-0.6)e+06,(2.7+/-0.6)e+06,(3.0+/-0.6)e+06,(3.2+/-0.6)e+06,(3.5+/-0.6)e+06,(3.7+/-0.7)e+06,(3.9+/-0.7)e+06,(4.2+/-0.7)e+06,(4.4+/-0.7)e+06,(4.7+/-0.8)e+06,(4.9+/-0.8)e+06,(5.1+/-0.8)e+06,(5.4+/-0.8)e+06,(5.6+/-0.9)e+06,(5.9+/-0.9)e+06,(6.1+/-0.9)e+06,(6.3+/-1.0)e+06,(6.6+/-1.0)e+06,(6.8+/-1.0)e+06,(7.1+/-1.0)e+06,(7.3+/-1.1)e+06,(7.5+/-1.1)e+06,(7.8+/-1.1)e+06,(8.0+/-1.2)e+06,(8.3+/-1.2)e+06,(8.5+/-1.2)e+06,(8.7+/-1.3)e+06,(9.0+/-1.3)e+06,(9.2+/-1.3)e+06,(9.5+/-1.4)e+06,(9.7+/-1.4)e+06,(1.00+/-0.14)e+07,(1.02+/-0.15)e+07,(1.04+/-0.15)e+07,(1.07+/-0.15)e+07,(1.09+/-0.16)e+07,(1.12+/-0.16)e+07,(1.14+/-0.16)e+07,(1.16+/-0.17)e+07,(1.19+/-0.17)e+07
Ecuador,1372513,2708668,0,(1.69+/-0.25)e+05,(3.5+/-0.5)e+05,(5.3+/-0.8)e+05,(7.4+/-1.2)e+05,(9.7+/-1.7)e+05,(1.28+/-0.25)e+06,(1.51+/-0.30)e+06,(1.71+/-0.34)e+06,(1.9+/-0.4)e+06,(2.1+/-0.4)e+06,(2.2+/-0.4)e+06,(2.4+/-0.4)e+06,(2.5+/-0.4)e+06,(2.7+/-0.5)e+06,(2.8+/-0.5)e+06,(3.0+/-0.5)e+06,(3.1+/-0.5)e+06,(3.2+/-0.5)e+06,(3.4+/-0.5)e+06,(3.5+/-0.5)e+06,(3.7+/-0.6)e+06,(3.8+/-0.6)e+06,(4.0+/-0.6)e+06,(4.1+/-0.6)e+06,(4.2+/-0.6)e+06,(4.4+/-0.6)e+06,(4.5+/-0.7)e+06,(4.7+/-0.7)e+06,(4.8+/-0.7)e+06,(5.0+/-0.7)e+06,(5.1+/-0.7)e+06,(5.2+/-0.8)e+06,(5.4+/-0.8)e+06,(5.5+/-0.8)e+06,(5.7+/-0.8)e+06,(5.8+/-0.8)e+06,(6.0+/-0.9)e+06,(6.1+/-0.9)e+06,(6.2+/-0.9)e+06,(6.4+/-0.9)e+06,(6.5+/-0.9)e+06,(6.7+/-0.9)e+06,(6.8+/-1.0)e+06,(7.0+/-1.0)e+06,(7.1+/-1.0)e+06,(7.2+/-1.0)e+06,(7.4+/-1.0)e+06,(7.5+/-1.1)e+06,(7.7+/-1.1)e+06,(7.8+/-1.1)e+06,(8.0+/-1.1)e+06,(8.1+/-1.1)e+06
Egypt,4709744,9636871,0,(1.1+/-0.6)e+05,(2.4+/-1.3)e+05,(4.0+/-2.1)e+05,(6.5+/-3.4)e+05,(1.0+/-0.5)e+06,(2.4+/-0.9)e+06,(3.5+/-1.1)e+06,(4.5+/-1.2)e+06,(5.3+/-1.3)e+06,(6.2+/-1.4)e+06,(7.0+/-1.5)e+06,(7.7+/-1.6)e+06,(8.5+/-1.6)e+06,(9.2+/-1.7)e+06,(9.9+/-1.8)e+06,(1.06+/-0.18)e+07,(1.14+/-0.19)e+07,(1.21+/-0.20)e+07,(1.28+/-0.20)e+07,(1.35+/-0.21)e+07,(1.42+/-0.22)e+07,(1.50+/-0.23)e+07,(1.57+/-0.24)e+07,(1.64+/-0.25)e+07,(1.71+/-0.25)e+07,(1.79+/-0.26)e+07,(1.86+/-0.27)e+07,(1.93+/-0.28)e+07,(2.00+/-0.29)e+07,(2.07+/-0.30)e+07,(2.15+/-0.31)e+07,(2.22+/-0.32)e+07,(2.29+/-0.33)e+07,(2.36+/-0.34)e+07,(2.44+/-0.35)e+07,(2.5+/-0.4)e+07,(2.6+/-0.4)e+07,(2.7+/-0.4)e+07,(2.7+/-0.4)e+07,(2.8+/-0.4)e+07,(2.9+/-0.4)e+07,(2.9+/-0.4)e+07,(3.0+/-0.4)e+07,(3.1+/-0.4)e+07,(3.2+/-0.4)e+07,(3.2+/-0.5)e+07,(3.3+/-0.5)e+07,(3.4+/-0.5)e+07,(3.4+/-0.5)e+07,(3.5+/-0.5)e+07,(3.6+/-0.5)e+07,(3.7+/-0.5)e+07
Eritrea,177605,422518,0,0.0+/-0,0.0+/-0,0.0+/-0,(6.6+/-2.3)e+03,(6.6+/-2.3)e+03,(6.6+/-2.3)e+03,(6.6+/-2.3)e+03,(6.6+/-2.3)e+03,(6.6+/-2.3)e+03,(6.6+/-2.3)e+03,(6.6+/-2.3)e+03,(6.6+/-2.3)e+03,(6.6+/-2.3)e+03,(6.6+/-2.3)e+03,(6.6+/-2.3)e+03,(6.6+/-2.3)e+03,(6.6+/-2.3)e+03,(6.6+/-2.3)e+03,(6.6+/-2.3)e+03,(6.6+/-2.3)e+03,(6.6+/-2.3)e+03,(6.6+/-2.3)e+03,(6.6+/-2.3)e+03,(6.6+/-2.3)e+03,(6.6+/-2.3)e+03,(6.6+/-2.3)e+03,(6.6+/-2.3)e+03,(6.6+/-2.3)e+03,(6.6+/-2.3)e+03,(6.6+/-2.3)e+03,(6.6+/-2.3)e+03,(6.6+/-2.3)e+03,(6.6+/-2.3)e+03,(6.6+/-2.3)e+03,(6.6+/-2.3)e+03,(6.6+/-2.3)e+03,(6.6+/-2.3)e+03,(6.6+/-2.3)e+03,(6.6+/-2.3)e+03,(6.6+/-2.3)e+03,(6.6+/-2.3)e+03,(6.6+/-2.3)e+03,(6.6+/-2.3)e+03,(6.6+/-2.3)e+03,(6.6+/-2.3)e+03,(6.6+/-2.3)e+03,(6.6+/-2.3)e+03,(6.6+/-2.3)e+03,(6.6+/-2.3)e+03,(6.6+/-2.3)e+03,(6.6+/-2.3)e+03,(6.6+/-2.3)e+03
Spain,2369485,6386009,0,(3.3+/-1.8)e+05,(8+/-4)e+05,(1.3+/-0.7)e+06,(2.7+/-1.1)e+06,(3.8+/-1.6)e+06,(8.3+/-2.8)e+06,(1.17+/-0.34)e+07,(1.5+/-0.4)e+07,(1.8+/-0.4)e+07,(2.0+/-0.5)e+07,(2.3+/-0.5)e+07,(2.5+/-0.5)e+07,(2.7+/-0.5)e+07,(3.0+/-0.5)e+07,(3.2+/-0.5)e+07,(3.4+/-0.6)e+07,(3.7+/-0.6)e+07,(3.9+/-0.6)e+07,(4.1+/-0.6)e+07,(4.4+/-0.7)e+07,(4.6+/-0.7)e+07,(4.8+/-0.7)e+07,(5.0+/-0.7)e+07,(5.3+/-0.8)e+07,(5.5+/-0.8)e+07,(5.7+/-0.8)e+07,(6.0+/-0.8)e+07,(6.2+/-0.9)e+07,(6.4+/-0.9)e+07,(6.6+/-0.9)e+07,(6.9+/-1.0)e+07,(7.1+/-1.0)e+07,(7.3+/-1.0)e+07,(7.6+/-1.0)e+07,(7.8+/-1.1)e+07,(8.0+/-1.1)e+07,(8.3+/-1.1)e+07,(8.5+/-1.2)e+07,(8.7+/-1.2)e+07,(8.9+/-1.2)e+07,(9.2+/-1.3)e+07,(9.4+/-1.3)e+07,(9.6+/-1.3)e+07,(9.9+/-1.4)e+07,(1.01+/-0.14)e+08,(1.03+/-0.14)e+08,(1.05+/-0.14)e+08,(1.08+/-0.15)e+08,(1.10+/-0.15)e+08,(1.12+/-0.15)e+08,(1.15+/-0.16)e+08,(1.17+/-0.16)e+08
Estonia,63600,146176,0,(1.0+/-0.5)e+04,(2.2+/-1.1)e+04,(3.7+/-1.9)e+04,(6.5+/-3.1)e+04,(1.0+/-0.5)e+05,(1.6+/-0.8)e+05,(2.5+/-1.0)e+05,(3.3+/-1.1)e+05,(4.0+/-1.2)e+05,(4.7+/-1.3)e+05,(5.4+/-1.3)e+05,(6.0+/-1.4)e+05,(6.6+/-1.4)e+05,(7.2+/-1.4)e+05,(7.7+/-1.5)e+05,(8.3+/-1.5)e+05,(8.9+/-1.6)e+05,(9.5+/-1.6)e+05,(1.01+/-0.17)e+06,(1.06+/-0.18)e+06,(1.12+/-0.18)e+06,(1.18+/-0.19)e+06,(1.24+/-0.19)e+06,(1.30+/-0.20)e+06,(1.35+/-0.21)e+06,(1.41+/-0.21)e+06,(1.47+/-0.22)e+06,(1.53+/-0.23)e+06,(1.59+/-0.23)e+06,(1.64+/-0.24)e+06,(1.70+/-0.25)e+06,(1.76+/-0.26)e+06,(1.82+/-0.26)e+06,(1.88+/-0.27)e+06,(1.94+/-0.28)e+06,(1.99+/-0.29)e+06,(2.05+/-0.29)e+06,(2.11+/-0.30)e+06,(2.17+/-0.31)e+06,(2.23+/-0.32)e+06,(2.28+/-0.33)e+06,(2.34+/-0.33)e+06,(2.40+/-0.34)e+06,(2.46+/-0.35)e+06,(2.5+/-0.4)e+06,(2.6+/-0.4)e+06,(2.6+/-0.4)e+06,(2.7+/-0.4)e+06,(2.7+/-0.4)e+06,(2.8+/-0.4)e+06,(2.9+/-0.4)e+06,(2.9+/-0.4)e+06
Ethiopia,5899982,12531927,0,0.0+/-0,0.0+/-0,0.0+/-0,(6.6+/-2.3)e+03,(6.6+/-2.3)e+03,(6.6+/-2.3)e+03,(6.6+/-2.3)e+03,(6.6+/-2.3)e+03,(6.6+/-2.3)e+03,(6.6+/-2.3)e+03,(6.6+/-2.3)e+03,(6.6+/-2.3)e+03,(6.6+/-2.3)e+03,(6.6+/-2.3)e+03,(6.6+/-2.3)e+03,(6.6+/-2.3)e+03,(6.6+/-2.3)e+03,(6.6+/-2.3)e+03,(6.6+/-2.3)e+03,(6.6+/-2.3)e+03,(6.6+/-2.3)e+03,(6.6+/-2.3)e+03,(6.6+/-2.3)e+03,(6.6+/-2.3)e+03,(6.6+/-2.3)e+03,(6.6+/-2.3)e+03,(6.6+/-2.3)e+03,(6.6+/-2.3)e+03,(6.6+/-2.3)e+03,(6.6+/-2.3)e+03,(6.6+/-2.3)e+03,(6.6+/-2.3)e+03,(6.6+/-2.3)e+03,(6.6+/-2.3)e+03,(6.6+/-2.3)e+03,(6.6+/-2.3)e+03,(6.6+/-2.3)e+03,(6.6+/-2.3)e+03,(6.6+/-2.3)e+03,(6.6+/-2.3)e+03,(6.6+/-2.3)e+03,(6.6+/-2.3)e+03,(6.6+/-2.3)e+03,(6.6+/-2.3)e+03,(6.6+/-2.3)e+03,(6.6+/-2.3)e+03,(6.6+/-2.3)e+03,(6.6+/-2.3)e+03,(6.6+/-2.3)e+03,(6.6+/-2.3)e+03,(6.6+/-2.3)e+03,(6.6+/-2.3)e+03
Finland,310554,705967,0,(8+/-4)e+04,(1.9+/-1.0)e+05,(3.2+/-1.6)e+05,(8.4+/-2.9)e+05,(1.7+/-0.4)e+06,(2.8+/-0.7)e+06,(3.6+/-0.9)e+06,(4.4+/-1.0)e+06,(5.1+/-1.1)e+06,(5.8+/-1.2)e+06,(6.4+/-1.3)e+06,(7.0+/-1.3)e+06,(7.5+/-1.3)e+06,(8.1+/-1.4)e+06,(8.7+/-1.4)e+06,(9.2+/-1.5)e+06,(9.8+/-1.6)e+06,(1.04+/-0.16)e+07,(1.10+/-0.17)e+07,(1.15+/-0.17)e+07,(1.21+/-0.18)e+07,(1.27+/-0.19)e+07,(1.32+/-0.19)e+07,(1.38+/-0.20)e+07,(1.44+/-0.21)e+07,(1.49+/-0.21)e+07,(1.55+/-0.22)e+07,(1.61+/-0.23)e+07,(1.66+/-0.24)e+07,(1.72+/-0.24)e+07,(1.78+/-0.25)e+07,(1.83+/-0.26)e+07,(1.89+/-0.27)e+07,(1.95+/-0.27)e+07,(2.00+/-0.28)e+07,(2.06+/-0.29)e+07,(2.12+/-0.30)e+07,(2.17+/-0.30)e+07,(2.23+/-0.31)e+07,(2.29+/-0.32)e+07,(2.34+/-0.33)e+07,(2.40+/-0.34)e+07,(2.46+/-0.34)e+07,(2.51+/-0.35)e+07,(2.6+/-0.4)e+07,(2.6+/-0.4)e+07,(2.7+/-0.4)e+07,(2.7+/-0.4)e+07,(2.8+/-0.4)e+07,(2.9+/-0.4)e+07,(2.9+/-0.4)e+07,(3.0+/-0.4)e+07
Fiji,57993,111402,0,(9+/-5)e+02,(2.1+/-1.1)e+03,(3.4+/-1.8)e+03,(1.2+/-0.4)e+04,(1.5+/-0.5)e+04,(2.1+/-0.8)e+04,(2.4+/-0.9)e+04,(2.6+/-1.0)e+04,(2.8+/-1.1)e+04,(2.9+/-1.2)e+04,(3.0+/-1.2)e+04,(3.0+/-1.2)e+04,(3.0+/-1.2)e+04,(3.0+/-1.2)e+04,(3.0+/-1.2)e+04,(3.0+/-1.2)e+04,(3.0+/-1.2)e+04,(3.0+/-1.2)e+04,(3.0+/-1.2)e+04,(3.0+/-1.2)e+04,(3.0+/-1.2)e+04,(3.0+/-1.2)e+04,(3.0+/-1.2)e+04,(3.0+/-1.2)e+04,(3.0+/-1.2)e+04,(3.0+/-1.2)e+04,(3.0+/-1.2)e+04,(3.0+/-1.2)e+04,(3.0+/-1.2)e+04,(3.0+/-1.2)e+04,(3.0+/-1.2)e+04,(3.0+/-1.2)e+04,(3.0+/-1.2)e+04,(3.0+/-1.2)e+04,(3.0+/-1.2)e+04,(3.0+/-1.2)e+04,(3.0+/-1.2)e+04,(3.0+/-1.2)e+04,(3.0+/-1.2)e+04,(3.0+/-1.2)e+04,(3.0+/-1.2)e+04,(3.0+/-1.2)e+04,(3.0+/-1.2)e+04,(3.0+/-1.2)e+04,(3.0+/-1.2)e+04,(3.0+/-1.2)e+04,(3.0+/-1.2)e+04,(3.0+/-1.2)e+04,(3.0+/-1.2)e+04,(3.0+/-1.2)e+04,(3.0+/-1.2)e+04,(3.0+/-1.2)e+04
France,3709864,8211097,0,(4.4+/-0.6)e+06,(3.1+/-0.5)e+07,(3.7+/-0.5)e+07,(4.3+/-0.6)e+07,(5.0+/-0.7)e+07,(5.9+/-0.9)e+07,(6.6+/-1.0)e+07,(7.3+/-1.1)e+07,(7.9+/-1.2)e+07,(8.5+/-1.3)e+07,(9.1+/-1.3)e+07,(9.6+/-1.4)e+07,(1.02+/-0.15)e+08,(1.07+/-0.15)e+08,(1.13+/-0.16)e+08,(1.18+/-0.17)e+08,(1.24+/-0.17)e+08,(1.29+/-0.18)e+08,(1.35+/-0.19)e+08,(1.40+/-0.20)e+08,(1.45+/-0.20)e+08,(1.51+/-0.21)e+08,(1.56+/-0.22)e+08,(1.62+/-0.22)e+08,(1.67+/-0.23)e+08,(1.73+/-0.24)e+08,(1.78+/-0.25)e+08,(1.84+/-0.25)e+08,(1.89+/-0.26)e+08,(1.95+/-0.27)e+08,(2.00+/-0.28)e+08,(2.05+/-0.28)e+08,(2.11+/-0.29)e+08,(2.16+/-0.30)e+08,(2.22+/-0.31)e+08,(2.27+/-0.31)e+08,(2.33+/-0.32)e+08,(2.38+/-0.33)e+08,(2.44+/-0.34)e+08,(2.49+/-0.34)e+08,(2.54+/-0.35)e+08,(2.6+/-0.4)e+08,(2.7+/-0.4)e+08,(2.7+/-0.4)e+08,(2.8+/-0.4)e+08,(2.8+/-0.4)e+08,(2.9+/-0.4)e+08,(2.9+/-0.4)e+08,(3.0+/-0.4)e+08,(3.0+/-0.4)e+08,(3.1+/-0.4)e+08,(3.1+/-0.4)e+08
Faroe Islands,3044,7257,0,0.0+/-0,0.0+/-0,0.0+/-0,(6.6+/-2.3)e+03,(6.6+/-2.3)e+03,(6.6+/-2.3)e+03,(6.6+/-2.3)e+03,(6.6+/-2.3)e+03,(6.6+/-2.3)e+03,(6.6+/-2.3)e+03,(6.6+/-2.3)e+03,(6.6+/-2.3)e+03,(6.6+/-2.3)e+03,(6.6+/-2.3)e+03,(6.6+/-2.3)e+03,(6.6+/-2.3)e+03,(6.6+/-2.3)e+03,(6.6+/-2.3)e+03,(6.6+/-2.3)e+03,(6.6+/-2.3)e+03,(6.6+/-2.3)e+03,(6.6+/-2.3)e+03,(6.6+/-2.3)e+03,(6.6+/-2.3)e+03,(6.6+/-2.3)e+03,(6.6+/-2.3)e+03,(6.6+/-2.3)e+03,(6.6+/-2.3)e+03,(6.6+/-2.3)e+03,(6.6+/-2.3)e+03,(6.6+/-2.3)e+03,(6.6+/-2.3)e+03,(6.6+/-2.3)e+03,(6.6+/-2.3)e+03,(6.6+/-2.3)e+03,(6.6+/-2.3)e+03,(6.6+/-2.3)e+03,(6.6+/-2.3)e+03,(6.6+/-2.3)e+03,(6.6+/-2.3)e+03,(6.6+/-2.3)e+03,(6.6+/-2.3)e+03,(6.6+/-2.3)e+03,(6.6+/-2.3)e+03,(6.6+/-2.3)e+03,(6.6+/-2.3)e+03,(6.6+/-2.3)e+03,(6.6+/-2.3)e+03,(6.6+/-2.3)e+03,(6.6+/-2.3)e+03,(6.6+/-2.3)e+03,(6.6+/-2.3)e+03
"Micronesia, Fed. Sts.",1589,3674,0,0.0+/-0,0.0+/-0,0.0+/-0,(6.6+/-2.3)e+03,(6.6+/-2.3)e+03,(6.6+/-2.3)e+03,(6.6+/-2.3)e+03,(6.6+/-2.3)e+03,(6.6+/-2.3)e+03,(6.6+/-2.3)e+03,(6.6+/-2.3)e+03,(6.6+/-2.3)e+03,(6.6+/-2.3)e+03,(6.6+/-2.3)e+03,(6.6+/-2.3)e+03,(6.6+/-2.3)e+03,(6.6+/-2.3)e+03,(6.6+/-2.3)e+03,(6.6+/-2.3)e+03,(6.6+/-2.3)e+03,(6.6+/-2.3)e+03,(6.6+/-2.3)e+03,(6.6+/-2.3)e+03,(6.6+/-2.3)e+03,(6.6+/-2.3)e+03,(6.6+/-2.3)e+03,(6.6+/-2.3)e+03,(6.6+/-2.3)e+03,(6.6+/-2.3)e+03,(6.6+/-2.3)e+03,(6.6+/-2.3)e+03,(6.6+/-2.3)e+03,(6.6+/-2.3)e+03,(6.6+/-2.3)e+03,(6.6+/-2.3)e+03,(6.6+/-2.3)e+03,(6.6+/-2.3)e+03,(6.6+/-2.3)e+03,(6.6+/-2.3)e+03,(6.6+/-2.3)e+03,(6.6+/-2.3)e+03,(6.6+/-2.3)e+03,(6.6+/-2.3)e+03,(6.6+/-2.3)e+03,(6.6+/-2.3)e+03,(6.6+/-2.3)e+03,(6.6+/-2.3)e+03,(6.6+/-2.3)e+03,(6.6+/-2.3)e+03,(6.6+/-2.3)e+03,(6.6+/-2.3)e+03,(6.6+/-2.3)e+03
Gabon,100148,313825,0,0.0+/-0,0.0+/-0,0.0+/-0,(6.6+/-2.3)e+03,(6.6+/-2.3)e+03,(6.6+/-2.3)e+03,(6.6+/-2.3)e+03,(6.6+/-2.3)e+03,(6.6+/-2.3)e+03,(6.6+/-2.3)e+03,(6.6+/-2.3)e+03,(6.6+/-2.3)e+03,(6.6+/-2.3)e+03,(6.6+/-2.3)e+03,(6.6+/-2.3)e+03,(6.6+/-2.3)e+03,(6.6+/-2.3)e+03,(6.6+/-2.3)e+03,(6.6+/-2.3)e+03,(6.6+/-2.3)e+03,(6.6+/-2.3)e+03,(6.6+/-2.3)e+03,(6.6+/-2.3)e+03,(6.6+/-2.3)e+03,(6.6+/-2.3)e+03,(6.6+/-2.3)e+03,(6.6+/-2.3)e+03,(6.6+/-2.3)e+03,(6.6+/-2.3)e+03,(6.6+/-2.3)e+03,(6.6+/-2.3)e+03,(6.6+/-2.3)e+03,(6.6+/-2.3)e+03,(6.6+/-2.3)e+03,(6.6+/-2.3)e+03,(6.6+/-2.3)e+03,(6.6+/-2.3)e+03,(6.6+/-2.3)e+03,(6.6+/-2.3)e+03,(6.6+/-2.3)e+03,(6.6+/-2.3)e+03,(6.6+/-2.3)e+03,(6.6+/-2.3)e+03,(6.6+/-2.3)e+03,(6.6+/-2.3)e+03,(6.6+/-2.3)e+03,(6.6+/-2.3)e+03,(6.6+/-2.3)e+03,(6.6+/-2.3)e+03,(6.6+/-2.3)e+03,(6.6+/-2.3)e+03,(6.6+/-2.3)e+03
United Kingdom,3013525,7455734,0,(4.1+/-0.6)e+06,(3.0+/-0.5)e+07,(3.5+/-0.5)e+07,(4.0+/-0.6)e+07,(4.7+/-0.7)e+07,(5.5+/-0.8)e+07,(6.2+/-0.9)e+07,(6.8+/-1.0)e+07,(7.4+/-1.1)e+07,(8.0+/-1.2)e+07,(8.6+/-1.3)e+07,(9.1+/-1.3)e+07,(9.6+/-1.4)e+07,(1.01+/-0.15)e+08,(1.06+/-0.15)e+08,(1.11+/-0.16)e+08,(1.17+/-0.17)e+08,(1.22+/-0.17)e+08,(1.27+/-0.18)e+08,(1.32+/-0.19)e+08,(1.37+/-0.19)e+08,(1.42+/-0.20)e+08,(1.47+/-0.21)e+08,(1.52+/-0.21)e+08,(1.58+/-0.22)e+08,(1.63+/-0.23)e+08,(1.68+/-0.23)e+08,(1.73+/-0.24)e+08,(1.78+/-0.25)e+08,(1.83+/-0.25)e+08,(1.88+/-0.26)e+08,(1.94+/-0.27)e+08,(1.99+/-0.28)e+08,(2.04+/-0.28)e+08,(2.09+/-0.29)e+08,(2.14+/-0.30)e+08,(2.19+/-0.30)e+08,(2.24+/-0.31)e+08,(2.29+/-0.32)e+08,(2.35+/-0.33)e+08,(2.40+/-0.33)e+08,(2.45+/-0.34)e+08,(2.50+/-0.35)e+08,(2.55+/-0.35)e+08,(2.6+/-0.4)e+08,(2.7+/-0.4)e+08,(2.7+/-0.4)e+08,(2.8+/-0.4)e+08,(2.8+/-0.4)e+08,(2.9+/-0.4)e+08,(2.9+/-0.4)e+08,(3.0+/-0.4)e+08
Georgia,209841,409130,0,(4.9+/-2.6)e+03,(1.1+/-0.6)e+04,(1.9+/-1.0)e+04,(3.6+/-1.6)e+04,(8.7+/-2.5)e+04,(1.5+/-0.4)e+05,(2.1+/-0.5)e+05,(2.5+/-0.6)e+05,(2.9+/-0.6)e+05,(3.4+/-0.7)e+05,(3.8+/-0.7)e+05,(4.1+/-0.8)e+05,(4.5+/-0.8)e+05,(4.8+/-0.8)e+05,(5.2+/-0.9)e+05,(5.5+/-0.9)e+05,(5.9+/-0.9)e+05,(6.2+/-1.0)e+05,(6.6+/-1.0)e+05,(6.9+/-1.0)e+05,(7.3+/-1.1)e+05,(7.6+/-1.1)e+05,(8.0+/-1.2)e+05,(8.3+/-1.2)e+05,(8.7+/-1.3)e+05,(9.0+/-1.3)e+05,(9.4+/-1.4)e+05,(9.7+/-1.4)e+05,(1.01+/-0.14)e+06,(1.04+/-0.15)e+06,(1.08+/-0.15)e+06,(1.11+/-0.16)e+06,(1.15+/-0.16)e+06,(1.18+/-0.17)e+06,(1.22+/-0.17)e+06,(1.25+/-0.18)e+06,(1.29+/-0.18)e+06,(1.32+/-0.19)e+06,(1.36+/-0.19)e+06,(1.40+/-0.20)e+06,(1.43+/-0.20)e+06,(1.47+/-0.21)e+06,(1.50+/-0.21)e+06,(1.54+/-0.22)e+06,(1.57+/-0.22)e+06,(1.61+/-0.23)e+06,(1.64+/-0.23)e+06,(1.68+/-0.24)e+06,(1.71+/-0.24)e+06,(1.75+/-0.25)e+06,(1.78+/-0.25)e+06,(1.82+/-0.26)e+06
Ghana,1953526,4380918,0,0.0+/-0,0.0+/-0,0.0+/-0,(6.6+/-2.3)e+03,(6.6+/-2.3)e+03,(6.6+/-2.3)e+03,(6.6+/-2.3)e+03,(6.6+/-2.3)e+03,(6.6+/-2.3)e+03,(6.6+/-2.3)e+03,(6.6+/-2.3)e+03,(6.6+/-2.3)e+03,(6.6+/-2.3)e+03,(6.6+/-2.3)e+03,(6.6+/-2.3)e+03,(6.6+/-2.3)e+03,(6.6+/-2.3)e+03,(6.6+/-2.3)e+03,(6.6+/-2.3)e+03,(6.6+/-2.3)e+03,(6.6+/-2.3)e+03,(6.6+/-2.3)e+03,(6.6+/-2.3)e+03,(6.6+/-2.3)e+03,(6.6+/-2.3)e+03,(6.6+/-2.3)e+03,(6.6+/-2.3)e+03,(6.6+/-2.3)e+03,(6.6+/-2.3)e+03,(6.6+/-2.3)e+03,(6.6+/-2.3)e+03,(6.6+/-2.3)e+03,(6.6+/-2.3)e+03,(6.6+/-2.3)e+03,(6.6+/-2.3)e+03,(6.6+/-2.3)e+03,(6.6+/-2.3)e+03,(6.6+/-2.3)e+03,(6.6+/-2.3)e+03,(6.6+/-2.3)e+03,(6.6+/-2.3)e+03,(6.6+/-2.3)e+03,(6.6+/-2.3)e+03,(6.6+/-2.3)e+03,(6.6+/-2.3)e+03,(6.6+/-2.3)e+03,(6.6+/-2.3)e+03,(6.6+/-2.3)e+03,(6.6+/-2.3)e+03,(6.6+/-2.3)e+03,(6.6+/-2.3)e+03,(6.6+/-2.3)e+03
Gibraltar,1814,5409,0,0.0+/-0,0.0+/-0,0.0+/-0,(6.6+/-2.3)e+03,(6.6+/-2.3)e+03,(6.6+/-2.3)e+03,(6.6+/-2.3)e+03,(6.6+/-2.3)e+03,(6.6+/-2.3)e+03,(6.6+/-2.3)e+03,(6.6+/-2.3)e+03,(6.6+/-2.3)e+03,(6.6+/-2.3)e+03,(6.6+/-2.3)e+03,(6.6+/-2.3)e+03,(6.6+/-2.3)e+03,(6.6+/-2.3)e+03,(6.6+/-2.3)e+03,(6.6+/-2.3)e+03,(6.6+/-2.3)e+03,(6.6+/-2.3)e+03,(6.6+/-2.3)e+03,(6.6+/-2.3)e+03,(6.6+/-2.3)e+03,(6.6+/-2.3)e+03,(6.6+/-2.3)e+03,(6.6+/-2.3)e+03,(6.6+/-2.3)e+03,(6.6+/-2.3)e+03,(6.6+/-2.3)e+03,(6.6+/-2.3)e+03,(6.6+/-2.3)e+03,(6.6+/-2.3)e+03,(6.6+/-2.3)e+03,(6.6+/-2.3)e+03,(6.6+/-2.3)e+03,(6.6+/-2.3)e+03,(6.6+/-2.3)e+03,(6.6+/-2.3)e+03,(6.6+/-2.3)e+03,(6.6+/-2.3)e+03,(6.6+/-2.3)e+03,(6.6+/-2.3)e+03,(6.6+/-2.3)e+03,(6.6+/-2.3)e+03,(6.6+/-2.3)e+03,(6.6+/-2.3)e+03,(6.6+/-2.3)e+03,(6.6+/-2.3)e+03,(6.6+/-2.3)e+03,(6.6+/-2.3)e+03,(6.6+/-2.3)e+03
Guinea,341550,1408386,0,0.0+/-0,0.0+/-0,0.0+/-0,(6.6+/-2.3)e+03,(6.6+/-2.3)e+03,(6.6+/-2.3)e+03,(6.6+/-2.3)e+03,(6.6+/-2.3)e+03,(6.6+/-2.3)e+03,(6.6+/-2.3)e+03,(6.6+/-2.3)e+03,(6.6+/-2.3)e+03,(6.6+/-2.3)e+03,(6.6+/-2.3)e+03,(6.6+/-2.3)e+03,(6.6+/-2.3)e+03,(6.6+/-2.3)e+03,(6.6+/-2.3)e+03,(6.6+/-2.3)e+03,(6.6+/-2.3)e+03,(6.6+/-2.3)e+03,(6.6+/-2.3)e+03,(6.6+/-2.3)e+03,(6.6+/-2.3)e+03,(6.6+/-2.3)e+03,(6.6+/-2.3)e+03,(6.6+/-2.3)e+03,(6.6+/-2.3)e+03,(6.6+/-2.3)e+03,(6.6+/-2.3)e+03,(6.6+/-2.3)e+03,(6.6+/-2.3)e+03,(6.6+/-2.3)e+03,(6.6+/-2.3)e+03,(6.6+/-2.3)e+03,(6.6+/-2.3)e+03,(6.6+/-2.3)e+03,(6.6+/-2.3)e+03,(6.6+/-2.3)e+03,(6.6+/-2.3)e+03,(6.6+/-2.3)e+03,(6.6+/-2.3)e+03,(6.6+/-2.3)e+03,(6.6+/-2.3)e+03,(6.6+/-2.3)e+03,(6.6+/-2.3)e+03,(6.6+/-2.3)e+03,(6.6+/-2.3)e+03,(6.6+/-2.3)e+03,(6.6+/-2.3)e+03,(6.6+/-2.3)e+03,(6.6+/-2.3)e+03
Gambia,106915,321286,0,0.0+/-0,0.0+/-0,0.0+/-0,(6.6+/-2.3)e+03,(6.6+/-2.3)e+03,(6.6+/-2.3)e+03,(6.6+/-2.3)e+03,(6.6+/-2.3)e+03,(6.6+/-2.3)e+03,(6.6+/-2.3)e+03,(6.6+/-2.3)e+03,(6.6+/-2.3)e+03,(6.6+/-2.3)e+03,(6.6+/-2.3)e+03,(6.6+/-2.3)e+03,(6.6+/-2.3)e+03,(6.6+/-2.3)e+03,(6.6+/-2.3)e+03,(6.6+/-2.3)e+03,(6.6+/-2.3)e+03,(6.6+/-2.3)e+03,(6.6+/-2.3)e+03,(6.6+/-2.3)e+03,(6.6+/-2.3)e+03,(6.6+/-2.3)e+03,(6.6+/-2.3)e+03,(6.6+/-2.3)e+03,(6.6+/-2.3)e+03,(6.6+/-2.3)e+03,(6.6+/-2.3)e+03,(6.6+/-2.3)e+03,(6.6+/-2.3)e+03,(6.6+/-2.3)e+03,(6.6+/-2.3)e+03,(6.6+/-2.3)e+03,(6.6+/-2.3)e+03,(6.6+/-2.3)e+03,(6.6+/-2.3)e+03,(6.6+/-2.3)e+03,(6.6+/-2.3)e+03,(6.6+/-2.3)e+03,(6.6+/-2.3)e+03,(6.6+/-2.3)e+03,(6.6+/-2.3)e+03,(6.6+/-2.3)e+03,(6.6+/-2.3)e+03,(6.6+/-2.3)e+03,(6.6+/-2.3)e+03,(6.6+/-2.3)e+03,(6.6+/-2.3)e+03,(6.6+/-2.3)e+03,(6.6+/-2.3)e+03
Guinea-Bissau,76405,184821,0,0.0+/-0,0.0+/-0,0.0+/-0,(6.6+/-2.3)e+03,(6.6+/-2.3)e+03,(6.6+/-2.3)e+03,(6.6+/-2.3)e+03,(6.6+/-2.3)e+03,(6.6+/-2.3)e+03,(6.6+/-2.3)e+03,(6.6+/-2.3)e+03,(6.6+/-2.3)e+03,(6.6+/-2.3)e+03,(6.6+/-2.3)e+03,(6.6+/-2.3)e+03,(6.6+/-2.3)e+03,(6.6+/-2.3)e+03,(6.6+/-2.3)e+03,(6.6+/-2.3)e+03,(6.6+/-2.3)e+03,(6.6+/-2.3)e+03,(6.6+/-2.3)e+03,(6.6+/-2.3)e+03,(6.6+/-2.3)e+03,(6.6+/-2.3)e+03,(6.6+/-2.3)e+03,(6.6+/-2.3)e+03,(6.6+/-2.3)e+03,(6.6+/-2.3)e+03,(6.6+/-2.3)e+03,(6.6+/-2.3)e+03,(6.6+/-2.3)e+03,(6.6+/-2.3)e+03,(6.6+/-2.3)e+03,(6.6+/-2.3)e+03,(6.6+/-2.3)e+03,(6.6+/-2.3)e+03,(6.6+/-2.3)e+03,(6.6+/-2.3)e+03,(6.6+/-2.3)e+03,(6.6+/-2.3)e+03,(6.6+/-2.3)e+03,(6.6+/-2.3)e+03,(6.6+/-2.3)e+03,(6.6+/-2.3)e+03,(6.6+/-2.3)e+03,(6.6+/-2.3)e+03,(6.6+/-2.3)e+03,(6.6+/-2.3)e+03,(6.6+/-2.3)e+03,(6.6+/-2.3)e+03,(6.6+/-2.3)e+03
Equatorial Guinea,96514,256432,0,0.0+/-0,0.0+/-0,0.0+/-0,(6.6+/-2.3)e+03,(6.6+/-2.3)e+03,(6.6+/-2.3)e+03,(6.6+/-2.3)e+03,(6.6+/-2.3)e+03,(6.6+/-2.3)e+03,(6.6+/-2.3)e+03,(6.6+/-2.3)e+03,(6.6+/-2.3)e+03,(6.6+/-2.3)e+03,(6.6+/-2.3)e+03,(6.6+/-2.3)e+03,(6.6+/-2.3)e+03,(6.6+/-2.3)e+03,(6.6+/-2.3)e+03,(6.6+/-2.3)e+03,(6.6+/-2.3)e+03,(6.6+/-2.3)e+03,(6.6+/-2.3)e+03,(6.6+/-2.3)e+03,(6.6+/-2.3)e+03,(6.6+/-2.3)e+03,(6.6+/-2.3)e+03,(6.6+/-2.3)e+03,(6.6+/-2.3)e+03,(6.6+/-2.3)e+03,(6.6+/-2.3)e+03,(6.6+/-2.3)e+03,(6.6+/-2.3)e+03,(6.6+/-2.3)e+03,(6.6+/-2.3)e+03,(6.6+/-2.3)e+03,(6.6+/-2.3)e+03,(6.6+/-2.3)e+03,(6.6+/-2.3)e+03,(6.6+/-2.3)e+03,(6.6+/-2.3)e+03,(6.6+/-2.3)e+03,(6.6+/-2.3)e+03,(6.6+/-2.3)e+03,(6.6+/-2.3)e+03,(6.6+/-2.3)e+03,(6.6+/-2.3)e+03,(6.6+/-2.3)e+03,(6.6+/-2.3)e+03,(6.6+/-2.3)e+03,(6.6+/-2.3)e+03,(6.6+/-2.3)e+03,(6.6+/-2.3)e+03
Greece,548248,1388109,0,(3.9+/-2.0)e+04,(9+/-5)e+04,(1.5+/-0.8)e+05,(7.9+/-2.4)e+05,(9.2+/-2.8)e+05,(1.2+/-0.4)e+06,(1.5+/-0.4)e+06,(1.9+/-0.5)e+06,(2.2+/-0.5)e+06,(2.5+/-0.6)e+06,(2.8+/-0.6)e+06,(3.0+/-0.6)e+06,(3.3+/-0.6)e+06,(3.5+/-0.6)e+06,(3.8+/-0.6)e+06,(4.0+/-0.7)e+06,(4.3+/-0.7)e+06,(4.5+/-0.7)e+06,(4.8+/-0.7)e+06,(5.0+/-0.8)e+06,(5.3+/-0.8)e+06,(5.5+/-0.8)e+06,(5.8+/-0.8)e+06,(6.0+/-0.9)e+06,(6.3+/-0.9)e+06,(6.5+/-0.9)e+06,(6.8+/-0.9)e+06,(7.0+/-1.0)e+06,(7.3+/-1.0)e+06,(7.5+/-1.0)e+06,(7.8+/-1.1)e+06,(8.0+/-1.1)e+06,(8.3+/-1.1)e+06,(8.5+/-1.2)e+06,(8.8+/-1.2)e+06,(9.0+/-1.2)e+06,(9.3+/-1.3)e+06,(9.5+/-1.3)e+06,(9.8+/-1.3)e+06,(1.00+/-0.14)e+07,(1.03+/-0.14)e+07,(1.05+/-0.14)e+07,(1.08+/-0.15)e+07,(1.10+/-0.15)e+07,(1.13+/-0.15)e+07,(1.15+/-0.16)e+07,(1.18+/-0.16)e+07,(1.20+/-0.16)e+07,(1.23+/-0.17)e+07,(1.25+/-0.17)e+07,(1.28+/-0.17)e+07,(1.30+/-0.18)e+07
Grenada,6367,15457,0,(9+/-5)e+01,(2.0+/-1.0)e+02,(3.3+/-1.7)e+02,(7.1+/-2.3)e+03,(7.4+/-2.4)e+03,(8.0+/-2.4)e+03,(8.3+/-2.5)e+03,(8.5+/-2.5)e+03,(8.6+/-2.6)e+03,(8.7+/-2.6)e+03,(8.8+/-2.6)e+03,(8.8+/-2.6)e+03,(8.8+/-2.6)e+03,(8.8+/-2.6)e+03,(8.8+/-2.6)e+03,(8.8+/-2.6)e+03,(8.8+/-2.6)e+03,(8.8+/-2.6)e+03,(8.8+/-2.6)e+03,(8.8+/-2.6)e+03,(8.8+/-2.6)e+03,(8.8+/-2.6)e+03,(8.8+/-2.6)e+03,(8.8+/-2.6)e+03,(8.8+/-2.6)e+03,(8.8+/-2.6)e+03,(8.8+/-2.6)e+03,(8.8+/-2.6)e+03,(8.8+/-2.6)e+03,(8.8+/-2.6)e+03,(8.8+/-2.6)e+03,(8.8+/-2.6)e+03,(8.8+/-2.6)e+03,(8.8+/-2.6)e+03,(8.8+/-2.6)e+03,(8.8+/-2.6)e+03,(8.8+/-2.6)e+03,(8.8+/-2.6)e+03,(8.8+/-2.6)e+03,(8.8+/-2.6)e+03,(8.8+/-2.6)e+03,(8.8+/-2.6)e+03,(8.8+/-2.6)e+03,(8.8+/-2.6)e+03,(8.8+/-2.6)e+03,(8.8+/-2.6)e+03,(8.8+/-2.6)e+03,(8.8+/-2.6)e+03,(8.8+/-2.6)e+03,(8.8+/-2.6)e+03,(8.8+/-2.6)e+03,(8.8+/-2.6)e+03
Greenland,2741,6534,0,0.0+/-0,0.0+/-0,0.0+/-0,(6.6+/-2.3)e+03,(6.6+/-2.3)e+03,(6.6+/-2.3)e+03,(6.6+/-2.3)e+03,(6.6+/-2.3)e+03,(6.6+/-2.3)e+03,(6.6+/-2.3)e+03,(6.6+/-2.3)e+03,(6.6+/-2.3)e+03,(6.6+/-2.3)e+03,(6.6+/-2.3)e+03,(6.6+/-2.3)e+03,(6.6+/-2.3)e+03,(6.6+/-2.3)e+03,(6.6+/-2.3)e+03,(6.6+/-2.3)e+03,(6.6+/-2.3)e+03,(6.6+/-2.3)e+03,(6.6+/-2.3)e+03,(6.6+/-2.3)e+03,(6.6+/-2.3)e+03,(6.6+/-2.3)e+03,(6.6+/-2.3)e+03,(6.6+/-2.3)e+03,(6.6+/-2.3)e+03,(6.6+/-2.3)e+03,(6.6+/-2.3)e+03,(6.6+/-2.3)e+03,(6.6+/-2.3)e+03,(6.6+/-2.3)e+03,(6.6+/-2.3)e+03,(6.6+/-2.3)e+03,(6.6+/-2.3)e+03,(6.6+/-2.3)e+03,(6.6+/-2.3)e+03,(6.6+/-2.3)e+03,(6.6+/-2.3)e+03,(6.6+/-2.3)e+03,(6.6+/-2.3)e+03,(6.6+/-2.3)e+03,(6.6+/-2.3)e+03,(6.6+/-2.3)e+03,(6.6+/-2.3)e+03,(6.6+/-2.3)e+03,(6.6+/-2.3)e+03,(6.6+/-2.3)e+03,(6.6+/-2.3)e+03,(6.6+/-2.3)e+03,(6.6+/-2.3)e+03
Guatemala,1056820,2995068,0,(2.5+/-1.3)e+04,(5.6+/-2.9)e+04,(9+/-5)e+04,(3.0+/-1.0)e+05,(3.8+/-1.3)e+05,(5.4+/-2.1)e+05,(6.2+/-2.5)e+05,(8.3+/-2.8)e+05,(1.02+/-0.31)e+06,(1.21+/-0.33)e+06,(1.39+/-0.34)e+06,(1.54+/-0.35)e+06,(1.7+/-0.4)e+06,(1.8+/-0.4)e+06,(2.0+/-0.4)e+06,(2.2+/-0.4)e+06,(2.3+/-0.4)e+06,(2.5+/-0.4)e+06,(2.6+/-0.4)e+06,(2.8+/-0.4)e+06,(2.9+/-0.5)e+06,(3.1+/-0.5)e+06,(3.2+/-0.5)e+06,(3.4+/-0.5)e+06,(3.5+/-0.5)e+06,(3.7+/-0.5)e+06,(3.8+/-0.6)e+06,(4.0+/-0.6)e+06,(4.1+/-0.6)e+06,(4.3+/-0.6)e+06,(4.5+/-0.6)e+06,(4.6+/-0.7)e+06,(4.8+/-0.7)e+06,(4.9+/-0.7)e+06,(5.1+/-0.7)e+06,(5.2+/-0.7)e+06,(5.4+/-0.8)e+06,(5.5+/-0.8)e+06,(5.7+/-0.8)e+06,(5.8+/-0.8)e+06,(6.0+/-0.8)e+06,(6.1+/-0.9)e+06,(6.3+/-0.9)e+06,(6.4+/-0.9)e+06,(6.6+/-0.9)e+06,(6.8+/-0.9)e+06,(6.9+/-1.0)e+06,(7.1+/-1.0)e+06,(7.2+/-1.0)e+06,(7.4+/-1.0)e+06,(7.5+/-1.0)e+06,(7.7+/-1.1)e+06
Guam,7094,16225,0,0.0+/-0,0.0+/-0,0.0+/-0,(6.6+/-2.3)e+03,(6.6+/-2.3)e+03,(6.6+/-2.3)e+03,(6.6+/-2.3)e+03,(6.6+/-2.3)e+03,(6.6+/-2.3)e+03,(6.6+/-2.3)e+03,(6.6+/-2.3)e+03,(6.6+/-2.3)e+03,(6.6+/-2.3)e+03,(6.6+/-2.3)e+03,(6.6+/-2.3)e+03,(6.6+/-2.3)e+03,(6.6+/-2.3)e+03,(6.6+/-2.3)e+03,(6.6+/-2.3)e+03,(6.6+/-2.3)e+03,(6.6+/-2.3)e+03,(6.6+/-2.3)e+03,(6.6+/-2.3)e+03,(6.6+/-2.3)e+03,(6.6+/-2.3)e+03,(6.6+/-2.3)e+03,(6.6+/-2.3)e+03,(6.6+/-2.3)e+03,(6.6+/-2.3)e+03,(6.6+/-2.3)e+03,(6.6+/-2.3)e+03,(6.6+/-2.3)e+03,(6.6+/-2.3)e+03,(6.6+/-2.3)e+03,(6.6+/-2.3)e+03,(6.6+/-2.3)e+03,(6.6+/-2.3)e+03,(6.6+/-2.3)e+03,(6.6+/-2.3)e+03,(6.6+/-2.3)e+03,(6.6+/-2.3)e+03,(6.6+/-2.3)e+03,(6.6+/-2.3)e+03,(6.6+/-2.3)e+03,(6.6+/-2.3)e+03,(6.6+/-2.3)e+03,(6.6+/-2.3)e+03,(6.6+/-2.3)e+03,(6.6+/-2.3)e+03,(6.6+/-2.3)e+03,(6.6+/-2.3)e+03,(6.6+/-2.3)e+03
Guyana,41272,97930,0,(4.8+/-2.5)e+02,(1.1+/-0.6)e+03,(1.8+/-1.0)e+03,(9.5+/-2.8)e+03,(1.11+/-0.33)e+04,(1.4+/-0.5)e+04,(1.6+/-0.5)e+04,(1.7+/-0.6)e+04,(1.8+/-0.6)e+04,(1.8+/-0.7)e+04,(1.9+/-0.7)e+04,(1.9+/-0.7)e+04,(1.9+/-0.7)e+04,(1.9+/-0.7)e+04,(1.9+/-0.7)e+04,(1.9+/-0.7)e+04,(1.9+/-0.7)e+04,(1.9+/-0.7)e+04,(1.9+/-0.7)e+04,(1.9+/-0.7)e+04,(1.9+/-0.7)e+04,(1.9+/-0.7)e+04,(1.9+/-0.7)e+04,(1.9+/-0.7)e+04,(1.9+/-0.7)e+04,(1.9+/-0.7)e+04,(1.9+/-0.7)e+04,(1.9+/-0.7)e+04,(1.9+/-0.7)e+04,(1.9+/-0.7)e+04,(1.9+/-0.7)e+04,(1.9+/-0.7)e+04,(1.9+/-0.7)e+04,(1.9+/-0.7)e+04,(1.9+/-0.7)e+04,(1.9+/-0.7)e+04,(1.9+/-0.7)e+04,(1.9+/-0.7)e+04,(1.9+/-0.7)e+04,(1.9+/-0.7)e+04,(1.9+/-0.7)e+04,(1.9+/-0.7)e+04,(1.9+/-0.7)e+04,(1.9+/-0.7)e+04,(1.9+/-0.7)e+04,(1.9+/-0.7)e+04,(1.9+/-0.7)e+04,(1.9+/-0.7)e+04,(1.9+/-0.7)e+04,(1.9+/-0.7)e+04,(1.9+/-0.7)e+04,(1.9+/-0.7)e+04
Hong Kong,382849,833220,0,0.0+/-0,0.0+/-0,0.0+/-0,(1.4+/-0.5)e+06,(1.4+/-0.5)e+06,(1.4+/-0.5)e+06,(1.4+/-0.5)e+06,(1.4+/-0.5)e+06,(1.4+/-0.5)e+06,(1.4+/-0.5)e+06,(1.4+/-0.5)e+06,(1.4+/-0.5)e+06,(1.4+/-0.5)e+06,(1.4+/-0.5)e+06,(1.4+/-0.5)e+06,(1.4+/-0.5)e+06,(1.4+/-0.5)e+06,(1.4+/-0.5)e+06,(1.4+/-0.5)e+06,(1.4+/-0.5)e+06,(1.4+/-0.5)e+06,(1.4+/-0.5)e+06,(1.4+/-0.5)e+06,(1.4+/-0.5)e+06,(1.4+/-0.5)e+06,(1.4+/-0.5)e+06,(1.4+/-0.5)e+06,(1.4+/-0.5)e+06,(1.4+/-0.5)e+06,(1.4+/-0.5)e+06,(1.4+/-0.5)e+06,(1.4+/-0.5)e+06,(1.4+/-0.5)e+06,(1.4+/-0.5)e+06,(1.4+/-0.5)e+06,(1.4+/-0.5)e+06,(1.4+/-0.5)e+06,(1.4+/-0.5)e+06,(1.4+/-0.5)e+06,(1.4+/-0.5)e+06,(1.4+/-0.5)e+06,(1.4+/-0.5)e+06,(1.4+/-0.5)e+06,(1.4+/-0.5)e+06,(1.4+/-0.5)e+06,(1.4+/-0.5)e+06,(1.4+/-0.5)e+06,(1.4+/-0.5)e+06,(1.4+/-0.5)e+06,(1.4+/-0.5)e+06,(1.4+/-0.5)e+06,(1.4+/-0.5)e+06
Honduras,600320,1510767,0,(5.5+/-0.8)e+04,(1.13+/-0.17)e+05,(1.73+/-0.27)e+05,(2.5+/-0.4)e+05,(3.2+/-0.6)e+05,(4.3+/-0.9)e+05,(5.0+/-1.0)e+05,(5.7+/-1.2)e+05,(6.3+/-1.3)e+05,(6.9+/-1.3)e+05,(7.4+/-1.4)e+05,(7.9+/-1.5)e+05,(8.4+/-1.5)e+05,(8.8+/-1.5)e+05,(9.3+/-1.6)e+05,(9.8+/-1.6)e+05,(1.02+/-0.17)e+06,(1.07+/-0.17)e+06,(1.11+/-0.18)e+06,(1.16+/-0.18)e+06,(1.21+/-0.19)e+06,(1.25+/-0.19)e+06,(1.30+/-0.20)e+06,(1.35+/-0.20)e+06,(1.39+/-0.21)e+06,(1.44+/-0.21)e+06,(1.48+/-0.22)e+06,(1.53+/-0.23)e+06,(1.58+/-0.23)e+06,(1.62+/-0.24)e+06,(1.67+/-0.24)e+06,(1.72+/-0.25)e+06,(1.76+/-0.25)e+06,(1.81+/-0.26)e+06,(1.85+/-0.27)e+06,(1.90+/-0.27)e+06,(1.95+/-0.28)e+06,(1.99+/-0.29)e+06,(2.04+/-0.29)e+06,(2.09+/-0.30)e+06,(2.13+/-0.30)e+06,(2.18+/-0.31)e+06,(2.22+/-0.32)e+06,(2.27+/-0.32)e+06,(2.32+/-0.33)e+06,(2.36+/-0.34)e+06,(2.41+/-0.34)e+06,(2.45+/-0.35)e+06,(2.50+/-0.35)e+06,(2.5+/-0.4)e+06,(2.6+/-0.4)e+06,(2.6+/-0.4)e+06
Croatia,180048,399331,0,(2.0+/-1.0)e+04,(4.4+/-2.3)e+04,(7+/-4)e+04,(2.0+/-0.7)e+05,(2.6+/-1.0)e+05,(3.9+/-1.6)e+05,(4.5+/-2.0)e+05,(6.1+/-2.2)e+05,(7.5+/-2.4)e+05,(8.8+/-2.5)e+05,(1.02+/-0.27)e+06,(1.13+/-0.27)e+06,(1.24+/-0.28)e+06,(1.35+/-0.28)e+06,(1.46+/-0.29)e+06,(1.57+/-0.30)e+06,(1.68+/-0.31)e+06,(1.79+/-0.32)e+06,(1.90+/-0.32)e+06,(2.02+/-0.33)e+06,(2.13+/-0.35)e+06,(2.2+/-0.4)e+06,(2.3+/-0.4)e+06,(2.5+/-0.4)e+06,(2.6+/-0.4)e+06,(2.7+/-0.4)e+06,(2.8+/-0.4)e+06,(2.9+/-0.4)e+06,(3.0+/-0.4)e+06,(3.1+/-0.5)e+06,(3.2+/-0.5)e+06,(3.3+/-0.5)e+06,(3.5+/-0.5)e+06,(3.6+/-0.5)e+06,(3.7+/-0.5)e+06,(3.8+/-0.5)e+06,(3.9+/-0.6)e+06,(4.0+/-0.6)e+06,(4.1+/-0.6)e+06,(4.2+/-0.6)e+06,(4.3+/-0.6)e+06,(4.5+/-0.6)e+06,(4.6+/-0.6)e+06,(4.7+/-0.7)e+06,(4.8+/-0.7)e+06,(4.9+/-0.7)e+06,(5.0+/-0.7)e+06,(5.1+/-0.7)e+06,(5.2+/-0.7)e+06,(5.4+/-0.7)e+06,(5.5+/-0.8)e+06,(5.6+/-0.8)e+06
Haiti,737137,1855081,0,(8+/-4)e+03,(1.9+/-1.0)e+04,(3.2+/-1.7)e+04,(5.7+/-2.7)e+04,(8+/-4)e+04,(1.4+/-0.7)e+05,(1.7+/-0.8)e+05,(1.9+/-0.9)e+05,(2.0+/-1.0)e+05,(2.1+/-1.1)e+05,(2.2+/-1.1)e+05,(2.2+/-1.1)e+05,(2.2+/-1.1)e+05,(2.2+/-1.1)e+05,(2.2+/-1.1)e+05,(2.2+/-1.1)e+05,(2.2+/-1.1)e+05,(2.2+/-1.1)e+05,(2.2+/-1.1)e+05,(2.2+/-1.1)e+05,(2.2+/-1.1)e+05,(2.2+/-1.1)e+05,(2.2+/-1.1)e+05,(2.2+/-1.1)e+05,(2.2+/-1.1)e+05,(2.2+/-1.1)e+05,(2.2+/-1.1)e+05,(2.2+/-1.1)e+05,(2.2+/-1.1)e+05,(2.2+/-1.1)e+05,(2.2+/-1.1)e+05,(2.2+/-1.1)e+05,(2.2+/-1.1)e+05,(2.2+/-1.1)e+05,(2.2+/-1.1)e+05,(2.2+/-1.1)e+05,(2.2+/-1.1)e+05,(2.2+/-1.1)e+05,(2.2+/-1.1)e+05,(2.2+/-1.1)e+05,(2.2+/-1.1)e+05,(2.2+/-1.1)e+05,(2.2+/-1.1)e+05,(2.2+/-1.1)e+05,(2.2+/-1.1)e+05,(2.2+/-1.1)e+05,(2.2+/-1.1)e+05,(2.2+/-1.1)e+05,(2.2+/-1.1)e+05,(2.2+/-1.1)e+05,(2.2+/-1.1)e+05,(2.2+/-1.1)e+05
Hungary,508635,1086982,0,(7+/-4)e+04,(1.6+/-0.8)e+05,(2.6+/-1.4)e+05,(7.3+/-2.5)e+05,(1.4+/-0.4)e+06,(2.4+/-0.6)e+06,(3.1+/-0.7)e+06,(3.8+/-0.8)e+06,(4.3+/-0.9)e+06,(4.9+/-1.0)e+06,(5.5+/-1.1)e+06,(6.0+/-1.1)e+06,(6.5+/-1.1)e+06,(7.0+/-1.2)e+06,(7.4+/-1.2)e+06,(7.9+/-1.3)e+06,(8.4+/-1.3)e+06,(8.9+/-1.4)e+06,(9.4+/-1.4)e+06,(9.9+/-1.5)e+06,(1.04+/-0.15)e+07,(1.09+/-0.16)e+07,(1.13+/-0.17)e+07,(1.18+/-0.17)e+07,(1.23+/-0.18)e+07,(1.28+/-0.18)e+07,(1.33+/-0.19)e+07,(1.38+/-0.20)e+07,(1.43+/-0.20)e+07,(1.48+/-0.21)e+07,(1.53+/-0.22)e+07,(1.57+/-0.22)e+07,(1.62+/-0.23)e+07,(1.67+/-0.23)e+07,(1.72+/-0.24)e+07,(1.77+/-0.25)e+07,(1.82+/-0.25)e+07,(1.87+/-0.26)e+07,(1.92+/-0.27)e+07,(1.97+/-0.28)e+07,(2.01+/-0.28)e+07,(2.06+/-0.29)e+07,(2.11+/-0.30)e+07,(2.16+/-0.30)e+07,(2.21+/-0.31)e+07,(2.26+/-0.32)e+07,(2.31+/-0.32)e+07,(2.36+/-0.33)e+07,(2.40+/-0.34)e+07,(2.45+/-0.34)e+07,(2.50+/-0.35)e+07,(2.6+/-0.4)e+07
Indonesia,22451094,51368554,0,(4.4+/-2.3)e+05,(1.0+/-0.5)e+06,(1.6+/-0.9)e+06,(2.2+/-0.7)e+07,(2.7+/-0.8)e+07,(3.3+/-0.8)e+07,(3.8+/-0.9)e+07,(4.3+/-0.9)e+07,(4.7+/-0.9)e+07,(5.1+/-1.0)e+07,(5.5+/-1.0)e+07,(5.9+/-1.0)e+07,(6.2+/-1.0)e+07,(6.6+/-1.1)e+07,(6.9+/-1.1)e+07,(7.3+/-1.1)e+07,(7.6+/-1.1)e+07,(8.0+/-1.2)e+07,(8.4+/-1.2)e+07,(8.7+/-1.2)e+07,(9.1+/-1.3)e+07,(9.4+/-1.3)e+07,(9.8+/-1.3)e+07,(1.01+/-0.14)e+08,(1.05+/-0.14)e+08,(1.08+/-0.15)e+08,(1.12+/-0.15)e+08,(1.15+/-0.15)e+08,(1.19+/-0.16)e+08,(1.23+/-0.16)e+08,(1.26+/-0.17)e+08,(1.30+/-0.17)e+08,(1.33+/-0.17)e+08,(1.37+/-0.18)e+08,(1.40+/-0.18)e+08,(1.44+/-0.19)e+08,(1.47+/-0.19)e+08,(1.51+/-0.20)e+08,(1.55+/-0.20)e+08,(1.58+/-0.21)e+08,(1.62+/-0.21)e+08,(1.65+/-0.21)e+08,(1.69+/-0.22)e+08,(1.72+/-0.22)e+08,(1.76+/-0.23)e+08,(1.79+/-0.23)e+08,(1.83+/-0.24)e+08,(1.86+/-0.24)e+08,(1.90+/-0.25)e+08,(1.94+/-0.25)e+08,(1.97+/-0.26)e+08,(2.01+/-0.26)e+08
Isle of Man,3111,7698,0,0.0+/-0,0.0+/-0,0.0+/-0,(6.6+/-2.3)e+03,(6.6+/-2.3)e+03,(6.6+/-2.3)e+03,(6.6+/-2.3)e+03,(6.6+/-2.3)e+03,(6.6+/-2.3)e+03,(6.6+/-2.3)e+03,(6.6+/-2.3)e+03,(6.6+/-2.3)e+03,(6.6+/-2.3)e+03,(6.6+/-2.3)e+03,(6.6+/-2.3)e+03,(6.6+/-2.3)e+03,(6.6+/-2.3)e+03,(6.6+/-2.3)e+03,(6.6+/-2.3)e+03,(6.6+/-2.3)e+03,(6.6+/-2.3)e+03,(6.6+/-2.3)e+03,(6.6+/-2.3)e+03,(6.6+/-2.3)e+03,(6.6+/-2.3)e+03,(6.6+/-2.3)e+03,(6.6+/-2.3)e+03,(6.6+/-2.3)e+03,(6.6+/-2.3)e+03,(6.6+/-2.3)e+03,(6.6+/-2.3)e+03,(6.6+/-2.3)e+03,(6.6+/-2.3)e+03,(6.6+/-2.3)e+03,(6.6+/-2.3)e+03,(6.6+/-2.3)e+03,(6.6+/-2.3)e+03,(6.6+/-2.3)e+03,(6.6+/-2.3)e+03,(6.6+/-2.3)e+03,(6.6+/-2.3)e+03,(6.6+/-2.3)e+03,(6.6+/-2.3)e+03,(6.6+/-2.3)e+03,(6.6+/-2.3)e+03,(6.6+/-2.3)e+03,(6.6+/-2.3)e+03,(6.6+/-2.3)e+03,(6.6+/-2.3)e+03,(6.6+/-2.3)e+03,(6.6+/-2.3)e+03,(6.6+/-2.3)e+03
India,123067889,194780918,0,(8+/-4)e+05,(1.7+/-0.9)e+06,(9.6+/-1.8)e+06,(1.00+/-0.31)e+08,(1.09+/-0.31)e+08,(1.21+/-0.31)e+08,(1.30+/-0.32)e+08,(1.39+/-0.32)e+08,(1.47+/-0.33)e+08,(1.54+/-0.33)e+08,(1.62+/-0.33)e+08,(1.69+/-0.34)e+08,(1.75+/-0.34)e+08,(1.82+/-0.34)e+08,(1.89+/-0.35)e+08,(1.96+/-0.35)e+08,(2.02+/-0.35)e+08,(2.1+/-0.4)e+08,(2.2+/-0.4)e+08,(2.2+/-0.4)e+08,(2.3+/-0.4)e+08,(2.4+/-0.4)e+08,(2.4+/-0.4)e+08,(2.5+/-0.4)e+08,(2.6+/-0.4)e+08,(2.6+/-0.4)e+08,(2.7+/-0.4)e+08,(2.8+/-0.4)e+08,(2.8+/-0.4)e+08,(2.9+/-0.4)e+08,(3.0+/-0.4)e+08,(3.0+/-0.4)e+08,(3.1+/-0.4)e+08,(3.2+/-0.4)e+08,(3.2+/-0.5)e+08,(3.3+/-0.5)e+08,(3.4+/-0.5)e+08,(3.4+/-0.5)e+08,(3.5+/-0.5)e+08,(3.6+/-0.5)e+08,(3.6+/-0.5)e+08,(3.7+/-0.5)e+08,(3.8+/-0.5)e+08,(3.9+/-0.5)e+08,(3.9+/-0.5)e+08,(4.0+/-0.5)e+08,(4.1+/-0.5)e+08,(4.1+/-0.5)e+08,(4.2+/-0.6)e+08,(4.3+/-0.6)e+08,(4.3+/-0.6)e+08,(4.4+/-0.6)e+08
Ireland,262936,645289,0,(3.2+/-1.6)e+05,(7+/-4)e+05,(1.2+/-0.6)e+06,(1.9+/-1.0)e+06,(2.9+/-1.5)e+06,(5.0+/-2.6)e+06,(6.0+/-3.1)e+06,(8.5+/-3.5)e+06,(1.1+/-0.4)e+07,(1.3+/-0.4)e+07,(1.5+/-0.4)e+07,(1.7+/-0.4)e+07,(1.9+/-0.4)e+07,(2.0+/-0.4)e+07,(2.2+/-0.5)e+07,(2.4+/-0.5)e+07,(2.6+/-0.5)e+07,(2.7+/-0.5)e+07,(2.9+/-0.5)e+07,(3.1+/-0.5)e+07,(3.3+/-0.5)e+07,(3.5+/-0.6)e+07,(3.6+/-0.6)e+07,(3.8+/-0.6)e+07,(4.0+/-0.6)e+07,(4.2+/-0.6)e+07,(4.3+/-0.7)e+07,(4.5+/-0.7)e+07,(4.7+/-0.7)e+07,(4.9+/-0.7)e+07,(5.1+/-0.7)e+07,(5.2+/-0.8)e+07,(5.4+/-0.8)e+07,(5.6+/-0.8)e+07,(5.8+/-0.8)e+07,(5.9+/-0.8)e+07,(6.1+/-0.9)e+07,(6.3+/-0.9)e+07,(6.5+/-0.9)e+07,(6.7+/-0.9)e+07,(6.8+/-1.0)e+07,(7.0+/-1.0)e+07,(7.2+/-1.0)e+07,(7.4+/-1.0)e+07,(7.5+/-1.1)e+07,(7.7+/-1.1)e+07,(7.9+/-1.1)e+07,(8.1+/-1.1)e+07,(8.3+/-1.1)e+07,(8.4+/-1.2)e+07,(8.6+/-1.2)e+07,(8.8+/-1.2)e+07
Iran,3793893,8095415,0,(1.4+/-0.8)e+05,(3.2+/-1.7)e+05,(5.4+/-2.8)e+05,(9+/-5)e+05,(1.3+/-0.7)e+06,(2.3+/-1.2)e+06,(3.6+/-1.4)e+06,(4.8+/-1.6)e+06,(5.9+/-1.8)e+06,(6.9+/-1.9)e+06,(8.0+/-2.0)e+06,(8.8+/-2.0)e+06,(9.7+/-2.1)e+06,(1.06+/-0.21)e+07,(1.14+/-0.22)e+07,(1.23+/-0.23)e+07,(1.32+/-0.24)e+07,(1.41+/-0.24)e+07,(1.49+/-0.25)e+07,(1.58+/-0.26)e+07,(1.67+/-0.27)e+07,(1.75+/-0.28)e+07,(1.84+/-0.29)e+07,(1.93+/-0.30)e+07,(2.02+/-0.31)e+07,(2.10+/-0.32)e+07,(2.19+/-0.33)e+07,(2.28+/-0.34)e+07,(2.36+/-0.35)e+07,(2.5+/-0.4)e+07,(2.5+/-0.4)e+07,(2.6+/-0.4)e+07,(2.7+/-0.4)e+07,(2.8+/-0.4)e+07,(2.9+/-0.4)e+07,(3.0+/-0.4)e+07,(3.1+/-0.4)e+07,(3.1+/-0.5)e+07,(3.2+/-0.5)e+07,(3.3+/-0.5)e+07,(3.4+/-0.5)e+07,(3.5+/-0.5)e+07,(3.6+/-0.5)e+07,(3.7+/-0.5)e+07,(3.8+/-0.5)e+07,(3.8+/-0.5)e+07,(3.9+/-0.6)e+07,(4.0+/-0.6)e+07,(4.1+/-0.6)e+07,(4.2+/-0.6)e+07,(4.3+/-0.6)e+07,(4.4+/-0.6)e+07
Iraq,1744558,3712902,0,(8.7+/-1.3)e+04,(1.77+/-0.28)e+05,(2.7+/-0.4)e+05,(3.8+/-0.7)e+05,(5.1+/-0.9)e+05,(6.8+/-1.5)e+05,(8.0+/-1.7)e+05,(9.1+/-2.0)e+05,(1.01+/-0.21)e+06,(1.10+/-0.23)e+06,(1.18+/-0.24)e+06,(1.25+/-0.24)e+06,(1.32+/-0.25)e+06,(1.39+/-0.25)e+06,(1.47+/-0.26)e+06,(1.54+/-0.27)e+06,(1.61+/-0.27)e+06,(1.68+/-0.28)e+06,(1.75+/-0.29)e+06,(1.82+/-0.30)e+06,(1.89+/-0.30)e+06,(1.96+/-0.31)e+06,(2.03+/-0.32)e+06,(2.10+/-0.33)e+06,(2.17+/-0.33)e+06,(2.24+/-0.34)e+06,(2.31+/-0.35)e+06,(2.4+/-0.4)e+06,(2.5+/-0.4)e+06,(2.5+/-0.4)e+06,(2.6+/-0.4)e+06,(2.7+/-0.4)e+06,(2.7+/-0.4)e+06,(2.8+/-0.4)e+06,(2.9+/-0.4)e+06,(2.9+/-0.4)e+06,(3.0+/-0.4)e+06,(3.1+/-0.4)e+06,(3.2+/-0.5)e+06,(3.2+/-0.5)e+06,(3.3+/-0.5)e+06,(3.4+/-0.5)e+06,(3.4+/-0.5)e+06,(3.5+/-0.5)e+06,(3.6+/-0.5)e+06,(3.7+/-0.5)e+06,(3.7+/-0.5)e+06,(3.8+/-0.5)e+06,(3.9+/-0.6)e+06,(3.9+/-0.6)e+06,(4.0+/-0.6)e+06,(4.1+/-0.6)e+06
Iceland,23450,55896,0,(5.8+/-3.0)e+03,(1.3+/-0.7)e+04,(2.2+/-1.1)e+04,(8.5+/-1.9)e+04,(1.48+/-0.31)e+05,(2.3+/-0.5)e+05,(2.9+/-0.6)e+05,(3.5+/-0.7)e+05,(4.0+/-0.8)e+05,(4.5+/-0.9)e+05,(5.0+/-0.9)e+05,(5.5+/-1.0)e+05,(5.9+/-1.0)e+05,(6.3+/-1.0)e+05,(6.8+/-1.1)e+05,(7.2+/-1.1)e+05,(7.6+/-1.2)e+05,(8.1+/-1.2)e+05,(8.5+/-1.3)e+05,(9.0+/-1.3)e+05,(9.4+/-1.4)e+05,(9.8+/-1.4)e+05,(1.03+/-0.15)e+06,(1.07+/-0.16)e+06,(1.11+/-0.16)e+06,(1.16+/-0.17)e+06,(1.20+/-0.17)e+06,(1.25+/-0.18)e+06,(1.29+/-0.18)e+06,(1.33+/-0.19)e+06,(1.38+/-0.20)e+06,(1.42+/-0.20)e+06,(1.46+/-0.21)e+06,(1.51+/-0.21)e+06,(1.55+/-0.22)e+06,(1.60+/-0.23)e+06,(1.64+/-0.23)e+06,(1.68+/-0.24)e+06,(1.73+/-0.24)e+06,(1.77+/-0.25)e+06,(1.81+/-0.26)e+06,(1.86+/-0.26)e+06,(1.90+/-0.27)e+06,(1.95+/-0.27)e+06,(1.99+/-0.28)e+06,(2.03+/-0.29)e+06,(2.08+/-0.29)e+06,(2.12+/-0.30)e+06,(2.16+/-0.31)e+06,(2.21+/-0.31)e+06,(2.25+/-0.32)e+06,(2.30+/-0.32)e+06
Israel,356732,870353,0,(1.2+/-0.6)e+05,(1.22+/-0.20)e+06,(2.4+/-0.4)e+06,(5.0+/-0.8)e+06,(6.4+/-1.0)e+06,(8.1+/-1.3)e+06,(9.5+/-1.6)e+06,(1.07+/-0.17)e+07,(1.18+/-0.19)e+07,(1.29+/-0.20)e+07,(1.40+/-0.22)e+07,(1.49+/-0.23)e+07,(1.59+/-0.24)e+07,(1.68+/-0.25)e+07,(1.78+/-0.26)e+07,(1.87+/-0.27)e+07,(1.97+/-0.28)e+07,(2.06+/-0.29)e+07,(2.16+/-0.30)e+07,(2.25+/-0.31)e+07,(2.35+/-0.33)e+07,(2.44+/-0.34)e+07,(2.54+/-0.35)e+07,(2.6+/-0.4)e+07,(2.7+/-0.4)e+07,(2.8+/-0.4)e+07,(2.9+/-0.4)e+07,(3.0+/-0.4)e+07,(3.1+/-0.4)e+07,(3.2+/-0.4)e+07,(3.3+/-0.5)e+07,(3.4+/-0.5)e+07,(3.5+/-0.5)e+07,(3.6+/-0.5)e+07,(3.7+/-0.5)e+07,(3.8+/-0.5)e+07,(3.9+/-0.5)e+07,(4.0+/-0.5)e+07,(4.1+/-0.6)e+07,(4.2+/-0.6)e+07,(4.3+/-0.6)e+07,(4.3+/-0.6)e+07,(4.4+/-0.6)e+07,(4.5+/-0.6)e+07,(4.6+/-0.6)e+07,(4.7+/-0.7)e+07,(4.8+/-0.7)e+07,(4.9+/-0.7)e+07,(5.0+/-0.7)e+07,(5.1+/-0.7)e+07,(5.2+/-0.7)e+07,(5.3+/-0.7)e+07
Italy,2488293,6057801,0,(7+/-4)e+05,(7.5+/-1.2)e+06,(1.44+/-0.22)e+07,(2.36+/-0.34)e+07,(3.2+/-0.5)e+07,(4.2+/-0.7)e+07,(5.0+/-0.8)e+07,(5.8+/-1.0)e+07,(6.5+/-1.1)e+07,(7.1+/-1.1)e+07,(7.8+/-1.2)e+07,(8.4+/-1.3)e+07,(9.0+/-1.4)e+07,(9.6+/-1.4)e+07,(1.02+/-0.15)e+08,(1.08+/-0.16)e+08,(1.14+/-0.16)e+08,(1.20+/-0.17)e+08,(1.26+/-0.18)e+08,(1.31+/-0.18)e+08,(1.37+/-0.19)e+08,(1.43+/-0.20)e+08,(1.49+/-0.21)e+08,(1.55+/-0.21)e+08,(1.61+/-0.22)e+08,(1.67+/-0.23)e+08,(1.73+/-0.24)e+08,(1.79+/-0.25)e+08,(1.85+/-0.25)e+08,(1.91+/-0.26)e+08,(1.97+/-0.27)e+08,(2.03+/-0.28)e+08,(2.09+/-0.29)e+08,(2.15+/-0.29)e+08,(2.20+/-0.30)e+08,(2.26+/-0.31)e+08,(2.32+/-0.32)e+08,(2.38+/-0.33)e+08,(2.44+/-0.33)e+08,(2.50+/-0.34)e+08,(2.56+/-0.35)e+08,(2.6+/-0.4)e+08,(2.7+/-0.4)e+08,(2.7+/-0.4)e+08,(2.8+/-0.4)e+08,(2.9+/-0.4)e+08,(2.9+/-0.4)e+08,(3.0+/-0.4)e+08,(3.0+/-0.4)e+08,(3.1+/-0.4)e+08,(3.2+/-0.4)e+08,(3.2+/-0.4)e+08
Jamaica,143515,380932,0,(3.0+/-1.6)e+03,(6.7+/-3.5)e+03,(1.1+/-0.6)e+04,(2.4+/-1.0)e+04,(3.4+/-1.5)e+04,(5.3+/-2.5)e+04,(6.3+/-3.0)e+04,(7.0+/-3.3)e+04,(7.4+/-3.5)e+04,(8+/-4)e+04,(8+/-4)e+04,(8+/-4)e+04,(8+/-4)e+04,(8+/-4)e+04,(8+/-4)e+04,(8+/-4)e+04,(8+/-4)e+04,(8+/-4)e+04,(8+/-4)e+04,(8+/-4)e+04,(8+/-4)e+04,(8+/-4)e+04,(8+/-4)e+04,(8+/-4)e+04,(8+/-4)e+04,(8+/-4)e+04,(8+/-4)e+04,(8+/-4)e+04,(8+/-4)e+04,(8+/-4)e+04,(8+/-4)e+04,(8+/-4)e+04,(8+/-4)e+04,(8+/-4)e+04,(8+/-4)e+04,(8+/-4)e+04,(8+/-4)e+04,(8+/-4)e+04,(8+/-4)e+04,(8+/-4)e+04,(8+/-4)e+04,(8+/-4)e+04,(8+/-4)e+04,(8+/-4)e+04,(8+/-4)e+04,(8+/-4)e+04,(8+/-4)e+04,(8+/-4)e+04,(8+/-4)e+04,(8+/-4)e+04,(8+/-4)e+04,(8+/-4)e+04
Jordan,372086,1016484,0,(1.00+/-0.15)e+05,(2.03+/-0.31)e+05,(3.1+/-0.5)e+05,(4.4+/-0.7)e+05,(5.7+/-1.0)e+05,(7.6+/-1.5)e+05,(8.9+/-1.8)e+05,(1.01+/-0.20)e+06,(1.12+/-0.22)e+06,(1.22+/-0.23)e+06,(1.32+/-0.25)e+06,(1.41+/-0.25)e+06,(1.49+/-0.26)e+06,(1.57+/-0.27)e+06,(1.66+/-0.28)e+06,(1.74+/-0.29)e+06,(1.83+/-0.30)e+06,(1.91+/-0.30)e+06,(1.99+/-0.31)e+06,(2.08+/-0.32)e+06,(2.16+/-0.33)e+06,(2.24+/-0.34)e+06,(2.33+/-0.35)e+06,(2.4+/-0.4)e+06,(2.5+/-0.4)e+06,(2.6+/-0.4)e+06,(2.7+/-0.4)e+06,(2.7+/-0.4)e+06,(2.8+/-0.4)e+06,(2.9+/-0.4)e+06,(3.0+/-0.4)e+06,(3.1+/-0.4)e+06,(3.2+/-0.5)e+06,(3.3+/-0.5)e+06,(3.3+/-0.5)e+06,(3.4+/-0.5)e+06,(3.5+/-0.5)e+06,(3.6+/-0.5)e+06,(3.7+/-0.5)e+06,(3.8+/-0.5)e+06,(3.8+/-0.5)e+06,(3.9+/-0.6)e+06,(4.0+/-0.6)e+06,(4.1+/-0.6)e+06,(4.2+/-0.6)e+06,(4.3+/-0.6)e+06,(4.3+/-0.6)e+06,(4.4+/-0.6)e+06,(4.5+/-0.6)e+06,(4.6+/-0.7)e+06,(4.7+/-0.7)e+06,(4.8+/-0.7)e+06
Japan,6041081,16301984,0,(1.21+/-0.17)e+07,(8.7+/-1.3)e+07,(1.01+/-0.15)e+08,(1.35+/-0.18)e+08,(1.54+/-0.21)e+08,(1.78+/-0.25)e+08,(1.98+/-0.28)e+08,(2.17+/-0.31)e+08,(2.34+/-0.33)e+08,(2.5+/-0.4)e+08,(2.7+/-0.4)e+08,(2.8+/-0.4)e+08,(3.0+/-0.4)e+08,(3.1+/-0.4)e+08,(3.3+/-0.4)e+08,(3.4+/-0.5)e+08,(3.6+/-0.5)e+08,(3.7+/-0.5)e+08,(3.9+/-0.5)e+08,(4.0+/-0.5)e+08,(4.2+/-0.6)e+08,(4.3+/-0.6)e+08,(4.5+/-0.6)e+08,(4.6+/-0.6)e+08,(4.8+/-0.6)e+08,(4.9+/-0.7)e+08,(5.1+/-0.7)e+08,(5.2+/-0.7)e+08,(5.4+/-0.7)e+08,(5.5+/-0.7)e+08,(5.7+/-0.8)e+08,(5.8+/-0.8)e+08,(6.0+/-0.8)e+08,(6.1+/-0.8)e+08,(6.3+/-0.9)e+08,(6.4+/-0.9)e+08,(6.6+/-0.9)e+08,(6.7+/-0.9)e+08,(6.9+/-0.9)e+08,(7.0+/-1.0)e+08,(7.2+/-1.0)e+08,(7.3+/-1.0)e+08,(7.5+/-1.0)e+08,(7.6+/-1.0)e+08,(7.8+/-1.1)e+08,(7.9+/-1.1)e+08,(8.1+/-1.1)e+08,(8.2+/-1.1)e+08,(8.4+/-1.1)e+08,(8.5+/-1.2)e+08,(8.7+/-1.2)e+08,(8.8+/-1.2)e+08
Kazakhstan,1181075,2302755,0,(6.2+/-3.2)e+04,(1.4+/-0.7)e+05,(2.3+/-1.2)e+05,(4.8+/-1.7)e+06,(5.4+/-1.7)e+06,(6.2+/-1.7)e+06,(6.9+/-1.8)e+06,(7.4+/-1.8)e+06,(7.9+/-1.8)e+06,(8.4+/-1.9)e+06,(8.9+/-1.9)e+06,(9.4+/-1.9)e+06,(9.8+/-1.9)e+06,(1.02+/-0.19)e+07,(1.07+/-0.20)e+07,(1.11+/-0.20)e+07,(1.15+/-0.20)e+07,(1.19+/-0.20)e+07,(1.24+/-0.21)e+07,(1.28+/-0.21)e+07,(1.32+/-0.21)e+07,(1.36+/-0.22)e+07,(1.41+/-0.22)e+07,(1.45+/-0.22)e+07,(1.49+/-0.23)e+07,(1.54+/-0.23)e+07,(1.58+/-0.23)e+07,(1.62+/-0.24)e+07,(1.66+/-0.24)e+07,(1.71+/-0.25)e+07,(1.75+/-0.25)e+07,(1.79+/-0.25)e+07,(1.84+/-0.26)e+07,(1.88+/-0.26)e+07,(1.92+/-0.27)e+07,(1.96+/-0.27)e+07,(2.01+/-0.28)e+07,(2.05+/-0.28)e+07,(2.09+/-0.29)e+07,(2.13+/-0.29)e+07,(2.18+/-0.30)e+07,(2.22+/-0.30)e+07,(2.26+/-0.31)e+07,(2.31+/-0.31)e+07,(2.35+/-0.32)e+07,(2.39+/-0.32)e+07,(2.43+/-0.33)e+07,(2.48+/-0.33)e+07,(2.52+/-0.34)e+07,(2.56+/-0.34)e+07,(2.61+/-0.35)e+07,(2.65+/-0.35)e+07
Kenya,4874519,6964208,0,0.0+/-0,0.0+/-0,0.0+/-0,(6.6+/-2.3)e+03,(6.6+/-2.3)e+03,(6.6+/-2.3)e+03,(6.6+/-2.3)e+03,(6.6+/-2.3)e+03,(6.6+/-2.3)e+03,(6.6+/-2.3)e+03,(6.6+/-2.3)e+03,(6.6+/-2.3)e+03,(6.6+/-2.3)e+03,(6.6+/-2.3)e+03,(6.6+/-2.3)e+03,(6.6+/-2.3)e+03,(6.6+/-2.3)e+03,(6.6+/-2.3)e+03,(6.6+/-2.3)e+03,(6.6+/-2.3)e+03,(6.6+/-2.3)e+03,(6.6+/-2.3)e+03,(6.6+/-2.3)e+03,(6.6+/-2.3)e+03,(6.6+/-2.3)e+03,(6.6+/-2.3)e+03,(6.6+/-2.3)e+03,(6.6+/-2.3)e+03,(6.6+/-2.3)e+03,(6.6+/-2.3)e+03,(6.6+/-2.3)e+03,(6.6+/-2.3)e+03,(6.6+/-2.3)e+03,(6.6+/-2.3)e+03,(6.6+/-2.3)e+03,(6.6+/-2.3)e+03,(6.6+/-2.3)e+03,(6.6+/-2.3)e+03,(6.6+/-2.3)e+03,(6.6+/-2.3)e+03,(6.6+/-2.3)e+03,(6.6+/-2.3)e+03,(6.6+/-2.3)e+03,(6.6+/-2.3)e+03,(6.6+/-2.3)e+03,(6.6+/-2.3)e+03,(6.6+/-2.3)e+03,(6.6+/-2.3)e+03,(6.6+/-2.3)e+03,(6.6+/-2.3)e+03,(6.6+/-2.3)e+03,(6.6+/-2.3)e+03
Kyrgyzstan,474970,983432,0,(3.1+/-1.6)e+03,(7+/-4)e+03,(1.2+/-0.6)e+04,(3.0+/-1.0)e+05,(3.1+/-1.0)e+05,(3.3+/-1.1)e+05,(3.4+/-1.1)e+05,(3.5+/-1.1)e+05,(3.5+/-1.1)e+05,(3.5+/-1.1)e+05,(3.6+/-1.1)e+05,(3.6+/-1.1)e+05,(3.6+/-1.1)e+05,(3.6+/-1.1)e+05,(3.6+/-1.1)e+05,(3.6+/-1.1)e+05,(3.6+/-1.1)e+05,(3.6+/-1.1)e+05,(3.6+/-1.1)e+05,(3.6+/-1.1)e+05,(3.6+/-1.1)e+05,(3.6+/-1.1)e+05,(3.6+/-1.1)e+05,(3.6+/-1.1)e+05,(3.6+/-1.1)e+05,(3.6+/-1.1)e+05,(3.6+/-1.1)e+05,(3.6+/-1.1)e+05,(3.6+/-1.1)e+05,(3.6+/-1.1)e+05,(3.6+/-1.1)e+05,(3.6+/-1.1)e+05,(3.6+/-1.1)e+05,(3.6+/-1.1)e+05,(3.6+/-1.1)e+05,(3.6+/-1.1)e+05,(3.6+/-1.1)e+05,(3.6+/-1.1)e+05,(3.6+/-1.1)e+05,(3.6+/-1.1)e+05,(3.6+/-1.1)e+05,(3.6+/-1.1)e+05,(3.6+/-1.1)e+05,(3.6+/-1.1)e+05,(3.6+/-1.1)e+05,(3.6+/-1.1)e+05,(3.6+/-1.1)e+05,(3.6+/-1.1)e+05,(3.6+/-1.1)e+05,(3.6+/-1.1)e+05,(3.6+/-1.1)e+05,(3.6+/-1.1)e+05
Cambodia,1371781,3033245,0,(1.16+/-0.18)e+05,(2.4+/-0.4)e+05,(3.6+/-0.6)e+05,(1.00+/-0.20)e+06,(1.16+/-0.22)e+06,(1.39+/-0.26)e+06,(1.55+/-0.29)e+06,(1.69+/-0.31)e+06,(1.81+/-0.33)e+06,(1.94+/-0.34)e+06,(2.1+/-0.4)e+06,(2.1+/-0.4)e+06,(2.2+/-0.4)e+06,(2.3+/-0.4)e+06,(2.4+/-0.4)e+06,(2.5+/-0.4)e+06,(2.6+/-0.4)e+06,(2.7+/-0.4)e+06,(2.8+/-0.4)e+06,(2.9+/-0.4)e+06,(3.0+/-0.4)e+06,(3.1+/-0.4)e+06,(3.2+/-0.5)e+06,(3.3+/-0.5)e+06,(3.4+/-0.5)e+06,(3.5+/-0.5)e+06,(3.6+/-0.5)e+06,(3.7+/-0.5)e+06,(3.8+/-0.5)e+06,(3.9+/-0.5)e+06,(4.0+/-0.5)e+06,(4.1+/-0.6)e+06,(4.2+/-0.6)e+06,(4.3+/-0.6)e+06,(4.4+/-0.6)e+06,(4.5+/-0.6)e+06,(4.6+/-0.6)e+06,(4.6+/-0.6)e+06,(4.7+/-0.6)e+06,(4.8+/-0.7)e+06,(4.9+/-0.7)e+06,(5.0+/-0.7)e+06,(5.1+/-0.7)e+06,(5.2+/-0.7)e+06,(5.3+/-0.7)e+06,(5.4+/-0.7)e+06,(5.5+/-0.7)e+06,(5.6+/-0.8)e+06,(5.7+/-0.8)e+06,(5.8+/-0.8)e+06,(5.9+/-0.8)e+06,(6.0+/-0.8)e+06
Kiribati,5636,13253,0,0.0+/-0,0.0+/-0,0.0+/-0,(6.6+/-2.3)e+03,(6.6+/-2.3)e+03,(6.6+/-2.3)e+03,(6.6+/-2.3)e+03,(6.6+/-2.3)e+03,(6.6+/-2.3)e+03,(6.6+/-2.3)e+03,(6.6+/-2.3)e+03,(6.6+/-2.3)e+03,(6.6+/-2.3)e+03,(6.6+/-2.3)e+03,(6.6+/-2.3)e+03,(6.6+/-2.3)e+03,(6.6+/-2.3)e+03,(6.6+/-2.3)e+03,(6.6+/-2.3)e+03,(6.6+/-2.3)e+03,(6.6+/-2.3)e+03,(6.6+/-2.3)e+03,(6.6+/-2.3)e+03,(6.6+/-2.3)e+03,(6.6+/-2.3)e+03,(6.6+/-2.3)e+03,(6.6+/-2.3)e+03,(6.6+/-2.3)e+03,(6.6+/-2.3)e+03,(6.6+/-2.3)e+03,(6.6+/-2.3)e+03,(6.6+/-2.3)e+03,(6.6+/-2.3)e+03,(6.6+/-2.3)e+03,(6.6+/-2.3)e+03,(6.6+/-2.3)e+03,(6.6+/-2.3)e+03,(6.6+/-2.3)e+03,(6.6+/-2.3)e+03,(6.6+/-2.3)e+03,(6.6+/-2.3)e+03,(6.6+/-2.3)e+03,(6.6+/-2.3)e+03,(6.6+/-2.3)e+03,(6.6+/-2.3)e+03,(6.6+/-2.3)e+03,(6.6+/-2.3)e+03,(6.6+/-2.3)e+03,(6.6+/-2.3)e+03,(6.6+/-2.3)e+03,(6.6+/-2.3)e+03,(6.6+/-2.3)e+03
St. Kitts and Nevis,4844,7028,0,67+/-35,(1.5+/-0.8)e+02,(2.5+/-1.3)e+02,(7.0+/-2.3)e+03,(7.2+/-2.3)e+03,(7.7+/-2.4)e+03,(7.9+/-2.4)e+03,(8.0+/-2.4)e+03,(8.1+/-2.5)e+03,(8.2+/-2.5)e+03,(8.3+/-2.5)e+03,(8.3+/-2.5)e+03,(8.3+/-2.5)e+03,(8.3+/-2.5)e+03,(8.3+/-2.5)e+03,(8.3+/-2.5)e+03,(8.3+/-2.5)e+03,(8.3+/-2.5)e+03,(8.3+/-2.5)e+03,(8.3+/-2.5)e+03,(8.3+/-2.5)e+03,(8.3+/-2.5)e+03,(8.3+/-2.5)e+03,(8.3+/-2.5)e+03,(8.3+/-2.5)e+03,(8.3+/-2.5)e+03,(8.3+/-2.5)e+03,(8.3+/-2.5)e+03,(8.3+/-2.5)e+03,(8.3+/-2.5)e+03,(8.3+/-2.5)e+03,(8.3+/-2.5)e+03,(8.3+/-2.5)e+03,(8.3+/-2.5)e+03,(8.3+/-2.5)e+03,(8.3+/-2.5)e+03,(8.3+/-2.5)e+03,(8.3+/-2.5)e+03,(8.3+/-2.5)e+03,(8.3+/-2.5)e+03,(8.3+/-2.5)e+03,(8.3+/-2.5)e+03,(8.3+/-2.5)e+03,(8.3+/-2.5)e+03,(8.3+/-2.5)e+03,(8.3+/-2.5)e+03,(8.3+/-2.5)e+03,(8.3+/-2.5)e+03,(8.3+/-2.5)e+03,(8.3+/-2.5)e+03,(8.3+/-2.5)e+03,(8.3+/-2.5)e+03
South Korea,3423445,7751158,0,(8+/-4)e+05,(1.8+/-0.9)e+06,(9.5+/-1.8)e+06,(3.2+/-0.6)e+07,(4.1+/-0.7)e+07,(5.3+/-0.9)e+07,(6.2+/-1.1)e+07,(7.0+/-1.2)e+07,(7.8+/-1.3)e+07,(8.6+/-1.3)e+07,(9.3+/-1.4)e+07,(1.00+/-0.15)e+08,(1.06+/-0.16)e+08,(1.13+/-0.16)e+08,(1.20+/-0.17)e+08,(1.26+/-0.18)e+08,(1.33+/-0.18)e+08,(1.40+/-0.19)e+08,(1.46+/-0.20)e+08,(1.53+/-0.21)e+08,(1.59+/-0.21)e+08,(1.66+/-0.22)e+08,(1.73+/-0.23)e+08,(1.79+/-0.24)e+08,(1.86+/-0.25)e+08,(1.93+/-0.25)e+08,(1.99+/-0.26)e+08,(2.06+/-0.27)e+08,(2.12+/-0.28)e+08,(2.19+/-0.29)e+08,(2.26+/-0.30)e+08,(2.32+/-0.31)e+08,(2.39+/-0.32)e+08,(2.45+/-0.32)e+08,(2.52+/-0.33)e+08,(2.59+/-0.34)e+08,(2.65+/-0.35)e+08,(2.7+/-0.4)e+08,(2.8+/-0.4)e+08,(2.9+/-0.4)e+08,(2.9+/-0.4)e+08,(3.0+/-0.4)e+08,(3.1+/-0.4)e+08,(3.1+/-0.4)e+08,(3.2+/-0.4)e+08,(3.2+/-0.4)e+08,(3.3+/-0.4)e+08,(3.4+/-0.5)e+08,(3.4+/-0.5)e+08,(3.5+/-0.5)e+08,(3.6+/-0.5)e+08,(3.6+/-0.5)e+08
Kuwait,235424,642730,0,(2.5+/-1.3)e+04,(5.5+/-2.9)e+04,(9+/-5)e+04,(1.5+/-0.8)e+05,(2.3+/-1.2)e+05,(3.9+/-2.0)e+05,(4.7+/-2.4)e+05,(6.6+/-2.7)e+05,(8.3+/-3.0)e+05,(9.9+/-3.1)e+05,(1.15+/-0.33)e+06,(1.28+/-0.34)e+06,(1.42+/-0.34)e+06,(1.55+/-0.35)e+06,(1.7+/-0.4)e+06,(1.8+/-0.4)e+06,(1.9+/-0.4)e+06,(2.1+/-0.4)e+06,(2.2+/-0.4)e+06,(2.3+/-0.4)e+06,(2.5+/-0.4)e+06,(2.6+/-0.4)e+06,(2.7+/-0.4)e+06,(2.9+/-0.5)e+06,(3.0+/-0.5)e+06,(3.1+/-0.5)e+06,(3.3+/-0.5)e+06,(3.4+/-0.5)e+06,(3.5+/-0.5)e+06,(3.7+/-0.6)e+06,(3.8+/-0.6)e+06,(3.9+/-0.6)e+06,(4.1+/-0.6)e+06,(4.2+/-0.6)e+06,(4.3+/-0.6)e+06,(4.5+/-0.7)e+06,(4.6+/-0.7)e+06,(4.7+/-0.7)e+06,(4.9+/-0.7)e+06,(5.0+/-0.7)e+06,(5.1+/-0.7)e+06,(5.3+/-0.8)e+06,(5.4+/-0.8)e+06,(5.5+/-0.8)e+06,(5.6+/-0.8)e+06,(5.8+/-0.8)e+06,(5.9+/-0.8)e+06,(6.0+/-0.9)e+06,(6.2+/-0.9)e+06,(6.3+/-0.9)e+06,(6.4+/-0.9)e+06,(6.6+/-0.9)e+06
Laos,512113,787061,0,(2.8+/-1.4)e+03,(6.2+/-3.3)e+03,(1.0+/-0.5)e+04,(6.5+/-2.4)e+05,(6.6+/-2.4)e+05,(6.8+/-2.4)e+05,(6.9+/-2.4)e+05,(6.9+/-2.4)e+05,(7.0+/-2.4)e+05,(7.0+/-2.4)e+05,(7.0+/-2.4)e+05,(7.0+/-2.4)e+05,(7.0+/-2.4)e+05,(7.0+/-2.4)e+05,(7.0+/-2.4)e+05,(7.0+/-2.4)e+05,(7.0+/-2.4)e+05,(7.0+/-2.4)e+05,(7.0+/-2.4)e+05,(7.0+/-2.4)e+05,(7.0+/-2.4)e+05,(7.0+/-2.4)e+05,(7.0+/-2.4)e+05,(7.0+/-2.4)e+05,(7.0+/-2.4)e+05,(7.0+/-2.4)e+05,(7.0+/-2.4)e+05,(7.0+/-2.4)e+05,(7.0+/-2.4)e+05,(7.0+/-2.4)e+05,(7.0+/-2.4)e+05,(7.0+/-2.4)e+05,(7.0+/-2.4)e+05,(7.0+/-2.4)e+05,(7.0+/-2.4)e+05,(7.0+/-2.4)e+05,(7.0+/-2.4)e+05,(7.0+/-2.4)e+05,(7.0+/-2.4)e+05,(7.0+/-2.4)e+05,(7.0+/-2.4)e+05,(7.0+/-2.4)e+05,(7.0+/-2.4)e+05,(7.0+/-2.4)e+05,(7.0+/-2.4)e+05,(7.0+/-2.4)e+05,(7.0+/-2.4)e+05,(7.0+/-2.4)e+05,(7.0+/-2.4)e+05,(7.0+/-2.4)e+05,(7.0+/-2.4)e+05,(7.0+/-2.4)e+05
Lebanon,165115,457538,0,(6.4+/-3.3)e+02,(1.4+/-0.8)e+03,(2.4+/-1.3)e+03,(1.04+/-0.31)e+04,(1.3+/-0.4)e+04,(1.7+/-0.6)e+04,(1.9+/-0.7)e+04,(2.0+/-0.7)e+04,(2.1+/-0.8)e+04,(2.2+/-0.8)e+04,(2.3+/-0.9)e+04,(2.3+/-0.9)e+04,(2.3+/-0.9)e+04,(2.3+/-0.9)e+04,(2.3+/-0.9)e+04,(2.3+/-0.9)e+04,(2.3+/-0.9)e+04,(2.3+/-0.9)e+04,(2.3+/-0.9)e+04,(2.3+/-0.9)e+04,(2.3+/-0.9)e+04,(2.3+/-0.9)e+04,(2.3+/-0.9)e+04,(2.3+/-0.9)e+04,(2.3+/-0.9)e+04,(2.3+/-0.9)e+04,(2.3+/-0.9)e+04,(2.3+/-0.9)e+04,(2.3+/-0.9)e+04,(2.3+/-0.9)e+04,(2.3+/-0.9)e+04,(2.3+/-0.9)e+04,(2.3+/-0.9)e+04,(2.3+/-0.9)e+04,(2.3+/-0.9)e+04,(2.3+/-0.9)e+04,(2.3+/-0.9)e+04,(2.3+/-0.9)e+04,(2.3+/-0.9)e+04,(2.3+/-0.9)e+04,(2.3+/-0.9)e+04,(2.3+/-0.9)e+04,(2.3+/-0.9)e+04,(2.3+/-0.9)e+04,(2.3+/-0.9)e+04,(2.3+/-0.9)e+04,(2.3+/-0.9)e+04,(2.3+/-0.9)e+04,(2.3+/-0.9)e+04,(2.3+/-0.9)e+04,(2.3+/-0.9)e+04,(2.3+/-0.9)e+04
Liberia,377645,1042764,0,0.0+/-0,0.0+/-0,0.0+/-0,(6.6+/-2.3)e+03,(6.6+/-2.3)e+03,(6.6+/-2.3)e+03,(6.6+/-2.3)e+03,(6.6+/-2.3)e+03,(6.6+/-2.3)e+03,(6.6+/-2.3)e+03,(6.6+/-2.3)e+03,(6.6+/-2.3)e+03,(6.6+/-2.3)e+03,(6.6+/-2.3)e+03,(6.6+/-2.3)e+03,(6.6+/-2.3)e+03,(6.6+/-2.3)e+03,(6.6+/-2.3)e+03,(6.6+/-2.3)e+03,(6.6+/-2.3)e+03,(6.6+/-2.3)e+03,(6.6+/-2.3)e+03,(6.6+/-2.3)e+03,(6.6+/-2.3)e+03,(6.6+/-2.3)e+03,(6.6+/-2.3)e+03,(6.6+/-2.3)e+03,(6.6+/-2.3)e+03,(6.6+/-2.3)e+03,(6.6+/-2.3)e+03,(6.6+/-2.3)e+03,(6.6+/-2.3)e+03,(6.6+/-2.3)e+03,(6.6+/-2.3)e+03,(6.6+/-2.3)e+03,(6.6+/-2.3)e+03,(6.6+/-2.3)e+03,(6.6+/-2.3)e+03,(6.6+/-2.3)e+03,(6.6+/-2.3)e+03,(6.6+/-2.3)e+03,(6.6+/-2.3)e+03,(6.6+/-2.3)e+03,(6.6+/-2.3)e+03,(6.6+/-2.3)e+03,(6.6+/-2.3)e+03,(6.6+/-2.3)e+03,(6.6+/-2.3)e+03,(6.6+/-2.3)e+03,(6.6+/-2.3)e+03,(6.6+/-2.3)e+03,(6.6+/-2.3)e+03
Libya,363102,748392,0,0.0+/-0,0.0+/-0,0.0+/-0,(6.6+/-2.3)e+03,(6.6+/-2.3)e+03,(6.6+/-2.3)e+03,(6.6+/-2.3)e+03,(6.6+/-2.3)e+03,(6.6+/-2.3)e+03,(6.6+/-2.3)e+03,(6.6+/-2.3)e+03,(6.6+/-2.3)e+03,(6.6+/-2.3)e+03,(6.6+/-2.3)e+03,(6.6+/-2.3)e+03,(6.6+/-2.3)e+03,(6.6+/-2.3)e+03,(6.6+/-2.3)e+03,(6.6+/-2.3)e+03,(6.6+/-2.3)e+03,(6.6+/-2.3)e+03,(6.6+/-2.3)e+03,(6.6+/-2.3)e+03,(6.6+/-2.3)e+03,(6.6+/-2.3)e+03,(6.6+/-2.3)e+03,(6.6+/-2.3)e+03,(6.6+/-2.3)e+03,(6.6+/-2.3)e+03,(6.6+/-2.3)e+03,(6.6+/-2.3)e+03,(6.6+/-2.3)e+03,(6.6+/-2.3)e+03,(6.6+/-2.3)e+03,(6.6+/-2.3)e+03,(6.6+/-2.3)e+03,(6.6+/-2.3)e+03,(6.6+/-2.3)e+03,(6.6+/-2.3)e+03,(6.6+/-2.3)e+03,(6.6+/-2.3)e+03,(6.6+/-2.3)e+03,(6.6+/-2.3)e+03,(6.6+/-2.3)e+03,(6.6+/-2.3)e+03,(6.6+/-2.3)e+03,(6.6+/-2.3)e+03,(6.6+/-2.3)e+03,(6.6+/-2.3)e+03,(6.6+/-2.3)e+03,(6.6+/-2.3)e+03,(6.6+/-2.3)e+03
St. Lucia,22616,32811,0,(1.4+/-0.7)e+02,(3.0+/-1.6)e+02,(5.1+/-2.6)e+02,(7.4+/-2.4)e+03,(7.8+/-2.4)e+03,(8.7+/-2.6)e+03,(9.2+/-2.7)e+03,(9.5+/-2.8)e+03,(9.7+/-2.8)e+03,(9.8+/-2.9)e+03,(1.00+/-0.29)e+04,(1.00+/-0.29)e+04,(1.00+/-0.29)e+04,(1.00+/-0.29)e+04,(1.00+/-0.29)e+04,(1.00+/-0.29)e+04,(1.00+/-0.29)e+04,(1.00+/-0.29)e+04,(1.00+/-0.29)e+04,(1.00+/-0.29)e+04,(1.00+/-0.29)e+04,(1.00+/-0.29)e+04,(1.00+/-0.29)e+04,(1.00+/-0.29)e+04,(1.00+/-0.29)e+04,(1.00+/-0.29)e+04,(1.00+/-0.29)e+04,(1.00+/-0.29)e+04,(1.00+/-0.29)e+04,(1.00+/-0.29)e+04,(1.00+/-0.29)e+04,(1.00+/-0.29)e+04,(1.00+/-0.29)e+04,(1.00+/-0.29)e+04,(1.00+/-0.29)e+04,(1.00+/-0.29)e+04,(1.00+/-0.29)e+04,(1.00+/-0.29)e+04,(1.00+/-0.29)e+04,(1.00+/-0.29)e+04,(1.00+/-0.29)e+04,(1.00+/-0.29)e+04,(1.00+/-0.29)e+04,(1.00+/-0.29)e+04,(1.00+/-0.29)e+04,(1.00+/-0.29)e+04,(1.00+/-0.29)e+04,(1.00+/-0.29)e+04,(1.00+/-0.29)e+04,(1.00+/-0.29)e+04,(1.00+/-0.29)e+04,(1.00+/-0.29)e+04
Liechtenstein,1396,4164,0,(5.4+/-2.8)e+03,(1.2+/-0.6)e+04,(2.0+/-1.1)e+04,(3.9+/-1.7)e+04,(5.7+/-2.6)e+04,(9+/-4)e+04,(1.4+/-0.5)e+05,(1.9+/-0.6)e+05,(2.3+/-0.7)e+05,(2.6+/-0.7)e+05,(3.0+/-0.7)e+05,(3.3+/-0.8)e+05,(3.7+/-0.8)e+05,(4.0+/-0.8)e+05,(4.3+/-0.8)e+05,(4.6+/-0.9)e+05,(4.9+/-0.9)e+05,(5.2+/-0.9)e+05,(5.6+/-0.9)e+05,(5.9+/-1.0)e+05,(6.2+/-1.0)e+05,(6.5+/-1.0)e+05,(6.8+/-1.1)e+05,(7.2+/-1.1)e+05,(7.5+/-1.1)e+05,(7.8+/-1.2)e+05,(8.1+/-1.2)e+05,(8.4+/-1.3)e+05,(8.8+/-1.3)e+05,(9.1+/-1.3)e+05,(9.4+/-1.4)e+05,(9.7+/-1.4)e+05,(1.00+/-0.15)e+06,(1.03+/-0.15)e+06,(1.07+/-0.15)e+06,(1.10+/-0.16)e+06,(1.13+/-0.16)e+06,(1.16+/-0.17)e+06,(1.19+/-0.17)e+06,(1.23+/-0.17)e+06,(1.26+/-0.18)e+06,(1.29+/-0.18)e+06,(1.32+/-0.19)e+06,(1.35+/-0.19)e+06,(1.38+/-0.20)e+06,(1.42+/-0.20)e+06,(1.45+/-0.20)e+06,(1.48+/-0.21)e+06,(1.51+/-0.21)e+06,(1.54+/-0.22)e+06,(1.58+/-0.22)e+06,(1.61+/-0.23)e+06
Sri Lanka,1145091,2141312,0,(2.8+/-1.5)e+04,(6.3+/-3.3)e+04,(1.1+/-0.6)e+05,(4.8+/-1.4)e+05,(5.7+/-1.8)e+05,(9.4+/-2.6)e+05,(1.22+/-0.31)e+06,(1.47+/-0.34)e+06,(1.7+/-0.4)e+06,(1.9+/-0.4)e+06,(2.1+/-0.4)e+06,(2.3+/-0.4)e+06,(2.5+/-0.4)e+06,(2.7+/-0.5)e+06,(2.9+/-0.5)e+06,(3.1+/-0.5)e+06,(3.2+/-0.5)e+06,(3.4+/-0.5)e+06,(3.6+/-0.5)e+06,(3.8+/-0.6)e+06,(4.0+/-0.6)e+06,(4.2+/-0.6)e+06,(4.4+/-0.6)e+06,(4.6+/-0.6)e+06,(4.7+/-0.7)e+06,(4.9+/-0.7)e+06,(5.1+/-0.7)e+06,(5.3+/-0.7)e+06,(5.5+/-0.8)e+06,(5.7+/-0.8)e+06,(5.9+/-0.8)e+06,(6.0+/-0.8)e+06,(6.2+/-0.9)e+06,(6.4+/-0.9)e+06,(6.6+/-0.9)e+06,(6.8+/-0.9)e+06,(7.0+/-1.0)e+06,(7.2+/-1.0)e+06,(7.4+/-1.0)e+06,(7.5+/-1.0)e+06,(7.7+/-1.1)e+06,(7.9+/-1.1)e+06,(8.1+/-1.1)e+06,(8.3+/-1.1)e+06,(8.5+/-1.2)e+06,(8.7+/-1.2)e+06,(8.8+/-1.2)e+06,(9.0+/-1.2)e+06,(9.2+/-1.3)e+06,(9.4+/-1.3)e+06,(9.6+/-1.3)e+06,(9.8+/-1.3)e+06
Lesotho,58635,150088,0,0.0+/-0,0.0+/-0,0.0+/-0,(6.6+/-2.3)e+03,(6.6+/-2.3)e+03,(6.6+/-2.3)e+03,(6.6+/-2.3)e+03,(6.6+/-2.3)e+03,(6.6+/-2.3)e+03,(6.6+/-2.3)e+03,(6.6+/-2.3)e+03,(6.6+/-2.3)e+03,(6.6+/-2.3)e+03,(6.6+/-2.3)e+03,(6.6+/-2.3)e+03,(6.6+/-2.3)e+03,(6.6+/-2.3)e+03,(6.6+/-2.3)e+03,(6.6+/-2.3)e+03,(6.6+/-2.3)e+03,(6.6+/-2.3)e+03,(6.6+/-2.3)e+03,(6.6+/-2.3)e+03,(6.6+/-2.3)e+03,(6.6+/-2.3)e+03,(6.6+/-2.3)e+03,(6.6+/-2.3)e+03,(6.6+/-2.3)e+03,(6.6+/-2.3)e+03,(6.6+/-2.3)e+03,(6.6+/-2.3)e+03,(6.6+/-2.3)e+03,(6.6+/-2.3)e+03,(6.6+/-2.3)e+03,(6.6+/-2.3)e+03,(6.6+/-2.3)e+03,(6.6+/-2.3)e+03,(6.6+/-2.3)e+03,(6.6+/-2.3)e+03,(6.6+/-2.3)e+03,(6.6+/-2.3)e+03,(6.6+/-2.3)e+03,(6.6+/-2.3)e+03,(6.6+/-2.3)e+03,(6.6+/-2.3)e+03,(6.6+/-2.3)e+03,(6.6+/-2.3)e+03,(6.6+/-2.3)e+03,(6.6+/-2.3)e+03,(6.6+/-2.3)e+03,(6.6+/-2.3)e+03,(6.6+/-2.3)e+03
Lithuania,132875,316863,0,(2.3+/-1.2)e+04,(5.2+/-2.7)e+04,(9+/-4)e+04,(1.4+/-0.7)e+05,(2.2+/-1.1)e+05,(3.7+/-1.9)e+05,(4.4+/-2.3)e+05,(6.2+/-2.6)e+05,(7.8+/-2.8)e+05,(9.3+/-2.9)e+05,(1.08+/-0.31)e+06,(1.21+/-0.31)e+06,(1.33+/-0.32)e+06,(1.46+/-0.33)e+06,(1.58+/-0.33)e+06,(1.70+/-0.34)e+06,(1.83+/-0.35)e+06,(2.0+/-0.4)e+06,(2.1+/-0.4)e+06,(2.2+/-0.4)e+06,(2.3+/-0.4)e+06,(2.5+/-0.4)e+06,(2.6+/-0.4)e+06,(2.7+/-0.4)e+06,(2.8+/-0.4)e+06,(3.0+/-0.5)e+06,(3.1+/-0.5)e+06,(3.2+/-0.5)e+06,(3.3+/-0.5)e+06,(3.5+/-0.5)e+06,(3.6+/-0.5)e+06,(3.7+/-0.5)e+06,(3.8+/-0.6)e+06,(4.0+/-0.6)e+06,(4.1+/-0.6)e+06,(4.2+/-0.6)e+06,(4.3+/-0.6)e+06,(4.5+/-0.6)e+06,(4.6+/-0.7)e+06,(4.7+/-0.7)e+06,(4.8+/-0.7)e+06,(5.0+/-0.7)e+06,(5.1+/-0.7)e+06,(5.2+/-0.7)e+06,(5.3+/-0.8)e+06,(5.5+/-0.8)e+06,(5.6+/-0.8)e+06,(5.7+/-0.8)e+06,(5.8+/-0.8)e+06,(6.0+/-0.8)e+06,(6.1+/-0.9)e+06,(6.2+/-0.9)e+06
Luxembourg,19724,47584,0,(6.3+/-3.3)e+03,(1.4+/-0.7)e+04,(2.4+/-1.2)e+04,(4.5+/-2.0)e+04,(6.5+/-3.1)e+04,(1.1+/-0.5)e+05,(1.3+/-0.6)e+05,(1.7+/-0.7)e+05,(2.1+/-0.8)e+05,(2.5+/-0.8)e+05,(2.9+/-0.8)e+05,(3.2+/-0.9)e+05,(3.5+/-0.9)e+05,(3.8+/-0.9)e+05,(4.2+/-0.9)e+05,(4.5+/-0.9)e+05,(4.8+/-0.9)e+05,(5.1+/-1.0)e+05,(5.4+/-1.0)e+05,(5.7+/-1.0)e+05,(6.1+/-1.0)e+05,(6.4+/-1.1)e+05,(6.7+/-1.1)e+05,(7.0+/-1.1)e+05,(7.3+/-1.2)e+05,(7.6+/-1.2)e+05,(7.9+/-1.2)e+05,(8.3+/-1.3)e+05,(8.6+/-1.3)e+05,(8.9+/-1.3)e+05,(9.2+/-1.4)e+05,(9.5+/-1.4)e+05,(9.8+/-1.5)e+05,(1.01+/-0.15)e+06,(1.05+/-0.15)e+06,(1.08+/-0.16)e+06,(1.11+/-0.16)e+06,(1.14+/-0.17)e+06,(1.17+/-0.17)e+06,(1.20+/-0.17)e+06,(1.23+/-0.18)e+06,(1.27+/-0.18)e+06,(1.30+/-0.19)e+06,(1.33+/-0.19)e+06,(1.36+/-0.19)e+06,(1.39+/-0.20)e+06,(1.42+/-0.20)e+06,(1.45+/-0.21)e+06,(1.49+/-0.21)e+06,(1.52+/-0.22)e+06,(1.55+/-0.22)e+06,(1.58+/-0.22)e+06
Latvia,85060,193858,0,(9+/-5)e+03,(2.1+/-1.1)e+04,(3.5+/-1.8)e+04,(1.31+/-0.31)e+05,(2.3+/-0.5)e+05,(3.6+/-0.8)e+05,(4.6+/-1.0)e+05,(5.4+/-1.2)e+05,(6.3+/-1.3)e+05,(7.1+/-1.4)e+05,(7.8+/-1.5)e+05,(8.5+/-1.5)e+05,(9.2+/-1.6)e+05,(9.9+/-1.6)e+05,(1.05+/-0.17)e+06,(1.12+/-0.18)e+06,(1.19+/-0.19)e+06,(1.26+/-0.19)e+06,(1.32+/-0.20)e+06,(1.39+/-0.21)e+06,(1.46+/-0.22)e+06,(1.53+/-0.23)e+06,(1.59+/-0.23)e+06,(1.66+/-0.24)e+06,(1.73+/-0.25)e+06,(1.80+/-0.26)e+06,(1.87+/-0.27)e+06,(1.93+/-0.28)e+06,(2.00+/-0.29)e+06,(2.07+/-0.30)e+06,(2.14+/-0.30)e+06,(2.20+/-0.31)e+06,(2.27+/-0.32)e+06,(2.34+/-0.33)e+06,(2.41+/-0.34)e+06,(2.47+/-0.35)e+06,(2.5+/-0.4)e+06,(2.6+/-0.4)e+06,(2.7+/-0.4)e+06,(2.7+/-0.4)e+06,(2.8+/-0.4)e+06,(2.9+/-0.4)e+06,(2.9+/-0.4)e+06,(3.0+/-0.4)e+06,(3.1+/-0.4)e+06,(3.2+/-0.4)e+06,(3.2+/-0.5)e+06,(3.3+/-0.5)e+06,(3.4+/-0.5)e+06,(3.4+/-0.5)e+06,(3.5+/-0.5)e+06,(3.6+/-0.5)e+06
Macau,38085,82888,0,0.0+/-0,0.0+/-0,0.0+/-0,(6.6+/-2.3)e+03,(6.6+/-2.3)e+03,(6.6+/-2.3)e+03,(6.6+/-2.3)e+03,(6.6+/-2.3)e+03,(6.6+/-2.3)e+03,(6.6+/-2.3)e+03,(6.6+/-2.3)e+03,(6.6+/-2.3)e+03,(6.6+/-2.3)e+03,(6.6+/-2.3)e+03,(6.6+/-2.3)e+03,(6.6+/-2.3)e+03,(6.6+/-2.3)e+03,(6.6+/-2.3)e+03,(6.6+/-2.3)e+03,(6.6+/-2.3)e+03,(6.6+/-2.3)e+03,(6.6+/-2.3)e+03,(6.6+/-2.3)e+03,(6.6+/-2.3)e+03,(6.6+/-2.3)e+03,(6.6+/-2.3)e+03,(6.6+/-2.3)e+03,(6.6+/-2.3)e+03,(6.6+/-2.3)e+03,(6.6+/-2.3)e+03,(6.6+/-2.3)e+03,(6.6+/-2.3)e+03,(6.6+/-2.3)e+03,(6.6+/-2.3)e+03,(6.6+/-2.3)e+03,(6.6+/-2.3)e+03,(6.6+/-2.3)e+03,(6.6+/-2.3)e+03,(6.6+/-2.3)e+03,(6.6+/-2.3)e+03,(6.6+/-2.3)e+03,(6.6+/-2.3)e+03,(6.6+/-2.3)e+03,(6.6+/-2.3)e+03,(6.6+/-2.3)e+03,(6.6+/-2.3)e+03,(6.6+/-2.3)e+03,(6.6+/-2.3)e+03,(6.6+/-2.3)e+03,(6.6+/-2.3)e+03,(6.6+/-2.3)e+03,(6.6+/-2.3)e+03
Saint-Martin,0,0,0,0.0+/-0,0.0+/-0,0.0+/-0,(6.6+/-2.3)e+03,(6.6+/-2.3)e+03,(6.6+/-2.3)e+03,(6.6+/-2.3)e+03,(6.6+/-2.3)e+03,(6.6+/-2.3)e+03,(6.6+/-2.3)e+03,(6.6+/-2.3)e+03,(6.6+/-2.3)e+03,(6.6+/-2.3)e+03,(6.6+/-2.3)e+03,(6.6+/-2.3)e+03,(6.6+/-2.3)e+03,(6.6+/-2.3)e+03,(6.6+/-2.3)e+03,(6.6+/-2.3)e+03,(6.6+/-2.3)e+03,(6.6+/-2.3)e+03,(6.6+/-2.3)e+03,(6.6+/-2.3)e+03,(6.6+/-2.3)e+03,(6.6+/-2.3)e+03,(6.6+/-2.3)e+03,(6.6+/-2.3)e+03,(6.6+/-2.3)e+03,(6.6+/-2.3)e+03,(6.6+/-2.3)e+03,(6.6+/-2.3)e+03,(6.6+/-2.3)e+03,(6.6+/-2.3)e+03,(6.6+/-2.3)e+03,(6.6+/-2.3)e+03,(6.6+/-2.3)e+03,(6.6+/-2.3)e+03,(6.6+/-2.3)e+03,(6.6+/-2.3)e+03,(6.6+/-2.3)e+03,(6.6+/-2.3)e+03,(6.6+/-2.3)e+03,(6.6+/-2.3)e+03,(6.6+/-2.3)e+03,(6.6+/-2.3)e+03,(6.6+/-2.3)e+03,(6.6+/-2.3)e+03,(6.6+/-2.3)e+03,(6.6+/-2.3)e+03,(6.6+/-2.3)e+03,(6.6+/-2.3)e+03,(6.6+/-2.3)e+03
Morocco,1759216,3625931,0,(3.8+/-2.0)e+04,(9+/-4)e+04,(1.4+/-0.7)e+05,(1.6+/-0.5)e+06,(1.7+/-0.5)e+06,(2.0+/-0.6)e+06,(2.1+/-0.6)e+06,(2.4+/-0.7)e+06,(2.7+/-0.7)e+06,(3.0+/-0.7)e+06,(3.2+/-0.7)e+06,(3.5+/-0.7)e+06,(3.7+/-0.7)e+06,(3.9+/-0.8)e+06,(4.2+/-0.8)e+06,(4.4+/-0.8)e+06,(4.6+/-0.8)e+06,(4.8+/-0.8)e+06,(5.1+/-0.8)e+06,(5.3+/-0.8)e+06,(5.5+/-0.9)e+06,(5.8+/-0.9)e+06,(6.0+/-0.9)e+06,(6.2+/-0.9)e+06,(6.4+/-0.9)e+06,(6.7+/-1.0)e+06,(6.9+/-1.0)e+06,(7.1+/-1.0)e+06,(7.3+/-1.0)e+06,(7.6+/-1.1)e+06,(7.8+/-1.1)e+06,(8.0+/-1.1)e+06,(8.3+/-1.1)e+06,(8.5+/-1.2)e+06,(8.7+/-1.2)e+06,(8.9+/-1.2)e+06,(9.2+/-1.2)e+06,(9.4+/-1.3)e+06,(9.6+/-1.3)e+06,(9.9+/-1.3)e+06,(1.01+/-0.13)e+07,(1.03+/-0.14)e+07,(1.05+/-0.14)e+07,(1.08+/-0.14)e+07,(1.10+/-0.15)e+07,(1.12+/-0.15)e+07,(1.15+/-0.15)e+07,(1.17+/-0.16)e+07,(1.19+/-0.16)e+07,(1.21+/-0.16)e+07,(1.24+/-0.16)e+07,(1.26+/-0.17)e+07
Monaco,5265,15698,0,0.0+/-0,0.0+/-0,0.0+/-0,(6.6+/-2.3)e+03,(6.6+/-2.3)e+03,(6.6+/-2.3)e+03,(6.6+/-2.3)e+03,(6.6+/-2.3)e+03,(6.6+/-2.3)e+03,(6.6+/-2.3)e+03,(6.6+/-2.3)e+03,(6.6+/-2.3)e+03,(6.6+/-2.3)e+03,(6.6+/-2.3)e+03,(6.6+/-2.3)e+03,(6.6+/-2.3)e+03,(6.6+/-2.3)e+03,(6.6+/-2.3)e+03,(6.6+/-2.3)e+03,(6.6+/-2.3)e+03,(6.6+/-2.3)e+03,(6.6+/-2.3)e+03,(6.6+/-2.3)e+03,(6.6+/-2.3)e+03,(6.6+/-2.3)e+03,(6.6+/-2.3)e+03,(6.6+/-2.3)e+03,(6.6+/-2.3)e+03,(6.6+/-2.3)e+03,(6.6+/-2.3)e+03,(6.6+/-2.3)e+03,(6.6+/-2.3)e+03,(6.6+/-2.3)e+03,(6.6+/-2.3)e+03,(6.6+/-2.3)e+03,(6.6+/-2.3)e+03,(6.6+/-2.3)e+03,(6.6+/-2.3)e+03,(6.6+/-2.3)e+03,(6.6+/-2.3)e+03,(6.6+/-2.3)e+03,(6.6+/-2.3)e+03,(6.6+/-2.3)e+03,(6.6+/-2.3)e+03,(6.6+/-2.3)e+03,(6.6+/-2.3)e+03,(6.6+/-2.3)e+03,(6.6+/-2.3)e+03,(6.6+/-2.3)e+03,(6.6+/-2.3)e+03,(6.6+/-2.3)e+03,(6.6+/-2.3)e+03
Moldova,166951,319681,0,(2.6+/-1.3)e+03,(5.8+/-3.0)e+03,(1.0+/-0.5)e+04,(2.2+/-0.8)e+04,(3.0+/-1.3)e+04,(4.7+/-2.1)e+04,(5.6+/-2.6)e+04,(6.1+/-2.9)e+04,(6.5+/-3.1)e+04,(6.8+/-3.2)e+04,(7.1+/-3.4)e+04,(7.1+/-3.4)e+04,(7.1+/-3.4)e+04,(7.1+/-3.4)e+04,(7.1+/-3.4)e+04,(7.1+/-3.4)e+04,(7.1+/-3.4)e+04,(7.1+/-3.4)e+04,(7.1+/-3.4)e+04,(7.1+/-3.4)e+04,(7.1+/-3.4)e+04,(7.1+/-3.4)e+04,(7.1+/-3.4)e+04,(7.1+/-3.4)e+04,(7.1+/-3.4)e+04,(7.1+/-3.4)e+04,(7.1+/-3.4)e+04,(7.1+/-3.4)e+04,(7.1+/-3.4)e+04,(7.1+/-3.4)e+04,(7.1+/-3.4)e+04,(7.1+/-3.4)e+04,(7.1+/-3.4)e+04,(7.1+/-3.4)e+04,(7.1+/-3.4)e+04,(7.1+/-3.4)e+04,(7.1+/-3.4)e+04,(7.1+/-3.4)e+04,(7.1+/-3.4)e+04,(7.1+/-3.4)e+04,(7.1+/-3.4)e+04,(7.1+/-3.4)e+04,(7.1+/-3.4)e+04,(7.1+/-3.4)e+04,(7.1+/-3.4)e+04,(7.1+/-3.4)e+04,(7.1+/-3.4)e+04,(7.1+/-3.4)e+04,(7.1+/-3.4)e+04,(7.1+/-3.4)e+04,(7.1+/-3.4)e+04,(7.1+/-3.4)e+04
Madagascar,3658612,5307738,0,0.0+/-0,0.0+/-0,0.0+/-0,(4.7+/-1.7)e+04,(4.7+/-1.7)e+04,(4.7+/-1.7)e+04,(4.7+/-1.7)e+04,(4.7+/-1.7)e+04,(4.7+/-1.7)e+04,(4.7+/-1.7)e+04,(4.7+/-1.7)e+04,(4.7+/-1.7)e+04,(4.7+/-1.7)e+04,(4.7+/-1.7)e+04,(4.7+/-1.7)e+04,(4.7+/-1.7)e+04,(4.7+/-1.7)e+04,(4.7+/-1.7)e+04,(4.7+/-1.7)e+04,(4.7+/-1.7)e+04,(4.7+/-1.7)e+04,(4.7+/-1.7)e+04,(4.7+/-1.7)e+04,(4.7+/-1.7)e+04,(4.7+/-1.7)e+04,(4.7+/-1.7)e+04,(4.7+/-1.7)e+04,(4.7+/-1.7)e+04,(4.7+/-1.7)e+04,(4.7+/-1.7)e+04,(4.7+/-1.7)e+04,(4.7+/-1.7)e+04,(4.7+/-1.7)e+04,(4.7+/-1.7)e+04,(4.7+/-1.7)e+04,(4.7+/-1.7)e+04,(4.7+/-1.7)e+04,(4.7+/-1.7)e+04,(4.7+/-1.7)e+04,(4.7+/-1.7)e+04,(4.7+/-1.7)e+04,(4.7+/-1.7)e+04,(4.7+/-1.7)e+04,(4.7+/-1.7)e+04,(4.7+/-1.7)e+04,(4.7+/-1.7)e+04,(4.7+/-1.7)e+04,(4.7+/-1.7)e+04,(4.7+/-1.7)e+04,(4.7+/-1.7)e+04,(4.7+/-1.7)e+04,(4.7+/-1.7)e+04
Maldives,19427,46939,0,(2.6+/-1.4)e+02,(5.9+/-3.1)e+02,(1.0+/-0.5)e+03,(8.2+/-2.5)e+03,(9.0+/-2.7)e+03,(1.08+/-0.32)e+04,(1.16+/-0.35)e+04,(1.2+/-0.4)e+04,(1.3+/-0.4)e+04,(1.3+/-0.4)e+04,(1.3+/-0.4)e+04,(1.3+/-0.4)e+04,(1.3+/-0.4)e+04,(1.3+/-0.4)e+04,(1.3+/-0.4)e+04,(1.3+/-0.4)e+04,(1.3+/-0.4)e+04,(1.3+/-0.4)e+04,(1.3+/-0.4)e+04,(1.3+/-0.4)e+04,(1.3+/-0.4)e+04,(1.3+/-0.4)e+04,(1.3+/-0.4)e+04,(1.3+/-0.4)e+04,(1.3+/-0.4)e+04,(1.3+/-0.4)e+04,(1.3+/-0.4)e+04,(1.3+/-0.4)e+04,(1.3+/-0.4)e+04,(1.3+/-0.4)e+04,(1.3+/-0.4)e+04,(1.3+/-0.4)e+04,(1.3+/-0.4)e+04,(1.3+/-0.4)e+04,(1.3+/-0.4)e+04,(1.3+/-0.4)e+04,(1.3+/-0.4)e+04,(1.3+/-0.4)e+04,(1.3+/-0.4)e+04,(1.3+/-0.4)e+04,(1.3+/-0.4)e+04,(1.3+/-0.4)e+04,(1.3+/-0.4)e+04,(1.3+/-0.4)e+04,(1.3+/-0.4)e+04,(1.3+/-0.4)e+04,(1.3+/-0.4)e+04,(1.3+/-0.4)e+04,(1.3+/-0.4)e+04,(1.3+/-0.4)e+04,(1.3+/-0.4)e+04,(1.3+/-0.4)e+04
Mexico,7780087,22841894,0,(6.2+/-3.3)e+05,(1.4+/-0.7)e+06,(2.3+/-1.2)e+06,(1.07+/-0.22)e+07,(1.79+/-0.34)e+07,(2.7+/-0.6)e+07,(3.4+/-0.7)e+07,(4.1+/-0.8)e+07,(4.7+/-0.9)e+07,(5.3+/-0.9)e+07,(5.9+/-1.0)e+07,(6.4+/-1.1)e+07,(6.9+/-1.1)e+07,(7.4+/-1.2)e+07,(8.0+/-1.2)e+07,(8.5+/-1.3)e+07,(9.0+/-1.3)e+07,(9.5+/-1.4)e+07,(1.00+/-0.14)e+08,(1.06+/-0.15)e+08,(1.11+/-0.16)e+08,(1.16+/-0.16)e+08,(1.21+/-0.17)e+08,(1.26+/-0.18)e+08,(1.32+/-0.18)e+08,(1.37+/-0.19)e+08,(1.42+/-0.20)e+08,(1.47+/-0.20)e+08,(1.52+/-0.21)e+08,(1.58+/-0.22)e+08,(1.63+/-0.22)e+08,(1.68+/-0.23)e+08,(1.73+/-0.24)e+08,(1.78+/-0.24)e+08,(1.84+/-0.25)e+08,(1.89+/-0.26)e+08,(1.94+/-0.27)e+08,(1.99+/-0.27)e+08,(2.04+/-0.28)e+08,(2.10+/-0.29)e+08,(2.15+/-0.29)e+08,(2.20+/-0.30)e+08,(2.25+/-0.31)e+08,(2.30+/-0.32)e+08,(2.36+/-0.32)e+08,(2.41+/-0.33)e+08,(2.46+/-0.34)e+08,(2.51+/-0.34)e+08,(2.56+/-0.35)e+08,(2.6+/-0.4)e+08,(2.7+/-0.4)e+08,(2.7+/-0.4)e+08
Marshall Islands,1487,3198,0,0.0+/-0,0.0+/-0,0.0+/-0,(6.6+/-2.3)e+03,(6.6+/-2.3)e+03,(6.6+/-2.3)e+03,(6.6+/-2.3)e+03,(6.6+/-2.3)e+03,(6.6+/-2.3)e+03,(6.6+/-2.3)e+03,(6.6+/-2.3)e+03,(6.6+/-2.3)e+03,(6.6+/-2.3)e+03,(6.6+/-2.3)e+03,(6.6+/-2.3)e+03,(6.6+/-2.3)e+03,(6.6+/-2.3)e+03,(6.6+/-2.3)e+03,(6.6+/-2.3)e+03,(6.6+/-2.3)e+03,(6.6+/-2.3)e+03,(6.6+/-2.3)e+03,(6.6+/-2.3)e+03,(6.6+/-2.3)e+03,(6.6+/-2.3)e+03,(6.6+/-2.3)e+03,(6.6+/-2.3)e+03,(6.6+/-2.3)e+03,(6.6+/-2.3)e+03,(6.6+/-2.3)e+03,(6.6+/-2.3)e+03,(6.6+/-2.3)e+03,(6.6+/-2.3)e+03,(6.6+/-2.3)e+03,(6.6+/-2.3)e+03,(6.6+/-2.3)e+03,(6.6+/-2.3)e+03,(6.6+/-2.3)e+03,(6.6+/-2.3)e+03,(6.6+/-2.3)e+03,(6.6+/-2.3)e+03,(6.6+/-2.3)e+03,(6.6+/-2.3)e+03,(6.6+/-2.3)e+03,(6.6+/-2.3)e+03,(6.6+/-2.3)e+03,(6.6+/-2.3)e+03,(6.6+/-2.3)e+03,(6.6+/-2.3)e+03,(6.6+/-2.3)e+03,(6.6+/-2.3)e+03,(6.6+/-2.3)e+03
North Macedonia,104136,234334,0,(3.3+/-1.7)e+03,(7+/-4)e+03,(1.2+/-0.7)e+04,(3.0+/-1.1)e+05,(3.1+/-1.1)e+05,(3.3+/-1.1)e+05,(3.5+/-1.1)e+05,(3.5+/-1.1)e+05,(3.6+/-1.1)e+05,(3.6+/-1.1)e+05,(3.7+/-1.1)e+05,(3.7+/-1.1)e+05,(3.7+/-1.1)e+05,(3.7+/-1.1)e+05,(3.7+/-1.1)e+05,(3.7+/-1.1)e+05,(3.7+/-1.1)e+05,(3.7+/-1.1)e+05,(3.7+/-1.1)e+05,(3.7+/-1.1)e+05,(3.7+/-1.1)e+05,(3.7+/-1.1)e+05,(3.7+/-1.1)e+05,(3.7+/-1.1)e+05,(3.7+/-1.1)e+05,(3.7+/-1.1)e+05,(3.7+/-1.1)e+05,(3.7+/-1.1)e+05,(3.7+/-1.1)e+05,(3.7+/-1.1)e+05,(3.7+/-1.1)e+05,(3.7+/-1.1)e+05,(3.7+/-1.1)e+05,(3.7+/-1.1)e+05,(3.7+/-1.1)e+05,(3.7+/-1.1)e+05,(3.7+/-1.1)e+05,(3.7+/-1.1)e+05,(3.7+/-1.1)e+05,(3.7+/-1.1)e+05,(3.7+/-1.1)e+05,(3.7+/-1.1)e+05,(3.7+/-1.1)e+05,(3.7+/-1.1)e+05,(3.7+/-1.1)e+05,(3.7+/-1.1)e+05,(3.7+/-1.1)e+05,(3.7+/-1.1)e+05,(3.7+/-1.1)e+05,(3.7+/-1.1)e+05,(3.7+/-1.1)e+05,(3.7+/-1.1)e+05
Mali,1704981,2911079,0,0.0+/-0,0.0+/-0,0.0+/-0,(6.6+/-2.3)e+03,(6.6+/-2.3)e+03,(6.6+/-2.3)e+03,(6.6+/-2.3)e+03,(6.6+/-2.3)e+03,(6.6+/-2.3)e+03,(6.6+/-2.3)e+03,(6.6+/-2.3)e+03,(6.6+/-2.3)e+03,(6.6+/-2.3)e+03,(6.6+/-2.3)e+03,(6.6+/-2.3)e+03,(6.6+/-2.3)e+03,(6.6+/-2.3)e+03,(6.6+/-2.3)e+03,(6.6+/-2.3)e+03,(6.6+/-2.3)e+03,(6.6+/-2.3)e+03,(6.6+/-2.3)e+03,(6.6+/-2.3)e+03,(6.6+/-2.3)e+03,(6.6+/-2.3)e+03,(6.6+/-2.3)e+03,(6.6+/-2.3)e+03,(6.6+/-2.3)e+03,(6.6+/-2.3)e+03,(6.6+/-2.3)e+03,(6.6+/-2.3)e+03,(6.6+/-2.3)e+03,(6.6+/-2.3)e+03,(6.6+/-2.3)e+03,(6.6+/-2.3)e+03,(6.6+/-2.3)e+03,(6.6+/-2.3)e+03,(6.6+/-2.3)e+03,(6.6+/-2.3)e+03,(6.6+/-2.3)e+03,(6.6+/-2.3)e+03,(6.6+/-2.3)e+03,(6.6+/-2.3)e+03,(6.6+/-2.3)e+03,(6.6+/-2.3)e+03,(6.6+/-2.3)e+03,(6.6+/-2.3)e+03,(6.6+/-2.3)e+03,(6.6+/-2.3)e+03,(6.6+/-2.3)e+03,(6.6+/-2.3)e+03,(6.6+/-2.3)e+03
Malta,28164,73067,0,(2.7+/-1.4)e+03,(6.0+/-3.1)e+03,(1.0+/-0.5)e+04,(2.3+/-0.9)e+04,(3.1+/-1.3)e+04,(4.9+/-2.2)e+04,(5.7+/-2.7)e+04,(6.3+/-3.0)e+04,(6.7+/-3.2)e+04,(7.1+/-3.4)e+04,(7.3+/-3.5)e+04,(7.3+/-3.5)e+04,(7.3+/-3.5)e+04,(7.3+/-3.5)e+04,(7.3+/-3.5)e+04,(7.3+/-3.5)e+04,(7.3+/-3.5)e+04,(7.3+/-3.5)e+04,(7.3+/-3.5)e+04,(7.3+/-3.5)e+04,(7.3+/-3.5)e+04,(7.3+/-3.5)e+04,(7.3+/-3.5)e+04,(7.3+/-3.5)e+04,(7.3+/-3.5)e+04,(7.3+/-3.5)e+04,(7.3+/-3.5)e+04,(7.3+/-3.5)e+04,(7.3+/-3.5)e+04,(7.3+/-3.5)e+04,(7.3+/-3.5)e+04,(7.3+/-3.5)e+04,(7.3+/-3.5)e+04,(7.3+/-3.5)e+04,(7.3+/-3.5)e+04,(7.3+/-3.5)e+04,(7.3+/-3.5)e+04,(7.3+/-3.5)e+04,(7.3+/-3.5)e+04,(7.3+/-3.5)e+04,(7.3+/-3.5)e+04,(7.3+/-3.5)e+04,(7.3+/-3.5)e+04,(7.3+/-3.5)e+04,(7.3+/-3.5)e+04,(7.3+/-3.5)e+04,(7.3+/-3.5)e+04,(7.3+/-3.5)e+04,(7.3+/-3.5)e+04,(7.3+/-3.5)e+04,(7.3+/-3.5)e+04,(7.3+/-3.5)e+04
Myanmar,4974125,9426740,0,(2.3+/-1.2)e+04,(5.2+/-2.7)e+04,(9+/-5)e+04,(1.9+/-0.8)e+05,(2.7+/-1.1)e+05,(4.2+/-1.9)e+05,(6.6+/-2.3)e+05,(8.8+/-2.6)e+05,(1.08+/-0.29)e+06,(1.28+/-0.31)e+06,(1.47+/-0.33)e+06,(1.63+/-0.34)e+06,(1.80+/-0.35)e+06,(2.0+/-0.4)e+06,(2.1+/-0.4)e+06,(2.3+/-0.4)e+06,(2.5+/-0.4)e+06,(2.6+/-0.4)e+06,(2.8+/-0.4)e+06,(3.0+/-0.5)e+06,(3.1+/-0.5)e+06,(3.3+/-0.5)e+06,(3.5+/-0.5)e+06,(3.6+/-0.5)e+06,(3.8+/-0.6)e+06,(4.0+/-0.6)e+06,(4.1+/-0.6)e+06,(4.3+/-0.6)e+06,(4.5+/-0.6)e+06,(4.6+/-0.7)e+06,(4.8+/-0.7)e+06,(5.0+/-0.7)e+06,(5.1+/-0.7)e+06,(5.3+/-0.8)e+06,(5.5+/-0.8)e+06,(5.6+/-0.8)e+06,(5.8+/-0.8)e+06,(6.0+/-0.8)e+06,(6.1+/-0.9)e+06,(6.3+/-0.9)e+06,(6.5+/-0.9)e+06,(6.6+/-0.9)e+06,(6.8+/-1.0)e+06,(7.0+/-1.0)e+06,(7.1+/-1.0)e+06,(7.3+/-1.0)e+06,(7.5+/-1.1)e+06,(7.6+/-1.1)e+06,(7.8+/-1.1)e+06,(8.0+/-1.1)e+06,(8.1+/-1.1)e+06,(8.3+/-1.2)e+06
Montenegro,25469,64581,0,(4.5+/-2.4)e+02,(1.0+/-0.5)e+03,(1.7+/-0.9)e+03,(9.3+/-2.7)e+03,(1.08+/-0.32)e+04,(1.4+/-0.4)e+04,(1.5+/-0.5)e+04,(1.6+/-0.6)e+04,(1.7+/-0.6)e+04,(1.7+/-0.6)e+04,(1.8+/-0.6)e+04,(1.8+/-0.6)e+04,(1.8+/-0.6)e+04,(1.8+/-0.6)e+04,(1.8+/-0.6)e+04,(1.8+/-0.6)e+04,(1.8+/-0.6)e+04,(1.8+/-0.6)e+04,(1.8+/-0.6)e+04,(1.8+/-0.6)e+04,(1.8+/-0.6)e+04,(1.8+/-0.6)e+04,(1.8+/-0.6)e+04,(1.8+/-0.6)e+04,(1.8+/-0.6)e+04,(1.8+/-0.6)e+04,(1.8+/-0.6)e+04,(1.8+/-0.6)e+04,(1.8+/-0.6)e+04,(1.8+/-0.6)e+04,(1.8+/-0.6)e+04,(1.8+/-0.6)e+04,(1.8+/-0.6)e+04,(1.8+/-0.6)e+04,(1.8+/-0.6)e+04,(1.8+/-0.6)e+04,(1.8+/-0.6)e+04,(1.8+/-0.6)e+04,(1.8+/-0.6)e+04,(1.8+/-0.6)e+04,(1.8+/-0.6)e+04,(1.8+/-0.6)e+04,(1.8+/-0.6)e+04,(1.8+/-0.6)e+04,(1.8+/-0.6)e+04,(1.8+/-0.6)e+04,(1.8+/-0.6)e+04,(1.8+/-0.6)e+04,(1.8+/-0.6)e+04,(1.8+/-0.6)e+04,(1.8+/-0.6)e+04,(1.8+/-0.6)e+04
Mongolia,254437,472315,0,(2.2+/-1.2)e+03,(5.0+/-2.6)e+03,(8+/-4)e+03,(4.0+/-1.5)e+05,(4.1+/-1.5)e+05,(4.2+/-1.5)e+05,(4.3+/-1.5)e+05,(4.4+/-1.5)e+05,(4.4+/-1.5)e+05,(4.4+/-1.5)e+05,(4.5+/-1.5)e+05,(4.5+/-1.5)e+05,(4.5+/-1.5)e+05,(4.5+/-1.5)e+05,(4.5+/-1.5)e+05,(4.5+/-1.5)e+05,(4.5+/-1.5)e+05,(4.5+/-1.5)e+05,(4.5+/-1.5)e+05,(4.5+/-1.5)e+05,(4.5+/-1.5)e+05,(4.5+/-1.5)e+05,(4.5+/-1.5)e+05,(4.5+/-1.5)e+05,(4.5+/-1.5)e+05,(4.5+/-1.5)e+05,(4.5+/-1.5)e+05,(4.5+/-1.5)e+05,(4.5+/-1.5)e+05,(4.5+/-1.5)e+05,(4.5+/-1.5)e+05,(4.5+/-1.5)e+05,(4.5+/-1.5)e+05,(4.5+/-1.5)e+05,(4.5+/-1.5)e+05,(4.5+/-1.5)e+05,(4.5+/-1.5)e+05,(4.5+/-1.5)e+05,(4.5+/-1.5)e+05,(4.5+/-1.5)e+05,(4.5+/-1.5)e+05,(4.5+/-1.5)e+05,(4.5+/-1.5)e+05,(4.5+/-1.5)e+05,(4.5+/-1.5)e+05,(4.5+/-1.5)e+05,(4.5+/-1.5)e+05,(4.5+/-1.5)e+05,(4.5+/-1.5)e+05,(4.5+/-1.5)e+05,(4.5+/-1.5)e+05,(4.5+/-1.5)e+05
Northern Mariana Islands,2100,4803,0,0.0+/-0,0.0+/-0,0.0+/-0,(6.6+/-2.3)e+03,(6.6+/-2.3)e+03,(6.6+/-2.3)e+03,(6.6+/-2.3)e+03,(6.6+/-2.3)e+03,(6.6+/-2.3)e+03,(6.6+/-2.3)e+03,(6.6+/-2.3)e+03,(6.6+/-2.3)e+03,(6.6+/-2.3)e+03,(6.6+/-2.3)e+03,(6.6+/-2.3)e+03,(6.6+/-2.3)e+03,(6.6+/-2.3)e+03,(6.6+/-2.3)e+03,(6.6+/-2.3)e+03,(6.6+/-2.3)e+03,(6.6+/-2.3)e+03,(6.6+/-2.3)e+03,(6.6+/-2.3)e+03,(6.6+/-2.3)e+03,(6.6+/-2.3)e+03,(6.6+/-2.3)e+03,(6.6+/-2.3)e+03,(6.6+/-2.3)e+03,(6.6+/-2.3)e+03,(6.6+/-2.3)e+03,(6.6+/-2.3)e+03,(6.6+/-2.3)e+03,(6.6+/-2.3)e+03,(6.6+/-2.3)e+03,(6.6+/-2.3)e+03,(6.6+/-2.3)e+03,(6.6+/-2.3)e+03,(6.6+/-2.3)e+03,(6.6+/-2.3)e+03,(6.6+/-2.3)e+03,(6.6+/-2.3)e+03,(6.6+/-2.3)e+03,(6.6+/-2.3)e+03,(6.6+/-2.3)e+03,(6.6+/-2.3)e+03,(6.6+/-2.3)e+03,(6.6+/-2.3)e+03,(6.6+/-2.3)e+03,(6.6+/-2.3)e+03,(6.6+/-2.3)e+03,(6.6+/-2.3)e+03,(6.6+/-2.3)e+03
Mozambique,705377,2204123,0,0.0+/-0,0.0+/-0,0.0+/-0,(6.6+/-2.3)e+03,(6.6+/-2.3)e+03,(6.6+/-2.3)e+03,(6.6+/-2.3)e+03,(6.6+/-2.3)e+03,(6.6+/-2.3)e+03,(6.6+/-2.3)e+03,(6.6+/-2.3)e+03,(6.6+/-2.3)e+03,(6.6+/-2.3)e+03,(6.6+/-2.3)e+03,(6.6+/-2.3)e+03,(6.6+/-2.3)e+03,(6.6+/-2.3)e+03,(6.6+/-2.3)e+03,(6.6+/-2.3)e+03,(6.6+/-2.3)e+03,(6.6+/-2.3)e+03,(6.6+/-2.3)e+03,(6.6+/-2.3)e+03,(6.6+/-2.3)e+03,(6.6+/-2.3)e+03,(6.6+/-2.3)e+03,(6.6+/-2.3)e+03,(6.6+/-2.3)e+03,(6.6+/-2.3)e+03,(6.6+/-2.3)e+03,(6.6+/-2.3)e+03,(6.6+/-2.3)e+03,(6.6+/-2.3)e+03,(6.6+/-2.3)e+03,(6.6+/-2.3)e+03,(6.6+/-2.3)e+03,(6.6+/-2.3)e+03,(6.6+/-2.3)e+03,(6.6+/-2.3)e+03,(6.6+/-2.3)e+03,(6.6+/-2.3)e+03,(6.6+/-2.3)e+03,(6.6+/-2.3)e+03,(6.6+/-2.3)e+03,(6.6+/-2.3)e+03,(6.6+/-2.3)e+03,(6.6+/-2.3)e+03,(6.6+/-2.3)e+03,(6.6+/-2.3)e+03,(6.6+/-2.3)e+03,(6.6+/-2.3)e+03,(6.6+/-2.3)e+03
Mauritania,145743,413571,0,0.0+/-0,0.0+/-0,0.0+/-0,(6.6+/-2.3)e+03,(6.6+/-2.3)e+03,(6.6+/-2.3)e+03,(6.6+/-2.3)e+03,(6.6+/-2.3)e+03,(6.6+/-2.3)e+03,(6.6+/-2.3)e+03,(6.6+/-2.3)e+03,(6.6+/-2.3)e+03,(6.6+/-2.3)e+03,(6.6+/-2.3)e+03,(6.6+/-2.3)e+03,(6.6+/-2.3)e+03,(6.6+/-2.3)e+03,(6.6+/-2.3)e+03,(6.6+/-2.3)e+03,(6.6+/-2.3)e+03,(6.6+/-2.3)e+03,(6.6+/-2.3)e+03,(6.6+/-2.3)e+03,(6.6+/-2.3)e+03,(6.6+/-2.3)e+03,(6.6+/-2.3)e+03,(6.6+/-2.3)e+03,(6.6+/-2.3)e+03,(6.6+/-2.3)e+03,(6.6+/-2.3)e+03,(6.6+/-2.3)e+03,(6.6+/-2.3)e+03,(6.6+/-2.3)e+03,(6.6+/-2.3)e+03,(6.6+/-2.3)e+03,(6.6+/-2.3)e+03,(6.6+/-2.3)e+03,(6.6+/-2.3)e+03,(6.6+/-2.3)e+03,(6.6+/-2.3)e+03,(6.6+/-2.3)e+03,(6.6+/-2.3)e+03,(6.6+/-2.3)e+03,(6.6+/-2.3)e+03,(6.6+/-2.3)e+03,(6.6+/-2.3)e+03,(6.6+/-2.3)e+03,(6.6+/-2.3)e+03,(6.6+/-2.3)e+03,(6.6+/-2.3)e+03,(6.6+/-2.3)e+03,(6.6+/-2.3)e+03
Mauritius,59812,150815,0,0.0+/-0,0.0+/-0,0.0+/-0,(7.2+/-2.7)e+04,(7.2+/-2.7)e+04,(7.2+/-2.7)e+04,(7.2+/-2.7)e+04,(7.2+/-2.7)e+04,(7.2+/-2.7)e+04,(7.2+/-2.7)e+04,(7.2+/-2.7)e+04,(7.2+/-2.7)e+04,(7.2+/-2.7)e+04,(7.2+/-2.7)e+04,(7.2+/-2.7)e+04,(7.2+/-2.7)e+04,(7.2+/-2.7)e+04,(7.2+/-2.7)e+04,(7.2+/-2.7)e+04,(7.2+/-2.7)e+04,(7.2+/-2.7)e+04,(7.2+/-2.7)e+04,(7.2+/-2.7)e+04,(7.2+/-2.7)e+04,(7.2+/-2.7)e+04,(7.2+/-2.7)e+04,(7.2+/-2.7)e+04,(7.2+/-2.7)e+04,(7.2+/-2.7)e+04,(7.2+/-2.7)e+04,(7.2+/-2.7)e+04,(7.2+/-2.7)e+04,(7.2+/-2.7)e+04,(7.2+/-2.7)e+04,(7.2+/-2.7)e+04,(7.2+/-2.7)e+04,(7.2+/-2.7)e+04,(7.2+/-2.7)e+04,(7.2+/-2.7)e+04,(7.2+/-2.7)e+04,(7.2+/-2.7)e+04,(7.2+/-2.7)e+04,(7.2+/-2.7)e+04,(7.2+/-2.7)e+04,(7.2+/-2.7)e+04,(7.2+/-2.7)e+04,(7.2+/-2.7)e+04,(7.2+/-2.7)e+04,(7.2+/-2.7)e+04,(7.2+/-2.7)e+04,(7.2+/-2.7)e+04,(7.2+/-2.7)e+04
Malawi,727443,2008955,0,0.0+/-0,0.0+/-0,0.0+/-0,(6.6+/-2.3)e+03,(6.6+/-2.3)e+03,(6.6+/-2.3)e+03,(6.6+/-2.3)e+03,(6.6+/-2.3)e+03,(6.6+/-2.3)e+03,(6.6+/-2.3)e+03,(6.6+/-2.3)e+03,(6.6+/-2.3)e+03,(6.6+/-2.3)e+03,(6.6+/-2.3)e+03,(6.6+/-2.3)e+03,(6.6+/-2.3)e+03,(6.6+/-2.3)e+03,(6.6+/-2.3)e+03,(6.6+/-2.3)e+03,(6.6+/-2.3)e+03,(6.6+/-2.3)e+03,(6.6+/-2.3)e+03,(6.6+/-2.3)e+03,(6.6+/-2.3)e+03,(6.6+/-2.3)e+03,(6.6+/-2.3)e+03,(6.6+/-2.3)e+03,(6.6+/-2.3)e+03,(6.6+/-2.3)e+03,(6.6+/-2.3)e+03,(6.6+/-2.3)e+03,(6.6+/-2.3)e+03,(6.6+/-2.3)e+03,(6.6+/-2.3)e+03,(6.6+/-2.3)e+03,(6.6+/-2.3)e+03,(6.6+/-2.3)e+03,(6.6+/-2.3)e+03,(6.6+/-2.3)e+03,(6.6+/-2.3)e+03,(6.6+/-2.3)e+03,(6.6+/-2.3)e+03,(6.6+/-2.3)e+03,(6.6+/-2.3)e+03,(6.6+/-2.3)e+03,(6.6+/-2.3)e+03,(6.6+/-2.3)e+03,(6.6+/-2.3)e+03,(6.6+/-2.3)e+03,(6.6+/-2.3)e+03,(6.6+/-2.3)e+03,(6.6+/-2.3)e+03
Malaysia,2889924,6092051,0,(1.6+/-0.8)e+05,(3.6+/-1.9)e+05,(2.1+/-0.4)e+06,(8.4+/-1.8)e+06,(1.03+/-0.19)e+07,(1.29+/-0.23)e+07,(1.49+/-0.25)e+07,(1.67+/-0.27)e+07,(1.84+/-0.29)e+07,(2.01+/-0.31)e+07,(2.17+/-0.33)e+07,(2.32+/-0.34)e+07,(2.46+/-0.35)e+07,(2.6+/-0.4)e+07,(2.8+/-0.4)e+07,(2.9+/-0.4)e+07,(3.1+/-0.4)e+07,(3.2+/-0.4)e+07,(3.3+/-0.4)e+07,(3.5+/-0.5)e+07,(3.6+/-0.5)e+07,(3.8+/-0.5)e+07,(3.9+/-0.5)e+07,(4.1+/-0.5)e+07,(4.2+/-0.6)e+07,(4.4+/-0.6)e+07,(4.5+/-0.6)e+07,(4.7+/-0.6)e+07,(4.8+/-0.6)e+07,(5.0+/-0.6)e+07,(5.1+/-0.7)e+07,(5.3+/-0.7)e+07,(5.4+/-0.7)e+07,(5.6+/-0.7)e+07,(5.7+/-0.7)e+07,(5.8+/-0.8)e+07,(6.0+/-0.8)e+07,(6.1+/-0.8)e+07,(6.3+/-0.8)e+07,(6.4+/-0.8)e+07,(6.6+/-0.9)e+07,(6.7+/-0.9)e+07,(6.9+/-0.9)e+07,(7.0+/-0.9)e+07,(7.2+/-0.9)e+07,(7.3+/-1.0)e+07,(7.5+/-1.0)e+07,(7.6+/-1.0)e+07,(7.8+/-1.0)e+07,(7.9+/-1.0)e+07,(8.1+/-1.1)e+07,(8.2+/-1.1)e+07
Namibia,151386,304910,0,0.0+/-0,0.0+/-0,0.0+/-0,(4.7+/-1.7)e+04,(4.7+/-1.7)e+04,(4.7+/-1.7)e+04,(4.7+/-1.7)e+04,(4.7+/-1.7)e+04,(4.7+/-1.7)e+04,(4.7+/-1.7)e+04,(4.7+/-1.7)e+04,(4.7+/-1.7)e+04,(4.7+/-1.7)e+04,(4.7+/-1.7)e+04,(4.7+/-1.7)e+04,(4.7+/-1.7)e+04,(4.7+/-1.7)e+04,(4.7+/-1.7)e+04,(4.7+/-1.7)e+04,(4.7+/-1.7)e+04,(4.7+/-1.7)e+04,(4.7+/-1.7)e+04,(4.7+/-1.7)e+04,(4.7+/-1.7)e+04,(4.7+/-1.7)e+04,(4.7+/-1.7)e+04,(4.7+/-1.7)e+04,(4.7+/-1.7)e+04,(4.7+/-1.7)e+04,(4.7+/-1.7)e+04,(4.7+/-1.7)e+04,(4.7+/-1.7)e+04,(4.7+/-1.7)e+04,(4.7+/-1.7)e+04,(4.7+/-1.7)e+04,(4.7+/-1.7)e+04,(4.7+/-1.7)e+04,(4.7+/-1.7)e+04,(4.7+/-1.7)e+04,(4.7+/-1.7)e+04,(4.7+/-1.7)e+04,(4.7+/-1.7)e+04,(4.7+/-1.7)e+04,(4.7+/-1.7)e+04,(4.7+/-1.7)e+04,(4.7+/-1.7)e+04,(4.7+/-1.7)e+04,(4.7+/-1.7)e+04,(4.7+/-1.7)e+04,(4.7+/-1.7)e+04,(4.7+/-1.7)e+04,(4.7+/-1.7)e+04
New Caledonia,13001,27902,0,0.0+/-0,0.0+/-0,0.0+/-0,(1.3+/-0.5)e+05,(1.3+/-0.5)e+05,(1.3+/-0.5)e+05,(1.3+/-0.5)e+05,(1.3+/-0.5)e+05,(1.3+/-0.5)e+05,(1.3+/-0.5)e+05,(1.3+/-0.5)e+05,(1.3+/-0.5)e+05,(1.3+/-0.5)e+05,(1.3+/-0.5)e+05,(1.3+/-0.5)e+05,(1.3+/-0.5)e+05,(1.3+/-0.5)e+05,(1.3+/-0.5)e+05,(1.3+/-0.5)e+05,(1.3+/-0.5)e+05,(1.3+/-0.5)e+05,(1.3+/-0.5)e+05,(1.3+/-0.5)e+05,(1.3+/-0.5)e+05,(1.3+/-0.5)e+05,(1.3+/-0.5)e+05,(1.3+/-0.5)e+05,(1.3+/-0.5)e+05,(1.3+/-0.5)e+05,(1.3+/-0.5)e+05,(1.3+/-0.5)e+05,(1.3+/-0.5)e+05,(1.3+/-0.5)e+05,(1.3+/-0.5)e+05,(1.3+/-0.5)e+05,(1.3+/-0.5)e+05,(1.3+/-0.5)e+05,(1.3+/-0.5)e+05,(1.3+/-0.5)e+05,(1.3+/-0.5)e+05,(1.3+/-0.5)e+05,(1.3+/-0.5)e+05,(1.3+/-0.5)e+05,(1.3+/-0.5)e+05,(1.3+/-0.5)e+05,(1.3+/-0.5)e+05,(1.3+/-0.5)e+05,(1.3+/-0.5)e+05,(1.3+/-0.5)e+05,(1.3+/-0.5)e+05,(1.3+/-0.5)e+05,(1.3+/-0.5)e+05
Niger,1264716,3588846,0,0.0+/-0,0.0+/-0,0.0+/-0,(1.7+/-0.6)e+04,(1.7+/-0.6)e+04,(1.7+/-0.6)e+04,(1.7+/-0.6)e+04,(1.7+/-0.6)e+04,(1.7+/-0.6)e+04,(1.7+/-0.6)e+04,(1.7+/-0.6)e+04,(1.7+/-0.6)e+04,(1.7+/-0.6)e+04,(1.7+/-0.6)e+04,(1.7+/-0.6)e+04,(1.7+/-0.6)e+04,(1.7+/-0.6)e+04,(1.7+/-0.6)e+04,(1.7+/-0.6)e+04,(1.7+/-0.6)e+04,(1.7+/-0.6)e+04,(1.7+/-0.6)e+04,(1.7+/-0.6)e+04,(1.7+/-0.6)e+04,(1.7+/-0.6)e+04,(1.7+/-0.6)e+04,(1.7+/-0.6)e+04,(1.7+/-0.6)e+04,(1.7+/-0.6)e+04,(1.7+/-0.6)e+04,(1.7+/-0.6)e+04,(1.7+/-0.6)e+04,(1.7+/-0.6)e+04,(1.7+/-0.6)e+04,(1.7+/-0.6)e+04,(1.7+/-0.6)e+04,(1.7+/-0.6)e+04,(1.7+/-0.6)e+04,(1.7+/-0.6)e+04,(1.7+/-0.6)e+04,(1.7+/-0.6)e+04,(1.7+/-0.6)e+04,(1.7+/-0.6)e+04,(1.7+/-0.6)e+04,(1.7+/-0.6)e+04,(1.7+/-0.6)e+04,(1.7+/-0.6)e+04,(1.7+/-0.6)e+04,(1.7+/-0.6)e+04,(1.7+/-0.6)e+04,(1.7+/-0.6)e+04,(1.7+/-0.6)e+04
Nigeria,18909318,37129638,0,(6.3+/-0.9)e+05,(1.29+/-0.19)e+06,(1.97+/-0.30)e+06,(2.8+/-0.4)e+06,(3.7+/-0.6)e+06,(4.9+/-0.9)e+06,(5.7+/-1.1)e+06,(6.5+/-1.3)e+06,(7.2+/-1.4)e+06,(7.8+/-1.5)e+06,(8.4+/-1.5)e+06,(9.0+/-1.6)e+06,(9.5+/-1.6)e+06,(1.01+/-0.17)e+07,(1.06+/-0.17)e+07,(1.11+/-0.18)e+07,(1.17+/-0.18)e+07,(1.22+/-0.19)e+07,(1.27+/-0.20)e+07,(1.33+/-0.20)e+07,(1.38+/-0.21)e+07,(1.43+/-0.22)e+07,(1.49+/-0.22)e+07,(1.54+/-0.23)e+07,(1.59+/-0.23)e+07,(1.65+/-0.24)e+07,(1.70+/-0.25)e+07,(1.76+/-0.25)e+07,(1.81+/-0.26)e+07,(1.86+/-0.27)e+07,(1.92+/-0.28)e+07,(1.97+/-0.28)e+07,(2.02+/-0.29)e+07,(2.08+/-0.30)e+07,(2.13+/-0.30)e+07,(2.18+/-0.31)e+07,(2.24+/-0.32)e+07,(2.29+/-0.33)e+07,(2.34+/-0.33)e+07,(2.40+/-0.34)e+07,(2.45+/-0.35)e+07,(2.51+/-0.35)e+07,(2.6+/-0.4)e+07,(2.6+/-0.4)e+07,(2.7+/-0.4)e+07,(2.7+/-0.4)e+07,(2.8+/-0.4)e+07,(2.8+/-0.4)e+07,(2.9+/-0.4)e+07,(2.9+/-0.4)e+07,(3.0+/-0.4)e+07,(3.0+/-0.4)e+07
Nicaragua,422397,1154095,0,(4.3+/-2.3)e+03,(1.0+/-0.5)e+04,(1.6+/-0.8)e+04,(3.2+/-1.4)e+04,(4.6+/-2.1)e+04,(7+/-4)e+04,(9+/-4)e+04,(1.0+/-0.5)e+05,(1.0+/-0.5)e+05,(1.1+/-0.5)e+05,(1.1+/-0.6)e+05,(1.1+/-0.6)e+05,(1.1+/-0.6)e+05,(1.1+/-0.6)e+05,(1.1+/-0.6)e+05,(1.1+/-0.6)e+05,(1.1+/-0.6)e+05,(1.1+/-0.6)e+05,(1.1+/-0.6)e+05,(1.1+/-0.6)e+05,(1.1+/-0.6)e+05,(1.1+/-0.6)e+05,(1.1+/-0.6)e+05,(1.1+/-0.6)e+05,(1.1+/-0.6)e+05,(1.1+/-0.6)e+05,(1.1+/-0.6)e+05,(1.1+/-0.6)e+05,(1.1+/-0.6)e+05,(1.1+/-0.6)e+05,(1.1+/-0.6)e+05,(1.1+/-0.6)e+05,(1.1+/-0.6)e+05,(1.1+/-0.6)e+05,(1.1+/-0.6)e+05,(1.1+/-0.6)e+05,(1.1+/-0.6)e+05,(1.1+/-0.6)e+05,(1.1+/-0.6)e+05,(1.1+/-0.6)e+05,(1.1+/-0.6)e+05,(1.1+/-0.6)e+05,(1.1+/-0.6)e+05,(1.1+/-0.6)e+05,(1.1+/-0.6)e+05,(1.1+/-0.6)e+05,(1.1+/-0.6)e+05,(1.1+/-0.6)e+05,(1.1+/-0.6)e+05,(1.1+/-0.6)e+05,(1.1+/-0.6)e+05,(1.1+/-0.6)e+05
Netherlands,871685,2178483,0,(2.5+/-1.3)e+05,(2.7+/-0.4)e+06,(5.1+/-0.8)e+06,(9.0+/-1.3)e+06,(1.19+/-0.18)e+07,(1.56+/-0.26)e+07,(1.85+/-0.31)e+07,(2.11+/-0.35)e+07,(2.4+/-0.4)e+07,(2.6+/-0.4)e+07,(2.8+/-0.4)e+07,(3.0+/-0.5)e+07,(3.3+/-0.5)e+07,(3.5+/-0.5)e+07,(3.7+/-0.5)e+07,(3.9+/-0.6)e+07,(4.1+/-0.6)e+07,(4.3+/-0.6)e+07,(4.5+/-0.6)e+07,(4.7+/-0.7)e+07,(4.9+/-0.7)e+07,(5.2+/-0.7)e+07,(5.4+/-0.7)e+07,(5.6+/-0.8)e+07,(5.8+/-0.8)e+07,(6.0+/-0.8)e+07,(6.2+/-0.8)e+07,(6.4+/-0.9)e+07,(6.6+/-0.9)e+07,(6.8+/-0.9)e+07,(7.0+/-1.0)e+07,(7.3+/-1.0)e+07,(7.5+/-1.0)e+07,(7.7+/-1.0)e+07,(7.9+/-1.1)e+07,(8.1+/-1.1)e+07,(8.3+/-1.1)e+07,(8.5+/-1.2)e+07,(8.7+/-1.2)e+07,(8.9+/-1.2)e+07,(9.1+/-1.2)e+07,(9.4+/-1.3)e+07,(9.6+/-1.3)e+07,(9.8+/-1.3)e+07,(1.00+/-0.14)e+08,(1.02+/-0.14)e+08,(1.04+/-0.14)e+08,(1.06+/-0.15)e+08,(1.08+/-0.15)e+08,(1.10+/-0.15)e+08,(1.13+/-0.15)e+08,(1.15+/-0.16)e+08
Norway,318935,761976,0,(3.5+/-0.5)e+05,(7.2+/-1.1)e+05,(1.10+/-0.17)e+06,(1.53+/-0.25)e+06,(2.01+/-0.35)e+06,(2.7+/-0.5)e+06,(3.1+/-0.6)e+06,(3.6+/-0.7)e+06,(3.9+/-0.8)e+06,(4.3+/-0.8)e+06,(4.7+/-0.9)e+06,(5.0+/-0.9)e+06,(5.3+/-0.9)e+06,(5.6+/-1.0)e+06,(5.9+/-1.0)e+06,(6.1+/-1.0)e+06,(6.4+/-1.0)e+06,(6.7+/-1.1)e+06,(7.0+/-1.1)e+06,(7.3+/-1.1)e+06,(7.6+/-1.2)e+06,(7.9+/-1.2)e+06,(8.2+/-1.2)e+06,(8.5+/-1.3)e+06,(8.8+/-1.3)e+06,(9.1+/-1.3)e+06,(9.4+/-1.4)e+06,(9.7+/-1.4)e+06,(1.00+/-0.15)e+07,(1.03+/-0.15)e+07,(1.06+/-0.15)e+07,(1.09+/-0.16)e+07,(1.12+/-0.16)e+07,(1.15+/-0.17)e+07,(1.18+/-0.17)e+07,(1.21+/-0.17)e+07,(1.24+/-0.18)e+07,(1.27+/-0.18)e+07,(1.30+/-0.19)e+07,(1.33+/-0.19)e+07,(1.36+/-0.19)e+07,(1.39+/-0.20)e+07,(1.42+/-0.20)e+07,(1.44+/-0.21)e+07,(1.47+/-0.21)e+07,(1.50+/-0.21)e+07,(1.53+/-0.22)e+07,(1.56+/-0.22)e+07,(1.59+/-0.23)e+07,(1.62+/-0.23)e+07,(1.65+/-0.23)e+07,(1.68+/-0.24)e+07
Nepal,982289,2539799,0,(3.4+/-1.8)e+03,(8+/-4)e+03,(1.3+/-0.7)e+04,(2.7+/-1.1)e+04,(3.8+/-1.7)e+04,(6.0+/-2.8)e+04,(7.2+/-3.4)e+04,(8+/-4)e+04,(8+/-4)e+04,(9+/-4)e+04,(9+/-4)e+04,(9+/-4)e+04,(9+/-4)e+04,(9+/-4)e+04,(9+/-4)e+04,(9+/-4)e+04,(9+/-4)e+04,(9+/-4)e+04,(9+/-4)e+04,(9+/-4)e+04,(9+/-4)e+04,(9+/-4)e+04,(9+/-4)e+04,(9+/-4)e+04,(9+/-4)e+04,(9+/-4)e+04,(9+/-4)e+04,(9+/-4)e+04,(9+/-4)e+04,(9+/-4)e+04,(9+/-4)e+04,(9+/-4)e+04,(9+/-4)e+04,(9+/-4)e+04,(9+/-4)e+04,(9+/-4)e+04,(9+/-4)e+04,(9+/-4)e+04,(9+/-4)e+04,(9+/-4)e+04,(9+/-4)e+04,(9+/-4)e+04,(9+/-4)e+04,(9+/-4)e+04,(9+/-4)e+04,(9+/-4)e+04,(9+/-4)e+04,(9+/-4)e+04,(9+/-4)e+04,(9+/-4)e+04,(9+/-4)e+04,(9+/-4)e+04
Nauru,1431,2230,0,0.0+/-0,0.0+/-0,0.0+/-0,(6.6+/-2.3)e+03,(6.6+/-2.3)e+03,(6.6+/-2.3)e+03,(6.6+/-2.3)e+03,(6.6+/-2.3)e+03,(6.6+/-2.3)e+03,(6.6+/-2.3)e+03,(6.6+/-2.3)e+03,(6.6+/-2.3)e+03,(6.6+/-2.3)e+03,(6.6+/-2.3)e+03,(6.6+/-2.3)e+03,(6.6+/-2.3)e+03,(6.6+/-2.3)e+03,(6.6+/-2.3)e+03,(6.6+/-2.3)e+03,(6.6+/-2.3)e+03,(6.6+/-2.3)e+03,(6.6+/-2.3)e+03,(6.6+/-2.3)e+03,(6.6+/-2.3)e+03,(6.6+/-2.3)e+03,(6.6+/-2.3)e+03,(6.6+/-2.3)e+03,(6.6+/-2.3)e+03,(6.6+/-2.3)e+03,(6.6+/-2.3)e+03,(6.6+/-2.3)e+03,(6.6+/-2.3)e+03,(6.6+/-2.3)e+03,(6.6+/-2.3)e+03,(6.6+/-2.3)e+03,(6.6+/-2.3)e+03,(6.6+/-2.3)e+03,(6.6+/-2.3)e+03,(6.6+/-2.3)e+03,(6.6+/-2.3)e+03,(6.6+/-2.3)e+03,(6.6+/-2.3)e+03,(6.6+/-2.3)e+03,(6.6+/-2.3)e+03,(6.6+/-2.3)e+03,(6.6+/-2.3)e+03,(6.6+/-2.3)e+03,(6.6+/-2.3)e+03,(6.6+/-2.3)e+03,(6.6+/-2.3)e+03,(6.6+/-2.3)e+03,(6.6+/-2.3)e+03
New Zealand,229166,547165,0,(4.5+/-2.4)e+04,(1.0+/-0.5)e+05,(1.7+/-0.9)e+05,(5.3+/-1.7)e+05,(9.8+/-2.4)e+05,(1.6+/-0.4)e+06,(2.0+/-0.5)e+06,(2.4+/-0.5)e+06,(2.8+/-0.6)e+06,(3.2+/-0.6)e+06,(3.5+/-0.7)e+06,(3.8+/-0.7)e+06,(4.1+/-0.7)e+06,(4.4+/-0.7)e+06,(4.7+/-0.8)e+06,(5.1+/-0.8)e+06,(5.4+/-0.8)e+06,(5.7+/-0.9)e+06,(6.0+/-0.9)e+06,(6.3+/-0.9)e+06,(6.6+/-1.0)e+06,(6.9+/-1.0)e+06,(7.2+/-1.0)e+06,(7.5+/-1.1)e+06,(7.8+/-1.1)e+06,(8.1+/-1.2)e+06,(8.4+/-1.2)e+06,(8.7+/-1.2)e+06,(9.0+/-1.3)e+06,(9.3+/-1.3)e+06,(9.6+/-1.4)e+06,(9.9+/-1.4)e+06,(1.02+/-0.14)e+07,(1.06+/-0.15)e+07,(1.09+/-0.15)e+07,(1.12+/-0.16)e+07,(1.15+/-0.16)e+07,(1.18+/-0.16)e+07,(1.21+/-0.17)e+07,(1.24+/-0.17)e+07,(1.27+/-0.18)e+07,(1.30+/-0.18)e+07,(1.33+/-0.19)e+07,(1.36+/-0.19)e+07,(1.39+/-0.19)e+07,(1.42+/-0.20)e+07,(1.45+/-0.20)e+07,(1.48+/-0.21)e+07,(1.51+/-0.21)e+07,(1.54+/-0.22)e+07,(1.57+/-0.22)e+07,(1.60+/-0.22)e+07
Oman,211882,578457,0,(6.9+/-1.2)e+04,(1.43+/-0.27)e+05,(2.2+/-0.4)e+05,(3.2+/-0.7)e+05,(4.3+/-1.0)e+05,(6.1+/-1.7)e+05,(7.2+/-2.0)e+05,(8.2+/-2.2)e+05,(8.9+/-2.4)e+05,(9.7+/-2.5)e+05,(1.04+/-0.27)e+06,(1.09+/-0.27)e+06,(1.14+/-0.27)e+06,(1.19+/-0.27)e+06,(1.24+/-0.28)e+06,(1.29+/-0.28)e+06,(1.33+/-0.28)e+06,(1.38+/-0.29)e+06,(1.43+/-0.29)e+06,(1.48+/-0.29)e+06,(1.53+/-0.30)e+06,(1.58+/-0.30)e+06,(1.63+/-0.30)e+06,(1.68+/-0.31)e+06,(1.73+/-0.31)e+06,(1.78+/-0.32)e+06,(1.83+/-0.32)e+06,(1.88+/-0.33)e+06,(1.93+/-0.33)e+06,(1.98+/-0.34)e+06,(2.03+/-0.34)e+06,(2.08+/-0.34)e+06,(2.13+/-0.35)e+06,(2.18+/-0.35)e+06,(2.2+/-0.4)e+06,(2.3+/-0.4)e+06,(2.3+/-0.4)e+06,(2.4+/-0.4)e+06,(2.4+/-0.4)e+06,(2.5+/-0.4)e+06,(2.5+/-0.4)e+06,(2.6+/-0.4)e+06,(2.6+/-0.4)e+06,(2.7+/-0.4)e+06,(2.7+/-0.4)e+06,(2.8+/-0.4)e+06,(2.8+/-0.4)e+06,(2.9+/-0.4)e+06,(2.9+/-0.4)e+06,(3.0+/-0.4)e+06,(3.0+/-0.5)e+06,(3.1+/-0.5)e+06
Pakistan,16816099,29573944,0,(8+/-4)e+04,(1.7+/-0.9)e+05,(2.9+/-1.5)e+05,(3.3+/-1.1)e+06,(4.1+/-1.1)e+06,(5.2+/-1.2)e+06,(6.1+/-1.3)e+06,(6.8+/-1.4)e+06,(7.5+/-1.5)e+06,(8.2+/-1.5)e+06,(8.9+/-1.6)e+06,(9.5+/-1.6)e+06,(1.01+/-0.17)e+07,(1.07+/-0.17)e+07,(1.13+/-0.17)e+07,(1.19+/-0.18)e+07,(1.25+/-0.18)e+07,(1.31+/-0.19)e+07,(1.37+/-0.20)e+07,(1.43+/-0.20)e+07,(1.49+/-0.21)e+07,(1.55+/-0.22)e+07,(1.61+/-0.22)e+07,(1.67+/-0.23)e+07,(1.73+/-0.24)e+07,(1.79+/-0.24)e+07,(1.85+/-0.25)e+07,(1.91+/-0.26)e+07,(1.97+/-0.26)e+07,(2.03+/-0.27)e+07,(2.09+/-0.28)e+07,(2.15+/-0.29)e+07,(2.21+/-0.29)e+07,(2.27+/-0.30)e+07,(2.33+/-0.31)e+07,(2.39+/-0.32)e+07,(2.45+/-0.33)e+07,(2.51+/-0.33)e+07,(2.57+/-0.34)e+07,(2.63+/-0.35)e+07,(2.7+/-0.4)e+07,(2.8+/-0.4)e+07,(2.8+/-0.4)e+07,(2.9+/-0.4)e+07,(2.9+/-0.4)e+07,(3.0+/-0.4)e+07,(3.1+/-0.4)e+07,(3.1+/-0.4)e+07,(3.2+/-0.4)e+07,(3.2+/-0.4)e+07,(3.3+/-0.4)e+07,(3.4+/-0.4)e+07
Panama,279352,521855,0,(8+/-4)e+03,(1.8+/-0.9)e+04,(2.9+/-1.5)e+04,(5.4+/-2.5)e+04,(8+/-4)e+04,(1.3+/-0.6)e+05,(2.0+/-0.8)e+05,(2.7+/-0.9)e+05,(3.3+/-1.0)e+05,(3.8+/-1.0)e+05,(4.4+/-1.1)e+05,(4.9+/-1.1)e+05,(5.3+/-1.1)e+05,(5.8+/-1.2)e+05,(6.3+/-1.2)e+05,(6.8+/-1.2)e+05,(7.2+/-1.3)e+05,(7.7+/-1.3)e+05,(8.2+/-1.4)e+05,(8.6+/-1.4)e+05,(9.1+/-1.5)e+05,(9.6+/-1.5)e+05,(1.01+/-0.16)e+06,(1.05+/-0.16)e+06,(1.10+/-0.17)e+06,(1.15+/-0.17)e+06,(1.20+/-0.18)e+06,(1.24+/-0.18)e+06,(1.29+/-0.19)e+06,(1.34+/-0.20)e+06,(1.38+/-0.20)e+06,(1.43+/-0.21)e+06,(1.48+/-0.21)e+06,(1.53+/-0.22)e+06,(1.57+/-0.23)e+06,(1.62+/-0.23)e+06,(1.67+/-0.24)e+06,(1.72+/-0.25)e+06,(1.76+/-0.25)e+06,(1.81+/-0.26)e+06,(1.86+/-0.26)e+06,(1.91+/-0.27)e+06,(1.95+/-0.28)e+06,(2.00+/-0.28)e+06,(2.05+/-0.29)e+06,(2.09+/-0.30)e+06,(2.14+/-0.30)e+06,(2.19+/-0.31)e+06,(2.24+/-0.32)e+06,(2.28+/-0.32)e+06,(2.33+/-0.33)e+06,(2.38+/-0.34)e+06
Peru,2546842,5925930,0,(6.1+/-3.2)e+04,(1.4+/-0.7)e+05,(2.3+/-1.2)e+05,(3.7+/-1.9)e+05,(5.7+/-3.0)e+05,(1.4+/-0.5)e+06,(2.0+/-0.6)e+06,(2.6+/-0.7)e+06,(3.1+/-0.8)e+06,(3.6+/-0.8)e+06,(4.0+/-0.9)e+06,(4.5+/-0.9)e+06,(4.9+/-0.9)e+06,(5.3+/-1.0)e+06,(5.7+/-1.0)e+06,(6.1+/-1.0)e+06,(6.6+/-1.1)e+06,(7.0+/-1.1)e+06,(7.4+/-1.2)e+06,(7.8+/-1.2)e+06,(8.2+/-1.3)e+06,(8.6+/-1.3)e+06,(9.1+/-1.4)e+06,(9.5+/-1.4)e+06,(9.9+/-1.5)e+06,(1.03+/-0.15)e+07,(1.07+/-0.16)e+07,(1.12+/-0.16)e+07,(1.16+/-0.17)e+07,(1.20+/-0.17)e+07,(1.24+/-0.18)e+07,(1.28+/-0.18)e+07,(1.33+/-0.19)e+07,(1.37+/-0.20)e+07,(1.41+/-0.20)e+07,(1.45+/-0.21)e+07,(1.49+/-0.21)e+07,(1.53+/-0.22)e+07,(1.58+/-0.22)e+07,(1.62+/-0.23)e+07,(1.66+/-0.24)e+07,(1.70+/-0.24)e+07,(1.74+/-0.25)e+07,(1.79+/-0.25)e+07,(1.83+/-0.26)e+07,(1.87+/-0.27)e+07,(1.91+/-0.27)e+07,(1.95+/-0.28)e+07,(2.00+/-0.28)e+07,(2.04+/-0.29)e+07,(2.08+/-0.29)e+07,(2.12+/-0.30)e+07
Philippines,6474023,15101704,0,(1.3+/-0.7)e+05,(2.9+/-1.5)e+05,(4.8+/-2.5)e+05,(5.0+/-1.6)e+06,(6.4+/-1.7)e+06,(8.1+/-1.9)e+06,(9.5+/-2.1)e+06,(1.07+/-0.22)e+07,(1.18+/-0.23)e+07,(1.29+/-0.24)e+07,(1.40+/-0.25)e+07,(1.49+/-0.26)e+07,(1.58+/-0.26)e+07,(1.67+/-0.27)e+07,(1.77+/-0.28)e+07,(1.86+/-0.28)e+07,(1.95+/-0.29)e+07,(2.04+/-0.30)e+07,(2.14+/-0.31)e+07,(2.23+/-0.32)e+07,(2.32+/-0.33)e+07,(2.41+/-0.34)e+07,(2.51+/-0.35)e+07,(2.6+/-0.4)e+07,(2.7+/-0.4)e+07,(2.8+/-0.4)e+07,(2.9+/-0.4)e+07,(3.0+/-0.4)e+07,(3.1+/-0.4)e+07,(3.2+/-0.4)e+07,(3.2+/-0.4)e+07,(3.3+/-0.4)e+07,(3.4+/-0.5)e+07,(3.5+/-0.5)e+07,(3.6+/-0.5)e+07,(3.7+/-0.5)e+07,(3.8+/-0.5)e+07,(3.9+/-0.5)e+07,(4.0+/-0.5)e+07,(4.1+/-0.5)e+07,(4.2+/-0.6)e+07,(4.3+/-0.6)e+07,(4.4+/-0.6)e+07,(4.5+/-0.6)e+07,(4.5+/-0.6)e+07,(4.6+/-0.6)e+07,(4.7+/-0.6)e+07,(4.8+/-0.6)e+07,(4.9+/-0.7)e+07,(5.0+/-0.7)e+07,(5.1+/-0.7)e+07,(5.2+/-0.7)e+07
Palau,666,1637,0,0.0+/-0,0.0+/-0,0.0+/-0,(6.6+/-2.3)e+03,(6.6+/-2.3)e+03,(6.6+/-2.3)e+03,(6.6+/-2.3)e+03,(6.6+/-2.3)e+03,(6.6+/-2.3)e+03,(6.6+/-2.3)e+03,(6.6+/-2.3)e+03,(6.6+/-2.3)e+03,(6.6+/-2.3)e+03,(6.6+/-2.3)e+03,(6.6+/-2.3)e+03,(6.6+/-2.3)e+03,(6.6+/-2.3)e+03,(6.6+/-2.3)e+03,(6.6+/-2.3)e+03,(6.6+/-2.3)e+03,(6.6+/-2.3)e+03,(6.6+/-2.3)e+03,(6.6+/-2.3)e+03,(6.6+/-2.3)e+03,(6.6+/-2.3)e+03,(6.6+/-2.3)e+03,(6.6+/-2.3)e+03,(6.6+/-2.3)e+03,(6.6+/-2.3)e+03,(6.6+/-2.3)e+03,(6.6+/-2.3)e+03,(6.6+/-2.3)e+03,(6.6+/-2.3)e+03,(6.6+/-2.3)e+03,(6.6+/-2.3)e+03,(6.6+/-2.3)e+03,(6.6+/-2.3)e+03,(6.6+/-2.3)e+03,(6.6+/-2.3)e+03,(6.6+/-2.3)e+03,(6.6+/-2.3)e+03,(6.6+/-2.3)e+03,(6.6+/-2.3)e+03,(6.6+/-2.3)e+03,(6.6+/-2.3)e+03,(6.6+/-2.3)e+03,(6.6+/-2.3)e+03,(6.6+/-2.3)e+03,(6.6+/-2.3)e+03,(6.6+/-2.3)e+03,(6.6+/-2.3)e+03,(6.6+/-2.3)e+03
Papua New Guinea,566993,1196529,0,0.0+/-0,0.0+/-0,0.0+/-0,(6.6+/-2.3)e+03,(6.6+/-2.3)e+03,(6.6+/-2.3)e+03,(6.6+/-2.3)e+03,(6.6+/-2.3)e+03,(6.6+/-2.3)e+03,(6.6+/-2.3)e+03,(6.6+/-2.3)e+03,(6.6+/-2.3)e+03,(6.6+/-2.3)e+03,(6.6+/-2.3)e+03,(6.6+/-2.3)e+03,(6.6+/-2.3)e+03,(6.6+/-2.3)e+03,(6.6+/-2.3)e+03,(6.6+/-2.3)e+03,(6.6+/-2.3)e+03,(6.6+/-2.3)e+03,(6.6+/-2.3)e+03,(6.6+/-2.3)e+03,(6.6+/-2.3)e+03,(6.6+/-2.3)e+03,(6.6+/-2.3)e+03,(6.6+/-2.3)e+03,(6.6+/-2.3)e+03,(6.6+/-2.3)e+03,(6.6+/-2.3)e+03,(6.6+/-2.3)e+03,(6.6+/-2.3)e+03,(6.6+/-2.3)e+03,(6.6+/-2.3)e+03,(6.6+/-2.3)e+03,(6.6+/-2.3)e+03,(6.6+/-2.3)e+03,(6.6+/-2.3)e+03,(6.6+/-2.3)e+03,(6.6+/-2.3)e+03,(6.6+/-2.3)e+03,(6.6+/-2.3)e+03,(6.6+/-2.3)e+03,(6.6+/-2.3)e+03,(6.6+/-2.3)e+03,(6.6+/-2.3)e+03,(6.6+/-2.3)e+03,(6.6+/-2.3)e+03,(6.6+/-2.3)e+03,(6.6+/-2.3)e+03,(6.6+/-2.3)e+03,(6.6+/-2.3)e+03
Poland,1856392,3919159,0,(2.6+/-1.4)e+05,(5.9+/-3.1)e+05,(1.0+/-0.5)e+06,(1.1+/-0.4)e+07,(1.4+/-0.4)e+07,(1.7+/-0.4)e+07,(2.0+/-0.4)e+07,(2.2+/-0.5)e+07,(2.4+/-0.5)e+07,(2.6+/-0.5)e+07,(2.9+/-0.5)e+07,(3.0+/-0.5)e+07,(3.2+/-0.5)e+07,(3.4+/-0.6)e+07,(3.6+/-0.6)e+07,(3.8+/-0.6)e+07,(3.9+/-0.6)e+07,(4.1+/-0.6)e+07,(4.3+/-0.6)e+07,(4.5+/-0.6)e+07,(4.7+/-0.7)e+07,(4.8+/-0.7)e+07,(5.0+/-0.7)e+07,(5.2+/-0.7)e+07,(5.4+/-0.7)e+07,(5.6+/-0.8)e+07,(5.7+/-0.8)e+07,(5.9+/-0.8)e+07,(6.1+/-0.8)e+07,(6.3+/-0.8)e+07,(6.5+/-0.9)e+07,(6.7+/-0.9)e+07,(6.8+/-0.9)e+07,(7.0+/-0.9)e+07,(7.2+/-0.9)e+07,(7.4+/-1.0)e+07,(7.6+/-1.0)e+07,(7.7+/-1.0)e+07,(7.9+/-1.0)e+07,(8.1+/-1.1)e+07,(8.3+/-1.1)e+07,(8.5+/-1.1)e+07,(8.6+/-1.1)e+07,(8.8+/-1.1)e+07,(9.0+/-1.2)e+07,(9.2+/-1.2)e+07,(9.4+/-1.2)e+07,(9.5+/-1.2)e+07,(9.7+/-1.3)e+07,(9.9+/-1.3)e+07,(1.01+/-0.13)e+08,(1.03+/-0.13)e+08
Puerto Rico,112125,265214,0,0.0+/-0,0.0+/-0,0.0+/-0,(6.6+/-2.3)e+03,(6.6+/-2.3)e+03,(6.6+/-2.3)e+03,(6.6+/-2.3)e+03,(6.6+/-2.3)e+03,(6.6+/-2.3)e+03,(6.6+/-2.3)e+03,(6.6+/-2.3)e+03,(6.6+/-2.3)e+03,(6.6+/-2.3)e+03,(6.6+/-2.3)e+03,(6.6+/-2.3)e+03,(6.6+/-2.3)e+03,(6.6+/-2.3)e+03,(6.6+/-2.3)e+03,(6.6+/-2.3)e+03,(6.6+/-2.3)e+03,(6.6+/-2.3)e+03,(6.6+/-2.3)e+03,(6.6+/-2.3)e+03,(6.6+/-2.3)e+03,(6.6+/-2.3)e+03,(6.6+/-2.3)e+03,(6.6+/-2.3)e+03,(6.6+/-2.3)e+03,(6.6+/-2.3)e+03,(6.6+/-2.3)e+03,(6.6+/-2.3)e+03,(6.6+/-2.3)e+03,(6.6+/-2.3)e+03,(6.6+/-2.3)e+03,(6.6+/-2.3)e+03,(6.6+/-2.3)e+03,(6.6+/-2.3)e+03,(6.6+/-2.3)e+03,(6.6+/-2.3)e+03,(6.6+/-2.3)e+03,(6.6+/-2.3)e+03,(6.6+/-2.3)e+03,(6.6+/-2.3)e+03,(6.6+/-2.3)e+03,(6.6+/-2.3)e+03,(6.6+/-2.3)e+03,(6.6+/-2.3)e+03,(6.6+/-2.3)e+03,(6.6+/-2.3)e+03,(6.6+/-2.3)e+03,(6.6+/-2.3)e+03,(6.6+/-2.3)e+03
North Korea,2951958,5520863,0,0.0+/-0,0.0+/-0,0.0+/-0,(1.1+/-0.4)e+06,(1.1+/-0.4)e+06,(1.1+/-0.4)e+06,(1.1+/-0.4)e+06,(1.1+/-0.4)e+06,(1.1+/-0.4)e+06,(1.1+/-0.4)e+06,(1.1+/-0.4)e+06,(1.1+/-0.4)e+06,(1.1+/-0.4)e+06,(1.1+/-0.4)e+06,(1.1+/-0.4)e+06,(1.1+/-0.4)e+06,(1.1+/-0.4)e+06,(1.1+/-0.4)e+06,(1.1+/-0.4)e+06,(1.1+/-0.4)e+06,(1.1+/-0.4)e+06,(1.1+/-0.4)e+06,(1.1+/-0.4)e+06,(1.1+/-0.4)e+06,(1.1+/-0.4)e+06,(1.1+/-0.4)e+06,(1.1+/-0.4)e+06,(1.1+/-0.4)e+06,(1.1+/-0.4)e+06,(1.1+/-0.4)e+06,(1.1+/-0.4)e+06,(1.1+/-0.4)e+06,(1.1+/-0.4)e+06,(1.1+/-0.4)e+06,(1.1+/-0.4)e+06,(1.1+/-0.4)e+06,(1.1+/-0.4)e+06,(1.1+/-0.4)e+06,(1.1+/-0.4)e+06,(1.1+/-0.4)e+06,(1.1+/-0.4)e+06,(1.1+/-0.4)e+06,(1.1+/-0.4)e+06,(1.1+/-0.4)e+06,(1.1+/-0.4)e+06,(1.1+/-0.4)e+06,(1.1+/-0.4)e+06,(1.1+/-0.4)e+06,(1.1+/-0.4)e+06,(1.1+/-0.4)e+06,(1.1+/-0.4)e+06,(1.1+/-0.4)e+06
Portugal,491667,1243503,0,(6.7+/-3.5)e+04,(1.5+/-0.8)e+05,(2.5+/-1.3)e+05,(9.1+/-2.2)e+05,(1.62+/-0.35)e+06,(2.6+/-0.6)e+06,(3.3+/-0.7)e+06,(3.9+/-0.8)e+06,(4.5+/-0.9)e+06,(5.1+/-1.0)e+06,(5.7+/-1.1)e+06,(6.2+/-1.1)e+06,(6.7+/-1.1)e+06,(7.2+/-1.2)e+06,(7.7+/-1.2)e+06,(8.2+/-1.3)e+06,(8.7+/-1.4)e+06,(9.2+/-1.4)e+06,(9.7+/-1.5)e+06,(1.02+/-0.15)e+07,(1.07+/-0.16)e+07,(1.12+/-0.16)e+07,(1.17+/-0.17)e+07,(1.22+/-0.18)e+07,(1.27+/-0.18)e+07,(1.32+/-0.19)e+07,(1.37+/-0.20)e+07,(1.42+/-0.20)e+07,(1.47+/-0.21)e+07,(1.52+/-0.22)e+07,(1.57+/-0.22)e+07,(1.62+/-0.23)e+07,(1.67+/-0.24)e+07,(1.72+/-0.24)e+07,(1.77+/-0.25)e+07,(1.82+/-0.26)e+07,(1.87+/-0.27)e+07,(1.92+/-0.27)e+07,(1.97+/-0.28)e+07,(2.02+/-0.29)e+07,(2.07+/-0.29)e+07,(2.12+/-0.30)e+07,(2.17+/-0.31)e+07,(2.22+/-0.31)e+07,(2.27+/-0.32)e+07,(2.32+/-0.33)e+07,(2.37+/-0.34)e+07,(2.42+/-0.34)e+07,(2.47+/-0.35)e+07,(2.5+/-0.4)e+07,(2.6+/-0.4)e+07,(2.6+/-0.4)e+07
Paraguay,469593,1101381,0,(1.5+/-0.8)e+04,(3.4+/-1.8)e+04,(5.6+/-2.9)e+04,(1.0+/-0.5)e+05,(1.4+/-0.7)e+05,(2.4+/-1.2)e+05,(2.9+/-1.5)e+05,(4.1+/-1.7)e+05,(5.2+/-1.8)e+05,(6.2+/-1.9)e+05,(7.3+/-2.0)e+05,(8.1+/-2.1)e+05,(9.0+/-2.1)e+05,(9.9+/-2.2)e+05,(1.07+/-0.22)e+06,(1.16+/-0.23)e+06,(1.25+/-0.23)e+06,(1.33+/-0.24)e+06,(1.42+/-0.25)e+06,(1.50+/-0.26)e+06,(1.59+/-0.26)e+06,(1.68+/-0.27)e+06,(1.76+/-0.28)e+06,(1.85+/-0.29)e+06,(1.94+/-0.30)e+06,(2.02+/-0.31)e+06,(2.11+/-0.32)e+06,(2.20+/-0.33)e+06,(2.28+/-0.34)e+06,(2.37+/-0.35)e+06,(2.5+/-0.4)e+06,(2.5+/-0.4)e+06,(2.6+/-0.4)e+06,(2.7+/-0.4)e+06,(2.8+/-0.4)e+06,(2.9+/-0.4)e+06,(3.0+/-0.4)e+06,(3.1+/-0.4)e+06,(3.1+/-0.5)e+06,(3.2+/-0.5)e+06,(3.3+/-0.5)e+06,(3.4+/-0.5)e+06,(3.5+/-0.5)e+06,(3.6+/-0.5)e+06,(3.7+/-0.5)e+06,(3.8+/-0.5)e+06,(3.8+/-0.5)e+06,(3.9+/-0.6)e+06,(4.0+/-0.6)e+06,(4.1+/-0.6)e+06,(4.2+/-0.6)e+06,(4.3+/-0.6)e+06
Palestine,63898,181828,0,(4.1+/-2.2)e+03,(9+/-5)e+03,(1.5+/-0.8)e+04,(3.1+/-1.3)e+04,(4.5+/-2.0)e+04,(7.1+/-3.4)e+04,(8+/-4)e+04,(9+/-5)e+04,(1.0+/-0.5)e+05,(1.1+/-0.5)e+05,(1.1+/-0.5)e+05,(1.1+/-0.5)e+05,(1.1+/-0.5)e+05,(1.1+/-0.5)e+05,(1.1+/-0.5)e+05,(1.1+/-0.5)e+05,(1.1+/-0.5)e+05,(1.1+/-0.5)e+05,(1.1+/-0.5)e+05,(1.1+/-0.5)e+05,(1.1+/-0.5)e+05,(1.1+/-0.5)e+05,(1.1+/-0.5)e+05,(1.1+/-0.5)e+05,(1.1+/-0.5)e+05,(1.1+/-0.5)e+05,(1.1+/-0.5)e+05,(1.1+/-0.5)e+05,(1.1+/-0.5)e+05,(1.1+/-0.5)e+05,(1.1+/-0.5)e+05,(1.1+/-0.5)e+05,(1.1+/-0.5)e+05,(1.1+/-0.5)e+05,(1.1+/-0.5)e+05,(1.1+/-0.5)e+05,(1.1+/-0.5)e+05,(1.1+/-0.5)e+05,(1.1+/-0.5)e+05,(1.1+/-0.5)e+05,(1.1+/-0.5)e+05,(1.1+/-0.5)e+05,(1.1+/-0.5)e+05,(1.1+/-0.5)e+05,(1.1+/-0.5)e+05,(1.1+/-0.5)e+05,(1.1+/-0.5)e+05,(1.1+/-0.5)e+05,(1.1+/-0.5)e+05,(1.1+/-0.5)e+05,(1.1+/-0.5)e+05,(1.1+/-0.5)e+05
French Polynesia,11810,25346,0,0.0+/-0,0.0+/-0,0.0+/-0,(6.6+/-2.3)e+03,(6.6+/-2.3)e+03,(6.6+/-2.3)e+03,(6.6+/-2.3)e+03,(6.6+/-2.3)e+03,(6.6+/-2.3)e+03,(6.6+/-2.3)e+03,(6.6+/-2.3)e+03,(6.6+/-2.3)e+03,(6.6+/-2.3)e+03,(6.6+/-2.3)e+03,(6.6+/-2.3)e+03,(6.6+/-2.3)e+03,(6.6+/-2.3)e+03,(6.6+/-2.3)e+03,(6.6+/-2.3)e+03,(6.6+/-2.3)e+03,(6.6+/-2.3)e+03,(6.6+/-2.3)e+03,(6.6+/-2.3)e+03,(6.6+/-2.3)e+03,(6.6+/-2.3)e+03,(6.6+/-2.3)e+03,(6.6+/-2.3)e+03,(6.6+/-2.3)e+03,(6.6+/-2.3)e+03,(6.6+/-2.3)e+03,(6.6+/-2.3)e+03,(6.6+/-2.3)e+03,(6.6+/-2.3)e+03,(6.6+/-2.3)e+03,(6.6+/-2.3)e+03,(6.6+/-2.3)e+03,(6.6+/-2.3)e+03,(6.6+/-2.3)e+03,(6.6+/-2.3)e+03,(6.6+/-2.3)e+03,(6.6+/-2.3)e+03,(6.6+/-2.3)e+03,(6.6+/-2.3)e+03,(6.6+/-2.3)e+03,(6.6+/-2.3)e+03,(6.6+/-2.3)e+03,(6.6+/-2.3)e+03,(6.6+/-2.3)e+03,(6.6+/-2.3)e+03,(6.6+/-2.3)e+03,(6.6+/-2.3)e+03,(6.6+/-2.3)e+03
Qatar,166366,454196,0,(3.6+/-1.9)e+04,(8+/-4)e+04,(1.4+/-0.7)e+05,(2.2+/-1.1)e+05,(5.9+/-1.8)e+05,(1.07+/-0.31)e+06,(1.4+/-0.4)e+06,(1.8+/-0.4)e+06,(2.1+/-0.5)e+06,(2.4+/-0.5)e+06,(2.6+/-0.5)e+06,(2.9+/-0.6)e+06,(3.1+/-0.6)e+06,(3.4+/-0.6)e+06,(3.6+/-0.6)e+06,(3.9+/-0.6)e+06,(4.1+/-0.7)e+06,(4.4+/-0.7)e+06,(4.6+/-0.7)e+06,(4.9+/-0.8)e+06,(5.1+/-0.8)e+06,(5.3+/-0.8)e+06,(5.6+/-0.8)e+06,(5.8+/-0.9)e+06,(6.1+/-0.9)e+06,(6.3+/-0.9)e+06,(6.6+/-1.0)e+06,(6.8+/-1.0)e+06,(7.1+/-1.0)e+06,(7.3+/-1.1)e+06,(7.6+/-1.1)e+06,(7.8+/-1.1)e+06,(8.1+/-1.2)e+06,(8.3+/-1.2)e+06,(8.6+/-1.2)e+06,(8.8+/-1.3)e+06,(9.0+/-1.3)e+06,(9.3+/-1.3)e+06,(9.5+/-1.4)e+06,(9.8+/-1.4)e+06,(1.00+/-0.14)e+07,(1.03+/-0.15)e+07,(1.05+/-0.15)e+07,(1.08+/-0.15)e+07,(1.10+/-0.16)e+07,(1.13+/-0.16)e+07,(1.15+/-0.16)e+07,(1.18+/-0.17)e+07,(1.20+/-0.17)e+07,(1.22+/-0.17)e+07,(1.25+/-0.18)e+07,(1.27+/-0.18)e+07
Romania,1134427,2315379,0,(8+/-4)e+04,(1.8+/-1.0)e+05,(3.0+/-1.6)e+05,(1.2+/-0.4)e+06,(1.5+/-0.5)e+06,(2.6+/-0.7)e+06,(3.4+/-0.9)e+06,(4.1+/-1.0)e+06,(4.8+/-1.1)e+06,(5.4+/-1.1)e+06,(6.0+/-1.2)e+06,(6.6+/-1.2)e+06,(7.1+/-1.3)e+06,(7.6+/-1.3)e+06,(8.2+/-1.4)e+06,(8.7+/-1.4)e+06,(9.2+/-1.5)e+06,(9.8+/-1.5)e+06,(1.03+/-0.16)e+07,(1.09+/-0.16)e+07,(1.14+/-0.17)e+07,(1.19+/-0.17)e+07,(1.25+/-0.18)e+07,(1.30+/-0.19)e+07,(1.36+/-0.19)e+07,(1.41+/-0.20)e+07,(1.46+/-0.21)e+07,(1.52+/-0.21)e+07,(1.57+/-0.22)e+07,(1.62+/-0.23)e+07,(1.68+/-0.23)e+07,(1.73+/-0.24)e+07,(1.79+/-0.25)e+07,(1.84+/-0.25)e+07,(1.89+/-0.26)e+07,(1.95+/-0.27)e+07,(2.00+/-0.28)e+07,(2.06+/-0.28)e+07,(2.11+/-0.29)e+07,(2.16+/-0.30)e+07,(2.22+/-0.31)e+07,(2.27+/-0.31)e+07,(2.32+/-0.32)e+07,(2.38+/-0.33)e+07,(2.43+/-0.34)e+07,(2.49+/-0.34)e+07,(2.54+/-0.35)e+07,(2.6+/-0.4)e+07,(2.6+/-0.4)e+07,(2.7+/-0.4)e+07,(2.8+/-0.4)e+07,(2.8+/-0.4)e+07
Russia,9042198,18601420,0,(4.7+/-2.5)e+05,(1.1+/-0.6)e+06,(1.8+/-0.9)e+06,(1.5+/-0.5)e+07,(1.7+/-0.5)e+07,(2.3+/-0.6)e+07,(2.8+/-0.7)e+07,(3.2+/-0.7)e+07,(3.6+/-0.7)e+07,(3.9+/-0.8)e+07,(4.3+/-0.8)e+07,(4.6+/-0.8)e+07,(4.9+/-0.8)e+07,(5.2+/-0.9)e+07,(5.5+/-0.9)e+07,(5.9+/-0.9)e+07,(6.2+/-0.9)e+07,(6.5+/-1.0)e+07,(6.8+/-1.0)e+07,(7.1+/-1.0)e+07,(7.4+/-1.1)e+07,(7.7+/-1.1)e+07,(8.0+/-1.1)e+07,(8.4+/-1.1)e+07,(8.7+/-1.2)e+07,(9.0+/-1.2)e+07,(9.3+/-1.3)e+07,(9.6+/-1.3)e+07,(9.9+/-1.3)e+07,(1.02+/-0.14)e+08,(1.05+/-0.14)e+08,(1.09+/-0.14)e+08,(1.12+/-0.15)e+08,(1.15+/-0.15)e+08,(1.18+/-0.15)e+08,(1.21+/-0.16)e+08,(1.24+/-0.16)e+08,(1.27+/-0.17)e+08,(1.31+/-0.17)e+08,(1.34+/-0.17)e+08,(1.37+/-0.18)e+08,(1.40+/-0.18)e+08,(1.43+/-0.19)e+08,(1.46+/-0.19)e+08,(1.49+/-0.19)e+08,(1.52+/-0.20)e+08,(1.56+/-0.20)e+08,(1.59+/-0.21)e+08,(1.62+/-0.21)e+08,(1.65+/-0.22)e+08,(1.68+/-0.22)e+08,(1.71+/-0.22)e+08
Rwanda,650841,1340328,0,0.0+/-0,0.0+/-0,0.0+/-0,(6.6+/-2.3)e+03,(6.6+/-2.3)e+03,(6.6+/-2.3)e+03,(6.6+/-2.3)e+03,(6.6+/-2.3)e+03,(6.6+/-2.3)e+03,(6.6+/-2.3)e+03,(6.6+/-2.3)e+03,(6.6+/-2.3)e+03,(6.6+/-2.3)e+03,(6.6+/-2.3)e+03,(6.6+/-2.3)e+03,(6.6+/-2.3)e+03,(6.6+/-2.3)e+03,(6.6+/-2.3)e+03,(6.6+/-2.3)e+03,(6.6+/-2.3)e+03,(6.6+/-2.3)e+03,(6.6+/-2.3)e+03,(6.6+/-2.3)e+03,(6.6+/-2.3)e+03,(6.6+/-2.3)e+03,(6.6+/-2.3)e+03,(6.6+/-2.3)e+03,(6.6+/-2.3)e+03,(6.6+/-2.3)e+03,(6.6+/-2.3)e+03,(6.6+/-2.3)e+03,(6.6+/-2.3)e+03,(6.6+/-2.3)e+03,(6.6+/-2.3)e+03,(6.6+/-2.3)e+03,(6.6+/-2.3)e+03,(6.6+/-2.3)e+03,(6.6+/-2.3)e+03,(6.6+/-2.3)e+03,(6.6+/-2.3)e+03,(6.6+/-2.3)e+03,(6.6+/-2.3)e+03,(6.6+/-2.3)e+03,(6.6+/-2.3)e+03,(6.6+/-2.3)e+03,(6.6+/-2.3)e+03,(6.6+/-2.3)e+03,(6.6+/-2.3)e+03,(6.6+/-2.3)e+03,(6.6+/-2.3)e+03,(6.6+/-2.3)e+03,(6.6+/-2.3)e+03
Saudi Arabia,1349768,3684986,0,(3.1+/-1.6)e+05,(7+/-4)e+05,(1.2+/-0.6)e+06,(1.9+/-1.0)e+06,(5.1+/-1.5)e+06,(9.3+/-2.6)e+06,(1.26+/-0.32)e+07,(1.5+/-0.4)e+07,(1.8+/-0.4)e+07,(2.1+/-0.4)e+07,(2.3+/-0.5)e+07,(2.5+/-0.5)e+07,(2.8+/-0.5)e+07,(3.0+/-0.5)e+07,(3.2+/-0.5)e+07,(3.4+/-0.6)e+07,(3.7+/-0.6)e+07,(3.9+/-0.6)e+07,(4.1+/-0.6)e+07,(4.3+/-0.6)e+07,(4.5+/-0.7)e+07,(4.8+/-0.7)e+07,(5.0+/-0.7)e+07,(5.2+/-0.8)e+07,(5.4+/-0.8)e+07,(5.6+/-0.8)e+07,(5.9+/-0.8)e+07,(6.1+/-0.9)e+07,(6.3+/-0.9)e+07,(6.5+/-0.9)e+07,(6.8+/-0.9)e+07,(7.0+/-1.0)e+07,(7.2+/-1.0)e+07,(7.4+/-1.0)e+07,(7.6+/-1.1)e+07,(7.9+/-1.1)e+07,(8.1+/-1.1)e+07,(8.3+/-1.2)e+07,(8.5+/-1.2)e+07,(8.7+/-1.2)e+07,(9.0+/-1.2)e+07,(9.2+/-1.3)e+07,(9.4+/-1.3)e+07,(9.6+/-1.3)e+07,(9.8+/-1.4)e+07,(1.01+/-0.14)e+08,(1.03+/-0.14)e+08,(1.05+/-0.15)e+08,(1.07+/-0.15)e+08,(1.10+/-0.15)e+08,(1.12+/-0.15)e+08,(1.14+/-0.16)e+08
Sudan,1562836,3870678,0,0.0+/-0,0.0+/-0,0.0+/-0,(6.6+/-2.3)e+03,(6.6+/-2.3)e+03,(6.6+/-2.3)e+03,(6.6+/-2.3)e+03,(6.6+/-2.3)e+03,(6.6+/-2.3)e+03,(6.6+/-2.3)e+03,(6.6+/-2.3)e+03,(6.6+/-2.3)e+03,(6.6+/-2.3)e+03,(6.6+/-2.3)e+03,(6.6+/-2.3)e+03,(6.6+/-2.3)e+03,(6.6+/-2.3)e+03,(6.6+/-2.3)e+03,(6.6+/-2.3)e+03,(6.6+/-2.3)e+03,(6.6+/-2.3)e+03,(6.6+/-2.3)e+03,(6.6+/-2.3)e+03,(6.6+/-2.3)e+03,(6.6+/-2.3)e+03,(6.6+/-2.3)e+03,(6.6+/-2.3)e+03,(6.6+/-2.3)e+03,(6.6+/-2.3)e+03,(6.6+/-2.3)e+03,(6.6+/-2.3)e+03,(6.6+/-2.3)e+03,(6.6+/-2.3)e+03,(6.6+/-2.3)e+03,(6.6+/-2.3)e+03,(6.6+/-2.3)e+03,(6.6+/-2.3)e+03,(6.6+/-2.3)e+03,(6.6+/-2.3)e+03,(6.6+/-2.3)e+03,(6.6+/-2.3)e+03,(6.6+/-2.3)e+03,(6.6+/-2.3)e+03,(6.6+/-2.3)e+03,(6.6+/-2.3)e+03,(6.6+/-2.3)e+03,(6.6+/-2.3)e+03,(6.6+/-2.3)e+03,(6.6+/-2.3)e+03,(6.6+/-2.3)e+03,(6.6+/-2.3)e+03,(6.6+/-2.3)e+03
Senegal,618490,1350859,0,0.0+/-0,0.0+/-0,0.0+/-0,(5.8+/-2.2)e+04,(5.8+/-2.2)e+04,(5.8+/-2.2)e+04,(5.8+/-2.2)e+04,(5.8+/-2.2)e+04,(5.8+/-2.2)e+04,(5.8+/-2.2)e+04,(5.8+/-2.2)e+04,(5.8+/-2.2)e+04,(5.8+/-2.2)e+04,(5.8+/-2.2)e+04,(5.8+/-2.2)e+04,(5.8+/-2.2)e+04,(5.8+/-2.2)e+04,(5.8+/-2.2)e+04,(5.8+/-2.2)e+04,(5.8+/-2.2)e+04,(5.8+/-2.2)e+04,(5.8+/-2.2)e+04,(5.8+/-2.2)e+04,(5.8+/-2.2)e+04,(5.8+/-2.2)e+04,(5.8+/-2.2)e+04,(5.8+/-2.2)e+04,(5.8+/-2.2)e+04,(5.8+/-2.2)e+04,(5.8+/-2.2)e+04,(5.8+/-2.2)e+04,(5.8+/-2.2)e+04,(5.8+/-2.2)e+04,(5.8+/-2.2)e+04,(5.8+/-2.2)e+04,(5.8+/-2.2)e+04,(5.8+/-2.2)e+04,(5.8+/-2.2)e+04,(5.8+/-2.2)e+04,(5.8+/-2.2)e+04,(5.8+/-2.2)e+04,(5.8+/-2.2)e+04,(5.8+/-2.2)e+04,(5.8+/-2.2)e+04,(5.8+/-2.2)e+04,(5.8+/-2.2)e+04,(5.8+/-2.2)e+04,(5.8+/-2.2)e+04,(5.8+/-2.2)e+04,(5.8+/-2.2)e+04,(5.8+/-2.2)e+04,(5.8+/-2.2)e+04
Singapore,207996,546483,0,(1.8+/-1.0)e+05,(4.1+/-2.2)e+05,(7+/-4)e+05,(1.1+/-0.6)e+06,(2.9+/-0.9)e+06,(5.3+/-1.5)e+06,(7.1+/-1.9)e+06,(8.7+/-2.1)e+06,(1.02+/-0.23)e+07,(1.16+/-0.25)e+07,(1.30+/-0.27)e+07,(1.42+/-0.28)e+07,(1.54+/-0.29)e+07,(1.66+/-0.29)e+07,(1.78+/-0.31)e+07,(1.90+/-0.32)e+07,(2.02+/-0.33)e+07,(2.14+/-0.34)e+07,(2.26+/-0.35)e+07,(2.4+/-0.4)e+07,(2.5+/-0.4)e+07,(2.6+/-0.4)e+07,(2.7+/-0.4)e+07,(2.9+/-0.4)e+07,(3.0+/-0.4)e+07,(3.1+/-0.4)e+07,(3.2+/-0.5)e+07,(3.3+/-0.5)e+07,(3.5+/-0.5)e+07,(3.6+/-0.5)e+07,(3.7+/-0.5)e+07,(3.8+/-0.5)e+07,(3.9+/-0.6)e+07,(4.1+/-0.6)e+07,(4.2+/-0.6)e+07,(4.3+/-0.6)e+07,(4.4+/-0.6)e+07,(4.5+/-0.6)e+07,(4.7+/-0.6)e+07,(4.8+/-0.7)e+07,(4.9+/-0.7)e+07,(5.0+/-0.7)e+07,(5.1+/-0.7)e+07,(5.3+/-0.7)e+07,(5.4+/-0.7)e+07,(5.5+/-0.8)e+07,(5.6+/-0.8)e+07,(5.7+/-0.8)e+07,(5.9+/-0.8)e+07,(6.0+/-0.8)e+07,(6.1+/-0.8)e+07,(6.2+/-0.9)e+07
Solomon Islands,55747,114717,0,0.0+/-0,0.0+/-0,0.0+/-0,(6.6+/-2.3)e+03,(6.6+/-2.3)e+03,(6.6+/-2.3)e+03,(6.6+/-2.3)e+03,(6.6+/-2.3)e+03,(6.6+/-2.3)e+03,(6.6+/-2.3)e+03,(6.6+/-2.3)e+03,(6.6+/-2.3)e+03,(6.6+/-2.3)e+03,(6.6+/-2.3)e+03,(6.6+/-2.3)e+03,(6.6+/-2.3)e+03,(6.6+/-2.3)e+03,(6.6+/-2.3)e+03,(6.6+/-2.3)e+03,(6.6+/-2.3)e+03,(6.6+/-2.3)e+03,(6.6+/-2.3)e+03,(6.6+/-2.3)e+03,(6.6+/-2.3)e+03,(6.6+/-2.3)e+03,(6.6+/-2.3)e+03,(6.6+/-2.3)e+03,(6.6+/-2.3)e+03,(6.6+/-2.3)e+03,(6.6+/-2.3)e+03,(6.6+/-2.3)e+03,(6.6+/-2.3)e+03,(6.6+/-2.3)e+03,(6.6+/-2.3)e+03,(6.6+/-2.3)e+03,(6.6+/-2.3)e+03,(6.6+/-2.3)e+03,(6.6+/-2.3)e+03,(6.6+/-2.3)e+03,(6.6+/-2.3)e+03,(6.6+/-2.3)e+03,(6.6+/-2.3)e+03,(6.6+/-2.3)e+03,(6.6+/-2.3)e+03,(6.6+/-2.3)e+03,(6.6+/-2.3)e+03,(6.6+/-2.3)e+03,(6.6+/-2.3)e+03,(6.6+/-2.3)e+03,(6.6+/-2.3)e+03,(6.6+/-2.3)e+03,(6.6+/-2.3)e+03
Sierra Leone,407652,893525,0,0.0+/-0,0.0+/-0,0.0+/-0,(6.6+/-2.3)e+03,(6.6+/-2.3)e+03,(6.6+/-2.3)e+03,(6.6+/-2.3)e+03,(6.6+/-2.3)e+03,(6.6+/-2.3)e+03,(6.6+/-2.3)e+03,(6.6+/-2.3)e+03,(6.6+/-2.3)e+03,(6.6+/-2.3)e+03,(6.6+/-2.3)e+03,(6.6+/-2.3)e+03,(6.6+/-2.3)e+03,(6.6+/-2.3)e+03,(6.6+/-2.3)e+03,(6.6+/-2.3)e+03,(6.6+/-2.3)e+03,(6.6+/-2.3)e+03,(6.6+/-2.3)e+03,(6.6+/-2.3)e+03,(6.6+/-2.3)e+03,(6.6+/-2.3)e+03,(6.6+/-2.3)e+03,(6.6+/-2.3)e+03,(6.6+/-2.3)e+03,(6.6+/-2.3)e+03,(6.6+/-2.3)e+03,(6.6+/-2.3)e+03,(6.6+/-2.3)e+03,(6.6+/-2.3)e+03,(6.6+/-2.3)e+03,(6.6+/-2.3)e+03,(6.6+/-2.3)e+03,(6.6+/-2.3)e+03,(6.6+/-2.3)e+03,(6.6+/-2.3)e+03,(6.6+/-2.3)e+03,(6.6+/-2.3)e+03,(6.6+/-2.3)e+03,(6.6+/-2.3)e+03,(6.6+/-2.3)e+03,(6.6+/-2.3)e+03,(6.6+/-2.3)e+03,(6.6+/-2.3)e+03,(6.6+/-2.3)e+03,(6.6+/-2.3)e+03,(6.6+/-2.3)e+03,(6.6+/-2.3)e+03,(6.6+/-2.3)e+03
El Salvador,330923,950160,0,(5.3+/-0.8)e+04,(1.09+/-0.17)e+05,(1.67+/-0.26)e+05,(2.4+/-0.4)e+05,(3.1+/-0.5)e+05,(4.1+/-0.8)e+05,(4.8+/-1.0)e+05,(5.5+/-1.1)e+05,(6.1+/-1.2)e+05,(6.6+/-1.3)e+05,(7.1+/-1.3)e+05,(7.6+/-1.4)e+05,(8.0+/-1.4)e+05,(8.5+/-1.5)e+05,(8.9+/-1.5)e+05,(9.4+/-1.5)e+05,(9.8+/-1.6)e+05,(1.03+/-0.16)e+06,(1.07+/-0.17)e+06,(1.12+/-0.17)e+06,(1.16+/-0.18)e+06,(1.21+/-0.18)e+06,(1.25+/-0.19)e+06,(1.30+/-0.19)e+06,(1.34+/-0.20)e+06,(1.39+/-0.21)e+06,(1.43+/-0.21)e+06,(1.48+/-0.22)e+06,(1.52+/-0.22)e+06,(1.57+/-0.23)e+06,(1.61+/-0.23)e+06,(1.66+/-0.24)e+06,(1.70+/-0.25)e+06,(1.75+/-0.25)e+06,(1.79+/-0.26)e+06,(1.84+/-0.26)e+06,(1.88+/-0.27)e+06,(1.93+/-0.28)e+06,(1.97+/-0.28)e+06,(2.02+/-0.29)e+06,(2.06+/-0.29)e+06,(2.11+/-0.30)e+06,(2.15+/-0.31)e+06,(2.20+/-0.31)e+06,(2.24+/-0.32)e+06,(2.29+/-0.32)e+06,(2.33+/-0.33)e+06,(2.38+/-0.34)e+06,(2.42+/-0.34)e+06,(2.47+/-0.35)e+06,(2.5+/-0.4)e+06,(2.6+/-0.4)e+06
San Marino,1045,3115,0,(1.2+/-0.6)e+03,(2.8+/-1.4)e+03,(4.6+/-2.4)e+03,(1.4+/-0.5)e+04,(1.8+/-0.6)e+04,(2.6+/-1.0)e+04,(3.0+/-1.2)e+04,(3.3+/-1.4)e+04,(3.5+/-1.5)e+04,(3.6+/-1.6)e+04,(3.7+/-1.6)e+04,(3.7+/-1.6)e+04,(3.7+/-1.6)e+04,(3.7+/-1.6)e+04,(3.7+/-1.6)e+04,(3.7+/-1.6)e+04,(3.7+/-1.6)e+04,(3.7+/-1.6)e+04,(3.7+/-1.6)e+04,(3.7+/-1.6)e+04,(3.7+/-1.6)e+04,(3.7+/-1.6)e+04,(3.7+/-1.6)e+04,(3.7+/-1.6)e+04,(3.7+/-1.6)e+04,(3.7+/-1.6)e+04,(3.7+/-1.6)e+04,(3.7+/-1.6)e+04,(3.7+/-1.6)e+04,(3.7+/-1.6)e+04,(3.7+/-1.6)e+04,(3.7+/-1.6)e+04,(3.7+/-1.6)e+04,(3.7+/-1.6)e+04,(3.7+/-1.6)e+04,(3.7+/-1.6)e+04,(3.7+/-1.6)e+04,(3.7+/-1.6)e+04,(3.7+/-1.6)e+04,(3.7+/-1.6)e+04,(3.7+/-1.6)e+04,(3.7+/-1.6)e+04,(3.7+/-1.6)e+04,(3.7+/-1.6)e+04,(3.7+/-1.6)e+04,(3.7+/-1.6)e+04,(3.7+/-1.6)e+04,(3.7+/-1.6)e+04,(3.7+/-1.6)e+04,(3.7+/-1.6)e+04,(3.7+/-1.6)e+04,(3.7+/-1.6)e+04
Somalia,330106,765201,0,0.0+/-0,0.0+/-0,0.0+/-0,(6.6+/-2.3)e+03,(6.6+/-2.3)e+03,(6.6+/-2.3)e+03,(6.6+/-2.3)e+03,(6.6+/-2.3)e+03,(6.6+/-2.3)e+03,(6.6+/-2.3)e+03,(6.6+/-2.3)e+03,(6.6+/-2.3)e+03,(6.6+/-2.3)e+03,(6.6+/-2.3)e+03,(6.6+/-2.3)e+03,(6.6+/-2.3)e+03,(6.6+/-2.3)e+03,(6.6+/-2.3)e+03,(6.6+/-2.3)e+03,(6.6+/-2.3)e+03,(6.6+/-2.3)e+03,(6.6+/-2.3)e+03,(6.6+/-2.3)e+03,(6.6+/-2.3)e+03,(6.6+/-2.3)e+03,(6.6+/-2.3)e+03,(6.6+/-2.3)e+03,(6.6+/-2.3)e+03,(6.6+/-2.3)e+03,(6.6+/-2.3)e+03,(6.6+/-2.3)e+03,(6.6+/-2.3)e+03,(6.6+/-2.3)e+03,(6.6+/-2.3)e+03,(6.6+/-2.3)e+03,(6.6+/-2.3)e+03,(6.6+/-2.3)e+03,(6.6+/-2.3)e+03,(6.6+/-2.3)e+03,(6.6+/-2.3)e+03,(6.6+/-2.3)e+03,(6.6+/-2.3)e+03,(6.6+/-2.3)e+03,(6.6+/-2.3)e+03,(6.6+/-2.3)e+03,(6.6+/-2.3)e+03,(6.6+/-2.3)e+03,(6.6+/-2.3)e+03,(6.6+/-2.3)e+03,(6.6+/-2.3)e+03,(6.6+/-2.3)e+03,(6.6+/-2.3)e+03
Serbia,447161,849964,0,(1.29+/-0.19)e+05,(2.6+/-0.4)e+05,(4.0+/-0.6)e+05,(2.2+/-0.6)e+06,(2.3+/-0.6)e+06,(2.6+/-0.6)e+06,(2.7+/-0.6)e+06,(2.9+/-0.7)e+06,(3.0+/-0.7)e+06,(3.2+/-0.7)e+06,(3.3+/-0.7)e+06,(3.4+/-0.7)e+06,(3.5+/-0.7)e+06,(3.6+/-0.7)e+06,(3.7+/-0.7)e+06,(3.8+/-0.7)e+06,(4.0+/-0.7)e+06,(4.1+/-0.7)e+06,(4.2+/-0.7)e+06,(4.3+/-0.7)e+06,(4.4+/-0.7)e+06,(4.5+/-0.7)e+06,(4.6+/-0.8)e+06,(4.7+/-0.8)e+06,(4.8+/-0.8)e+06,(4.9+/-0.8)e+06,(5.0+/-0.8)e+06,(5.2+/-0.8)e+06,(5.3+/-0.8)e+06,(5.4+/-0.8)e+06,(5.5+/-0.8)e+06,(5.6+/-0.8)e+06,(5.7+/-0.8)e+06,(5.8+/-0.9)e+06,(5.9+/-0.9)e+06,(6.0+/-0.9)e+06,(6.1+/-0.9)e+06,(6.2+/-0.9)e+06,(6.4+/-0.9)e+06,(6.5+/-0.9)e+06,(6.6+/-0.9)e+06,(6.7+/-0.9)e+06,(6.8+/-1.0)e+06,(6.9+/-1.0)e+06,(7.0+/-1.0)e+06,(7.1+/-1.0)e+06,(7.2+/-1.0)e+06,(7.3+/-1.0)e+06,(7.4+/-1.0)e+06,(7.6+/-1.0)e+06,(7.7+/-1.0)e+06,(7.8+/-1.1)e+06
South Sudan,594763,1561420,0,0.0+/-0,0.0+/-0,0.0+/-0,(6.6+/-2.3)e+03,(6.6+/-2.3)e+03,(6.6+/-2.3)e+03,(6.6+/-2.3)e+03,(6.6+/-2.3)e+03,(6.6+/-2.3)e+03,(6.6+/-2.3)e+03,(6.6+/-2.3)e+03,(6.6+/-2.3)e+03,(6.6+/-2.3)e+03,(6.6+/-2.3)e+03,(6.6+/-2.3)e+03,(6.6+/-2.3)e+03,(6.6+/-2.3)e+03,(6.6+/-2.3)e+03,(6.6+/-2.3)e+03,(6.6+/-2.3)e+03,(6.6+/-2.3)e+03,(6.6+/-2.3)e+03,(6.6+/-2.3)e+03,(6.6+/-2.3)e+03,(6.6+/-2.3)e+03,(6.6+/-2.3)e+03,(6.6+/-2.3)e+03,(6.6+/-2.3)e+03,(6.6+/-2.3)e+03,(6.6+/-2.3)e+03,(6.6+/-2.3)e+03,(6.6+/-2.3)e+03,(6.6+/-2.3)e+03,(6.6+/-2.3)e+03,(6.6+/-2.3)e+03,(6.6+/-2.3)e+03,(6.6+/-2.3)e+03,(6.6+/-2.3)e+03,(6.6+/-2.3)e+03,(6.6+/-2.3)e+03,(6.6+/-2.3)e+03,(6.6+/-2.3)e+03,(6.6+/-2.3)e+03,(6.6+/-2.3)e+03,(6.6+/-2.3)e+03,(6.6+/-2.3)e+03,(6.6+/-2.3)e+03,(6.6+/-2.3)e+03,(6.6+/-2.3)e+03,(6.6+/-2.3)e+03,(6.6+/-2.3)e+03,(6.6+/-2.3)e+03
Sao Tome and Principe,5189,11291,0,0.0+/-0,0.0+/-0,0.0+/-0,(6.6+/-2.3)e+03,(6.6+/-2.3)e+03,(6.6+/-2.3)e+03,(6.6+/-2.3)e+03,(6.6+/-2.3)e+03,(6.6+/-2.3)e+03,(6.6+/-2.3)e+03,(6.6+/-2.3)e+03,(6.6+/-2.3)e+03,(6.6+/-2.3)e+03,(6.6+/-2.3)e+03,(6.6+/-2.3)e+03,(6.6+/-2.3)e+03,(6.6+/-2.3)e+03,(6.6+/-2.3)e+03,(6.6+/-2.3)e+03,(6.6+/-2.3)e+03,(6.6+/-2.3)e+03,(6.6+/-2.3)e+03,(6.6+/-2.3)e+03,(6.6+/-2.3)e+03,(6.6+/-2.3)e+03,(6.6+/-2.3)e+03,(6.6+/-2.3)e+03,(6.6+/-2.3)e+03,(6.6+/-2.3)e+03,(6.6+/-2.3)e+03,(6.6+/-2.3)e+03,(6.6+/-2.3)e+03,(6.6+/-2.3)e+03,(6.6+/-2.3)e+03,(6.6+/-2.3)e+03,(6.6+/-2.3)e+03,(6.6+/-2.3)e+03,(6.6+/-2.3)e+03,(6.6+/-2.3)e+03,(6.6+/-2.3)e+03,(6.6+/-2.3)e+03,(6.6+/-2.3)e+03,(6.6+/-2.3)e+03,(6.6+/-2.3)e+03,(6.6+/-2.3)e+03,(6.6+/-2.3)e+03,(6.6+/-2.3)e+03,(6.6+/-2.3)e+03,(6.6+/-2.3)e+03,(6.6+/-2.3)e+03,(6.6+/-2.3)e+03,(6.6+/-2.3)e+03
Suriname,31825,74042,0,(1.6+/-0.8)e+03,(3.6+/-1.9)e+03,(6.1+/-3.2)e+03,(1.6+/-0.6)e+04,(2.2+/-0.8)e+04,(3.2+/-1.4)e+04,(3.7+/-1.6)e+04,(4.1+/-1.8)e+04,(4.3+/-1.9)e+04,(4.5+/-2.0)e+04,(4.7+/-2.1)e+04,(4.7+/-2.1)e+04,(4.7+/-2.1)e+04,(4.7+/-2.1)e+04,(4.7+/-2.1)e+04,(4.7+/-2.1)e+04,(4.7+/-2.1)e+04,(4.7+/-2.1)e+04,(4.7+/-2.1)e+04,(4.7+/-2.1)e+04,(4.7+/-2.1)e+04,(4.7+/-2.1)e+04,(4.7+/-2.1)e+04,(4.7+/-2.1)e+04,(4.7+/-2.1)e+04,(4.7+/-2.1)e+04,(4.7+/-2.1)e+04,(4.7+/-2.1)e+04,(4.7+/-2.1)e+04,(4.7+/-2.1)e+04,(4.7+/-2.1)e+04,(4.7+/-2.1)e+04,(4.7+/-2.1)e+04,(4.7+/-2.1)e+04,(4.7+/-2.1)e+04,(4.7+/-2.1)e+04,(4.7+/-2.1)e+04,(4.7+/-2.1)e+04,(4.7+/-2.1)e+04,(4.7+/-2.1)e+04,(4.7+/-2.1)e+04,(4.7+/-2.1)e+04,(4.7+/-2.1)e+04,(4.7+/-2.1)e+04,(4.7+/-2.1)e+04,(4.7+/-2.1)e+04,(4.7+/-2.1)e+04,(4.7+/-2.1)e+04,(4.7+/-2.1)e+04,(4.7+/-2.1)e+04,(4.7+/-2.1)e+04,(4.7+/-2.1)e+04
Slovakia,299403,670857,0,(5.3+/-2.7)e+04,(1.2+/-0.6)e+05,(2.0+/-1.0)e+05,(4.1+/-1.7)e+05,(5.8+/-2.6)e+05,(1.3+/-0.4)e+06,(1.8+/-0.5)e+06,(2.3+/-0.6)e+06,(2.7+/-0.7)e+06,(3.1+/-0.7)e+06,(3.5+/-0.8)e+06,(3.9+/-0.8)e+06,(4.2+/-0.8)e+06,(4.6+/-0.8)e+06,(4.9+/-0.9)e+06,(5.3+/-0.9)e+06,(5.6+/-0.9)e+06,(6.0+/-1.0)e+06,(6.3+/-1.0)e+06,(6.7+/-1.0)e+06,(7.0+/-1.1)e+06,(7.4+/-1.1)e+06,(7.7+/-1.2)e+06,(8.1+/-1.2)e+06,(8.4+/-1.2)e+06,(8.8+/-1.3)e+06,(9.1+/-1.3)e+06,(9.5+/-1.4)e+06,(9.8+/-1.4)e+06,(1.02+/-0.15)e+07,(1.05+/-0.15)e+07,(1.09+/-0.16)e+07,(1.13+/-0.16)e+07,(1.16+/-0.17)e+07,(1.20+/-0.17)e+07,(1.23+/-0.17)e+07,(1.27+/-0.18)e+07,(1.30+/-0.18)e+07,(1.34+/-0.19)e+07,(1.37+/-0.19)e+07,(1.41+/-0.20)e+07,(1.44+/-0.20)e+07,(1.48+/-0.21)e+07,(1.51+/-0.21)e+07,(1.55+/-0.22)e+07,(1.58+/-0.22)e+07,(1.62+/-0.23)e+07,(1.65+/-0.23)e+07,(1.69+/-0.24)e+07,(1.72+/-0.24)e+07,(1.76+/-0.25)e+07,(1.79+/-0.25)e+07
Slovenia,107736,237935,0,(1.54+/-0.23)e+05,(3.1+/-0.5)e+05,(4.8+/-0.8)e+05,(1.03+/-0.18)e+06,(1.25+/-0.21)e+06,(1.54+/-0.28)e+06,(1.76+/-0.32)e+06,(1.95+/-0.35)e+06,(2.1+/-0.4)e+06,(2.3+/-0.4)e+06,(2.4+/-0.4)e+06,(2.6+/-0.4)e+06,(2.7+/-0.4)e+06,(2.8+/-0.5)e+06,(2.9+/-0.5)e+06,(3.1+/-0.5)e+06,(3.2+/-0.5)e+06,(3.3+/-0.5)e+06,(3.5+/-0.5)e+06,(3.6+/-0.5)e+06,(3.7+/-0.5)e+06,(3.8+/-0.6)e+06,(4.0+/-0.6)e+06,(4.1+/-0.6)e+06,(4.2+/-0.6)e+06,(4.3+/-0.6)e+06,(4.5+/-0.6)e+06,(4.6+/-0.6)e+06,(4.7+/-0.7)e+06,(4.9+/-0.7)e+06,(5.0+/-0.7)e+06,(5.1+/-0.7)e+06,(5.2+/-0.7)e+06,(5.4+/-0.7)e+06,(5.5+/-0.8)e+06,(5.6+/-0.8)e+06,(5.8+/-0.8)e+06,(5.9+/-0.8)e+06,(6.0+/-0.8)e+06,(6.1+/-0.8)e+06,(6.3+/-0.9)e+06,(6.4+/-0.9)e+06,(6.5+/-0.9)e+06,(6.7+/-0.9)e+06,(6.8+/-0.9)e+06,(6.9+/-0.9)e+06,(7.0+/-1.0)e+06,(7.2+/-1.0)e+06,(7.3+/-1.0)e+06,(7.4+/-1.0)e+06,(7.5+/-1.0)e+06,(7.7+/-1.0)e+06
Sweden,534249,1189451,0,(1.6+/-0.8)e+05,(1.73+/-0.27)e+06,(3.3+/-0.5)e+06,(5.1+/-0.8)e+06,(7.0+/-1.1)e+06,(9.4+/-1.7)e+06,(1.13+/-0.20)e+07,(1.30+/-0.23)e+07,(1.46+/-0.25)e+07,(1.62+/-0.27)e+07,(1.77+/-0.29)e+07,(1.90+/-0.30)e+07,(2.04+/-0.32)e+07,(2.18+/-0.33)e+07,(2.31+/-0.35)e+07,(2.4+/-0.4)e+07,(2.6+/-0.4)e+07,(2.7+/-0.4)e+07,(2.9+/-0.4)e+07,(3.0+/-0.4)e+07,(3.1+/-0.4)e+07,(3.3+/-0.5)e+07,(3.4+/-0.5)e+07,(3.5+/-0.5)e+07,(3.7+/-0.5)e+07,(3.8+/-0.5)e+07,(3.9+/-0.5)e+07,(4.1+/-0.6)e+07,(4.2+/-0.6)e+07,(4.4+/-0.6)e+07,(4.5+/-0.6)e+07,(4.6+/-0.6)e+07,(4.8+/-0.7)e+07,(4.9+/-0.7)e+07,(5.0+/-0.7)e+07,(5.2+/-0.7)e+07,(5.3+/-0.7)e+07,(5.4+/-0.8)e+07,(5.6+/-0.8)e+07,(5.7+/-0.8)e+07,(5.8+/-0.8)e+07,(6.0+/-0.8)e+07,(6.1+/-0.8)e+07,(6.3+/-0.9)e+07,(6.4+/-0.9)e+07,(6.5+/-0.9)e+07,(6.7+/-0.9)e+07,(6.8+/-0.9)e+07,(6.9+/-1.0)e+07,(7.1+/-1.0)e+07,(7.2+/-1.0)e+07,(7.3+/-1.0)e+07
Eswatini,49161,124130,0,0.0+/-0,0.0+/-0,0.0+/-0,(6.6+/-2.3)e+03,(6.6+/-2.3)e+03,(6.6+/-2.3)e+03,(6.6+/-2.3)e+03,(6.6+/-2.3)e+03,(6.6+/-2.3)e+03,(6.6+/-2.3)e+03,(6.6+/-2.3)e+03,(6.6+/-2.3)e+03,(6.6+/-2.3)e+03,(6.6+/-2.3)e+03,(6.6+/-2.3)e+03,(6.6+/-2.3)e+03,(6.6+/-2.3)e+03,(6.6+/-2.3)e+03,(6.6+/-2.3)e+03,(6.6+/-2.3)e+03,(6.6+/-2.3)e+03,(6.6+/-2.3)e+03,(6.6+/-2.3)e+03,(6.6+/-2.3)e+03,(6.6+/-2.3)e+03,(6.6+/-2.3)e+03,(6.6+/-2.3)e+03,(6.6+/-2.3)e+03,(6.6+/-2.3)e+03,(6.6+/-2.3)e+03,(6.6+/-2.3)e+03,(6.6+/-2.3)e+03,(6.6+/-2.3)e+03,(6.6+/-2.3)e+03,(6.6+/-2.3)e+03,(6.6+/-2.3)e+03,(6.6+/-2.3)e+03,(6.6+/-2.3)e+03,(6.6+/-2.3)e+03,(6.6+/-2.3)e+03,(6.6+/-2.3)e+03,(6.6+/-2.3)e+03,(6.6+/-2.3)e+03,(6.6+/-2.3)e+03,(6.6+/-2.3)e+03,(6.6+/-2.3)e+03,(6.6+/-2.3)e+03,(6.6+/-2.3)e+03,(6.6+/-2.3)e+03,(6.6+/-2.3)e+03,(6.6+/-2.3)e+03,(6.6+/-2.3)e+03
Sint Maarten,3374,6056,0,0.0+/-0,0.0+/-0,0.0+/-0,(6.6+/-2.3)e+03,(6.6+/-2.3)e+03,(6.6+/-2.3)e+03,(6.6+/-2.3)e+03,(6.6+/-2.3)e+03,(6.6+/-2.3)e+03,(6.6+/-2.3)e+03,(6.6+/-2.3)e+03,(6.6+/-2.3)e+03,(6.6+/-2.3)e+03,(6.6+/-2.3)e+03,(6.6+/-2.3)e+03,(6.6+/-2.3)e+03,(6.6+/-2.3)e+03,(6.6+/-2.3)e+03,(6.6+/-2.3)e+03,(6.6+/-2.3)e+03,(6.6+/-2.3)e+03,(6.6+/-2.3)e+03,(6.6+/-2.3)e+03,(6.6+/-2.3)e+03,(6.6+/-2.3)e+03,(6.6+/-2.3)e+03,(6.6+/-2.3)e+03,(6.6+/-2.3)e+03,(6.6+/-2.3)e+03,(6.6+/-2.3)e+03,(6.6+/-2.3)e+03,(6.6+/-2.3)e+03,(6.6+/-2.3)e+03,(6.6+/-2.3)e+03,(6.6+/-2.3)e+03,(6.6+/-2.3)e+03,(6.6+/-2.3)e+03,(6.6+/-2.3)e+03,(6.6+/-2.3)e+03,(6.6+/-2.3)e+03,(6.6+/-2.3)e+03,(6.6+/-2.3)e+03,(6.6+/-2.3)e+03,(6.6+/-2.3)e+03,(6.6+/-2.3)e+03,(6.6+/-2.3)e+03,(6.6+/-2.3)e+03,(6.6+/-2.3)e+03,(6.6+/-2.3)e+03,(6.6+/-2.3)e+03,(6.6+/-2.3)e+03,(6.6+/-2.3)e+03
Seychelles,12584,28862,0,0.0+/-0,0.0+/-0,0.0+/-0,(6.6+/-2.3)e+03,(6.6+/-2.3)e+03,(6.6+/-2.3)e+03,(6.6+/-2.3)e+03,(6.6+/-2.3)e+03,(6.6+/-2.3)e+03,(6.6+/-2.3)e+03,(6.6+/-2.3)e+03,(6.6+/-2.3)e+03,(6.6+/-2.3)e+03,(6.6+/-2.3)e+03,(6.6+/-2.3)e+03,(6.6+/-2.3)e+03,(6.6+/-2.3)e+03,(6.6+/-2.3)e+03,(6.6+/-2.3)e+03,(6.6+/-2.3)e+03,(6.6+/-2.3)e+03,(6.6+/-2.3)e+03,(6.6+/-2.3)e+03,(6.6+/-2.3)e+03,(6.6+/-2.3)e+03,(6.6+/-2.3)e+03,(6.6+/-2.3)e+03,(6.6+/-2.3)e+03,(6.6+/-2.3)e+03,(6.6+/-2.3)e+03,(6.6+/-2.3)e+03,(6.6+/-2.3)e+03,(6.6+/-2.3)e+03,(6.6+/-2.3)e+03,(6.6+/-2.3)e+03,(6.6+/-2.3)e+03,(6.6+/-2.3)e+03,(6.6+/-2.3)e+03,(6.6+/-2.3)e+03,(6.6+/-2.3)e+03,(6.6+/-2.3)e+03,(6.6+/-2.3)e+03,(6.6+/-2.3)e+03,(6.6+/-2.3)e+03,(6.6+/-2.3)e+03,(6.6+/-2.3)e+03,(6.6+/-2.3)e+03,(6.6+/-2.3)e+03,(6.6+/-2.3)e+03,(6.6+/-2.3)e+03,(6.6+/-2.3)e+03,(6.6+/-2.3)e+03
Syria,775198,1931452,0,0.0+/-0,0.0+/-0,0.0+/-0,(6.6+/-2.3)e+03,(6.6+/-2.3)e+03,(6.6+/-2.3)e+03,(6.6+/-2.3)e+03,(6.6+/-2.3)e+03,(6.6+/-2.3)e+03,(6.6+/-2.3)e+03,(6.6+/-2.3)e+03,(6.6+/-2.3)e+03,(6.6+/-2.3)e+03,(6.6+/-2.3)e+03,(6.6+/-2.3)e+03,(6.6+/-2.3)e+03,(6.6+/-2.3)e+03,(6.6+/-2.3)e+03,(6.6+/-2.3)e+03,(6.6+/-2.3)e+03,(6.6+/-2.3)e+03,(6.6+/-2.3)e+03,(6.6+/-2.3)e+03,(6.6+/-2.3)e+03,(6.6+/-2.3)e+03,(6.6+/-2.3)e+03,(6.6+/-2.3)e+03,(6.6+/-2.3)e+03,(6.6+/-2.3)e+03,(6.6+/-2.3)e+03,(6.6+/-2.3)e+03,(6.6+/-2.3)e+03,(6.6+/-2.3)e+03,(6.6+/-2.3)e+03,(6.6+/-2.3)e+03,(6.6+/-2.3)e+03,(6.6+/-2.3)e+03,(6.6+/-2.3)e+03,(6.6+/-2.3)e+03,(6.6+/-2.3)e+03,(6.6+/-2.3)e+03,(6.6+/-2.3)e+03,(6.6+/-2.3)e+03,(6.6+/-2.3)e+03,(6.6+/-2.3)e+03,(6.6+/-2.3)e+03,(6.6+/-2.3)e+03,(6.6+/-2.3)e+03,(6.6+/-2.3)e+03,(6.6+/-2.3)e+03,(6.6+/-2.3)e+03,(6.6+/-2.3)e+03
Turks and Caicos Islands,0,0,0,0.0+/-0,0.0+/-0,0.0+/-0,(6.6+/-2.3)e+03,(6.6+/-2.3)e+03,(6.6+/-2.3)e+03,(6.6+/-2.3)e+03,(6.6+/-2.3)e+03,(6.6+/-2.3)e+03,(6.6+/-2.3)e+03,(6.6+/-2.3)e+03,(6.6+/-2.3)e+03,(6.6+/-2.3)e+03,(6.6+/-2.3)e+03,(6.6+/-2.3)e+03,(6.6+/-2.3)e+03,(6.6+/-2.3)e+03,(6.6+/-2.3)e+03,(6.6+/-2.3)e+03,(6.6+/-2.3)e+03,(6.6+/-2.3)e+03,(6.6+/-2.3)e+03,(6.6+/-2.3)e+03,(6.6+/-2.3)e+03,(6.6+/-2.3)e+03,(6.6+/-2.3)e+03,(6.6+/-2.3)e+03,(6.6+/-2.3)e+03,(6.6+/-2.3)e+03,(6.6+/-2.3)e+03,(6.6+/-2.3)e+03,(6.6+/-2.3)e+03,(6.6+/-2.3)e+03,(6.6+/-2.3)e+03,(6.6+/-2.3)e+03,(6.6+/-2.3)e+03,(6.6+/-2.3)e+03,(6.6+/-2.3)e+03,(6.6+/-2.3)e+03,(6.6+/-2.3)e+03,(6.6+/-2.3)e+03,(6.6+/-2.3)e+03,(6.6+/-2.3)e+03,(6.6+/-2.3)e+03,(6.6+/-2.3)e+03,(6.6+/-2.3)e+03,(6.6+/-2.3)e+03,(6.6+/-2.3)e+03,(6.6+/-2.3)e+03,(6.6+/-2.3)e+03,(6.6+/-2.3)e+03,(6.6+/-2.3)e+03
Chad,776719,2151667,0,0.0+/-0,0.0+/-0,0.0+/-0,(6.6+/-2.3)e+03,(6.6+/-2.3)e+03,(6.6+/-2.3)e+03,(6.6+/-2.3)e+03,(6.6+/-2.3)e+03,(6.6+/-2.3)e+03,(6.6+/-2.3)e+03,(6.6+/-2.3)e+03,(6.6+/-2.3)e+03,(6.6+/-2.3)e+03,(6.6+/-2.3)e+03,(6.6+/-2.3)e+03,(6.6+/-2.3)e+03,(6.6+/-2.3)e+03,(6.6+/-2.3)e+03,(6.6+/-2.3)e+03,(6.6+/-2.3)e+03,(6.6+/-2.3)e+03,(6.6+/-2.3)e+03,(6.6+/-2.3)e+03,(6.6+/-2.3)e+03,(6.6+/-2.3)e+03,(6.6+/-2.3)e+03,(6.6+/-2.3)e+03,(6.6+/-2.3)e+03,(6.6+/-2.3)e+03,(6.6+/-2.3)e+03,(6.6+/-2.3)e+03,(6.6+/-2.3)e+03,(6.6+/-2.3)e+03,(6.6+/-2.3)e+03,(6.6+/-2.3)e+03,(6.6+/-2.3)e+03,(6.6+/-2.3)e+03,(6.6+/-2.3)e+03,(6.6+/-2.3)e+03,(6.6+/-2.3)e+03,(6.6+/-2.3)e+03,(6.6+/-2.3)e+03,(6.6+/-2.3)e+03,(6.6+/-2.3)e+03,(6.6+/-2.3)e+03,(6.6+/-2.3)e+03,(6.6+/-2.3)e+03,(6.6+/-2.3)e+03,(6.6+/-2.3)e+03,(6.6+/-2.3)e+03,(6.6+/-2.3)e+03,(6.6+/-2.3)e+03
Togo,397379,1106840,0,0.0+/-0,0.0+/-0,0.0+/-0,(6.6+/-2.3)e+03,(6.6+/-2.3)e+03,(6.6+/-2.3)e+03,(6.6+/-2.3)e+03,(6.6+/-2.3)e+03,(6.6+/-2.3)e+03,(6.6+/-2.3)e+03,(6.6+/-2.3)e+03,(6.6+/-2.3)e+03,(6.6+/-2.3)e+03,(6.6+/-2.3)e+03,(6.6+/-2.3)e+03,(6.6+/-2.3)e+03,(6.6+/-2.3)e+03,(6.6+/-2.3)e+03,(6.6+/-2.3)e+03,(6.6+/-2.3)e+03,(6.6+/-2.3)e+03,(6.6+/-2.3)e+03,(6.6+/-2.3)e+03,(6.6+/-2.3)e+03,(6.6+/-2.3)e+03,(6.6+/-2.3)e+03,(6.6+/-2.3)e+03,(6.6+/-2.3)e+03,(6.6+/-2.3)e+03,(6.6+/-2.3)e+03,(6.6+/-2.3)e+03,(6.6+/-2.3)e+03,(6.6+/-2.3)e+03,(6.6+/-2.3)e+03,(6.6+/-2.3)e+03,(6.6+/-2.3)e+03,(6.6+/-2.3)e+03,(6.6+/-2.3)e+03,(6.6+/-2.3)e+03,(6.6+/-2.3)e+03,(6.6+/-2.3)e+03,(6.6+/-2.3)e+03,(6.6+/-2.3)e+03,(6.6+/-2.3)e+03,(6.6+/-2.3)e+03,(6.6+/-2.3)e+03,(6.6+/-2.3)e+03,(6.6+/-2.3)e+03,(6.6+/-2.3)e+03,(6.6+/-2.3)e+03,(6.6+/-2.3)e+03,(6.6+/-2.3)e+03
Thailand,7135688,13541910,0,(2.2+/-1.2)e+05,(5.0+/-2.6)e+05,(8+/-4)e+05,(5.3+/-1.1)e+06,(7.8+/-1.4)e+06,(1.11+/-0.21)e+07,(1.37+/-0.26)e+07,(1.61+/-0.29)e+07,(1.83+/-0.32)e+07,(2.05+/-0.34)e+07,(2.3+/-0.4)e+07,(2.4+/-0.4)e+07,(2.6+/-0.4)e+07,(2.8+/-0.4)e+07,(3.0+/-0.4)e+07,(3.2+/-0.5)e+07,(3.4+/-0.5)e+07,(3.6+/-0.5)e+07,(3.8+/-0.5)e+07,(3.9+/-0.5)e+07,(4.1+/-0.6)e+07,(4.3+/-0.6)e+07,(4.5+/-0.6)e+07,(4.7+/-0.6)e+07,(4.9+/-0.7)e+07,(5.1+/-0.7)e+07,(5.2+/-0.7)e+07,(5.4+/-0.7)e+07,(5.6+/-0.8)e+07,(5.8+/-0.8)e+07,(6.0+/-0.8)e+07,(6.2+/-0.8)e+07,(6.4+/-0.9)e+07,(6.6+/-0.9)e+07,(6.7+/-0.9)e+07,(6.9+/-0.9)e+07,(7.1+/-1.0)e+07,(7.3+/-1.0)e+07,(7.5+/-1.0)e+07,(7.7+/-1.0)e+07,(7.9+/-1.1)e+07,(8.1+/-1.1)e+07,(8.2+/-1.1)e+07,(8.4+/-1.1)e+07,(8.6+/-1.2)e+07,(8.8+/-1.2)e+07,(9.0+/-1.2)e+07,(9.2+/-1.2)e+07,(9.4+/-1.3)e+07,(9.5+/-1.3)e+07,(9.7+/-1.3)e+07,(9.9+/-1.3)e+07
Tajikistan,301525,709964,0,(3.1+/-1.6)e+03,(7+/-4)e+03,(1.1+/-0.6)e+04,(1.6+/-0.5)e+05,(1.7+/-0.5)e+05,(1.9+/-0.6)e+05,(2.0+/-0.6)e+05,(2.1+/-0.6)e+05,(2.1+/-0.6)e+05,(2.1+/-0.6)e+05,(2.2+/-0.7)e+05,(2.2+/-0.7)e+05,(2.2+/-0.7)e+05,(2.2+/-0.7)e+05,(2.2+/-0.7)e+05,(2.2+/-0.7)e+05,(2.2+/-0.7)e+05,(2.2+/-0.7)e+05,(2.2+/-0.7)e+05,(2.2+/-0.7)e+05,(2.2+/-0.7)e+05,(2.2+/-0.7)e+05,(2.2+/-0.7)e+05,(2.2+/-0.7)e+05,(2.2+/-0.7)e+05,(2.2+/-0.7)e+05,(2.2+/-0.7)e+05,(2.2+/-0.7)e+05,(2.2+/-0.7)e+05,(2.2+/-0.7)e+05,(2.2+/-0.7)e+05,(2.2+/-0.7)e+05,(2.2+/-0.7)e+05,(2.2+/-0.7)e+05,(2.2+/-0.7)e+05,(2.2+/-0.7)e+05,(2.2+/-0.7)e+05,(2.2+/-0.7)e+05,(2.2+/-0.7)e+05,(2.2+/-0.7)e+05,(2.2+/-0.7)e+05,(2.2+/-0.7)e+05,(2.2+/-0.7)e+05,(2.2+/-0.7)e+05,(2.2+/-0.7)e+05,(2.2+/-0.7)e+05,(2.2+/-0.7)e+05,(2.2+/-0.7)e+05,(2.2+/-0.7)e+05,(2.2+/-0.7)e+05,(2.2+/-0.7)e+05,(2.2+/-0.7)e+05
Turkmenistan,279788,545507,0,(5.8+/-3.0)e+03,(1.3+/-0.7)e+04,(2.2+/-1.1)e+04,(4.1+/-1.8)e+04,(6.0+/-2.8)e+04,(1.3+/-0.5)e+05,(1.9+/-0.6)e+05,(2.4+/-0.7)e+05,(2.8+/-0.7)e+05,(3.3+/-0.8)e+05,(3.7+/-0.8)e+05,(4.0+/-0.8)e+05,(4.4+/-0.9)e+05,(4.8+/-0.9)e+05,(5.1+/-0.9)e+05,(5.5+/-1.0)e+05,(5.9+/-1.0)e+05,(6.2+/-1.0)e+05,(6.6+/-1.1)e+05,(6.9+/-1.1)e+05,(7.3+/-1.1)e+05,(7.7+/-1.2)e+05,(8.0+/-1.2)e+05,(8.4+/-1.3)e+05,(8.7+/-1.3)e+05,(9.1+/-1.4)e+05,(9.5+/-1.4)e+05,(9.8+/-1.4)e+05,(1.02+/-0.15)e+06,(1.06+/-0.15)e+06,(1.09+/-0.16)e+06,(1.13+/-0.16)e+06,(1.16+/-0.17)e+06,(1.20+/-0.17)e+06,(1.24+/-0.18)e+06,(1.27+/-0.18)e+06,(1.31+/-0.19)e+06,(1.35+/-0.19)e+06,(1.38+/-0.20)e+06,(1.42+/-0.20)e+06,(1.45+/-0.21)e+06,(1.49+/-0.21)e+06,(1.53+/-0.22)e+06,(1.56+/-0.22)e+06,(1.60+/-0.23)e+06,(1.63+/-0.23)e+06,(1.67+/-0.24)e+06,(1.71+/-0.24)e+06,(1.74+/-0.25)e+06,(1.78+/-0.25)e+06,(1.82+/-0.26)e+06,(1.85+/-0.26)e+06
Timor-Leste,98163,205597,0,60+/-31,(1.3+/-0.7)e+02,(2.2+/-1.2)e+02,(6.9+/-2.3)e+03,(7.1+/-2.3)e+03,(7.5+/-2.4)e+03,(7.7+/-2.4)e+03,(7.9+/-2.4)e+03,(7.9+/-2.4)e+03,(8.0+/-2.4)e+03,(8.1+/-2.5)e+03,(8.1+/-2.5)e+03,(8.1+/-2.5)e+03,(8.1+/-2.5)e+03,(8.1+/-2.5)e+03,(8.1+/-2.5)e+03,(8.1+/-2.5)e+03,(8.1+/-2.5)e+03,(8.1+/-2.5)e+03,(8.1+/-2.5)e+03,(8.1+/-2.5)e+03,(8.1+/-2.5)e+03,(8.1+/-2.5)e+03,(8.1+/-2.5)e+03,(8.1+/-2.5)e+03,(8.1+/-2.5)e+03,(8.1+/-2.5)e+03,(8.1+/-2.5)e+03,(8.1+/-2.5)e+03,(8.1+/-2.5)e+03,(8.1+/-2.5)e+03,(8.1+/-2.5)e+03,(8.1+/-2.5)e+03,(8.1+/-2.5)e+03,(8.1+/-2.5)e+03,(8.1+/-2.5)e+03,(8.1+/-2.5)e+03,(8.1+/-2.5)e+03,(8.1+/-2.5)e+03,(8.1+/-2.5)e+03,(8.1+/-2.5)e+03,(8.1+/-2.5)e+03,(8.1+/-2.5)e+03,(8.1+/-2.5)e+03,(8.1+/-2.5)e+03,(8.1+/-2.5)e+03,(8.1+/-2.5)e+03,(8.1+/-2.5)e+03,(8.1+/-2.5)e+03,(8.1+/-2.5)e+03,(8.1+/-2.5)e+03,(8.1+/-2.5)e+03
Tonga,2669,6390,0,0.0+/-0,0.0+/-0,0.0+/-0,(6.6+/-2.3)e+03,(6.6+/-2.3)e+03,(6.6+/-2.3)e+03,(6.6+/-2.3)e+03,(6.6+/-2.3)e+03,(6.6+/-2.3)e+03,(6.6+/-2.3)e+03,(6.6+/-2.3)e+03,(6.6+/-2.3)e+03,(6.6+/-2.3)e+03,(6.6+/-2.3)e+03,(6.6+/-2.3)e+03,(6.6+/-2.3)e+03,(6.6+/-2.3)e+03,(6.6+/-2.3)e+03,(6.6+/-2.3)e+03,(6.6+/-2.3)e+03,(6.6+/-2.3)e+03,(6.6+/-2.3)e+03,(6.6+/-2.3)e+03,(6.6+/-2.3)e+03,(6.6+/-2.3)e+03,(6.6+/-2.3)e+03,(6.6+/-2.3)e+03,(6.6+/-2.3)e+03,(6.6+/-2.3)e+03,(6.6+/-2.3)e+03,(6.6+/-2.3)e+03,(6.6+/-2.3)e+03,(6.6+/-2.3)e+03,(6.6+/-2.3)e+03,(6.6+/-2.3)e+03,(6.6+/-2.3)e+03,(6.6+/-2.3)e+03,(6.6+/-2.3)e+03,(6.6+/-2.3)e+03,(6.6+/-2.3)e+03,(6.6+/-2.3)e+03,(6.6+/-2.3)e+03,(6.6+/-2.3)e+03,(6.6+/-2.3)e+03,(6.6+/-2.3)e+03,(6.6+/-2.3)e+03,(6.6+/-2.3)e+03,(6.6+/-2.3)e+03,(6.6+/-2.3)e+03,(6.6+/-2.3)e+03,(6.6+/-2.3)e+03,(6.6+/-2.3)e+03
Trinidad and Tobago,48545,138513,0,(1.3+/-0.7)e+04,(3.0+/-1.6)e+04,(5.0+/-2.6)e+04,(9+/-4)e+04,(1.3+/-0.6)e+05,(2.1+/-1.1)e+05,(2.6+/-1.3)e+05,(3.6+/-1.5)e+05,(4.5+/-1.6)e+05,(5.4+/-1.7)e+05,(6.3+/-1.8)e+05,(7.0+/-1.8)e+05,(7.8+/-1.8)e+05,(8.5+/-1.9)e+05,(9.2+/-1.9)e+05,(9.9+/-2.0)e+05,(1.07+/-0.20)e+06,(1.14+/-0.21)e+06,(1.21+/-0.22)e+06,(1.29+/-0.22)e+06,(1.36+/-0.23)e+06,(1.43+/-0.24)e+06,(1.51+/-0.24)e+06,(1.58+/-0.25)e+06,(1.65+/-0.26)e+06,(1.73+/-0.27)e+06,(1.80+/-0.28)e+06,(1.87+/-0.28)e+06,(1.94+/-0.29)e+06,(2.02+/-0.30)e+06,(2.09+/-0.31)e+06,(2.16+/-0.32)e+06,(2.24+/-0.33)e+06,(2.31+/-0.34)e+06,(2.38+/-0.35)e+06,(2.5+/-0.4)e+06,(2.5+/-0.4)e+06,(2.6+/-0.4)e+06,(2.7+/-0.4)e+06,(2.7+/-0.4)e+06,(2.8+/-0.4)e+06,(2.9+/-0.4)e+06,(3.0+/-0.4)e+06,(3.0+/-0.4)e+06,(3.1+/-0.4)e+06,(3.2+/-0.5)e+06,(3.3+/-0.5)e+06,(3.3+/-0.5)e+06,(3.4+/-0.5)e+06,(3.5+/-0.5)e+06,(3.6+/-0.5)e+06,(3.6+/-0.5)e+06
Tunisia,600220,1241558,0,(1.3+/-0.7)e+04,(3.0+/-1.6)e+04,(5.0+/-2.6)e+04,(9+/-4)e+04,(1.3+/-0.6)e+05,(2.2+/-1.1)e+05,(3.4+/-1.3)e+05,(4.6+/-1.5)e+05,(5.6+/-1.6)e+05,(6.6+/-1.7)e+05,(7.6+/-1.8)e+05,(8.4+/-1.9)e+05,(9.2+/-1.9)e+05,(1.01+/-0.20)e+06,(1.09+/-0.21)e+06,(1.17+/-0.21)e+06,(1.26+/-0.22)e+06,(1.34+/-0.23)e+06,(1.43+/-0.24)e+06,(1.51+/-0.24)e+06,(1.59+/-0.25)e+06,(1.68+/-0.26)e+06,(1.76+/-0.27)e+06,(1.84+/-0.28)e+06,(1.93+/-0.29)e+06,(2.01+/-0.30)e+06,(2.09+/-0.31)e+06,(2.18+/-0.32)e+06,(2.26+/-0.33)e+06,(2.34+/-0.34)e+06,(2.43+/-0.35)e+06,(2.5+/-0.4)e+06,(2.6+/-0.4)e+06,(2.7+/-0.4)e+06,(2.8+/-0.4)e+06,(2.8+/-0.4)e+06,(2.9+/-0.4)e+06,(3.0+/-0.4)e+06,(3.1+/-0.4)e+06,(3.2+/-0.5)e+06,(3.3+/-0.5)e+06,(3.3+/-0.5)e+06,(3.4+/-0.5)e+06,(3.5+/-0.5)e+06,(3.6+/-0.5)e+06,(3.7+/-0.5)e+06,(3.8+/-0.5)e+06,(3.8+/-0.5)e+06,(3.9+/-0.6)e+06,(4.0+/-0.6)e+06,(4.1+/-0.6)e+06,(4.2+/-0.6)e+06
Türkiye,5086348,10612160,0,(4.0+/-2.1)e+05,(9+/-5)e+05,(1.5+/-0.8)e+06,(9.2+/-2.8)e+06,(1.05+/-0.32)e+07,(1.3+/-0.4)e+07,(1.4+/-0.5)e+07,(1.5+/-0.5)e+07,(1.6+/-0.5)e+07,(1.6+/-0.6)e+07,(1.7+/-0.6)e+07,(1.7+/-0.6)e+07,(1.7+/-0.6)e+07,(1.7+/-0.6)e+07,(1.7+/-0.6)e+07,(1.7+/-0.6)e+07,(1.7+/-0.6)e+07,(1.7+/-0.6)e+07,(1.7+/-0.6)e+07,(1.7+/-0.6)e+07,(1.7+/-0.6)e+07,(1.7+/-0.6)e+07,(1.7+/-0.6)e+07,(1.7+/-0.6)e+07,(1.7+/-0.6)e+07,(1.7+/-0.6)e+07,(1.7+/-0.6)e+07,(1.7+/-0.6)e+07,(1.7+/-0.6)e+07,(1.7+/-0.6)e+07,(1.7+/-0.6)e+07,(1.7+/-0.6)e+07,(1.7+/-0.6)e+07,(1.7+/-0.6)e+07,(1.7+/-0.6)e+07,(1.7+/-0.6)e+07,(1.7+/-0.6)e+07,(1.7+/-0.6)e+07,(1.7+/-0.6)e+07,(1.7+/-0.6)e+07,(1.7+/-0.6)e+07,(1.7+/-0.6)e+07,(1.7+/-0.6)e+07,(1.7+/-0.6)e+07,(1.7+/-0.6)e+07,(1.7+/-0.6)e+07,(1.7+/-0.6)e+07,(1.7+/-0.6)e+07,(1.7+/-0.6)e+07,(1.7+/-0.6)e+07,(1.7+/-0.6)e+07,(1.7+/-0.6)e+07
Tuvalu,1468,3072,0,0.0+/-0,0.0+/-0,0.0+/-0,(6.6+/-2.3)e+03,(6.6+/-2.3)e+03,(6.6+/-2.3)e+03,(6.6+/-2.3)e+03,(6.6+/-2.3)e+03,(6.6+/-2.3)e+03,(6.6+/-2.3)e+03,(6.6+/-2.3)e+03,(6.6+/-2.3)e+03,(6.6+/-2.3)e+03,(6.6+/-2.3)e+03,(6.6+/-2.3)e+03,(6.6+/-2.3)e+03,(6.6+/-2.3)e+03,(6.6+/-2.3)e+03,(6.6+/-2.3)e+03,(6.6+/-2.3)e+03,(6.6+/-2.3)e+03,(6.6+/-2.3)e+03,(6.6+/-2.3)e+03,(6.6+/-2.3)e+03,(6.6+/-2.3)e+03,(6.6+/-2.3)e+03,(6.6+/-2.3)e+03,(6.6+/-2.3)e+03,(6.6+/-2.3)e+03,(6.6+/-2.3)e+03,(6.6+/-2.3)e+03,(6.6+/-2.3)e+03,(6.6+/-2.3)e+03,(6.6+/-2.3)e+03,(6.6+/-2.3)e+03,(6.6+/-2.3)e+03,(6.6+/-2.3)e+03,(6.6+/-2.3)e+03,(6.6+/-2.3)e+03,(6.6+/-2.3)e+03,(6.6+/-2.3)e+03,(6.6+/-2.3)e+03,(6.6+/-2.3)e+03,(6.6+/-2.3)e+03,(6.6+/-2.3)e+03,(6.6+/-2.3)e+03,(6.6+/-2.3)e+03,(6.6+/-2.3)e+03,(6.6+/-2.3)e+03,(6.6+/-2.3)e+03,(6.6+/-2.3)e+03,(6.6+/-2.3)e+03
Tanzania,9193507,11987835,0,0.0+/-0,0.0+/-0,0.0+/-0,(6.6+/-2.3)e+03,(6.6+/-2.3)e+03,(6.6+/-2.3)e+03,(6.6+/-2.3)e+03,(6.6+/-2.3)e+03,(6.6+/-2.3)e+03,(6.6+/-2.3)e+03,(6.6+/-2.3)e+03,(6.6+/-2.3)e+03,(6.6+/-2.3)e+03,(6.6+/-2.3)e+03,(6.6+/-2.3)e+03,(6.6+/-2.3)e+03,(6.6+/-2.3)e+03,(6.6+/-2.3)e+03,(6.6+/-2.3)e+03,(6.6+/-2.3)e+03,(6.6+/-2.3)e+03,(6.6+/-2.3)e+03,(6.6+/-2.3)e+03,(6.6+/-2.3)e+03,(6.6+/-2.3)e+03,(6.6+/-2.3)e+03,(6.6+/-2.3)e+03,(6.6+/-2.3)e+03,(6.6+/-2.3)e+03,(6.6+/-2.3)e+03,(6.6+/-2.3)e+03,(6.6+/-2.3)e+03,(6.6+/-2.3)e+03,(6.6+/-2.3)e+03,(6.6+/-2.3)e+03,(6.6+/-2.3)e+03,(6.6+/-2.3)e+03,(6.6+/-2.3)e+03,(6.6+/-2.3)e+03,(6.6+/-2.3)e+03,(6.6+/-2.3)e+03,(6.6+/-2.3)e+03,(6.6+/-2.3)e+03,(6.6+/-2.3)e+03,(6.6+/-2.3)e+03,(6.6+/-2.3)e+03,(6.6+/-2.3)e+03,(6.6+/-2.3)e+03,(6.6+/-2.3)e+03,(6.6+/-2.3)e+03,(6.6+/-2.3)e+03,(6.6+/-2.3)e+03
Uganda,2328178,4844394,0,0.0+/-0,0.0+/-0,0.0+/-0,(6.6+/-2.3)e+03,(6.6+/-2.3)e+03,(6.6+/-2.3)e+03,(6.6+/-2.3)e+03,(6.6+/-2.3)e+03,(6.6+/-2.3)e+03,(6.6+/-2.3)e+03,(6.6+/-2.3)e+03,(6.6+/-2.3)e+03,(6.6+/-2.3)e+03,(6.6+/-2.3)e+03,(6.6+/-2.3)e+03,(6.6+/-2.3)e+03,(6.6+/-2.3)e+03,(6.6+/-2.3)e+03,(6.6+/-2.3)e+03,(6.6+/-2.3)e+03,(6.6+/-2.3)e+03,(6.6+/-2.3)e+03,(6.6+/-2.3)e+03,(6.6+/-2.3)e+03,(6.6+/-2.3)e+03,(6.6+/-2.3)e+03,(6.6+/-2.3)e+03,(6.6+/-2.3)e+03,(6.6+/-2.3)e+03,(6.6+/-2.3)e+03,(6.6+/-2.3)e+03,(6.6+/-2.3)e+03,(6.6+/-2.3)e+03,(6.6+/-2.3)e+03,(6.6+/-2.3)e+03,(6.6+/-2.3)e+03,(6.6+/-2.3)e+03,(6.6+/-2.3)e+03,(6.6+/-2.3)e+03,(6.6+/-2.3)e+03,(6.6+/-2.3)e+03,(6.6+/-2.3)e+03,(6.6+/-2.3)e+03,(6.6+/-2.3)e+03,(6.6+/-2.3)e+03,(6.6+/-2.3)e+03,(6.6+/-2.3)e+03,(6.6+/-2.3)e+03,(6.6+/-2.3)e+03,(6.6+/-2.3)e+03,(6.6+/-2.3)e+03,(6.6+/-2.3)e+03
Ukraine,2307542,5041590,0,(2.9+/-1.5)e+04,(6.5+/-3.4)e+04,(1.1+/-0.6)e+05,(1.8+/-0.6)e+06,(1.9+/-0.6)e+06,(2.1+/-0.6)e+06,(2.1+/-0.7)e+06,(2.4+/-0.7)e+06,(2.6+/-0.7)e+06,(2.8+/-0.7)e+06,(3.0+/-0.7)e+06,(3.1+/-0.7)e+06,(3.3+/-0.7)e+06,(3.5+/-0.7)e+06,(3.6+/-0.7)e+06,(3.8+/-0.7)e+06,(3.9+/-0.7)e+06,(4.1+/-0.8)e+06,(4.3+/-0.8)e+06,(4.4+/-0.8)e+06,(4.6+/-0.8)e+06,(4.7+/-0.8)e+06,(4.9+/-0.8)e+06,(5.1+/-0.8)e+06,(5.2+/-0.8)e+06,(5.4+/-0.8)e+06,(5.5+/-0.9)e+06,(5.7+/-0.9)e+06,(5.9+/-0.9)e+06,(6.0+/-0.9)e+06,(6.2+/-0.9)e+06,(6.4+/-0.9)e+06,(6.5+/-0.9)e+06,(6.7+/-1.0)e+06,(6.8+/-1.0)e+06,(7.0+/-1.0)e+06,(7.2+/-1.0)e+06,(7.3+/-1.0)e+06,(7.5+/-1.0)e+06,(7.6+/-1.1)e+06,(7.8+/-1.1)e+06,(8.0+/-1.1)e+06,(8.1+/-1.1)e+06,(8.3+/-1.1)e+06,(8.5+/-1.1)e+06,(8.6+/-1.2)e+06,(8.8+/-1.2)e+06,(8.9+/-1.2)e+06,(9.1+/-1.2)e+06,(9.3+/-1.2)e+06,(9.4+/-1.3)e+06,(9.6+/-1.3)e+06
Uruguay,189723,497066,0,(1.4+/-0.7)e+04,(3.1+/-1.6)e+04,(5.1+/-2.7)e+04,(9+/-4)e+04,(1.3+/-0.7)e+05,(2.2+/-1.1)e+05,(3.5+/-1.4)e+05,(4.6+/-1.5)e+05,(5.7+/-1.7)e+05,(6.7+/-1.8)e+05,(7.6+/-1.9)e+05,(8.5+/-1.9)e+05,(9.3+/-2.0)e+05,(1.01+/-0.20)e+06,(1.10+/-0.21)e+06,(1.18+/-0.22)e+06,(1.26+/-0.22)e+06,(1.35+/-0.23)e+06,(1.43+/-0.24)e+06,(1.51+/-0.25)e+06,(1.60+/-0.26)e+06,(1.68+/-0.27)e+06,(1.76+/-0.27)e+06,(1.85+/-0.28)e+06,(1.93+/-0.29)e+06,(2.01+/-0.30)e+06,(2.10+/-0.31)e+06,(2.18+/-0.32)e+06,(2.27+/-0.33)e+06,(2.35+/-0.34)e+06,(2.43+/-0.35)e+06,(2.5+/-0.4)e+06,(2.6+/-0.4)e+06,(2.7+/-0.4)e+06,(2.8+/-0.4)e+06,(2.8+/-0.4)e+06,(2.9+/-0.4)e+06,(3.0+/-0.4)e+06,(3.1+/-0.4)e+06,(3.2+/-0.5)e+06,(3.3+/-0.5)e+06,(3.3+/-0.5)e+06,(3.4+/-0.5)e+06,(3.5+/-0.5)e+06,(3.6+/-0.5)e+06,(3.7+/-0.5)e+06,(3.8+/-0.5)e+06,(3.8+/-0.5)e+06,(3.9+/-0.6)e+06,(4.0+/-0.6)e+06,(4.1+/-0.6)e+06,(4.2+/-0.6)e+06
United States,15884161,36680000,0,(3.7+/-0.5)e+07,(2.6+/-0.4)e+08,(3.1+/-0.5)e+08,(4.2+/-0.6)e+08,(4.8+/-0.7)e+08,(5.5+/-0.8)e+08,(6.2+/-0.9)e+08,(6.7+/-1.0)e+08,(7.3+/-1.0)e+08,(7.8+/-1.1)e+08,(8.3+/-1.2)e+08,(8.7+/-1.2)e+08,(9.2+/-1.3)e+08,(9.7+/-1.3)e+08,(1.01+/-0.14)e+09,(1.06+/-0.14)e+09,(1.10+/-0.15)e+09,(1.15+/-0.16)e+09,(1.20+/-0.16)e+09,(1.24+/-0.17)e+09,(1.29+/-0.17)e+09,(1.33+/-0.18)e+09,(1.38+/-0.19)e+09,(1.42+/-0.19)e+09,(1.47+/-0.20)e+09,(1.52+/-0.20)e+09,(1.56+/-0.21)e+09,(1.61+/-0.22)e+09,(1.65+/-0.22)e+09,(1.70+/-0.23)e+09,(1.74+/-0.23)e+09,(1.79+/-0.24)e+09,(1.84+/-0.25)e+09,(1.88+/-0.25)e+09,(1.93+/-0.26)e+09,(1.97+/-0.27)e+09,(2.02+/-0.27)e+09,(2.07+/-0.28)e+09,(2.11+/-0.29)e+09,(2.16+/-0.29)e+09,(2.20+/-0.30)e+09,(2.25+/-0.30)e+09,(2.29+/-0.31)e+09,(2.34+/-0.32)e+09,(2.39+/-0.32)e+09,(2.43+/-0.33)e+09,(2.48+/-0.34)e+09,(2.52+/-0.34)e+09,(2.57+/-0.35)e+09,(2.6+/-0.4)e+09,(2.7+/-0.4)e+09,(2.7+/-0.4)e+09
Uzbekistan,1762895,3520811,0,(3.6+/-1.9)e+04,(8+/-4)e+04,(1.3+/-0.7)e+05,(1.06+/-0.33)e+06,(1.2+/-0.4)e+06,(1.4+/-0.4)e+06,(1.7+/-0.5)e+06,(2.0+/-0.5)e+06,(2.3+/-0.5)e+06,(2.6+/-0.6)e+06,(2.8+/-0.6)e+06,(3.1+/-0.6)e+06,(3.3+/-0.6)e+06,(3.5+/-0.6)e+06,(3.7+/-0.6)e+06,(3.9+/-0.7)e+06,(4.1+/-0.7)e+06,(4.4+/-0.7)e+06,(4.6+/-0.7)e+06,(4.8+/-0.7)e+06,(5.0+/-0.7)e+06,(5.2+/-0.8)e+06,(5.5+/-0.8)e+06,(5.7+/-0.8)e+06,(5.9+/-0.8)e+06,(6.1+/-0.9)e+06,(6.3+/-0.9)e+06,(6.6+/-0.9)e+06,(6.8+/-0.9)e+06,(7.0+/-1.0)e+06,(7.2+/-1.0)e+06,(7.4+/-1.0)e+06,(7.7+/-1.0)e+06,(7.9+/-1.1)e+06,(8.1+/-1.1)e+06,(8.3+/-1.1)e+06,(8.5+/-1.1)e+06,(8.7+/-1.2)e+06,(9.0+/-1.2)e+06,(9.2+/-1.2)e+06,(9.4+/-1.3)e+06,(9.6+/-1.3)e+06,(9.8+/-1.3)e+06,(1.01+/-0.13)e+07,(1.03+/-0.14)e+07,(1.05+/-0.14)e+07,(1.07+/-0.14)e+07,(1.09+/-0.15)e+07,(1.12+/-0.15)e+07,(1.14+/-0.15)e+07,(1.16+/-0.16)e+07,(1.18+/-0.16)e+07
St. Vincent and the Grenadines,11552,16759,0,56+/-29,(1.3+/-0.7)e+02,(2.1+/-1.1)e+02,(6.9+/-2.3)e+03,(7.1+/-2.3)e+03,(7.5+/-2.4)e+03,(7.7+/-2.4)e+03,(7.8+/-2.4)e+03,(7.9+/-2.4)e+03,(7.9+/-2.4)e+03,(8.0+/-2.4)e+03,(8.0+/-2.4)e+03,(8.0+/-2.4)e+03,(8.0+/-2.4)e+03,(8.0+/-2.4)e+03,(8.0+/-2.4)e+03,(8.0+/-2.4)e+03,(8.0+/-2.4)e+03,(8.0+/-2.4)e+03,(8.0+/-2.4)e+03,(8.0+/-2.4)e+03,(8.0+/-2.4)e+03,(8.0+/-2.4)e+03,(8.0+/-2.4)e+03,(8.0+/-2.4)e+03,(8.0+/-2.4)e+03,(8.0+/-2.4)e+03,(8.0+/-2.4)e+03,(8.0+/-2.4)e+03,(8.0+/-2.4)e+03,(8.0+/-2.4)e+03,(8.0+/-2.4)e+03,(8.0+/-2.4)e+03,(8.0+/-2.4)e+03,(8.0+/-2.4)e+03,(8.0+/-2.4)e+03,(8.0+/-2.4)e+03,(8.0+/-2.4)e+03,(8.0+/-2.4)e+03,(8.0+/-2.4)e+03,(8.0+/-2.4)e+03,(8.0+/-2.4)e+03,(8.0+/-2.4)e+03,(8.0+/-2.4)e+03,(8.0+/-2.4)e+03,(8.0+/-2.4)e+03,(8.0+/-2.4)e+03,(8.0+/-2.4)e+03,(8.0+/-2.4)e+03,(8.0+/-2.4)e+03,(8.0+/-2.4)e+03,(8.0+/-2.4)e+03
Venezuela,1483435,3347208,0,0.0+/-0,0.0+/-0,0.0+/-0,(6.6+/-2.3)e+03,(6.6+/-2.3)e+03,(6.6+/-2.3)e+03,(6.6+/-2.3)e+03,(6.6+/-2.3)e+03,(6.6+/-2.3)e+03,(6.6+/-2.3)e+03,(6.6+/-2.3)e+03,(6.6+/-2.3)e+03,(6.6+/-2.3)e+03,(6.6+/-2.3)e+03,(6.6+/-2.3)e+03,(6.6+/-2.3)e+03,(6.6+/-2.3)e+03,(6.6+/-2.3)e+03,(6.6+/-2.3)e+03,(6.6+/-2.3)e+03,(6.6+/-2.3)e+03,(6.6+/-2.3)e+03,(6.6+/-2.3)e+03,(6.6+/-2.3)e+03,(6.6+/-2.3)e+03,(6.6+/-2.3)e+03,(6.6+/-2.3)e+03,(6.6+/-2.3)e+03,(6.6+/-2.3)e+03,(6.6+/-2.3)e+03,(6.6+/-2.3)e+03,(6.6+/-2.3)e+03,(6.6+/-2.3)e+03,(6.6+/-2.3)e+03,(6.6+/-2.3)e+03,(6.6+/-2.3)e+03,(6.6+/-2.3)e+03,(6.6+/-2.3)e+03,(6.6+/-2.3)e+03,(6.6+/-2.3)e+03,(6.6+/-2.3)e+03,(6.6+/-2.3)e+03,(6.6+/-2.3)e+03,(6.6+/-2.3)e+03,(6.6+/-2.3)e+03,(6.6+/-2.3)e+03,(6.6+/-2.3)e+03,(6.6+/-2.3)e+03,(6.6+/-2.3)e+03,(6.6+/-2.3)e+03,(6.6+/-2.3)e+03,(6.6+/-2.3)e+03
British Virgin Islands,2360,5076,0,0.0+/-0,0.0+/-0,0.0+/-0,(6.6+/-2.3)e+03,(6.6+/-2.3)e+03,(6.6+/-2.3)e+03,(6.6+/-2.3)e+03,(6.6+/-2.3)e+03,(6.6+/-2.3)e+03,(6.6+/-2.3)e+03,(6.6+/-2.3)e+03,(6.6+/-2.3)e+03,(6.6+/-2.3)e+03,(6.6+/-2.3)e+03,(6.6+/-2.3)e+03,(6.6+/-2.3)e+03,(6.6+/-2.3)e+03,(6.6+/-2.3)e+03,(6.6+/-2.3)e+03,(6.6+/-2.3)e+03,(6.6+/-2.3)e+03,(6.6+/-2.3)e+03,(6.6+/-2.3)e+03,(6.6+/-2.3)e+03,(6.6+/-2.3)e+03,(6.6+/-2.3)e+03,(6.6+/-2.3)e+03,(6.6+/-2.3)e+03,(6.6+/-2.3)e+03,(6.6+/-2.3)e+03,(6.6+/-2.3)e+03,(6.6+/-2.3)e+03,(6.6+/-2.3)e+03,(6.6+/-2.3)e+03,(6.6+/-2.3)e+03,(6.6+/-2.3)e+03,(6.6+/-2.3)e+03,(6.6+/-2.3)e+03,(6.6+/-2.3)e+03,(6.6+/-2.3)e+03,(6.6+/-2.3)e+03,(6.6+/-2.3)e+03,(6.6+/-2.3)e+03,(6.6+/-2.3)e+03,(6.6+/-2.3)e+03,(6.6+/-2.3)e+03,(6.6+/-2.3)e+03,(6.6+/-2.3)e+03,(6.6+/-2.3)e+03,(6.6+/-2.3)e+03,(6.6+/-2.3)e+03,(6.6+/-2.3)e+03
United States Virgin Islands,5065,10892,0,0.0+/-0,0.0+/-0,0.0+/-0,(6.6+/-2.3)e+03,(6.6+/-2.3)e+03,(6.6+/-2.3)e+03,(6.6+/-2.3)e+03,(6.6+/-2.3)e+03,(6.6+/-2.3)e+03,(6.6+/-2.3)e+03,(6.6+/-2.3)e+03,(6.6+/-2.3)e+03,(6.6+/-2.3)e+03,(6.6+/-2.3)e+03,(6.6+/-2.3)e+03,(6.6+/-2.3)e+03,(6.6+/-2.3)e+03,(6.6+/-2.3)e+03,(6.6+/-2.3)e+03,(6.6+/-2.3)e+03,(6.6+/-2.3)e+03,(6.6+/-2.3)e+03,(6.6+/-2.3)e+03,(6.6+/-2.3)e+03,(6.6+/-2.3)e+03,(6.6+/-2.3)e+03,(6.6+/-2.3)e+03,(6.6+/-2.3)e+03,(6.6+/-2.3)e+03,(6.6+/-2.3)e+03,(6.6+/-2.3)e+03,(6.6+/-2.3)e+03,(6.6+/-2.3)e+03,(6.6+/-2.3)e+03,(6.6+/-2.3)e+03,(6.6+/-2.3)e+03,(6.6+/-2.3)e+03,(6.6+/-2.3)e+03,(6.6+/-2.3)e+03,(6.6+/-2.3)e+03,(6.6+/-2.3)e+03,(6.6+/-2.3)e+03,(6.6+/-2.3)e+03,(6.6+/-2.3)e+03,(6.6+/-2.3)e+03,(6.6+/-2.3)e+03,(6.6+/-2.3)e+03,(6.6+/-2.3)e+03,(6.6+/-2.3)e+03,(6.6+/-2.3)e+03,(6.6+/-2.3)e+03,(6.6+/-2.3)e+03
Vietnam,8051191,17468698,0,(1.8+/-1.0)e+05,(4.1+/-2.2)e+05,(7+/-4)e+05,(1.02+/-0.34)e+07,(1.08+/-0.35)e+07,(1.3+/-0.4)e+07,(1.5+/-0.4)e+07,(1.7+/-0.4)e+07,(1.9+/-0.4)e+07,(2.0+/-0.4)e+07,(2.2+/-0.4)e+07,(2.3+/-0.4)e+07,(2.4+/-0.4)e+07,(2.6+/-0.4)e+07,(2.7+/-0.5)e+07,(2.8+/-0.5)e+07,(2.9+/-0.5)e+07,(3.1+/-0.5)e+07,(3.2+/-0.5)e+07,(3.3+/-0.5)e+07,(3.5+/-0.5)e+07,(3.6+/-0.5)e+07,(3.7+/-0.5)e+07,(3.9+/-0.5)e+07,(4.0+/-0.6)e+07,(4.1+/-0.6)e+07,(4.3+/-0.6)e+07,(4.4+/-0.6)e+07,(4.5+/-0.6)e+07,(4.6+/-0.6)e+07,(4.8+/-0.6)e+07,(4.9+/-0.7)e+07,(5.0+/-0.7)e+07,(5.2+/-0.7)e+07,(5.3+/-0.7)e+07,(5.4+/-0.7)e+07,(5.6+/-0.7)e+07,(5.7+/-0.7)e+07,(5.8+/-0.8)e+07,(6.0+/-0.8)e+07,(6.1+/-0.8)e+07,(6.2+/-0.8)e+07,(6.4+/-0.8)e+07,(6.5+/-0.8)e+07,(6.6+/-0.9)e+07,(6.7+/-0.9)e+07,(6.9+/-0.9)e+07,(7.0+/-0.9)e+07,(7.1+/-0.9)e+07,(7.3+/-0.9)e+07,(7.4+/-1.0)e+07,(7.5+/-1.0)e+07
Vanuatu,9345,20685,0,0.0+/-0,0.0+/-0,0.0+/-0,(6.6+/-2.3)e+03,(6.6+/-2.3)e+03,(6.6+/-2.3)e+03,(6.6+/-2.3)e+03,(6.6+/-2.3)e+03,(6.6+/-2.3)e+03,(6.6+/-2.3)e+03,(6.6+/-2.3)e+03,(6.6+/-2.3)e+03,(6.6+/-2.3)e+03,(6.6+/-2.3)e+03,(6.6+/-2.3)e+03,(6.6+/-2.3)e+03,(6.6+/-2.3)e+03,(6.6+/-2.3)e+03,(6.6+/-2.3)e+03,(6.6+/-2.3)e+03,(6.6+/-2.3)e+03,(6.6+/-2.3)e+03,(6.6+/-2.3)e+03,(6.6+/-2.3)e+03,(6.6+/-2.3)e+03,(6.6+/-2.3)e+03,(6.6+/-2.3)e+03,(6.6+/-2.3)e+03,(6.6+/-2.3)e+03,(6.6+/-2.3)e+03,(6.6+/-2.3)e+03,(6.6+/-2.3)e+03,(6.6+/-2.3)e+03,(6.6+/-2.3)e+03,(6.6+/-2.3)e+03,(6.6+/-2.3)e+03,(6.6+/-2.3)e+03,(6.6+/-2.3)e+03,(6.6+/-2.3)e+03,(6.6+/-2.3)e+03,(6.6+/-2.3)e+03,(6.6+/-2.3)e+03,(6.6+/-2.3)e+03,(6.6+/-2.3)e+03,(6.6+/-2.3)e+03,(6.6+/-2.3)e+03,(6.6+/-2.3)e+03,(6.6+/-2.3)e+03,(6.6+/-2.3)e+03,(6.6+/-2.3)e+03,(6.6+/-2.3)e+03,(6.6+/-2.3)e+03
Samoa,5676,12183,0,0.0+/-0,0.0+/-0,0.0+/-0,(6.6+/-2.3)e+03,(6.6+/-2.3)e+03,(6.6+/-2.3)e+03,(6.6+/-2.3)e+03,(6.6+/-2.3)e+03,(6.6+/-2.3)e+03,(6.6+/-2.3)e+03,(6.6+/-2.3)e+03,(6.6+/-2.3)e+03,(6.6+/-2.3)e+03,(6.6+/-2.3)e+03,(6.6+/-2.3)e+03,(6.6+/-2.3)e+03,(6.6+/-2.3)e+03,(6.6+/-2.3)e+03,(6.6+/-2.3)e+03,(6.6+/-2.3)e+03,(6.6+/-2.3)e+03,(6.6+/-2.3)e+03,(6.6+/-2.3)e+03,(6.6+/-2.3)e+03,(6.6+/-2.3)e+03,(6.6+/-2.3)e+03,(6.6+/-2.3)e+03,(6.6+/-2.3)e+03,(6.6+/-2.3)e+03,(6.6+/-2.3)e+03,(6.6+/-2.3)e+03,(6.6+/-2.3)e+03,(6.6+/-2.3)e+03,(6.6+/-2.3)e+03,(6.6+/-2.3)e+03,(6.6+/-2.3)e+03,(6.6+/-2.3)e+03,(6.6+/-2.3)e+03,(6.6+/-2.3)e+03,(6.6+/-2.3)e+03,(6.6+/-2.3)e+03,(6.6+/-2.3)e+03,(6.6+/-2.3)e+03,(6.6+/-2.3)e+03,(6.6+/-2.3)e+03,(6.6+/-2.3)e+03,(6.6+/-2.3)e+03,(6.6+/-2.3)e+03,(6.6+/-2.3)e+03,(6.6+/-2.3)e+03,(6.6+/-2.3)e+03,(6.6+/-2.3)e+03
Kosovo,45988,132815,0,(2.5+/-1.3)e+03,(5.7+/-3.0)e+03,(9+/-5)e+03,(4.5+/-1.6)e+05,(4.6+/-1.6)e+05,(4.8+/-1.6)e+05,(4.9+/-1.7)e+05,(4.9+/-1.7)e+05,(5.0+/-1.7)e+05,(5.0+/-1.7)e+05,(5.0+/-1.7)e+05,(5.0+/-1.7)e+05,(5.0+/-1.7)e+05,(5.0+/-1.7)e+05,(5.0+/-1.7)e+05,(5.0+/-1.7)e+05,(5.0+/-1.7)e+05,(5.0+/-1.7)e+05,(5.0+/-1.7)e+05,(5.0+/-1.7)e+05,(5.0+/-1.7)e+05,(5.0+/-1.7)e+05,(5.0+/-1.7)e+05,(5.0+/-1.7)e+05,(5.0+/-1.7)e+05,(5.0+/-1.7)e+05,(5.0+/-1.7)e+05,(5.0+/-1.7)e+05,(5.0+/-1.7)e+05,(5.0+/-1.7)e+05,(5.0+/-1.7)e+05,(5.0+/-1.7)e+05,(5.0+/-1.7)e+05,(5.0+/-1.7)e+05,(5.0+/-1.7)e+05,(5.0+/-1.7)e+05,(5.0+/-1.7)e+05,(5.0+/-1.7)e+05,(5.0+/-1.7)e+05,(5.0+/-1.7)e+05,(5.0+/-1.7)e+05,(5.0+/-1.7)e+05,(5.0+/-1.7)e+05,(5.0+/-1.7)e+05,(5.0+/-1.7)e+05,(5.0+/-1.7)e+05,(5.0+/-1.7)e+05,(5.0+/-1.7)e+05,(5.0+/-1.7)e+05,(5.0+/-1.7)e+05,(5.0+/-1.7)e+05,(5.0+/-1.7)e+05
Yemen,835998,2004119,0,0.0+/-0,0.0+/-0,0.0+/-0,(6.6+/-2.3)e+03,(6.6+/-2.3)e+03,(6.6+/-2.3)e+03,(6.6+/-2.3)e+03,(6.6+/-2.3)e+03,(6.6+/-2.3)e+03,(6.6+/-2.3)e+03,(6.6+/-2.3)e+03,(6.6+/-2.3)e+03,(6.6+/-2.3)e+03,(6.6+/-2.3)e+03,(6.6+/-2.3)e+03,(6.6+/-2.3)e+03,(6.6+/-2.3)e+03,(6.6+/-2.3)e+03,(6.6+/-2.3)e+03,(6.6+/-2.3)e+03,(6.6+/-2.3)e+03,(6.6+/-2.3)e+03,(6.6+/-2.3)e+03,(6.6+/-2.3)e+03,(6.6+/-2.3)e+03,(6.6+/-2.3)e+03,(6.6+/-2.3)e+03,(6.6+/-2.3)e+03,(6.6+/-2.3)e+03,(6.6+/-2.3)e+03,(6.6+/-2.3)e+03,(6.6+/-2.3)e+03,(6.6+/-2.3)e+03,(6.6+/-2.3)e+03,(6.6+/-2.3)e+03,(6.6+/-2.3)e+03,(6.6+/-2.3)e+03,(6.6+/-2.3)e+03,(6.6+/-2.3)e+03,(6.6+/-2.3)e+03,(6.6+/-2.3)e+03,(6.6+/-2.3)e+03,(6.6+/-2.3)e+03,(6.6+/-2.3)e+03,(6.6+/-2.3)e+03,(6.6+/-2.3)e+03,(6.6+/-2.3)e+03,(6.6+/-2.3)e+03,(6.6+/-2.3)e+03,(6.6+/-2.3)e+03,(6.6+/-2.3)e+03,(6.6+/-2.3)e+03
South Africa,2028520,5841137,0,(1.0+/-0.5)e+05,(2.2+/-1.2)e+05,(3.7+/-1.9)e+05,(1.6+/-0.6)e+07,(1.7+/-0.6)e+07,(1.8+/-0.6)e+07,(1.9+/-0.6)e+07,(2.0+/-0.6)e+07,(2.1+/-0.6)e+07,(2.2+/-0.6)e+07,(2.3+/-0.6)e+07,(2.3+/-0.6)e+07,(2.4+/-0.6)e+07,(2.5+/-0.6)e+07,(2.6+/-0.6)e+07,(2.6+/-0.6)e+07,(2.7+/-0.6)e+07,(2.8+/-0.6)e+07,(2.8+/-0.6)e+07,(2.9+/-0.6)e+07,(3.0+/-0.6)e+07,(3.0+/-0.6)e+07,(3.1+/-0.6)e+07,(3.2+/-0.6)e+07,(3.2+/-0.6)e+07,(3.3+/-0.6)e+07,(3.4+/-0.6)e+07,(3.4+/-0.6)e+07,(3.5+/-0.6)e+07,(3.6+/-0.6)e+07,(3.7+/-0.6)e+07,(3.7+/-0.6)e+07,(3.8+/-0.6)e+07,(3.9+/-0.6)e+07,(3.9+/-0.7)e+07,(4.0+/-0.7)e+07,(4.1+/-0.7)e+07,(4.1+/-0.7)e+07,(4.2+/-0.7)e+07,(4.3+/-0.7)e+07,(4.3+/-0.7)e+07,(4.4+/-0.7)e+07,(4.5+/-0.7)e+07,(4.5+/-0.7)e+07,(4.6+/-0.7)e+07,(4.7+/-0.7)e+07,(4.8+/-0.7)e+07,(4.8+/-0.7)e+07,(4.9+/-0.7)e+07,(5.0+/-0.7)e+07,(5.0+/-0.7)e+07,(5.1+/-0.8)e+07
Zambia,522193,1315699,0,0.0+/-0,0.0+/-0,0.0+/-0,(1.2+/-0.4)e+05,(1.2+/-0.4)e+05,(1.2+/-0.4)e+05,(1.2+/-0.4)e+05,(1.2+/-0.4)e+05,(1.2+/-0.4)e+05,(1.2+/-0.4)e+05,(1.2+/-0.4)e+05,(1.2+/-0.4)e+05,(1.2+/-0.4)e+05,(1.2+/-0.4)e+05,(1.2+/-0.4)e+05,(1.2+/-0.4)e+05,(1.2+/-0.4)e+05,(1.2+/-0.4)e+05,(1.2+/-0.4)e+05,(1.2+/-0.4)e+05,(1.2+/-0.4)e+05,(1.2+/-0.4)e+05,(1.2+/-0.4)e+05,(1.2+/-0.4)e+05,(1.2+/-0.4)e+05,(1.2+/-0.4)e+05,(1.2+/-0.4)e+05,(1.2+/-0.4)e+05,(1.2+/-0.4)e+05,(1.2+/-0.4)e+05,(1.2+/-0.4)e+05,(1.2+/-0.4)e+05,(1.2+/-0.4)e+05,(1.2+/-0.4)e+05,(1.2+/-0.4)e+05,(1.2+/-0.4)e+05,(1.2+/-0.4)e+05,(1.2+/-0.4)e+05,(1.2+/-0.4)e+05,(1.2+/-0.4)e+05,(1.2+/-0.4)e+05,(1.2+/-0.4)e+05,(1.2+/-0.4)e+05,(1.2+/-0.4)e+05,(1.2+/-0.4)e+05,(1.2+/-0.4)e+05,(1.2+/-0.4)e+05,(1.2+/-0.4)e+05,(1.2+/-0.4)e+05,(1.2+/-0.4)e+05,(1.2+/-0.4)e+05,(1.2+/-0.4)e+05
Zimbabwe,583624,1337992,0,0.0+/-0,0.0+/-0,0.0+/-0,(5.7+/-2.1)e+05,(5.7+/-2.1)e+05,(5.7+/-2.1)e+05,(5.7+/-2.1)e+05,(5.7+/-2.1)e+05,(5.7+/-2.1)e+05,(5.7+/-2.1)e+05,(5.7+/-2.1)e+05,(5.7+/-2.1)e+05,(5.7+/-2.1)e+05,(5.7+/-2.1)e+05,(5.7+/-2.1)e+05,(5.7+/-2.1)e+05,(5.7+/-2.1)e+05,(5.7+/-2.1)e+05,(5.7+/-2.1)e+05,(5.7+/-2.1)e+05,(5.7+/-2.1)e+05,(5.7+/-2.1)e+05,(5.7+/-2.1)e+05,(5.7+/-2.1)e+05,(5.7+/-2.1)e+05,(5.7+/-2.1)e+05,(5.7+/-2.1)e+05,(5.7+/-2.1)e+05,(5.7+/-2.1)e+05,(5.7+/-2.1)e+05,(5.7+/-2.1)e+05,(5.7+/-2.1)e+05,(5.7+/-2.1)e+05,(5.7+/-2.1)e+05,(5.7+/-2.1)e+05,(5.7+/-2.1)e+05,(5.7+/-2.1)e+05,(5.7+/-2.1)e+05,(5.7+/-2.1)e+05,(5.7+/-2.1)e+05,(5.7+/-2.1)e+05,(5.7+/-2.1)e+05,(5.7+/-2.1)e+05,(5.7+/-2.1)e+05,(5.7+/-2.1)e+05,(5.7+/-2.1)e+05,(5.7+/-2.1)e+05,(5.7+/-2.1)e+05,(5.7+/-2.1)e+05,(5.7+/-2.1)e+05,(5.7+/-2.1)e+05,(5.7+/-2.1)e+05
Australia and New Zealand,1323582,3160230,0,(2.3+/-1.2)e+05,(5.2+/-2.7)e+05,(9+/-5)e+05,(1.06+/-0.30)e+07,(1.30+/-0.32)e+07,(1.61+/-0.35)e+07,(1.9+/-0.4)e+07,(2.1+/-0.4)e+07,(2.3+/-0.4)e+07,(2.5+/-0.4)e+07,(2.6+/-0.4)e+07,(2.8+/-0.5)e+07,(3.0+/-0.5)e+07,(3.1+/-0.5)e+07,(3.3+/-0.5)e+07,(3.5+/-0.5)e+07,(3.6+/-0.5)e+07,(3.8+/-0.5)e+07,(4.0+/-0.5)e+07,(4.1+/-0.5)e+07,(4.3+/-0.5)e+07,(4.5+/-0.6)e+07,(4.6+/-0.6)e+07,(4.8+/-0.6)e+07,(4.9+/-0.6)e+07,(5.1+/-0.6)e+07,(5.3+/-0.6)e+07,(5.4+/-0.6)e+07,(5.6+/-0.7)e+07,(5.8+/-0.7)e+07,(5.9+/-0.7)e+07,(6.1+/-0.7)e+07,(6.3+/-0.7)e+07,(6.4+/-0.7)e+07,(6.6+/-0.8)e+07,(6.8+/-0.8)e+07,(6.9+/-0.8)e+07,(7.1+/-0.8)e+07,(7.3+/-0.8)e+07,(7.4+/-0.8)e+07,(7.6+/-0.9)e+07,(7.7+/-0.9)e+07,(7.9+/-0.9)e+07,(8.1+/-0.9)e+07,(8.2+/-0.9)e+07,(8.4+/-0.9)e+07,(8.6+/-1.0)e+07,(8.7+/-1.0)e+07,(8.9+/-1.0)e+07,(9.1+/-1.0)e+07,(9.2+/-1.0)e+07,(9.4+/-1.1)e+07
Caribbean,2079995,5581174,0,(3.6+/-0.5)e+05,(7.4+/-1.1)e+05,(1.15+/-0.18)e+06,(2.11+/-0.33)e+06,(2.7+/-0.5)e+06,(3.5+/-0.7)e+06,(4.0+/-0.8)e+06,(4.5+/-0.9)e+06,(5.0+/-1.0)e+06,(5.5+/-1.1)e+06,(5.9+/-1.1)e+06,(6.3+/-1.1)e+06,(6.6+/-1.1)e+06,(7.0+/-1.2)e+06,(7.3+/-1.2)e+06,(7.7+/-1.2)e+06,(8.0+/-1.2)e+06,(8.4+/-1.2)e+06,(8.7+/-1.2)e+06,(9.1+/-1.2)e+06,(9.4+/-1.2)e+06,(9.8+/-1.3)e+06,(1.02+/-0.13)e+07,(1.05+/-0.13)e+07,(1.09+/-0.13)e+07,(1.12+/-0.13)e+07,(1.16+/-0.14)e+07,(1.19+/-0.14)e+07,(1.23+/-0.14)e+07,(1.26+/-0.14)e+07,(1.30+/-0.14)e+07,(1.33+/-0.15)e+07,(1.37+/-0.15)e+07,(1.40+/-0.15)e+07,(1.44+/-0.15)e+07,(1.48+/-0.15)e+07,(1.51+/-0.16)e+07,(1.55+/-0.16)e+07,(1.58+/-0.16)e+07,(1.62+/-0.16)e+07,(1.65+/-0.17)e+07,(1.69+/-0.17)e+07,(1.72+/-0.17)e+07,(1.76+/-0.17)e+07,(1.79+/-0.18)e+07,(1.83+/-0.18)e+07,(1.86+/-0.18)e+07,(1.90+/-0.18)e+07,(1.94+/-0.19)e+07,(1.97+/-0.19)e+07,(2.01+/-0.19)e+07,(2.04+/-0.19)e+07
Central America,10747059,30672446,0,(8+/-4)e+05,(1.8+/-0.8)e+06,(2.9+/-1.4)e+06,(1.17+/-0.24)e+07,(1.9+/-0.4)e+07,(2.9+/-0.6)e+07,(3.7+/-0.8)e+07,(4.4+/-0.9)e+07,(5.1+/-1.0)e+07,(5.7+/-1.0)e+07,(6.4+/-1.1)e+07,(6.9+/-1.1)e+07,(7.5+/-1.2)e+07,(8.0+/-1.2)e+07,(8.6+/-1.3)e+07,(9.2+/-1.3)e+07,(9.7+/-1.4)e+07,(1.03+/-0.14)e+08,(1.09+/-0.15)e+08,(1.14+/-0.16)e+08,(1.20+/-0.16)e+08,(1.25+/-0.17)e+08,(1.31+/-0.18)e+08,(1.37+/-0.18)e+08,(1.42+/-0.19)e+08,(1.48+/-0.19)e+08,(1.54+/-0.20)e+08,(1.59+/-0.21)e+08,(1.65+/-0.21)e+08,(1.70+/-0.22)e+08,(1.76+/-0.23)e+08,(1.82+/-0.23)e+08,(1.87+/-0.24)e+08,(1.93+/-0.25)e+08,(1.99+/-0.26)e+08,(2.04+/-0.26)e+08,(2.10+/-0.27)e+08,(2.15+/-0.28)e+08,(2.21+/-0.28)e+08,(2.27+/-0.29)e+08,(2.32+/-0.30)e+08,(2.38+/-0.30)e+08,(2.44+/-0.31)e+08,(2.49+/-0.32)e+08,(2.55+/-0.33)e+08,(2.60+/-0.33)e+08,(2.66+/-0.34)e+08,(2.72+/-0.35)e+08,(2.77+/-0.35)e+08,(2.8+/-0.4)e+08,(2.9+/-0.4)e+08,(2.9+/-0.4)e+08
Central Asia,4000253,8062469,0,(1.1+/-0.6)e+05,(2.5+/-1.3)e+05,(4.1+/-2.1)e+05,(6.3+/-2.1)e+06,(7.1+/-2.2)e+06,(8.3+/-2.3)e+06,(9.3+/-2.4)e+06,(1.03+/-0.25)e+07,(1.11+/-0.25)e+07,(1.19+/-0.26)e+07,(1.27+/-0.26)e+07,(1.34+/-0.26)e+07,(1.41+/-0.26)e+07,(1.48+/-0.26)e+07,(1.54+/-0.27)e+07,(1.61+/-0.27)e+07,(1.68+/-0.27)e+07,(1.75+/-0.27)e+07,(1.82+/-0.28)e+07,(1.89+/-0.28)e+07,(1.95+/-0.28)e+07,(2.02+/-0.28)e+07,(2.09+/-0.29)e+07,(2.16+/-0.29)e+07,(2.23+/-0.29)e+07,(2.30+/-0.30)e+07,(2.36+/-0.30)e+07,(2.43+/-0.31)e+07,(2.50+/-0.31)e+07,(2.57+/-0.31)e+07,(2.64+/-0.32)e+07,(2.71+/-0.32)e+07,(2.77+/-0.33)e+07,(2.84+/-0.33)e+07,(2.91+/-0.34)e+07,(2.98+/-0.34)e+07,(3.05+/-0.34)e+07,(3.12+/-0.35)e+07,(3.18+/-0.35)e+07,(3.3+/-0.4)e+07,(3.3+/-0.4)e+07,(3.4+/-0.4)e+07,(3.5+/-0.4)e+07,(3.5+/-0.4)e+07,(3.6+/-0.4)e+07,(3.7+/-0.4)e+07,(3.7+/-0.4)e+07,(3.8+/-0.4)e+07,(3.9+/-0.4)e+07,(3.9+/-0.4)e+07,(4.0+/-0.4)e+07,(4.1+/-0.4)e+07
Eastern Africa,30553237,53327862,0,0.0+/-0,0.0+/-0,0.0+/-0,(8.9+/-3.3)e+05,(8.9+/-3.3)e+05,(8.9+/-3.3)e+05,(8.9+/-3.3)e+05,(8.9+/-3.3)e+05,(8.9+/-3.3)e+05,(8.9+/-3.3)e+05,(8.9+/-3.3)e+05,(8.9+/-3.3)e+05,(8.9+/-3.3)e+05,(8.9+/-3.3)e+05,(8.9+/-3.3)e+05,(8.9+/-3.3)e+05,(8.9+/-3.3)e+05,(8.9+/-3.3)e+05,(8.9+/-3.3)e+05,(8.9+/-3.3)e+05,(8.9+/-3.3)e+05,(8.9+/-3.3)e+05,(8.9+/-3.3)e+05,(8.9+/-3.3)e+05,(8.9+/-3.3)e+05,(8.9+/-3.3)e+05,(8.9+/-3.3)e+05,(8.9+/-3.3)e+05,(8.9+/-3.3)e+05,(8.9+/-3.3)e+05,(8.9+/-3.3)e+05,(8.9+/-3.3)e+05,(8.9+/-3.3)e+05,(8.9+/-3.3)e+05,(8.9+/-3.3)e+05,(8.9+/-3.3)e+05,(8.9+/-3.3)e+05,(8.9+/-3.3)e+05,(8.9+/-3.3)e+05,(8.9+/-3.3)e+05,(8.9+/-3.3)e+05,(8.9+/-3.3)e+05,(8.9+/-3.3)e+05,(8.9+/-3.3)e+05,(8.9+/-3.3)e+05,(8.9+/-3.3)e+05,(8.9+/-3.3)e+05,(8.9+/-3.3)e+05,(8.9+/-3.3)e+05,(8.9+/-3.3)e+05,(8.9+/-3.3)e+05,(8.9+/-3.3)e+05
Eastern Asia,124151357,253150463,0,(8.1+/-1.0)e+07,(5.8+/-0.8)e+08,(6.8+/-0.9)e+08,(1.23+/-0.19)e+09,(1.36+/-0.20)e+09,(1.54+/-0.22)e+09,(1.68+/-0.23)e+09,(1.81+/-0.25)e+09,(1.93+/-0.26)e+09,(2.05+/-0.27)e+09,(2.17+/-0.28)e+09,(2.28+/-0.29)e+09,(2.39+/-0.30)e+09,(2.49+/-0.30)e+09,(2.60+/-0.31)e+09,(2.71+/-0.32)e+09,(2.81+/-0.33)e+09,(2.92+/-0.34)e+09,(3.03+/-0.35)e+09,(3.1+/-0.4)e+09,(3.2+/-0.4)e+09,(3.4+/-0.4)e+09,(3.5+/-0.4)e+09,(3.6+/-0.4)e+09,(3.7+/-0.4)e+09,(3.8+/-0.4)e+09,(3.9+/-0.4)e+09,(4.0+/-0.4)e+09,(4.1+/-0.5)e+09,(4.2+/-0.5)e+09,(4.3+/-0.5)e+09,(4.4+/-0.5)e+09,(4.5+/-0.5)e+09,(4.6+/-0.5)e+09,(4.7+/-0.5)e+09,(4.8+/-0.5)e+09,(5.0+/-0.5)e+09,(5.1+/-0.6)e+09,(5.2+/-0.6)e+09,(5.3+/-0.6)e+09,(5.4+/-0.6)e+09,(5.5+/-0.6)e+09,(5.6+/-0.6)e+09,(5.7+/-0.6)e+09,(5.8+/-0.6)e+09,(5.9+/-0.6)e+09,(6.0+/-0.7)e+09,(6.1+/-0.7)e+09,(6.2+/-0.7)e+09,(6.3+/-0.7)e+09,(6.5+/-0.7)e+09,(6.6+/-0.7)e+09
Eastern Europe,16845371,35208042,0,(1.2+/-0.6)e+06,(2.6+/-1.4)e+06,(4.3+/-2.3)e+06,(3.6+/-1.1)e+07,(4.3+/-1.2)e+07,(5.8+/-1.4)e+07,(7.0+/-1.6)e+07,(8.0+/-1.7)e+07,(8.9+/-1.7)e+07,(9.9+/-1.8)e+07,(1.08+/-0.19)e+08,(1.15+/-0.19)e+08,(1.23+/-0.19)e+08,(1.31+/-0.19)e+08,(1.39+/-0.19)e+08,(1.46+/-0.19)e+08,(1.54+/-0.20)e+08,(1.62+/-0.20)e+08,(1.70+/-0.20)e+08,(1.77+/-0.20)e+08,(1.85+/-0.20)e+08,(1.93+/-0.21)e+08,(2.01+/-0.21)e+08,(2.08+/-0.21)e+08,(2.16+/-0.22)e+08,(2.24+/-0.22)e+08,(2.32+/-0.22)e+08,(2.40+/-0.22)e+08,(2.47+/-0.23)e+08,(2.55+/-0.23)e+08,(2.63+/-0.23)e+08,(2.71+/-0.24)e+08,(2.78+/-0.24)e+08,(2.86+/-0.25)e+08,(2.94+/-0.25)e+08,(3.02+/-0.25)e+08,(3.09+/-0.26)e+08,(3.17+/-0.26)e+08,(3.25+/-0.26)e+08,(3.33+/-0.27)e+08,(3.40+/-0.27)e+08,(3.48+/-0.28)e+08,(3.56+/-0.28)e+08,(3.64+/-0.28)e+08,(3.72+/-0.29)e+08,(3.79+/-0.29)e+08,(3.87+/-0.30)e+08,(3.95+/-0.30)e+08,(4.03+/-0.31)e+08,(4.10+/-0.31)e+08,(4.18+/-0.31)e+08,(4.26+/-0.32)e+08
Melanesia,703079,1471235,0,(9+/-5)e+02,(2.1+/-1.1)e+03,(3.4+/-1.8)e+03,(1.6+/-0.6)e+05,(1.7+/-0.6)e+05,(1.7+/-0.6)e+05,(1.7+/-0.6)e+05,(1.8+/-0.6)e+05,(1.8+/-0.6)e+05,(1.8+/-0.6)e+05,(1.8+/-0.6)e+05,(1.8+/-0.6)e+05,(1.8+/-0.6)e+05,(1.8+/-0.6)e+05,(1.8+/-0.6)e+05,(1.8+/-0.6)e+05,(1.8+/-0.6)e+05,(1.8+/-0.6)e+05,(1.8+/-0.6)e+05,(1.8+/-0.6)e+05,(1.8+/-0.6)e+05,(1.8+/-0.6)e+05,(1.8+/-0.6)e+05,(1.8+/-0.6)e+05,(1.8+/-0.6)e+05,(1.8+/-0.6)e+05,(1.8+/-0.6)e+05,(1.8+/-0.6)e+05,(1.8+/-0.6)e+05,(1.8+/-0.6)e+05,(1.8+/-0.6)e+05,(1.8+/-0.6)e+05,(1.8+/-0.6)e+05,(1.8+/-0.6)e+05,(1.8+/-0.6)e+05,(1.8+/-0.6)e+05,(1.8+/-0.6)e+05,(1.8+/-0.6)e+05,(1.8+/-0.6)e+05,(1.8+/-0.6)e+05,(1.8+/-0.6)e+05,(1.8+/-0.6)e+05,(1.8+/-0.6)e+05,(1.8+/-0.6)e+05,(1.8+/-0.6)e+05,(1.8+/-0.6)e+05,(1.8+/-0.6)e+05,(1.8+/-0.6)e+05,(1.8+/-0.6)e+05,(1.8+/-0.6)e+05,(1.8+/-0.6)e+05,(1.8+/-0.6)e+05
Micronesia,18572,42790,0,0.0+/-0,0.0+/-0,0.0+/-0,(4.0+/-1.4)e+04,(4.0+/-1.4)e+04,(4.0+/-1.4)e+04,(4.0+/-1.4)e+04,(4.0+/-1.4)e+04,(4.0+/-1.4)e+04,(4.0+/-1.4)e+04,(4.0+/-1.4)e+04,(4.0+/-1.4)e+04,(4.0+/-1.4)e+04,(4.0+/-1.4)e+04,(4.0+/-1.4)e+04,(4.0+/-1.4)e+04,(4.0+/-1.4)e+04,(4.0+/-1.4)e+04,(4.0+/-1.4)e+04,(4.0+/-1.4)e+04,(4.0+/-1.4)e+04,(4.0+/-1.4)e+04,(4.0+/-1.4)e+04,(4.0+/-1.4)e+04,(4.0+/-1.4)e+04,(4.0+/-1.4)e+04,(4.0+/-1.4)e+04,(4.0+/-1.4)e+04,(4.0+/-1.4)e+04,(4.0+/-1.4)e+04,(4.0+/-1.4)e+04,(4.0+/-1.4)e+04,(4.0+/-1.4)e+04,(4.0+/-1.4)e+04,(4.0+/-1.4)e+04,(4.0+/-1.4)e+04,(4.0+/-1.4)e+04,(4.0+/-1.4)e+04,(4.0+/-1.4)e+04,(4.0+/-1.4)e+04,(4.0+/-1.4)e+04,(4.0+/-1.4)e+04,(4.0+/-1.4)e+04,(4.0+/-1.4)e+04,(4.0+/-1.4)e+04,(4.0+/-1.4)e+04,(4.0+/-1.4)e+04,(4.0+/-1.4)e+04,(4.0+/-1.4)e+04,(4.0+/-1.4)e+04,(4.0+/-1.4)e+04,(4.0+/-1.4)e+04
Middle Africa,12655828,23754983,0,0.0+/-0,0.0+/-0,0.0+/-0,(5.9+/-2.1)e+04,(5.9+/-2.1)e+04,(5.9+/-2.1)e+04,(5.9+/-2.1)e+04,(5.9+/-2.1)e+04,(5.9+/-2.1)e+04,(5.9+/-2.1)e+04,(5.9+/-2.1)e+04,(5.9+/-2.1)e+04,(5.9+/-2.1)e+04,(5.9+/-2.1)e+04,(5.9+/-2.1)e+04,(5.9+/-2.1)e+04,(5.9+/-2.1)e+04,(5.9+/-2.1)e+04,(5.9+/-2.1)e+04,(5.9+/-2.1)e+04,(5.9+/-2.1)e+04,(5.9+/-2.1)e+04,(5.9+/-2.1)e+04,(5.9+/-2.1)e+04,(5.9+/-2.1)e+04,(5.9+/-2.1)e+04,(5.9+/-2.1)e+04,(5.9+/-2.1)e+04,(5.9+/-2.1)e+04,(5.9+/-2.1)e+04,(5.9+/-2.1)e+04,(5.9+/-2.1)e+04,(5.9+/-2.1)e+04,(5.9+/-2.1)e+04,(5.9+/-2.1)e+04,(5.9+/-2.1)e+04,(5.9+/-2.1)e+04,(5.9+/-2.1)e+04,(5.9+/-2.1)e+04,(5.9+/-2.1)e+04,(5.9+/-2.1)e+04,(5.9+/-2.1)e+04,(5.9+/-2.1)e+04,(5.9+/-2.1)e+04,(5.9+/-2.1)e+04,(5.9+/-2.1)e+04,(5.9+/-2.1)e+04,(5.9+/-2.1)e+04,(5.9+/-2.1)e+04,(5.9+/-2.1)e+04,(5.9+/-2.1)e+04,(5.9+/-2.1)e+04
Northern Africa,10873455,23008778,0,(2.0+/-1.0)e+05,(4.5+/-2.4)e+05,(8+/-4)e+05,(2.6+/-0.8)e+06,(3.3+/-1.1)e+06,(5.3+/-1.7)e+06,(6.7+/-2.1)e+06,(8.5+/-2.3)e+06,(1.00+/-0.25)e+07,(1.16+/-0.26)e+07,(1.30+/-0.27)e+07,(1.43+/-0.28)e+07,(1.56+/-0.28)e+07,(1.69+/-0.29)e+07,(1.81+/-0.29)e+07,(1.94+/-0.29)e+07,(2.07+/-0.30)e+07,(2.20+/-0.31)e+07,(2.32+/-0.31)e+07,(2.45+/-0.32)e+07,(2.58+/-0.32)e+07,(2.71+/-0.33)e+07,(2.83+/-0.34)e+07,(2.96+/-0.35)e+07,(3.09+/-0.35)e+07,(3.2+/-0.4)e+07,(3.3+/-0.4)e+07,(3.5+/-0.4)e+07,(3.6+/-0.4)e+07,(3.7+/-0.4)e+07,(3.9+/-0.4)e+07,(4.0+/-0.4)e+07,(4.1+/-0.4)e+07,(4.2+/-0.4)e+07,(4.4+/-0.4)e+07,(4.5+/-0.4)e+07,(4.6+/-0.5)e+07,(4.7+/-0.5)e+07,(4.9+/-0.5)e+07,(5.0+/-0.5)e+07,(5.1+/-0.5)e+07,(5.3+/-0.5)e+07,(5.4+/-0.5)e+07,(5.5+/-0.5)e+07,(5.6+/-0.5)e+07,(5.8+/-0.5)e+07,(5.9+/-0.6)e+07,(6.0+/-0.6)e+07,(6.1+/-0.6)e+07,(6.3+/-0.6)e+07,(6.4+/-0.6)e+07,(6.5+/-0.6)e+07
Northern America,17983077,41526161,0,(3.7+/-0.5)e+07,(2.7+/-0.4)e+08,(3.1+/-0.5)e+08,(4.3+/-0.6)e+08,(4.9+/-0.7)e+08,(5.7+/-0.8)e+08,(6.4+/-0.9)e+08,(7.0+/-1.0)e+08,(7.5+/-1.0)e+08,(8.1+/-1.1)e+08,(8.6+/-1.2)e+08,(9.1+/-1.2)e+08,(9.6+/-1.3)e+08,(1.01+/-0.13)e+09,(1.05+/-0.14)e+09,(1.10+/-0.15)e+09,(1.15+/-0.15)e+09,(1.20+/-0.16)e+09,(1.25+/-0.16)e+09,(1.30+/-0.17)e+09,(1.34+/-0.17)e+09,(1.39+/-0.18)e+09,(1.44+/-0.19)e+09,(1.49+/-0.19)e+09,(1.54+/-0.20)e+09,(1.59+/-0.21)e+09,(1.63+/-0.21)e+09,(1.68+/-0.22)e+09,(1.73+/-0.22)e+09,(1.78+/-0.23)e+09,(1.83+/-0.24)e+09,(1.88+/-0.24)e+09,(1.92+/-0.25)e+09,(1.97+/-0.25)e+09,(2.02+/-0.26)e+09,(2.07+/-0.27)e+09,(2.12+/-0.27)e+09,(2.16+/-0.28)e+09,(2.21+/-0.29)e+09,(2.26+/-0.29)e+09,(2.31+/-0.30)e+09,(2.36+/-0.31)e+09,(2.41+/-0.31)e+09,(2.45+/-0.32)e+09,(2.50+/-0.32)e+09,(2.55+/-0.33)e+09,(2.60+/-0.34)e+09,(2.65+/-0.34)e+09,(2.70+/-0.35)e+09,(2.7+/-0.4)e+09,(2.8+/-0.4)e+09,(2.8+/-0.4)e+09
Northern Europe,5056700,12261030,0,(5.2+/-0.9)e+06,(3.3+/-0.5)e+07,(4.1+/-0.6)e+07,(5.2+/-0.7)e+07,(6.4+/-0.9)e+07,(8.1+/-1.3)e+07,(9.4+/-1.5)e+07,(1.07+/-0.17)e+08,(1.19+/-0.18)e+08,(1.31+/-0.20)e+08,(1.43+/-0.21)e+08,(1.53+/-0.21)e+08,(1.64+/-0.21)e+08,(1.74+/-0.22)e+08,(1.84+/-0.22)e+08,(1.95+/-0.23)e+08,(2.05+/-0.23)e+08,(2.15+/-0.24)e+08,(2.26+/-0.25)e+08,(2.36+/-0.25)e+08,(2.46+/-0.26)e+08,(2.57+/-0.26)e+08,(2.67+/-0.27)e+08,(2.77+/-0.28)e+08,(2.88+/-0.28)e+08,(2.98+/-0.29)e+08,(3.08+/-0.29)e+08,(3.18+/-0.30)e+08,(3.29+/-0.31)e+08,(3.39+/-0.31)e+08,(3.49+/-0.32)e+08,(3.60+/-0.33)e+08,(3.70+/-0.33)e+08,(3.80+/-0.34)e+08,(3.91+/-0.35)e+08,(4.0+/-0.4)e+08,(4.1+/-0.4)e+08,(4.2+/-0.4)e+08,(4.3+/-0.4)e+08,(4.4+/-0.4)e+08,(4.5+/-0.4)e+08,(4.6+/-0.4)e+08,(4.7+/-0.4)e+08,(4.8+/-0.4)e+08,(4.9+/-0.4)e+08,(5.0+/-0.4)e+08,(5.1+/-0.4)e+08,(5.3+/-0.4)e+08,(5.4+/-0.5)e+08,(5.5+/-0.5)e+08,(5.6+/-0.5)e+08,(5.7+/-0.5)e+08
Polynesia,28607,61139,0,0.0+/-0,0.0+/-0,0.0+/-0,(4.0+/-1.4)e+04,(4.0+/-1.4)e+04,(4.0+/-1.4)e+04,(4.0+/-1.4)e+04,(4.0+/-1.4)e+04,(4.0+/-1.4)e+04,(4.0+/-1.4)e+04,(4.0+/-1.4)e+04,(4.0+/-1.4)e+04,(4.0+/-1.4)e+04,(4.0+/-1.4)e+04,(4.0+/-1.4)e+04,(4.0+/-1.4)e+04,(4.0+/-1.4)e+04,(4.0+/-1.4)e+04,(4.0+/-1.4)e+04,(4.0+/-1.4)e+04,(4.0+/-1.4)e+04,(4.0+/-1.4)e+04,(4.0+/-1.4)e+04,(4.0+/-1.4)e+04,(4.0+/-1.4)e+04,(4.0+/-1.4)e+04,(4.0+/-1.4)e+04,(4.0+/-1.4)e+04,(4.0+/-1.4)e+04,(4.0+/-1.4)e+04,(4.0+/-1.4)e+04,(4.0+/-1.4)e+04,(4.0+/-1.4)e+04,(4.0+/-1.4)e+04,(4.0+/-1.4)e+04,(4.0+/-1.4)e+04,(4.0+/-1.4)e+04,(4.0+/-1.4)e+04,(4.0+/-1.4)e+04,(4.0+/-1.4)e+04,(4.0+/-1.4)e+04,(4.0+/-1.4)e+04,(4.0+/-1.4)e+04,(4.0+/-1.4)e+04,(4.0+/-1.4)e+04,(4.0+/-1.4)e+04,(4.0+/-1.4)e+04,(4.0+/-1.4)e+04,(4.0+/-1.4)e+04,(4.0+/-1.4)e+04,(4.0+/-1.4)e+04,(4.0+/-1.4)e+04
South America,23294967,60786882,0,(1.2+/-0.5)e+06,(2.6+/-1.2)e+06,(4.3+/-2.0)e+06,(9.9+/-3.4)e+06,(1.3+/-0.5)e+07,(2.4+/-0.8)e+07,(3.4+/-1.0)e+07,(4.3+/-1.1)e+07,(5.1+/-1.2)e+07,(5.9+/-1.3)e+07,(6.6+/-1.4)e+07,(7.3+/-1.4)e+07,(8.0+/-1.4)e+07,(8.6+/-1.4)e+07,(9.3+/-1.4)e+07,(9.9+/-1.5)e+07,(1.06+/-0.15)e+08,(1.13+/-0.15)e+08,(1.19+/-0.15)e+08,(1.26+/-0.16)e+08,(1.32+/-0.16)e+08,(1.39+/-0.16)e+08,(1.45+/-0.17)e+08,(1.52+/-0.17)e+08,(1.59+/-0.18)e+08,(1.65+/-0.18)e+08,(1.72+/-0.18)e+08,(1.78+/-0.19)e+08,(1.85+/-0.19)e+08,(1.92+/-0.20)e+08,(1.98+/-0.20)e+08,(2.05+/-0.20)e+08,(2.11+/-0.21)e+08,(2.18+/-0.21)e+08,(2.25+/-0.22)e+08,(2.31+/-0.22)e+08,(2.38+/-0.23)e+08,(2.44+/-0.23)e+08,(2.51+/-0.24)e+08,(2.58+/-0.24)e+08,(2.64+/-0.25)e+08,(2.71+/-0.25)e+08,(2.77+/-0.26)e+08,(2.84+/-0.26)e+08,(2.90+/-0.27)e+08,(2.97+/-0.27)e+08,(3.04+/-0.28)e+08,(3.10+/-0.28)e+08,(3.17+/-0.29)e+08,(3.23+/-0.29)e+08,(3.30+/-0.30)e+08,(3.37+/-0.30)e+08
South-eastern Asia,54187500,117625871,0,(1.5+/-0.7)e+06,(3.3+/-1.6)e+06,(6.9+/-2.7)e+06,(5.4+/-1.6)e+07,(6.7+/-1.7)e+07,(8.7+/-1.9)e+07,(1.02+/-0.20)e+08,(1.15+/-0.22)e+08,(1.28+/-0.22)e+08,(1.40+/-0.23)e+08,(1.52+/-0.24)e+08,(1.63+/-0.24)e+08,(1.73+/-0.24)e+08,(1.84+/-0.24)e+08,(1.95+/-0.25)e+08,(2.05+/-0.25)e+08,(2.16+/-0.25)e+08,(2.26+/-0.25)e+08,(2.37+/-0.26)e+08,(2.48+/-0.26)e+08,(2.58+/-0.26)e+08,(2.69+/-0.26)e+08,(2.79+/-0.27)e+08,(2.90+/-0.27)e+08,(3.01+/-0.27)e+08,(3.11+/-0.28)e+08,(3.22+/-0.28)e+08,(3.32+/-0.29)e+08,(3.43+/-0.29)e+08,(3.54+/-0.29)e+08,(3.64+/-0.30)e+08,(3.75+/-0.30)e+08,(3.85+/-0.31)e+08,(3.96+/-0.31)e+08,(4.06+/-0.32)e+08,(4.17+/-0.32)e+08,(4.28+/-0.32)e+08,(4.38+/-0.33)e+08,(4.49+/-0.33)e+08,(4.59+/-0.34)e+08,(4.70+/-0.34)e+08,(4.81+/-0.35)e+08,(4.91+/-0.35)e+08,(5.0+/-0.4)e+08,(5.1+/-0.4)e+08,(5.2+/-0.4)e+08,(5.3+/-0.4)e+08,(5.4+/-0.4)e+08,(5.5+/-0.4)e+08,(5.7+/-0.4)e+08,(5.8+/-0.4)e+08,(5.9+/-0.4)e+08
Southern Africa,2399915,6698646,0,(1.0+/-0.5)e+05,(2.2+/-1.2)e+05,(3.7+/-1.9)e+05,(1.6+/-0.6)e+07,(1.7+/-0.6)e+07,(1.9+/-0.6)e+07,(2.0+/-0.6)e+07,(2.1+/-0.6)e+07,(2.1+/-0.6)e+07,(2.2+/-0.6)e+07,(2.3+/-0.6)e+07,(2.4+/-0.6)e+07,(2.4+/-0.6)e+07,(2.5+/-0.6)e+07,(2.6+/-0.6)e+07,(2.7+/-0.6)e+07,(2.7+/-0.6)e+07,(2.8+/-0.6)e+07,(2.9+/-0.6)e+07,(2.9+/-0.6)e+07,(3.0+/-0.6)e+07,(3.1+/-0.6)e+07,(3.1+/-0.6)e+07,(3.2+/-0.6)e+07,(3.3+/-0.6)e+07,(3.3+/-0.6)e+07,(3.4+/-0.6)e+07,(3.5+/-0.6)e+07,(3.5+/-0.6)e+07,(3.6+/-0.6)e+07,(3.7+/-0.6)e+07,(3.8+/-0.6)e+07,(3.8+/-0.7)e+07,(3.9+/-0.7)e+07,(4.0+/-0.7)e+07,(4.0+/-0.7)e+07,(4.1+/-0.7)e+07,(4.2+/-0.7)e+07,(4.2+/-0.7)e+07,(4.3+/-0.7)e+07,(4.4+/-0.7)e+07,(4.4+/-0.7)e+07,(4.5+/-0.7)e+07,(4.6+/-0.7)e+07,(4.6+/-0.7)e+07,(4.7+/-0.7)e+07,(4.8+/-0.7)e+07,(4.9+/-0.7)e+07,(4.9+/-0.7)e+07,(5.0+/-0.7)e+07,(5.1+/-0.8)e+07,(5.1+/-0.8)e+07
Southern Asia,165057910,267701915,0,(2.1+/-0.6)e+06,(4.5+/-1.4)e+06,(1.40+/-0.25)e+07,(1.11+/-0.33)e+08,(1.23+/-0.33)e+08,(1.39+/-0.34)e+08,(1.53+/-0.35)e+08,(1.65+/-0.35)e+08,(1.8+/-0.4)e+08,(1.9+/-0.4)e+08,(2.0+/-0.4)e+08,(2.1+/-0.4)e+08,(2.2+/-0.4)e+08,(2.3+/-0.4)e+08,(2.3+/-0.4)e+08,(2.4+/-0.4)e+08,(2.5+/-0.4)e+08,(2.6+/-0.4)e+08,(2.7+/-0.4)e+08,(2.8+/-0.4)e+08,(2.9+/-0.4)e+08,(3.0+/-0.4)e+08,(3.1+/-0.4)e+08,(3.2+/-0.4)e+08,(3.3+/-0.4)e+08,(3.4+/-0.4)e+08,(3.5+/-0.4)e+08,(3.6+/-0.4)e+08,(3.7+/-0.4)e+08,(3.7+/-0.5)e+08,(3.8+/-0.5)e+08,(3.9+/-0.5)e+08,(4.0+/-0.5)e+08,(4.1+/-0.5)e+08,(4.2+/-0.5)e+08,(4.3+/-0.5)e+08,(4.4+/-0.5)e+08,(4.5+/-0.5)e+08,(4.6+/-0.5)e+08,(4.7+/-0.5)e+08,(4.8+/-0.5)e+08,(4.9+/-0.5)e+08,(5.0+/-0.5)e+08,(5.1+/-0.5)e+08,(5.2+/-0.6)e+08,(5.2+/-0.6)e+08,(5.3+/-0.6)e+08,(5.4+/-0.6)e+08,(5.5+/-0.6)e+08,(5.6+/-0.6)e+08,(5.7+/-0.6)e+08,(5.8+/-0.6)e+08
Southern Europe,7221249,17825632,0,(1.4+/-0.6)e+06,(9.1+/-1.7)e+06,(1.71+/-0.29)e+07,(3.3+/-0.5)e+07,(4.4+/-0.7)e+07,(6.0+/-1.1)e+07,(7.4+/-1.3)e+07,(8.6+/-1.5)e+07,(9.7+/-1.6)e+07,(1.08+/-0.17)e+08,(1.18+/-0.18)e+08,(1.28+/-0.19)e+08,(1.37+/-0.19)e+08,(1.46+/-0.20)e+08,(1.56+/-0.20)e+08,(1.65+/-0.21)e+08,(1.74+/-0.21)e+08,(1.84+/-0.22)e+08,(1.93+/-0.23)e+08,(2.03+/-0.23)e+08,(2.12+/-0.24)e+08,(2.21+/-0.25)e+08,(2.31+/-0.25)e+08,(2.40+/-0.26)e+08,(2.49+/-0.27)e+08,(2.59+/-0.28)e+08,(2.68+/-0.28)e+08,(2.77+/-0.29)e+08,(2.87+/-0.30)e+08,(2.96+/-0.31)e+08,(3.06+/-0.31)e+08,(3.15+/-0.32)e+08,(3.24+/-0.33)e+08,(3.34+/-0.34)e+08,(3.43+/-0.35)e+08,(3.52+/-0.35)e+08,(3.6+/-0.4)e+08,(3.7+/-0.4)e+08,(3.8+/-0.4)e+08,(3.9+/-0.4)e+08,(4.0+/-0.4)e+08,(4.1+/-0.4)e+08,(4.2+/-0.4)e+08,(4.3+/-0.4)e+08,(4.4+/-0.4)e+08,(4.5+/-0.4)e+08,(4.6+/-0.4)e+08,(4.6+/-0.5)e+08,(4.7+/-0.5)e+08,(4.8+/-0.5)e+08,(4.9+/-0.5)e+08,(5.0+/-0.5)e+08
Western Africa,30967876,64624926,0,(6.3+/-0.9)e+05,(1.29+/-0.19)e+06,(1.97+/-0.30)e+06,(3.0+/-0.5)e+06,(3.9+/-0.6)e+06,(5.0+/-0.9)e+06,(5.9+/-1.1)e+06,(6.6+/-1.3)e+06,(7.3+/-1.4)e+06,(8.0+/-1.5)e+06,(8.6+/-1.5)e+06,(9.1+/-1.6)e+06,(9.7+/-1.6)e+06,(1.02+/-0.17)e+07,(1.07+/-0.17)e+07,(1.13+/-0.18)e+07,(1.18+/-0.19)e+07,(1.24+/-0.19)e+07,(1.29+/-0.20)e+07,(1.34+/-0.20)e+07,(1.40+/-0.21)e+07,(1.45+/-0.22)e+07,(1.50+/-0.22)e+07,(1.56+/-0.23)e+07,(1.61+/-0.23)e+07,(1.66+/-0.24)e+07,(1.72+/-0.25)e+07,(1.77+/-0.26)e+07,(1.82+/-0.26)e+07,(1.88+/-0.27)e+07,(1.93+/-0.28)e+07,(1.99+/-0.28)e+07,(2.04+/-0.29)e+07,(2.09+/-0.30)e+07,(2.15+/-0.30)e+07,(2.20+/-0.31)e+07,(2.25+/-0.32)e+07,(2.31+/-0.33)e+07,(2.36+/-0.33)e+07,(2.41+/-0.34)e+07,(2.47+/-0.35)e+07,(2.5+/-0.4)e+07,(2.6+/-0.4)e+07,(2.6+/-0.4)e+07,(2.7+/-0.4)e+07,(2.7+/-0.4)e+07,(2.8+/-0.4)e+07,(2.8+/-0.4)e+07,(2.9+/-0.4)e+07,(2.9+/-0.4)e+07,(3.0+/-0.4)e+07,(3.1+/-0.4)e+07
Western Asia,13037221,29928296,0,(1.3+/-0.6)e+06,(3.9+/-1.3)e+06,(6.7+/-2.2)e+06,(1.9+/-0.5)e+07,(2.7+/-0.6)e+07,(3.8+/-1.0)e+07,(4.6+/-1.1)e+07,(5.4+/-1.3)e+07,(6.0+/-1.4)e+07,(6.6+/-1.4)e+07,(7.2+/-1.5)e+07,(7.6+/-1.5)e+07,(8.1+/-1.5)e+07,(8.6+/-1.5)e+07,(9.0+/-1.5)e+07,(9.5+/-1.5)e+07,(1.00+/-0.15)e+08,(1.04+/-0.16)e+08,(1.09+/-0.16)e+08,(1.14+/-0.16)e+08,(1.18+/-0.16)e+08,(1.23+/-0.16)e+08,(1.28+/-0.16)e+08,(1.32+/-0.16)e+08,(1.37+/-0.17)e+08,(1.42+/-0.17)e+08,(1.47+/-0.17)e+08,(1.51+/-0.17)e+08,(1.56+/-0.17)e+08,(1.61+/-0.18)e+08,(1.65+/-0.18)e+08,(1.70+/-0.18)e+08,(1.75+/-0.18)e+08,(1.79+/-0.18)e+08,(1.84+/-0.19)e+08,(1.89+/-0.19)e+08,(1.93+/-0.19)e+08,(1.98+/-0.19)e+08,(2.03+/-0.20)e+08,(2.07+/-0.20)e+08,(2.12+/-0.20)e+08,(2.17+/-0.20)e+08,(2.21+/-0.21)e+08,(2.26+/-0.21)e+08,(2.31+/-0.21)e+08,(2.35+/-0.21)e+08,(2.40+/-0.22)e+08,(2.45+/-0.22)e+08,(2.49+/-0.22)e+08,(2.54+/-0.22)e+08,(2.59+/-0.23)e+08,(2.63+/-0.23)e+08
Western Europe,10758415,23911894,0,(1.91+/-0.23)e+07,(1.27+/-0.15)e+08,(1.52+/-0.18)e+08,(1.92+/-0.21)e+08,(2.25+/-0.26)e+08,(2.69+/-0.34)e+08,(3.0+/-0.4)e+08,(3.4+/-0.4)e+08,(3.7+/-0.5)e+08,(4.0+/-0.5)e+08,(4.3+/-0.5)e+08,(4.5+/-0.5)e+08,(4.8+/-0.6)e+08,(5.1+/-0.6)e+08,(5.3+/-0.6)e+08,(5.6+/-0.6)e+08,(5.9+/-0.6)e+08,(6.1+/-0.6)e+08,(6.4+/-0.7)e+08,(6.7+/-0.7)e+08,(6.9+/-0.7)e+08,(7.2+/-0.7)e+08,(7.4+/-0.7)e+08,(7.7+/-0.8)e+08,(8.0+/-0.8)e+08,(8.2+/-0.8)e+08,(8.5+/-0.8)e+08,(8.8+/-0.8)e+08,(9.0+/-0.9)e+08,(9.3+/-0.9)e+08,(9.6+/-0.9)e+08,(9.8+/-0.9)e+08,(1.01+/-0.09)e+09,(1.03+/-0.10)e+09,(1.06+/-0.10)e+09,(1.09+/-0.10)e+09,(1.11+/-0.10)e+09,(1.14+/-0.11)e+09,(1.17+/-0.11)e+09,(1.19+/-0.11)e+09,(1.22+/-0.11)e+09,(1.25+/-0.11)e+09,(1.27+/-0.12)e+09,(1.30+/-0.12)e+09,(1.33+/-0.12)e+09,(1.35+/-0.12)e+09,(1.38+/-0.13)e+09,(1.40+/-0.13)e+09,(1.43+/-0.13)e+09,(1.46+/-0.13)e+09,(1.48+/-0.13)e+09,(1.51+/-0.14)e+09
Global,543945225,1080392864,0,(1.54+/-0.18)e+08,(1.04+/-0.11)e+09,(1.25+/-0.12)e+09,(2.23+/-0.31)e+09,(2.53+/-0.33)e+09,(3.0+/-0.4)e+09,(3.3+/-0.4)e+09,(3.6+/-0.5)e+09,(3.9+/-0.5)e+09,(4.2+/-0.5)e+09,(4.5+/-0.5)e+09,(4.7+/-0.5)e+09,(5.0+/-0.5)e+09,(5.2+/-0.5)e+09,(5.5+/-0.5)e+09,(5.7+/-0.5)e+09,(6.0+/-0.5)e+09,(6.2+/-0.6)e+09,(6.5+/-0.6)e+09,(6.7+/-0.6)e+09,(7.0+/-0.6)e+09,(7.2+/-0.6)e+09,(7.5+/-0.6)e+09,(7.7+/-0.6)e+09,(8.0+/-0.6)e+09,(8.2+/-0.6)e+09,(8.5+/-0.6)e+09,(8.7+/-0.6)e+09,(9.0+/-0.7)e+09,(9.2+/-0.7)e+09,(9.5+/-0.7)e+09,(9.7+/-0.7)e+09,(1.00+/-0.07)e+10,(1.03+/-0.07)e+10,(1.05+/-0.07)e+10,(1.08+/-0.07)e+10,(1.10+/-0.07)e+10,(1.13+/-0.08)e+10,(1.15+/-0.08)e+10,(1.18+/-0.08)e+10,(1.20+/-0.08)e+10,(1.23+/-0.08)e+10,(1.25+/-0.08)e+10,(1.28+/-0.08)e+10,(1.30+/-0.08)e+10,(1.33+/-0.08)e+10,(1.35+/-0.09)e+10,(1.38+/-0.09)e+10,(1.40+/-0.09)e+10,(1.43+/-0.09)e+10,(1.45+/-0.09)e+10,(1.48+/-0.09)e+10
