,0,1,2,3,4,5,6,7,8,9,10,11,12,13,14,15,16,17,18,19,20,21,22,23,24,25,26,27,28,29,30,31,32,33,34,35,36,37,38,39,40,41,42,43,44,45,46,47,48,49,50,51,52,53,54
Aruba,5990,12882,0,0,0,0,(6.6+/-2.3)e+03,(6.6+/-2.3)e+03,(6.6+/-2.3)e+03,(6.6+/-2.3)e+03,(6.6+/-2.3)e+03,(6.6+/-2.3)e+03,(6.6+/-2.3)e+03,(6.6+/-2.3)e+03,(6.6+/-2.3)e+03,(6.6+/-2.3)e+03,(6.6+/-2.3)e+03,(6.6+/-2.3)e+03,(6.6+/-2.3)e+03,(6.6+/-2.3)e+03,(6.6+/-2.3)e+03,(6.6+/-2.3)e+03,(6.6+/-2.3)e+03,(6.6+/-2.3)e+03,(6.6+/-2.3)e+03,(6.6+/-2.3)e+03,(6.6+/-2.3)e+03,(6.6+/-2.3)e+03,(6.6+/-2.3)e+03,(6.6+/-2.3)e+03,(6.6+/-2.3)e+03,(6.6+/-2.3)e+03,(6.6+/-2.3)e+03,(6.6+/-2.3)e+03,(6.6+/-2.3)e+03,(6.6+/-2.3)e+03,(6.6+/-2.3)e+03,(6.6+/-2.3)e+03,(6.6+/-2.3)e+03,(6.6+/-2.3)e+03,(6.6+/-2.3)e+03,(6.6+/-2.3)e+03,(6.6+/-2.3)e+03,(6.6+/-2.3)e+03,(6.6+/-2.3)e+03,(6.6+/-2.3)e+03,(6.6+/-2.3)e+03,(6.6+/-2.3)e+03,(6.6+/-2.3)e+03,(6.6+/-2.3)e+03,(6.6+/-2.3)e+03,(6.6+/-2.3)e+03,(6.6+/-2.3)e+03,(6.6+/-2.3)e+03,(6.6+/-2.3)e+03
Afghanistan,950498,1971603,0,0,0,0,(6.6+/-2.3)e+03,(6.6+/-2.3)e+03,(6.6+/-2.3)e+03,(6.6+/-2.3)e+03,(6.6+/-2.3)e+03,(6.6+/-2.3)e+03,(6.6+/-2.3)e+03,(6.6+/-2.3)e+03,(6.6+/-2.3)e+03,(6.6+/-2.3)e+03,(6.6+/-2.3)e+03,(6.6+/-2.3)e+03,(6.6+/-2.3)e+03,(6.6+/-2.3)e+03,(6.6+/-2.3)e+03,(6.6+/-2.3)e+03,(6.6+/-2.3)e+03,(6.6+/-2.3)e+03,(6.6+/-2.3)e+03,(6.6+/-2.3)e+03,(6.6+/-2.3)e+03,(6.6+/-2.3)e+03,(6.6+/-2.3)e+03,(6.6+/-2.3)e+03,(6.6+/-2.3)e+03,(6.6+/-2.3)e+03,(6.6+/-2.3)e+03,(6.6+/-2.3)e+03,(6.6+/-2.3)e+03,(6.6+/-2.3)e+03,(6.6+/-2.3)e+03,(6.6+/-2.3)e+03,(6.6+/-2.3)e+03,(6.6+/-2.3)e+03,(6.6+/-2.3)e+03,(6.6+/-2.3)e+03,(6.6+/-2.3)e+03,(6.6+/-2.3)e+03,(6.6+/-2.3)e+03,(6.6+/-2.3)e+03,(6.6+/-2.3)e+03,(6.6+/-2.3)e+03,(6.6+/-2.3)e+03,(6.6+/-2.3)e+03,(6.6+/-2.3)e+03,(6.6+/-2.3)e+03,(6.6+/-2.3)e+03,(6.6+/-2.3)e+03,(6.6+/-2.3)e+03
Angola,1496990,4707050,0,0,0,0,(6.6+/-2.3)e+03,(6.6+/-2.3)e+03,(6.6+/-2.3)e+03,(6.6+/-2.3)e+03,(6.6+/-2.3)e+03,(6.6+/-2.3)e+03,(6.6+/-2.3)e+03,(6.6+/-2.3)e+03,(6.6+/-2.3)e+03,(6.6+/-2.3)e+03,(6.6+/-2.3)e+03,(6.6+/-2.3)e+03,(6.6+/-2.3)e+03,(6.6+/-2.3)e+03,(6.6+/-2.3)e+03,(6.6+/-2.3)e+03,(6.6+/-2.3)e+03,(6.6+/-2.3)e+03,(6.6+/-2.3)e+03,(6.6+/-2.3)e+03,(6.6+/-2.3)e+03,(6.6+/-2.3)e+03,(6.6+/-2.3)e+03,(6.6+/-2.3)e+03,(6.6+/-2.3)e+03,(6.6+/-2.3)e+03,(6.6+/-2.3)e+03,(6.6+/-2.3)e+03,(6.6+/-2.3)e+03,(6.6+/-2.3)e+03,(6.6+/-2.3)e+03,(6.6+/-2.3)e+03,(6.6+/-2.3)e+03,(6.6+/-2.3)e+03,(6.6+/-2.3)e+03,(6.6+/-2.3)e+03,(6.6+/-2.3)e+03,(6.6+/-2.3)e+03,(6.6+/-2.3)e+03,(6.6+/-2.3)e+03,(6.6+/-2.3)e+03,(6.6+/-2.3)e+03,(6.6+/-2.3)e+03,(6.6+/-2.3)e+03,(6.6+/-2.3)e+03,(6.6+/-2.3)e+03,(6.6+/-2.3)e+03,(6.6+/-2.3)e+03,(6.6+/-2.3)e+03
Albania,221194,383977,0,0,0,0,(6.6+/-2.3)e+03,(6.6+/-2.3)e+03,(6.6+/-2.3)e+03,(6.6+/-2.3)e+03,(6.6+/-2.3)e+03,(6.6+/-2.3)e+03,(6.6+/-2.3)e+03,(6.6+/-2.3)e+03,(6.6+/-2.3)e+03,(6.6+/-2.3)e+03,(6.6+/-2.3)e+03,(6.6+/-2.3)e+03,(6.6+/-2.3)e+03,(6.6+/-2.3)e+03,(6.6+/-2.3)e+03,(6.6+/-2.3)e+03,(6.6+/-2.3)e+03,(6.6+/-2.3)e+03,(6.6+/-2.3)e+03,(6.6+/-2.3)e+03,(6.6+/-2.3)e+03,(6.6+/-2.3)e+03,(6.6+/-2.3)e+03,(6.6+/-2.3)e+03,(6.6+/-2.3)e+03,(6.6+/-2.3)e+03,(6.6+/-2.3)e+03,(6.6+/-2.3)e+03,(6.6+/-2.3)e+03,(6.6+/-2.3)e+03,(6.6+/-2.3)e+03,(6.6+/-2.3)e+03,(6.6+/-2.3)e+03,(6.6+/-2.3)e+03,(6.6+/-2.3)e+03,(6.6+/-2.3)e+03,(6.6+/-2.3)e+03,(6.6+/-2.3)e+03,(6.6+/-2.3)e+03,(6.6+/-2.3)e+03,(6.6+/-2.3)e+03,(6.6+/-2.3)e+03,(6.6+/-2.3)e+03,(6.6+/-2.3)e+03,(6.6+/-2.3)e+03,(6.6+/-2.3)e+03,(6.6+/-2.3)e+03,(6.6+/-2.3)e+03,(6.6+/-2.3)e+03
Andorra,3393,10117,0,0,0,0,(6.6+/-2.3)e+03,(6.6+/-2.3)e+03,(6.6+/-2.3)e+03,(6.6+/-2.3)e+03,(6.6+/-2.3)e+03,(6.6+/-2.3)e+03,(6.6+/-2.3)e+03,(6.6+/-2.3)e+03,(6.6+/-2.3)e+03,(6.6+/-2.3)e+03,(6.6+/-2.3)e+03,(6.6+/-2.3)e+03,(6.6+/-2.3)e+03,(6.6+/-2.3)e+03,(6.6+/-2.3)e+03,(6.6+/-2.3)e+03,(6.6+/-2.3)e+03,(6.6+/-2.3)e+03,(6.6+/-2.3)e+03,(6.6+/-2.3)e+03,(6.6+/-2.3)e+03,(6.6+/-2.3)e+03,(6.6+/-2.3)e+03,(6.6+/-2.3)e+03,(6.6+/-2.3)e+03,(6.6+/-2.3)e+03,(6.6+/-2.3)e+03,(6.6+/-2.3)e+03,(6.6+/-2.3)e+03,(6.6+/-2.3)e+03,(6.6+/-2.3)e+03,(6.6+/-2.3)e+03,(6.6+/-2.3)e+03,(6.6+/-2.3)e+03,(6.6+/-2.3)e+03,(6.6+/-2.3)e+03,(6.6+/-2.3)e+03,(6.6+/-2.3)e+03,(6.6+/-2.3)e+03,(6.6+/-2.3)e+03,(6.6+/-2.3)e+03,(6.6+/-2.3)e+03,(6.6+/-2.3)e+03,(6.6+/-2.3)e+03,(6.6+/-2.3)e+03,(6.6+/-2.3)e+03,(6.6+/-2.3)e+03,(6.6+/-2.3)e+03,(6.6+/-2.3)e+03
United Arab Emirates,556387,1518985,0,0,0,0,(6.6+/-2.3)e+03,(6.6+/-2.3)e+03,(6.6+/-2.3)e+03,(6.6+/-2.3)e+03,(6.6+/-2.3)e+03,(6.6+/-2.3)e+03,(6.6+/-2.3)e+03,(6.6+/-2.3)e+03,(6.6+/-2.3)e+03,(6.6+/-2.3)e+03,(6.6+/-2.3)e+03,(6.6+/-2.3)e+03,(6.6+/-2.3)e+03,(6.6+/-2.3)e+03,(6.6+/-2.3)e+03,(6.6+/-2.3)e+03,(6.6+/-2.3)e+03,(6.6+/-2.3)e+03,(6.6+/-2.3)e+03,(6.6+/-2.3)e+03,(6.6+/-2.3)e+03,(6.6+/-2.3)e+03,(6.6+/-2.3)e+03,(6.6+/-2.3)e+03,(6.6+/-2.3)e+03,(6.6+/-2.3)e+03,(6.6+/-2.3)e+03,(6.6+/-2.3)e+03,(6.6+/-2.3)e+03,(6.6+/-2.3)e+03,(6.6+/-2.3)e+03,(6.6+/-2.3)e+03,(6.6+/-2.3)e+03,(6.6+/-2.3)e+03,(6.6+/-2.3)e+03,(6.6+/-2.3)e+03,(6.6+/-2.3)e+03,(6.6+/-2.3)e+03,(6.6+/-2.3)e+03,(6.6+/-2.3)e+03,(6.6+/-2.3)e+03,(6.6+/-2.3)e+03,(6.6+/-2.3)e+03,(6.6+/-2.3)e+03,(6.6+/-2.3)e+03,(6.6+/-2.3)e+03,(6.6+/-2.3)e+03,(6.6+/-2.3)e+03,(6.6+/-2.3)e+03
Argentina,1752945,6283946,0,0,0,0,(1.8+/-0.7)e+05,(1.8+/-0.7)e+05,(1.8+/-0.7)e+05,(1.8+/-0.7)e+05,(1.8+/-0.7)e+05,(1.8+/-0.7)e+05,(1.8+/-0.7)e+05,(1.8+/-0.7)e+05,(1.8+/-0.7)e+05,(1.8+/-0.7)e+05,(1.8+/-0.7)e+05,(1.8+/-0.7)e+05,(1.8+/-0.7)e+05,(1.8+/-0.7)e+05,(1.8+/-0.7)e+05,(1.8+/-0.7)e+05,(1.8+/-0.7)e+05,(1.8+/-0.7)e+05,(1.8+/-0.7)e+05,(1.8+/-0.7)e+05,(1.8+/-0.7)e+05,(1.8+/-0.7)e+05,(1.8+/-0.7)e+05,(1.8+/-0.7)e+05,(1.8+/-0.7)e+05,(1.8+/-0.7)e+05,(1.8+/-0.7)e+05,(1.8+/-0.7)e+05,(1.8+/-0.7)e+05,(1.8+/-0.7)e+05,(1.8+/-0.7)e+05,(1.8+/-0.7)e+05,(1.8+/-0.7)e+05,(1.8+/-0.7)e+05,(1.8+/-0.7)e+05,(1.8+/-0.7)e+05,(1.8+/-0.7)e+05,(1.8+/-0.7)e+05,(1.8+/-0.7)e+05,(1.8+/-0.7)e+05,(1.8+/-0.7)e+05,(1.8+/-0.7)e+05,(1.8+/-0.7)e+05,(1.8+/-0.7)e+05,(1.8+/-0.7)e+05,(1.8+/-0.7)e+05,(1.8+/-0.7)e+05,(1.8+/-0.7)e+05,(1.8+/-0.7)e+05
Armenia,208473,380402,0,0,0,0,(6.6+/-2.3)e+03,(6.6+/-2.3)e+03,(6.6+/-2.3)e+03,(6.6+/-2.3)e+03,(6.6+/-2.3)e+03,(6.6+/-2.3)e+03,(6.6+/-2.3)e+03,(6.6+/-2.3)e+03,(6.6+/-2.3)e+03,(6.6+/-2.3)e+03,(6.6+/-2.3)e+03,(6.6+/-2.3)e+03,(6.6+/-2.3)e+03,(6.6+/-2.3)e+03,(6.6+/-2.3)e+03,(6.6+/-2.3)e+03,(6.6+/-2.3)e+03,(6.6+/-2.3)e+03,(6.6+/-2.3)e+03,(6.6+/-2.3)e+03,(6.6+/-2.3)e+03,(6.6+/-2.3)e+03,(6.6+/-2.3)e+03,(6.6+/-2.3)e+03,(6.6+/-2.3)e+03,(6.6+/-2.3)e+03,(6.6+/-2.3)e+03,(6.6+/-2.3)e+03,(6.6+/-2.3)e+03,(6.6+/-2.3)e+03,(6.6+/-2.3)e+03,(6.6+/-2.3)e+03,(6.6+/-2.3)e+03,(6.6+/-2.3)e+03,(6.6+/-2.3)e+03,(6.6+/-2.3)e+03,(6.6+/-2.3)e+03,(6.6+/-2.3)e+03,(6.6+/-2.3)e+03,(6.6+/-2.3)e+03,(6.6+/-2.3)e+03,(6.6+/-2.3)e+03,(6.6+/-2.3)e+03,(6.6+/-2.3)e+03,(6.6+/-2.3)e+03,(6.6+/-2.3)e+03,(6.6+/-2.3)e+03,(6.6+/-2.3)e+03,(6.6+/-2.3)e+03
American Samoa,5553,11918,0,0,0,0,(6.6+/-2.3)e+03,(6.6+/-2.3)e+03,(6.6+/-2.3)e+03,(6.6+/-2.3)e+03,(6.6+/-2.3)e+03,(6.6+/-2.3)e+03,(6.6+/-2.3)e+03,(6.6+/-2.3)e+03,(6.6+/-2.3)e+03,(6.6+/-2.3)e+03,(6.6+/-2.3)e+03,(6.6+/-2.3)e+03,(6.6+/-2.3)e+03,(6.6+/-2.3)e+03,(6.6+/-2.3)e+03,(6.6+/-2.3)e+03,(6.6+/-2.3)e+03,(6.6+/-2.3)e+03,(6.6+/-2.3)e+03,(6.6+/-2.3)e+03,(6.6+/-2.3)e+03,(6.6+/-2.3)e+03,(6.6+/-2.3)e+03,(6.6+/-2.3)e+03,(6.6+/-2.3)e+03,(6.6+/-2.3)e+03,(6.6+/-2.3)e+03,(6.6+/-2.3)e+03,(6.6+/-2.3)e+03,(6.6+/-2.3)e+03,(6.6+/-2.3)e+03,(6.6+/-2.3)e+03,(6.6+/-2.3)e+03,(6.6+/-2.3)e+03,(6.6+/-2.3)e+03,(6.6+/-2.3)e+03,(6.6+/-2.3)e+03,(6.6+/-2.3)e+03,(6.6+/-2.3)e+03,(6.6+/-2.3)e+03,(6.6+/-2.3)e+03,(6.6+/-2.3)e+03,(6.6+/-2.3)e+03,(6.6+/-2.3)e+03,(6.6+/-2.3)e+03,(6.6+/-2.3)e+03,(6.6+/-2.3)e+03,(6.6+/-2.3)e+03,(6.6+/-2.3)e+03
Antigua and Barbuda,10319,14971,0,0,0,0,(6.6+/-2.3)e+03,(6.6+/-2.3)e+03,(6.6+/-2.3)e+03,(6.6+/-2.3)e+03,(6.6+/-2.3)e+03,(6.6+/-2.3)e+03,(6.6+/-2.3)e+03,(6.6+/-2.3)e+03,(6.6+/-2.3)e+03,(6.6+/-2.3)e+03,(6.6+/-2.3)e+03,(6.6+/-2.3)e+03,(6.6+/-2.3)e+03,(6.6+/-2.3)e+03,(6.6+/-2.3)e+03,(6.6+/-2.3)e+03,(6.6+/-2.3)e+03,(6.6+/-2.3)e+03,(6.6+/-2.3)e+03,(6.6+/-2.3)e+03,(6.6+/-2.3)e+03,(6.6+/-2.3)e+03,(6.6+/-2.3)e+03,(6.6+/-2.3)e+03,(6.6+/-2.3)e+03,(6.6+/-2.3)e+03,(6.6+/-2.3)e+03,(6.6+/-2.3)e+03,(6.6+/-2.3)e+03,(6.6+/-2.3)e+03,(6.6+/-2.3)e+03,(6.6+/-2.3)e+03,(6.6+/-2.3)e+03,(6.6+/-2.3)e+03,(6.6+/-2.3)e+03,(6.6+/-2.3)e+03,(6.6+/-2.3)e+03,(6.6+/-2.3)e+03,(6.6+/-2.3)e+03,(6.6+/-2.3)e+03,(6.6+/-2.3)e+03,(6.6+/-2.3)e+03,(6.6+/-2.3)e+03,(6.6+/-2.3)e+03,(6.6+/-2.3)e+03,(6.6+/-2.3)e+03,(6.6+/-2.3)e+03,(6.6+/-2.3)e+03,(6.6+/-2.3)e+03
Australia,1094416,2613065,0,0,0,0,(7.6+/-2.8)e+06,(7.6+/-2.8)e+06,(7.6+/-2.8)e+06,(7.6+/-2.8)e+06,(7.6+/-2.8)e+06,(7.6+/-2.8)e+06,(7.6+/-2.8)e+06,(7.6+/-2.8)e+06,(7.6+/-2.8)e+06,(7.6+/-2.8)e+06,(7.6+/-2.8)e+06,(7.6+/-2.8)e+06,(7.6+/-2.8)e+06,(7.6+/-2.8)e+06,(7.6+/-2.8)e+06,(7.6+/-2.8)e+06,(7.6+/-2.8)e+06,(7.6+/-2.8)e+06,(7.6+/-2.8)e+06,(7.6+/-2.8)e+06,(7.6+/-2.8)e+06,(7.6+/-2.8)e+06,(7.6+/-2.8)e+06,(7.6+/-2.8)e+06,(7.6+/-2.8)e+06,(7.6+/-2.8)e+06,(7.6+/-2.8)e+06,(7.6+/-2.8)e+06,(7.6+/-2.8)e+06,(7.6+/-2.8)e+06,(7.6+/-2.8)e+06,(7.6+/-2.8)e+06,(7.6+/-2.8)e+06,(7.6+/-2.8)e+06,(7.6+/-2.8)e+06,(7.6+/-2.8)e+06,(7.6+/-2.8)e+06,(7.6+/-2.8)e+06,(7.6+/-2.8)e+06,(7.6+/-2.8)e+06,(7.6+/-2.8)e+06,(7.6+/-2.8)e+06,(7.6+/-2.8)e+06,(7.6+/-2.8)e+06,(7.6+/-2.8)e+06,(7.6+/-2.8)e+06,(7.6+/-2.8)e+06,(7.6+/-2.8)e+06,(7.6+/-2.8)e+06
Austria,498508,1175324,0,0,0,0,(6.6+/-2.3)e+03,(6.6+/-2.3)e+03,(6.6+/-2.3)e+03,(6.6+/-2.3)e+03,(6.6+/-2.3)e+03,(6.6+/-2.3)e+03,(6.6+/-2.3)e+03,(6.6+/-2.3)e+03,(6.6+/-2.3)e+03,(6.6+/-2.3)e+03,(6.6+/-2.3)e+03,(6.6+/-2.3)e+03,(6.6+/-2.3)e+03,(6.6+/-2.3)e+03,(6.6+/-2.3)e+03,(6.6+/-2.3)e+03,(6.6+/-2.3)e+03,(6.6+/-2.3)e+03,(6.6+/-2.3)e+03,(6.6+/-2.3)e+03,(6.6+/-2.3)e+03,(6.6+/-2.3)e+03,(6.6+/-2.3)e+03,(6.6+/-2.3)e+03,(6.6+/-2.3)e+03,(6.6+/-2.3)e+03,(6.6+/-2.3)e+03,(6.6+/-2.3)e+03,(6.6+/-2.3)e+03,(6.6+/-2.3)e+03,(6.6+/-2.3)e+03,(6.6+/-2.3)e+03,(6.6+/-2.3)e+03,(6.6+/-2.3)e+03,(6.6+/-2.3)e+03,(6.6+/-2.3)e+03,(6.6+/-2.3)e+03,(6.6+/-2.3)e+03,(6.6+/-2.3)e+03,(6.6+/-2.3)e+03,(6.6+/-2.3)e+03,(6.6+/-2.3)e+03,(6.6+/-2.3)e+03,(6.6+/-2.3)e+03,(6.6+/-2.3)e+03,(6.6+/-2.3)e+03,(6.6+/-2.3)e+03,(6.6+/-2.3)e+03,(6.6+/-2.3)e+03
Azerbaijan,575631,1122313,0,0,0,0,(6.6+/-2.3)e+03,(6.6+/-2.3)e+03,(6.6+/-2.3)e+03,(6.6+/-2.3)e+03,(6.6+/-2.3)e+03,(6.6+/-2.3)e+03,(6.6+/-2.3)e+03,(6.6+/-2.3)e+03,(6.6+/-2.3)e+03,(6.6+/-2.3)e+03,(6.6+/-2.3)e+03,(6.6+/-2.3)e+03,(6.6+/-2.3)e+03,(6.6+/-2.3)e+03,(6.6+/-2.3)e+03,(6.6+/-2.3)e+03,(6.6+/-2.3)e+03,(6.6+/-2.3)e+03,(6.6+/-2.3)e+03,(6.6+/-2.3)e+03,(6.6+/-2.3)e+03,(6.6+/-2.3)e+03,(6.6+/-2.3)e+03,(6.6+/-2.3)e+03,(6.6+/-2.3)e+03,(6.6+/-2.3)e+03,(6.6+/-2.3)e+03,(6.6+/-2.3)e+03,(6.6+/-2.3)e+03,(6.6+/-2.3)e+03,(6.6+/-2.3)e+03,(6.6+/-2.3)e+03,(6.6+/-2.3)e+03,(6.6+/-2.3)e+03,(6.6+/-2.3)e+03,(6.6+/-2.3)e+03,(6.6+/-2.3)e+03,(6.6+/-2.3)e+03,(6.6+/-2.3)e+03,(6.6+/-2.3)e+03,(6.6+/-2.3)e+03,(6.6+/-2.3)e+03,(6.6+/-2.3)e+03,(6.6+/-2.3)e+03,(6.6+/-2.3)e+03,(6.6+/-2.3)e+03,(6.6+/-2.3)e+03,(6.6+/-2.3)e+03,(6.6+/-2.3)e+03
Burundi,167437,417433,0,0,0,0,(6.6+/-2.3)e+03,(6.6+/-2.3)e+03,(6.6+/-2.3)e+03,(6.6+/-2.3)e+03,(6.6+/-2.3)e+03,(6.6+/-2.3)e+03,(6.6+/-2.3)e+03,(6.6+/-2.3)e+03,(6.6+/-2.3)e+03,(6.6+/-2.3)e+03,(6.6+/-2.3)e+03,(6.6+/-2.3)e+03,(6.6+/-2.3)e+03,(6.6+/-2.3)e+03,(6.6+/-2.3)e+03,(6.6+/-2.3)e+03,(6.6+/-2.3)e+03,(6.6+/-2.3)e+03,(6.6+/-2.3)e+03,(6.6+/-2.3)e+03,(6.6+/-2.3)e+03,(6.6+/-2.3)e+03,(6.6+/-2.3)e+03,(6.6+/-2.3)e+03,(6.6+/-2.3)e+03,(6.6+/-2.3)e+03,(6.6+/-2.3)e+03,(6.6+/-2.3)e+03,(6.6+/-2.3)e+03,(6.6+/-2.3)e+03,(6.6+/-2.3)e+03,(6.6+/-2.3)e+03,(6.6+/-2.3)e+03,(6.6+/-2.3)e+03,(6.6+/-2.3)e+03,(6.6+/-2.3)e+03,(6.6+/-2.3)e+03,(6.6+/-2.3)e+03,(6.6+/-2.3)e+03,(6.6+/-2.3)e+03,(6.6+/-2.3)e+03,(6.6+/-2.3)e+03,(6.6+/-2.3)e+03,(6.6+/-2.3)e+03,(6.6+/-2.3)e+03,(6.6+/-2.3)e+03,(6.6+/-2.3)e+03,(6.6+/-2.3)e+03,(6.6+/-2.3)e+03
Belgium,471532,1176561,0,0,0,0,(6.6+/-2.3)e+03,(6.6+/-2.3)e+03,(6.6+/-2.3)e+03,(6.6+/-2.3)e+03,(6.6+/-2.3)e+03,(6.6+/-2.3)e+03,(6.6+/-2.3)e+03,(6.6+/-2.3)e+03,(6.6+/-2.3)e+03,(6.6+/-2.3)e+03,(6.6+/-2.3)e+03,(6.6+/-2.3)e+03,(6.6+/-2.3)e+03,(6.6+/-2.3)e+03,(6.6+/-2.3)e+03,(6.6+/-2.3)e+03,(6.6+/-2.3)e+03,(6.6+/-2.3)e+03,(6.6+/-2.3)e+03,(6.6+/-2.3)e+03,(6.6+/-2.3)e+03,(6.6+/-2.3)e+03,(6.6+/-2.3)e+03,(6.6+/-2.3)e+03,(6.6+/-2.3)e+03,(6.6+/-2.3)e+03,(6.6+/-2.3)e+03,(6.6+/-2.3)e+03,(6.6+/-2.3)e+03,(6.6+/-2.3)e+03,(6.6+/-2.3)e+03,(6.6+/-2.3)e+03,(6.6+/-2.3)e+03,(6.6+/-2.3)e+03,(6.6+/-2.3)e+03,(6.6+/-2.3)e+03,(6.6+/-2.3)e+03,(6.6+/-2.3)e+03,(6.6+/-2.3)e+03,(6.6+/-2.3)e+03,(6.6+/-2.3)e+03,(6.6+/-2.3)e+03,(6.6+/-2.3)e+03,(6.6+/-2.3)e+03,(6.6+/-2.3)e+03,(6.6+/-2.3)e+03,(6.6+/-2.3)e+03,(6.6+/-2.3)e+03,(6.6+/-2.3)e+03
Benin,1115111,2494161,0,0,0,0,(6.6+/-2.3)e+03,(6.6+/-2.3)e+03,(6.6+/-2.3)e+03,(6.6+/-2.3)e+03,(6.6+/-2.3)e+03,(6.6+/-2.3)e+03,(6.6+/-2.3)e+03,(6.6+/-2.3)e+03,(6.6+/-2.3)e+03,(6.6+/-2.3)e+03,(6.6+/-2.3)e+03,(6.6+/-2.3)e+03,(6.6+/-2.3)e+03,(6.6+/-2.3)e+03,(6.6+/-2.3)e+03,(6.6+/-2.3)e+03,(6.6+/-2.3)e+03,(6.6+/-2.3)e+03,(6.6+/-2.3)e+03,(6.6+/-2.3)e+03,(6.6+/-2.3)e+03,(6.6+/-2.3)e+03,(6.6+/-2.3)e+03,(6.6+/-2.3)e+03,(6.6+/-2.3)e+03,(6.6+/-2.3)e+03,(6.6+/-2.3)e+03,(6.6+/-2.3)e+03,(6.6+/-2.3)e+03,(6.6+/-2.3)e+03,(6.6+/-2.3)e+03,(6.6+/-2.3)e+03,(6.6+/-2.3)e+03,(6.6+/-2.3)e+03,(6.6+/-2.3)e+03,(6.6+/-2.3)e+03,(6.6+/-2.3)e+03,(6.6+/-2.3)e+03,(6.6+/-2.3)e+03,(6.6+/-2.3)e+03,(6.6+/-2.3)e+03,(6.6+/-2.3)e+03,(6.6+/-2.3)e+03,(6.6+/-2.3)e+03,(6.6+/-2.3)e+03,(6.6+/-2.3)e+03,(6.6+/-2.3)e+03,(6.6+/-2.3)e+03,(6.6+/-2.3)e+03
Burkina Faso,308337,1185936,0,0,0,0,(6.6+/-2.3)e+03,(6.6+/-2.3)e+03,(6.6+/-2.3)e+03,(6.6+/-2.3)e+03,(6.6+/-2.3)e+03,(6.6+/-2.3)e+03,(6.6+/-2.3)e+03,(6.6+/-2.3)e+03,(6.6+/-2.3)e+03,(6.6+/-2.3)e+03,(6.6+/-2.3)e+03,(6.6+/-2.3)e+03,(6.6+/-2.3)e+03,(6.6+/-2.3)e+03,(6.6+/-2.3)e+03,(6.6+/-2.3)e+03,(6.6+/-2.3)e+03,(6.6+/-2.3)e+03,(6.6+/-2.3)e+03,(6.6+/-2.3)e+03,(6.6+/-2.3)e+03,(6.6+/-2.3)e+03,(6.6+/-2.3)e+03,(6.6+/-2.3)e+03,(6.6+/-2.3)e+03,(6.6+/-2.3)e+03,(6.6+/-2.3)e+03,(6.6+/-2.3)e+03,(6.6+/-2.3)e+03,(6.6+/-2.3)e+03,(6.6+/-2.3)e+03,(6.6+/-2.3)e+03,(6.6+/-2.3)e+03,(6.6+/-2.3)e+03,(6.6+/-2.3)e+03,(6.6+/-2.3)e+03,(6.6+/-2.3)e+03,(6.6+/-2.3)e+03,(6.6+/-2.3)e+03,(6.6+/-2.3)e+03,(6.6+/-2.3)e+03,(6.6+/-2.3)e+03,(6.6+/-2.3)e+03,(6.6+/-2.3)e+03,(6.6+/-2.3)e+03,(6.6+/-2.3)e+03,(6.6+/-2.3)e+03,(6.6+/-2.3)e+03,(6.6+/-2.3)e+03
Bangladesh,18192142,28435577,0,0,0,0,(1.8+/-0.7)e+06,(1.8+/-0.7)e+06,(1.8+/-0.7)e+06,(1.8+/-0.7)e+06,(1.8+/-0.7)e+06,(1.8+/-0.7)e+06,(1.8+/-0.7)e+06,(1.8+/-0.7)e+06,(1.8+/-0.7)e+06,(1.8+/-0.7)e+06,(1.8+/-0.7)e+06,(1.8+/-0.7)e+06,(1.8+/-0.7)e+06,(1.8+/-0.7)e+06,(1.8+/-0.7)e+06,(1.8+/-0.7)e+06,(1.8+/-0.7)e+06,(1.8+/-0.7)e+06,(1.8+/-0.7)e+06,(1.8+/-0.7)e+06,(1.8+/-0.7)e+06,(1.8+/-0.7)e+06,(1.8+/-0.7)e+06,(1.8+/-0.7)e+06,(1.8+/-0.7)e+06,(1.8+/-0.7)e+06,(1.8+/-0.7)e+06,(1.8+/-0.7)e+06,(1.8+/-0.7)e+06,(1.8+/-0.7)e+06,(1.8+/-0.7)e+06,(1.8+/-0.7)e+06,(1.8+/-0.7)e+06,(1.8+/-0.7)e+06,(1.8+/-0.7)e+06,(1.8+/-0.7)e+06,(1.8+/-0.7)e+06,(1.8+/-0.7)e+06,(1.8+/-0.7)e+06,(1.8+/-0.7)e+06,(1.8+/-0.7)e+06,(1.8+/-0.7)e+06,(1.8+/-0.7)e+06,(1.8+/-0.7)e+06,(1.8+/-0.7)e+06,(1.8+/-0.7)e+06,(1.8+/-0.7)e+06,(1.8+/-0.7)e+06,(1.8+/-0.7)e+06
Bulgaria,332807,805127,0,0,0,0,(1.5+/-0.6)e+06,(1.5+/-0.6)e+06,(1.5+/-0.6)e+06,(1.5+/-0.6)e+06,(1.5+/-0.6)e+06,(1.5+/-0.6)e+06,(1.5+/-0.6)e+06,(1.5+/-0.6)e+06,(1.5+/-0.6)e+06,(1.5+/-0.6)e+06,(1.5+/-0.6)e+06,(1.5+/-0.6)e+06,(1.5+/-0.6)e+06,(1.5+/-0.6)e+06,(1.5+/-0.6)e+06,(1.5+/-0.6)e+06,(1.5+/-0.6)e+06,(1.5+/-0.6)e+06,(1.5+/-0.6)e+06,(1.5+/-0.6)e+06,(1.5+/-0.6)e+06,(1.5+/-0.6)e+06,(1.5+/-0.6)e+06,(1.5+/-0.6)e+06,(1.5+/-0.6)e+06,(1.5+/-0.6)e+06,(1.5+/-0.6)e+06,(1.5+/-0.6)e+06,(1.5+/-0.6)e+06,(1.5+/-0.6)e+06,(1.5+/-0.6)e+06,(1.5+/-0.6)e+06,(1.5+/-0.6)e+06,(1.5+/-0.6)e+06,(1.5+/-0.6)e+06,(1.5+/-0.6)e+06,(1.5+/-0.6)e+06,(1.5+/-0.6)e+06,(1.5+/-0.6)e+06,(1.5+/-0.6)e+06,(1.5+/-0.6)e+06,(1.5+/-0.6)e+06,(1.5+/-0.6)e+06,(1.5+/-0.6)e+06,(1.5+/-0.6)e+06,(1.5+/-0.6)e+06,(1.5+/-0.6)e+06,(1.5+/-0.6)e+06,(1.5+/-0.6)e+06
Bahrain,71647,195604,0,0,0,0,(6.6+/-2.3)e+03,(6.6+/-2.3)e+03,(6.6+/-2.3)e+03,(6.6+/-2.3)e+03,(6.6+/-2.3)e+03,(6.6+/-2.3)e+03,(6.6+/-2.3)e+03,(6.6+/-2.3)e+03,(6.6+/-2.3)e+03,(6.6+/-2.3)e+03,(6.6+/-2.3)e+03,(6.6+/-2.3)e+03,(6.6+/-2.3)e+03,(6.6+/-2.3)e+03,(6.6+/-2.3)e+03,(6.6+/-2.3)e+03,(6.6+/-2.3)e+03,(6.6+/-2.3)e+03,(6.6+/-2.3)e+03,(6.6+/-2.3)e+03,(6.6+/-2.3)e+03,(6.6+/-2.3)e+03,(6.6+/-2.3)e+03,(6.6+/-2.3)e+03,(6.6+/-2.3)e+03,(6.6+/-2.3)e+03,(6.6+/-2.3)e+03,(6.6+/-2.3)e+03,(6.6+/-2.3)e+03,(6.6+/-2.3)e+03,(6.6+/-2.3)e+03,(6.6+/-2.3)e+03,(6.6+/-2.3)e+03,(6.6+/-2.3)e+03,(6.6+/-2.3)e+03,(6.6+/-2.3)e+03,(6.6+/-2.3)e+03,(6.6+/-2.3)e+03,(6.6+/-2.3)e+03,(6.6+/-2.3)e+03,(6.6+/-2.3)e+03,(6.6+/-2.3)e+03,(6.6+/-2.3)e+03,(6.6+/-2.3)e+03,(6.6+/-2.3)e+03,(6.6+/-2.3)e+03,(6.6+/-2.3)e+03,(6.6+/-2.3)e+03,(6.6+/-2.3)e+03
Bahamas,25243,65752,0,0,0,0,(6.6+/-2.3)e+03,(6.6+/-2.3)e+03,(6.6+/-2.3)e+03,(6.6+/-2.3)e+03,(6.6+/-2.3)e+03,(6.6+/-2.3)e+03,(6.6+/-2.3)e+03,(6.6+/-2.3)e+03,(6.6+/-2.3)e+03,(6.6+/-2.3)e+03,(6.6+/-2.3)e+03,(6.6+/-2.3)e+03,(6.6+/-2.3)e+03,(6.6+/-2.3)e+03,(6.6+/-2.3)e+03,(6.6+/-2.3)e+03,(6.6+/-2.3)e+03,(6.6+/-2.3)e+03,(6.6+/-2.3)e+03,(6.6+/-2.3)e+03,(6.6+/-2.3)e+03,(6.6+/-2.3)e+03,(6.6+/-2.3)e+03,(6.6+/-2.3)e+03,(6.6+/-2.3)e+03,(6.6+/-2.3)e+03,(6.6+/-2.3)e+03,(6.6+/-2.3)e+03,(6.6+/-2.3)e+03,(6.6+/-2.3)e+03,(6.6+/-2.3)e+03,(6.6+/-2.3)e+03,(6.6+/-2.3)e+03,(6.6+/-2.3)e+03,(6.6+/-2.3)e+03,(6.6+/-2.3)e+03,(6.6+/-2.3)e+03,(6.6+/-2.3)e+03,(6.6+/-2.3)e+03,(6.6+/-2.3)e+03,(6.6+/-2.3)e+03,(6.6+/-2.3)e+03,(6.6+/-2.3)e+03,(6.6+/-2.3)e+03,(6.6+/-2.3)e+03,(6.6+/-2.3)e+03,(6.6+/-2.3)e+03,(6.6+/-2.3)e+03,(6.6+/-2.3)e+03
Bosnia and Herzegovina,157408,355565,0,0,0,0,(6.7+/-2.5)e+05,(6.7+/-2.5)e+05,(6.7+/-2.5)e+05,(6.7+/-2.5)e+05,(6.7+/-2.5)e+05,(6.7+/-2.5)e+05,(6.7+/-2.5)e+05,(6.7+/-2.5)e+05,(6.7+/-2.5)e+05,(6.7+/-2.5)e+05,(6.7+/-2.5)e+05,(6.7+/-2.5)e+05,(6.7+/-2.5)e+05,(6.7+/-2.5)e+05,(6.7+/-2.5)e+05,(6.7+/-2.5)e+05,(6.7+/-2.5)e+05,(6.7+/-2.5)e+05,(6.7+/-2.5)e+05,(6.7+/-2.5)e+05,(6.7+/-2.5)e+05,(6.7+/-2.5)e+05,(6.7+/-2.5)e+05,(6.7+/-2.5)e+05,(6.7+/-2.5)e+05,(6.7+/-2.5)e+05,(6.7+/-2.5)e+05,(6.7+/-2.5)e+05,(6.7+/-2.5)e+05,(6.7+/-2.5)e+05,(6.7+/-2.5)e+05,(6.7+/-2.5)e+05,(6.7+/-2.5)e+05,(6.7+/-2.5)e+05,(6.7+/-2.5)e+05,(6.7+/-2.5)e+05,(6.7+/-2.5)e+05,(6.7+/-2.5)e+05,(6.7+/-2.5)e+05,(6.7+/-2.5)e+05,(6.7+/-2.5)e+05,(6.7+/-2.5)e+05,(6.7+/-2.5)e+05,(6.7+/-2.5)e+05,(6.7+/-2.5)e+05,(6.7+/-2.5)e+05,(6.7+/-2.5)e+05,(6.7+/-2.5)e+05,(6.7+/-2.5)e+05
Belarus,619860,1266857,0,0,0,0,(6.6+/-2.3)e+03,(6.6+/-2.3)e+03,(6.6+/-2.3)e+03,(6.6+/-2.3)e+03,(6.6+/-2.3)e+03,(6.6+/-2.3)e+03,(6.6+/-2.3)e+03,(6.6+/-2.3)e+03,(6.6+/-2.3)e+03,(6.6+/-2.3)e+03,(6.6+/-2.3)e+03,(6.6+/-2.3)e+03,(6.6+/-2.3)e+03,(6.6+/-2.3)e+03,(6.6+/-2.3)e+03,(6.6+/-2.3)e+03,(6.6+/-2.3)e+03,(6.6+/-2.3)e+03,(6.6+/-2.3)e+03,(6.6+/-2.3)e+03,(6.6+/-2.3)e+03,(6.6+/-2.3)e+03,(6.6+/-2.3)e+03,(6.6+/-2.3)e+03,(6.6+/-2.3)e+03,(6.6+/-2.3)e+03,(6.6+/-2.3)e+03,(6.6+/-2.3)e+03,(6.6+/-2.3)e+03,(6.6+/-2.3)e+03,(6.6+/-2.3)e+03,(6.6+/-2.3)e+03,(6.6+/-2.3)e+03,(6.6+/-2.3)e+03,(6.6+/-2.3)e+03,(6.6+/-2.3)e+03,(6.6+/-2.3)e+03,(6.6+/-2.3)e+03,(6.6+/-2.3)e+03,(6.6+/-2.3)e+03,(6.6+/-2.3)e+03,(6.6+/-2.3)e+03,(6.6+/-2.3)e+03,(6.6+/-2.3)e+03,(6.6+/-2.3)e+03,(6.6+/-2.3)e+03,(6.6+/-2.3)e+03,(6.6+/-2.3)e+03,(6.6+/-2.3)e+03
Belize,25432,61862,0,0,0,0,(6.6+/-2.3)e+03,(6.6+/-2.3)e+03,(6.6+/-2.3)e+03,(6.6+/-2.3)e+03,(6.6+/-2.3)e+03,(6.6+/-2.3)e+03,(6.6+/-2.3)e+03,(6.6+/-2.3)e+03,(6.6+/-2.3)e+03,(6.6+/-2.3)e+03,(6.6+/-2.3)e+03,(6.6+/-2.3)e+03,(6.6+/-2.3)e+03,(6.6+/-2.3)e+03,(6.6+/-2.3)e+03,(6.6+/-2.3)e+03,(6.6+/-2.3)e+03,(6.6+/-2.3)e+03,(6.6+/-2.3)e+03,(6.6+/-2.3)e+03,(6.6+/-2.3)e+03,(6.6+/-2.3)e+03,(6.6+/-2.3)e+03,(6.6+/-2.3)e+03,(6.6+/-2.3)e+03,(6.6+/-2.3)e+03,(6.6+/-2.3)e+03,(6.6+/-2.3)e+03,(6.6+/-2.3)e+03,(6.6+/-2.3)e+03,(6.6+/-2.3)e+03,(6.6+/-2.3)e+03,(6.6+/-2.3)e+03,(6.6+/-2.3)e+03,(6.6+/-2.3)e+03,(6.6+/-2.3)e+03,(6.6+/-2.3)e+03,(6.6+/-2.3)e+03,(6.6+/-2.3)e+03,(6.6+/-2.3)e+03,(6.6+/-2.3)e+03,(6.6+/-2.3)e+03,(6.6+/-2.3)e+03,(6.6+/-2.3)e+03,(6.6+/-2.3)e+03,(6.6+/-2.3)e+03,(6.6+/-2.3)e+03,(6.6+/-2.3)e+03,(6.6+/-2.3)e+03
Bermuda,5674,12202,0,0,0,0,(6.6+/-2.3)e+03,(6.6+/-2.3)e+03,(6.6+/-2.3)e+03,(6.6+/-2.3)e+03,(6.6+/-2.3)e+03,(6.6+/-2.3)e+03,(6.6+/-2.3)e+03,(6.6+/-2.3)e+03,(6.6+/-2.3)e+03,(6.6+/-2.3)e+03,(6.6+/-2.3)e+03,(6.6+/-2.3)e+03,(6.6+/-2.3)e+03,(6.6+/-2.3)e+03,(6.6+/-2.3)e+03,(6.6+/-2.3)e+03,(6.6+/-2.3)e+03,(6.6+/-2.3)e+03,(6.6+/-2.3)e+03,(6.6+/-2.3)e+03,(6.6+/-2.3)e+03,(6.6+/-2.3)e+03,(6.6+/-2.3)e+03,(6.6+/-2.3)e+03,(6.6+/-2.3)e+03,(6.6+/-2.3)e+03,(6.6+/-2.3)e+03,(6.6+/-2.3)e+03,(6.6+/-2.3)e+03,(6.6+/-2.3)e+03,(6.6+/-2.3)e+03,(6.6+/-2.3)e+03,(6.6+/-2.3)e+03,(6.6+/-2.3)e+03,(6.6+/-2.3)e+03,(6.6+/-2.3)e+03,(6.6+/-2.3)e+03,(6.6+/-2.3)e+03,(6.6+/-2.3)e+03,(6.6+/-2.3)e+03,(6.6+/-2.3)e+03,(6.6+/-2.3)e+03,(6.6+/-2.3)e+03,(6.6+/-2.3)e+03,(6.6+/-2.3)e+03,(6.6+/-2.3)e+03,(6.6+/-2.3)e+03,(6.6+/-2.3)e+03,(6.6+/-2.3)e+03
Bolivia,1101485,2398749,0,0,0,0,(6.6+/-2.3)e+03,(6.6+/-2.3)e+03,(6.6+/-2.3)e+03,(6.6+/-2.3)e+03,(6.6+/-2.3)e+03,(6.6+/-2.3)e+03,(6.6+/-2.3)e+03,(6.6+/-2.3)e+03,(6.6+/-2.3)e+03,(6.6+/-2.3)e+03,(6.6+/-2.3)e+03,(6.6+/-2.3)e+03,(6.6+/-2.3)e+03,(6.6+/-2.3)e+03,(6.6+/-2.3)e+03,(6.6+/-2.3)e+03,(6.6+/-2.3)e+03,(6.6+/-2.3)e+03,(6.6+/-2.3)e+03,(6.6+/-2.3)e+03,(6.6+/-2.3)e+03,(6.6+/-2.3)e+03,(6.6+/-2.3)e+03,(6.6+/-2.3)e+03,(6.6+/-2.3)e+03,(6.6+/-2.3)e+03,(6.6+/-2.3)e+03,(6.6+/-2.3)e+03,(6.6+/-2.3)e+03,(6.6+/-2.3)e+03,(6.6+/-2.3)e+03,(6.6+/-2.3)e+03,(6.6+/-2.3)e+03,(6.6+/-2.3)e+03,(6.6+/-2.3)e+03,(6.6+/-2.3)e+03,(6.6+/-2.3)e+03,(6.6+/-2.3)e+03,(6.6+/-2.3)e+03,(6.6+/-2.3)e+03,(6.6+/-2.3)e+03,(6.6+/-2.3)e+03,(6.6+/-2.3)e+03,(6.6+/-2.3)e+03,(6.6+/-2.3)e+03,(6.6+/-2.3)e+03,(6.6+/-2.3)e+03,(6.6+/-2.3)e+03,(6.6+/-2.3)e+03
Brazil,10278237,27935677,0,0,0,0,(1.0+/-0.4)e+06,(1.0+/-0.4)e+06,(1.0+/-0.4)e+06,(1.0+/-0.4)e+06,(1.0+/-0.4)e+06,(1.0+/-0.4)e+06,(1.0+/-0.4)e+06,(1.0+/-0.4)e+06,(1.0+/-0.4)e+06,(1.0+/-0.4)e+06,(1.0+/-0.4)e+06,(1.0+/-0.4)e+06,(1.0+/-0.4)e+06,(1.0+/-0.4)e+06,(1.0+/-0.4)e+06,(1.0+/-0.4)e+06,(1.0+/-0.4)e+06,(1.0+/-0.4)e+06,(1.0+/-0.4)e+06,(1.0+/-0.4)e+06,(1.0+/-0.4)e+06,(1.0+/-0.4)e+06,(1.0+/-0.4)e+06,(1.0+/-0.4)e+06,(1.0+/-0.4)e+06,(1.0+/-0.4)e+06,(1.0+/-0.4)e+06,(1.0+/-0.4)e+06,(1.0+/-0.4)e+06,(1.0+/-0.4)e+06,(1.0+/-0.4)e+06,(1.0+/-0.4)e+06,(1.0+/-0.4)e+06,(1.0+/-0.4)e+06,(1.0+/-0.4)e+06,(1.0+/-0.4)e+06,(1.0+/-0.4)e+06,(1.0+/-0.4)e+06,(1.0+/-0.4)e+06,(1.0+/-0.4)e+06,(1.0+/-0.4)e+06,(1.0+/-0.4)e+06,(1.0+/-0.4)e+06,(1.0+/-0.4)e+06,(1.0+/-0.4)e+06,(1.0+/-0.4)e+06,(1.0+/-0.4)e+06,(1.0+/-0.4)e+06,(1.0+/-0.4)e+06
Barbados,13675,34892,0,0,0,0,(6.6+/-2.3)e+03,(6.6+/-2.3)e+03,(6.6+/-2.3)e+03,(6.6+/-2.3)e+03,(6.6+/-2.3)e+03,(6.6+/-2.3)e+03,(6.6+/-2.3)e+03,(6.6+/-2.3)e+03,(6.6+/-2.3)e+03,(6.6+/-2.3)e+03,(6.6+/-2.3)e+03,(6.6+/-2.3)e+03,(6.6+/-2.3)e+03,(6.6+/-2.3)e+03,(6.6+/-2.3)e+03,(6.6+/-2.3)e+03,(6.6+/-2.3)e+03,(6.6+/-2.3)e+03,(6.6+/-2.3)e+03,(6.6+/-2.3)e+03,(6.6+/-2.3)e+03,(6.6+/-2.3)e+03,(6.6+/-2.3)e+03,(6.6+/-2.3)e+03,(6.6+/-2.3)e+03,(6.6+/-2.3)e+03,(6.6+/-2.3)e+03,(6.6+/-2.3)e+03,(6.6+/-2.3)e+03,(6.6+/-2.3)e+03,(6.6+/-2.3)e+03,(6.6+/-2.3)e+03,(6.6+/-2.3)e+03,(6.6+/-2.3)e+03,(6.6+/-2.3)e+03,(6.6+/-2.3)e+03,(6.6+/-2.3)e+03,(6.6+/-2.3)e+03,(6.6+/-2.3)e+03,(6.6+/-2.3)e+03,(6.6+/-2.3)e+03,(6.6+/-2.3)e+03,(6.6+/-2.3)e+03,(6.6+/-2.3)e+03,(6.6+/-2.3)e+03,(6.6+/-2.3)e+03,(6.6+/-2.3)e+03,(6.6+/-2.3)e+03,(6.6+/-2.3)e+03
Brunei Darussalam,21402,53828,0,0,0,0,(8.0+/-3.0)e+04,(8.0+/-3.0)e+04,(8.0+/-3.0)e+04,(8.0+/-3.0)e+04,(8.0+/-3.0)e+04,(8.0+/-3.0)e+04,(8.0+/-3.0)e+04,(8.0+/-3.0)e+04,(8.0+/-3.0)e+04,(8.0+/-3.0)e+04,(8.0+/-3.0)e+04,(8.0+/-3.0)e+04,(8.0+/-3.0)e+04,(8.0+/-3.0)e+04,(8.0+/-3.0)e+04,(8.0+/-3.0)e+04,(8.0+/-3.0)e+04,(8.0+/-3.0)e+04,(8.0+/-3.0)e+04,(8.0+/-3.0)e+04,(8.0+/-3.0)e+04,(8.0+/-3.0)e+04,(8.0+/-3.0)e+04,(8.0+/-3.0)e+04,(8.0+/-3.0)e+04,(8.0+/-3.0)e+04,(8.0+/-3.0)e+04,(8.0+/-3.0)e+04,(8.0+/-3.0)e+04,(8.0+/-3.0)e+04,(8.0+/-3.0)e+04,(8.0+/-3.0)e+04,(8.0+/-3.0)e+04,(8.0+/-3.0)e+04,(8.0+/-3.0)e+04,(8.0+/-3.0)e+04,(8.0+/-3.0)e+04,(8.0+/-3.0)e+04,(8.0+/-3.0)e+04,(8.0+/-3.0)e+04,(8.0+/-3.0)e+04,(8.0+/-3.0)e+04,(8.0+/-3.0)e+04,(8.0+/-3.0)e+04,(8.0+/-3.0)e+04,(8.0+/-3.0)e+04,(8.0+/-3.0)e+04,(8.0+/-3.0)e+04,(8.0+/-3.0)e+04
Bhutan,90582,116408,0,0,0,0,(6.6+/-2.3)e+03,(6.6+/-2.3)e+03,(6.6+/-2.3)e+03,(6.6+/-2.3)e+03,(6.6+/-2.3)e+03,(6.6+/-2.3)e+03,(6.6+/-2.3)e+03,(6.6+/-2.3)e+03,(6.6+/-2.3)e+03,(6.6+/-2.3)e+03,(6.6+/-2.3)e+03,(6.6+/-2.3)e+03,(6.6+/-2.3)e+03,(6.6+/-2.3)e+03,(6.6+/-2.3)e+03,(6.6+/-2.3)e+03,(6.6+/-2.3)e+03,(6.6+/-2.3)e+03,(6.6+/-2.3)e+03,(6.6+/-2.3)e+03,(6.6+/-2.3)e+03,(6.6+/-2.3)e+03,(6.6+/-2.3)e+03,(6.6+/-2.3)e+03,(6.6+/-2.3)e+03,(6.6+/-2.3)e+03,(6.6+/-2.3)e+03,(6.6+/-2.3)e+03,(6.6+/-2.3)e+03,(6.6+/-2.3)e+03,(6.6+/-2.3)e+03,(6.6+/-2.3)e+03,(6.6+/-2.3)e+03,(6.6+/-2.3)e+03,(6.6+/-2.3)e+03,(6.6+/-2.3)e+03,(6.6+/-2.3)e+03,(6.6+/-2.3)e+03,(6.6+/-2.3)e+03,(6.6+/-2.3)e+03,(6.6+/-2.3)e+03,(6.6+/-2.3)e+03,(6.6+/-2.3)e+03,(6.6+/-2.3)e+03,(6.6+/-2.3)e+03,(6.6+/-2.3)e+03,(6.6+/-2.3)e+03,(6.6+/-2.3)e+03,(6.6+/-2.3)e+03
Botswana,112213,278381,0,0,0,0,(2.5+/-0.9)e+05,(2.5+/-0.9)e+05,(2.5+/-0.9)e+05,(2.5+/-0.9)e+05,(2.5+/-0.9)e+05,(2.5+/-0.9)e+05,(2.5+/-0.9)e+05,(2.5+/-0.9)e+05,(2.5+/-0.9)e+05,(2.5+/-0.9)e+05,(2.5+/-0.9)e+05,(2.5+/-0.9)e+05,(2.5+/-0.9)e+05,(2.5+/-0.9)e+05,(2.5+/-0.9)e+05,(2.5+/-0.9)e+05,(2.5+/-0.9)e+05,(2.5+/-0.9)e+05,(2.5+/-0.9)e+05,(2.5+/-0.9)e+05,(2.5+/-0.9)e+05,(2.5+/-0.9)e+05,(2.5+/-0.9)e+05,(2.5+/-0.9)e+05,(2.5+/-0.9)e+05,(2.5+/-0.9)e+05,(2.5+/-0.9)e+05,(2.5+/-0.9)e+05,(2.5+/-0.9)e+05,(2.5+/-0.9)e+05,(2.5+/-0.9)e+05,(2.5+/-0.9)e+05,(2.5+/-0.9)e+05,(2.5+/-0.9)e+05,(2.5+/-0.9)e+05,(2.5+/-0.9)e+05,(2.5+/-0.9)e+05,(2.5+/-0.9)e+05,(2.5+/-0.9)e+05,(2.5+/-0.9)e+05,(2.5+/-0.9)e+05,(2.5+/-0.9)e+05,(2.5+/-0.9)e+05,(2.5+/-0.9)e+05,(2.5+/-0.9)e+05,(2.5+/-0.9)e+05,(2.5+/-0.9)e+05,(2.5+/-0.9)e+05,(2.5+/-0.9)e+05
Central African Republic,240898,683589,0,0,0,0,(6.6+/-2.3)e+03,(6.6+/-2.3)e+03,(6.6+/-2.3)e+03,(6.6+/-2.3)e+03,(6.6+/-2.3)e+03,(6.6+/-2.3)e+03,(6.6+/-2.3)e+03,(6.6+/-2.3)e+03,(6.6+/-2.3)e+03,(6.6+/-2.3)e+03,(6.6+/-2.3)e+03,(6.6+/-2.3)e+03,(6.6+/-2.3)e+03,(6.6+/-2.3)e+03,(6.6+/-2.3)e+03,(6.6+/-2.3)e+03,(6.6+/-2.3)e+03,(6.6+/-2.3)e+03,(6.6+/-2.3)e+03,(6.6+/-2.3)e+03,(6.6+/-2.3)e+03,(6.6+/-2.3)e+03,(6.6+/-2.3)e+03,(6.6+/-2.3)e+03,(6.6+/-2.3)e+03,(6.6+/-2.3)e+03,(6.6+/-2.3)e+03,(6.6+/-2.3)e+03,(6.6+/-2.3)e+03,(6.6+/-2.3)e+03,(6.6+/-2.3)e+03,(6.6+/-2.3)e+03,(6.6+/-2.3)e+03,(6.6+/-2.3)e+03,(6.6+/-2.3)e+03,(6.6+/-2.3)e+03,(6.6+/-2.3)e+03,(6.6+/-2.3)e+03,(6.6+/-2.3)e+03,(6.6+/-2.3)e+03,(6.6+/-2.3)e+03,(6.6+/-2.3)e+03,(6.6+/-2.3)e+03,(6.6+/-2.3)e+03,(6.6+/-2.3)e+03,(6.6+/-2.3)e+03,(6.6+/-2.3)e+03,(6.6+/-2.3)e+03,(6.6+/-2.3)e+03
Canada,2090501,4827425,0,0,0,0,(1.0+/-0.4)e+06,(1.0+/-0.4)e+06,(1.0+/-0.4)e+06,(1.0+/-0.4)e+06,(1.0+/-0.4)e+06,(1.0+/-0.4)e+06,(1.0+/-0.4)e+06,(1.0+/-0.4)e+06,(1.0+/-0.4)e+06,(1.0+/-0.4)e+06,(1.0+/-0.4)e+06,(1.0+/-0.4)e+06,(1.0+/-0.4)e+06,(1.0+/-0.4)e+06,(1.0+/-0.4)e+06,(1.0+/-0.4)e+06,(1.0+/-0.4)e+06,(1.0+/-0.4)e+06,(1.0+/-0.4)e+06,(1.0+/-0.4)e+06,(1.0+/-0.4)e+06,(1.0+/-0.4)e+06,(1.0+/-0.4)e+06,(1.0+/-0.4)e+06,(1.0+/-0.4)e+06,(1.0+/-0.4)e+06,(1.0+/-0.4)e+06,(1.0+/-0.4)e+06,(1.0+/-0.4)e+06,(1.0+/-0.4)e+06,(1.0+/-0.4)e+06,(1.0+/-0.4)e+06,(1.0+/-0.4)e+06,(1.0+/-0.4)e+06,(1.0+/-0.4)e+06,(1.0+/-0.4)e+06,(1.0+/-0.4)e+06,(1.0+/-0.4)e+06,(1.0+/-0.4)e+06,(1.0+/-0.4)e+06,(1.0+/-0.4)e+06,(1.0+/-0.4)e+06,(1.0+/-0.4)e+06,(1.0+/-0.4)e+06,(1.0+/-0.4)e+06,(1.0+/-0.4)e+06,(1.0+/-0.4)e+06,(1.0+/-0.4)e+06,(1.0+/-0.4)e+06
Switzerland,543135,1168951,0,0,0,0,(6.6+/-2.3)e+03,(6.6+/-2.3)e+03,(6.6+/-2.3)e+03,(6.6+/-2.3)e+03,(6.6+/-2.3)e+03,(6.6+/-2.3)e+03,(6.6+/-2.3)e+03,(6.6+/-2.3)e+03,(6.6+/-2.3)e+03,(6.6+/-2.3)e+03,(6.6+/-2.3)e+03,(6.6+/-2.3)e+03,(6.6+/-2.3)e+03,(6.6+/-2.3)e+03,(6.6+/-2.3)e+03,(6.6+/-2.3)e+03,(6.6+/-2.3)e+03,(6.6+/-2.3)e+03,(6.6+/-2.3)e+03,(6.6+/-2.3)e+03,(6.6+/-2.3)e+03,(6.6+/-2.3)e+03,(6.6+/-2.3)e+03,(6.6+/-2.3)e+03,(6.6+/-2.3)e+03,(6.6+/-2.3)e+03,(6.6+/-2.3)e+03,(6.6+/-2.3)e+03,(6.6+/-2.3)e+03,(6.6+/-2.3)e+03,(6.6+/-2.3)e+03,(6.6+/-2.3)e+03,(6.6+/-2.3)e+03,(6.6+/-2.3)e+03,(6.6+/-2.3)e+03,(6.6+/-2.3)e+03,(6.6+/-2.3)e+03,(6.6+/-2.3)e+03,(6.6+/-2.3)e+03,(6.6+/-2.3)e+03,(6.6+/-2.3)e+03,(6.6+/-2.3)e+03,(6.6+/-2.3)e+03,(6.6+/-2.3)e+03,(6.6+/-2.3)e+03,(6.6+/-2.3)e+03,(6.6+/-2.3)e+03,(6.6+/-2.3)e+03,(6.6+/-2.3)e+03
Chile,1064056,2804969,0,0,0,0,(1.3+/-0.5)e+06,(1.3+/-0.5)e+06,(1.3+/-0.5)e+06,(1.3+/-0.5)e+06,(1.3+/-0.5)e+06,(1.3+/-0.5)e+06,(1.3+/-0.5)e+06,(1.3+/-0.5)e+06,(1.3+/-0.5)e+06,(1.3+/-0.5)e+06,(1.3+/-0.5)e+06,(1.3+/-0.5)e+06,(1.3+/-0.5)e+06,(1.3+/-0.5)e+06,(1.3+/-0.5)e+06,(1.3+/-0.5)e+06,(1.3+/-0.5)e+06,(1.3+/-0.5)e+06,(1.3+/-0.5)e+06,(1.3+/-0.5)e+06,(1.3+/-0.5)e+06,(1.3+/-0.5)e+06,(1.3+/-0.5)e+06,(1.3+/-0.5)e+06,(1.3+/-0.5)e+06,(1.3+/-0.5)e+06,(1.3+/-0.5)e+06,(1.3+/-0.5)e+06,(1.3+/-0.5)e+06,(1.3+/-0.5)e+06,(1.3+/-0.5)e+06,(1.3+/-0.5)e+06,(1.3+/-0.5)e+06,(1.3+/-0.5)e+06,(1.3+/-0.5)e+06,(1.3+/-0.5)e+06,(1.3+/-0.5)e+06,(1.3+/-0.5)e+06,(1.3+/-0.5)e+06,(1.3+/-0.5)e+06,(1.3+/-0.5)e+06,(1.3+/-0.5)e+06,(1.3+/-0.5)e+06,(1.3+/-0.5)e+06,(1.3+/-0.5)e+06,(1.3+/-0.5)e+06,(1.3+/-0.5)e+06,(1.3+/-0.5)e+06,(1.3+/-0.5)e+06
China,111059502,222188035,0,0,0,0,(4.0+/-1.5)e+08,(4.0+/-1.5)e+08,(4.0+/-1.5)e+08,(4.0+/-1.5)e+08,(4.0+/-1.5)e+08,(4.0+/-1.5)e+08,(4.0+/-1.5)e+08,(4.0+/-1.5)e+08,(4.0+/-1.5)e+08,(4.0+/-1.5)e+08,(4.0+/-1.5)e+08,(4.0+/-1.5)e+08,(4.0+/-1.5)e+08,(4.0+/-1.5)e+08,(4.0+/-1.5)e+08,(4.0+/-1.5)e+08,(4.0+/-1.5)e+08,(4.0+/-1.5)e+08,(4.0+/-1.5)e+08,(4.0+/-1.5)e+08,(4.0+/-1.5)e+08,(4.0+/-1.5)e+08,(4.0+/-1.5)e+08,(4.0+/-1.5)e+08,(4.0+/-1.5)e+08,(4.0+/-1.5)e+08,(4.0+/-1.5)e+08,(4.0+/-1.5)e+08,(4.0+/-1.5)e+08,(4.0+/-1.5)e+08,(4.0+/-1.5)e+08,(4.0+/-1.5)e+08,(4.0+/-1.5)e+08,(4.0+/-1.5)e+08,(4.0+/-1.5)e+08,(4.0+/-1.5)e+08,(4.0+/-1.5)e+08,(4.0+/-1.5)e+08,(4.0+/-1.5)e+08,(4.0+/-1.5)e+08,(4.0+/-1.5)e+08,(4.0+/-1.5)e+08,(4.0+/-1.5)e+08,(4.0+/-1.5)e+08,(4.0+/-1.5)e+08,(4.0+/-1.5)e+08,(4.0+/-1.5)e+08,(4.0+/-1.5)e+08,(4.0+/-1.5)e+08
Côte d'Ivoire,3210218,6147434,0,0,0,0,(6.6+/-2.3)e+03,(6.6+/-2.3)e+03,(6.6+/-2.3)e+03,(6.6+/-2.3)e+03,(6.6+/-2.3)e+03,(6.6+/-2.3)e+03,(6.6+/-2.3)e+03,(6.6+/-2.3)e+03,(6.6+/-2.3)e+03,(6.6+/-2.3)e+03,(6.6+/-2.3)e+03,(6.6+/-2.3)e+03,(6.6+/-2.3)e+03,(6.6+/-2.3)e+03,(6.6+/-2.3)e+03,(6.6+/-2.3)e+03,(6.6+/-2.3)e+03,(6.6+/-2.3)e+03,(6.6+/-2.3)e+03,(6.6+/-2.3)e+03,(6.6+/-2.3)e+03,(6.6+/-2.3)e+03,(6.6+/-2.3)e+03,(6.6+/-2.3)e+03,(6.6+/-2.3)e+03,(6.6+/-2.3)e+03,(6.6+/-2.3)e+03,(6.6+/-2.3)e+03,(6.6+/-2.3)e+03,(6.6+/-2.3)e+03,(6.6+/-2.3)e+03,(6.6+/-2.3)e+03,(6.6+/-2.3)e+03,(6.6+/-2.3)e+03,(6.6+/-2.3)e+03,(6.6+/-2.3)e+03,(6.6+/-2.3)e+03,(6.6+/-2.3)e+03,(6.6+/-2.3)e+03,(6.6+/-2.3)e+03,(6.6+/-2.3)e+03,(6.6+/-2.3)e+03,(6.6+/-2.3)e+03,(6.6+/-2.3)e+03,(6.6+/-2.3)e+03,(6.6+/-2.3)e+03,(6.6+/-2.3)e+03,(6.6+/-2.3)e+03,(6.6+/-2.3)e+03
Cameroon,1603275,3937378,0,0,0,0,(6.6+/-2.3)e+03,(6.6+/-2.3)e+03,(6.6+/-2.3)e+03,(6.6+/-2.3)e+03,(6.6+/-2.3)e+03,(6.6+/-2.3)e+03,(6.6+/-2.3)e+03,(6.6+/-2.3)e+03,(6.6+/-2.3)e+03,(6.6+/-2.3)e+03,(6.6+/-2.3)e+03,(6.6+/-2.3)e+03,(6.6+/-2.3)e+03,(6.6+/-2.3)e+03,(6.6+/-2.3)e+03,(6.6+/-2.3)e+03,(6.6+/-2.3)e+03,(6.6+/-2.3)e+03,(6.6+/-2.3)e+03,(6.6+/-2.3)e+03,(6.6+/-2.3)e+03,(6.6+/-2.3)e+03,(6.6+/-2.3)e+03,(6.6+/-2.3)e+03,(6.6+/-2.3)e+03,(6.6+/-2.3)e+03,(6.6+/-2.3)e+03,(6.6+/-2.3)e+03,(6.6+/-2.3)e+03,(6.6+/-2.3)e+03,(6.6+/-2.3)e+03,(6.6+/-2.3)e+03,(6.6+/-2.3)e+03,(6.6+/-2.3)e+03,(6.6+/-2.3)e+03,(6.6+/-2.3)e+03,(6.6+/-2.3)e+03,(6.6+/-2.3)e+03,(6.6+/-2.3)e+03,(6.6+/-2.3)e+03,(6.6+/-2.3)e+03,(6.6+/-2.3)e+03,(6.6+/-2.3)e+03,(6.6+/-2.3)e+03,(6.6+/-2.3)e+03,(6.6+/-2.3)e+03,(6.6+/-2.3)e+03,(6.6+/-2.3)e+03,(6.6+/-2.3)e+03
DR Congo,7995643,10752215,0,0,0,0,(6.6+/-2.3)e+03,(6.6+/-2.3)e+03,(6.6+/-2.3)e+03,(6.6+/-2.3)e+03,(6.6+/-2.3)e+03,(6.6+/-2.3)e+03,(6.6+/-2.3)e+03,(6.6+/-2.3)e+03,(6.6+/-2.3)e+03,(6.6+/-2.3)e+03,(6.6+/-2.3)e+03,(6.6+/-2.3)e+03,(6.6+/-2.3)e+03,(6.6+/-2.3)e+03,(6.6+/-2.3)e+03,(6.6+/-2.3)e+03,(6.6+/-2.3)e+03,(6.6+/-2.3)e+03,(6.6+/-2.3)e+03,(6.6+/-2.3)e+03,(6.6+/-2.3)e+03,(6.6+/-2.3)e+03,(6.6+/-2.3)e+03,(6.6+/-2.3)e+03,(6.6+/-2.3)e+03,(6.6+/-2.3)e+03,(6.6+/-2.3)e+03,(6.6+/-2.3)e+03,(6.6+/-2.3)e+03,(6.6+/-2.3)e+03,(6.6+/-2.3)e+03,(6.6+/-2.3)e+03,(6.6+/-2.3)e+03,(6.6+/-2.3)e+03,(6.6+/-2.3)e+03,(6.6+/-2.3)e+03,(6.6+/-2.3)e+03,(6.6+/-2.3)e+03,(6.6+/-2.3)e+03,(6.6+/-2.3)e+03,(6.6+/-2.3)e+03,(6.6+/-2.3)e+03,(6.6+/-2.3)e+03,(6.6+/-2.3)e+03,(6.6+/-2.3)e+03,(6.6+/-2.3)e+03,(6.6+/-2.3)e+03,(6.6+/-2.3)e+03,(6.6+/-2.3)e+03
Congo Republic,340452,941536,0,0,0,0,(6.6+/-2.3)e+03,(6.6+/-2.3)e+03,(6.6+/-2.3)e+03,(6.6+/-2.3)e+03,(6.6+/-2.3)e+03,(6.6+/-2.3)e+03,(6.6+/-2.3)e+03,(6.6+/-2.3)e+03,(6.6+/-2.3)e+03,(6.6+/-2.3)e+03,(6.6+/-2.3)e+03,(6.6+/-2.3)e+03,(6.6+/-2.3)e+03,(6.6+/-2.3)e+03,(6.6+/-2.3)e+03,(6.6+/-2.3)e+03,(6.6+/-2.3)e+03,(6.6+/-2.3)e+03,(6.6+/-2.3)e+03,(6.6+/-2.3)e+03,(6.6+/-2.3)e+03,(6.6+/-2.3)e+03,(6.6+/-2.3)e+03,(6.6+/-2.3)e+03,(6.6+/-2.3)e+03,(6.6+/-2.3)e+03,(6.6+/-2.3)e+03,(6.6+/-2.3)e+03,(6.6+/-2.3)e+03,(6.6+/-2.3)e+03,(6.6+/-2.3)e+03,(6.6+/-2.3)e+03,(6.6+/-2.3)e+03,(6.6+/-2.3)e+03,(6.6+/-2.3)e+03,(6.6+/-2.3)e+03,(6.6+/-2.3)e+03,(6.6+/-2.3)e+03,(6.6+/-2.3)e+03,(6.6+/-2.3)e+03,(6.6+/-2.3)e+03,(6.6+/-2.3)e+03,(6.6+/-2.3)e+03,(6.6+/-2.3)e+03,(6.6+/-2.3)e+03,(6.6+/-2.3)e+03,(6.6+/-2.3)e+03,(6.6+/-2.3)e+03,(6.6+/-2.3)e+03
Colombia,2963041,7611316,0,0,0,0,(5.6+/-2.1)e+05,(5.6+/-2.1)e+05,(5.6+/-2.1)e+05,(5.6+/-2.1)e+05,(5.6+/-2.1)e+05,(5.6+/-2.1)e+05,(5.6+/-2.1)e+05,(5.6+/-2.1)e+05,(5.6+/-2.1)e+05,(5.6+/-2.1)e+05,(5.6+/-2.1)e+05,(5.6+/-2.1)e+05,(5.6+/-2.1)e+05,(5.6+/-2.1)e+05,(5.6+/-2.1)e+05,(5.6+/-2.1)e+05,(5.6+/-2.1)e+05,(5.6+/-2.1)e+05,(5.6+/-2.1)e+05,(5.6+/-2.1)e+05,(5.6+/-2.1)e+05,(5.6+/-2.1)e+05,(5.6+/-2.1)e+05,(5.6+/-2.1)e+05,(5.6+/-2.1)e+05,(5.6+/-2.1)e+05,(5.6+/-2.1)e+05,(5.6+/-2.1)e+05,(5.6+/-2.1)e+05,(5.6+/-2.1)e+05,(5.6+/-2.1)e+05,(5.6+/-2.1)e+05,(5.6+/-2.1)e+05,(5.6+/-2.1)e+05,(5.6+/-2.1)e+05,(5.6+/-2.1)e+05,(5.6+/-2.1)e+05,(5.6+/-2.1)e+05,(5.6+/-2.1)e+05,(5.6+/-2.1)e+05,(5.6+/-2.1)e+05,(5.6+/-2.1)e+05,(5.6+/-2.1)e+05,(5.6+/-2.1)e+05,(5.6+/-2.1)e+05,(5.6+/-2.1)e+05,(5.6+/-2.1)e+05,(5.6+/-2.1)e+05,(5.6+/-2.1)e+05
Comoros,41225,79467,0,0,0,0,(6.6+/-2.3)e+03,(6.6+/-2.3)e+03,(6.6+/-2.3)e+03,(6.6+/-2.3)e+03,(6.6+/-2.3)e+03,(6.6+/-2.3)e+03,(6.6+/-2.3)e+03,(6.6+/-2.3)e+03,(6.6+/-2.3)e+03,(6.6+/-2.3)e+03,(6.6+/-2.3)e+03,(6.6+/-2.3)e+03,(6.6+/-2.3)e+03,(6.6+/-2.3)e+03,(6.6+/-2.3)e+03,(6.6+/-2.3)e+03,(6.6+/-2.3)e+03,(6.6+/-2.3)e+03,(6.6+/-2.3)e+03,(6.6+/-2.3)e+03,(6.6+/-2.3)e+03,(6.6+/-2.3)e+03,(6.6+/-2.3)e+03,(6.6+/-2.3)e+03,(6.6+/-2.3)e+03,(6.6+/-2.3)e+03,(6.6+/-2.3)e+03,(6.6+/-2.3)e+03,(6.6+/-2.3)e+03,(6.6+/-2.3)e+03,(6.6+/-2.3)e+03,(6.6+/-2.3)e+03,(6.6+/-2.3)e+03,(6.6+/-2.3)e+03,(6.6+/-2.3)e+03,(6.6+/-2.3)e+03,(6.6+/-2.3)e+03,(6.6+/-2.3)e+03,(6.6+/-2.3)e+03,(6.6+/-2.3)e+03,(6.6+/-2.3)e+03,(6.6+/-2.3)e+03,(6.6+/-2.3)e+03,(6.6+/-2.3)e+03,(6.6+/-2.3)e+03,(6.6+/-2.3)e+03,(6.6+/-2.3)e+03,(6.6+/-2.3)e+03,(6.6+/-2.3)e+03
Cabo Verde,29890,64862,0,0,0,0,(6.6+/-2.3)e+03,(6.6+/-2.3)e+03,(6.6+/-2.3)e+03,(6.6+/-2.3)e+03,(6.6+/-2.3)e+03,(6.6+/-2.3)e+03,(6.6+/-2.3)e+03,(6.6+/-2.3)e+03,(6.6+/-2.3)e+03,(6.6+/-2.3)e+03,(6.6+/-2.3)e+03,(6.6+/-2.3)e+03,(6.6+/-2.3)e+03,(6.6+/-2.3)e+03,(6.6+/-2.3)e+03,(6.6+/-2.3)e+03,(6.6+/-2.3)e+03,(6.6+/-2.3)e+03,(6.6+/-2.3)e+03,(6.6+/-2.3)e+03,(6.6+/-2.3)e+03,(6.6+/-2.3)e+03,(6.6+/-2.3)e+03,(6.6+/-2.3)e+03,(6.6+/-2.3)e+03,(6.6+/-2.3)e+03,(6.6+/-2.3)e+03,(6.6+/-2.3)e+03,(6.6+/-2.3)e+03,(6.6+/-2.3)e+03,(6.6+/-2.3)e+03,(6.6+/-2.3)e+03,(6.6+/-2.3)e+03,(6.6+/-2.3)e+03,(6.6+/-2.3)e+03,(6.6+/-2.3)e+03,(6.6+/-2.3)e+03,(6.6+/-2.3)e+03,(6.6+/-2.3)e+03,(6.6+/-2.3)e+03,(6.6+/-2.3)e+03,(6.6+/-2.3)e+03,(6.6+/-2.3)e+03,(6.6+/-2.3)e+03,(6.6+/-2.3)e+03,(6.6+/-2.3)e+03,(6.6+/-2.3)e+03,(6.6+/-2.3)e+03,(6.6+/-2.3)e+03
Costa Rica,251728,636745,0,0,0,0,(6.6+/-2.3)e+03,(6.6+/-2.3)e+03,(6.6+/-2.3)e+03,(6.6+/-2.3)e+03,(6.6+/-2.3)e+03,(6.6+/-2.3)e+03,(6.6+/-2.3)e+03,(6.6+/-2.3)e+03,(6.6+/-2.3)e+03,(6.6+/-2.3)e+03,(6.6+/-2.3)e+03,(6.6+/-2.3)e+03,(6.6+/-2.3)e+03,(6.6+/-2.3)e+03,(6.6+/-2.3)e+03,(6.6+/-2.3)e+03,(6.6+/-2.3)e+03,(6.6+/-2.3)e+03,(6.6+/-2.3)e+03,(6.6+/-2.3)e+03,(6.6+/-2.3)e+03,(6.6+/-2.3)e+03,(6.6+/-2.3)e+03,(6.6+/-2.3)e+03,(6.6+/-2.3)e+03,(6.6+/-2.3)e+03,(6.6+/-2.3)e+03,(6.6+/-2.3)e+03,(6.6+/-2.3)e+03,(6.6+/-2.3)e+03,(6.6+/-2.3)e+03,(6.6+/-2.3)e+03,(6.6+/-2.3)e+03,(6.6+/-2.3)e+03,(6.6+/-2.3)e+03,(6.6+/-2.3)e+03,(6.6+/-2.3)e+03,(6.6+/-2.3)e+03,(6.6+/-2.3)e+03,(6.6+/-2.3)e+03,(6.6+/-2.3)e+03,(6.6+/-2.3)e+03,(6.6+/-2.3)e+03,(6.6+/-2.3)e+03,(6.6+/-2.3)e+03,(6.6+/-2.3)e+03,(6.6+/-2.3)e+03,(6.6+/-2.3)e+03,(6.6+/-2.3)e+03
Cuba,428636,1267154,0,0,0,0,(6.6+/-2.3)e+03,(6.6+/-2.3)e+03,(6.6+/-2.3)e+03,(6.6+/-2.3)e+03,(6.6+/-2.3)e+03,(6.6+/-2.3)e+03,(6.6+/-2.3)e+03,(6.6+/-2.3)e+03,(6.6+/-2.3)e+03,(6.6+/-2.3)e+03,(6.6+/-2.3)e+03,(6.6+/-2.3)e+03,(6.6+/-2.3)e+03,(6.6+/-2.3)e+03,(6.6+/-2.3)e+03,(6.6+/-2.3)e+03,(6.6+/-2.3)e+03,(6.6+/-2.3)e+03,(6.6+/-2.3)e+03,(6.6+/-2.3)e+03,(6.6+/-2.3)e+03,(6.6+/-2.3)e+03,(6.6+/-2.3)e+03,(6.6+/-2.3)e+03,(6.6+/-2.3)e+03,(6.6+/-2.3)e+03,(6.6+/-2.3)e+03,(6.6+/-2.3)e+03,(6.6+/-2.3)e+03,(6.6+/-2.3)e+03,(6.6+/-2.3)e+03,(6.6+/-2.3)e+03,(6.6+/-2.3)e+03,(6.6+/-2.3)e+03,(6.6+/-2.3)e+03,(6.6+/-2.3)e+03,(6.6+/-2.3)e+03,(6.6+/-2.3)e+03,(6.6+/-2.3)e+03,(6.6+/-2.3)e+03,(6.6+/-2.3)e+03,(6.6+/-2.3)e+03,(6.6+/-2.3)e+03,(6.6+/-2.3)e+03,(6.6+/-2.3)e+03,(6.6+/-2.3)e+03,(6.6+/-2.3)e+03,(6.6+/-2.3)e+03,(6.6+/-2.3)e+03
Curaçao,7726,16614,0,0,0,0,(6.6+/-2.3)e+03,(6.6+/-2.3)e+03,(6.6+/-2.3)e+03,(6.6+/-2.3)e+03,(6.6+/-2.3)e+03,(6.6+/-2.3)e+03,(6.6+/-2.3)e+03,(6.6+/-2.3)e+03,(6.6+/-2.3)e+03,(6.6+/-2.3)e+03,(6.6+/-2.3)e+03,(6.6+/-2.3)e+03,(6.6+/-2.3)e+03,(6.6+/-2.3)e+03,(6.6+/-2.3)e+03,(6.6+/-2.3)e+03,(6.6+/-2.3)e+03,(6.6+/-2.3)e+03,(6.6+/-2.3)e+03,(6.6+/-2.3)e+03,(6.6+/-2.3)e+03,(6.6+/-2.3)e+03,(6.6+/-2.3)e+03,(6.6+/-2.3)e+03,(6.6+/-2.3)e+03,(6.6+/-2.3)e+03,(6.6+/-2.3)e+03,(6.6+/-2.3)e+03,(6.6+/-2.3)e+03,(6.6+/-2.3)e+03,(6.6+/-2.3)e+03,(6.6+/-2.3)e+03,(6.6+/-2.3)e+03,(6.6+/-2.3)e+03,(6.6+/-2.3)e+03,(6.6+/-2.3)e+03,(6.6+/-2.3)e+03,(6.6+/-2.3)e+03,(6.6+/-2.3)e+03,(6.6+/-2.3)e+03,(6.6+/-2.3)e+03,(6.6+/-2.3)e+03,(6.6+/-2.3)e+03,(6.6+/-2.3)e+03,(6.6+/-2.3)e+03,(6.6+/-2.3)e+03,(6.6+/-2.3)e+03,(6.6+/-2.3)e+03,(6.6+/-2.3)e+03
Cayman Islands,6527,14037,0,0,0,0,(6.6+/-2.3)e+03,(6.6+/-2.3)e+03,(6.6+/-2.3)e+03,(6.6+/-2.3)e+03,(6.6+/-2.3)e+03,(6.6+/-2.3)e+03,(6.6+/-2.3)e+03,(6.6+/-2.3)e+03,(6.6+/-2.3)e+03,(6.6+/-2.3)e+03,(6.6+/-2.3)e+03,(6.6+/-2.3)e+03,(6.6+/-2.3)e+03,(6.6+/-2.3)e+03,(6.6+/-2.3)e+03,(6.6+/-2.3)e+03,(6.6+/-2.3)e+03,(6.6+/-2.3)e+03,(6.6+/-2.3)e+03,(6.6+/-2.3)e+03,(6.6+/-2.3)e+03,(6.6+/-2.3)e+03,(6.6+/-2.3)e+03,(6.6+/-2.3)e+03,(6.6+/-2.3)e+03,(6.6+/-2.3)e+03,(6.6+/-2.3)e+03,(6.6+/-2.3)e+03,(6.6+/-2.3)e+03,(6.6+/-2.3)e+03,(6.6+/-2.3)e+03,(6.6+/-2.3)e+03,(6.6+/-2.3)e+03,(6.6+/-2.3)e+03,(6.6+/-2.3)e+03,(6.6+/-2.3)e+03,(6.6+/-2.3)e+03,(6.6+/-2.3)e+03,(6.6+/-2.3)e+03,(6.6+/-2.3)e+03,(6.6+/-2.3)e+03,(6.6+/-2.3)e+03,(6.6+/-2.3)e+03,(6.6+/-2.3)e+03,(6.6+/-2.3)e+03,(6.6+/-2.3)e+03,(6.6+/-2.3)e+03,(6.6+/-2.3)e+03,(6.6+/-2.3)e+03
Cyprus,51869,154657,0,0,0,0,(6.6+/-2.3)e+03,(6.6+/-2.3)e+03,(6.6+/-2.3)e+03,(6.6+/-2.3)e+03,(6.6+/-2.3)e+03,(6.6+/-2.3)e+03,(6.6+/-2.3)e+03,(6.6+/-2.3)e+03,(6.6+/-2.3)e+03,(6.6+/-2.3)e+03,(6.6+/-2.3)e+03,(6.6+/-2.3)e+03,(6.6+/-2.3)e+03,(6.6+/-2.3)e+03,(6.6+/-2.3)e+03,(6.6+/-2.3)e+03,(6.6+/-2.3)e+03,(6.6+/-2.3)e+03,(6.6+/-2.3)e+03,(6.6+/-2.3)e+03,(6.6+/-2.3)e+03,(6.6+/-2.3)e+03,(6.6+/-2.3)e+03,(6.6+/-2.3)e+03,(6.6+/-2.3)e+03,(6.6+/-2.3)e+03,(6.6+/-2.3)e+03,(6.6+/-2.3)e+03,(6.6+/-2.3)e+03,(6.6+/-2.3)e+03,(6.6+/-2.3)e+03,(6.6+/-2.3)e+03,(6.6+/-2.3)e+03,(6.6+/-2.3)e+03,(6.6+/-2.3)e+03,(6.6+/-2.3)e+03,(6.6+/-2.3)e+03,(6.6+/-2.3)e+03,(6.6+/-2.3)e+03,(6.6+/-2.3)e+03,(6.6+/-2.3)e+03,(6.6+/-2.3)e+03,(6.6+/-2.3)e+03,(6.6+/-2.3)e+03,(6.6+/-2.3)e+03,(6.6+/-2.3)e+03,(6.6+/-2.3)e+03,(6.6+/-2.3)e+03,(6.6+/-2.3)e+03
Czechia,577156,1180990,0,0,0,0,(2.3+/-0.9)e+06,(2.3+/-0.9)e+06,(2.3+/-0.9)e+06,(2.3+/-0.9)e+06,(2.3+/-0.9)e+06,(2.3+/-0.9)e+06,(2.3+/-0.9)e+06,(2.3+/-0.9)e+06,(2.3+/-0.9)e+06,(2.3+/-0.9)e+06,(2.3+/-0.9)e+06,(2.3+/-0.9)e+06,(2.3+/-0.9)e+06,(2.3+/-0.9)e+06,(2.3+/-0.9)e+06,(2.3+/-0.9)e+06,(2.3+/-0.9)e+06,(2.3+/-0.9)e+06,(2.3+/-0.9)e+06,(2.3+/-0.9)e+06,(2.3+/-0.9)e+06,(2.3+/-0.9)e+06,(2.3+/-0.9)e+06,(2.3+/-0.9)e+06,(2.3+/-0.9)e+06,(2.3+/-0.9)e+06,(2.3+/-0.9)e+06,(2.3+/-0.9)e+06,(2.3+/-0.9)e+06,(2.3+/-0.9)e+06,(2.3+/-0.9)e+06,(2.3+/-0.9)e+06,(2.3+/-0.9)e+06,(2.3+/-0.9)e+06,(2.3+/-0.9)e+06,(2.3+/-0.9)e+06,(2.3+/-0.9)e+06,(2.3+/-0.9)e+06,(2.3+/-0.9)e+06,(2.3+/-0.9)e+06,(2.3+/-0.9)e+06,(2.3+/-0.9)e+06,(2.3+/-0.9)e+06,(2.3+/-0.9)e+06,(2.3+/-0.9)e+06,(2.3+/-0.9)e+06,(2.3+/-0.9)e+06,(2.3+/-0.9)e+06,(2.3+/-0.9)e+06
Germany,4637306,9934032,0,0,0,0,(1.0+/-0.4)e+07,(1.0+/-0.4)e+07,(1.0+/-0.4)e+07,(1.0+/-0.4)e+07,(1.0+/-0.4)e+07,(1.0+/-0.4)e+07,(1.0+/-0.4)e+07,(1.0+/-0.4)e+07,(1.0+/-0.4)e+07,(1.0+/-0.4)e+07,(1.0+/-0.4)e+07,(1.0+/-0.4)e+07,(1.0+/-0.4)e+07,(1.0+/-0.4)e+07,(1.0+/-0.4)e+07,(1.0+/-0.4)e+07,(1.0+/-0.4)e+07,(1.0+/-0.4)e+07,(1.0+/-0.4)e+07,(1.0+/-0.4)e+07,(1.0+/-0.4)e+07,(1.0+/-0.4)e+07,(1.0+/-0.4)e+07,(1.0+/-0.4)e+07,(1.0+/-0.4)e+07,(1.0+/-0.4)e+07,(1.0+/-0.4)e+07,(1.0+/-0.4)e+07,(1.0+/-0.4)e+07,(1.0+/-0.4)e+07,(1.0+/-0.4)e+07,(1.0+/-0.4)e+07,(1.0+/-0.4)e+07,(1.0+/-0.4)e+07,(1.0+/-0.4)e+07,(1.0+/-0.4)e+07,(1.0+/-0.4)e+07,(1.0+/-0.4)e+07,(1.0+/-0.4)e+07,(1.0+/-0.4)e+07,(1.0+/-0.4)e+07,(1.0+/-0.4)e+07,(1.0+/-0.4)e+07,(1.0+/-0.4)e+07,(1.0+/-0.4)e+07,(1.0+/-0.4)e+07,(1.0+/-0.4)e+07,(1.0+/-0.4)e+07,(1.0+/-0.4)e+07
Djibouti,25429,58947,0,0,0,0,(6.6+/-2.3)e+03,(6.6+/-2.3)e+03,(6.6+/-2.3)e+03,(6.6+/-2.3)e+03,(6.6+/-2.3)e+03,(6.6+/-2.3)e+03,(6.6+/-2.3)e+03,(6.6+/-2.3)e+03,(6.6+/-2.3)e+03,(6.6+/-2.3)e+03,(6.6+/-2.3)e+03,(6.6+/-2.3)e+03,(6.6+/-2.3)e+03,(6.6+/-2.3)e+03,(6.6+/-2.3)e+03,(6.6+/-2.3)e+03,(6.6+/-2.3)e+03,(6.6+/-2.3)e+03,(6.6+/-2.3)e+03,(6.6+/-2.3)e+03,(6.6+/-2.3)e+03,(6.6+/-2.3)e+03,(6.6+/-2.3)e+03,(6.6+/-2.3)e+03,(6.6+/-2.3)e+03,(6.6+/-2.3)e+03,(6.6+/-2.3)e+03,(6.6+/-2.3)e+03,(6.6+/-2.3)e+03,(6.6+/-2.3)e+03,(6.6+/-2.3)e+03,(6.6+/-2.3)e+03,(6.6+/-2.3)e+03,(6.6+/-2.3)e+03,(6.6+/-2.3)e+03,(6.6+/-2.3)e+03,(6.6+/-2.3)e+03,(6.6+/-2.3)e+03,(6.6+/-2.3)e+03,(6.6+/-2.3)e+03,(6.6+/-2.3)e+03,(6.6+/-2.3)e+03,(6.6+/-2.3)e+03,(6.6+/-2.3)e+03,(6.6+/-2.3)e+03,(6.6+/-2.3)e+03,(6.6+/-2.3)e+03,(6.6+/-2.3)e+03,(6.6+/-2.3)e+03
Dominica,7235,10496,0,0,0,0,(6.6+/-2.3)e+03,(6.6+/-2.3)e+03,(6.6+/-2.3)e+03,(6.6+/-2.3)e+03,(6.6+/-2.3)e+03,(6.6+/-2.3)e+03,(6.6+/-2.3)e+03,(6.6+/-2.3)e+03,(6.6+/-2.3)e+03,(6.6+/-2.3)e+03,(6.6+/-2.3)e+03,(6.6+/-2.3)e+03,(6.6+/-2.3)e+03,(6.6+/-2.3)e+03,(6.6+/-2.3)e+03,(6.6+/-2.3)e+03,(6.6+/-2.3)e+03,(6.6+/-2.3)e+03,(6.6+/-2.3)e+03,(6.6+/-2.3)e+03,(6.6+/-2.3)e+03,(6.6+/-2.3)e+03,(6.6+/-2.3)e+03,(6.6+/-2.3)e+03,(6.6+/-2.3)e+03,(6.6+/-2.3)e+03,(6.6+/-2.3)e+03,(6.6+/-2.3)e+03,(6.6+/-2.3)e+03,(6.6+/-2.3)e+03,(6.6+/-2.3)e+03,(6.6+/-2.3)e+03,(6.6+/-2.3)e+03,(6.6+/-2.3)e+03,(6.6+/-2.3)e+03,(6.6+/-2.3)e+03,(6.6+/-2.3)e+03,(6.6+/-2.3)e+03,(6.6+/-2.3)e+03,(6.6+/-2.3)e+03,(6.6+/-2.3)e+03,(6.6+/-2.3)e+03,(6.6+/-2.3)e+03,(6.6+/-2.3)e+03,(6.6+/-2.3)e+03,(6.6+/-2.3)e+03,(6.6+/-2.3)e+03,(6.6+/-2.3)e+03,(6.6+/-2.3)e+03
Denmark,305361,774865,0,0,0,0,(1.4+/-0.5)e+05,(1.4+/-0.5)e+05,(1.4+/-0.5)e+05,(1.4+/-0.5)e+05,(1.4+/-0.5)e+05,(1.4+/-0.5)e+05,(1.4+/-0.5)e+05,(1.4+/-0.5)e+05,(1.4+/-0.5)e+05,(1.4+/-0.5)e+05,(1.4+/-0.5)e+05,(1.4+/-0.5)e+05,(1.4+/-0.5)e+05,(1.4+/-0.5)e+05,(1.4+/-0.5)e+05,(1.4+/-0.5)e+05,(1.4+/-0.5)e+05,(1.4+/-0.5)e+05,(1.4+/-0.5)e+05,(1.4+/-0.5)e+05,(1.4+/-0.5)e+05,(1.4+/-0.5)e+05,(1.4+/-0.5)e+05,(1.4+/-0.5)e+05,(1.4+/-0.5)e+05,(1.4+/-0.5)e+05,(1.4+/-0.5)e+05,(1.4+/-0.5)e+05,(1.4+/-0.5)e+05,(1.4+/-0.5)e+05,(1.4+/-0.5)e+05,(1.4+/-0.5)e+05,(1.4+/-0.5)e+05,(1.4+/-0.5)e+05,(1.4+/-0.5)e+05,(1.4+/-0.5)e+05,(1.4+/-0.5)e+05,(1.4+/-0.5)e+05,(1.4+/-0.5)e+05,(1.4+/-0.5)e+05,(1.4+/-0.5)e+05,(1.4+/-0.5)e+05,(1.4+/-0.5)e+05,(1.4+/-0.5)e+05,(1.4+/-0.5)e+05,(1.4+/-0.5)e+05,(1.4+/-0.5)e+05,(1.4+/-0.5)e+05,(1.4+/-0.5)e+05
Dominican Republic,477144,1410557,0,0,0,0,(3.6+/-1.4)e+05,(3.6+/-1.4)e+05,(3.6+/-1.4)e+05,(3.6+/-1.4)e+05,(3.6+/-1.4)e+05,(3.6+/-1.4)e+05,(3.6+/-1.4)e+05,(3.6+/-1.4)e+05,(3.6+/-1.4)e+05,(3.6+/-1.4)e+05,(3.6+/-1.4)e+05,(3.6+/-1.4)e+05,(3.6+/-1.4)e+05,(3.6+/-1.4)e+05,(3.6+/-1.4)e+05,(3.6+/-1.4)e+05,(3.6+/-1.4)e+05,(3.6+/-1.4)e+05,(3.6+/-1.4)e+05,(3.6+/-1.4)e+05,(3.6+/-1.4)e+05,(3.6+/-1.4)e+05,(3.6+/-1.4)e+05,(3.6+/-1.4)e+05,(3.6+/-1.4)e+05,(3.6+/-1.4)e+05,(3.6+/-1.4)e+05,(3.6+/-1.4)e+05,(3.6+/-1.4)e+05,(3.6+/-1.4)e+05,(3.6+/-1.4)e+05,(3.6+/-1.4)e+05,(3.6+/-1.4)e+05,(3.6+/-1.4)e+05,(3.6+/-1.4)e+05,(3.6+/-1.4)e+05,(3.6+/-1.4)e+05,(3.6+/-1.4)e+05,(3.6+/-1.4)e+05,(3.6+/-1.4)e+05,(3.6+/-1.4)e+05,(3.6+/-1.4)e+05,(3.6+/-1.4)e+05,(3.6+/-1.4)e+05,(3.6+/-1.4)e+05,(3.6+/-1.4)e+05,(3.6+/-1.4)e+05,(3.6+/-1.4)e+05,(3.6+/-1.4)e+05
Algeria,1878337,3885348,0,0,0,0,(6.6+/-2.3)e+03,(6.6+/-2.3)e+03,(6.6+/-2.3)e+03,(6.6+/-2.3)e+03,(6.6+/-2.3)e+03,(6.6+/-2.3)e+03,(6.6+/-2.3)e+03,(6.6+/-2.3)e+03,(6.6+/-2.3)e+03,(6.6+/-2.3)e+03,(6.6+/-2.3)e+03,(6.6+/-2.3)e+03,(6.6+/-2.3)e+03,(6.6+/-2.3)e+03,(6.6+/-2.3)e+03,(6.6+/-2.3)e+03,(6.6+/-2.3)e+03,(6.6+/-2.3)e+03,(6.6+/-2.3)e+03,(6.6+/-2.3)e+03,(6.6+/-2.3)e+03,(6.6+/-2.3)e+03,(6.6+/-2.3)e+03,(6.6+/-2.3)e+03,(6.6+/-2.3)e+03,(6.6+/-2.3)e+03,(6.6+/-2.3)e+03,(6.6+/-2.3)e+03,(6.6+/-2.3)e+03,(6.6+/-2.3)e+03,(6.6+/-2.3)e+03,(6.6+/-2.3)e+03,(6.6+/-2.3)e+03,(6.6+/-2.3)e+03,(6.6+/-2.3)e+03,(6.6+/-2.3)e+03,(6.6+/-2.3)e+03,(6.6+/-2.3)e+03,(6.6+/-2.3)e+03,(6.6+/-2.3)e+03,(6.6+/-2.3)e+03,(6.6+/-2.3)e+03,(6.6+/-2.3)e+03,(6.6+/-2.3)e+03,(6.6+/-2.3)e+03,(6.6+/-2.3)e+03,(6.6+/-2.3)e+03,(6.6+/-2.3)e+03,(6.6+/-2.3)e+03
Ecuador,1372513,2708668,0,0,0,0,(6.6+/-2.3)e+03,(6.6+/-2.3)e+03,(6.6+/-2.3)e+03,(6.6+/-2.3)e+03,(6.6+/-2.3)e+03,(6.6+/-2.3)e+03,(6.6+/-2.3)e+03,(6.6+/-2.3)e+03,(6.6+/-2.3)e+03,(6.6+/-2.3)e+03,(6.6+/-2.3)e+03,(6.6+/-2.3)e+03,(6.6+/-2.3)e+03,(6.6+/-2.3)e+03,(6.6+/-2.3)e+03,(6.6+/-2.3)e+03,(6.6+/-2.3)e+03,(6.6+/-2.3)e+03,(6.6+/-2.3)e+03,(6.6+/-2.3)e+03,(6.6+/-2.3)e+03,(6.6+/-2.3)e+03,(6.6+/-2.3)e+03,(6.6+/-2.3)e+03,(6.6+/-2.3)e+03,(6.6+/-2.3)e+03,(6.6+/-2.3)e+03,(6.6+/-2.3)e+03,(6.6+/-2.3)e+03,(6.6+/-2.3)e+03,(6.6+/-2.3)e+03,(6.6+/-2.3)e+03,(6.6+/-2.3)e+03,(6.6+/-2.3)e+03,(6.6+/-2.3)e+03,(6.6+/-2.3)e+03,(6.6+/-2.3)e+03,(6.6+/-2.3)e+03,(6.6+/-2.3)e+03,(6.6+/-2.3)e+03,(6.6+/-2.3)e+03,(6.6+/-2.3)e+03,(6.6+/-2.3)e+03,(6.6+/-2.3)e+03,(6.6+/-2.3)e+03,(6.6+/-2.3)e+03,(6.6+/-2.3)e+03,(6.6+/-2.3)e+03,(6.6+/-2.3)e+03
Egypt,4709744,9636871,0,0,0,0,(6.6+/-2.3)e+03,(6.6+/-2.3)e+03,(6.6+/-2.3)e+03,(6.6+/-2.3)e+03,(6.6+/-2.3)e+03,(6.6+/-2.3)e+03,(6.6+/-2.3)e+03,(6.6+/-2.3)e+03,(6.6+/-2.3)e+03,(6.6+/-2.3)e+03,(6.6+/-2.3)e+03,(6.6+/-2.3)e+03,(6.6+/-2.3)e+03,(6.6+/-2.3)e+03,(6.6+/-2.3)e+03,(6.6+/-2.3)e+03,(6.6+/-2.3)e+03,(6.6+/-2.3)e+03,(6.6+/-2.3)e+03,(6.6+/-2.3)e+03,(6.6+/-2.3)e+03,(6.6+/-2.3)e+03,(6.6+/-2.3)e+03,(6.6+/-2.3)e+03,(6.6+/-2.3)e+03,(6.6+/-2.3)e+03,(6.6+/-2.3)e+03,(6.6+/-2.3)e+03,(6.6+/-2.3)e+03,(6.6+/-2.3)e+03,(6.6+/-2.3)e+03,(6.6+/-2.3)e+03,(6.6+/-2.3)e+03,(6.6+/-2.3)e+03,(6.6+/-2.3)e+03,(6.6+/-2.3)e+03,(6.6+/-2.3)e+03,(6.6+/-2.3)e+03,(6.6+/-2.3)e+03,(6.6+/-2.3)e+03,(6.6+/-2.3)e+03,(6.6+/-2.3)e+03,(6.6+/-2.3)e+03,(6.6+/-2.3)e+03,(6.6+/-2.3)e+03,(6.6+/-2.3)e+03,(6.6+/-2.3)e+03,(6.6+/-2.3)e+03,(6.6+/-2.3)e+03
Eritrea,177605,422518,0,0,0,0,(6.6+/-2.3)e+03,(6.6+/-2.3)e+03,(6.6+/-2.3)e+03,(6.6+/-2.3)e+03,(6.6+/-2.3)e+03,(6.6+/-2.3)e+03,(6.6+/-2.3)e+03,(6.6+/-2.3)e+03,(6.6+/-2.3)e+03,(6.6+/-2.3)e+03,(6.6+/-2.3)e+03,(6.6+/-2.3)e+03,(6.6+/-2.3)e+03,(6.6+/-2.3)e+03,(6.6+/-2.3)e+03,(6.6+/-2.3)e+03,(6.6+/-2.3)e+03,(6.6+/-2.3)e+03,(6.6+/-2.3)e+03,(6.6+/-2.3)e+03,(6.6+/-2.3)e+03,(6.6+/-2.3)e+03,(6.6+/-2.3)e+03,(6.6+/-2.3)e+03,(6.6+/-2.3)e+03,(6.6+/-2.3)e+03,(6.6+/-2.3)e+03,(6.6+/-2.3)e+03,(6.6+/-2.3)e+03,(6.6+/-2.3)e+03,(6.6+/-2.3)e+03,(6.6+/-2.3)e+03,(6.6+/-2.3)e+03,(6.6+/-2.3)e+03,(6.6+/-2.3)e+03,(6.6+/-2.3)e+03,(6.6+/-2.3)e+03,(6.6+/-2.3)e+03,(6.6+/-2.3)e+03,(6.6+/-2.3)e+03,(6.6+/-2.3)e+03,(6.6+/-2.3)e+03,(6.6+/-2.3)e+03,(6.6+/-2.3)e+03,(6.6+/-2.3)e+03,(6.6+/-2.3)e+03,(6.6+/-2.3)e+03,(6.6+/-2.3)e+03,(6.6+/-2.3)e+03
Spain,2369485,6386009,0,0,0,0,(7.1+/-2.7)e+05,(7.1+/-2.7)e+05,(7.1+/-2.7)e+05,(7.1+/-2.7)e+05,(7.1+/-2.7)e+05,(7.1+/-2.7)e+05,(7.1+/-2.7)e+05,(7.1+/-2.7)e+05,(7.1+/-2.7)e+05,(7.1+/-2.7)e+05,(7.1+/-2.7)e+05,(7.1+/-2.7)e+05,(7.1+/-2.7)e+05,(7.1+/-2.7)e+05,(7.1+/-2.7)e+05,(7.1+/-2.7)e+05,(7.1+/-2.7)e+05,(7.1+/-2.7)e+05,(7.1+/-2.7)e+05,(7.1+/-2.7)e+05,(7.1+/-2.7)e+05,(7.1+/-2.7)e+05,(7.1+/-2.7)e+05,(7.1+/-2.7)e+05,(7.1+/-2.7)e+05,(7.1+/-2.7)e+05,(7.1+/-2.7)e+05,(7.1+/-2.7)e+05,(7.1+/-2.7)e+05,(7.1+/-2.7)e+05,(7.1+/-2.7)e+05,(7.1+/-2.7)e+05,(7.1+/-2.7)e+05,(7.1+/-2.7)e+05,(7.1+/-2.7)e+05,(7.1+/-2.7)e+05,(7.1+/-2.7)e+05,(7.1+/-2.7)e+05,(7.1+/-2.7)e+05,(7.1+/-2.7)e+05,(7.1+/-2.7)e+05,(7.1+/-2.7)e+05,(7.1+/-2.7)e+05,(7.1+/-2.7)e+05,(7.1+/-2.7)e+05,(7.1+/-2.7)e+05,(7.1+/-2.7)e+05,(7.1+/-2.7)e+05,(7.1+/-2.7)e+05
Estonia,63600,146176,0,0,0,0,(6.6+/-2.3)e+03,(6.6+/-2.3)e+03,(6.6+/-2.3)e+03,(6.6+/-2.3)e+03,(6.6+/-2.3)e+03,(6.6+/-2.3)e+03,(6.6+/-2.3)e+03,(6.6+/-2.3)e+03,(6.6+/-2.3)e+03,(6.6+/-2.3)e+03,(6.6+/-2.3)e+03,(6.6+/-2.3)e+03,(6.6+/-2.3)e+03,(6.6+/-2.3)e+03,(6.6+/-2.3)e+03,(6.6+/-2.3)e+03,(6.6+/-2.3)e+03,(6.6+/-2.3)e+03,(6.6+/-2.3)e+03,(6.6+/-2.3)e+03,(6.6+/-2.3)e+03,(6.6+/-2.3)e+03,(6.6+/-2.3)e+03,(6.6+/-2.3)e+03,(6.6+/-2.3)e+03,(6.6+/-2.3)e+03,(6.6+/-2.3)e+03,(6.6+/-2.3)e+03,(6.6+/-2.3)e+03,(6.6+/-2.3)e+03,(6.6+/-2.3)e+03,(6.6+/-2.3)e+03,(6.6+/-2.3)e+03,(6.6+/-2.3)e+03,(6.6+/-2.3)e+03,(6.6+/-2.3)e+03,(6.6+/-2.3)e+03,(6.6+/-2.3)e+03,(6.6+/-2.3)e+03,(6.6+/-2.3)e+03,(6.6+/-2.3)e+03,(6.6+/-2.3)e+03,(6.6+/-2.3)e+03,(6.6+/-2.3)e+03,(6.6+/-2.3)e+03,(6.6+/-2.3)e+03,(6.6+/-2.3)e+03,(6.6+/-2.3)e+03,(6.6+/-2.3)e+03
Ethiopia,5899982,12531927,0,0,0,0,(6.6+/-2.3)e+03,(6.6+/-2.3)e+03,(6.6+/-2.3)e+03,(6.6+/-2.3)e+03,(6.6+/-2.3)e+03,(6.6+/-2.3)e+03,(6.6+/-2.3)e+03,(6.6+/-2.3)e+03,(6.6+/-2.3)e+03,(6.6+/-2.3)e+03,(6.6+/-2.3)e+03,(6.6+/-2.3)e+03,(6.6+/-2.3)e+03,(6.6+/-2.3)e+03,(6.6+/-2.3)e+03,(6.6+/-2.3)e+03,(6.6+/-2.3)e+03,(6.6+/-2.3)e+03,(6.6+/-2.3)e+03,(6.6+/-2.3)e+03,(6.6+/-2.3)e+03,(6.6+/-2.3)e+03,(6.6+/-2.3)e+03,(6.6+/-2.3)e+03,(6.6+/-2.3)e+03,(6.6+/-2.3)e+03,(6.6+/-2.3)e+03,(6.6+/-2.3)e+03,(6.6+/-2.3)e+03,(6.6+/-2.3)e+03,(6.6+/-2.3)e+03,(6.6+/-2.3)e+03,(6.6+/-2.3)e+03,(6.6+/-2.3)e+03,(6.6+/-2.3)e+03,(6.6+/-2.3)e+03,(6.6+/-2.3)e+03,(6.6+/-2.3)e+03,(6.6+/-2.3)e+03,(6.6+/-2.3)e+03,(6.6+/-2.3)e+03,(6.6+/-2.3)e+03,(6.6+/-2.3)e+03,(6.6+/-2.3)e+03,(6.6+/-2.3)e+03,(6.6+/-2.3)e+03,(6.6+/-2.3)e+03,(6.6+/-2.3)e+03,(6.6+/-2.3)e+03
Finland,310554,705967,0,0,0,0,(3.4+/-1.3)e+05,(3.4+/-1.3)e+05,(3.4+/-1.3)e+05,(3.4+/-1.3)e+05,(3.4+/-1.3)e+05,(3.4+/-1.3)e+05,(3.4+/-1.3)e+05,(3.4+/-1.3)e+05,(3.4+/-1.3)e+05,(3.4+/-1.3)e+05,(3.4+/-1.3)e+05,(3.4+/-1.3)e+05,(3.4+/-1.3)e+05,(3.4+/-1.3)e+05,(3.4+/-1.3)e+05,(3.4+/-1.3)e+05,(3.4+/-1.3)e+05,(3.4+/-1.3)e+05,(3.4+/-1.3)e+05,(3.4+/-1.3)e+05,(3.4+/-1.3)e+05,(3.4+/-1.3)e+05,(3.4+/-1.3)e+05,(3.4+/-1.3)e+05,(3.4+/-1.3)e+05,(3.4+/-1.3)e+05,(3.4+/-1.3)e+05,(3.4+/-1.3)e+05,(3.4+/-1.3)e+05,(3.4+/-1.3)e+05,(3.4+/-1.3)e+05,(3.4+/-1.3)e+05,(3.4+/-1.3)e+05,(3.4+/-1.3)e+05,(3.4+/-1.3)e+05,(3.4+/-1.3)e+05,(3.4+/-1.3)e+05,(3.4+/-1.3)e+05,(3.4+/-1.3)e+05,(3.4+/-1.3)e+05,(3.4+/-1.3)e+05,(3.4+/-1.3)e+05,(3.4+/-1.3)e+05,(3.4+/-1.3)e+05,(3.4+/-1.3)e+05,(3.4+/-1.3)e+05,(3.4+/-1.3)e+05,(3.4+/-1.3)e+05,(3.4+/-1.3)e+05
Fiji,57993,111402,0,0,0,0,(6.6+/-2.3)e+03,(6.6+/-2.3)e+03,(6.6+/-2.3)e+03,(6.6+/-2.3)e+03,(6.6+/-2.3)e+03,(6.6+/-2.3)e+03,(6.6+/-2.3)e+03,(6.6+/-2.3)e+03,(6.6+/-2.3)e+03,(6.6+/-2.3)e+03,(6.6+/-2.3)e+03,(6.6+/-2.3)e+03,(6.6+/-2.3)e+03,(6.6+/-2.3)e+03,(6.6+/-2.3)e+03,(6.6+/-2.3)e+03,(6.6+/-2.3)e+03,(6.6+/-2.3)e+03,(6.6+/-2.3)e+03,(6.6+/-2.3)e+03,(6.6+/-2.3)e+03,(6.6+/-2.3)e+03,(6.6+/-2.3)e+03,(6.6+/-2.3)e+03,(6.6+/-2.3)e+03,(6.6+/-2.3)e+03,(6.6+/-2.3)e+03,(6.6+/-2.3)e+03,(6.6+/-2.3)e+03,(6.6+/-2.3)e+03,(6.6+/-2.3)e+03,(6.6+/-2.3)e+03,(6.6+/-2.3)e+03,(6.6+/-2.3)e+03,(6.6+/-2.3)e+03,(6.6+/-2.3)e+03,(6.6+/-2.3)e+03,(6.6+/-2.3)e+03,(6.6+/-2.3)e+03,(6.6+/-2.3)e+03,(6.6+/-2.3)e+03,(6.6+/-2.3)e+03,(6.6+/-2.3)e+03,(6.6+/-2.3)e+03,(6.6+/-2.3)e+03,(6.6+/-2.3)e+03,(6.6+/-2.3)e+03,(6.6+/-2.3)e+03,(6.6+/-2.3)e+03
France,3709864,8211097,0,0,0,0,(6.5+/-2.4)e+05,(6.5+/-2.4)e+05,(6.5+/-2.4)e+05,(6.5+/-2.4)e+05,(6.5+/-2.4)e+05,(6.5+/-2.4)e+05,(6.5+/-2.4)e+05,(6.5+/-2.4)e+05,(6.5+/-2.4)e+05,(6.5+/-2.4)e+05,(6.5+/-2.4)e+05,(6.5+/-2.4)e+05,(6.5+/-2.4)e+05,(6.5+/-2.4)e+05,(6.5+/-2.4)e+05,(6.5+/-2.4)e+05,(6.5+/-2.4)e+05,(6.5+/-2.4)e+05,(6.5+/-2.4)e+05,(6.5+/-2.4)e+05,(6.5+/-2.4)e+05,(6.5+/-2.4)e+05,(6.5+/-2.4)e+05,(6.5+/-2.4)e+05,(6.5+/-2.4)e+05,(6.5+/-2.4)e+05,(6.5+/-2.4)e+05,(6.5+/-2.4)e+05,(6.5+/-2.4)e+05,(6.5+/-2.4)e+05,(6.5+/-2.4)e+05,(6.5+/-2.4)e+05,(6.5+/-2.4)e+05,(6.5+/-2.4)e+05,(6.5+/-2.4)e+05,(6.5+/-2.4)e+05,(6.5+/-2.4)e+05,(6.5+/-2.4)e+05,(6.5+/-2.4)e+05,(6.5+/-2.4)e+05,(6.5+/-2.4)e+05,(6.5+/-2.4)e+05,(6.5+/-2.4)e+05,(6.5+/-2.4)e+05,(6.5+/-2.4)e+05,(6.5+/-2.4)e+05,(6.5+/-2.4)e+05,(6.5+/-2.4)e+05,(6.5+/-2.4)e+05
Faroe Islands,3044,7257,0,0,0,0,(6.6+/-2.3)e+03,(6.6+/-2.3)e+03,(6.6+/-2.3)e+03,(6.6+/-2.3)e+03,(6.6+/-2.3)e+03,(6.6+/-2.3)e+03,(6.6+/-2.3)e+03,(6.6+/-2.3)e+03,(6.6+/-2.3)e+03,(6.6+/-2.3)e+03,(6.6+/-2.3)e+03,(6.6+/-2.3)e+03,(6.6+/-2.3)e+03,(6.6+/-2.3)e+03,(6.6+/-2.3)e+03,(6.6+/-2.3)e+03,(6.6+/-2.3)e+03,(6.6+/-2.3)e+03,(6.6+/-2.3)e+03,(6.6+/-2.3)e+03,(6.6+/-2.3)e+03,(6.6+/-2.3)e+03,(6.6+/-2.3)e+03,(6.6+/-2.3)e+03,(6.6+/-2.3)e+03,(6.6+/-2.3)e+03,(6.6+/-2.3)e+03,(6.6+/-2.3)e+03,(6.6+/-2.3)e+03,(6.6+/-2.3)e+03,(6.6+/-2.3)e+03,(6.6+/-2.3)e+03,(6.6+/-2.3)e+03,(6.6+/-2.3)e+03,(6.6+/-2.3)e+03,(6.6+/-2.3)e+03,(6.6+/-2.3)e+03,(6.6+/-2.3)e+03,(6.6+/-2.3)e+03,(6.6+/-2.3)e+03,(6.6+/-2.3)e+03,(6.6+/-2.3)e+03,(6.6+/-2.3)e+03,(6.6+/-2.3)e+03,(6.6+/-2.3)e+03,(6.6+/-2.3)e+03,(6.6+/-2.3)e+03,(6.6+/-2.3)e+03,(6.6+/-2.3)e+03
"Micronesia, Fed. Sts.",1589,3674,0,0,0,0,(6.6+/-2.3)e+03,(6.6+/-2.3)e+03,(6.6+/-2.3)e+03,(6.6+/-2.3)e+03,(6.6+/-2.3)e+03,(6.6+/-2.3)e+03,(6.6+/-2.3)e+03,(6.6+/-2.3)e+03,(6.6+/-2.3)e+03,(6.6+/-2.3)e+03,(6.6+/-2.3)e+03,(6.6+/-2.3)e+03,(6.6+/-2.3)e+03,(6.6+/-2.3)e+03,(6.6+/-2.3)e+03,(6.6+/-2.3)e+03,(6.6+/-2.3)e+03,(6.6+/-2.3)e+03,(6.6+/-2.3)e+03,(6.6+/-2.3)e+03,(6.6+/-2.3)e+03,(6.6+/-2.3)e+03,(6.6+/-2.3)e+03,(6.6+/-2.3)e+03,(6.6+/-2.3)e+03,(6.6+/-2.3)e+03,(6.6+/-2.3)e+03,(6.6+/-2.3)e+03,(6.6+/-2.3)e+03,(6.6+/-2.3)e+03,(6.6+/-2.3)e+03,(6.6+/-2.3)e+03,(6.6+/-2.3)e+03,(6.6+/-2.3)e+03,(6.6+/-2.3)e+03,(6.6+/-2.3)e+03,(6.6+/-2.3)e+03,(6.6+/-2.3)e+03,(6.6+/-2.3)e+03,(6.6+/-2.3)e+03,(6.6+/-2.3)e+03,(6.6+/-2.3)e+03,(6.6+/-2.3)e+03,(6.6+/-2.3)e+03,(6.6+/-2.3)e+03,(6.6+/-2.3)e+03,(6.6+/-2.3)e+03,(6.6+/-2.3)e+03,(6.6+/-2.3)e+03
Gabon,100148,313825,0,0,0,0,(6.6+/-2.3)e+03,(6.6+/-2.3)e+03,(6.6+/-2.3)e+03,(6.6+/-2.3)e+03,(6.6+/-2.3)e+03,(6.6+/-2.3)e+03,(6.6+/-2.3)e+03,(6.6+/-2.3)e+03,(6.6+/-2.3)e+03,(6.6+/-2.3)e+03,(6.6+/-2.3)e+03,(6.6+/-2.3)e+03,(6.6+/-2.3)e+03,(6.6+/-2.3)e+03,(6.6+/-2.3)e+03,(6.6+/-2.3)e+03,(6.6+/-2.3)e+03,(6.6+/-2.3)e+03,(6.6+/-2.3)e+03,(6.6+/-2.3)e+03,(6.6+/-2.3)e+03,(6.6+/-2.3)e+03,(6.6+/-2.3)e+03,(6.6+/-2.3)e+03,(6.6+/-2.3)e+03,(6.6+/-2.3)e+03,(6.6+/-2.3)e+03,(6.6+/-2.3)e+03,(6.6+/-2.3)e+03,(6.6+/-2.3)e+03,(6.6+/-2.3)e+03,(6.6+/-2.3)e+03,(6.6+/-2.3)e+03,(6.6+/-2.3)e+03,(6.6+/-2.3)e+03,(6.6+/-2.3)e+03,(6.6+/-2.3)e+03,(6.6+/-2.3)e+03,(6.6+/-2.3)e+03,(6.6+/-2.3)e+03,(6.6+/-2.3)e+03,(6.6+/-2.3)e+03,(6.6+/-2.3)e+03,(6.6+/-2.3)e+03,(6.6+/-2.3)e+03,(6.6+/-2.3)e+03,(6.6+/-2.3)e+03,(6.6+/-2.3)e+03,(6.6+/-2.3)e+03
United Kingdom,3013525,7455734,0,0,0,0,(6.6+/-2.3)e+03,(6.6+/-2.3)e+03,(6.6+/-2.3)e+03,(6.6+/-2.3)e+03,(6.6+/-2.3)e+03,(6.6+/-2.3)e+03,(6.6+/-2.3)e+03,(6.6+/-2.3)e+03,(6.6+/-2.3)e+03,(6.6+/-2.3)e+03,(6.6+/-2.3)e+03,(6.6+/-2.3)e+03,(6.6+/-2.3)e+03,(6.6+/-2.3)e+03,(6.6+/-2.3)e+03,(6.6+/-2.3)e+03,(6.6+/-2.3)e+03,(6.6+/-2.3)e+03,(6.6+/-2.3)e+03,(6.6+/-2.3)e+03,(6.6+/-2.3)e+03,(6.6+/-2.3)e+03,(6.6+/-2.3)e+03,(6.6+/-2.3)e+03,(6.6+/-2.3)e+03,(6.6+/-2.3)e+03,(6.6+/-2.3)e+03,(6.6+/-2.3)e+03,(6.6+/-2.3)e+03,(6.6+/-2.3)e+03,(6.6+/-2.3)e+03,(6.6+/-2.3)e+03,(6.6+/-2.3)e+03,(6.6+/-2.3)e+03,(6.6+/-2.3)e+03,(6.6+/-2.3)e+03,(6.6+/-2.3)e+03,(6.6+/-2.3)e+03,(6.6+/-2.3)e+03,(6.6+/-2.3)e+03,(6.6+/-2.3)e+03,(6.6+/-2.3)e+03,(6.6+/-2.3)e+03,(6.6+/-2.3)e+03,(6.6+/-2.3)e+03,(6.6+/-2.3)e+03,(6.6+/-2.3)e+03,(6.6+/-2.3)e+03,(6.6+/-2.3)e+03
Georgia,209841,409130,0,0,0,0,(6.6+/-2.3)e+03,(6.6+/-2.3)e+03,(6.6+/-2.3)e+03,(6.6+/-2.3)e+03,(6.6+/-2.3)e+03,(6.6+/-2.3)e+03,(6.6+/-2.3)e+03,(6.6+/-2.3)e+03,(6.6+/-2.3)e+03,(6.6+/-2.3)e+03,(6.6+/-2.3)e+03,(6.6+/-2.3)e+03,(6.6+/-2.3)e+03,(6.6+/-2.3)e+03,(6.6+/-2.3)e+03,(6.6+/-2.3)e+03,(6.6+/-2.3)e+03,(6.6+/-2.3)e+03,(6.6+/-2.3)e+03,(6.6+/-2.3)e+03,(6.6+/-2.3)e+03,(6.6+/-2.3)e+03,(6.6+/-2.3)e+03,(6.6+/-2.3)e+03,(6.6+/-2.3)e+03,(6.6+/-2.3)e+03,(6.6+/-2.3)e+03,(6.6+/-2.3)e+03,(6.6+/-2.3)e+03,(6.6+/-2.3)e+03,(6.6+/-2.3)e+03,(6.6+/-2.3)e+03,(6.6+/-2.3)e+03,(6.6+/-2.3)e+03,(6.6+/-2.3)e+03,(6.6+/-2.3)e+03,(6.6+/-2.3)e+03,(6.6+/-2.3)e+03,(6.6+/-2.3)e+03,(6.6+/-2.3)e+03,(6.6+/-2.3)e+03,(6.6+/-2.3)e+03,(6.6+/-2.3)e+03,(6.6+/-2.3)e+03,(6.6+/-2.3)e+03,(6.6+/-2.3)e+03,(6.6+/-2.3)e+03,(6.6+/-2.3)e+03,(6.6+/-2.3)e+03
Ghana,1953526,4380918,0,0,0,0,(6.6+/-2.3)e+03,(6.6+/-2.3)e+03,(6.6+/-2.3)e+03,(6.6+/-2.3)e+03,(6.6+/-2.3)e+03,(6.6+/-2.3)e+03,(6.6+/-2.3)e+03,(6.6+/-2.3)e+03,(6.6+/-2.3)e+03,(6.6+/-2.3)e+03,(6.6+/-2.3)e+03,(6.6+/-2.3)e+03,(6.6+/-2.3)e+03,(6.6+/-2.3)e+03,(6.6+/-2.3)e+03,(6.6+/-2.3)e+03,(6.6+/-2.3)e+03,(6.6+/-2.3)e+03,(6.6+/-2.3)e+03,(6.6+/-2.3)e+03,(6.6+/-2.3)e+03,(6.6+/-2.3)e+03,(6.6+/-2.3)e+03,(6.6+/-2.3)e+03,(6.6+/-2.3)e+03,(6.6+/-2.3)e+03,(6.6+/-2.3)e+03,(6.6+/-2.3)e+03,(6.6+/-2.3)e+03,(6.6+/-2.3)e+03,(6.6+/-2.3)e+03,(6.6+/-2.3)e+03,(6.6+/-2.3)e+03,(6.6+/-2.3)e+03,(6.6+/-2.3)e+03,(6.6+/-2.3)e+03,(6.6+/-2.3)e+03,(6.6+/-2.3)e+03,(6.6+/-2.3)e+03,(6.6+/-2.3)e+03,(6.6+/-2.3)e+03,(6.6+/-2.3)e+03,(6.6+/-2.3)e+03,(6.6+/-2.3)e+03,(6.6+/-2.3)e+03,(6.6+/-2.3)e+03,(6.6+/-2.3)e+03,(6.6+/-2.3)e+03,(6.6+/-2.3)e+03
Gibraltar,1814,5409,0,0,0,0,(6.6+/-2.3)e+03,(6.6+/-2.3)e+03,(6.6+/-2.3)e+03,(6.6+/-2.3)e+03,(6.6+/-2.3)e+03,(6.6+/-2.3)e+03,(6.6+/-2.3)e+03,(6.6+/-2.3)e+03,(6.6+/-2.3)e+03,(6.6+/-2.3)e+03,(6.6+/-2.3)e+03,(6.6+/-2.3)e+03,(6.6+/-2.3)e+03,(6.6+/-2.3)e+03,(6.6+/-2.3)e+03,(6.6+/-2.3)e+03,(6.6+/-2.3)e+03,(6.6+/-2.3)e+03,(6.6+/-2.3)e+03,(6.6+/-2.3)e+03,(6.6+/-2.3)e+03,(6.6+/-2.3)e+03,(6.6+/-2.3)e+03,(6.6+/-2.3)e+03,(6.6+/-2.3)e+03,(6.6+/-2.3)e+03,(6.6+/-2.3)e+03,(6.6+/-2.3)e+03,(6.6+/-2.3)e+03,(6.6+/-2.3)e+03,(6.6+/-2.3)e+03,(6.6+/-2.3)e+03,(6.6+/-2.3)e+03,(6.6+/-2.3)e+03,(6.6+/-2.3)e+03,(6.6+/-2.3)e+03,(6.6+/-2.3)e+03,(6.6+/-2.3)e+03,(6.6+/-2.3)e+03,(6.6+/-2.3)e+03,(6.6+/-2.3)e+03,(6.6+/-2.3)e+03,(6.6+/-2.3)e+03,(6.6+/-2.3)e+03,(6.6+/-2.3)e+03,(6.6+/-2.3)e+03,(6.6+/-2.3)e+03,(6.6+/-2.3)e+03,(6.6+/-2.3)e+03
Guinea,341550,1408386,0,0,0,0,(6.6+/-2.3)e+03,(6.6+/-2.3)e+03,(6.6+/-2.3)e+03,(6.6+/-2.3)e+03,(6.6+/-2.3)e+03,(6.6+/-2.3)e+03,(6.6+/-2.3)e+03,(6.6+/-2.3)e+03,(6.6+/-2.3)e+03,(6.6+/-2.3)e+03,(6.6+/-2.3)e+03,(6.6+/-2.3)e+03,(6.6+/-2.3)e+03,(6.6+/-2.3)e+03,(6.6+/-2.3)e+03,(6.6+/-2.3)e+03,(6.6+/-2.3)e+03,(6.6+/-2.3)e+03,(6.6+/-2.3)e+03,(6.6+/-2.3)e+03,(6.6+/-2.3)e+03,(6.6+/-2.3)e+03,(6.6+/-2.3)e+03,(6.6+/-2.3)e+03,(6.6+/-2.3)e+03,(6.6+/-2.3)e+03,(6.6+/-2.3)e+03,(6.6+/-2.3)e+03,(6.6+/-2.3)e+03,(6.6+/-2.3)e+03,(6.6+/-2.3)e+03,(6.6+/-2.3)e+03,(6.6+/-2.3)e+03,(6.6+/-2.3)e+03,(6.6+/-2.3)e+03,(6.6+/-2.3)e+03,(6.6+/-2.3)e+03,(6.6+/-2.3)e+03,(6.6+/-2.3)e+03,(6.6+/-2.3)e+03,(6.6+/-2.3)e+03,(6.6+/-2.3)e+03,(6.6+/-2.3)e+03,(6.6+/-2.3)e+03,(6.6+/-2.3)e+03,(6.6+/-2.3)e+03,(6.6+/-2.3)e+03,(6.6+/-2.3)e+03,(6.6+/-2.3)e+03
Gambia,106915,321286,0,0,0,0,(6.6+/-2.3)e+03,(6.6+/-2.3)e+03,(6.6+/-2.3)e+03,(6.6+/-2.3)e+03,(6.6+/-2.3)e+03,(6.6+/-2.3)e+03,(6.6+/-2.3)e+03,(6.6+/-2.3)e+03,(6.6+/-2.3)e+03,(6.6+/-2.3)e+03,(6.6+/-2.3)e+03,(6.6+/-2.3)e+03,(6.6+/-2.3)e+03,(6.6+/-2.3)e+03,(6.6+/-2.3)e+03,(6.6+/-2.3)e+03,(6.6+/-2.3)e+03,(6.6+/-2.3)e+03,(6.6+/-2.3)e+03,(6.6+/-2.3)e+03,(6.6+/-2.3)e+03,(6.6+/-2.3)e+03,(6.6+/-2.3)e+03,(6.6+/-2.3)e+03,(6.6+/-2.3)e+03,(6.6+/-2.3)e+03,(6.6+/-2.3)e+03,(6.6+/-2.3)e+03,(6.6+/-2.3)e+03,(6.6+/-2.3)e+03,(6.6+/-2.3)e+03,(6.6+/-2.3)e+03,(6.6+/-2.3)e+03,(6.6+/-2.3)e+03,(6.6+/-2.3)e+03,(6.6+/-2.3)e+03,(6.6+/-2.3)e+03,(6.6+/-2.3)e+03,(6.6+/-2.3)e+03,(6.6+/-2.3)e+03,(6.6+/-2.3)e+03,(6.6+/-2.3)e+03,(6.6+/-2.3)e+03,(6.6+/-2.3)e+03,(6.6+/-2.3)e+03,(6.6+/-2.3)e+03,(6.6+/-2.3)e+03,(6.6+/-2.3)e+03,(6.6+/-2.3)e+03
Guinea-Bissau,76405,184821,0,0,0,0,(6.6+/-2.3)e+03,(6.6+/-2.3)e+03,(6.6+/-2.3)e+03,(6.6+/-2.3)e+03,(6.6+/-2.3)e+03,(6.6+/-2.3)e+03,(6.6+/-2.3)e+03,(6.6+/-2.3)e+03,(6.6+/-2.3)e+03,(6.6+/-2.3)e+03,(6.6+/-2.3)e+03,(6.6+/-2.3)e+03,(6.6+/-2.3)e+03,(6.6+/-2.3)e+03,(6.6+/-2.3)e+03,(6.6+/-2.3)e+03,(6.6+/-2.3)e+03,(6.6+/-2.3)e+03,(6.6+/-2.3)e+03,(6.6+/-2.3)e+03,(6.6+/-2.3)e+03,(6.6+/-2.3)e+03,(6.6+/-2.3)e+03,(6.6+/-2.3)e+03,(6.6+/-2.3)e+03,(6.6+/-2.3)e+03,(6.6+/-2.3)e+03,(6.6+/-2.3)e+03,(6.6+/-2.3)e+03,(6.6+/-2.3)e+03,(6.6+/-2.3)e+03,(6.6+/-2.3)e+03,(6.6+/-2.3)e+03,(6.6+/-2.3)e+03,(6.6+/-2.3)e+03,(6.6+/-2.3)e+03,(6.6+/-2.3)e+03,(6.6+/-2.3)e+03,(6.6+/-2.3)e+03,(6.6+/-2.3)e+03,(6.6+/-2.3)e+03,(6.6+/-2.3)e+03,(6.6+/-2.3)e+03,(6.6+/-2.3)e+03,(6.6+/-2.3)e+03,(6.6+/-2.3)e+03,(6.6+/-2.3)e+03,(6.6+/-2.3)e+03,(6.6+/-2.3)e+03
Equatorial Guinea,96514,256432,0,0,0,0,(6.6+/-2.3)e+03,(6.6+/-2.3)e+03,(6.6+/-2.3)e+03,(6.6+/-2.3)e+03,(6.6+/-2.3)e+03,(6.6+/-2.3)e+03,(6.6+/-2.3)e+03,(6.6+/-2.3)e+03,(6.6+/-2.3)e+03,(6.6+/-2.3)e+03,(6.6+/-2.3)e+03,(6.6+/-2.3)e+03,(6.6+/-2.3)e+03,(6.6+/-2.3)e+03,(6.6+/-2.3)e+03,(6.6+/-2.3)e+03,(6.6+/-2.3)e+03,(6.6+/-2.3)e+03,(6.6+/-2.3)e+03,(6.6+/-2.3)e+03,(6.6+/-2.3)e+03,(6.6+/-2.3)e+03,(6.6+/-2.3)e+03,(6.6+/-2.3)e+03,(6.6+/-2.3)e+03,(6.6+/-2.3)e+03,(6.6+/-2.3)e+03,(6.6+/-2.3)e+03,(6.6+/-2.3)e+03,(6.6+/-2.3)e+03,(6.6+/-2.3)e+03,(6.6+/-2.3)e+03,(6.6+/-2.3)e+03,(6.6+/-2.3)e+03,(6.6+/-2.3)e+03,(6.6+/-2.3)e+03,(6.6+/-2.3)e+03,(6.6+/-2.3)e+03,(6.6+/-2.3)e+03,(6.6+/-2.3)e+03,(6.6+/-2.3)e+03,(6.6+/-2.3)e+03,(6.6+/-2.3)e+03,(6.6+/-2.3)e+03,(6.6+/-2.3)e+03,(6.6+/-2.3)e+03,(6.6+/-2.3)e+03,(6.6+/-2.3)e+03,(6.6+/-2.3)e+03
Greece,548248,1388109,0,0,0,0,(5.6+/-2.1)e+05,(5.6+/-2.1)e+05,(5.6+/-2.1)e+05,(5.6+/-2.1)e+05,(5.6+/-2.1)e+05,(5.6+/-2.1)e+05,(5.6+/-2.1)e+05,(5.6+/-2.1)e+05,(5.6+/-2.1)e+05,(5.6+/-2.1)e+05,(5.6+/-2.1)e+05,(5.6+/-2.1)e+05,(5.6+/-2.1)e+05,(5.6+/-2.1)e+05,(5.6+/-2.1)e+05,(5.6+/-2.1)e+05,(5.6+/-2.1)e+05,(5.6+/-2.1)e+05,(5.6+/-2.1)e+05,(5.6+/-2.1)e+05,(5.6+/-2.1)e+05,(5.6+/-2.1)e+05,(5.6+/-2.1)e+05,(5.6+/-2.1)e+05,(5.6+/-2.1)e+05,(5.6+/-2.1)e+05,(5.6+/-2.1)e+05,(5.6+/-2.1)e+05,(5.6+/-2.1)e+05,(5.6+/-2.1)e+05,(5.6+/-2.1)e+05,(5.6+/-2.1)e+05,(5.6+/-2.1)e+05,(5.6+/-2.1)e+05,(5.6+/-2.1)e+05,(5.6+/-2.1)e+05,(5.6+/-2.1)e+05,(5.6+/-2.1)e+05,(5.6+/-2.1)e+05,(5.6+/-2.1)e+05,(5.6+/-2.1)e+05,(5.6+/-2.1)e+05,(5.6+/-2.1)e+05,(5.6+/-2.1)e+05,(5.6+/-2.1)e+05,(5.6+/-2.1)e+05,(5.6+/-2.1)e+05,(5.6+/-2.1)e+05,(5.6+/-2.1)e+05
Grenada,6367,15457,0,0,0,0,(6.6+/-2.3)e+03,(6.6+/-2.3)e+03,(6.6+/-2.3)e+03,(6.6+/-2.3)e+03,(6.6+/-2.3)e+03,(6.6+/-2.3)e+03,(6.6+/-2.3)e+03,(6.6+/-2.3)e+03,(6.6+/-2.3)e+03,(6.6+/-2.3)e+03,(6.6+/-2.3)e+03,(6.6+/-2.3)e+03,(6.6+/-2.3)e+03,(6.6+/-2.3)e+03,(6.6+/-2.3)e+03,(6.6+/-2.3)e+03,(6.6+/-2.3)e+03,(6.6+/-2.3)e+03,(6.6+/-2.3)e+03,(6.6+/-2.3)e+03,(6.6+/-2.3)e+03,(6.6+/-2.3)e+03,(6.6+/-2.3)e+03,(6.6+/-2.3)e+03,(6.6+/-2.3)e+03,(6.6+/-2.3)e+03,(6.6+/-2.3)e+03,(6.6+/-2.3)e+03,(6.6+/-2.3)e+03,(6.6+/-2.3)e+03,(6.6+/-2.3)e+03,(6.6+/-2.3)e+03,(6.6+/-2.3)e+03,(6.6+/-2.3)e+03,(6.6+/-2.3)e+03,(6.6+/-2.3)e+03,(6.6+/-2.3)e+03,(6.6+/-2.3)e+03,(6.6+/-2.3)e+03,(6.6+/-2.3)e+03,(6.6+/-2.3)e+03,(6.6+/-2.3)e+03,(6.6+/-2.3)e+03,(6.6+/-2.3)e+03,(6.6+/-2.3)e+03,(6.6+/-2.3)e+03,(6.6+/-2.3)e+03,(6.6+/-2.3)e+03,(6.6+/-2.3)e+03
Greenland,2741,6534,0,0,0,0,(6.6+/-2.3)e+03,(6.6+/-2.3)e+03,(6.6+/-2.3)e+03,(6.6+/-2.3)e+03,(6.6+/-2.3)e+03,(6.6+/-2.3)e+03,(6.6+/-2.3)e+03,(6.6+/-2.3)e+03,(6.6+/-2.3)e+03,(6.6+/-2.3)e+03,(6.6+/-2.3)e+03,(6.6+/-2.3)e+03,(6.6+/-2.3)e+03,(6.6+/-2.3)e+03,(6.6+/-2.3)e+03,(6.6+/-2.3)e+03,(6.6+/-2.3)e+03,(6.6+/-2.3)e+03,(6.6+/-2.3)e+03,(6.6+/-2.3)e+03,(6.6+/-2.3)e+03,(6.6+/-2.3)e+03,(6.6+/-2.3)e+03,(6.6+/-2.3)e+03,(6.6+/-2.3)e+03,(6.6+/-2.3)e+03,(6.6+/-2.3)e+03,(6.6+/-2.3)e+03,(6.6+/-2.3)e+03,(6.6+/-2.3)e+03,(6.6+/-2.3)e+03,(6.6+/-2.3)e+03,(6.6+/-2.3)e+03,(6.6+/-2.3)e+03,(6.6+/-2.3)e+03,(6.6+/-2.3)e+03,(6.6+/-2.3)e+03,(6.6+/-2.3)e+03,(6.6+/-2.3)e+03,(6.6+/-2.3)e+03,(6.6+/-2.3)e+03,(6.6+/-2.3)e+03,(6.6+/-2.3)e+03,(6.6+/-2.3)e+03,(6.6+/-2.3)e+03,(6.6+/-2.3)e+03,(6.6+/-2.3)e+03,(6.6+/-2.3)e+03,(6.6+/-2.3)e+03
Guatemala,1056820,2995068,0,0,0,0,(1.5+/-0.6)e+05,(1.5+/-0.6)e+05,(1.5+/-0.6)e+05,(1.5+/-0.6)e+05,(1.5+/-0.6)e+05,(1.5+/-0.6)e+05,(1.5+/-0.6)e+05,(1.5+/-0.6)e+05,(1.5+/-0.6)e+05,(1.5+/-0.6)e+05,(1.5+/-0.6)e+05,(1.5+/-0.6)e+05,(1.5+/-0.6)e+05,(1.5+/-0.6)e+05,(1.5+/-0.6)e+05,(1.5+/-0.6)e+05,(1.5+/-0.6)e+05,(1.5+/-0.6)e+05,(1.5+/-0.6)e+05,(1.5+/-0.6)e+05,(1.5+/-0.6)e+05,(1.5+/-0.6)e+05,(1.5+/-0.6)e+05,(1.5+/-0.6)e+05,(1.5+/-0.6)e+05,(1.5+/-0.6)e+05,(1.5+/-0.6)e+05,(1.5+/-0.6)e+05,(1.5+/-0.6)e+05,(1.5+/-0.6)e+05,(1.5+/-0.6)e+05,(1.5+/-0.6)e+05,(1.5+/-0.6)e+05,(1.5+/-0.6)e+05,(1.5+/-0.6)e+05,(1.5+/-0.6)e+05,(1.5+/-0.6)e+05,(1.5+/-0.6)e+05,(1.5+/-0.6)e+05,(1.5+/-0.6)e+05,(1.5+/-0.6)e+05,(1.5+/-0.6)e+05,(1.5+/-0.6)e+05,(1.5+/-0.6)e+05,(1.5+/-0.6)e+05,(1.5+/-0.6)e+05,(1.5+/-0.6)e+05,(1.5+/-0.6)e+05,(1.5+/-0.6)e+05
Guam,7094,16225,0,0,0,0,(6.6+/-2.3)e+03,(6.6+/-2.3)e+03,(6.6+/-2.3)e+03,(6.6+/-2.3)e+03,(6.6+/-2.3)e+03,(6.6+/-2.3)e+03,(6.6+/-2.3)e+03,(6.6+/-2.3)e+03,(6.6+/-2.3)e+03,(6.6+/-2.3)e+03,(6.6+/-2.3)e+03,(6.6+/-2.3)e+03,(6.6+/-2.3)e+03,(6.6+/-2.3)e+03,(6.6+/-2.3)e+03,(6.6+/-2.3)e+03,(6.6+/-2.3)e+03,(6.6+/-2.3)e+03,(6.6+/-2.3)e+03,(6.6+/-2.3)e+03,(6.6+/-2.3)e+03,(6.6+/-2.3)e+03,(6.6+/-2.3)e+03,(6.6+/-2.3)e+03,(6.6+/-2.3)e+03,(6.6+/-2.3)e+03,(6.6+/-2.3)e+03,(6.6+/-2.3)e+03,(6.6+/-2.3)e+03,(6.6+/-2.3)e+03,(6.6+/-2.3)e+03,(6.6+/-2.3)e+03,(6.6+/-2.3)e+03,(6.6+/-2.3)e+03,(6.6+/-2.3)e+03,(6.6+/-2.3)e+03,(6.6+/-2.3)e+03,(6.6+/-2.3)e+03,(6.6+/-2.3)e+03,(6.6+/-2.3)e+03,(6.6+/-2.3)e+03,(6.6+/-2.3)e+03,(6.6+/-2.3)e+03,(6.6+/-2.3)e+03,(6.6+/-2.3)e+03,(6.6+/-2.3)e+03,(6.6+/-2.3)e+03,(6.6+/-2.3)e+03,(6.6+/-2.3)e+03
Guyana,41272,97930,0,0,0,0,(6.6+/-2.3)e+03,(6.6+/-2.3)e+03,(6.6+/-2.3)e+03,(6.6+/-2.3)e+03,(6.6+/-2.3)e+03,(6.6+/-2.3)e+03,(6.6+/-2.3)e+03,(6.6+/-2.3)e+03,(6.6+/-2.3)e+03,(6.6+/-2.3)e+03,(6.6+/-2.3)e+03,(6.6+/-2.3)e+03,(6.6+/-2.3)e+03,(6.6+/-2.3)e+03,(6.6+/-2.3)e+03,(6.6+/-2.3)e+03,(6.6+/-2.3)e+03,(6.6+/-2.3)e+03,(6.6+/-2.3)e+03,(6.6+/-2.3)e+03,(6.6+/-2.3)e+03,(6.6+/-2.3)e+03,(6.6+/-2.3)e+03,(6.6+/-2.3)e+03,(6.6+/-2.3)e+03,(6.6+/-2.3)e+03,(6.6+/-2.3)e+03,(6.6+/-2.3)e+03,(6.6+/-2.3)e+03,(6.6+/-2.3)e+03,(6.6+/-2.3)e+03,(6.6+/-2.3)e+03,(6.6+/-2.3)e+03,(6.6+/-2.3)e+03,(6.6+/-2.3)e+03,(6.6+/-2.3)e+03,(6.6+/-2.3)e+03,(6.6+/-2.3)e+03,(6.6+/-2.3)e+03,(6.6+/-2.3)e+03,(6.6+/-2.3)e+03,(6.6+/-2.3)e+03,(6.6+/-2.3)e+03,(6.6+/-2.3)e+03,(6.6+/-2.3)e+03,(6.6+/-2.3)e+03,(6.6+/-2.3)e+03,(6.6+/-2.3)e+03,(6.6+/-2.3)e+03
Hong Kong,382849,833220,0,0,0,0,(1.4+/-0.5)e+06,(1.4+/-0.5)e+06,(1.4+/-0.5)e+06,(1.4+/-0.5)e+06,(1.4+/-0.5)e+06,(1.4+/-0.5)e+06,(1.4+/-0.5)e+06,(1.4+/-0.5)e+06,(1.4+/-0.5)e+06,(1.4+/-0.5)e+06,(1.4+/-0.5)e+06,(1.4+/-0.5)e+06,(1.4+/-0.5)e+06,(1.4+/-0.5)e+06,(1.4+/-0.5)e+06,(1.4+/-0.5)e+06,(1.4+/-0.5)e+06,(1.4+/-0.5)e+06,(1.4+/-0.5)e+06,(1.4+/-0.5)e+06,(1.4+/-0.5)e+06,(1.4+/-0.5)e+06,(1.4+/-0.5)e+06,(1.4+/-0.5)e+06,(1.4+/-0.5)e+06,(1.4+/-0.5)e+06,(1.4+/-0.5)e+06,(1.4+/-0.5)e+06,(1.4+/-0.5)e+06,(1.4+/-0.5)e+06,(1.4+/-0.5)e+06,(1.4+/-0.5)e+06,(1.4+/-0.5)e+06,(1.4+/-0.5)e+06,(1.4+/-0.5)e+06,(1.4+/-0.5)e+06,(1.4+/-0.5)e+06,(1.4+/-0.5)e+06,(1.4+/-0.5)e+06,(1.4+/-0.5)e+06,(1.4+/-0.5)e+06,(1.4+/-0.5)e+06,(1.4+/-0.5)e+06,(1.4+/-0.5)e+06,(1.4+/-0.5)e+06,(1.4+/-0.5)e+06,(1.4+/-0.5)e+06,(1.4+/-0.5)e+06,(1.4+/-0.5)e+06
Honduras,600320,1510767,0,0,0,0,(6.6+/-2.3)e+03,(6.6+/-2.3)e+03,(6.6+/-2.3)e+03,(6.6+/-2.3)e+03,(6.6+/-2.3)e+03,(6.6+/-2.3)e+03,(6.6+/-2.3)e+03,(6.6+/-2.3)e+03,(6.6+/-2.3)e+03,(6.6+/-2.3)e+03,(6.6+/-2.3)e+03,(6.6+/-2.3)e+03,(6.6+/-2.3)e+03,(6.6+/-2.3)e+03,(6.6+/-2.3)e+03,(6.6+/-2.3)e+03,(6.6+/-2.3)e+03,(6.6+/-2.3)e+03,(6.6+/-2.3)e+03,(6.6+/-2.3)e+03,(6.6+/-2.3)e+03,(6.6+/-2.3)e+03,(6.6+/-2.3)e+03,(6.6+/-2.3)e+03,(6.6+/-2.3)e+03,(6.6+/-2.3)e+03,(6.6+/-2.3)e+03,(6.6+/-2.3)e+03,(6.6+/-2.3)e+03,(6.6+/-2.3)e+03,(6.6+/-2.3)e+03,(6.6+/-2.3)e+03,(6.6+/-2.3)e+03,(6.6+/-2.3)e+03,(6.6+/-2.3)e+03,(6.6+/-2.3)e+03,(6.6+/-2.3)e+03,(6.6+/-2.3)e+03,(6.6+/-2.3)e+03,(6.6+/-2.3)e+03,(6.6+/-2.3)e+03,(6.6+/-2.3)e+03,(6.6+/-2.3)e+03,(6.6+/-2.3)e+03,(6.6+/-2.3)e+03,(6.6+/-2.3)e+03,(6.6+/-2.3)e+03,(6.6+/-2.3)e+03,(6.6+/-2.3)e+03
Croatia,180048,399331,0,0,0,0,(7.9+/-2.9)e+04,(7.9+/-2.9)e+04,(7.9+/-2.9)e+04,(7.9+/-2.9)e+04,(7.9+/-2.9)e+04,(7.9+/-2.9)e+04,(7.9+/-2.9)e+04,(7.9+/-2.9)e+04,(7.9+/-2.9)e+04,(7.9+/-2.9)e+04,(7.9+/-2.9)e+04,(7.9+/-2.9)e+04,(7.9+/-2.9)e+04,(7.9+/-2.9)e+04,(7.9+/-2.9)e+04,(7.9+/-2.9)e+04,(7.9+/-2.9)e+04,(7.9+/-2.9)e+04,(7.9+/-2.9)e+04,(7.9+/-2.9)e+04,(7.9+/-2.9)e+04,(7.9+/-2.9)e+04,(7.9+/-2.9)e+04,(7.9+/-2.9)e+04,(7.9+/-2.9)e+04,(7.9+/-2.9)e+04,(7.9+/-2.9)e+04,(7.9+/-2.9)e+04,(7.9+/-2.9)e+04,(7.9+/-2.9)e+04,(7.9+/-2.9)e+04,(7.9+/-2.9)e+04,(7.9+/-2.9)e+04,(7.9+/-2.9)e+04,(7.9+/-2.9)e+04,(7.9+/-2.9)e+04,(7.9+/-2.9)e+04,(7.9+/-2.9)e+04,(7.9+/-2.9)e+04,(7.9+/-2.9)e+04,(7.9+/-2.9)e+04,(7.9+/-2.9)e+04,(7.9+/-2.9)e+04,(7.9+/-2.9)e+04,(7.9+/-2.9)e+04,(7.9+/-2.9)e+04,(7.9+/-2.9)e+04,(7.9+/-2.9)e+04,(7.9+/-2.9)e+04
Haiti,737137,1855081,0,0,0,0,(6.6+/-2.3)e+03,(6.6+/-2.3)e+03,(6.6+/-2.3)e+03,(6.6+/-2.3)e+03,(6.6+/-2.3)e+03,(6.6+/-2.3)e+03,(6.6+/-2.3)e+03,(6.6+/-2.3)e+03,(6.6+/-2.3)e+03,(6.6+/-2.3)e+03,(6.6+/-2.3)e+03,(6.6+/-2.3)e+03,(6.6+/-2.3)e+03,(6.6+/-2.3)e+03,(6.6+/-2.3)e+03,(6.6+/-2.3)e+03,(6.6+/-2.3)e+03,(6.6+/-2.3)e+03,(6.6+/-2.3)e+03,(6.6+/-2.3)e+03,(6.6+/-2.3)e+03,(6.6+/-2.3)e+03,(6.6+/-2.3)e+03,(6.6+/-2.3)e+03,(6.6+/-2.3)e+03,(6.6+/-2.3)e+03,(6.6+/-2.3)e+03,(6.6+/-2.3)e+03,(6.6+/-2.3)e+03,(6.6+/-2.3)e+03,(6.6+/-2.3)e+03,(6.6+/-2.3)e+03,(6.6+/-2.3)e+03,(6.6+/-2.3)e+03,(6.6+/-2.3)e+03,(6.6+/-2.3)e+03,(6.6+/-2.3)e+03,(6.6+/-2.3)e+03,(6.6+/-2.3)e+03,(6.6+/-2.3)e+03,(6.6+/-2.3)e+03,(6.6+/-2.3)e+03,(6.6+/-2.3)e+03,(6.6+/-2.3)e+03,(6.6+/-2.3)e+03,(6.6+/-2.3)e+03,(6.6+/-2.3)e+03,(6.6+/-2.3)e+03,(6.6+/-2.3)e+03
Hungary,508635,1086982,0,0,0,0,(3.0+/-1.1)e+05,(3.0+/-1.1)e+05,(3.0+/-1.1)e+05,(3.0+/-1.1)e+05,(3.0+/-1.1)e+05,(3.0+/-1.1)e+05,(3.0+/-1.1)e+05,(3.0+/-1.1)e+05,(3.0+/-1.1)e+05,(3.0+/-1.1)e+05,(3.0+/-1.1)e+05,(3.0+/-1.1)e+05,(3.0+/-1.1)e+05,(3.0+/-1.1)e+05,(3.0+/-1.1)e+05,(3.0+/-1.1)e+05,(3.0+/-1.1)e+05,(3.0+/-1.1)e+05,(3.0+/-1.1)e+05,(3.0+/-1.1)e+05,(3.0+/-1.1)e+05,(3.0+/-1.1)e+05,(3.0+/-1.1)e+05,(3.0+/-1.1)e+05,(3.0+/-1.1)e+05,(3.0+/-1.1)e+05,(3.0+/-1.1)e+05,(3.0+/-1.1)e+05,(3.0+/-1.1)e+05,(3.0+/-1.1)e+05,(3.0+/-1.1)e+05,(3.0+/-1.1)e+05,(3.0+/-1.1)e+05,(3.0+/-1.1)e+05,(3.0+/-1.1)e+05,(3.0+/-1.1)e+05,(3.0+/-1.1)e+05,(3.0+/-1.1)e+05,(3.0+/-1.1)e+05,(3.0+/-1.1)e+05,(3.0+/-1.1)e+05,(3.0+/-1.1)e+05,(3.0+/-1.1)e+05,(3.0+/-1.1)e+05,(3.0+/-1.1)e+05,(3.0+/-1.1)e+05,(3.0+/-1.1)e+05,(3.0+/-1.1)e+05,(3.0+/-1.1)e+05
Indonesia,22451094,51368554,0,0,0,0,(1.9+/-0.7)e+07,(1.9+/-0.7)e+07,(1.9+/-0.7)e+07,(1.9+/-0.7)e+07,(1.9+/-0.7)e+07,(1.9+/-0.7)e+07,(1.9+/-0.7)e+07,(1.9+/-0.7)e+07,(1.9+/-0.7)e+07,(1.9+/-0.7)e+07,(1.9+/-0.7)e+07,(1.9+/-0.7)e+07,(1.9+/-0.7)e+07,(1.9+/-0.7)e+07,(1.9+/-0.7)e+07,(1.9+/-0.7)e+07,(1.9+/-0.7)e+07,(1.9+/-0.7)e+07,(1.9+/-0.7)e+07,(1.9+/-0.7)e+07,(1.9+/-0.7)e+07,(1.9+/-0.7)e+07,(1.9+/-0.7)e+07,(1.9+/-0.7)e+07,(1.9+/-0.7)e+07,(1.9+/-0.7)e+07,(1.9+/-0.7)e+07,(1.9+/-0.7)e+07,(1.9+/-0.7)e+07,(1.9+/-0.7)e+07,(1.9+/-0.7)e+07,(1.9+/-0.7)e+07,(1.9+/-0.7)e+07,(1.9+/-0.7)e+07,(1.9+/-0.7)e+07,(1.9+/-0.7)e+07,(1.9+/-0.7)e+07,(1.9+/-0.7)e+07,(1.9+/-0.7)e+07,(1.9+/-0.7)e+07,(1.9+/-0.7)e+07,(1.9+/-0.7)e+07,(1.9+/-0.7)e+07,(1.9+/-0.7)e+07,(1.9+/-0.7)e+07,(1.9+/-0.7)e+07,(1.9+/-0.7)e+07,(1.9+/-0.7)e+07,(1.9+/-0.7)e+07
Isle of Man,3111,7698,0,0,0,0,(6.6+/-2.3)e+03,(6.6+/-2.3)e+03,(6.6+/-2.3)e+03,(6.6+/-2.3)e+03,(6.6+/-2.3)e+03,(6.6+/-2.3)e+03,(6.6+/-2.3)e+03,(6.6+/-2.3)e+03,(6.6+/-2.3)e+03,(6.6+/-2.3)e+03,(6.6+/-2.3)e+03,(6.6+/-2.3)e+03,(6.6+/-2.3)e+03,(6.6+/-2.3)e+03,(6.6+/-2.3)e+03,(6.6+/-2.3)e+03,(6.6+/-2.3)e+03,(6.6+/-2.3)e+03,(6.6+/-2.3)e+03,(6.6+/-2.3)e+03,(6.6+/-2.3)e+03,(6.6+/-2.3)e+03,(6.6+/-2.3)e+03,(6.6+/-2.3)e+03,(6.6+/-2.3)e+03,(6.6+/-2.3)e+03,(6.6+/-2.3)e+03,(6.6+/-2.3)e+03,(6.6+/-2.3)e+03,(6.6+/-2.3)e+03,(6.6+/-2.3)e+03,(6.6+/-2.3)e+03,(6.6+/-2.3)e+03,(6.6+/-2.3)e+03,(6.6+/-2.3)e+03,(6.6+/-2.3)e+03,(6.6+/-2.3)e+03,(6.6+/-2.3)e+03,(6.6+/-2.3)e+03,(6.6+/-2.3)e+03,(6.6+/-2.3)e+03,(6.6+/-2.3)e+03,(6.6+/-2.3)e+03,(6.6+/-2.3)e+03,(6.6+/-2.3)e+03,(6.6+/-2.3)e+03,(6.6+/-2.3)e+03,(6.6+/-2.3)e+03,(6.6+/-2.3)e+03
India,123067889,194780918,0,0,0,0,(8.2+/-3.1)e+07,(8.2+/-3.1)e+07,(8.2+/-3.1)e+07,(8.2+/-3.1)e+07,(8.2+/-3.1)e+07,(8.2+/-3.1)e+07,(8.2+/-3.1)e+07,(8.2+/-3.1)e+07,(8.2+/-3.1)e+07,(8.2+/-3.1)e+07,(8.2+/-3.1)e+07,(8.2+/-3.1)e+07,(8.2+/-3.1)e+07,(8.2+/-3.1)e+07,(8.2+/-3.1)e+07,(8.2+/-3.1)e+07,(8.2+/-3.1)e+07,(8.2+/-3.1)e+07,(8.2+/-3.1)e+07,(8.2+/-3.1)e+07,(8.2+/-3.1)e+07,(8.2+/-3.1)e+07,(8.2+/-3.1)e+07,(8.2+/-3.1)e+07,(8.2+/-3.1)e+07,(8.2+/-3.1)e+07,(8.2+/-3.1)e+07,(8.2+/-3.1)e+07,(8.2+/-3.1)e+07,(8.2+/-3.1)e+07,(8.2+/-3.1)e+07,(8.2+/-3.1)e+07,(8.2+/-3.1)e+07,(8.2+/-3.1)e+07,(8.2+/-3.1)e+07,(8.2+/-3.1)e+07,(8.2+/-3.1)e+07,(8.2+/-3.1)e+07,(8.2+/-3.1)e+07,(8.2+/-3.1)e+07,(8.2+/-3.1)e+07,(8.2+/-3.1)e+07,(8.2+/-3.1)e+07,(8.2+/-3.1)e+07,(8.2+/-3.1)e+07,(8.2+/-3.1)e+07,(8.2+/-3.1)e+07,(8.2+/-3.1)e+07,(8.2+/-3.1)e+07
Ireland,262936,645289,0,0,0,0,(6.6+/-2.3)e+03,(6.6+/-2.3)e+03,(6.6+/-2.3)e+03,(6.6+/-2.3)e+03,(6.6+/-2.3)e+03,(6.6+/-2.3)e+03,(6.6+/-2.3)e+03,(6.6+/-2.3)e+03,(6.6+/-2.3)e+03,(6.6+/-2.3)e+03,(6.6+/-2.3)e+03,(6.6+/-2.3)e+03,(6.6+/-2.3)e+03,(6.6+/-2.3)e+03,(6.6+/-2.3)e+03,(6.6+/-2.3)e+03,(6.6+/-2.3)e+03,(6.6+/-2.3)e+03,(6.6+/-2.3)e+03,(6.6+/-2.3)e+03,(6.6+/-2.3)e+03,(6.6+/-2.3)e+03,(6.6+/-2.3)e+03,(6.6+/-2.3)e+03,(6.6+/-2.3)e+03,(6.6+/-2.3)e+03,(6.6+/-2.3)e+03,(6.6+/-2.3)e+03,(6.6+/-2.3)e+03,(6.6+/-2.3)e+03,(6.6+/-2.3)e+03,(6.6+/-2.3)e+03,(6.6+/-2.3)e+03,(6.6+/-2.3)e+03,(6.6+/-2.3)e+03,(6.6+/-2.3)e+03,(6.6+/-2.3)e+03,(6.6+/-2.3)e+03,(6.6+/-2.3)e+03,(6.6+/-2.3)e+03,(6.6+/-2.3)e+03,(6.6+/-2.3)e+03,(6.6+/-2.3)e+03,(6.6+/-2.3)e+03,(6.6+/-2.3)e+03,(6.6+/-2.3)e+03,(6.6+/-2.3)e+03,(6.6+/-2.3)e+03,(6.6+/-2.3)e+03
Iran,3793893,8095415,0,0,0,0,(6.6+/-2.3)e+03,(6.6+/-2.3)e+03,(6.6+/-2.3)e+03,(6.6+/-2.3)e+03,(6.6+/-2.3)e+03,(6.6+/-2.3)e+03,(6.6+/-2.3)e+03,(6.6+/-2.3)e+03,(6.6+/-2.3)e+03,(6.6+/-2.3)e+03,(6.6+/-2.3)e+03,(6.6+/-2.3)e+03,(6.6+/-2.3)e+03,(6.6+/-2.3)e+03,(6.6+/-2.3)e+03,(6.6+/-2.3)e+03,(6.6+/-2.3)e+03,(6.6+/-2.3)e+03,(6.6+/-2.3)e+03,(6.6+/-2.3)e+03,(6.6+/-2.3)e+03,(6.6+/-2.3)e+03,(6.6+/-2.3)e+03,(6.6+/-2.3)e+03,(6.6+/-2.3)e+03,(6.6+/-2.3)e+03,(6.6+/-2.3)e+03,(6.6+/-2.3)e+03,(6.6+/-2.3)e+03,(6.6+/-2.3)e+03,(6.6+/-2.3)e+03,(6.6+/-2.3)e+03,(6.6+/-2.3)e+03,(6.6+/-2.3)e+03,(6.6+/-2.3)e+03,(6.6+/-2.3)e+03,(6.6+/-2.3)e+03,(6.6+/-2.3)e+03,(6.6+/-2.3)e+03,(6.6+/-2.3)e+03,(6.6+/-2.3)e+03,(6.6+/-2.3)e+03,(6.6+/-2.3)e+03,(6.6+/-2.3)e+03,(6.6+/-2.3)e+03,(6.6+/-2.3)e+03,(6.6+/-2.3)e+03,(6.6+/-2.3)e+03,(6.6+/-2.3)e+03
Iraq,1744558,3712902,0,0,0,0,(6.6+/-2.3)e+03,(6.6+/-2.3)e+03,(6.6+/-2.3)e+03,(6.6+/-2.3)e+03,(6.6+/-2.3)e+03,(6.6+/-2.3)e+03,(6.6+/-2.3)e+03,(6.6+/-2.3)e+03,(6.6+/-2.3)e+03,(6.6+/-2.3)e+03,(6.6+/-2.3)e+03,(6.6+/-2.3)e+03,(6.6+/-2.3)e+03,(6.6+/-2.3)e+03,(6.6+/-2.3)e+03,(6.6+/-2.3)e+03,(6.6+/-2.3)e+03,(6.6+/-2.3)e+03,(6.6+/-2.3)e+03,(6.6+/-2.3)e+03,(6.6+/-2.3)e+03,(6.6+/-2.3)e+03,(6.6+/-2.3)e+03,(6.6+/-2.3)e+03,(6.6+/-2.3)e+03,(6.6+/-2.3)e+03,(6.6+/-2.3)e+03,(6.6+/-2.3)e+03,(6.6+/-2.3)e+03,(6.6+/-2.3)e+03,(6.6+/-2.3)e+03,(6.6+/-2.3)e+03,(6.6+/-2.3)e+03,(6.6+/-2.3)e+03,(6.6+/-2.3)e+03,(6.6+/-2.3)e+03,(6.6+/-2.3)e+03,(6.6+/-2.3)e+03,(6.6+/-2.3)e+03,(6.6+/-2.3)e+03,(6.6+/-2.3)e+03,(6.6+/-2.3)e+03,(6.6+/-2.3)e+03,(6.6+/-2.3)e+03,(6.6+/-2.3)e+03,(6.6+/-2.3)e+03,(6.6+/-2.3)e+03,(6.6+/-2.3)e+03,(6.6+/-2.3)e+03
Iceland,23450,55896,0,0,0,0,(6.6+/-2.3)e+03,(6.6+/-2.3)e+03,(6.6+/-2.3)e+03,(6.6+/-2.3)e+03,(6.6+/-2.3)e+03,(6.6+/-2.3)e+03,(6.6+/-2.3)e+03,(6.6+/-2.3)e+03,(6.6+/-2.3)e+03,(6.6+/-2.3)e+03,(6.6+/-2.3)e+03,(6.6+/-2.3)e+03,(6.6+/-2.3)e+03,(6.6+/-2.3)e+03,(6.6+/-2.3)e+03,(6.6+/-2.3)e+03,(6.6+/-2.3)e+03,(6.6+/-2.3)e+03,(6.6+/-2.3)e+03,(6.6+/-2.3)e+03,(6.6+/-2.3)e+03,(6.6+/-2.3)e+03,(6.6+/-2.3)e+03,(6.6+/-2.3)e+03,(6.6+/-2.3)e+03,(6.6+/-2.3)e+03,(6.6+/-2.3)e+03,(6.6+/-2.3)e+03,(6.6+/-2.3)e+03,(6.6+/-2.3)e+03,(6.6+/-2.3)e+03,(6.6+/-2.3)e+03,(6.6+/-2.3)e+03,(6.6+/-2.3)e+03,(6.6+/-2.3)e+03,(6.6+/-2.3)e+03,(6.6+/-2.3)e+03,(6.6+/-2.3)e+03,(6.6+/-2.3)e+03,(6.6+/-2.3)e+03,(6.6+/-2.3)e+03,(6.6+/-2.3)e+03,(6.6+/-2.3)e+03,(6.6+/-2.3)e+03,(6.6+/-2.3)e+03,(6.6+/-2.3)e+03,(6.6+/-2.3)e+03,(6.6+/-2.3)e+03,(6.6+/-2.3)e+03
Israel,356732,870353,0,0,0,0,(1.5+/-0.5)e+06,(1.5+/-0.5)e+06,(1.5+/-0.5)e+06,(1.5+/-0.5)e+06,(1.5+/-0.5)e+06,(1.5+/-0.5)e+06,(1.5+/-0.5)e+06,(1.5+/-0.5)e+06,(1.5+/-0.5)e+06,(1.5+/-0.5)e+06,(1.5+/-0.5)e+06,(1.5+/-0.5)e+06,(1.5+/-0.5)e+06,(1.5+/-0.5)e+06,(1.5+/-0.5)e+06,(1.5+/-0.5)e+06,(1.5+/-0.5)e+06,(1.5+/-0.5)e+06,(1.5+/-0.5)e+06,(1.5+/-0.5)e+06,(1.5+/-0.5)e+06,(1.5+/-0.5)e+06,(1.5+/-0.5)e+06,(1.5+/-0.5)e+06,(1.5+/-0.5)e+06,(1.5+/-0.5)e+06,(1.5+/-0.5)e+06,(1.5+/-0.5)e+06,(1.5+/-0.5)e+06,(1.5+/-0.5)e+06,(1.5+/-0.5)e+06,(1.5+/-0.5)e+06,(1.5+/-0.5)e+06,(1.5+/-0.5)e+06,(1.5+/-0.5)e+06,(1.5+/-0.5)e+06,(1.5+/-0.5)e+06,(1.5+/-0.5)e+06,(1.5+/-0.5)e+06,(1.5+/-0.5)e+06,(1.5+/-0.5)e+06,(1.5+/-0.5)e+06,(1.5+/-0.5)e+06,(1.5+/-0.5)e+06,(1.5+/-0.5)e+06,(1.5+/-0.5)e+06,(1.5+/-0.5)e+06,(1.5+/-0.5)e+06,(1.5+/-0.5)e+06
Italy,2488293,6057801,0,0,0,0,(1.7+/-0.7)e+06,(1.7+/-0.7)e+06,(1.7+/-0.7)e+06,(1.7+/-0.7)e+06,(1.7+/-0.7)e+06,(1.7+/-0.7)e+06,(1.7+/-0.7)e+06,(1.7+/-0.7)e+06,(1.7+/-0.7)e+06,(1.7+/-0.7)e+06,(1.7+/-0.7)e+06,(1.7+/-0.7)e+06,(1.7+/-0.7)e+06,(1.7+/-0.7)e+06,(1.7+/-0.7)e+06,(1.7+/-0.7)e+06,(1.7+/-0.7)e+06,(1.7+/-0.7)e+06,(1.7+/-0.7)e+06,(1.7+/-0.7)e+06,(1.7+/-0.7)e+06,(1.7+/-0.7)e+06,(1.7+/-0.7)e+06,(1.7+/-0.7)e+06,(1.7+/-0.7)e+06,(1.7+/-0.7)e+06,(1.7+/-0.7)e+06,(1.7+/-0.7)e+06,(1.7+/-0.7)e+06,(1.7+/-0.7)e+06,(1.7+/-0.7)e+06,(1.7+/-0.7)e+06,(1.7+/-0.7)e+06,(1.7+/-0.7)e+06,(1.7+/-0.7)e+06,(1.7+/-0.7)e+06,(1.7+/-0.7)e+06,(1.7+/-0.7)e+06,(1.7+/-0.7)e+06,(1.7+/-0.7)e+06,(1.7+/-0.7)e+06,(1.7+/-0.7)e+06,(1.7+/-0.7)e+06,(1.7+/-0.7)e+06,(1.7+/-0.7)e+06,(1.7+/-0.7)e+06,(1.7+/-0.7)e+06,(1.7+/-0.7)e+06,(1.7+/-0.7)e+06
Jamaica,143515,380932,0,0,0,0,(6.6+/-2.3)e+03,(6.6+/-2.3)e+03,(6.6+/-2.3)e+03,(6.6+/-2.3)e+03,(6.6+/-2.3)e+03,(6.6+/-2.3)e+03,(6.6+/-2.3)e+03,(6.6+/-2.3)e+03,(6.6+/-2.3)e+03,(6.6+/-2.3)e+03,(6.6+/-2.3)e+03,(6.6+/-2.3)e+03,(6.6+/-2.3)e+03,(6.6+/-2.3)e+03,(6.6+/-2.3)e+03,(6.6+/-2.3)e+03,(6.6+/-2.3)e+03,(6.6+/-2.3)e+03,(6.6+/-2.3)e+03,(6.6+/-2.3)e+03,(6.6+/-2.3)e+03,(6.6+/-2.3)e+03,(6.6+/-2.3)e+03,(6.6+/-2.3)e+03,(6.6+/-2.3)e+03,(6.6+/-2.3)e+03,(6.6+/-2.3)e+03,(6.6+/-2.3)e+03,(6.6+/-2.3)e+03,(6.6+/-2.3)e+03,(6.6+/-2.3)e+03,(6.6+/-2.3)e+03,(6.6+/-2.3)e+03,(6.6+/-2.3)e+03,(6.6+/-2.3)e+03,(6.6+/-2.3)e+03,(6.6+/-2.3)e+03,(6.6+/-2.3)e+03,(6.6+/-2.3)e+03,(6.6+/-2.3)e+03,(6.6+/-2.3)e+03,(6.6+/-2.3)e+03,(6.6+/-2.3)e+03,(6.6+/-2.3)e+03,(6.6+/-2.3)e+03,(6.6+/-2.3)e+03,(6.6+/-2.3)e+03,(6.6+/-2.3)e+03,(6.6+/-2.3)e+03
Jordan,372086,1016484,0,0,0,0,(6.6+/-2.3)e+03,(6.6+/-2.3)e+03,(6.6+/-2.3)e+03,(6.6+/-2.3)e+03,(6.6+/-2.3)e+03,(6.6+/-2.3)e+03,(6.6+/-2.3)e+03,(6.6+/-2.3)e+03,(6.6+/-2.3)e+03,(6.6+/-2.3)e+03,(6.6+/-2.3)e+03,(6.6+/-2.3)e+03,(6.6+/-2.3)e+03,(6.6+/-2.3)e+03,(6.6+/-2.3)e+03,(6.6+/-2.3)e+03,(6.6+/-2.3)e+03,(6.6+/-2.3)e+03,(6.6+/-2.3)e+03,(6.6+/-2.3)e+03,(6.6+/-2.3)e+03,(6.6+/-2.3)e+03,(6.6+/-2.3)e+03,(6.6+/-2.3)e+03,(6.6+/-2.3)e+03,(6.6+/-2.3)e+03,(6.6+/-2.3)e+03,(6.6+/-2.3)e+03,(6.6+/-2.3)e+03,(6.6+/-2.3)e+03,(6.6+/-2.3)e+03,(6.6+/-2.3)e+03,(6.6+/-2.3)e+03,(6.6+/-2.3)e+03,(6.6+/-2.3)e+03,(6.6+/-2.3)e+03,(6.6+/-2.3)e+03,(6.6+/-2.3)e+03,(6.6+/-2.3)e+03,(6.6+/-2.3)e+03,(6.6+/-2.3)e+03,(6.6+/-2.3)e+03,(6.6+/-2.3)e+03,(6.6+/-2.3)e+03,(6.6+/-2.3)e+03,(6.6+/-2.3)e+03,(6.6+/-2.3)e+03,(6.6+/-2.3)e+03,(6.6+/-2.3)e+03
Japan,6041081,16301984,0,0,0,0,(1.8+/-0.7)e+07,(1.8+/-0.7)e+07,(1.8+/-0.7)e+07,(1.8+/-0.7)e+07,(1.8+/-0.7)e+07,(1.8+/-0.7)e+07,(1.8+/-0.7)e+07,(1.8+/-0.7)e+07,(1.8+/-0.7)e+07,(1.8+/-0.7)e+07,(1.8+/-0.7)e+07,(1.8+/-0.7)e+07,(1.8+/-0.7)e+07,(1.8+/-0.7)e+07,(1.8+/-0.7)e+07,(1.8+/-0.7)e+07,(1.8+/-0.7)e+07,(1.8+/-0.7)e+07,(1.8+/-0.7)e+07,(1.8+/-0.7)e+07,(1.8+/-0.7)e+07,(1.8+/-0.7)e+07,(1.8+/-0.7)e+07,(1.8+/-0.7)e+07,(1.8+/-0.7)e+07,(1.8+/-0.7)e+07,(1.8+/-0.7)e+07,(1.8+/-0.7)e+07,(1.8+/-0.7)e+07,(1.8+/-0.7)e+07,(1.8+/-0.7)e+07,(1.8+/-0.7)e+07,(1.8+/-0.7)e+07,(1.8+/-0.7)e+07,(1.8+/-0.7)e+07,(1.8+/-0.7)e+07,(1.8+/-0.7)e+07,(1.8+/-0.7)e+07,(1.8+/-0.7)e+07,(1.8+/-0.7)e+07,(1.8+/-0.7)e+07,(1.8+/-0.7)e+07,(1.8+/-0.7)e+07,(1.8+/-0.7)e+07,(1.8+/-0.7)e+07,(1.8+/-0.7)e+07,(1.8+/-0.7)e+07,(1.8+/-0.7)e+07,(1.8+/-0.7)e+07
Kazakhstan,1181075,2302755,0,0,0,0,(4.4+/-1.6)e+06,(4.4+/-1.6)e+06,(4.4+/-1.6)e+06,(4.4+/-1.6)e+06,(4.4+/-1.6)e+06,(4.4+/-1.6)e+06,(4.4+/-1.6)e+06,(4.4+/-1.6)e+06,(4.4+/-1.6)e+06,(4.4+/-1.6)e+06,(4.4+/-1.6)e+06,(4.4+/-1.6)e+06,(4.4+/-1.6)e+06,(4.4+/-1.6)e+06,(4.4+/-1.6)e+06,(4.4+/-1.6)e+06,(4.4+/-1.6)e+06,(4.4+/-1.6)e+06,(4.4+/-1.6)e+06,(4.4+/-1.6)e+06,(4.4+/-1.6)e+06,(4.4+/-1.6)e+06,(4.4+/-1.6)e+06,(4.4+/-1.6)e+06,(4.4+/-1.6)e+06,(4.4+/-1.6)e+06,(4.4+/-1.6)e+06,(4.4+/-1.6)e+06,(4.4+/-1.6)e+06,(4.4+/-1.6)e+06,(4.4+/-1.6)e+06,(4.4+/-1.6)e+06,(4.4+/-1.6)e+06,(4.4+/-1.6)e+06,(4.4+/-1.6)e+06,(4.4+/-1.6)e+06,(4.4+/-1.6)e+06,(4.4+/-1.6)e+06,(4.4+/-1.6)e+06,(4.4+/-1.6)e+06,(4.4+/-1.6)e+06,(4.4+/-1.6)e+06,(4.4+/-1.6)e+06,(4.4+/-1.6)e+06,(4.4+/-1.6)e+06,(4.4+/-1.6)e+06,(4.4+/-1.6)e+06,(4.4+/-1.6)e+06,(4.4+/-1.6)e+06
Kenya,4874519,6964208,0,0,0,0,(6.6+/-2.3)e+03,(6.6+/-2.3)e+03,(6.6+/-2.3)e+03,(6.6+/-2.3)e+03,(6.6+/-2.3)e+03,(6.6+/-2.3)e+03,(6.6+/-2.3)e+03,(6.6+/-2.3)e+03,(6.6+/-2.3)e+03,(6.6+/-2.3)e+03,(6.6+/-2.3)e+03,(6.6+/-2.3)e+03,(6.6+/-2.3)e+03,(6.6+/-2.3)e+03,(6.6+/-2.3)e+03,(6.6+/-2.3)e+03,(6.6+/-2.3)e+03,(6.6+/-2.3)e+03,(6.6+/-2.3)e+03,(6.6+/-2.3)e+03,(6.6+/-2.3)e+03,(6.6+/-2.3)e+03,(6.6+/-2.3)e+03,(6.6+/-2.3)e+03,(6.6+/-2.3)e+03,(6.6+/-2.3)e+03,(6.6+/-2.3)e+03,(6.6+/-2.3)e+03,(6.6+/-2.3)e+03,(6.6+/-2.3)e+03,(6.6+/-2.3)e+03,(6.6+/-2.3)e+03,(6.6+/-2.3)e+03,(6.6+/-2.3)e+03,(6.6+/-2.3)e+03,(6.6+/-2.3)e+03,(6.6+/-2.3)e+03,(6.6+/-2.3)e+03,(6.6+/-2.3)e+03,(6.6+/-2.3)e+03,(6.6+/-2.3)e+03,(6.6+/-2.3)e+03,(6.6+/-2.3)e+03,(6.6+/-2.3)e+03,(6.6+/-2.3)e+03,(6.6+/-2.3)e+03,(6.6+/-2.3)e+03,(6.6+/-2.3)e+03,(6.6+/-2.3)e+03
Kyrgyzstan,474970,983432,0,0,0,0,(2.8+/-1.0)e+05,(2.8+/-1.0)e+05,(2.8+/-1.0)e+05,(2.8+/-1.0)e+05,(2.8+/-1.0)e+05,(2.8+/-1.0)e+05,(2.8+/-1.0)e+05,(2.8+/-1.0)e+05,(2.8+/-1.0)e+05,(2.8+/-1.0)e+05,(2.8+/-1.0)e+05,(2.8+/-1.0)e+05,(2.8+/-1.0)e+05,(2.8+/-1.0)e+05,(2.8+/-1.0)e+05,(2.8+/-1.0)e+05,(2.8+/-1.0)e+05,(2.8+/-1.0)e+05,(2.8+/-1.0)e+05,(2.8+/-1.0)e+05,(2.8+/-1.0)e+05,(2.8+/-1.0)e+05,(2.8+/-1.0)e+05,(2.8+/-1.0)e+05,(2.8+/-1.0)e+05,(2.8+/-1.0)e+05,(2.8+/-1.0)e+05,(2.8+/-1.0)e+05,(2.8+/-1.0)e+05,(2.8+/-1.0)e+05,(2.8+/-1.0)e+05,(2.8+/-1.0)e+05,(2.8+/-1.0)e+05,(2.8+/-1.0)e+05,(2.8+/-1.0)e+05,(2.8+/-1.0)e+05,(2.8+/-1.0)e+05,(2.8+/-1.0)e+05,(2.8+/-1.0)e+05,(2.8+/-1.0)e+05,(2.8+/-1.0)e+05,(2.8+/-1.0)e+05,(2.8+/-1.0)e+05,(2.8+/-1.0)e+05,(2.8+/-1.0)e+05,(2.8+/-1.0)e+05,(2.8+/-1.0)e+05,(2.8+/-1.0)e+05,(2.8+/-1.0)e+05
Cambodia,1371781,3033245,0,0,0,0,(4.9+/-1.8)e+05,(4.9+/-1.8)e+05,(4.9+/-1.8)e+05,(4.9+/-1.8)e+05,(4.9+/-1.8)e+05,(4.9+/-1.8)e+05,(4.9+/-1.8)e+05,(4.9+/-1.8)e+05,(4.9+/-1.8)e+05,(4.9+/-1.8)e+05,(4.9+/-1.8)e+05,(4.9+/-1.8)e+05,(4.9+/-1.8)e+05,(4.9+/-1.8)e+05,(4.9+/-1.8)e+05,(4.9+/-1.8)e+05,(4.9+/-1.8)e+05,(4.9+/-1.8)e+05,(4.9+/-1.8)e+05,(4.9+/-1.8)e+05,(4.9+/-1.8)e+05,(4.9+/-1.8)e+05,(4.9+/-1.8)e+05,(4.9+/-1.8)e+05,(4.9+/-1.8)e+05,(4.9+/-1.8)e+05,(4.9+/-1.8)e+05,(4.9+/-1.8)e+05,(4.9+/-1.8)e+05,(4.9+/-1.8)e+05,(4.9+/-1.8)e+05,(4.9+/-1.8)e+05,(4.9+/-1.8)e+05,(4.9+/-1.8)e+05,(4.9+/-1.8)e+05,(4.9+/-1.8)e+05,(4.9+/-1.8)e+05,(4.9+/-1.8)e+05,(4.9+/-1.8)e+05,(4.9+/-1.8)e+05,(4.9+/-1.8)e+05,(4.9+/-1.8)e+05,(4.9+/-1.8)e+05,(4.9+/-1.8)e+05,(4.9+/-1.8)e+05,(4.9+/-1.8)e+05,(4.9+/-1.8)e+05,(4.9+/-1.8)e+05,(4.9+/-1.8)e+05
Kiribati,5636,13253,0,0,0,0,(6.6+/-2.3)e+03,(6.6+/-2.3)e+03,(6.6+/-2.3)e+03,(6.6+/-2.3)e+03,(6.6+/-2.3)e+03,(6.6+/-2.3)e+03,(6.6+/-2.3)e+03,(6.6+/-2.3)e+03,(6.6+/-2.3)e+03,(6.6+/-2.3)e+03,(6.6+/-2.3)e+03,(6.6+/-2.3)e+03,(6.6+/-2.3)e+03,(6.6+/-2.3)e+03,(6.6+/-2.3)e+03,(6.6+/-2.3)e+03,(6.6+/-2.3)e+03,(6.6+/-2.3)e+03,(6.6+/-2.3)e+03,(6.6+/-2.3)e+03,(6.6+/-2.3)e+03,(6.6+/-2.3)e+03,(6.6+/-2.3)e+03,(6.6+/-2.3)e+03,(6.6+/-2.3)e+03,(6.6+/-2.3)e+03,(6.6+/-2.3)e+03,(6.6+/-2.3)e+03,(6.6+/-2.3)e+03,(6.6+/-2.3)e+03,(6.6+/-2.3)e+03,(6.6+/-2.3)e+03,(6.6+/-2.3)e+03,(6.6+/-2.3)e+03,(6.6+/-2.3)e+03,(6.6+/-2.3)e+03,(6.6+/-2.3)e+03,(6.6+/-2.3)e+03,(6.6+/-2.3)e+03,(6.6+/-2.3)e+03,(6.6+/-2.3)e+03,(6.6+/-2.3)e+03,(6.6+/-2.3)e+03,(6.6+/-2.3)e+03,(6.6+/-2.3)e+03,(6.6+/-2.3)e+03,(6.6+/-2.3)e+03,(6.6+/-2.3)e+03,(6.6+/-2.3)e+03
St. Kitts and Nevis,4844,7028,0,0,0,0,(6.6+/-2.3)e+03,(6.6+/-2.3)e+03,(6.6+/-2.3)e+03,(6.6+/-2.3)e+03,(6.6+/-2.3)e+03,(6.6+/-2.3)e+03,(6.6+/-2.3)e+03,(6.6+/-2.3)e+03,(6.6+/-2.3)e+03,(6.6+/-2.3)e+03,(6.6+/-2.3)e+03,(6.6+/-2.3)e+03,(6.6+/-2.3)e+03,(6.6+/-2.3)e+03,(6.6+/-2.3)e+03,(6.6+/-2.3)e+03,(6.6+/-2.3)e+03,(6.6+/-2.3)e+03,(6.6+/-2.3)e+03,(6.6+/-2.3)e+03,(6.6+/-2.3)e+03,(6.6+/-2.3)e+03,(6.6+/-2.3)e+03,(6.6+/-2.3)e+03,(6.6+/-2.3)e+03,(6.6+/-2.3)e+03,(6.6+/-2.3)e+03,(6.6+/-2.3)e+03,(6.6+/-2.3)e+03,(6.6+/-2.3)e+03,(6.6+/-2.3)e+03,(6.6+/-2.3)e+03,(6.6+/-2.3)e+03,(6.6+/-2.3)e+03,(6.6+/-2.3)e+03,(6.6+/-2.3)e+03,(6.6+/-2.3)e+03,(6.6+/-2.3)e+03,(6.6+/-2.3)e+03,(6.6+/-2.3)e+03,(6.6+/-2.3)e+03,(6.6+/-2.3)e+03,(6.6+/-2.3)e+03,(6.6+/-2.3)e+03,(6.6+/-2.3)e+03,(6.6+/-2.3)e+03,(6.6+/-2.3)e+03,(6.6+/-2.3)e+03,(6.6+/-2.3)e+03
South Korea,3423445,7751158,0,0,0,0,(1.4+/-0.5)e+07,(1.4+/-0.5)e+07,(1.4+/-0.5)e+07,(1.4+/-0.5)e+07,(1.4+/-0.5)e+07,(1.4+/-0.5)e+07,(1.4+/-0.5)e+07,(1.4+/-0.5)e+07,(1.4+/-0.5)e+07,(1.4+/-0.5)e+07,(1.4+/-0.5)e+07,(1.4+/-0.5)e+07,(1.4+/-0.5)e+07,(1.4+/-0.5)e+07,(1.4+/-0.5)e+07,(1.4+/-0.5)e+07,(1.4+/-0.5)e+07,(1.4+/-0.5)e+07,(1.4+/-0.5)e+07,(1.4+/-0.5)e+07,(1.4+/-0.5)e+07,(1.4+/-0.5)e+07,(1.4+/-0.5)e+07,(1.4+/-0.5)e+07,(1.4+/-0.5)e+07,(1.4+/-0.5)e+07,(1.4+/-0.5)e+07,(1.4+/-0.5)e+07,(1.4+/-0.5)e+07,(1.4+/-0.5)e+07,(1.4+/-0.5)e+07,(1.4+/-0.5)e+07,(1.4+/-0.5)e+07,(1.4+/-0.5)e+07,(1.4+/-0.5)e+07,(1.4+/-0.5)e+07,(1.4+/-0.5)e+07,(1.4+/-0.5)e+07,(1.4+/-0.5)e+07,(1.4+/-0.5)e+07,(1.4+/-0.5)e+07,(1.4+/-0.5)e+07,(1.4+/-0.5)e+07,(1.4+/-0.5)e+07,(1.4+/-0.5)e+07,(1.4+/-0.5)e+07,(1.4+/-0.5)e+07,(1.4+/-0.5)e+07,(1.4+/-0.5)e+07
Kuwait,235424,642730,0,0,0,0,(6.6+/-2.3)e+03,(6.6+/-2.3)e+03,(6.6+/-2.3)e+03,(6.6+/-2.3)e+03,(6.6+/-2.3)e+03,(6.6+/-2.3)e+03,(6.6+/-2.3)e+03,(6.6+/-2.3)e+03,(6.6+/-2.3)e+03,(6.6+/-2.3)e+03,(6.6+/-2.3)e+03,(6.6+/-2.3)e+03,(6.6+/-2.3)e+03,(6.6+/-2.3)e+03,(6.6+/-2.3)e+03,(6.6+/-2.3)e+03,(6.6+/-2.3)e+03,(6.6+/-2.3)e+03,(6.6+/-2.3)e+03,(6.6+/-2.3)e+03,(6.6+/-2.3)e+03,(6.6+/-2.3)e+03,(6.6+/-2.3)e+03,(6.6+/-2.3)e+03,(6.6+/-2.3)e+03,(6.6+/-2.3)e+03,(6.6+/-2.3)e+03,(6.6+/-2.3)e+03,(6.6+/-2.3)e+03,(6.6+/-2.3)e+03,(6.6+/-2.3)e+03,(6.6+/-2.3)e+03,(6.6+/-2.3)e+03,(6.6+/-2.3)e+03,(6.6+/-2.3)e+03,(6.6+/-2.3)e+03,(6.6+/-2.3)e+03,(6.6+/-2.3)e+03,(6.6+/-2.3)e+03,(6.6+/-2.3)e+03,(6.6+/-2.3)e+03,(6.6+/-2.3)e+03,(6.6+/-2.3)e+03,(6.6+/-2.3)e+03,(6.6+/-2.3)e+03,(6.6+/-2.3)e+03,(6.6+/-2.3)e+03,(6.6+/-2.3)e+03,(6.6+/-2.3)e+03
Laos,512113,787061,0,0,0,0,(6.4+/-2.4)e+05,(6.4+/-2.4)e+05,(6.4+/-2.4)e+05,(6.4+/-2.4)e+05,(6.4+/-2.4)e+05,(6.4+/-2.4)e+05,(6.4+/-2.4)e+05,(6.4+/-2.4)e+05,(6.4+/-2.4)e+05,(6.4+/-2.4)e+05,(6.4+/-2.4)e+05,(6.4+/-2.4)e+05,(6.4+/-2.4)e+05,(6.4+/-2.4)e+05,(6.4+/-2.4)e+05,(6.4+/-2.4)e+05,(6.4+/-2.4)e+05,(6.4+/-2.4)e+05,(6.4+/-2.4)e+05,(6.4+/-2.4)e+05,(6.4+/-2.4)e+05,(6.4+/-2.4)e+05,(6.4+/-2.4)e+05,(6.4+/-2.4)e+05,(6.4+/-2.4)e+05,(6.4+/-2.4)e+05,(6.4+/-2.4)e+05,(6.4+/-2.4)e+05,(6.4+/-2.4)e+05,(6.4+/-2.4)e+05,(6.4+/-2.4)e+05,(6.4+/-2.4)e+05,(6.4+/-2.4)e+05,(6.4+/-2.4)e+05,(6.4+/-2.4)e+05,(6.4+/-2.4)e+05,(6.4+/-2.4)e+05,(6.4+/-2.4)e+05,(6.4+/-2.4)e+05,(6.4+/-2.4)e+05,(6.4+/-2.4)e+05,(6.4+/-2.4)e+05,(6.4+/-2.4)e+05,(6.4+/-2.4)e+05,(6.4+/-2.4)e+05,(6.4+/-2.4)e+05,(6.4+/-2.4)e+05,(6.4+/-2.4)e+05,(6.4+/-2.4)e+05
Lebanon,165115,457538,0,0,0,0,(6.6+/-2.3)e+03,(6.6+/-2.3)e+03,(6.6+/-2.3)e+03,(6.6+/-2.3)e+03,(6.6+/-2.3)e+03,(6.6+/-2.3)e+03,(6.6+/-2.3)e+03,(6.6+/-2.3)e+03,(6.6+/-2.3)e+03,(6.6+/-2.3)e+03,(6.6+/-2.3)e+03,(6.6+/-2.3)e+03,(6.6+/-2.3)e+03,(6.6+/-2.3)e+03,(6.6+/-2.3)e+03,(6.6+/-2.3)e+03,(6.6+/-2.3)e+03,(6.6+/-2.3)e+03,(6.6+/-2.3)e+03,(6.6+/-2.3)e+03,(6.6+/-2.3)e+03,(6.6+/-2.3)e+03,(6.6+/-2.3)e+03,(6.6+/-2.3)e+03,(6.6+/-2.3)e+03,(6.6+/-2.3)e+03,(6.6+/-2.3)e+03,(6.6+/-2.3)e+03,(6.6+/-2.3)e+03,(6.6+/-2.3)e+03,(6.6+/-2.3)e+03,(6.6+/-2.3)e+03,(6.6+/-2.3)e+03,(6.6+/-2.3)e+03,(6.6+/-2.3)e+03,(6.6+/-2.3)e+03,(6.6+/-2.3)e+03,(6.6+/-2.3)e+03,(6.6+/-2.3)e+03,(6.6+/-2.3)e+03,(6.6+/-2.3)e+03,(6.6+/-2.3)e+03,(6.6+/-2.3)e+03,(6.6+/-2.3)e+03,(6.6+/-2.3)e+03,(6.6+/-2.3)e+03,(6.6+/-2.3)e+03,(6.6+/-2.3)e+03,(6.6+/-2.3)e+03
Liberia,377645,1042764,0,0,0,0,(6.6+/-2.3)e+03,(6.6+/-2.3)e+03,(6.6+/-2.3)e+03,(6.6+/-2.3)e+03,(6.6+/-2.3)e+03,(6.6+/-2.3)e+03,(6.6+/-2.3)e+03,(6.6+/-2.3)e+03,(6.6+/-2.3)e+03,(6.6+/-2.3)e+03,(6.6+/-2.3)e+03,(6.6+/-2.3)e+03,(6.6+/-2.3)e+03,(6.6+/-2.3)e+03,(6.6+/-2.3)e+03,(6.6+/-2.3)e+03,(6.6+/-2.3)e+03,(6.6+/-2.3)e+03,(6.6+/-2.3)e+03,(6.6+/-2.3)e+03,(6.6+/-2.3)e+03,(6.6+/-2.3)e+03,(6.6+/-2.3)e+03,(6.6+/-2.3)e+03,(6.6+/-2.3)e+03,(6.6+/-2.3)e+03,(6.6+/-2.3)e+03,(6.6+/-2.3)e+03,(6.6+/-2.3)e+03,(6.6+/-2.3)e+03,(6.6+/-2.3)e+03,(6.6+/-2.3)e+03,(6.6+/-2.3)e+03,(6.6+/-2.3)e+03,(6.6+/-2.3)e+03,(6.6+/-2.3)e+03,(6.6+/-2.3)e+03,(6.6+/-2.3)e+03,(6.6+/-2.3)e+03,(6.6+/-2.3)e+03,(6.6+/-2.3)e+03,(6.6+/-2.3)e+03,(6.6+/-2.3)e+03,(6.6+/-2.3)e+03,(6.6+/-2.3)e+03,(6.6+/-2.3)e+03,(6.6+/-2.3)e+03,(6.6+/-2.3)e+03,(6.6+/-2.3)e+03
Libya,363102,748392,0,0,0,0,(6.6+/-2.3)e+03,(6.6+/-2.3)e+03,(6.6+/-2.3)e+03,(6.6+/-2.3)e+03,(6.6+/-2.3)e+03,(6.6+/-2.3)e+03,(6.6+/-2.3)e+03,(6.6+/-2.3)e+03,(6.6+/-2.3)e+03,(6.6+/-2.3)e+03,(6.6+/-2.3)e+03,(6.6+/-2.3)e+03,(6.6+/-2.3)e+03,(6.6+/-2.3)e+03,(6.6+/-2.3)e+03,(6.6+/-2.3)e+03,(6.6+/-2.3)e+03,(6.6+/-2.3)e+03,(6.6+/-2.3)e+03,(6.6+/-2.3)e+03,(6.6+/-2.3)e+03,(6.6+/-2.3)e+03,(6.6+/-2.3)e+03,(6.6+/-2.3)e+03,(6.6+/-2.3)e+03,(6.6+/-2.3)e+03,(6.6+/-2.3)e+03,(6.6+/-2.3)e+03,(6.6+/-2.3)e+03,(6.6+/-2.3)e+03,(6.6+/-2.3)e+03,(6.6+/-2.3)e+03,(6.6+/-2.3)e+03,(6.6+/-2.3)e+03,(6.6+/-2.3)e+03,(6.6+/-2.3)e+03,(6.6+/-2.3)e+03,(6.6+/-2.3)e+03,(6.6+/-2.3)e+03,(6.6+/-2.3)e+03,(6.6+/-2.3)e+03,(6.6+/-2.3)e+03,(6.6+/-2.3)e+03,(6.6+/-2.3)e+03,(6.6+/-2.3)e+03,(6.6+/-2.3)e+03,(6.6+/-2.3)e+03,(6.6+/-2.3)e+03,(6.6+/-2.3)e+03
St. Lucia,22616,32811,0,0,0,0,(6.6+/-2.3)e+03,(6.6+/-2.3)e+03,(6.6+/-2.3)e+03,(6.6+/-2.3)e+03,(6.6+/-2.3)e+03,(6.6+/-2.3)e+03,(6.6+/-2.3)e+03,(6.6+/-2.3)e+03,(6.6+/-2.3)e+03,(6.6+/-2.3)e+03,(6.6+/-2.3)e+03,(6.6+/-2.3)e+03,(6.6+/-2.3)e+03,(6.6+/-2.3)e+03,(6.6+/-2.3)e+03,(6.6+/-2.3)e+03,(6.6+/-2.3)e+03,(6.6+/-2.3)e+03,(6.6+/-2.3)e+03,(6.6+/-2.3)e+03,(6.6+/-2.3)e+03,(6.6+/-2.3)e+03,(6.6+/-2.3)e+03,(6.6+/-2.3)e+03,(6.6+/-2.3)e+03,(6.6+/-2.3)e+03,(6.6+/-2.3)e+03,(6.6+/-2.3)e+03,(6.6+/-2.3)e+03,(6.6+/-2.3)e+03,(6.6+/-2.3)e+03,(6.6+/-2.3)e+03,(6.6+/-2.3)e+03,(6.6+/-2.3)e+03,(6.6+/-2.3)e+03,(6.6+/-2.3)e+03,(6.6+/-2.3)e+03,(6.6+/-2.3)e+03,(6.6+/-2.3)e+03,(6.6+/-2.3)e+03,(6.6+/-2.3)e+03,(6.6+/-2.3)e+03,(6.6+/-2.3)e+03,(6.6+/-2.3)e+03,(6.6+/-2.3)e+03,(6.6+/-2.3)e+03,(6.6+/-2.3)e+03,(6.6+/-2.3)e+03,(6.6+/-2.3)e+03
Liechtenstein,1396,4164,0,0,0,0,(6.6+/-2.3)e+03,(6.6+/-2.3)e+03,(6.6+/-2.3)e+03,(6.6+/-2.3)e+03,(6.6+/-2.3)e+03,(6.6+/-2.3)e+03,(6.6+/-2.3)e+03,(6.6+/-2.3)e+03,(6.6+/-2.3)e+03,(6.6+/-2.3)e+03,(6.6+/-2.3)e+03,(6.6+/-2.3)e+03,(6.6+/-2.3)e+03,(6.6+/-2.3)e+03,(6.6+/-2.3)e+03,(6.6+/-2.3)e+03,(6.6+/-2.3)e+03,(6.6+/-2.3)e+03,(6.6+/-2.3)e+03,(6.6+/-2.3)e+03,(6.6+/-2.3)e+03,(6.6+/-2.3)e+03,(6.6+/-2.3)e+03,(6.6+/-2.3)e+03,(6.6+/-2.3)e+03,(6.6+/-2.3)e+03,(6.6+/-2.3)e+03,(6.6+/-2.3)e+03,(6.6+/-2.3)e+03,(6.6+/-2.3)e+03,(6.6+/-2.3)e+03,(6.6+/-2.3)e+03,(6.6+/-2.3)e+03,(6.6+/-2.3)e+03,(6.6+/-2.3)e+03,(6.6+/-2.3)e+03,(6.6+/-2.3)e+03,(6.6+/-2.3)e+03,(6.6+/-2.3)e+03,(6.6+/-2.3)e+03,(6.6+/-2.3)e+03,(6.6+/-2.3)e+03,(6.6+/-2.3)e+03,(6.6+/-2.3)e+03,(6.6+/-2.3)e+03,(6.6+/-2.3)e+03,(6.6+/-2.3)e+03,(6.6+/-2.3)e+03,(6.6+/-2.3)e+03
Sri Lanka,1145091,2141312,0,0,0,0,(3.1+/-1.1)e+05,(3.1+/-1.1)e+05,(3.1+/-1.1)e+05,(3.1+/-1.1)e+05,(3.1+/-1.1)e+05,(3.1+/-1.1)e+05,(3.1+/-1.1)e+05,(3.1+/-1.1)e+05,(3.1+/-1.1)e+05,(3.1+/-1.1)e+05,(3.1+/-1.1)e+05,(3.1+/-1.1)e+05,(3.1+/-1.1)e+05,(3.1+/-1.1)e+05,(3.1+/-1.1)e+05,(3.1+/-1.1)e+05,(3.1+/-1.1)e+05,(3.1+/-1.1)e+05,(3.1+/-1.1)e+05,(3.1+/-1.1)e+05,(3.1+/-1.1)e+05,(3.1+/-1.1)e+05,(3.1+/-1.1)e+05,(3.1+/-1.1)e+05,(3.1+/-1.1)e+05,(3.1+/-1.1)e+05,(3.1+/-1.1)e+05,(3.1+/-1.1)e+05,(3.1+/-1.1)e+05,(3.1+/-1.1)e+05,(3.1+/-1.1)e+05,(3.1+/-1.1)e+05,(3.1+/-1.1)e+05,(3.1+/-1.1)e+05,(3.1+/-1.1)e+05,(3.1+/-1.1)e+05,(3.1+/-1.1)e+05,(3.1+/-1.1)e+05,(3.1+/-1.1)e+05,(3.1+/-1.1)e+05,(3.1+/-1.1)e+05,(3.1+/-1.1)e+05,(3.1+/-1.1)e+05,(3.1+/-1.1)e+05,(3.1+/-1.1)e+05,(3.1+/-1.1)e+05,(3.1+/-1.1)e+05,(3.1+/-1.1)e+05,(3.1+/-1.1)e+05
Lesotho,58635,150088,0,0,0,0,(6.6+/-2.3)e+03,(6.6+/-2.3)e+03,(6.6+/-2.3)e+03,(6.6+/-2.3)e+03,(6.6+/-2.3)e+03,(6.6+/-2.3)e+03,(6.6+/-2.3)e+03,(6.6+/-2.3)e+03,(6.6+/-2.3)e+03,(6.6+/-2.3)e+03,(6.6+/-2.3)e+03,(6.6+/-2.3)e+03,(6.6+/-2.3)e+03,(6.6+/-2.3)e+03,(6.6+/-2.3)e+03,(6.6+/-2.3)e+03,(6.6+/-2.3)e+03,(6.6+/-2.3)e+03,(6.6+/-2.3)e+03,(6.6+/-2.3)e+03,(6.6+/-2.3)e+03,(6.6+/-2.3)e+03,(6.6+/-2.3)e+03,(6.6+/-2.3)e+03,(6.6+/-2.3)e+03,(6.6+/-2.3)e+03,(6.6+/-2.3)e+03,(6.6+/-2.3)e+03,(6.6+/-2.3)e+03,(6.6+/-2.3)e+03,(6.6+/-2.3)e+03,(6.6+/-2.3)e+03,(6.6+/-2.3)e+03,(6.6+/-2.3)e+03,(6.6+/-2.3)e+03,(6.6+/-2.3)e+03,(6.6+/-2.3)e+03,(6.6+/-2.3)e+03,(6.6+/-2.3)e+03,(6.6+/-2.3)e+03,(6.6+/-2.3)e+03,(6.6+/-2.3)e+03,(6.6+/-2.3)e+03,(6.6+/-2.3)e+03,(6.6+/-2.3)e+03,(6.6+/-2.3)e+03,(6.6+/-2.3)e+03,(6.6+/-2.3)e+03,(6.6+/-2.3)e+03
Lithuania,132875,316863,0,0,0,0,(6.6+/-2.3)e+03,(6.6+/-2.3)e+03,(6.6+/-2.3)e+03,(6.6+/-2.3)e+03,(6.6+/-2.3)e+03,(6.6+/-2.3)e+03,(6.6+/-2.3)e+03,(6.6+/-2.3)e+03,(6.6+/-2.3)e+03,(6.6+/-2.3)e+03,(6.6+/-2.3)e+03,(6.6+/-2.3)e+03,(6.6+/-2.3)e+03,(6.6+/-2.3)e+03,(6.6+/-2.3)e+03,(6.6+/-2.3)e+03,(6.6+/-2.3)e+03,(6.6+/-2.3)e+03,(6.6+/-2.3)e+03,(6.6+/-2.3)e+03,(6.6+/-2.3)e+03,(6.6+/-2.3)e+03,(6.6+/-2.3)e+03,(6.6+/-2.3)e+03,(6.6+/-2.3)e+03,(6.6+/-2.3)e+03,(6.6+/-2.3)e+03,(6.6+/-2.3)e+03,(6.6+/-2.3)e+03,(6.6+/-2.3)e+03,(6.6+/-2.3)e+03,(6.6+/-2.3)e+03,(6.6+/-2.3)e+03,(6.6+/-2.3)e+03,(6.6+/-2.3)e+03,(6.6+/-2.3)e+03,(6.6+/-2.3)e+03,(6.6+/-2.3)e+03,(6.6+/-2.3)e+03,(6.6+/-2.3)e+03,(6.6+/-2.3)e+03,(6.6+/-2.3)e+03,(6.6+/-2.3)e+03,(6.6+/-2.3)e+03,(6.6+/-2.3)e+03,(6.6+/-2.3)e+03,(6.6+/-2.3)e+03,(6.6+/-2.3)e+03,(6.6+/-2.3)e+03
Luxembourg,19724,47584,0,0,0,0,(6.6+/-2.3)e+03,(6.6+/-2.3)e+03,(6.6+/-2.3)e+03,(6.6+/-2.3)e+03,(6.6+/-2.3)e+03,(6.6+/-2.3)e+03,(6.6+/-2.3)e+03,(6.6+/-2.3)e+03,(6.6+/-2.3)e+03,(6.6+/-2.3)e+03,(6.6+/-2.3)e+03,(6.6+/-2.3)e+03,(6.6+/-2.3)e+03,(6.6+/-2.3)e+03,(6.6+/-2.3)e+03,(6.6+/-2.3)e+03,(6.6+/-2.3)e+03,(6.6+/-2.3)e+03,(6.6+/-2.3)e+03,(6.6+/-2.3)e+03,(6.6+/-2.3)e+03,(6.6+/-2.3)e+03,(6.6+/-2.3)e+03,(6.6+/-2.3)e+03,(6.6+/-2.3)e+03,(6.6+/-2.3)e+03,(6.6+/-2.3)e+03,(6.6+/-2.3)e+03,(6.6+/-2.3)e+03,(6.6+/-2.3)e+03,(6.6+/-2.3)e+03,(6.6+/-2.3)e+03,(6.6+/-2.3)e+03,(6.6+/-2.3)e+03,(6.6+/-2.3)e+03,(6.6+/-2.3)e+03,(6.6+/-2.3)e+03,(6.6+/-2.3)e+03,(6.6+/-2.3)e+03,(6.6+/-2.3)e+03,(6.6+/-2.3)e+03,(6.6+/-2.3)e+03,(6.6+/-2.3)e+03,(6.6+/-2.3)e+03,(6.6+/-2.3)e+03,(6.6+/-2.3)e+03,(6.6+/-2.3)e+03,(6.6+/-2.3)e+03,(6.6+/-2.3)e+03
Latvia,85060,193858,0,0,0,0,(6.6+/-2.3)e+03,(6.6+/-2.3)e+03,(6.6+/-2.3)e+03,(6.6+/-2.3)e+03,(6.6+/-2.3)e+03,(6.6+/-2.3)e+03,(6.6+/-2.3)e+03,(6.6+/-2.3)e+03,(6.6+/-2.3)e+03,(6.6+/-2.3)e+03,(6.6+/-2.3)e+03,(6.6+/-2.3)e+03,(6.6+/-2.3)e+03,(6.6+/-2.3)e+03,(6.6+/-2.3)e+03,(6.6+/-2.3)e+03,(6.6+/-2.3)e+03,(6.6+/-2.3)e+03,(6.6+/-2.3)e+03,(6.6+/-2.3)e+03,(6.6+/-2.3)e+03,(6.6+/-2.3)e+03,(6.6+/-2.3)e+03,(6.6+/-2.3)e+03,(6.6+/-2.3)e+03,(6.6+/-2.3)e+03,(6.6+/-2.3)e+03,(6.6+/-2.3)e+03,(6.6+/-2.3)e+03,(6.6+/-2.3)e+03,(6.6+/-2.3)e+03,(6.6+/-2.3)e+03,(6.6+/-2.3)e+03,(6.6+/-2.3)e+03,(6.6+/-2.3)e+03,(6.6+/-2.3)e+03,(6.6+/-2.3)e+03,(6.6+/-2.3)e+03,(6.6+/-2.3)e+03,(6.6+/-2.3)e+03,(6.6+/-2.3)e+03,(6.6+/-2.3)e+03,(6.6+/-2.3)e+03,(6.6+/-2.3)e+03,(6.6+/-2.3)e+03,(6.6+/-2.3)e+03,(6.6+/-2.3)e+03,(6.6+/-2.3)e+03,(6.6+/-2.3)e+03
Macau,38085,82888,0,0,0,0,(6.6+/-2.3)e+03,(6.6+/-2.3)e+03,(6.6+/-2.3)e+03,(6.6+/-2.3)e+03,(6.6+/-2.3)e+03,(6.6+/-2.3)e+03,(6.6+/-2.3)e+03,(6.6+/-2.3)e+03,(6.6+/-2.3)e+03,(6.6+/-2.3)e+03,(6.6+/-2.3)e+03,(6.6+/-2.3)e+03,(6.6+/-2.3)e+03,(6.6+/-2.3)e+03,(6.6+/-2.3)e+03,(6.6+/-2.3)e+03,(6.6+/-2.3)e+03,(6.6+/-2.3)e+03,(6.6+/-2.3)e+03,(6.6+/-2.3)e+03,(6.6+/-2.3)e+03,(6.6+/-2.3)e+03,(6.6+/-2.3)e+03,(6.6+/-2.3)e+03,(6.6+/-2.3)e+03,(6.6+/-2.3)e+03,(6.6+/-2.3)e+03,(6.6+/-2.3)e+03,(6.6+/-2.3)e+03,(6.6+/-2.3)e+03,(6.6+/-2.3)e+03,(6.6+/-2.3)e+03,(6.6+/-2.3)e+03,(6.6+/-2.3)e+03,(6.6+/-2.3)e+03,(6.6+/-2.3)e+03,(6.6+/-2.3)e+03,(6.6+/-2.3)e+03,(6.6+/-2.3)e+03,(6.6+/-2.3)e+03,(6.6+/-2.3)e+03,(6.6+/-2.3)e+03,(6.6+/-2.3)e+03,(6.6+/-2.3)e+03,(6.6+/-2.3)e+03,(6.6+/-2.3)e+03,(6.6+/-2.3)e+03,(6.6+/-2.3)e+03,(6.6+/-2.3)e+03
Saint-Martin,0,0,0,0,0,0,(6.6+/-2.3)e+03,(6.6+/-2.3)e+03,(6.6+/-2.3)e+03,(6.6+/-2.3)e+03,(6.6+/-2.3)e+03,(6.6+/-2.3)e+03,(6.6+/-2.3)e+03,(6.6+/-2.3)e+03,(6.6+/-2.3)e+03,(6.6+/-2.3)e+03,(6.6+/-2.3)e+03,(6.6+/-2.3)e+03,(6.6+/-2.3)e+03,(6.6+/-2.3)e+03,(6.6+/-2.3)e+03,(6.6+/-2.3)e+03,(6.6+/-2.3)e+03,(6.6+/-2.3)e+03,(6.6+/-2.3)e+03,(6.6+/-2.3)e+03,(6.6+/-2.3)e+03,(6.6+/-2.3)e+03,(6.6+/-2.3)e+03,(6.6+/-2.3)e+03,(6.6+/-2.3)e+03,(6.6+/-2.3)e+03,(6.6+/-2.3)e+03,(6.6+/-2.3)e+03,(6.6+/-2.3)e+03,(6.6+/-2.3)e+03,(6.6+/-2.3)e+03,(6.6+/-2.3)e+03,(6.6+/-2.3)e+03,(6.6+/-2.3)e+03,(6.6+/-2.3)e+03,(6.6+/-2.3)e+03,(6.6+/-2.3)e+03,(6.6+/-2.3)e+03,(6.6+/-2.3)e+03,(6.6+/-2.3)e+03,(6.6+/-2.3)e+03,(6.6+/-2.3)e+03,(6.6+/-2.3)e+03,(6.6+/-2.3)e+03,(6.6+/-2.3)e+03,(6.6+/-2.3)e+03,(6.6+/-2.3)e+03,(6.6+/-2.3)e+03,(6.6+/-2.3)e+03
Morocco,1759216,3625931,0,0,0,0,(1.4+/-0.5)e+06,(1.4+/-0.5)e+06,(1.4+/-0.5)e+06,(1.4+/-0.5)e+06,(1.4+/-0.5)e+06,(1.4+/-0.5)e+06,(1.4+/-0.5)e+06,(1.4+/-0.5)e+06,(1.4+/-0.5)e+06,(1.4+/-0.5)e+06,(1.4+/-0.5)e+06,(1.4+/-0.5)e+06,(1.4+/-0.5)e+06,(1.4+/-0.5)e+06,(1.4+/-0.5)e+06,(1.4+/-0.5)e+06,(1.4+/-0.5)e+06,(1.4+/-0.5)e+06,(1.4+/-0.5)e+06,(1.4+/-0.5)e+06,(1.4+/-0.5)e+06,(1.4+/-0.5)e+06,(1.4+/-0.5)e+06,(1.4+/-0.5)e+06,(1.4+/-0.5)e+06,(1.4+/-0.5)e+06,(1.4+/-0.5)e+06,(1.4+/-0.5)e+06,(1.4+/-0.5)e+06,(1.4+/-0.5)e+06,(1.4+/-0.5)e+06,(1.4+/-0.5)e+06,(1.4+/-0.5)e+06,(1.4+/-0.5)e+06,(1.4+/-0.5)e+06,(1.4+/-0.5)e+06,(1.4+/-0.5)e+06,(1.4+/-0.5)e+06,(1.4+/-0.5)e+06,(1.4+/-0.5)e+06,(1.4+/-0.5)e+06,(1.4+/-0.5)e+06,(1.4+/-0.5)e+06,(1.4+/-0.5)e+06,(1.4+/-0.5)e+06,(1.4+/-0.5)e+06,(1.4+/-0.5)e+06,(1.4+/-0.5)e+06,(1.4+/-0.5)e+06
Monaco,5265,15698,0,0,0,0,(6.6+/-2.3)e+03,(6.6+/-2.3)e+03,(6.6+/-2.3)e+03,(6.6+/-2.3)e+03,(6.6+/-2.3)e+03,(6.6+/-2.3)e+03,(6.6+/-2.3)e+03,(6.6+/-2.3)e+03,(6.6+/-2.3)e+03,(6.6+/-2.3)e+03,(6.6+/-2.3)e+03,(6.6+/-2.3)e+03,(6.6+/-2.3)e+03,(6.6+/-2.3)e+03,(6.6+/-2.3)e+03,(6.6+/-2.3)e+03,(6.6+/-2.3)e+03,(6.6+/-2.3)e+03,(6.6+/-2.3)e+03,(6.6+/-2.3)e+03,(6.6+/-2.3)e+03,(6.6+/-2.3)e+03,(6.6+/-2.3)e+03,(6.6+/-2.3)e+03,(6.6+/-2.3)e+03,(6.6+/-2.3)e+03,(6.6+/-2.3)e+03,(6.6+/-2.3)e+03,(6.6+/-2.3)e+03,(6.6+/-2.3)e+03,(6.6+/-2.3)e+03,(6.6+/-2.3)e+03,(6.6+/-2.3)e+03,(6.6+/-2.3)e+03,(6.6+/-2.3)e+03,(6.6+/-2.3)e+03,(6.6+/-2.3)e+03,(6.6+/-2.3)e+03,(6.6+/-2.3)e+03,(6.6+/-2.3)e+03,(6.6+/-2.3)e+03,(6.6+/-2.3)e+03,(6.6+/-2.3)e+03,(6.6+/-2.3)e+03,(6.6+/-2.3)e+03,(6.6+/-2.3)e+03,(6.6+/-2.3)e+03,(6.6+/-2.3)e+03,(6.6+/-2.3)e+03
Moldova,166951,319681,0,0,0,0,(6.6+/-2.3)e+03,(6.6+/-2.3)e+03,(6.6+/-2.3)e+03,(6.6+/-2.3)e+03,(6.6+/-2.3)e+03,(6.6+/-2.3)e+03,(6.6+/-2.3)e+03,(6.6+/-2.3)e+03,(6.6+/-2.3)e+03,(6.6+/-2.3)e+03,(6.6+/-2.3)e+03,(6.6+/-2.3)e+03,(6.6+/-2.3)e+03,(6.6+/-2.3)e+03,(6.6+/-2.3)e+03,(6.6+/-2.3)e+03,(6.6+/-2.3)e+03,(6.6+/-2.3)e+03,(6.6+/-2.3)e+03,(6.6+/-2.3)e+03,(6.6+/-2.3)e+03,(6.6+/-2.3)e+03,(6.6+/-2.3)e+03,(6.6+/-2.3)e+03,(6.6+/-2.3)e+03,(6.6+/-2.3)e+03,(6.6+/-2.3)e+03,(6.6+/-2.3)e+03,(6.6+/-2.3)e+03,(6.6+/-2.3)e+03,(6.6+/-2.3)e+03,(6.6+/-2.3)e+03,(6.6+/-2.3)e+03,(6.6+/-2.3)e+03,(6.6+/-2.3)e+03,(6.6+/-2.3)e+03,(6.6+/-2.3)e+03,(6.6+/-2.3)e+03,(6.6+/-2.3)e+03,(6.6+/-2.3)e+03,(6.6+/-2.3)e+03,(6.6+/-2.3)e+03,(6.6+/-2.3)e+03,(6.6+/-2.3)e+03,(6.6+/-2.3)e+03,(6.6+/-2.3)e+03,(6.6+/-2.3)e+03,(6.6+/-2.3)e+03,(6.6+/-2.3)e+03
Madagascar,3658612,5307738,0,0,0,0,(4.7+/-1.7)e+04,(4.7+/-1.7)e+04,(4.7+/-1.7)e+04,(4.7+/-1.7)e+04,(4.7+/-1.7)e+04,(4.7+/-1.7)e+04,(4.7+/-1.7)e+04,(4.7+/-1.7)e+04,(4.7+/-1.7)e+04,(4.7+/-1.7)e+04,(4.7+/-1.7)e+04,(4.7+/-1.7)e+04,(4.7+/-1.7)e+04,(4.7+/-1.7)e+04,(4.7+/-1.7)e+04,(4.7+/-1.7)e+04,(4.7+/-1.7)e+04,(4.7+/-1.7)e+04,(4.7+/-1.7)e+04,(4.7+/-1.7)e+04,(4.7+/-1.7)e+04,(4.7+/-1.7)e+04,(4.7+/-1.7)e+04,(4.7+/-1.7)e+04,(4.7+/-1.7)e+04,(4.7+/-1.7)e+04,(4.7+/-1.7)e+04,(4.7+/-1.7)e+04,(4.7+/-1.7)e+04,(4.7+/-1.7)e+04,(4.7+/-1.7)e+04,(4.7+/-1.7)e+04,(4.7+/-1.7)e+04,(4.7+/-1.7)e+04,(4.7+/-1.7)e+04,(4.7+/-1.7)e+04,(4.7+/-1.7)e+04,(4.7+/-1.7)e+04,(4.7+/-1.7)e+04,(4.7+/-1.7)e+04,(4.7+/-1.7)e+04,(4.7+/-1.7)e+04,(4.7+/-1.7)e+04,(4.7+/-1.7)e+04,(4.7+/-1.7)e+04,(4.7+/-1.7)e+04,(4.7+/-1.7)e+04,(4.7+/-1.7)e+04,(4.7+/-1.7)e+04
Maldives,19427,46939,0,0,0,0,(6.6+/-2.3)e+03,(6.6+/-2.3)e+03,(6.6+/-2.3)e+03,(6.6+/-2.3)e+03,(6.6+/-2.3)e+03,(6.6+/-2.3)e+03,(6.6+/-2.3)e+03,(6.6+/-2.3)e+03,(6.6+/-2.3)e+03,(6.6+/-2.3)e+03,(6.6+/-2.3)e+03,(6.6+/-2.3)e+03,(6.6+/-2.3)e+03,(6.6+/-2.3)e+03,(6.6+/-2.3)e+03,(6.6+/-2.3)e+03,(6.6+/-2.3)e+03,(6.6+/-2.3)e+03,(6.6+/-2.3)e+03,(6.6+/-2.3)e+03,(6.6+/-2.3)e+03,(6.6+/-2.3)e+03,(6.6+/-2.3)e+03,(6.6+/-2.3)e+03,(6.6+/-2.3)e+03,(6.6+/-2.3)e+03,(6.6+/-2.3)e+03,(6.6+/-2.3)e+03,(6.6+/-2.3)e+03,(6.6+/-2.3)e+03,(6.6+/-2.3)e+03,(6.6+/-2.3)e+03,(6.6+/-2.3)e+03,(6.6+/-2.3)e+03,(6.6+/-2.3)e+03,(6.6+/-2.3)e+03,(6.6+/-2.3)e+03,(6.6+/-2.3)e+03,(6.6+/-2.3)e+03,(6.6+/-2.3)e+03,(6.6+/-2.3)e+03,(6.6+/-2.3)e+03,(6.6+/-2.3)e+03,(6.6+/-2.3)e+03,(6.6+/-2.3)e+03,(6.6+/-2.3)e+03,(6.6+/-2.3)e+03,(6.6+/-2.3)e+03,(6.6+/-2.3)e+03
Mexico,7780087,22841894,0,0,0,0,(1.8+/-0.7)e+06,(1.8+/-0.7)e+06,(1.8+/-0.7)e+06,(1.8+/-0.7)e+06,(1.8+/-0.7)e+06,(1.8+/-0.7)e+06,(1.8+/-0.7)e+06,(1.8+/-0.7)e+06,(1.8+/-0.7)e+06,(1.8+/-0.7)e+06,(1.8+/-0.7)e+06,(1.8+/-0.7)e+06,(1.8+/-0.7)e+06,(1.8+/-0.7)e+06,(1.8+/-0.7)e+06,(1.8+/-0.7)e+06,(1.8+/-0.7)e+06,(1.8+/-0.7)e+06,(1.8+/-0.7)e+06,(1.8+/-0.7)e+06,(1.8+/-0.7)e+06,(1.8+/-0.7)e+06,(1.8+/-0.7)e+06,(1.8+/-0.7)e+06,(1.8+/-0.7)e+06,(1.8+/-0.7)e+06,(1.8+/-0.7)e+06,(1.8+/-0.7)e+06,(1.8+/-0.7)e+06,(1.8+/-0.7)e+06,(1.8+/-0.7)e+06,(1.8+/-0.7)e+06,(1.8+/-0.7)e+06,(1.8+/-0.7)e+06,(1.8+/-0.7)e+06,(1.8+/-0.7)e+06,(1.8+/-0.7)e+06,(1.8+/-0.7)e+06,(1.8+/-0.7)e+06,(1.8+/-0.7)e+06,(1.8+/-0.7)e+06,(1.8+/-0.7)e+06,(1.8+/-0.7)e+06,(1.8+/-0.7)e+06,(1.8+/-0.7)e+06,(1.8+/-0.7)e+06,(1.8+/-0.7)e+06,(1.8+/-0.7)e+06,(1.8+/-0.7)e+06
Marshall Islands,1487,3198,0,0,0,0,(6.6+/-2.3)e+03,(6.6+/-2.3)e+03,(6.6+/-2.3)e+03,(6.6+/-2.3)e+03,(6.6+/-2.3)e+03,(6.6+/-2.3)e+03,(6.6+/-2.3)e+03,(6.6+/-2.3)e+03,(6.6+/-2.3)e+03,(6.6+/-2.3)e+03,(6.6+/-2.3)e+03,(6.6+/-2.3)e+03,(6.6+/-2.3)e+03,(6.6+/-2.3)e+03,(6.6+/-2.3)e+03,(6.6+/-2.3)e+03,(6.6+/-2.3)e+03,(6.6+/-2.3)e+03,(6.6+/-2.3)e+03,(6.6+/-2.3)e+03,(6.6+/-2.3)e+03,(6.6+/-2.3)e+03,(6.6+/-2.3)e+03,(6.6+/-2.3)e+03,(6.6+/-2.3)e+03,(6.6+/-2.3)e+03,(6.6+/-2.3)e+03,(6.6+/-2.3)e+03,(6.6+/-2.3)e+03,(6.6+/-2.3)e+03,(6.6+/-2.3)e+03,(6.6+/-2.3)e+03,(6.6+/-2.3)e+03,(6.6+/-2.3)e+03,(6.6+/-2.3)e+03,(6.6+/-2.3)e+03,(6.6+/-2.3)e+03,(6.6+/-2.3)e+03,(6.6+/-2.3)e+03,(6.6+/-2.3)e+03,(6.6+/-2.3)e+03,(6.6+/-2.3)e+03,(6.6+/-2.3)e+03,(6.6+/-2.3)e+03,(6.6+/-2.3)e+03,(6.6+/-2.3)e+03,(6.6+/-2.3)e+03,(6.6+/-2.3)e+03,(6.6+/-2.3)e+03
North Macedonia,104136,234334,0,0,0,0,(2.8+/-1.1)e+05,(2.8+/-1.1)e+05,(2.8+/-1.1)e+05,(2.8+/-1.1)e+05,(2.8+/-1.1)e+05,(2.8+/-1.1)e+05,(2.8+/-1.1)e+05,(2.8+/-1.1)e+05,(2.8+/-1.1)e+05,(2.8+/-1.1)e+05,(2.8+/-1.1)e+05,(2.8+/-1.1)e+05,(2.8+/-1.1)e+05,(2.8+/-1.1)e+05,(2.8+/-1.1)e+05,(2.8+/-1.1)e+05,(2.8+/-1.1)e+05,(2.8+/-1.1)e+05,(2.8+/-1.1)e+05,(2.8+/-1.1)e+05,(2.8+/-1.1)e+05,(2.8+/-1.1)e+05,(2.8+/-1.1)e+05,(2.8+/-1.1)e+05,(2.8+/-1.1)e+05,(2.8+/-1.1)e+05,(2.8+/-1.1)e+05,(2.8+/-1.1)e+05,(2.8+/-1.1)e+05,(2.8+/-1.1)e+05,(2.8+/-1.1)e+05,(2.8+/-1.1)e+05,(2.8+/-1.1)e+05,(2.8+/-1.1)e+05,(2.8+/-1.1)e+05,(2.8+/-1.1)e+05,(2.8+/-1.1)e+05,(2.8+/-1.1)e+05,(2.8+/-1.1)e+05,(2.8+/-1.1)e+05,(2.8+/-1.1)e+05,(2.8+/-1.1)e+05,(2.8+/-1.1)e+05,(2.8+/-1.1)e+05,(2.8+/-1.1)e+05,(2.8+/-1.1)e+05,(2.8+/-1.1)e+05,(2.8+/-1.1)e+05,(2.8+/-1.1)e+05
Mali,1704981,2911079,0,0,0,0,(6.6+/-2.3)e+03,(6.6+/-2.3)e+03,(6.6+/-2.3)e+03,(6.6+/-2.3)e+03,(6.6+/-2.3)e+03,(6.6+/-2.3)e+03,(6.6+/-2.3)e+03,(6.6+/-2.3)e+03,(6.6+/-2.3)e+03,(6.6+/-2.3)e+03,(6.6+/-2.3)e+03,(6.6+/-2.3)e+03,(6.6+/-2.3)e+03,(6.6+/-2.3)e+03,(6.6+/-2.3)e+03,(6.6+/-2.3)e+03,(6.6+/-2.3)e+03,(6.6+/-2.3)e+03,(6.6+/-2.3)e+03,(6.6+/-2.3)e+03,(6.6+/-2.3)e+03,(6.6+/-2.3)e+03,(6.6+/-2.3)e+03,(6.6+/-2.3)e+03,(6.6+/-2.3)e+03,(6.6+/-2.3)e+03,(6.6+/-2.3)e+03,(6.6+/-2.3)e+03,(6.6+/-2.3)e+03,(6.6+/-2.3)e+03,(6.6+/-2.3)e+03,(6.6+/-2.3)e+03,(6.6+/-2.3)e+03,(6.6+/-2.3)e+03,(6.6+/-2.3)e+03,(6.6+/-2.3)e+03,(6.6+/-2.3)e+03,(6.6+/-2.3)e+03,(6.6+/-2.3)e+03,(6.6+/-2.3)e+03,(6.6+/-2.3)e+03,(6.6+/-2.3)e+03,(6.6+/-2.3)e+03,(6.6+/-2.3)e+03,(6.6+/-2.3)e+03,(6.6+/-2.3)e+03,(6.6+/-2.3)e+03,(6.6+/-2.3)e+03,(6.6+/-2.3)e+03
Malta,28164,73067,0,0,0,0,(6.6+/-2.3)e+03,(6.6+/-2.3)e+03,(6.6+/-2.3)e+03,(6.6+/-2.3)e+03,(6.6+/-2.3)e+03,(6.6+/-2.3)e+03,(6.6+/-2.3)e+03,(6.6+/-2.3)e+03,(6.6+/-2.3)e+03,(6.6+/-2.3)e+03,(6.6+/-2.3)e+03,(6.6+/-2.3)e+03,(6.6+/-2.3)e+03,(6.6+/-2.3)e+03,(6.6+/-2.3)e+03,(6.6+/-2.3)e+03,(6.6+/-2.3)e+03,(6.6+/-2.3)e+03,(6.6+/-2.3)e+03,(6.6+/-2.3)e+03,(6.6+/-2.3)e+03,(6.6+/-2.3)e+03,(6.6+/-2.3)e+03,(6.6+/-2.3)e+03,(6.6+/-2.3)e+03,(6.6+/-2.3)e+03,(6.6+/-2.3)e+03,(6.6+/-2.3)e+03,(6.6+/-2.3)e+03,(6.6+/-2.3)e+03,(6.6+/-2.3)e+03,(6.6+/-2.3)e+03,(6.6+/-2.3)e+03,(6.6+/-2.3)e+03,(6.6+/-2.3)e+03,(6.6+/-2.3)e+03,(6.6+/-2.3)e+03,(6.6+/-2.3)e+03,(6.6+/-2.3)e+03,(6.6+/-2.3)e+03,(6.6+/-2.3)e+03,(6.6+/-2.3)e+03,(6.6+/-2.3)e+03,(6.6+/-2.3)e+03,(6.6+/-2.3)e+03,(6.6+/-2.3)e+03,(6.6+/-2.3)e+03,(6.6+/-2.3)e+03,(6.6+/-2.3)e+03
Myanmar,4974125,9426740,0,0,0,0,(5.7+/-2.1)e+04,(5.7+/-2.1)e+04,(5.7+/-2.1)e+04,(5.7+/-2.1)e+04,(5.7+/-2.1)e+04,(5.7+/-2.1)e+04,(5.7+/-2.1)e+04,(5.7+/-2.1)e+04,(5.7+/-2.1)e+04,(5.7+/-2.1)e+04,(5.7+/-2.1)e+04,(5.7+/-2.1)e+04,(5.7+/-2.1)e+04,(5.7+/-2.1)e+04,(5.7+/-2.1)e+04,(5.7+/-2.1)e+04,(5.7+/-2.1)e+04,(5.7+/-2.1)e+04,(5.7+/-2.1)e+04,(5.7+/-2.1)e+04,(5.7+/-2.1)e+04,(5.7+/-2.1)e+04,(5.7+/-2.1)e+04,(5.7+/-2.1)e+04,(5.7+/-2.1)e+04,(5.7+/-2.1)e+04,(5.7+/-2.1)e+04,(5.7+/-2.1)e+04,(5.7+/-2.1)e+04,(5.7+/-2.1)e+04,(5.7+/-2.1)e+04,(5.7+/-2.1)e+04,(5.7+/-2.1)e+04,(5.7+/-2.1)e+04,(5.7+/-2.1)e+04,(5.7+/-2.1)e+04,(5.7+/-2.1)e+04,(5.7+/-2.1)e+04,(5.7+/-2.1)e+04,(5.7+/-2.1)e+04,(5.7+/-2.1)e+04,(5.7+/-2.1)e+04,(5.7+/-2.1)e+04,(5.7+/-2.1)e+04,(5.7+/-2.1)e+04,(5.7+/-2.1)e+04,(5.7+/-2.1)e+04,(5.7+/-2.1)e+04,(5.7+/-2.1)e+04
Montenegro,25469,64581,0,0,0,0,(6.6+/-2.3)e+03,(6.6+/-2.3)e+03,(6.6+/-2.3)e+03,(6.6+/-2.3)e+03,(6.6+/-2.3)e+03,(6.6+/-2.3)e+03,(6.6+/-2.3)e+03,(6.6+/-2.3)e+03,(6.6+/-2.3)e+03,(6.6+/-2.3)e+03,(6.6+/-2.3)e+03,(6.6+/-2.3)e+03,(6.6+/-2.3)e+03,(6.6+/-2.3)e+03,(6.6+/-2.3)e+03,(6.6+/-2.3)e+03,(6.6+/-2.3)e+03,(6.6+/-2.3)e+03,(6.6+/-2.3)e+03,(6.6+/-2.3)e+03,(6.6+/-2.3)e+03,(6.6+/-2.3)e+03,(6.6+/-2.3)e+03,(6.6+/-2.3)e+03,(6.6+/-2.3)e+03,(6.6+/-2.3)e+03,(6.6+/-2.3)e+03,(6.6+/-2.3)e+03,(6.6+/-2.3)e+03,(6.6+/-2.3)e+03,(6.6+/-2.3)e+03,(6.6+/-2.3)e+03,(6.6+/-2.3)e+03,(6.6+/-2.3)e+03,(6.6+/-2.3)e+03,(6.6+/-2.3)e+03,(6.6+/-2.3)e+03,(6.6+/-2.3)e+03,(6.6+/-2.3)e+03,(6.6+/-2.3)e+03,(6.6+/-2.3)e+03,(6.6+/-2.3)e+03,(6.6+/-2.3)e+03,(6.6+/-2.3)e+03,(6.6+/-2.3)e+03,(6.6+/-2.3)e+03,(6.6+/-2.3)e+03,(6.6+/-2.3)e+03,(6.6+/-2.3)e+03
Mongolia,254437,472315,0,0,0,0,(3.9+/-1.5)e+05,(3.9+/-1.5)e+05,(3.9+/-1.5)e+05,(3.9+/-1.5)e+05,(3.9+/-1.5)e+05,(3.9+/-1.5)e+05,(3.9+/-1.5)e+05,(3.9+/-1.5)e+05,(3.9+/-1.5)e+05,(3.9+/-1.5)e+05,(3.9+/-1.5)e+05,(3.9+/-1.5)e+05,(3.9+/-1.5)e+05,(3.9+/-1.5)e+05,(3.9+/-1.5)e+05,(3.9+/-1.5)e+05,(3.9+/-1.5)e+05,(3.9+/-1.5)e+05,(3.9+/-1.5)e+05,(3.9+/-1.5)e+05,(3.9+/-1.5)e+05,(3.9+/-1.5)e+05,(3.9+/-1.5)e+05,(3.9+/-1.5)e+05,(3.9+/-1.5)e+05,(3.9+/-1.5)e+05,(3.9+/-1.5)e+05,(3.9+/-1.5)e+05,(3.9+/-1.5)e+05,(3.9+/-1.5)e+05,(3.9+/-1.5)e+05,(3.9+/-1.5)e+05,(3.9+/-1.5)e+05,(3.9+/-1.5)e+05,(3.9+/-1.5)e+05,(3.9+/-1.5)e+05,(3.9+/-1.5)e+05,(3.9+/-1.5)e+05,(3.9+/-1.5)e+05,(3.9+/-1.5)e+05,(3.9+/-1.5)e+05,(3.9+/-1.5)e+05,(3.9+/-1.5)e+05,(3.9+/-1.5)e+05,(3.9+/-1.5)e+05,(3.9+/-1.5)e+05,(3.9+/-1.5)e+05,(3.9+/-1.5)e+05,(3.9+/-1.5)e+05
Northern Mariana Islands,2100,4803,0,0,0,0,(6.6+/-2.3)e+03,(6.6+/-2.3)e+03,(6.6+/-2.3)e+03,(6.6+/-2.3)e+03,(6.6+/-2.3)e+03,(6.6+/-2.3)e+03,(6.6+/-2.3)e+03,(6.6+/-2.3)e+03,(6.6+/-2.3)e+03,(6.6+/-2.3)e+03,(6.6+/-2.3)e+03,(6.6+/-2.3)e+03,(6.6+/-2.3)e+03,(6.6+/-2.3)e+03,(6.6+/-2.3)e+03,(6.6+/-2.3)e+03,(6.6+/-2.3)e+03,(6.6+/-2.3)e+03,(6.6+/-2.3)e+03,(6.6+/-2.3)e+03,(6.6+/-2.3)e+03,(6.6+/-2.3)e+03,(6.6+/-2.3)e+03,(6.6+/-2.3)e+03,(6.6+/-2.3)e+03,(6.6+/-2.3)e+03,(6.6+/-2.3)e+03,(6.6+/-2.3)e+03,(6.6+/-2.3)e+03,(6.6+/-2.3)e+03,(6.6+/-2.3)e+03,(6.6+/-2.3)e+03,(6.6+/-2.3)e+03,(6.6+/-2.3)e+03,(6.6+/-2.3)e+03,(6.6+/-2.3)e+03,(6.6+/-2.3)e+03,(6.6+/-2.3)e+03,(6.6+/-2.3)e+03,(6.6+/-2.3)e+03,(6.6+/-2.3)e+03,(6.6+/-2.3)e+03,(6.6+/-2.3)e+03,(6.6+/-2.3)e+03,(6.6+/-2.3)e+03,(6.6+/-2.3)e+03,(6.6+/-2.3)e+03,(6.6+/-2.3)e+03,(6.6+/-2.3)e+03
Mozambique,705377,2204123,0,0,0,0,(6.6+/-2.3)e+03,(6.6+/-2.3)e+03,(6.6+/-2.3)e+03,(6.6+/-2.3)e+03,(6.6+/-2.3)e+03,(6.6+/-2.3)e+03,(6.6+/-2.3)e+03,(6.6+/-2.3)e+03,(6.6+/-2.3)e+03,(6.6+/-2.3)e+03,(6.6+/-2.3)e+03,(6.6+/-2.3)e+03,(6.6+/-2.3)e+03,(6.6+/-2.3)e+03,(6.6+/-2.3)e+03,(6.6+/-2.3)e+03,(6.6+/-2.3)e+03,(6.6+/-2.3)e+03,(6.6+/-2.3)e+03,(6.6+/-2.3)e+03,(6.6+/-2.3)e+03,(6.6+/-2.3)e+03,(6.6+/-2.3)e+03,(6.6+/-2.3)e+03,(6.6+/-2.3)e+03,(6.6+/-2.3)e+03,(6.6+/-2.3)e+03,(6.6+/-2.3)e+03,(6.6+/-2.3)e+03,(6.6+/-2.3)e+03,(6.6+/-2.3)e+03,(6.6+/-2.3)e+03,(6.6+/-2.3)e+03,(6.6+/-2.3)e+03,(6.6+/-2.3)e+03,(6.6+/-2.3)e+03,(6.6+/-2.3)e+03,(6.6+/-2.3)e+03,(6.6+/-2.3)e+03,(6.6+/-2.3)e+03,(6.6+/-2.3)e+03,(6.6+/-2.3)e+03,(6.6+/-2.3)e+03,(6.6+/-2.3)e+03,(6.6+/-2.3)e+03,(6.6+/-2.3)e+03,(6.6+/-2.3)e+03,(6.6+/-2.3)e+03,(6.6+/-2.3)e+03
Mauritania,145743,413571,0,0,0,0,(6.6+/-2.3)e+03,(6.6+/-2.3)e+03,(6.6+/-2.3)e+03,(6.6+/-2.3)e+03,(6.6+/-2.3)e+03,(6.6+/-2.3)e+03,(6.6+/-2.3)e+03,(6.6+/-2.3)e+03,(6.6+/-2.3)e+03,(6.6+/-2.3)e+03,(6.6+/-2.3)e+03,(6.6+/-2.3)e+03,(6.6+/-2.3)e+03,(6.6+/-2.3)e+03,(6.6+/-2.3)e+03,(6.6+/-2.3)e+03,(6.6+/-2.3)e+03,(6.6+/-2.3)e+03,(6.6+/-2.3)e+03,(6.6+/-2.3)e+03,(6.6+/-2.3)e+03,(6.6+/-2.3)e+03,(6.6+/-2.3)e+03,(6.6+/-2.3)e+03,(6.6+/-2.3)e+03,(6.6+/-2.3)e+03,(6.6+/-2.3)e+03,(6.6+/-2.3)e+03,(6.6+/-2.3)e+03,(6.6+/-2.3)e+03,(6.6+/-2.3)e+03,(6.6+/-2.3)e+03,(6.6+/-2.3)e+03,(6.6+/-2.3)e+03,(6.6+/-2.3)e+03,(6.6+/-2.3)e+03,(6.6+/-2.3)e+03,(6.6+/-2.3)e+03,(6.6+/-2.3)e+03,(6.6+/-2.3)e+03,(6.6+/-2.3)e+03,(6.6+/-2.3)e+03,(6.6+/-2.3)e+03,(6.6+/-2.3)e+03,(6.6+/-2.3)e+03,(6.6+/-2.3)e+03,(6.6+/-2.3)e+03,(6.6+/-2.3)e+03,(6.6+/-2.3)e+03
Mauritius,59812,150815,0,0,0,0,(7.2+/-2.7)e+04,(7.2+/-2.7)e+04,(7.2+/-2.7)e+04,(7.2+/-2.7)e+04,(7.2+/-2.7)e+04,(7.2+/-2.7)e+04,(7.2+/-2.7)e+04,(7.2+/-2.7)e+04,(7.2+/-2.7)e+04,(7.2+/-2.7)e+04,(7.2+/-2.7)e+04,(7.2+/-2.7)e+04,(7.2+/-2.7)e+04,(7.2+/-2.7)e+04,(7.2+/-2.7)e+04,(7.2+/-2.7)e+04,(7.2+/-2.7)e+04,(7.2+/-2.7)e+04,(7.2+/-2.7)e+04,(7.2+/-2.7)e+04,(7.2+/-2.7)e+04,(7.2+/-2.7)e+04,(7.2+/-2.7)e+04,(7.2+/-2.7)e+04,(7.2+/-2.7)e+04,(7.2+/-2.7)e+04,(7.2+/-2.7)e+04,(7.2+/-2.7)e+04,(7.2+/-2.7)e+04,(7.2+/-2.7)e+04,(7.2+/-2.7)e+04,(7.2+/-2.7)e+04,(7.2+/-2.7)e+04,(7.2+/-2.7)e+04,(7.2+/-2.7)e+04,(7.2+/-2.7)e+04,(7.2+/-2.7)e+04,(7.2+/-2.7)e+04,(7.2+/-2.7)e+04,(7.2+/-2.7)e+04,(7.2+/-2.7)e+04,(7.2+/-2.7)e+04,(7.2+/-2.7)e+04,(7.2+/-2.7)e+04,(7.2+/-2.7)e+04,(7.2+/-2.7)e+04,(7.2+/-2.7)e+04,(7.2+/-2.7)e+04,(7.2+/-2.7)e+04
Malawi,727443,2008955,0,0,0,0,(6.6+/-2.3)e+03,(6.6+/-2.3)e+03,(6.6+/-2.3)e+03,(6.6+/-2.3)e+03,(6.6+/-2.3)e+03,(6.6+/-2.3)e+03,(6.6+/-2.3)e+03,(6.6+/-2.3)e+03,(6.6+/-2.3)e+03,(6.6+/-2.3)e+03,(6.6+/-2.3)e+03,(6.6+/-2.3)e+03,(6.6+/-2.3)e+03,(6.6+/-2.3)e+03,(6.6+/-2.3)e+03,(6.6+/-2.3)e+03,(6.6+/-2.3)e+03,(6.6+/-2.3)e+03,(6.6+/-2.3)e+03,(6.6+/-2.3)e+03,(6.6+/-2.3)e+03,(6.6+/-2.3)e+03,(6.6+/-2.3)e+03,(6.6+/-2.3)e+03,(6.6+/-2.3)e+03,(6.6+/-2.3)e+03,(6.6+/-2.3)e+03,(6.6+/-2.3)e+03,(6.6+/-2.3)e+03,(6.6+/-2.3)e+03,(6.6+/-2.3)e+03,(6.6+/-2.3)e+03,(6.6+/-2.3)e+03,(6.6+/-2.3)e+03,(6.6+/-2.3)e+03,(6.6+/-2.3)e+03,(6.6+/-2.3)e+03,(6.6+/-2.3)e+03,(6.6+/-2.3)e+03,(6.6+/-2.3)e+03,(6.6+/-2.3)e+03,(6.6+/-2.3)e+03,(6.6+/-2.3)e+03,(6.6+/-2.3)e+03,(6.6+/-2.3)e+03,(6.6+/-2.3)e+03,(6.6+/-2.3)e+03,(6.6+/-2.3)e+03,(6.6+/-2.3)e+03
Malaysia,2889924,6092051,0,0,0,0,(4.5+/-1.7)e+06,(4.5+/-1.7)e+06,(4.5+/-1.7)e+06,(4.5+/-1.7)e+06,(4.5+/-1.7)e+06,(4.5+/-1.7)e+06,(4.5+/-1.7)e+06,(4.5+/-1.7)e+06,(4.5+/-1.7)e+06,(4.5+/-1.7)e+06,(4.5+/-1.7)e+06,(4.5+/-1.7)e+06,(4.5+/-1.7)e+06,(4.5+/-1.7)e+06,(4.5+/-1.7)e+06,(4.5+/-1.7)e+06,(4.5+/-1.7)e+06,(4.5+/-1.7)e+06,(4.5+/-1.7)e+06,(4.5+/-1.7)e+06,(4.5+/-1.7)e+06,(4.5+/-1.7)e+06,(4.5+/-1.7)e+06,(4.5+/-1.7)e+06,(4.5+/-1.7)e+06,(4.5+/-1.7)e+06,(4.5+/-1.7)e+06,(4.5+/-1.7)e+06,(4.5+/-1.7)e+06,(4.5+/-1.7)e+06,(4.5+/-1.7)e+06,(4.5+/-1.7)e+06,(4.5+/-1.7)e+06,(4.5+/-1.7)e+06,(4.5+/-1.7)e+06,(4.5+/-1.7)e+06,(4.5+/-1.7)e+06,(4.5+/-1.7)e+06,(4.5+/-1.7)e+06,(4.5+/-1.7)e+06,(4.5+/-1.7)e+06,(4.5+/-1.7)e+06,(4.5+/-1.7)e+06,(4.5+/-1.7)e+06,(4.5+/-1.7)e+06,(4.5+/-1.7)e+06,(4.5+/-1.7)e+06,(4.5+/-1.7)e+06,(4.5+/-1.7)e+06
Namibia,151386,304910,0,0,0,0,(4.7+/-1.7)e+04,(4.7+/-1.7)e+04,(4.7+/-1.7)e+04,(4.7+/-1.7)e+04,(4.7+/-1.7)e+04,(4.7+/-1.7)e+04,(4.7+/-1.7)e+04,(4.7+/-1.7)e+04,(4.7+/-1.7)e+04,(4.7+/-1.7)e+04,(4.7+/-1.7)e+04,(4.7+/-1.7)e+04,(4.7+/-1.7)e+04,(4.7+/-1.7)e+04,(4.7+/-1.7)e+04,(4.7+/-1.7)e+04,(4.7+/-1.7)e+04,(4.7+/-1.7)e+04,(4.7+/-1.7)e+04,(4.7+/-1.7)e+04,(4.7+/-1.7)e+04,(4.7+/-1.7)e+04,(4.7+/-1.7)e+04,(4.7+/-1.7)e+04,(4.7+/-1.7)e+04,(4.7+/-1.7)e+04,(4.7+/-1.7)e+04,(4.7+/-1.7)e+04,(4.7+/-1.7)e+04,(4.7+/-1.7)e+04,(4.7+/-1.7)e+04,(4.7+/-1.7)e+04,(4.7+/-1.7)e+04,(4.7+/-1.7)e+04,(4.7+/-1.7)e+04,(4.7+/-1.7)e+04,(4.7+/-1.7)e+04,(4.7+/-1.7)e+04,(4.7+/-1.7)e+04,(4.7+/-1.7)e+04,(4.7+/-1.7)e+04,(4.7+/-1.7)e+04,(4.7+/-1.7)e+04,(4.7+/-1.7)e+04,(4.7+/-1.7)e+04,(4.7+/-1.7)e+04,(4.7+/-1.7)e+04,(4.7+/-1.7)e+04,(4.7+/-1.7)e+04
New Caledonia,13001,27902,0,0,0,0,(1.3+/-0.5)e+05,(1.3+/-0.5)e+05,(1.3+/-0.5)e+05,(1.3+/-0.5)e+05,(1.3+/-0.5)e+05,(1.3+/-0.5)e+05,(1.3+/-0.5)e+05,(1.3+/-0.5)e+05,(1.3+/-0.5)e+05,(1.3+/-0.5)e+05,(1.3+/-0.5)e+05,(1.3+/-0.5)e+05,(1.3+/-0.5)e+05,(1.3+/-0.5)e+05,(1.3+/-0.5)e+05,(1.3+/-0.5)e+05,(1.3+/-0.5)e+05,(1.3+/-0.5)e+05,(1.3+/-0.5)e+05,(1.3+/-0.5)e+05,(1.3+/-0.5)e+05,(1.3+/-0.5)e+05,(1.3+/-0.5)e+05,(1.3+/-0.5)e+05,(1.3+/-0.5)e+05,(1.3+/-0.5)e+05,(1.3+/-0.5)e+05,(1.3+/-0.5)e+05,(1.3+/-0.5)e+05,(1.3+/-0.5)e+05,(1.3+/-0.5)e+05,(1.3+/-0.5)e+05,(1.3+/-0.5)e+05,(1.3+/-0.5)e+05,(1.3+/-0.5)e+05,(1.3+/-0.5)e+05,(1.3+/-0.5)e+05,(1.3+/-0.5)e+05,(1.3+/-0.5)e+05,(1.3+/-0.5)e+05,(1.3+/-0.5)e+05,(1.3+/-0.5)e+05,(1.3+/-0.5)e+05,(1.3+/-0.5)e+05,(1.3+/-0.5)e+05,(1.3+/-0.5)e+05,(1.3+/-0.5)e+05,(1.3+/-0.5)e+05,(1.3+/-0.5)e+05
Niger,1264716,3588846,0,0,0,0,(1.7+/-0.6)e+04,(1.7+/-0.6)e+04,(1.7+/-0.6)e+04,(1.7+/-0.6)e+04,(1.7+/-0.6)e+04,(1.7+/-0.6)e+04,(1.7+/-0.6)e+04,(1.7+/-0.6)e+04,(1.7+/-0.6)e+04,(1.7+/-0.6)e+04,(1.7+/-0.6)e+04,(1.7+/-0.6)e+04,(1.7+/-0.6)e+04,(1.7+/-0.6)e+04,(1.7+/-0.6)e+04,(1.7+/-0.6)e+04,(1.7+/-0.6)e+04,(1.7+/-0.6)e+04,(1.7+/-0.6)e+04,(1.7+/-0.6)e+04,(1.7+/-0.6)e+04,(1.7+/-0.6)e+04,(1.7+/-0.6)e+04,(1.7+/-0.6)e+04,(1.7+/-0.6)e+04,(1.7+/-0.6)e+04,(1.7+/-0.6)e+04,(1.7+/-0.6)e+04,(1.7+/-0.6)e+04,(1.7+/-0.6)e+04,(1.7+/-0.6)e+04,(1.7+/-0.6)e+04,(1.7+/-0.6)e+04,(1.7+/-0.6)e+04,(1.7+/-0.6)e+04,(1.7+/-0.6)e+04,(1.7+/-0.6)e+04,(1.7+/-0.6)e+04,(1.7+/-0.6)e+04,(1.7+/-0.6)e+04,(1.7+/-0.6)e+04,(1.7+/-0.6)e+04,(1.7+/-0.6)e+04,(1.7+/-0.6)e+04,(1.7+/-0.6)e+04,(1.7+/-0.6)e+04,(1.7+/-0.6)e+04,(1.7+/-0.6)e+04,(1.7+/-0.6)e+04
Nigeria,18909318,37129638,0,0,0,0,(1.2+/-0.5)e+05,(1.2+/-0.5)e+05,(1.2+/-0.5)e+05,(1.2+/-0.5)e+05,(1.2+/-0.5)e+05,(1.2+/-0.5)e+05,(1.2+/-0.5)e+05,(1.2+/-0.5)e+05,(1.2+/-0.5)e+05,(1.2+/-0.5)e+05,(1.2+/-0.5)e+05,(1.2+/-0.5)e+05,(1.2+/-0.5)e+05,(1.2+/-0.5)e+05,(1.2+/-0.5)e+05,(1.2+/-0.5)e+05,(1.2+/-0.5)e+05,(1.2+/-0.5)e+05,(1.2+/-0.5)e+05,(1.2+/-0.5)e+05,(1.2+/-0.5)e+05,(1.2+/-0.5)e+05,(1.2+/-0.5)e+05,(1.2+/-0.5)e+05,(1.2+/-0.5)e+05,(1.2+/-0.5)e+05,(1.2+/-0.5)e+05,(1.2+/-0.5)e+05,(1.2+/-0.5)e+05,(1.2+/-0.5)e+05,(1.2+/-0.5)e+05,(1.2+/-0.5)e+05,(1.2+/-0.5)e+05,(1.2+/-0.5)e+05,(1.2+/-0.5)e+05,(1.2+/-0.5)e+05,(1.2+/-0.5)e+05,(1.2+/-0.5)e+05,(1.2+/-0.5)e+05,(1.2+/-0.5)e+05,(1.2+/-0.5)e+05,(1.2+/-0.5)e+05,(1.2+/-0.5)e+05,(1.2+/-0.5)e+05,(1.2+/-0.5)e+05,(1.2+/-0.5)e+05,(1.2+/-0.5)e+05,(1.2+/-0.5)e+05,(1.2+/-0.5)e+05
Nicaragua,422397,1154095,0,0,0,0,(6.6+/-2.3)e+03,(6.6+/-2.3)e+03,(6.6+/-2.3)e+03,(6.6+/-2.3)e+03,(6.6+/-2.3)e+03,(6.6+/-2.3)e+03,(6.6+/-2.3)e+03,(6.6+/-2.3)e+03,(6.6+/-2.3)e+03,(6.6+/-2.3)e+03,(6.6+/-2.3)e+03,(6.6+/-2.3)e+03,(6.6+/-2.3)e+03,(6.6+/-2.3)e+03,(6.6+/-2.3)e+03,(6.6+/-2.3)e+03,(6.6+/-2.3)e+03,(6.6+/-2.3)e+03,(6.6+/-2.3)e+03,(6.6+/-2.3)e+03,(6.6+/-2.3)e+03,(6.6+/-2.3)e+03,(6.6+/-2.3)e+03,(6.6+/-2.3)e+03,(6.6+/-2.3)e+03,(6.6+/-2.3)e+03,(6.6+/-2.3)e+03,(6.6+/-2.3)e+03,(6.6+/-2.3)e+03,(6.6+/-2.3)e+03,(6.6+/-2.3)e+03,(6.6+/-2.3)e+03,(6.6+/-2.3)e+03,(6.6+/-2.3)e+03,(6.6+/-2.3)e+03,(6.6+/-2.3)e+03,(6.6+/-2.3)e+03,(6.6+/-2.3)e+03,(6.6+/-2.3)e+03,(6.6+/-2.3)e+03,(6.6+/-2.3)e+03,(6.6+/-2.3)e+03,(6.6+/-2.3)e+03,(6.6+/-2.3)e+03,(6.6+/-2.3)e+03,(6.6+/-2.3)e+03,(6.6+/-2.3)e+03,(6.6+/-2.3)e+03,(6.6+/-2.3)e+03
Netherlands,871685,2178483,0,0,0,0,(1.2+/-0.4)e+06,(1.2+/-0.4)e+06,(1.2+/-0.4)e+06,(1.2+/-0.4)e+06,(1.2+/-0.4)e+06,(1.2+/-0.4)e+06,(1.2+/-0.4)e+06,(1.2+/-0.4)e+06,(1.2+/-0.4)e+06,(1.2+/-0.4)e+06,(1.2+/-0.4)e+06,(1.2+/-0.4)e+06,(1.2+/-0.4)e+06,(1.2+/-0.4)e+06,(1.2+/-0.4)e+06,(1.2+/-0.4)e+06,(1.2+/-0.4)e+06,(1.2+/-0.4)e+06,(1.2+/-0.4)e+06,(1.2+/-0.4)e+06,(1.2+/-0.4)e+06,(1.2+/-0.4)e+06,(1.2+/-0.4)e+06,(1.2+/-0.4)e+06,(1.2+/-0.4)e+06,(1.2+/-0.4)e+06,(1.2+/-0.4)e+06,(1.2+/-0.4)e+06,(1.2+/-0.4)e+06,(1.2+/-0.4)e+06,(1.2+/-0.4)e+06,(1.2+/-0.4)e+06,(1.2+/-0.4)e+06,(1.2+/-0.4)e+06,(1.2+/-0.4)e+06,(1.2+/-0.4)e+06,(1.2+/-0.4)e+06,(1.2+/-0.4)e+06,(1.2+/-0.4)e+06,(1.2+/-0.4)e+06,(1.2+/-0.4)e+06,(1.2+/-0.4)e+06,(1.2+/-0.4)e+06,(1.2+/-0.4)e+06,(1.2+/-0.4)e+06,(1.2+/-0.4)e+06,(1.2+/-0.4)e+06,(1.2+/-0.4)e+06,(1.2+/-0.4)e+06
Norway,318935,761976,0,0,0,0,(6.6+/-2.3)e+03,(6.6+/-2.3)e+03,(6.6+/-2.3)e+03,(6.6+/-2.3)e+03,(6.6+/-2.3)e+03,(6.6+/-2.3)e+03,(6.6+/-2.3)e+03,(6.6+/-2.3)e+03,(6.6+/-2.3)e+03,(6.6+/-2.3)e+03,(6.6+/-2.3)e+03,(6.6+/-2.3)e+03,(6.6+/-2.3)e+03,(6.6+/-2.3)e+03,(6.6+/-2.3)e+03,(6.6+/-2.3)e+03,(6.6+/-2.3)e+03,(6.6+/-2.3)e+03,(6.6+/-2.3)e+03,(6.6+/-2.3)e+03,(6.6+/-2.3)e+03,(6.6+/-2.3)e+03,(6.6+/-2.3)e+03,(6.6+/-2.3)e+03,(6.6+/-2.3)e+03,(6.6+/-2.3)e+03,(6.6+/-2.3)e+03,(6.6+/-2.3)e+03,(6.6+/-2.3)e+03,(6.6+/-2.3)e+03,(6.6+/-2.3)e+03,(6.6+/-2.3)e+03,(6.6+/-2.3)e+03,(6.6+/-2.3)e+03,(6.6+/-2.3)e+03,(6.6+/-2.3)e+03,(6.6+/-2.3)e+03,(6.6+/-2.3)e+03,(6.6+/-2.3)e+03,(6.6+/-2.3)e+03,(6.6+/-2.3)e+03,(6.6+/-2.3)e+03,(6.6+/-2.3)e+03,(6.6+/-2.3)e+03,(6.6+/-2.3)e+03,(6.6+/-2.3)e+03,(6.6+/-2.3)e+03,(6.6+/-2.3)e+03,(6.6+/-2.3)e+03
Nepal,982289,2539799,0,0,0,0,(6.6+/-2.3)e+03,(6.6+/-2.3)e+03,(6.6+/-2.3)e+03,(6.6+/-2.3)e+03,(6.6+/-2.3)e+03,(6.6+/-2.3)e+03,(6.6+/-2.3)e+03,(6.6+/-2.3)e+03,(6.6+/-2.3)e+03,(6.6+/-2.3)e+03,(6.6+/-2.3)e+03,(6.6+/-2.3)e+03,(6.6+/-2.3)e+03,(6.6+/-2.3)e+03,(6.6+/-2.3)e+03,(6.6+/-2.3)e+03,(6.6+/-2.3)e+03,(6.6+/-2.3)e+03,(6.6+/-2.3)e+03,(6.6+/-2.3)e+03,(6.6+/-2.3)e+03,(6.6+/-2.3)e+03,(6.6+/-2.3)e+03,(6.6+/-2.3)e+03,(6.6+/-2.3)e+03,(6.6+/-2.3)e+03,(6.6+/-2.3)e+03,(6.6+/-2.3)e+03,(6.6+/-2.3)e+03,(6.6+/-2.3)e+03,(6.6+/-2.3)e+03,(6.6+/-2.3)e+03,(6.6+/-2.3)e+03,(6.6+/-2.3)e+03,(6.6+/-2.3)e+03,(6.6+/-2.3)e+03,(6.6+/-2.3)e+03,(6.6+/-2.3)e+03,(6.6+/-2.3)e+03,(6.6+/-2.3)e+03,(6.6+/-2.3)e+03,(6.6+/-2.3)e+03,(6.6+/-2.3)e+03,(6.6+/-2.3)e+03,(6.6+/-2.3)e+03,(6.6+/-2.3)e+03,(6.6+/-2.3)e+03,(6.6+/-2.3)e+03,(6.6+/-2.3)e+03
Nauru,1431,2230,0,0,0,0,(6.6+/-2.3)e+03,(6.6+/-2.3)e+03,(6.6+/-2.3)e+03,(6.6+/-2.3)e+03,(6.6+/-2.3)e+03,(6.6+/-2.3)e+03,(6.6+/-2.3)e+03,(6.6+/-2.3)e+03,(6.6+/-2.3)e+03,(6.6+/-2.3)e+03,(6.6+/-2.3)e+03,(6.6+/-2.3)e+03,(6.6+/-2.3)e+03,(6.6+/-2.3)e+03,(6.6+/-2.3)e+03,(6.6+/-2.3)e+03,(6.6+/-2.3)e+03,(6.6+/-2.3)e+03,(6.6+/-2.3)e+03,(6.6+/-2.3)e+03,(6.6+/-2.3)e+03,(6.6+/-2.3)e+03,(6.6+/-2.3)e+03,(6.6+/-2.3)e+03,(6.6+/-2.3)e+03,(6.6+/-2.3)e+03,(6.6+/-2.3)e+03,(6.6+/-2.3)e+03,(6.6+/-2.3)e+03,(6.6+/-2.3)e+03,(6.6+/-2.3)e+03,(6.6+/-2.3)e+03,(6.6+/-2.3)e+03,(6.6+/-2.3)e+03,(6.6+/-2.3)e+03,(6.6+/-2.3)e+03,(6.6+/-2.3)e+03,(6.6+/-2.3)e+03,(6.6+/-2.3)e+03,(6.6+/-2.3)e+03,(6.6+/-2.3)e+03,(6.6+/-2.3)e+03,(6.6+/-2.3)e+03,(6.6+/-2.3)e+03,(6.6+/-2.3)e+03,(6.6+/-2.3)e+03,(6.6+/-2.3)e+03,(6.6+/-2.3)e+03,(6.6+/-2.3)e+03
New Zealand,229166,547165,0,0,0,0,(2.6+/-1.0)e+05,(2.6+/-1.0)e+05,(2.6+/-1.0)e+05,(2.6+/-1.0)e+05,(2.6+/-1.0)e+05,(2.6+/-1.0)e+05,(2.6+/-1.0)e+05,(2.6+/-1.0)e+05,(2.6+/-1.0)e+05,(2.6+/-1.0)e+05,(2.6+/-1.0)e+05,(2.6+/-1.0)e+05,(2.6+/-1.0)e+05,(2.6+/-1.0)e+05,(2.6+/-1.0)e+05,(2.6+/-1.0)e+05,(2.6+/-1.0)e+05,(2.6+/-1.0)e+05,(2.6+/-1.0)e+05,(2.6+/-1.0)e+05,(2.6+/-1.0)e+05,(2.6+/-1.0)e+05,(2.6+/-1.0)e+05,(2.6+/-1.0)e+05,(2.6+/-1.0)e+05,(2.6+/-1.0)e+05,(2.6+/-1.0)e+05,(2.6+/-1.0)e+05,(2.6+/-1.0)e+05,(2.6+/-1.0)e+05,(2.6+/-1.0)e+05,(2.6+/-1.0)e+05,(2.6+/-1.0)e+05,(2.6+/-1.0)e+05,(2.6+/-1.0)e+05,(2.6+/-1.0)e+05,(2.6+/-1.0)e+05,(2.6+/-1.0)e+05,(2.6+/-1.0)e+05,(2.6+/-1.0)e+05,(2.6+/-1.0)e+05,(2.6+/-1.0)e+05,(2.6+/-1.0)e+05,(2.6+/-1.0)e+05,(2.6+/-1.0)e+05,(2.6+/-1.0)e+05,(2.6+/-1.0)e+05,(2.6+/-1.0)e+05,(2.6+/-1.0)e+05
Oman,211882,578457,0,0,0,0,(6.6+/-2.3)e+03,(6.6+/-2.3)e+03,(6.6+/-2.3)e+03,(6.6+/-2.3)e+03,(6.6+/-2.3)e+03,(6.6+/-2.3)e+03,(6.6+/-2.3)e+03,(6.6+/-2.3)e+03,(6.6+/-2.3)e+03,(6.6+/-2.3)e+03,(6.6+/-2.3)e+03,(6.6+/-2.3)e+03,(6.6+/-2.3)e+03,(6.6+/-2.3)e+03,(6.6+/-2.3)e+03,(6.6+/-2.3)e+03,(6.6+/-2.3)e+03,(6.6+/-2.3)e+03,(6.6+/-2.3)e+03,(6.6+/-2.3)e+03,(6.6+/-2.3)e+03,(6.6+/-2.3)e+03,(6.6+/-2.3)e+03,(6.6+/-2.3)e+03,(6.6+/-2.3)e+03,(6.6+/-2.3)e+03,(6.6+/-2.3)e+03,(6.6+/-2.3)e+03,(6.6+/-2.3)e+03,(6.6+/-2.3)e+03,(6.6+/-2.3)e+03,(6.6+/-2.3)e+03,(6.6+/-2.3)e+03,(6.6+/-2.3)e+03,(6.6+/-2.3)e+03,(6.6+/-2.3)e+03,(6.6+/-2.3)e+03,(6.6+/-2.3)e+03,(6.6+/-2.3)e+03,(6.6+/-2.3)e+03,(6.6+/-2.3)e+03,(6.6+/-2.3)e+03,(6.6+/-2.3)e+03,(6.6+/-2.3)e+03,(6.6+/-2.3)e+03,(6.6+/-2.3)e+03,(6.6+/-2.3)e+03,(6.6+/-2.3)e+03,(6.6+/-2.3)e+03
Pakistan,16816099,29573944,0,0,0,0,(2.8+/-1.0)e+06,(2.8+/-1.0)e+06,(2.8+/-1.0)e+06,(2.8+/-1.0)e+06,(2.8+/-1.0)e+06,(2.8+/-1.0)e+06,(2.8+/-1.0)e+06,(2.8+/-1.0)e+06,(2.8+/-1.0)e+06,(2.8+/-1.0)e+06,(2.8+/-1.0)e+06,(2.8+/-1.0)e+06,(2.8+/-1.0)e+06,(2.8+/-1.0)e+06,(2.8+/-1.0)e+06,(2.8+/-1.0)e+06,(2.8+/-1.0)e+06,(2.8+/-1.0)e+06,(2.8+/-1.0)e+06,(2.8+/-1.0)e+06,(2.8+/-1.0)e+06,(2.8+/-1.0)e+06,(2.8+/-1.0)e+06,(2.8+/-1.0)e+06,(2.8+/-1.0)e+06,(2.8+/-1.0)e+06,(2.8+/-1.0)e+06,(2.8+/-1.0)e+06,(2.8+/-1.0)e+06,(2.8+/-1.0)e+06,(2.8+/-1.0)e+06,(2.8+/-1.0)e+06,(2.8+/-1.0)e+06,(2.8+/-1.0)e+06,(2.8+/-1.0)e+06,(2.8+/-1.0)e+06,(2.8+/-1.0)e+06,(2.8+/-1.0)e+06,(2.8+/-1.0)e+06,(2.8+/-1.0)e+06,(2.8+/-1.0)e+06,(2.8+/-1.0)e+06,(2.8+/-1.0)e+06,(2.8+/-1.0)e+06,(2.8+/-1.0)e+06,(2.8+/-1.0)e+06,(2.8+/-1.0)e+06,(2.8+/-1.0)e+06,(2.8+/-1.0)e+06
Panama,279352,521855,0,0,0,0,(6.6+/-2.3)e+03,(6.6+/-2.3)e+03,(6.6+/-2.3)e+03,(6.6+/-2.3)e+03,(6.6+/-2.3)e+03,(6.6+/-2.3)e+03,(6.6+/-2.3)e+03,(6.6+/-2.3)e+03,(6.6+/-2.3)e+03,(6.6+/-2.3)e+03,(6.6+/-2.3)e+03,(6.6+/-2.3)e+03,(6.6+/-2.3)e+03,(6.6+/-2.3)e+03,(6.6+/-2.3)e+03,(6.6+/-2.3)e+03,(6.6+/-2.3)e+03,(6.6+/-2.3)e+03,(6.6+/-2.3)e+03,(6.6+/-2.3)e+03,(6.6+/-2.3)e+03,(6.6+/-2.3)e+03,(6.6+/-2.3)e+03,(6.6+/-2.3)e+03,(6.6+/-2.3)e+03,(6.6+/-2.3)e+03,(6.6+/-2.3)e+03,(6.6+/-2.3)e+03,(6.6+/-2.3)e+03,(6.6+/-2.3)e+03,(6.6+/-2.3)e+03,(6.6+/-2.3)e+03,(6.6+/-2.3)e+03,(6.6+/-2.3)e+03,(6.6+/-2.3)e+03,(6.6+/-2.3)e+03,(6.6+/-2.3)e+03,(6.6+/-2.3)e+03,(6.6+/-2.3)e+03,(6.6+/-2.3)e+03,(6.6+/-2.3)e+03,(6.6+/-2.3)e+03,(6.6+/-2.3)e+03,(6.6+/-2.3)e+03,(6.6+/-2.3)e+03,(6.6+/-2.3)e+03,(6.6+/-2.3)e+03,(6.6+/-2.3)e+03,(6.6+/-2.3)e+03
Peru,2546842,5925930,0,0,0,0,(6.6+/-2.3)e+03,(6.6+/-2.3)e+03,(6.6+/-2.3)e+03,(6.6+/-2.3)e+03,(6.6+/-2.3)e+03,(6.6+/-2.3)e+03,(6.6+/-2.3)e+03,(6.6+/-2.3)e+03,(6.6+/-2.3)e+03,(6.6+/-2.3)e+03,(6.6+/-2.3)e+03,(6.6+/-2.3)e+03,(6.6+/-2.3)e+03,(6.6+/-2.3)e+03,(6.6+/-2.3)e+03,(6.6+/-2.3)e+03,(6.6+/-2.3)e+03,(6.6+/-2.3)e+03,(6.6+/-2.3)e+03,(6.6+/-2.3)e+03,(6.6+/-2.3)e+03,(6.6+/-2.3)e+03,(6.6+/-2.3)e+03,(6.6+/-2.3)e+03,(6.6+/-2.3)e+03,(6.6+/-2.3)e+03,(6.6+/-2.3)e+03,(6.6+/-2.3)e+03,(6.6+/-2.3)e+03,(6.6+/-2.3)e+03,(6.6+/-2.3)e+03,(6.6+/-2.3)e+03,(6.6+/-2.3)e+03,(6.6+/-2.3)e+03,(6.6+/-2.3)e+03,(6.6+/-2.3)e+03,(6.6+/-2.3)e+03,(6.6+/-2.3)e+03,(6.6+/-2.3)e+03,(6.6+/-2.3)e+03,(6.6+/-2.3)e+03,(6.6+/-2.3)e+03,(6.6+/-2.3)e+03,(6.6+/-2.3)e+03,(6.6+/-2.3)e+03,(6.6+/-2.3)e+03,(6.6+/-2.3)e+03,(6.6+/-2.3)e+03,(6.6+/-2.3)e+03
Philippines,6474023,15101704,0,0,0,0,(4.2+/-1.6)e+06,(4.2+/-1.6)e+06,(4.2+/-1.6)e+06,(4.2+/-1.6)e+06,(4.2+/-1.6)e+06,(4.2+/-1.6)e+06,(4.2+/-1.6)e+06,(4.2+/-1.6)e+06,(4.2+/-1.6)e+06,(4.2+/-1.6)e+06,(4.2+/-1.6)e+06,(4.2+/-1.6)e+06,(4.2+/-1.6)e+06,(4.2+/-1.6)e+06,(4.2+/-1.6)e+06,(4.2+/-1.6)e+06,(4.2+/-1.6)e+06,(4.2+/-1.6)e+06,(4.2+/-1.6)e+06,(4.2+/-1.6)e+06,(4.2+/-1.6)e+06,(4.2+/-1.6)e+06,(4.2+/-1.6)e+06,(4.2+/-1.6)e+06,(4.2+/-1.6)e+06,(4.2+/-1.6)e+06,(4.2+/-1.6)e+06,(4.2+/-1.6)e+06,(4.2+/-1.6)e+06,(4.2+/-1.6)e+06,(4.2+/-1.6)e+06,(4.2+/-1.6)e+06,(4.2+/-1.6)e+06,(4.2+/-1.6)e+06,(4.2+/-1.6)e+06,(4.2+/-1.6)e+06,(4.2+/-1.6)e+06,(4.2+/-1.6)e+06,(4.2+/-1.6)e+06,(4.2+/-1.6)e+06,(4.2+/-1.6)e+06,(4.2+/-1.6)e+06,(4.2+/-1.6)e+06,(4.2+/-1.6)e+06,(4.2+/-1.6)e+06,(4.2+/-1.6)e+06,(4.2+/-1.6)e+06,(4.2+/-1.6)e+06,(4.2+/-1.6)e+06
Palau,666,1637,0,0,0,0,(6.6+/-2.3)e+03,(6.6+/-2.3)e+03,(6.6+/-2.3)e+03,(6.6+/-2.3)e+03,(6.6+/-2.3)e+03,(6.6+/-2.3)e+03,(6.6+/-2.3)e+03,(6.6+/-2.3)e+03,(6.6+/-2.3)e+03,(6.6+/-2.3)e+03,(6.6+/-2.3)e+03,(6.6+/-2.3)e+03,(6.6+/-2.3)e+03,(6.6+/-2.3)e+03,(6.6+/-2.3)e+03,(6.6+/-2.3)e+03,(6.6+/-2.3)e+03,(6.6+/-2.3)e+03,(6.6+/-2.3)e+03,(6.6+/-2.3)e+03,(6.6+/-2.3)e+03,(6.6+/-2.3)e+03,(6.6+/-2.3)e+03,(6.6+/-2.3)e+03,(6.6+/-2.3)e+03,(6.6+/-2.3)e+03,(6.6+/-2.3)e+03,(6.6+/-2.3)e+03,(6.6+/-2.3)e+03,(6.6+/-2.3)e+03,(6.6+/-2.3)e+03,(6.6+/-2.3)e+03,(6.6+/-2.3)e+03,(6.6+/-2.3)e+03,(6.6+/-2.3)e+03,(6.6+/-2.3)e+03,(6.6+/-2.3)e+03,(6.6+/-2.3)e+03,(6.6+/-2.3)e+03,(6.6+/-2.3)e+03,(6.6+/-2.3)e+03,(6.6+/-2.3)e+03,(6.6+/-2.3)e+03,(6.6+/-2.3)e+03,(6.6+/-2.3)e+03,(6.6+/-2.3)e+03,(6.6+/-2.3)e+03,(6.6+/-2.3)e+03,(6.6+/-2.3)e+03
Papua New Guinea,566993,1196529,0,0,0,0,(6.6+/-2.3)e+03,(6.6+/-2.3)e+03,(6.6+/-2.3)e+03,(6.6+/-2.3)e+03,(6.6+/-2.3)e+03,(6.6+/-2.3)e+03,(6.6+/-2.3)e+03,(6.6+/-2.3)e+03,(6.6+/-2.3)e+03,(6.6+/-2.3)e+03,(6.6+/-2.3)e+03,(6.6+/-2.3)e+03,(6.6+/-2.3)e+03,(6.6+/-2.3)e+03,(6.6+/-2.3)e+03,(6.6+/-2.3)e+03,(6.6+/-2.3)e+03,(6.6+/-2.3)e+03,(6.6+/-2.3)e+03,(6.6+/-2.3)e+03,(6.6+/-2.3)e+03,(6.6+/-2.3)e+03,(6.6+/-2.3)e+03,(6.6+/-2.3)e+03,(6.6+/-2.3)e+03,(6.6+/-2.3)e+03,(6.6+/-2.3)e+03,(6.6+/-2.3)e+03,(6.6+/-2.3)e+03,(6.6+/-2.3)e+03,(6.6+/-2.3)e+03,(6.6+/-2.3)e+03,(6.6+/-2.3)e+03,(6.6+/-2.3)e+03,(6.6+/-2.3)e+03,(6.6+/-2.3)e+03,(6.6+/-2.3)e+03,(6.6+/-2.3)e+03,(6.6+/-2.3)e+03,(6.6+/-2.3)e+03,(6.6+/-2.3)e+03,(6.6+/-2.3)e+03,(6.6+/-2.3)e+03,(6.6+/-2.3)e+03,(6.6+/-2.3)e+03,(6.6+/-2.3)e+03,(6.6+/-2.3)e+03,(6.6+/-2.3)e+03,(6.6+/-2.3)e+03
Poland,1856392,3919159,0,0,0,0,(9.3+/-3.5)e+06,(9.3+/-3.5)e+06,(9.3+/-3.5)e+06,(9.3+/-3.5)e+06,(9.3+/-3.5)e+06,(9.3+/-3.5)e+06,(9.3+/-3.5)e+06,(9.3+/-3.5)e+06,(9.3+/-3.5)e+06,(9.3+/-3.5)e+06,(9.3+/-3.5)e+06,(9.3+/-3.5)e+06,(9.3+/-3.5)e+06,(9.3+/-3.5)e+06,(9.3+/-3.5)e+06,(9.3+/-3.5)e+06,(9.3+/-3.5)e+06,(9.3+/-3.5)e+06,(9.3+/-3.5)e+06,(9.3+/-3.5)e+06,(9.3+/-3.5)e+06,(9.3+/-3.5)e+06,(9.3+/-3.5)e+06,(9.3+/-3.5)e+06,(9.3+/-3.5)e+06,(9.3+/-3.5)e+06,(9.3+/-3.5)e+06,(9.3+/-3.5)e+06,(9.3+/-3.5)e+06,(9.3+/-3.5)e+06,(9.3+/-3.5)e+06,(9.3+/-3.5)e+06,(9.3+/-3.5)e+06,(9.3+/-3.5)e+06,(9.3+/-3.5)e+06,(9.3+/-3.5)e+06,(9.3+/-3.5)e+06,(9.3+/-3.5)e+06,(9.3+/-3.5)e+06,(9.3+/-3.5)e+06,(9.3+/-3.5)e+06,(9.3+/-3.5)e+06,(9.3+/-3.5)e+06,(9.3+/-3.5)e+06,(9.3+/-3.5)e+06,(9.3+/-3.5)e+06,(9.3+/-3.5)e+06,(9.3+/-3.5)e+06,(9.3+/-3.5)e+06
Puerto Rico,112125,265214,0,0,0,0,(6.6+/-2.3)e+03,(6.6+/-2.3)e+03,(6.6+/-2.3)e+03,(6.6+/-2.3)e+03,(6.6+/-2.3)e+03,(6.6+/-2.3)e+03,(6.6+/-2.3)e+03,(6.6+/-2.3)e+03,(6.6+/-2.3)e+03,(6.6+/-2.3)e+03,(6.6+/-2.3)e+03,(6.6+/-2.3)e+03,(6.6+/-2.3)e+03,(6.6+/-2.3)e+03,(6.6+/-2.3)e+03,(6.6+/-2.3)e+03,(6.6+/-2.3)e+03,(6.6+/-2.3)e+03,(6.6+/-2.3)e+03,(6.6+/-2.3)e+03,(6.6+/-2.3)e+03,(6.6+/-2.3)e+03,(6.6+/-2.3)e+03,(6.6+/-2.3)e+03,(6.6+/-2.3)e+03,(6.6+/-2.3)e+03,(6.6+/-2.3)e+03,(6.6+/-2.3)e+03,(6.6+/-2.3)e+03,(6.6+/-2.3)e+03,(6.6+/-2.3)e+03,(6.6+/-2.3)e+03,(6.6+/-2.3)e+03,(6.6+/-2.3)e+03,(6.6+/-2.3)e+03,(6.6+/-2.3)e+03,(6.6+/-2.3)e+03,(6.6+/-2.3)e+03,(6.6+/-2.3)e+03,(6.6+/-2.3)e+03,(6.6+/-2.3)e+03,(6.6+/-2.3)e+03,(6.6+/-2.3)e+03,(6.6+/-2.3)e+03,(6.6+/-2.3)e+03,(6.6+/-2.3)e+03,(6.6+/-2.3)e+03,(6.6+/-2.3)e+03,(6.6+/-2.3)e+03
North Korea,2951958,5520863,0,0,0,0,(1.1+/-0.4)e+06,(1.1+/-0.4)e+06,(1.1+/-0.4)e+06,(1.1+/-0.4)e+06,(1.1+/-0.4)e+06,(1.1+/-0.4)e+06,(1.1+/-0.4)e+06,(1.1+/-0.4)e+06,(1.1+/-0.4)e+06,(1.1+/-0.4)e+06,(1.1+/-0.4)e+06,(1.1+/-0.4)e+06,(1.1+/-0.4)e+06,(1.1+/-0.4)e+06,(1.1+/-0.4)e+06,(1.1+/-0.4)e+06,(1.1+/-0.4)e+06,(1.1+/-0.4)e+06,(1.1+/-0.4)e+06,(1.1+/-0.4)e+06,(1.1+/-0.4)e+06,(1.1+/-0.4)e+06,(1.1+/-0.4)e+06,(1.1+/-0.4)e+06,(1.1+/-0.4)e+06,(1.1+/-0.4)e+06,(1.1+/-0.4)e+06,(1.1+/-0.4)e+06,(1.1+/-0.4)e+06,(1.1+/-0.4)e+06,(1.1+/-0.4)e+06,(1.1+/-0.4)e+06,(1.1+/-0.4)e+06,(1.1+/-0.4)e+06,(1.1+/-0.4)e+06,(1.1+/-0.4)e+06,(1.1+/-0.4)e+06,(1.1+/-0.4)e+06,(1.1+/-0.4)e+06,(1.1+/-0.4)e+06,(1.1+/-0.4)e+06,(1.1+/-0.4)e+06,(1.1+/-0.4)e+06,(1.1+/-0.4)e+06,(1.1+/-0.4)e+06,(1.1+/-0.4)e+06,(1.1+/-0.4)e+06,(1.1+/-0.4)e+06,(1.1+/-0.4)e+06
Portugal,491667,1243503,0,0,0,0,(6.6+/-2.3)e+03,(6.6+/-2.3)e+03,(6.6+/-2.3)e+03,(6.6+/-2.3)e+03,(6.6+/-2.3)e+03,(6.6+/-2.3)e+03,(6.6+/-2.3)e+03,(6.6+/-2.3)e+03,(6.6+/-2.3)e+03,(6.6+/-2.3)e+03,(6.6+/-2.3)e+03,(6.6+/-2.3)e+03,(6.6+/-2.3)e+03,(6.6+/-2.3)e+03,(6.6+/-2.3)e+03,(6.6+/-2.3)e+03,(6.6+/-2.3)e+03,(6.6+/-2.3)e+03,(6.6+/-2.3)e+03,(6.6+/-2.3)e+03,(6.6+/-2.3)e+03,(6.6+/-2.3)e+03,(6.6+/-2.3)e+03,(6.6+/-2.3)e+03,(6.6+/-2.3)e+03,(6.6+/-2.3)e+03,(6.6+/-2.3)e+03,(6.6+/-2.3)e+03,(6.6+/-2.3)e+03,(6.6+/-2.3)e+03,(6.6+/-2.3)e+03,(6.6+/-2.3)e+03,(6.6+/-2.3)e+03,(6.6+/-2.3)e+03,(6.6+/-2.3)e+03,(6.6+/-2.3)e+03,(6.6+/-2.3)e+03,(6.6+/-2.3)e+03,(6.6+/-2.3)e+03,(6.6+/-2.3)e+03,(6.6+/-2.3)e+03,(6.6+/-2.3)e+03,(6.6+/-2.3)e+03,(6.6+/-2.3)e+03,(6.6+/-2.3)e+03,(6.6+/-2.3)e+03,(6.6+/-2.3)e+03,(6.6+/-2.3)e+03,(6.6+/-2.3)e+03
Paraguay,469593,1101381,0,0,0,0,(6.6+/-2.3)e+03,(6.6+/-2.3)e+03,(6.6+/-2.3)e+03,(6.6+/-2.3)e+03,(6.6+/-2.3)e+03,(6.6+/-2.3)e+03,(6.6+/-2.3)e+03,(6.6+/-2.3)e+03,(6.6+/-2.3)e+03,(6.6+/-2.3)e+03,(6.6+/-2.3)e+03,(6.6+/-2.3)e+03,(6.6+/-2.3)e+03,(6.6+/-2.3)e+03,(6.6+/-2.3)e+03,(6.6+/-2.3)e+03,(6.6+/-2.3)e+03,(6.6+/-2.3)e+03,(6.6+/-2.3)e+03,(6.6+/-2.3)e+03,(6.6+/-2.3)e+03,(6.6+/-2.3)e+03,(6.6+/-2.3)e+03,(6.6+/-2.3)e+03,(6.6+/-2.3)e+03,(6.6+/-2.3)e+03,(6.6+/-2.3)e+03,(6.6+/-2.3)e+03,(6.6+/-2.3)e+03,(6.6+/-2.3)e+03,(6.6+/-2.3)e+03,(6.6+/-2.3)e+03,(6.6+/-2.3)e+03,(6.6+/-2.3)e+03,(6.6+/-2.3)e+03,(6.6+/-2.3)e+03,(6.6+/-2.3)e+03,(6.6+/-2.3)e+03,(6.6+/-2.3)e+03,(6.6+/-2.3)e+03,(6.6+/-2.3)e+03,(6.6+/-2.3)e+03,(6.6+/-2.3)e+03,(6.6+/-2.3)e+03,(6.6+/-2.3)e+03,(6.6+/-2.3)e+03,(6.6+/-2.3)e+03,(6.6+/-2.3)e+03,(6.6+/-2.3)e+03
Palestine,63898,181828,0,0,0,0,(6.6+/-2.3)e+03,(6.6+/-2.3)e+03,(6.6+/-2.3)e+03,(6.6+/-2.3)e+03,(6.6+/-2.3)e+03,(6.6+/-2.3)e+03,(6.6+/-2.3)e+03,(6.6+/-2.3)e+03,(6.6+/-2.3)e+03,(6.6+/-2.3)e+03,(6.6+/-2.3)e+03,(6.6+/-2.3)e+03,(6.6+/-2.3)e+03,(6.6+/-2.3)e+03,(6.6+/-2.3)e+03,(6.6+/-2.3)e+03,(6.6+/-2.3)e+03,(6.6+/-2.3)e+03,(6.6+/-2.3)e+03,(6.6+/-2.3)e+03,(6.6+/-2.3)e+03,(6.6+/-2.3)e+03,(6.6+/-2.3)e+03,(6.6+/-2.3)e+03,(6.6+/-2.3)e+03,(6.6+/-2.3)e+03,(6.6+/-2.3)e+03,(6.6+/-2.3)e+03,(6.6+/-2.3)e+03,(6.6+/-2.3)e+03,(6.6+/-2.3)e+03,(6.6+/-2.3)e+03,(6.6+/-2.3)e+03,(6.6+/-2.3)e+03,(6.6+/-2.3)e+03,(6.6+/-2.3)e+03,(6.6+/-2.3)e+03,(6.6+/-2.3)e+03,(6.6+/-2.3)e+03,(6.6+/-2.3)e+03,(6.6+/-2.3)e+03,(6.6+/-2.3)e+03,(6.6+/-2.3)e+03,(6.6+/-2.3)e+03,(6.6+/-2.3)e+03,(6.6+/-2.3)e+03,(6.6+/-2.3)e+03,(6.6+/-2.3)e+03,(6.6+/-2.3)e+03
French Polynesia,11810,25346,0,0,0,0,(6.6+/-2.3)e+03,(6.6+/-2.3)e+03,(6.6+/-2.3)e+03,(6.6+/-2.3)e+03,(6.6+/-2.3)e+03,(6.6+/-2.3)e+03,(6.6+/-2.3)e+03,(6.6+/-2.3)e+03,(6.6+/-2.3)e+03,(6.6+/-2.3)e+03,(6.6+/-2.3)e+03,(6.6+/-2.3)e+03,(6.6+/-2.3)e+03,(6.6+/-2.3)e+03,(6.6+/-2.3)e+03,(6.6+/-2.3)e+03,(6.6+/-2.3)e+03,(6.6+/-2.3)e+03,(6.6+/-2.3)e+03,(6.6+/-2.3)e+03,(6.6+/-2.3)e+03,(6.6+/-2.3)e+03,(6.6+/-2.3)e+03,(6.6+/-2.3)e+03,(6.6+/-2.3)e+03,(6.6+/-2.3)e+03,(6.6+/-2.3)e+03,(6.6+/-2.3)e+03,(6.6+/-2.3)e+03,(6.6+/-2.3)e+03,(6.6+/-2.3)e+03,(6.6+/-2.3)e+03,(6.6+/-2.3)e+03,(6.6+/-2.3)e+03,(6.6+/-2.3)e+03,(6.6+/-2.3)e+03,(6.6+/-2.3)e+03,(6.6+/-2.3)e+03,(6.6+/-2.3)e+03,(6.6+/-2.3)e+03,(6.6+/-2.3)e+03,(6.6+/-2.3)e+03,(6.6+/-2.3)e+03,(6.6+/-2.3)e+03,(6.6+/-2.3)e+03,(6.6+/-2.3)e+03,(6.6+/-2.3)e+03,(6.6+/-2.3)e+03,(6.6+/-2.3)e+03
Qatar,166366,454196,0,0,0,0,(6.6+/-2.3)e+03,(6.6+/-2.3)e+03,(6.6+/-2.3)e+03,(6.6+/-2.3)e+03,(6.6+/-2.3)e+03,(6.6+/-2.3)e+03,(6.6+/-2.3)e+03,(6.6+/-2.3)e+03,(6.6+/-2.3)e+03,(6.6+/-2.3)e+03,(6.6+/-2.3)e+03,(6.6+/-2.3)e+03,(6.6+/-2.3)e+03,(6.6+/-2.3)e+03,(6.6+/-2.3)e+03,(6.6+/-2.3)e+03,(6.6+/-2.3)e+03,(6.6+/-2.3)e+03,(6.6+/-2.3)e+03,(6.6+/-2.3)e+03,(6.6+/-2.3)e+03,(6.6+/-2.3)e+03,(6.6+/-2.3)e+03,(6.6+/-2.3)e+03,(6.6+/-2.3)e+03,(6.6+/-2.3)e+03,(6.6+/-2.3)e+03,(6.6+/-2.3)e+03,(6.6+/-2.3)e+03,(6.6+/-2.3)e+03,(6.6+/-2.3)e+03,(6.6+/-2.3)e+03,(6.6+/-2.3)e+03,(6.6+/-2.3)e+03,(6.6+/-2.3)e+03,(6.6+/-2.3)e+03,(6.6+/-2.3)e+03,(6.6+/-2.3)e+03,(6.6+/-2.3)e+03,(6.6+/-2.3)e+03,(6.6+/-2.3)e+03,(6.6+/-2.3)e+03,(6.6+/-2.3)e+03,(6.6+/-2.3)e+03,(6.6+/-2.3)e+03,(6.6+/-2.3)e+03,(6.6+/-2.3)e+03,(6.6+/-2.3)e+03,(6.6+/-2.3)e+03
Romania,1134427,2315379,0,0,0,0,(7.6+/-2.8)e+05,(7.6+/-2.8)e+05,(7.6+/-2.8)e+05,(7.6+/-2.8)e+05,(7.6+/-2.8)e+05,(7.6+/-2.8)e+05,(7.6+/-2.8)e+05,(7.6+/-2.8)e+05,(7.6+/-2.8)e+05,(7.6+/-2.8)e+05,(7.6+/-2.8)e+05,(7.6+/-2.8)e+05,(7.6+/-2.8)e+05,(7.6+/-2.8)e+05,(7.6+/-2.8)e+05,(7.6+/-2.8)e+05,(7.6+/-2.8)e+05,(7.6+/-2.8)e+05,(7.6+/-2.8)e+05,(7.6+/-2.8)e+05,(7.6+/-2.8)e+05,(7.6+/-2.8)e+05,(7.6+/-2.8)e+05,(7.6+/-2.8)e+05,(7.6+/-2.8)e+05,(7.6+/-2.8)e+05,(7.6+/-2.8)e+05,(7.6+/-2.8)e+05,(7.6+/-2.8)e+05,(7.6+/-2.8)e+05,(7.6+/-2.8)e+05,(7.6+/-2.8)e+05,(7.6+/-2.8)e+05,(7.6+/-2.8)e+05,(7.6+/-2.8)e+05,(7.6+/-2.8)e+05,(7.6+/-2.8)e+05,(7.6+/-2.8)e+05,(7.6+/-2.8)e+05,(7.6+/-2.8)e+05,(7.6+/-2.8)e+05,(7.6+/-2.8)e+05,(7.6+/-2.8)e+05,(7.6+/-2.8)e+05,(7.6+/-2.8)e+05,(7.6+/-2.8)e+05,(7.6+/-2.8)e+05,(7.6+/-2.8)e+05,(7.6+/-2.8)e+05
Russia,9042198,18601420,0,0,0,0,(1.2+/-0.5)e+07,(1.2+/-0.5)e+07,(1.2+/-0.5)e+07,(1.2+/-0.5)e+07,(1.2+/-0.5)e+07,(1.2+/-0.5)e+07,(1.2+/-0.5)e+07,(1.2+/-0.5)e+07,(1.2+/-0.5)e+07,(1.2+/-0.5)e+07,(1.2+/-0.5)e+07,(1.2+/-0.5)e+07,(1.2+/-0.5)e+07,(1.2+/-0.5)e+07,(1.2+/-0.5)e+07,(1.2+/-0.5)e+07,(1.2+/-0.5)e+07,(1.2+/-0.5)e+07,(1.2+/-0.5)e+07,(1.2+/-0.5)e+07,(1.2+/-0.5)e+07,(1.2+/-0.5)e+07,(1.2+/-0.5)e+07,(1.2+/-0.5)e+07,(1.2+/-0.5)e+07,(1.2+/-0.5)e+07,(1.2+/-0.5)e+07,(1.2+/-0.5)e+07,(1.2+/-0.5)e+07,(1.2+/-0.5)e+07,(1.2+/-0.5)e+07,(1.2+/-0.5)e+07,(1.2+/-0.5)e+07,(1.2+/-0.5)e+07,(1.2+/-0.5)e+07,(1.2+/-0.5)e+07,(1.2+/-0.5)e+07,(1.2+/-0.5)e+07,(1.2+/-0.5)e+07,(1.2+/-0.5)e+07,(1.2+/-0.5)e+07,(1.2+/-0.5)e+07,(1.2+/-0.5)e+07,(1.2+/-0.5)e+07,(1.2+/-0.5)e+07,(1.2+/-0.5)e+07,(1.2+/-0.5)e+07,(1.2+/-0.5)e+07,(1.2+/-0.5)e+07
Rwanda,650841,1340328,0,0,0,0,(6.6+/-2.3)e+03,(6.6+/-2.3)e+03,(6.6+/-2.3)e+03,(6.6+/-2.3)e+03,(6.6+/-2.3)e+03,(6.6+/-2.3)e+03,(6.6+/-2.3)e+03,(6.6+/-2.3)e+03,(6.6+/-2.3)e+03,(6.6+/-2.3)e+03,(6.6+/-2.3)e+03,(6.6+/-2.3)e+03,(6.6+/-2.3)e+03,(6.6+/-2.3)e+03,(6.6+/-2.3)e+03,(6.6+/-2.3)e+03,(6.6+/-2.3)e+03,(6.6+/-2.3)e+03,(6.6+/-2.3)e+03,(6.6+/-2.3)e+03,(6.6+/-2.3)e+03,(6.6+/-2.3)e+03,(6.6+/-2.3)e+03,(6.6+/-2.3)e+03,(6.6+/-2.3)e+03,(6.6+/-2.3)e+03,(6.6+/-2.3)e+03,(6.6+/-2.3)e+03,(6.6+/-2.3)e+03,(6.6+/-2.3)e+03,(6.6+/-2.3)e+03,(6.6+/-2.3)e+03,(6.6+/-2.3)e+03,(6.6+/-2.3)e+03,(6.6+/-2.3)e+03,(6.6+/-2.3)e+03,(6.6+/-2.3)e+03,(6.6+/-2.3)e+03,(6.6+/-2.3)e+03,(6.6+/-2.3)e+03,(6.6+/-2.3)e+03,(6.6+/-2.3)e+03,(6.6+/-2.3)e+03,(6.6+/-2.3)e+03,(6.6+/-2.3)e+03,(6.6+/-2.3)e+03,(6.6+/-2.3)e+03,(6.6+/-2.3)e+03,(6.6+/-2.3)e+03
Saudi Arabia,1349768,3684986,0,0,0,0,(6.6+/-2.3)e+03,(6.6+/-2.3)e+03,(6.6+/-2.3)e+03,(6.6+/-2.3)e+03,(6.6+/-2.3)e+03,(6.6+/-2.3)e+03,(6.6+/-2.3)e+03,(6.6+/-2.3)e+03,(6.6+/-2.3)e+03,(6.6+/-2.3)e+03,(6.6+/-2.3)e+03,(6.6+/-2.3)e+03,(6.6+/-2.3)e+03,(6.6+/-2.3)e+03,(6.6+/-2.3)e+03,(6.6+/-2.3)e+03,(6.6+/-2.3)e+03,(6.6+/-2.3)e+03,(6.6+/-2.3)e+03,(6.6+/-2.3)e+03,(6.6+/-2.3)e+03,(6.6+/-2.3)e+03,(6.6+/-2.3)e+03,(6.6+/-2.3)e+03,(6.6+/-2.3)e+03,(6.6+/-2.3)e+03,(6.6+/-2.3)e+03,(6.6+/-2.3)e+03,(6.6+/-2.3)e+03,(6.6+/-2.3)e+03,(6.6+/-2.3)e+03,(6.6+/-2.3)e+03,(6.6+/-2.3)e+03,(6.6+/-2.3)e+03,(6.6+/-2.3)e+03,(6.6+/-2.3)e+03,(6.6+/-2.3)e+03,(6.6+/-2.3)e+03,(6.6+/-2.3)e+03,(6.6+/-2.3)e+03,(6.6+/-2.3)e+03,(6.6+/-2.3)e+03,(6.6+/-2.3)e+03,(6.6+/-2.3)e+03,(6.6+/-2.3)e+03,(6.6+/-2.3)e+03,(6.6+/-2.3)e+03,(6.6+/-2.3)e+03,(6.6+/-2.3)e+03
Sudan,1562836,3870678,0,0,0,0,(6.6+/-2.3)e+03,(6.6+/-2.3)e+03,(6.6+/-2.3)e+03,(6.6+/-2.3)e+03,(6.6+/-2.3)e+03,(6.6+/-2.3)e+03,(6.6+/-2.3)e+03,(6.6+/-2.3)e+03,(6.6+/-2.3)e+03,(6.6+/-2.3)e+03,(6.6+/-2.3)e+03,(6.6+/-2.3)e+03,(6.6+/-2.3)e+03,(6.6+/-2.3)e+03,(6.6+/-2.3)e+03,(6.6+/-2.3)e+03,(6.6+/-2.3)e+03,(6.6+/-2.3)e+03,(6.6+/-2.3)e+03,(6.6+/-2.3)e+03,(6.6+/-2.3)e+03,(6.6+/-2.3)e+03,(6.6+/-2.3)e+03,(6.6+/-2.3)e+03,(6.6+/-2.3)e+03,(6.6+/-2.3)e+03,(6.6+/-2.3)e+03,(6.6+/-2.3)e+03,(6.6+/-2.3)e+03,(6.6+/-2.3)e+03,(6.6+/-2.3)e+03,(6.6+/-2.3)e+03,(6.6+/-2.3)e+03,(6.6+/-2.3)e+03,(6.6+/-2.3)e+03,(6.6+/-2.3)e+03,(6.6+/-2.3)e+03,(6.6+/-2.3)e+03,(6.6+/-2.3)e+03,(6.6+/-2.3)e+03,(6.6+/-2.3)e+03,(6.6+/-2.3)e+03,(6.6+/-2.3)e+03,(6.6+/-2.3)e+03,(6.6+/-2.3)e+03,(6.6+/-2.3)e+03,(6.6+/-2.3)e+03,(6.6+/-2.3)e+03,(6.6+/-2.3)e+03
Senegal,618490,1350859,0,0,0,0,(5.8+/-2.2)e+04,(5.8+/-2.2)e+04,(5.8+/-2.2)e+04,(5.8+/-2.2)e+04,(5.8+/-2.2)e+04,(5.8+/-2.2)e+04,(5.8+/-2.2)e+04,(5.8+/-2.2)e+04,(5.8+/-2.2)e+04,(5.8+/-2.2)e+04,(5.8+/-2.2)e+04,(5.8+/-2.2)e+04,(5.8+/-2.2)e+04,(5.8+/-2.2)e+04,(5.8+/-2.2)e+04,(5.8+/-2.2)e+04,(5.8+/-2.2)e+04,(5.8+/-2.2)e+04,(5.8+/-2.2)e+04,(5.8+/-2.2)e+04,(5.8+/-2.2)e+04,(5.8+/-2.2)e+04,(5.8+/-2.2)e+04,(5.8+/-2.2)e+04,(5.8+/-2.2)e+04,(5.8+/-2.2)e+04,(5.8+/-2.2)e+04,(5.8+/-2.2)e+04,(5.8+/-2.2)e+04,(5.8+/-2.2)e+04,(5.8+/-2.2)e+04,(5.8+/-2.2)e+04,(5.8+/-2.2)e+04,(5.8+/-2.2)e+04,(5.8+/-2.2)e+04,(5.8+/-2.2)e+04,(5.8+/-2.2)e+04,(5.8+/-2.2)e+04,(5.8+/-2.2)e+04,(5.8+/-2.2)e+04,(5.8+/-2.2)e+04,(5.8+/-2.2)e+04,(5.8+/-2.2)e+04,(5.8+/-2.2)e+04,(5.8+/-2.2)e+04,(5.8+/-2.2)e+04,(5.8+/-2.2)e+04,(5.8+/-2.2)e+04,(5.8+/-2.2)e+04
Singapore,207996,546483,0,0,0,0,(6.6+/-2.3)e+03,(6.6+/-2.3)e+03,(6.6+/-2.3)e+03,(6.6+/-2.3)e+03,(6.6+/-2.3)e+03,(6.6+/-2.3)e+03,(6.6+/-2.3)e+03,(6.6+/-2.3)e+03,(6.6+/-2.3)e+03,(6.6+/-2.3)e+03,(6.6+/-2.3)e+03,(6.6+/-2.3)e+03,(6.6+/-2.3)e+03,(6.6+/-2.3)e+03,(6.6+/-2.3)e+03,(6.6+/-2.3)e+03,(6.6+/-2.3)e+03,(6.6+/-2.3)e+03,(6.6+/-2.3)e+03,(6.6+/-2.3)e+03,(6.6+/-2.3)e+03,(6.6+/-2.3)e+03,(6.6+/-2.3)e+03,(6.6+/-2.3)e+03,(6.6+/-2.3)e+03,(6.6+/-2.3)e+03,(6.6+/-2.3)e+03,(6.6+/-2.3)e+03,(6.6+/-2.3)e+03,(6.6+/-2.3)e+03,(6.6+/-2.3)e+03,(6.6+/-2.3)e+03,(6.6+/-2.3)e+03,(6.6+/-2.3)e+03,(6.6+/-2.3)e+03,(6.6+/-2.3)e+03,(6.6+/-2.3)e+03,(6.6+/-2.3)e+03,(6.6+/-2.3)e+03,(6.6+/-2.3)e+03,(6.6+/-2.3)e+03,(6.6+/-2.3)e+03,(6.6+/-2.3)e+03,(6.6+/-2.3)e+03,(6.6+/-2.3)e+03,(6.6+/-2.3)e+03,(6.6+/-2.3)e+03,(6.6+/-2.3)e+03,(6.6+/-2.3)e+03
Solomon Islands,55747,114717,0,0,0,0,(6.6+/-2.3)e+03,(6.6+/-2.3)e+03,(6.6+/-2.3)e+03,(6.6+/-2.3)e+03,(6.6+/-2.3)e+03,(6.6+/-2.3)e+03,(6.6+/-2.3)e+03,(6.6+/-2.3)e+03,(6.6+/-2.3)e+03,(6.6+/-2.3)e+03,(6.6+/-2.3)e+03,(6.6+/-2.3)e+03,(6.6+/-2.3)e+03,(6.6+/-2.3)e+03,(6.6+/-2.3)e+03,(6.6+/-2.3)e+03,(6.6+/-2.3)e+03,(6.6+/-2.3)e+03,(6.6+/-2.3)e+03,(6.6+/-2.3)e+03,(6.6+/-2.3)e+03,(6.6+/-2.3)e+03,(6.6+/-2.3)e+03,(6.6+/-2.3)e+03,(6.6+/-2.3)e+03,(6.6+/-2.3)e+03,(6.6+/-2.3)e+03,(6.6+/-2.3)e+03,(6.6+/-2.3)e+03,(6.6+/-2.3)e+03,(6.6+/-2.3)e+03,(6.6+/-2.3)e+03,(6.6+/-2.3)e+03,(6.6+/-2.3)e+03,(6.6+/-2.3)e+03,(6.6+/-2.3)e+03,(6.6+/-2.3)e+03,(6.6+/-2.3)e+03,(6.6+/-2.3)e+03,(6.6+/-2.3)e+03,(6.6+/-2.3)e+03,(6.6+/-2.3)e+03,(6.6+/-2.3)e+03,(6.6+/-2.3)e+03,(6.6+/-2.3)e+03,(6.6+/-2.3)e+03,(6.6+/-2.3)e+03,(6.6+/-2.3)e+03,(6.6+/-2.3)e+03
Sierra Leone,407652,893525,0,0,0,0,(6.6+/-2.3)e+03,(6.6+/-2.3)e+03,(6.6+/-2.3)e+03,(6.6+/-2.3)e+03,(6.6+/-2.3)e+03,(6.6+/-2.3)e+03,(6.6+/-2.3)e+03,(6.6+/-2.3)e+03,(6.6+/-2.3)e+03,(6.6+/-2.3)e+03,(6.6+/-2.3)e+03,(6.6+/-2.3)e+03,(6.6+/-2.3)e+03,(6.6+/-2.3)e+03,(6.6+/-2.3)e+03,(6.6+/-2.3)e+03,(6.6+/-2.3)e+03,(6.6+/-2.3)e+03,(6.6+/-2.3)e+03,(6.6+/-2.3)e+03,(6.6+/-2.3)e+03,(6.6+/-2.3)e+03,(6.6+/-2.3)e+03,(6.6+/-2.3)e+03,(6.6+/-2.3)e+03,(6.6+/-2.3)e+03,(6.6+/-2.3)e+03,(6.6+/-2.3)e+03,(6.6+/-2.3)e+03,(6.6+/-2.3)e+03,(6.6+/-2.3)e+03,(6.6+/-2.3)e+03,(6.6+/-2.3)e+03,(6.6+/-2.3)e+03,(6.6+/-2.3)e+03,(6.6+/-2.3)e+03,(6.6+/-2.3)e+03,(6.6+/-2.3)e+03,(6.6+/-2.3)e+03,(6.6+/-2.3)e+03,(6.6+/-2.3)e+03,(6.6+/-2.3)e+03,(6.6+/-2.3)e+03,(6.6+/-2.3)e+03,(6.6+/-2.3)e+03,(6.6+/-2.3)e+03,(6.6+/-2.3)e+03,(6.6+/-2.3)e+03,(6.6+/-2.3)e+03
El Salvador,330923,950160,0,0,0,0,(6.6+/-2.3)e+03,(6.6+/-2.3)e+03,(6.6+/-2.3)e+03,(6.6+/-2.3)e+03,(6.6+/-2.3)e+03,(6.6+/-2.3)e+03,(6.6+/-2.3)e+03,(6.6+/-2.3)e+03,(6.6+/-2.3)e+03,(6.6+/-2.3)e+03,(6.6+/-2.3)e+03,(6.6+/-2.3)e+03,(6.6+/-2.3)e+03,(6.6+/-2.3)e+03,(6.6+/-2.3)e+03,(6.6+/-2.3)e+03,(6.6+/-2.3)e+03,(6.6+/-2.3)e+03,(6.6+/-2.3)e+03,(6.6+/-2.3)e+03,(6.6+/-2.3)e+03,(6.6+/-2.3)e+03,(6.6+/-2.3)e+03,(6.6+/-2.3)e+03,(6.6+/-2.3)e+03,(6.6+/-2.3)e+03,(6.6+/-2.3)e+03,(6.6+/-2.3)e+03,(6.6+/-2.3)e+03,(6.6+/-2.3)e+03,(6.6+/-2.3)e+03,(6.6+/-2.3)e+03,(6.6+/-2.3)e+03,(6.6+/-2.3)e+03,(6.6+/-2.3)e+03,(6.6+/-2.3)e+03,(6.6+/-2.3)e+03,(6.6+/-2.3)e+03,(6.6+/-2.3)e+03,(6.6+/-2.3)e+03,(6.6+/-2.3)e+03,(6.6+/-2.3)e+03,(6.6+/-2.3)e+03,(6.6+/-2.3)e+03,(6.6+/-2.3)e+03,(6.6+/-2.3)e+03,(6.6+/-2.3)e+03,(6.6+/-2.3)e+03,(6.6+/-2.3)e+03
San Marino,1045,3115,0,0,0,0,(6.6+/-2.3)e+03,(6.6+/-2.3)e+03,(6.6+/-2.3)e+03,(6.6+/-2.3)e+03,(6.6+/-2.3)e+03,(6.6+/-2.3)e+03,(6.6+/-2.3)e+03,(6.6+/-2.3)e+03,(6.6+/-2.3)e+03,(6.6+/-2.3)e+03,(6.6+/-2.3)e+03,(6.6+/-2.3)e+03,(6.6+/-2.3)e+03,(6.6+/-2.3)e+03,(6.6+/-2.3)e+03,(6.6+/-2.3)e+03,(6.6+/-2.3)e+03,(6.6+/-2.3)e+03,(6.6+/-2.3)e+03,(6.6+/-2.3)e+03,(6.6+/-2.3)e+03,(6.6+/-2.3)e+03,(6.6+/-2.3)e+03,(6.6+/-2.3)e+03,(6.6+/-2.3)e+03,(6.6+/-2.3)e+03,(6.6+/-2.3)e+03,(6.6+/-2.3)e+03,(6.6+/-2.3)e+03,(6.6+/-2.3)e+03,(6.6+/-2.3)e+03,(6.6+/-2.3)e+03,(6.6+/-2.3)e+03,(6.6+/-2.3)e+03,(6.6+/-2.3)e+03,(6.6+/-2.3)e+03,(6.6+/-2.3)e+03,(6.6+/-2.3)e+03,(6.6+/-2.3)e+03,(6.6+/-2.3)e+03,(6.6+/-2.3)e+03,(6.6+/-2.3)e+03,(6.6+/-2.3)e+03,(6.6+/-2.3)e+03,(6.6+/-2.3)e+03,(6.6+/-2.3)e+03,(6.6+/-2.3)e+03,(6.6+/-2.3)e+03,(6.6+/-2.3)e+03
Somalia,330106,765201,0,0,0,0,(6.6+/-2.3)e+03,(6.6+/-2.3)e+03,(6.6+/-2.3)e+03,(6.6+/-2.3)e+03,(6.6+/-2.3)e+03,(6.6+/-2.3)e+03,(6.6+/-2.3)e+03,(6.6+/-2.3)e+03,(6.6+/-2.3)e+03,(6.6+/-2.3)e+03,(6.6+/-2.3)e+03,(6.6+/-2.3)e+03,(6.6+/-2.3)e+03,(6.6+/-2.3)e+03,(6.6+/-2.3)e+03,(6.6+/-2.3)e+03,(6.6+/-2.3)e+03,(6.6+/-2.3)e+03,(6.6+/-2.3)e+03,(6.6+/-2.3)e+03,(6.6+/-2.3)e+03,(6.6+/-2.3)e+03,(6.6+/-2.3)e+03,(6.6+/-2.3)e+03,(6.6+/-2.3)e+03,(6.6+/-2.3)e+03,(6.6+/-2.3)e+03,(6.6+/-2.3)e+03,(6.6+/-2.3)e+03,(6.6+/-2.3)e+03,(6.6+/-2.3)e+03,(6.6+/-2.3)e+03,(6.6+/-2.3)e+03,(6.6+/-2.3)e+03,(6.6+/-2.3)e+03,(6.6+/-2.3)e+03,(6.6+/-2.3)e+03,(6.6+/-2.3)e+03,(6.6+/-2.3)e+03,(6.6+/-2.3)e+03,(6.6+/-2.3)e+03,(6.6+/-2.3)e+03,(6.6+/-2.3)e+03,(6.6+/-2.3)e+03,(6.6+/-2.3)e+03,(6.6+/-2.3)e+03,(6.6+/-2.3)e+03,(6.6+/-2.3)e+03,(6.6+/-2.3)e+03
Serbia,447161,849964,0,0,0,0,(1.6+/-0.6)e+06,(1.6+/-0.6)e+06,(1.6+/-0.6)e+06,(1.6+/-0.6)e+06,(1.6+/-0.6)e+06,(1.6+/-0.6)e+06,(1.6+/-0.6)e+06,(1.6+/-0.6)e+06,(1.6+/-0.6)e+06,(1.6+/-0.6)e+06,(1.6+/-0.6)e+06,(1.6+/-0.6)e+06,(1.6+/-0.6)e+06,(1.6+/-0.6)e+06,(1.6+/-0.6)e+06,(1.6+/-0.6)e+06,(1.6+/-0.6)e+06,(1.6+/-0.6)e+06,(1.6+/-0.6)e+06,(1.6+/-0.6)e+06,(1.6+/-0.6)e+06,(1.6+/-0.6)e+06,(1.6+/-0.6)e+06,(1.6+/-0.6)e+06,(1.6+/-0.6)e+06,(1.6+/-0.6)e+06,(1.6+/-0.6)e+06,(1.6+/-0.6)e+06,(1.6+/-0.6)e+06,(1.6+/-0.6)e+06,(1.6+/-0.6)e+06,(1.6+/-0.6)e+06,(1.6+/-0.6)e+06,(1.6+/-0.6)e+06,(1.6+/-0.6)e+06,(1.6+/-0.6)e+06,(1.6+/-0.6)e+06,(1.6+/-0.6)e+06,(1.6+/-0.6)e+06,(1.6+/-0.6)e+06,(1.6+/-0.6)e+06,(1.6+/-0.6)e+06,(1.6+/-0.6)e+06,(1.6+/-0.6)e+06,(1.6+/-0.6)e+06,(1.6+/-0.6)e+06,(1.6+/-0.6)e+06,(1.6+/-0.6)e+06,(1.6+/-0.6)e+06
South Sudan,594763,1561420,0,0,0,0,(6.6+/-2.3)e+03,(6.6+/-2.3)e+03,(6.6+/-2.3)e+03,(6.6+/-2.3)e+03,(6.6+/-2.3)e+03,(6.6+/-2.3)e+03,(6.6+/-2.3)e+03,(6.6+/-2.3)e+03,(6.6+/-2.3)e+03,(6.6+/-2.3)e+03,(6.6+/-2.3)e+03,(6.6+/-2.3)e+03,(6.6+/-2.3)e+03,(6.6+/-2.3)e+03,(6.6+/-2.3)e+03,(6.6+/-2.3)e+03,(6.6+/-2.3)e+03,(6.6+/-2.3)e+03,(6.6+/-2.3)e+03,(6.6+/-2.3)e+03,(6.6+/-2.3)e+03,(6.6+/-2.3)e+03,(6.6+/-2.3)e+03,(6.6+/-2.3)e+03,(6.6+/-2.3)e+03,(6.6+/-2.3)e+03,(6.6+/-2.3)e+03,(6.6+/-2.3)e+03,(6.6+/-2.3)e+03,(6.6+/-2.3)e+03,(6.6+/-2.3)e+03,(6.6+/-2.3)e+03,(6.6+/-2.3)e+03,(6.6+/-2.3)e+03,(6.6+/-2.3)e+03,(6.6+/-2.3)e+03,(6.6+/-2.3)e+03,(6.6+/-2.3)e+03,(6.6+/-2.3)e+03,(6.6+/-2.3)e+03,(6.6+/-2.3)e+03,(6.6+/-2.3)e+03,(6.6+/-2.3)e+03,(6.6+/-2.3)e+03,(6.6+/-2.3)e+03,(6.6+/-2.3)e+03,(6.6+/-2.3)e+03,(6.6+/-2.3)e+03,(6.6+/-2.3)e+03
Sao Tome and Principe,5189,11291,0,0,0,0,(6.6+/-2.3)e+03,(6.6+/-2.3)e+03,(6.6+/-2.3)e+03,(6.6+/-2.3)e+03,(6.6+/-2.3)e+03,(6.6+/-2.3)e+03,(6.6+/-2.3)e+03,(6.6+/-2.3)e+03,(6.6+/-2.3)e+03,(6.6+/-2.3)e+03,(6.6+/-2.3)e+03,(6.6+/-2.3)e+03,(6.6+/-2.3)e+03,(6.6+/-2.3)e+03,(6.6+/-2.3)e+03,(6.6+/-2.3)e+03,(6.6+/-2.3)e+03,(6.6+/-2.3)e+03,(6.6+/-2.3)e+03,(6.6+/-2.3)e+03,(6.6+/-2.3)e+03,(6.6+/-2.3)e+03,(6.6+/-2.3)e+03,(6.6+/-2.3)e+03,(6.6+/-2.3)e+03,(6.6+/-2.3)e+03,(6.6+/-2.3)e+03,(6.6+/-2.3)e+03,(6.6+/-2.3)e+03,(6.6+/-2.3)e+03,(6.6+/-2.3)e+03,(6.6+/-2.3)e+03,(6.6+/-2.3)e+03,(6.6+/-2.3)e+03,(6.6+/-2.3)e+03,(6.6+/-2.3)e+03,(6.6+/-2.3)e+03,(6.6+/-2.3)e+03,(6.6+/-2.3)e+03,(6.6+/-2.3)e+03,(6.6+/-2.3)e+03,(6.6+/-2.3)e+03,(6.6+/-2.3)e+03,(6.6+/-2.3)e+03,(6.6+/-2.3)e+03,(6.6+/-2.3)e+03,(6.6+/-2.3)e+03,(6.6+/-2.3)e+03,(6.6+/-2.3)e+03
Suriname,31825,74042,0,0,0,0,(6.6+/-2.3)e+03,(6.6+/-2.3)e+03,(6.6+/-2.3)e+03,(6.6+/-2.3)e+03,(6.6+/-2.3)e+03,(6.6+/-2.3)e+03,(6.6+/-2.3)e+03,(6.6+/-2.3)e+03,(6.6+/-2.3)e+03,(6.6+/-2.3)e+03,(6.6+/-2.3)e+03,(6.6+/-2.3)e+03,(6.6+/-2.3)e+03,(6.6+/-2.3)e+03,(6.6+/-2.3)e+03,(6.6+/-2.3)e+03,(6.6+/-2.3)e+03,(6.6+/-2.3)e+03,(6.6+/-2.3)e+03,(6.6+/-2.3)e+03,(6.6+/-2.3)e+03,(6.6+/-2.3)e+03,(6.6+/-2.3)e+03,(6.6+/-2.3)e+03,(6.6+/-2.3)e+03,(6.6+/-2.3)e+03,(6.6+/-2.3)e+03,(6.6+/-2.3)e+03,(6.6+/-2.3)e+03,(6.6+/-2.3)e+03,(6.6+/-2.3)e+03,(6.6+/-2.3)e+03,(6.6+/-2.3)e+03,(6.6+/-2.3)e+03,(6.6+/-2.3)e+03,(6.6+/-2.3)e+03,(6.6+/-2.3)e+03,(6.6+/-2.3)e+03,(6.6+/-2.3)e+03,(6.6+/-2.3)e+03,(6.6+/-2.3)e+03,(6.6+/-2.3)e+03,(6.6+/-2.3)e+03,(6.6+/-2.3)e+03,(6.6+/-2.3)e+03,(6.6+/-2.3)e+03,(6.6+/-2.3)e+03,(6.6+/-2.3)e+03,(6.6+/-2.3)e+03
Slovakia,299403,670857,0,0,0,0,(1.0+/-0.4)e+05,(1.0+/-0.4)e+05,(1.0+/-0.4)e+05,(1.0+/-0.4)e+05,(1.0+/-0.4)e+05,(1.0+/-0.4)e+05,(1.0+/-0.4)e+05,(1.0+/-0.4)e+05,(1.0+/-0.4)e+05,(1.0+/-0.4)e+05,(1.0+/-0.4)e+05,(1.0+/-0.4)e+05,(1.0+/-0.4)e+05,(1.0+/-0.4)e+05,(1.0+/-0.4)e+05,(1.0+/-0.4)e+05,(1.0+/-0.4)e+05,(1.0+/-0.4)e+05,(1.0+/-0.4)e+05,(1.0+/-0.4)e+05,(1.0+/-0.4)e+05,(1.0+/-0.4)e+05,(1.0+/-0.4)e+05,(1.0+/-0.4)e+05,(1.0+/-0.4)e+05,(1.0+/-0.4)e+05,(1.0+/-0.4)e+05,(1.0+/-0.4)e+05,(1.0+/-0.4)e+05,(1.0+/-0.4)e+05,(1.0+/-0.4)e+05,(1.0+/-0.4)e+05,(1.0+/-0.4)e+05,(1.0+/-0.4)e+05,(1.0+/-0.4)e+05,(1.0+/-0.4)e+05,(1.0+/-0.4)e+05,(1.0+/-0.4)e+05,(1.0+/-0.4)e+05,(1.0+/-0.4)e+05,(1.0+/-0.4)e+05,(1.0+/-0.4)e+05,(1.0+/-0.4)e+05,(1.0+/-0.4)e+05,(1.0+/-0.4)e+05,(1.0+/-0.4)e+05,(1.0+/-0.4)e+05,(1.0+/-0.4)e+05,(1.0+/-0.4)e+05
Slovenia,107736,237935,0,0,0,0,(3.6+/-1.4)e+05,(3.6+/-1.4)e+05,(3.6+/-1.4)e+05,(3.6+/-1.4)e+05,(3.6+/-1.4)e+05,(3.6+/-1.4)e+05,(3.6+/-1.4)e+05,(3.6+/-1.4)e+05,(3.6+/-1.4)e+05,(3.6+/-1.4)e+05,(3.6+/-1.4)e+05,(3.6+/-1.4)e+05,(3.6+/-1.4)e+05,(3.6+/-1.4)e+05,(3.6+/-1.4)e+05,(3.6+/-1.4)e+05,(3.6+/-1.4)e+05,(3.6+/-1.4)e+05,(3.6+/-1.4)e+05,(3.6+/-1.4)e+05,(3.6+/-1.4)e+05,(3.6+/-1.4)e+05,(3.6+/-1.4)e+05,(3.6+/-1.4)e+05,(3.6+/-1.4)e+05,(3.6+/-1.4)e+05,(3.6+/-1.4)e+05,(3.6+/-1.4)e+05,(3.6+/-1.4)e+05,(3.6+/-1.4)e+05,(3.6+/-1.4)e+05,(3.6+/-1.4)e+05,(3.6+/-1.4)e+05,(3.6+/-1.4)e+05,(3.6+/-1.4)e+05,(3.6+/-1.4)e+05,(3.6+/-1.4)e+05,(3.6+/-1.4)e+05,(3.6+/-1.4)e+05,(3.6+/-1.4)e+05,(3.6+/-1.4)e+05,(3.6+/-1.4)e+05,(3.6+/-1.4)e+05,(3.6+/-1.4)e+05,(3.6+/-1.4)e+05,(3.6+/-1.4)e+05,(3.6+/-1.4)e+05,(3.6+/-1.4)e+05,(3.6+/-1.4)e+05
Sweden,534249,1189451,0,0,0,0,(6.6+/-2.3)e+03,(6.6+/-2.3)e+03,(6.6+/-2.3)e+03,(6.6+/-2.3)e+03,(6.6+/-2.3)e+03,(6.6+/-2.3)e+03,(6.6+/-2.3)e+03,(6.6+/-2.3)e+03,(6.6+/-2.3)e+03,(6.6+/-2.3)e+03,(6.6+/-2.3)e+03,(6.6+/-2.3)e+03,(6.6+/-2.3)e+03,(6.6+/-2.3)e+03,(6.6+/-2.3)e+03,(6.6+/-2.3)e+03,(6.6+/-2.3)e+03,(6.6+/-2.3)e+03,(6.6+/-2.3)e+03,(6.6+/-2.3)e+03,(6.6+/-2.3)e+03,(6.6+/-2.3)e+03,(6.6+/-2.3)e+03,(6.6+/-2.3)e+03,(6.6+/-2.3)e+03,(6.6+/-2.3)e+03,(6.6+/-2.3)e+03,(6.6+/-2.3)e+03,(6.6+/-2.3)e+03,(6.6+/-2.3)e+03,(6.6+/-2.3)e+03,(6.6+/-2.3)e+03,(6.6+/-2.3)e+03,(6.6+/-2.3)e+03,(6.6+/-2.3)e+03,(6.6+/-2.3)e+03,(6.6+/-2.3)e+03,(6.6+/-2.3)e+03,(6.6+/-2.3)e+03,(6.6+/-2.3)e+03,(6.6+/-2.3)e+03,(6.6+/-2.3)e+03,(6.6+/-2.3)e+03,(6.6+/-2.3)e+03,(6.6+/-2.3)e+03,(6.6+/-2.3)e+03,(6.6+/-2.3)e+03,(6.6+/-2.3)e+03,(6.6+/-2.3)e+03
Eswatini,49161,124130,0,0,0,0,(6.6+/-2.3)e+03,(6.6+/-2.3)e+03,(6.6+/-2.3)e+03,(6.6+/-2.3)e+03,(6.6+/-2.3)e+03,(6.6+/-2.3)e+03,(6.6+/-2.3)e+03,(6.6+/-2.3)e+03,(6.6+/-2.3)e+03,(6.6+/-2.3)e+03,(6.6+/-2.3)e+03,(6.6+/-2.3)e+03,(6.6+/-2.3)e+03,(6.6+/-2.3)e+03,(6.6+/-2.3)e+03,(6.6+/-2.3)e+03,(6.6+/-2.3)e+03,(6.6+/-2.3)e+03,(6.6+/-2.3)e+03,(6.6+/-2.3)e+03,(6.6+/-2.3)e+03,(6.6+/-2.3)e+03,(6.6+/-2.3)e+03,(6.6+/-2.3)e+03,(6.6+/-2.3)e+03,(6.6+/-2.3)e+03,(6.6+/-2.3)e+03,(6.6+/-2.3)e+03,(6.6+/-2.3)e+03,(6.6+/-2.3)e+03,(6.6+/-2.3)e+03,(6.6+/-2.3)e+03,(6.6+/-2.3)e+03,(6.6+/-2.3)e+03,(6.6+/-2.3)e+03,(6.6+/-2.3)e+03,(6.6+/-2.3)e+03,(6.6+/-2.3)e+03,(6.6+/-2.3)e+03,(6.6+/-2.3)e+03,(6.6+/-2.3)e+03,(6.6+/-2.3)e+03,(6.6+/-2.3)e+03,(6.6+/-2.3)e+03,(6.6+/-2.3)e+03,(6.6+/-2.3)e+03,(6.6+/-2.3)e+03,(6.6+/-2.3)e+03,(6.6+/-2.3)e+03
Sint Maarten,3374,6056,0,0,0,0,(6.6+/-2.3)e+03,(6.6+/-2.3)e+03,(6.6+/-2.3)e+03,(6.6+/-2.3)e+03,(6.6+/-2.3)e+03,(6.6+/-2.3)e+03,(6.6+/-2.3)e+03,(6.6+/-2.3)e+03,(6.6+/-2.3)e+03,(6.6+/-2.3)e+03,(6.6+/-2.3)e+03,(6.6+/-2.3)e+03,(6.6+/-2.3)e+03,(6.6+/-2.3)e+03,(6.6+/-2.3)e+03,(6.6+/-2.3)e+03,(6.6+/-2.3)e+03,(6.6+/-2.3)e+03,(6.6+/-2.3)e+03,(6.6+/-2.3)e+03,(6.6+/-2.3)e+03,(6.6+/-2.3)e+03,(6.6+/-2.3)e+03,(6.6+/-2.3)e+03,(6.6+/-2.3)e+03,(6.6+/-2.3)e+03,(6.6+/-2.3)e+03,(6.6+/-2.3)e+03,(6.6+/-2.3)e+03,(6.6+/-2.3)e+03,(6.6+/-2.3)e+03,(6.6+/-2.3)e+03,(6.6+/-2.3)e+03,(6.6+/-2.3)e+03,(6.6+/-2.3)e+03,(6.6+/-2.3)e+03,(6.6+/-2.3)e+03,(6.6+/-2.3)e+03,(6.6+/-2.3)e+03,(6.6+/-2.3)e+03,(6.6+/-2.3)e+03,(6.6+/-2.3)e+03,(6.6+/-2.3)e+03,(6.6+/-2.3)e+03,(6.6+/-2.3)e+03,(6.6+/-2.3)e+03,(6.6+/-2.3)e+03,(6.6+/-2.3)e+03,(6.6+/-2.3)e+03
Seychelles,12584,28862,0,0,0,0,(6.6+/-2.3)e+03,(6.6+/-2.3)e+03,(6.6+/-2.3)e+03,(6.6+/-2.3)e+03,(6.6+/-2.3)e+03,(6.6+/-2.3)e+03,(6.6+/-2.3)e+03,(6.6+/-2.3)e+03,(6.6+/-2.3)e+03,(6.6+/-2.3)e+03,(6.6+/-2.3)e+03,(6.6+/-2.3)e+03,(6.6+/-2.3)e+03,(6.6+/-2.3)e+03,(6.6+/-2.3)e+03,(6.6+/-2.3)e+03,(6.6+/-2.3)e+03,(6.6+/-2.3)e+03,(6.6+/-2.3)e+03,(6.6+/-2.3)e+03,(6.6+/-2.3)e+03,(6.6+/-2.3)e+03,(6.6+/-2.3)e+03,(6.6+/-2.3)e+03,(6.6+/-2.3)e+03,(6.6+/-2.3)e+03,(6.6+/-2.3)e+03,(6.6+/-2.3)e+03,(6.6+/-2.3)e+03,(6.6+/-2.3)e+03,(6.6+/-2.3)e+03,(6.6+/-2.3)e+03,(6.6+/-2.3)e+03,(6.6+/-2.3)e+03,(6.6+/-2.3)e+03,(6.6+/-2.3)e+03,(6.6+/-2.3)e+03,(6.6+/-2.3)e+03,(6.6+/-2.3)e+03,(6.6+/-2.3)e+03,(6.6+/-2.3)e+03,(6.6+/-2.3)e+03,(6.6+/-2.3)e+03,(6.6+/-2.3)e+03,(6.6+/-2.3)e+03,(6.6+/-2.3)e+03,(6.6+/-2.3)e+03,(6.6+/-2.3)e+03,(6.6+/-2.3)e+03
Syria,775198,1931452,0,0,0,0,(6.6+/-2.3)e+03,(6.6+/-2.3)e+03,(6.6+/-2.3)e+03,(6.6+/-2.3)e+03,(6.6+/-2.3)e+03,(6.6+/-2.3)e+03,(6.6+/-2.3)e+03,(6.6+/-2.3)e+03,(6.6+/-2.3)e+03,(6.6+/-2.3)e+03,(6.6+/-2.3)e+03,(6.6+/-2.3)e+03,(6.6+/-2.3)e+03,(6.6+/-2.3)e+03,(6.6+/-2.3)e+03,(6.6+/-2.3)e+03,(6.6+/-2.3)e+03,(6.6+/-2.3)e+03,(6.6+/-2.3)e+03,(6.6+/-2.3)e+03,(6.6+/-2.3)e+03,(6.6+/-2.3)e+03,(6.6+/-2.3)e+03,(6.6+/-2.3)e+03,(6.6+/-2.3)e+03,(6.6+/-2.3)e+03,(6.6+/-2.3)e+03,(6.6+/-2.3)e+03,(6.6+/-2.3)e+03,(6.6+/-2.3)e+03,(6.6+/-2.3)e+03,(6.6+/-2.3)e+03,(6.6+/-2.3)e+03,(6.6+/-2.3)e+03,(6.6+/-2.3)e+03,(6.6+/-2.3)e+03,(6.6+/-2.3)e+03,(6.6+/-2.3)e+03,(6.6+/-2.3)e+03,(6.6+/-2.3)e+03,(6.6+/-2.3)e+03,(6.6+/-2.3)e+03,(6.6+/-2.3)e+03,(6.6+/-2.3)e+03,(6.6+/-2.3)e+03,(6.6+/-2.3)e+03,(6.6+/-2.3)e+03,(6.6+/-2.3)e+03,(6.6+/-2.3)e+03
Turks and Caicos Islands,0,0,0,0,0,0,(6.6+/-2.3)e+03,(6.6+/-2.3)e+03,(6.6+/-2.3)e+03,(6.6+/-2.3)e+03,(6.6+/-2.3)e+03,(6.6+/-2.3)e+03,(6.6+/-2.3)e+03,(6.6+/-2.3)e+03,(6.6+/-2.3)e+03,(6.6+/-2.3)e+03,(6.6+/-2.3)e+03,(6.6+/-2.3)e+03,(6.6+/-2.3)e+03,(6.6+/-2.3)e+03,(6.6+/-2.3)e+03,(6.6+/-2.3)e+03,(6.6+/-2.3)e+03,(6.6+/-2.3)e+03,(6.6+/-2.3)e+03,(6.6+/-2.3)e+03,(6.6+/-2.3)e+03,(6.6+/-2.3)e+03,(6.6+/-2.3)e+03,(6.6+/-2.3)e+03,(6.6+/-2.3)e+03,(6.6+/-2.3)e+03,(6.6+/-2.3)e+03,(6.6+/-2.3)e+03,(6.6+/-2.3)e+03,(6.6+/-2.3)e+03,(6.6+/-2.3)e+03,(6.6+/-2.3)e+03,(6.6+/-2.3)e+03,(6.6+/-2.3)e+03,(6.6+/-2.3)e+03,(6.6+/-2.3)e+03,(6.6+/-2.3)e+03,(6.6+/-2.3)e+03,(6.6+/-2.3)e+03,(6.6+/-2.3)e+03,(6.6+/-2.3)e+03,(6.6+/-2.3)e+03,(6.6+/-2.3)e+03,(6.6+/-2.3)e+03,(6.6+/-2.3)e+03,(6.6+/-2.3)e+03,(6.6+/-2.3)e+03,(6.6+/-2.3)e+03,(6.6+/-2.3)e+03
Chad,776719,2151667,0,0,0,0,(6.6+/-2.3)e+03,(6.6+/-2.3)e+03,(6.6+/-2.3)e+03,(6.6+/-2.3)e+03,(6.6+/-2.3)e+03,(6.6+/-2.3)e+03,(6.6+/-2.3)e+03,(6.6+/-2.3)e+03,(6.6+/-2.3)e+03,(6.6+/-2.3)e+03,(6.6+/-2.3)e+03,(6.6+/-2.3)e+03,(6.6+/-2.3)e+03,(6.6+/-2.3)e+03,(6.6+/-2.3)e+03,(6.6+/-2.3)e+03,(6.6+/-2.3)e+03,(6.6+/-2.3)e+03,(6.6+/-2.3)e+03,(6.6+/-2.3)e+03,(6.6+/-2.3)e+03,(6.6+/-2.3)e+03,(6.6+/-2.3)e+03,(6.6+/-2.3)e+03,(6.6+/-2.3)e+03,(6.6+/-2.3)e+03,(6.6+/-2.3)e+03,(6.6+/-2.3)e+03,(6.6+/-2.3)e+03,(6.6+/-2.3)e+03,(6.6+/-2.3)e+03,(6.6+/-2.3)e+03,(6.6+/-2.3)e+03,(6.6+/-2.3)e+03,(6.6+/-2.3)e+03,(6.6+/-2.3)e+03,(6.6+/-2.3)e+03,(6.6+/-2.3)e+03,(6.6+/-2.3)e+03,(6.6+/-2.3)e+03,(6.6+/-2.3)e+03,(6.6+/-2.3)e+03,(6.6+/-2.3)e+03,(6.6+/-2.3)e+03,(6.6+/-2.3)e+03,(6.6+/-2.3)e+03,(6.6+/-2.3)e+03,(6.6+/-2.3)e+03,(6.6+/-2.3)e+03
Togo,397379,1106840,0,0,0,0,(6.6+/-2.3)e+03,(6.6+/-2.3)e+03,(6.6+/-2.3)e+03,(6.6+/-2.3)e+03,(6.6+/-2.3)e+03,(6.6+/-2.3)e+03,(6.6+/-2.3)e+03,(6.6+/-2.3)e+03,(6.6+/-2.3)e+03,(6.6+/-2.3)e+03,(6.6+/-2.3)e+03,(6.6+/-2.3)e+03,(6.6+/-2.3)e+03,(6.6+/-2.3)e+03,(6.6+/-2.3)e+03,(6.6+/-2.3)e+03,(6.6+/-2.3)e+03,(6.6+/-2.3)e+03,(6.6+/-2.3)e+03,(6.6+/-2.3)e+03,(6.6+/-2.3)e+03,(6.6+/-2.3)e+03,(6.6+/-2.3)e+03,(6.6+/-2.3)e+03,(6.6+/-2.3)e+03,(6.6+/-2.3)e+03,(6.6+/-2.3)e+03,(6.6+/-2.3)e+03,(6.6+/-2.3)e+03,(6.6+/-2.3)e+03,(6.6+/-2.3)e+03,(6.6+/-2.3)e+03,(6.6+/-2.3)e+03,(6.6+/-2.3)e+03,(6.6+/-2.3)e+03,(6.6+/-2.3)e+03,(6.6+/-2.3)e+03,(6.6+/-2.3)e+03,(6.6+/-2.3)e+03,(6.6+/-2.3)e+03,(6.6+/-2.3)e+03,(6.6+/-2.3)e+03,(6.6+/-2.3)e+03,(6.6+/-2.3)e+03,(6.6+/-2.3)e+03,(6.6+/-2.3)e+03,(6.6+/-2.3)e+03,(6.6+/-2.3)e+03,(6.6+/-2.3)e+03
Thailand,7135688,13541910,0,0,0,0,(2.1+/-0.8)e+06,(2.1+/-0.8)e+06,(2.1+/-0.8)e+06,(2.1+/-0.8)e+06,(2.1+/-0.8)e+06,(2.1+/-0.8)e+06,(2.1+/-0.8)e+06,(2.1+/-0.8)e+06,(2.1+/-0.8)e+06,(2.1+/-0.8)e+06,(2.1+/-0.8)e+06,(2.1+/-0.8)e+06,(2.1+/-0.8)e+06,(2.1+/-0.8)e+06,(2.1+/-0.8)e+06,(2.1+/-0.8)e+06,(2.1+/-0.8)e+06,(2.1+/-0.8)e+06,(2.1+/-0.8)e+06,(2.1+/-0.8)e+06,(2.1+/-0.8)e+06,(2.1+/-0.8)e+06,(2.1+/-0.8)e+06,(2.1+/-0.8)e+06,(2.1+/-0.8)e+06,(2.1+/-0.8)e+06,(2.1+/-0.8)e+06,(2.1+/-0.8)e+06,(2.1+/-0.8)e+06,(2.1+/-0.8)e+06,(2.1+/-0.8)e+06,(2.1+/-0.8)e+06,(2.1+/-0.8)e+06,(2.1+/-0.8)e+06,(2.1+/-0.8)e+06,(2.1+/-0.8)e+06,(2.1+/-0.8)e+06,(2.1+/-0.8)e+06,(2.1+/-0.8)e+06,(2.1+/-0.8)e+06,(2.1+/-0.8)e+06,(2.1+/-0.8)e+06,(2.1+/-0.8)e+06,(2.1+/-0.8)e+06,(2.1+/-0.8)e+06,(2.1+/-0.8)e+06,(2.1+/-0.8)e+06,(2.1+/-0.8)e+06,(2.1+/-0.8)e+06
Tajikistan,301525,709964,0,0,0,0,(1.4+/-0.5)e+05,(1.4+/-0.5)e+05,(1.4+/-0.5)e+05,(1.4+/-0.5)e+05,(1.4+/-0.5)e+05,(1.4+/-0.5)e+05,(1.4+/-0.5)e+05,(1.4+/-0.5)e+05,(1.4+/-0.5)e+05,(1.4+/-0.5)e+05,(1.4+/-0.5)e+05,(1.4+/-0.5)e+05,(1.4+/-0.5)e+05,(1.4+/-0.5)e+05,(1.4+/-0.5)e+05,(1.4+/-0.5)e+05,(1.4+/-0.5)e+05,(1.4+/-0.5)e+05,(1.4+/-0.5)e+05,(1.4+/-0.5)e+05,(1.4+/-0.5)e+05,(1.4+/-0.5)e+05,(1.4+/-0.5)e+05,(1.4+/-0.5)e+05,(1.4+/-0.5)e+05,(1.4+/-0.5)e+05,(1.4+/-0.5)e+05,(1.4+/-0.5)e+05,(1.4+/-0.5)e+05,(1.4+/-0.5)e+05,(1.4+/-0.5)e+05,(1.4+/-0.5)e+05,(1.4+/-0.5)e+05,(1.4+/-0.5)e+05,(1.4+/-0.5)e+05,(1.4+/-0.5)e+05,(1.4+/-0.5)e+05,(1.4+/-0.5)e+05,(1.4+/-0.5)e+05,(1.4+/-0.5)e+05,(1.4+/-0.5)e+05,(1.4+/-0.5)e+05,(1.4+/-0.5)e+05,(1.4+/-0.5)e+05,(1.4+/-0.5)e+05,(1.4+/-0.5)e+05,(1.4+/-0.5)e+05,(1.4+/-0.5)e+05,(1.4+/-0.5)e+05
Turkmenistan,279788,545507,0,0,0,0,(6.6+/-2.3)e+03,(6.6+/-2.3)e+03,(6.6+/-2.3)e+03,(6.6+/-2.3)e+03,(6.6+/-2.3)e+03,(6.6+/-2.3)e+03,(6.6+/-2.3)e+03,(6.6+/-2.3)e+03,(6.6+/-2.3)e+03,(6.6+/-2.3)e+03,(6.6+/-2.3)e+03,(6.6+/-2.3)e+03,(6.6+/-2.3)e+03,(6.6+/-2.3)e+03,(6.6+/-2.3)e+03,(6.6+/-2.3)e+03,(6.6+/-2.3)e+03,(6.6+/-2.3)e+03,(6.6+/-2.3)e+03,(6.6+/-2.3)e+03,(6.6+/-2.3)e+03,(6.6+/-2.3)e+03,(6.6+/-2.3)e+03,(6.6+/-2.3)e+03,(6.6+/-2.3)e+03,(6.6+/-2.3)e+03,(6.6+/-2.3)e+03,(6.6+/-2.3)e+03,(6.6+/-2.3)e+03,(6.6+/-2.3)e+03,(6.6+/-2.3)e+03,(6.6+/-2.3)e+03,(6.6+/-2.3)e+03,(6.6+/-2.3)e+03,(6.6+/-2.3)e+03,(6.6+/-2.3)e+03,(6.6+/-2.3)e+03,(6.6+/-2.3)e+03,(6.6+/-2.3)e+03,(6.6+/-2.3)e+03,(6.6+/-2.3)e+03,(6.6+/-2.3)e+03,(6.6+/-2.3)e+03,(6.6+/-2.3)e+03,(6.6+/-2.3)e+03,(6.6+/-2.3)e+03,(6.6+/-2.3)e+03,(6.6+/-2.3)e+03,(6.6+/-2.3)e+03
Timor-Leste,98163,205597,0,0,0,0,(6.6+/-2.3)e+03,(6.6+/-2.3)e+03,(6.6+/-2.3)e+03,(6.6+/-2.3)e+03,(6.6+/-2.3)e+03,(6.6+/-2.3)e+03,(6.6+/-2.3)e+03,(6.6+/-2.3)e+03,(6.6+/-2.3)e+03,(6.6+/-2.3)e+03,(6.6+/-2.3)e+03,(6.6+/-2.3)e+03,(6.6+/-2.3)e+03,(6.6+/-2.3)e+03,(6.6+/-2.3)e+03,(6.6+/-2.3)e+03,(6.6+/-2.3)e+03,(6.6+/-2.3)e+03,(6.6+/-2.3)e+03,(6.6+/-2.3)e+03,(6.6+/-2.3)e+03,(6.6+/-2.3)e+03,(6.6+/-2.3)e+03,(6.6+/-2.3)e+03,(6.6+/-2.3)e+03,(6.6+/-2.3)e+03,(6.6+/-2.3)e+03,(6.6+/-2.3)e+03,(6.6+/-2.3)e+03,(6.6+/-2.3)e+03,(6.6+/-2.3)e+03,(6.6+/-2.3)e+03,(6.6+/-2.3)e+03,(6.6+/-2.3)e+03,(6.6+/-2.3)e+03,(6.6+/-2.3)e+03,(6.6+/-2.3)e+03,(6.6+/-2.3)e+03,(6.6+/-2.3)e+03,(6.6+/-2.3)e+03,(6.6+/-2.3)e+03,(6.6+/-2.3)e+03,(6.6+/-2.3)e+03,(6.6+/-2.3)e+03,(6.6+/-2.3)e+03,(6.6+/-2.3)e+03,(6.6+/-2.3)e+03,(6.6+/-2.3)e+03,(6.6+/-2.3)e+03
Tonga,2669,6390,0,0,0,0,(6.6+/-2.3)e+03,(6.6+/-2.3)e+03,(6.6+/-2.3)e+03,(6.6+/-2.3)e+03,(6.6+/-2.3)e+03,(6.6+/-2.3)e+03,(6.6+/-2.3)e+03,(6.6+/-2.3)e+03,(6.6+/-2.3)e+03,(6.6+/-2.3)e+03,(6.6+/-2.3)e+03,(6.6+/-2.3)e+03,(6.6+/-2.3)e+03,(6.6+/-2.3)e+03,(6.6+/-2.3)e+03,(6.6+/-2.3)e+03,(6.6+/-2.3)e+03,(6.6+/-2.3)e+03,(6.6+/-2.3)e+03,(6.6+/-2.3)e+03,(6.6+/-2.3)e+03,(6.6+/-2.3)e+03,(6.6+/-2.3)e+03,(6.6+/-2.3)e+03,(6.6+/-2.3)e+03,(6.6+/-2.3)e+03,(6.6+/-2.3)e+03,(6.6+/-2.3)e+03,(6.6+/-2.3)e+03,(6.6+/-2.3)e+03,(6.6+/-2.3)e+03,(6.6+/-2.3)e+03,(6.6+/-2.3)e+03,(6.6+/-2.3)e+03,(6.6+/-2.3)e+03,(6.6+/-2.3)e+03,(6.6+/-2.3)e+03,(6.6+/-2.3)e+03,(6.6+/-2.3)e+03,(6.6+/-2.3)e+03,(6.6+/-2.3)e+03,(6.6+/-2.3)e+03,(6.6+/-2.3)e+03,(6.6+/-2.3)e+03,(6.6+/-2.3)e+03,(6.6+/-2.3)e+03,(6.6+/-2.3)e+03,(6.6+/-2.3)e+03,(6.6+/-2.3)e+03
Trinidad and Tobago,48545,138513,0,0,0,0,(6.6+/-2.3)e+03,(6.6+/-2.3)e+03,(6.6+/-2.3)e+03,(6.6+/-2.3)e+03,(6.6+/-2.3)e+03,(6.6+/-2.3)e+03,(6.6+/-2.3)e+03,(6.6+/-2.3)e+03,(6.6+/-2.3)e+03,(6.6+/-2.3)e+03,(6.6+/-2.3)e+03,(6.6+/-2.3)e+03,(6.6+/-2.3)e+03,(6.6+/-2.3)e+03,(6.6+/-2.3)e+03,(6.6+/-2.3)e+03,(6.6+/-2.3)e+03,(6.6+/-2.3)e+03,(6.6+/-2.3)e+03,(6.6+/-2.3)e+03,(6.6+/-2.3)e+03,(6.6+/-2.3)e+03,(6.6+/-2.3)e+03,(6.6+/-2.3)e+03,(6.6+/-2.3)e+03,(6.6+/-2.3)e+03,(6.6+/-2.3)e+03,(6.6+/-2.3)e+03,(6.6+/-2.3)e+03,(6.6+/-2.3)e+03,(6.6+/-2.3)e+03,(6.6+/-2.3)e+03,(6.6+/-2.3)e+03,(6.6+/-2.3)e+03,(6.6+/-2.3)e+03,(6.6+/-2.3)e+03,(6.6+/-2.3)e+03,(6.6+/-2.3)e+03,(6.6+/-2.3)e+03,(6.6+/-2.3)e+03,(6.6+/-2.3)e+03,(6.6+/-2.3)e+03,(6.6+/-2.3)e+03,(6.6+/-2.3)e+03,(6.6+/-2.3)e+03,(6.6+/-2.3)e+03,(6.6+/-2.3)e+03,(6.6+/-2.3)e+03,(6.6+/-2.3)e+03
Tunisia,600220,1241558,0,0,0,0,(6.6+/-2.3)e+03,(6.6+/-2.3)e+03,(6.6+/-2.3)e+03,(6.6+/-2.3)e+03,(6.6+/-2.3)e+03,(6.6+/-2.3)e+03,(6.6+/-2.3)e+03,(6.6+/-2.3)e+03,(6.6+/-2.3)e+03,(6.6+/-2.3)e+03,(6.6+/-2.3)e+03,(6.6+/-2.3)e+03,(6.6+/-2.3)e+03,(6.6+/-2.3)e+03,(6.6+/-2.3)e+03,(6.6+/-2.3)e+03,(6.6+/-2.3)e+03,(6.6+/-2.3)e+03,(6.6+/-2.3)e+03,(6.6+/-2.3)e+03,(6.6+/-2.3)e+03,(6.6+/-2.3)e+03,(6.6+/-2.3)e+03,(6.6+/-2.3)e+03,(6.6+/-2.3)e+03,(6.6+/-2.3)e+03,(6.6+/-2.3)e+03,(6.6+/-2.3)e+03,(6.6+/-2.3)e+03,(6.6+/-2.3)e+03,(6.6+/-2.3)e+03,(6.6+/-2.3)e+03,(6.6+/-2.3)e+03,(6.6+/-2.3)e+03,(6.6+/-2.3)e+03,(6.6+/-2.3)e+03,(6.6+/-2.3)e+03,(6.6+/-2.3)e+03,(6.6+/-2.3)e+03,(6.6+/-2.3)e+03,(6.6+/-2.3)e+03,(6.6+/-2.3)e+03,(6.6+/-2.3)e+03,(6.6+/-2.3)e+03,(6.6+/-2.3)e+03,(6.6+/-2.3)e+03,(6.6+/-2.3)e+03,(6.6+/-2.3)e+03,(6.6+/-2.3)e+03
Türkiye,5086348,10612160,0,0,0,0,(6.9+/-2.6)e+06,(6.9+/-2.6)e+06,(6.9+/-2.6)e+06,(6.9+/-2.6)e+06,(6.9+/-2.6)e+06,(6.9+/-2.6)e+06,(6.9+/-2.6)e+06,(6.9+/-2.6)e+06,(6.9+/-2.6)e+06,(6.9+/-2.6)e+06,(6.9+/-2.6)e+06,(6.9+/-2.6)e+06,(6.9+/-2.6)e+06,(6.9+/-2.6)e+06,(6.9+/-2.6)e+06,(6.9+/-2.6)e+06,(6.9+/-2.6)e+06,(6.9+/-2.6)e+06,(6.9+/-2.6)e+06,(6.9+/-2.6)e+06,(6.9+/-2.6)e+06,(6.9+/-2.6)e+06,(6.9+/-2.6)e+06,(6.9+/-2.6)e+06,(6.9+/-2.6)e+06,(6.9+/-2.6)e+06,(6.9+/-2.6)e+06,(6.9+/-2.6)e+06,(6.9+/-2.6)e+06,(6.9+/-2.6)e+06,(6.9+/-2.6)e+06,(6.9+/-2.6)e+06,(6.9+/-2.6)e+06,(6.9+/-2.6)e+06,(6.9+/-2.6)e+06,(6.9+/-2.6)e+06,(6.9+/-2.6)e+06,(6.9+/-2.6)e+06,(6.9+/-2.6)e+06,(6.9+/-2.6)e+06,(6.9+/-2.6)e+06,(6.9+/-2.6)e+06,(6.9+/-2.6)e+06,(6.9+/-2.6)e+06,(6.9+/-2.6)e+06,(6.9+/-2.6)e+06,(6.9+/-2.6)e+06,(6.9+/-2.6)e+06,(6.9+/-2.6)e+06
Tuvalu,1468,3072,0,0,0,0,(6.6+/-2.3)e+03,(6.6+/-2.3)e+03,(6.6+/-2.3)e+03,(6.6+/-2.3)e+03,(6.6+/-2.3)e+03,(6.6+/-2.3)e+03,(6.6+/-2.3)e+03,(6.6+/-2.3)e+03,(6.6+/-2.3)e+03,(6.6+/-2.3)e+03,(6.6+/-2.3)e+03,(6.6+/-2.3)e+03,(6.6+/-2.3)e+03,(6.6+/-2.3)e+03,(6.6+/-2.3)e+03,(6.6+/-2.3)e+03,(6.6+/-2.3)e+03,(6.6+/-2.3)e+03,(6.6+/-2.3)e+03,(6.6+/-2.3)e+03,(6.6+/-2.3)e+03,(6.6+/-2.3)e+03,(6.6+/-2.3)e+03,(6.6+/-2.3)e+03,(6.6+/-2.3)e+03,(6.6+/-2.3)e+03,(6.6+/-2.3)e+03,(6.6+/-2.3)e+03,(6.6+/-2.3)e+03,(6.6+/-2.3)e+03,(6.6+/-2.3)e+03,(6.6+/-2.3)e+03,(6.6+/-2.3)e+03,(6.6+/-2.3)e+03,(6.6+/-2.3)e+03,(6.6+/-2.3)e+03,(6.6+/-2.3)e+03,(6.6+/-2.3)e+03,(6.6+/-2.3)e+03,(6.6+/-2.3)e+03,(6.6+/-2.3)e+03,(6.6+/-2.3)e+03,(6.6+/-2.3)e+03,(6.6+/-2.3)e+03,(6.6+/-2.3)e+03,(6.6+/-2.3)e+03,(6.6+/-2.3)e+03,(6.6+/-2.3)e+03,(6.6+/-2.3)e+03
Tanzania,9193507,11987835,0,0,0,0,(6.6+/-2.3)e+03,(6.6+/-2.3)e+03,(6.6+/-2.3)e+03,(6.6+/-2.3)e+03,(6.6+/-2.3)e+03,(6.6+/-2.3)e+03,(6.6+/-2.3)e+03,(6.6+/-2.3)e+03,(6.6+/-2.3)e+03,(6.6+/-2.3)e+03,(6.6+/-2.3)e+03,(6.6+/-2.3)e+03,(6.6+/-2.3)e+03,(6.6+/-2.3)e+03,(6.6+/-2.3)e+03,(6.6+/-2.3)e+03,(6.6+/-2.3)e+03,(6.6+/-2.3)e+03,(6.6+/-2.3)e+03,(6.6+/-2.3)e+03,(6.6+/-2.3)e+03,(6.6+/-2.3)e+03,(6.6+/-2.3)e+03,(6.6+/-2.3)e+03,(6.6+/-2.3)e+03,(6.6+/-2.3)e+03,(6.6+/-2.3)e+03,(6.6+/-2.3)e+03,(6.6+/-2.3)e+03,(6.6+/-2.3)e+03,(6.6+/-2.3)e+03,(6.6+/-2.3)e+03,(6.6+/-2.3)e+03,(6.6+/-2.3)e+03,(6.6+/-2.3)e+03,(6.6+/-2.3)e+03,(6.6+/-2.3)e+03,(6.6+/-2.3)e+03,(6.6+/-2.3)e+03,(6.6+/-2.3)e+03,(6.6+/-2.3)e+03,(6.6+/-2.3)e+03,(6.6+/-2.3)e+03,(6.6+/-2.3)e+03,(6.6+/-2.3)e+03,(6.6+/-2.3)e+03,(6.6+/-2.3)e+03,(6.6+/-2.3)e+03,(6.6+/-2.3)e+03
Uganda,2328178,4844394,0,0,0,0,(6.6+/-2.3)e+03,(6.6+/-2.3)e+03,(6.6+/-2.3)e+03,(6.6+/-2.3)e+03,(6.6+/-2.3)e+03,(6.6+/-2.3)e+03,(6.6+/-2.3)e+03,(6.6+/-2.3)e+03,(6.6+/-2.3)e+03,(6.6+/-2.3)e+03,(6.6+/-2.3)e+03,(6.6+/-2.3)e+03,(6.6+/-2.3)e+03,(6.6+/-2.3)e+03,(6.6+/-2.3)e+03,(6.6+/-2.3)e+03,(6.6+/-2.3)e+03,(6.6+/-2.3)e+03,(6.6+/-2.3)e+03,(6.6+/-2.3)e+03,(6.6+/-2.3)e+03,(6.6+/-2.3)e+03,(6.6+/-2.3)e+03,(6.6+/-2.3)e+03,(6.6+/-2.3)e+03,(6.6+/-2.3)e+03,(6.6+/-2.3)e+03,(6.6+/-2.3)e+03,(6.6+/-2.3)e+03,(6.6+/-2.3)e+03,(6.6+/-2.3)e+03,(6.6+/-2.3)e+03,(6.6+/-2.3)e+03,(6.6+/-2.3)e+03,(6.6+/-2.3)e+03,(6.6+/-2.3)e+03,(6.6+/-2.3)e+03,(6.6+/-2.3)e+03,(6.6+/-2.3)e+03,(6.6+/-2.3)e+03,(6.6+/-2.3)e+03,(6.6+/-2.3)e+03,(6.6+/-2.3)e+03,(6.6+/-2.3)e+03,(6.6+/-2.3)e+03,(6.6+/-2.3)e+03,(6.6+/-2.3)e+03,(6.6+/-2.3)e+03,(6.6+/-2.3)e+03
Ukraine,2307542,5041590,0,0,0,0,(1.6+/-0.6)e+06,(1.6+/-0.6)e+06,(1.6+/-0.6)e+06,(1.6+/-0.6)e+06,(1.6+/-0.6)e+06,(1.6+/-0.6)e+06,(1.6+/-0.6)e+06,(1.6+/-0.6)e+06,(1.6+/-0.6)e+06,(1.6+/-0.6)e+06,(1.6+/-0.6)e+06,(1.6+/-0.6)e+06,(1.6+/-0.6)e+06,(1.6+/-0.6)e+06,(1.6+/-0.6)e+06,(1.6+/-0.6)e+06,(1.6+/-0.6)e+06,(1.6+/-0.6)e+06,(1.6+/-0.6)e+06,(1.6+/-0.6)e+06,(1.6+/-0.6)e+06,(1.6+/-0.6)e+06,(1.6+/-0.6)e+06,(1.6+/-0.6)e+06,(1.6+/-0.6)e+06,(1.6+/-0.6)e+06,(1.6+/-0.6)e+06,(1.6+/-0.6)e+06,(1.6+/-0.6)e+06,(1.6+/-0.6)e+06,(1.6+/-0.6)e+06,(1.6+/-0.6)e+06,(1.6+/-0.6)e+06,(1.6+/-0.6)e+06,(1.6+/-0.6)e+06,(1.6+/-0.6)e+06,(1.6+/-0.6)e+06,(1.6+/-0.6)e+06,(1.6+/-0.6)e+06,(1.6+/-0.6)e+06,(1.6+/-0.6)e+06,(1.6+/-0.6)e+06,(1.6+/-0.6)e+06,(1.6+/-0.6)e+06,(1.6+/-0.6)e+06,(1.6+/-0.6)e+06,(1.6+/-0.6)e+06,(1.6+/-0.6)e+06,(1.6+/-0.6)e+06
Uruguay,189723,497066,0,0,0,0,(6.6+/-2.3)e+03,(6.6+/-2.3)e+03,(6.6+/-2.3)e+03,(6.6+/-2.3)e+03,(6.6+/-2.3)e+03,(6.6+/-2.3)e+03,(6.6+/-2.3)e+03,(6.6+/-2.3)e+03,(6.6+/-2.3)e+03,(6.6+/-2.3)e+03,(6.6+/-2.3)e+03,(6.6+/-2.3)e+03,(6.6+/-2.3)e+03,(6.6+/-2.3)e+03,(6.6+/-2.3)e+03,(6.6+/-2.3)e+03,(6.6+/-2.3)e+03,(6.6+/-2.3)e+03,(6.6+/-2.3)e+03,(6.6+/-2.3)e+03,(6.6+/-2.3)e+03,(6.6+/-2.3)e+03,(6.6+/-2.3)e+03,(6.6+/-2.3)e+03,(6.6+/-2.3)e+03,(6.6+/-2.3)e+03,(6.6+/-2.3)e+03,(6.6+/-2.3)e+03,(6.6+/-2.3)e+03,(6.6+/-2.3)e+03,(6.6+/-2.3)e+03,(6.6+/-2.3)e+03,(6.6+/-2.3)e+03,(6.6+/-2.3)e+03,(6.6+/-2.3)e+03,(6.6+/-2.3)e+03,(6.6+/-2.3)e+03,(6.6+/-2.3)e+03,(6.6+/-2.3)e+03,(6.6+/-2.3)e+03,(6.6+/-2.3)e+03,(6.6+/-2.3)e+03,(6.6+/-2.3)e+03,(6.6+/-2.3)e+03,(6.6+/-2.3)e+03,(6.6+/-2.3)e+03,(6.6+/-2.3)e+03,(6.6+/-2.3)e+03,(6.6+/-2.3)e+03
United States,15884161,36680000,0,0,0,0,(6.4+/-2.4)e+07,(6.4+/-2.4)e+07,(6.4+/-2.4)e+07,(6.4+/-2.4)e+07,(6.4+/-2.4)e+07,(6.4+/-2.4)e+07,(6.4+/-2.4)e+07,(6.4+/-2.4)e+07,(6.4+/-2.4)e+07,(6.4+/-2.4)e+07,(6.4+/-2.4)e+07,(6.4+/-2.4)e+07,(6.4+/-2.4)e+07,(6.4+/-2.4)e+07,(6.4+/-2.4)e+07,(6.4+/-2.4)e+07,(6.4+/-2.4)e+07,(6.4+/-2.4)e+07,(6.4+/-2.4)e+07,(6.4+/-2.4)e+07,(6.4+/-2.4)e+07,(6.4+/-2.4)e+07,(6.4+/-2.4)e+07,(6.4+/-2.4)e+07,(6.4+/-2.4)e+07,(6.4+/-2.4)e+07,(6.4+/-2.4)e+07,(6.4+/-2.4)e+07,(6.4+/-2.4)e+07,(6.4+/-2.4)e+07,(6.4+/-2.4)e+07,(6.4+/-2.4)e+07,(6.4+/-2.4)e+07,(6.4+/-2.4)e+07,(6.4+/-2.4)e+07,(6.4+/-2.4)e+07,(6.4+/-2.4)e+07,(6.4+/-2.4)e+07,(6.4+/-2.4)e+07,(6.4+/-2.4)e+07,(6.4+/-2.4)e+07,(6.4+/-2.4)e+07,(6.4+/-2.4)e+07,(6.4+/-2.4)e+07,(6.4+/-2.4)e+07,(6.4+/-2.4)e+07,(6.4+/-2.4)e+07,(6.4+/-2.4)e+07,(6.4+/-2.4)e+07
Uzbekistan,1762895,3520811,0,0,0,0,(8.4+/-3.1)e+05,(8.4+/-3.1)e+05,(8.4+/-3.1)e+05,(8.4+/-3.1)e+05,(8.4+/-3.1)e+05,(8.4+/-3.1)e+05,(8.4+/-3.1)e+05,(8.4+/-3.1)e+05,(8.4+/-3.1)e+05,(8.4+/-3.1)e+05,(8.4+/-3.1)e+05,(8.4+/-3.1)e+05,(8.4+/-3.1)e+05,(8.4+/-3.1)e+05,(8.4+/-3.1)e+05,(8.4+/-3.1)e+05,(8.4+/-3.1)e+05,(8.4+/-3.1)e+05,(8.4+/-3.1)e+05,(8.4+/-3.1)e+05,(8.4+/-3.1)e+05,(8.4+/-3.1)e+05,(8.4+/-3.1)e+05,(8.4+/-3.1)e+05,(8.4+/-3.1)e+05,(8.4+/-3.1)e+05,(8.4+/-3.1)e+05,(8.4+/-3.1)e+05,(8.4+/-3.1)e+05,(8.4+/-3.1)e+05,(8.4+/-3.1)e+05,(8.4+/-3.1)e+05,(8.4+/-3.1)e+05,(8.4+/-3.1)e+05,(8.4+/-3.1)e+05,(8.4+/-3.1)e+05,(8.4+/-3.1)e+05,(8.4+/-3.1)e+05,(8.4+/-3.1)e+05,(8.4+/-3.1)e+05,(8.4+/-3.1)e+05,(8.4+/-3.1)e+05,(8.4+/-3.1)e+05,(8.4+/-3.1)e+05,(8.4+/-3.1)e+05,(8.4+/-3.1)e+05,(8.4+/-3.1)e+05,(8.4+/-3.1)e+05,(8.4+/-3.1)e+05
St. Vincent and the Grenadines,11552,16759,0,0,0,0,(6.6+/-2.3)e+03,(6.6+/-2.3)e+03,(6.6+/-2.3)e+03,(6.6+/-2.3)e+03,(6.6+/-2.3)e+03,(6.6+/-2.3)e+03,(6.6+/-2.3)e+03,(6.6+/-2.3)e+03,(6.6+/-2.3)e+03,(6.6+/-2.3)e+03,(6.6+/-2.3)e+03,(6.6+/-2.3)e+03,(6.6+/-2.3)e+03,(6.6+/-2.3)e+03,(6.6+/-2.3)e+03,(6.6+/-2.3)e+03,(6.6+/-2.3)e+03,(6.6+/-2.3)e+03,(6.6+/-2.3)e+03,(6.6+/-2.3)e+03,(6.6+/-2.3)e+03,(6.6+/-2.3)e+03,(6.6+/-2.3)e+03,(6.6+/-2.3)e+03,(6.6+/-2.3)e+03,(6.6+/-2.3)e+03,(6.6+/-2.3)e+03,(6.6+/-2.3)e+03,(6.6+/-2.3)e+03,(6.6+/-2.3)e+03,(6.6+/-2.3)e+03,(6.6+/-2.3)e+03,(6.6+/-2.3)e+03,(6.6+/-2.3)e+03,(6.6+/-2.3)e+03,(6.6+/-2.3)e+03,(6.6+/-2.3)e+03,(6.6+/-2.3)e+03,(6.6+/-2.3)e+03,(6.6+/-2.3)e+03,(6.6+/-2.3)e+03,(6.6+/-2.3)e+03,(6.6+/-2.3)e+03,(6.6+/-2.3)e+03,(6.6+/-2.3)e+03,(6.6+/-2.3)e+03,(6.6+/-2.3)e+03,(6.6+/-2.3)e+03,(6.6+/-2.3)e+03
Venezuela,1483435,3347208,0,0,0,0,(6.6+/-2.3)e+03,(6.6+/-2.3)e+03,(6.6+/-2.3)e+03,(6.6+/-2.3)e+03,(6.6+/-2.3)e+03,(6.6+/-2.3)e+03,(6.6+/-2.3)e+03,(6.6+/-2.3)e+03,(6.6+/-2.3)e+03,(6.6+/-2.3)e+03,(6.6+/-2.3)e+03,(6.6+/-2.3)e+03,(6.6+/-2.3)e+03,(6.6+/-2.3)e+03,(6.6+/-2.3)e+03,(6.6+/-2.3)e+03,(6.6+/-2.3)e+03,(6.6+/-2.3)e+03,(6.6+/-2.3)e+03,(6.6+/-2.3)e+03,(6.6+/-2.3)e+03,(6.6+/-2.3)e+03,(6.6+/-2.3)e+03,(6.6+/-2.3)e+03,(6.6+/-2.3)e+03,(6.6+/-2.3)e+03,(6.6+/-2.3)e+03,(6.6+/-2.3)e+03,(6.6+/-2.3)e+03,(6.6+/-2.3)e+03,(6.6+/-2.3)e+03,(6.6+/-2.3)e+03,(6.6+/-2.3)e+03,(6.6+/-2.3)e+03,(6.6+/-2.3)e+03,(6.6+/-2.3)e+03,(6.6+/-2.3)e+03,(6.6+/-2.3)e+03,(6.6+/-2.3)e+03,(6.6+/-2.3)e+03,(6.6+/-2.3)e+03,(6.6+/-2.3)e+03,(6.6+/-2.3)e+03,(6.6+/-2.3)e+03,(6.6+/-2.3)e+03,(6.6+/-2.3)e+03,(6.6+/-2.3)e+03,(6.6+/-2.3)e+03,(6.6+/-2.3)e+03
British Virgin Islands,2360,5076,0,0,0,0,(6.6+/-2.3)e+03,(6.6+/-2.3)e+03,(6.6+/-2.3)e+03,(6.6+/-2.3)e+03,(6.6+/-2.3)e+03,(6.6+/-2.3)e+03,(6.6+/-2.3)e+03,(6.6+/-2.3)e+03,(6.6+/-2.3)e+03,(6.6+/-2.3)e+03,(6.6+/-2.3)e+03,(6.6+/-2.3)e+03,(6.6+/-2.3)e+03,(6.6+/-2.3)e+03,(6.6+/-2.3)e+03,(6.6+/-2.3)e+03,(6.6+/-2.3)e+03,(6.6+/-2.3)e+03,(6.6+/-2.3)e+03,(6.6+/-2.3)e+03,(6.6+/-2.3)e+03,(6.6+/-2.3)e+03,(6.6+/-2.3)e+03,(6.6+/-2.3)e+03,(6.6+/-2.3)e+03,(6.6+/-2.3)e+03,(6.6+/-2.3)e+03,(6.6+/-2.3)e+03,(6.6+/-2.3)e+03,(6.6+/-2.3)e+03,(6.6+/-2.3)e+03,(6.6+/-2.3)e+03,(6.6+/-2.3)e+03,(6.6+/-2.3)e+03,(6.6+/-2.3)e+03,(6.6+/-2.3)e+03,(6.6+/-2.3)e+03,(6.6+/-2.3)e+03,(6.6+/-2.3)e+03,(6.6+/-2.3)e+03,(6.6+/-2.3)e+03,(6.6+/-2.3)e+03,(6.6+/-2.3)e+03,(6.6+/-2.3)e+03,(6.6+/-2.3)e+03,(6.6+/-2.3)e+03,(6.6+/-2.3)e+03,(6.6+/-2.3)e+03,(6.6+/-2.3)e+03
United States Virgin Islands,5065,10892,0,0,0,0,(6.6+/-2.3)e+03,(6.6+/-2.3)e+03,(6.6+/-2.3)e+03,(6.6+/-2.3)e+03,(6.6+/-2.3)e+03,(6.6+/-2.3)e+03,(6.6+/-2.3)e+03,(6.6+/-2.3)e+03,(6.6+/-2.3)e+03,(6.6+/-2.3)e+03,(6.6+/-2.3)e+03,(6.6+/-2.3)e+03,(6.6+/-2.3)e+03,(6.6+/-2.3)e+03,(6.6+/-2.3)e+03,(6.6+/-2.3)e+03,(6.6+/-2.3)e+03,(6.6+/-2.3)e+03,(6.6+/-2.3)e+03,(6.6+/-2.3)e+03,(6.6+/-2.3)e+03,(6.6+/-2.3)e+03,(6.6+/-2.3)e+03,(6.6+/-2.3)e+03,(6.6+/-2.3)e+03,(6.6+/-2.3)e+03,(6.6+/-2.3)e+03,(6.6+/-2.3)e+03,(6.6+/-2.3)e+03,(6.6+/-2.3)e+03,(6.6+/-2.3)e+03,(6.6+/-2.3)e+03,(6.6+/-2.3)e+03,(6.6+/-2.3)e+03,(6.6+/-2.3)e+03,(6.6+/-2.3)e+03,(6.6+/-2.3)e+03,(6.6+/-2.3)e+03,(6.6+/-2.3)e+03,(6.6+/-2.3)e+03,(6.6+/-2.3)e+03,(6.6+/-2.3)e+03,(6.6+/-2.3)e+03,(6.6+/-2.3)e+03,(6.6+/-2.3)e+03,(6.6+/-2.3)e+03,(6.6+/-2.3)e+03,(6.6+/-2.3)e+03,(6.6+/-2.3)e+03
Vietnam,8051191,17468698,0,0,0,0,(9.1+/-3.4)e+06,(9.1+/-3.4)e+06,(9.1+/-3.4)e+06,(9.1+/-3.4)e+06,(9.1+/-3.4)e+06,(9.1+/-3.4)e+06,(9.1+/-3.4)e+06,(9.1+/-3.4)e+06,(9.1+/-3.4)e+06,(9.1+/-3.4)e+06,(9.1+/-3.4)e+06,(9.1+/-3.4)e+06,(9.1+/-3.4)e+06,(9.1+/-3.4)e+06,(9.1+/-3.4)e+06,(9.1+/-3.4)e+06,(9.1+/-3.4)e+06,(9.1+/-3.4)e+06,(9.1+/-3.4)e+06,(9.1+/-3.4)e+06,(9.1+/-3.4)e+06,(9.1+/-3.4)e+06,(9.1+/-3.4)e+06,(9.1+/-3.4)e+06,(9.1+/-3.4)e+06,(9.1+/-3.4)e+06,(9.1+/-3.4)e+06,(9.1+/-3.4)e+06,(9.1+/-3.4)e+06,(9.1+/-3.4)e+06,(9.1+/-3.4)e+06,(9.1+/-3.4)e+06,(9.1+/-3.4)e+06,(9.1+/-3.4)e+06,(9.1+/-3.4)e+06,(9.1+/-3.4)e+06,(9.1+/-3.4)e+06,(9.1+/-3.4)e+06,(9.1+/-3.4)e+06,(9.1+/-3.4)e+06,(9.1+/-3.4)e+06,(9.1+/-3.4)e+06,(9.1+/-3.4)e+06,(9.1+/-3.4)e+06,(9.1+/-3.4)e+06,(9.1+/-3.4)e+06,(9.1+/-3.4)e+06,(9.1+/-3.4)e+06,(9.1+/-3.4)e+06
Vanuatu,9345,20685,0,0,0,0,(6.6+/-2.3)e+03,(6.6+/-2.3)e+03,(6.6+/-2.3)e+03,(6.6+/-2.3)e+03,(6.6+/-2.3)e+03,(6.6+/-2.3)e+03,(6.6+/-2.3)e+03,(6.6+/-2.3)e+03,(6.6+/-2.3)e+03,(6.6+/-2.3)e+03,(6.6+/-2.3)e+03,(6.6+/-2.3)e+03,(6.6+/-2.3)e+03,(6.6+/-2.3)e+03,(6.6+/-2.3)e+03,(6.6+/-2.3)e+03,(6.6+/-2.3)e+03,(6.6+/-2.3)e+03,(6.6+/-2.3)e+03,(6.6+/-2.3)e+03,(6.6+/-2.3)e+03,(6.6+/-2.3)e+03,(6.6+/-2.3)e+03,(6.6+/-2.3)e+03,(6.6+/-2.3)e+03,(6.6+/-2.3)e+03,(6.6+/-2.3)e+03,(6.6+/-2.3)e+03,(6.6+/-2.3)e+03,(6.6+/-2.3)e+03,(6.6+/-2.3)e+03,(6.6+/-2.3)e+03,(6.6+/-2.3)e+03,(6.6+/-2.3)e+03,(6.6+/-2.3)e+03,(6.6+/-2.3)e+03,(6.6+/-2.3)e+03,(6.6+/-2.3)e+03,(6.6+/-2.3)e+03,(6.6+/-2.3)e+03,(6.6+/-2.3)e+03,(6.6+/-2.3)e+03,(6.6+/-2.3)e+03,(6.6+/-2.3)e+03,(6.6+/-2.3)e+03,(6.6+/-2.3)e+03,(6.6+/-2.3)e+03,(6.6+/-2.3)e+03,(6.6+/-2.3)e+03
Samoa,5676,12183,0,0,0,0,(6.6+/-2.3)e+03,(6.6+/-2.3)e+03,(6.6+/-2.3)e+03,(6.6+/-2.3)e+03,(6.6+/-2.3)e+03,(6.6+/-2.3)e+03,(6.6+/-2.3)e+03,(6.6+/-2.3)e+03,(6.6+/-2.3)e+03,(6.6+/-2.3)e+03,(6.6+/-2.3)e+03,(6.6+/-2.3)e+03,(6.6+/-2.3)e+03,(6.6+/-2.3)e+03,(6.6+/-2.3)e+03,(6.6+/-2.3)e+03,(6.6+/-2.3)e+03,(6.6+/-2.3)e+03,(6.6+/-2.3)e+03,(6.6+/-2.3)e+03,(6.6+/-2.3)e+03,(6.6+/-2.3)e+03,(6.6+/-2.3)e+03,(6.6+/-2.3)e+03,(6.6+/-2.3)e+03,(6.6+/-2.3)e+03,(6.6+/-2.3)e+03,(6.6+/-2.3)e+03,(6.6+/-2.3)e+03,(6.6+/-2.3)e+03,(6.6+/-2.3)e+03,(6.6+/-2.3)e+03,(6.6+/-2.3)e+03,(6.6+/-2.3)e+03,(6.6+/-2.3)e+03,(6.6+/-2.3)e+03,(6.6+/-2.3)e+03,(6.6+/-2.3)e+03,(6.6+/-2.3)e+03,(6.6+/-2.3)e+03,(6.6+/-2.3)e+03,(6.6+/-2.3)e+03,(6.6+/-2.3)e+03,(6.6+/-2.3)e+03,(6.6+/-2.3)e+03,(6.6+/-2.3)e+03,(6.6+/-2.3)e+03,(6.6+/-2.3)e+03,(6.6+/-2.3)e+03
Kosovo,45988,132815,0,0,0,0,(4.4+/-1.6)e+05,(4.4+/-1.6)e+05,(4.4+/-1.6)e+05,(4.4+/-1.6)e+05,(4.4+/-1.6)e+05,(4.4+/-1.6)e+05,(4.4+/-1.6)e+05,(4.4+/-1.6)e+05,(4.4+/-1.6)e+05,(4.4+/-1.6)e+05,(4.4+/-1.6)e+05,(4.4+/-1.6)e+05,(4.4+/-1.6)e+05,(4.4+/-1.6)e+05,(4.4+/-1.6)e+05,(4.4+/-1.6)e+05,(4.4+/-1.6)e+05,(4.4+/-1.6)e+05,(4.4+/-1.6)e+05,(4.4+/-1.6)e+05,(4.4+/-1.6)e+05,(4.4+/-1.6)e+05,(4.4+/-1.6)e+05,(4.4+/-1.6)e+05,(4.4+/-1.6)e+05,(4.4+/-1.6)e+05,(4.4+/-1.6)e+05,(4.4+/-1.6)e+05,(4.4+/-1.6)e+05,(4.4+/-1.6)e+05,(4.4+/-1.6)e+05,(4.4+/-1.6)e+05,(4.4+/-1.6)e+05,(4.4+/-1.6)e+05,(4.4+/-1.6)e+05,(4.4+/-1.6)e+05,(4.4+/-1.6)e+05,(4.4+/-1.6)e+05,(4.4+/-1.6)e+05,(4.4+/-1.6)e+05,(4.4+/-1.6)e+05,(4.4+/-1.6)e+05,(4.4+/-1.6)e+05,(4.4+/-1.6)e+05,(4.4+/-1.6)e+05,(4.4+/-1.6)e+05,(4.4+/-1.6)e+05,(4.4+/-1.6)e+05,(4.4+/-1.6)e+05
Yemen,835998,2004119,0,0,0,0,(6.6+/-2.3)e+03,(6.6+/-2.3)e+03,(6.6+/-2.3)e+03,(6.6+/-2.3)e+03,(6.6+/-2.3)e+03,(6.6+/-2.3)e+03,(6.6+/-2.3)e+03,(6.6+/-2.3)e+03,(6.6+/-2.3)e+03,(6.6+/-2.3)e+03,(6.6+/-2.3)e+03,(6.6+/-2.3)e+03,(6.6+/-2.3)e+03,(6.6+/-2.3)e+03,(6.6+/-2.3)e+03,(6.6+/-2.3)e+03,(6.6+/-2.3)e+03,(6.6+/-2.3)e+03,(6.6+/-2.3)e+03,(6.6+/-2.3)e+03,(6.6+/-2.3)e+03,(6.6+/-2.3)e+03,(6.6+/-2.3)e+03,(6.6+/-2.3)e+03,(6.6+/-2.3)e+03,(6.6+/-2.3)e+03,(6.6+/-2.3)e+03,(6.6+/-2.3)e+03,(6.6+/-2.3)e+03,(6.6+/-2.3)e+03,(6.6+/-2.3)e+03,(6.6+/-2.3)e+03,(6.6+/-2.3)e+03,(6.6+/-2.3)e+03,(6.6+/-2.3)e+03,(6.6+/-2.3)e+03,(6.6+/-2.3)e+03,(6.6+/-2.3)e+03,(6.6+/-2.3)e+03,(6.6+/-2.3)e+03,(6.6+/-2.3)e+03,(6.6+/-2.3)e+03,(6.6+/-2.3)e+03,(6.6+/-2.3)e+03,(6.6+/-2.3)e+03,(6.6+/-2.3)e+03,(6.6+/-2.3)e+03,(6.6+/-2.3)e+03,(6.6+/-2.3)e+03
South Africa,2028520,5841137,0,0,0,0,(1.5+/-0.6)e+07,(1.5+/-0.6)e+07,(1.5+/-0.6)e+07,(1.5+/-0.6)e+07,(1.5+/-0.6)e+07,(1.5+/-0.6)e+07,(1.5+/-0.6)e+07,(1.5+/-0.6)e+07,(1.5+/-0.6)e+07,(1.5+/-0.6)e+07,(1.5+/-0.6)e+07,(1.5+/-0.6)e+07,(1.5+/-0.6)e+07,(1.5+/-0.6)e+07,(1.5+/-0.6)e+07,(1.5+/-0.6)e+07,(1.5+/-0.6)e+07,(1.5+/-0.6)e+07,(1.5+/-0.6)e+07,(1.5+/-0.6)e+07,(1.5+/-0.6)e+07,(1.5+/-0.6)e+07,(1.5+/-0.6)e+07,(1.5+/-0.6)e+07,(1.5+/-0.6)e+07,(1.5+/-0.6)e+07,(1.5+/-0.6)e+07,(1.5+/-0.6)e+07,(1.5+/-0.6)e+07,(1.5+/-0.6)e+07,(1.5+/-0.6)e+07,(1.5+/-0.6)e+07,(1.5+/-0.6)e+07,(1.5+/-0.6)e+07,(1.5+/-0.6)e+07,(1.5+/-0.6)e+07,(1.5+/-0.6)e+07,(1.5+/-0.6)e+07,(1.5+/-0.6)e+07,(1.5+/-0.6)e+07,(1.5+/-0.6)e+07,(1.5+/-0.6)e+07,(1.5+/-0.6)e+07,(1.5+/-0.6)e+07,(1.5+/-0.6)e+07,(1.5+/-0.6)e+07,(1.5+/-0.6)e+07,(1.5+/-0.6)e+07,(1.5+/-0.6)e+07
Zambia,522193,1315699,0,0,0,0,(1.2+/-0.4)e+05,(1.2+/-0.4)e+05,(1.2+/-0.4)e+05,(1.2+/-0.4)e+05,(1.2+/-0.4)e+05,(1.2+/-0.4)e+05,(1.2+/-0.4)e+05,(1.2+/-0.4)e+05,(1.2+/-0.4)e+05,(1.2+/-0.4)e+05,(1.2+/-0.4)e+05,(1.2+/-0.4)e+05,(1.2+/-0.4)e+05,(1.2+/-0.4)e+05,(1.2+/-0.4)e+05,(1.2+/-0.4)e+05,(1.2+/-0.4)e+05,(1.2+/-0.4)e+05,(1.2+/-0.4)e+05,(1.2+/-0.4)e+05,(1.2+/-0.4)e+05,(1.2+/-0.4)e+05,(1.2+/-0.4)e+05,(1.2+/-0.4)e+05,(1.2+/-0.4)e+05,(1.2+/-0.4)e+05,(1.2+/-0.4)e+05,(1.2+/-0.4)e+05,(1.2+/-0.4)e+05,(1.2+/-0.4)e+05,(1.2+/-0.4)e+05,(1.2+/-0.4)e+05,(1.2+/-0.4)e+05,(1.2+/-0.4)e+05,(1.2+/-0.4)e+05,(1.2+/-0.4)e+05,(1.2+/-0.4)e+05,(1.2+/-0.4)e+05,(1.2+/-0.4)e+05,(1.2+/-0.4)e+05,(1.2+/-0.4)e+05,(1.2+/-0.4)e+05,(1.2+/-0.4)e+05,(1.2+/-0.4)e+05,(1.2+/-0.4)e+05,(1.2+/-0.4)e+05,(1.2+/-0.4)e+05,(1.2+/-0.4)e+05,(1.2+/-0.4)e+05
Zimbabwe,583624,1337992,0,0,0,0,(5.7+/-2.1)e+05,(5.7+/-2.1)e+05,(5.7+/-2.1)e+05,(5.7+/-2.1)e+05,(5.7+/-2.1)e+05,(5.7+/-2.1)e+05,(5.7+/-2.1)e+05,(5.7+/-2.1)e+05,(5.7+/-2.1)e+05,(5.7+/-2.1)e+05,(5.7+/-2.1)e+05,(5.7+/-2.1)e+05,(5.7+/-2.1)e+05,(5.7+/-2.1)e+05,(5.7+/-2.1)e+05,(5.7+/-2.1)e+05,(5.7+/-2.1)e+05,(5.7+/-2.1)e+05,(5.7+/-2.1)e+05,(5.7+/-2.1)e+05,(5.7+/-2.1)e+05,(5.7+/-2.1)e+05,(5.7+/-2.1)e+05,(5.7+/-2.1)e+05,(5.7+/-2.1)e+05,(5.7+/-2.1)e+05,(5.7+/-2.1)e+05,(5.7+/-2.1)e+05,(5.7+/-2.1)e+05,(5.7+/-2.1)e+05,(5.7+/-2.1)e+05,(5.7+/-2.1)e+05,(5.7+/-2.1)e+05,(5.7+/-2.1)e+05,(5.7+/-2.1)e+05,(5.7+/-2.1)e+05,(5.7+/-2.1)e+05,(5.7+/-2.1)e+05,(5.7+/-2.1)e+05,(5.7+/-2.1)e+05,(5.7+/-2.1)e+05,(5.7+/-2.1)e+05,(5.7+/-2.1)e+05,(5.7+/-2.1)e+05,(5.7+/-2.1)e+05,(5.7+/-2.1)e+05,(5.7+/-2.1)e+05,(5.7+/-2.1)e+05,(5.7+/-2.1)e+05
Australia and New Zealand,1323582,3160230,0,0,0,0,(7.8+/-2.9)e+06,(7.8+/-2.9)e+06,(7.8+/-2.9)e+06,(7.8+/-2.9)e+06,(7.8+/-2.9)e+06,(7.8+/-2.9)e+06,(7.8+/-2.9)e+06,(7.8+/-2.9)e+06,(7.8+/-2.9)e+06,(7.8+/-2.9)e+06,(7.8+/-2.9)e+06,(7.8+/-2.9)e+06,(7.8+/-2.9)e+06,(7.8+/-2.9)e+06,(7.8+/-2.9)e+06,(7.8+/-2.9)e+06,(7.8+/-2.9)e+06,(7.8+/-2.9)e+06,(7.8+/-2.9)e+06,(7.8+/-2.9)e+06,(7.8+/-2.9)e+06,(7.8+/-2.9)e+06,(7.8+/-2.9)e+06,(7.8+/-2.9)e+06,(7.8+/-2.9)e+06,(7.8+/-2.9)e+06,(7.8+/-2.9)e+06,(7.8+/-2.9)e+06,(7.8+/-2.9)e+06,(7.8+/-2.9)e+06,(7.8+/-2.9)e+06,(7.8+/-2.9)e+06,(7.8+/-2.9)e+06,(7.8+/-2.9)e+06,(7.8+/-2.9)e+06,(7.8+/-2.9)e+06,(7.8+/-2.9)e+06,(7.8+/-2.9)e+06,(7.8+/-2.9)e+06,(7.8+/-2.9)e+06,(7.8+/-2.9)e+06,(7.8+/-2.9)e+06,(7.8+/-2.9)e+06,(7.8+/-2.9)e+06,(7.8+/-2.9)e+06,(7.8+/-2.9)e+06,(7.8+/-2.9)e+06,(7.8+/-2.9)e+06,(7.8+/-2.9)e+06
Caribbean,2079995,5581174,0,0,0,0,(5.0+/-1.8)e+05,(5.0+/-1.8)e+05,(5.0+/-1.8)e+05,(5.0+/-1.8)e+05,(5.0+/-1.8)e+05,(5.0+/-1.8)e+05,(5.0+/-1.8)e+05,(5.0+/-1.8)e+05,(5.0+/-1.8)e+05,(5.0+/-1.8)e+05,(5.0+/-1.8)e+05,(5.0+/-1.8)e+05,(5.0+/-1.8)e+05,(5.0+/-1.8)e+05,(5.0+/-1.8)e+05,(5.0+/-1.8)e+05,(5.0+/-1.8)e+05,(5.0+/-1.8)e+05,(5.0+/-1.8)e+05,(5.0+/-1.8)e+05,(5.0+/-1.8)e+05,(5.0+/-1.8)e+05,(5.0+/-1.8)e+05,(5.0+/-1.8)e+05,(5.0+/-1.8)e+05,(5.0+/-1.8)e+05,(5.0+/-1.8)e+05,(5.0+/-1.8)e+05,(5.0+/-1.8)e+05,(5.0+/-1.8)e+05,(5.0+/-1.8)e+05,(5.0+/-1.8)e+05,(5.0+/-1.8)e+05,(5.0+/-1.8)e+05,(5.0+/-1.8)e+05,(5.0+/-1.8)e+05,(5.0+/-1.8)e+05,(5.0+/-1.8)e+05,(5.0+/-1.8)e+05,(5.0+/-1.8)e+05,(5.0+/-1.8)e+05,(5.0+/-1.8)e+05,(5.0+/-1.8)e+05,(5.0+/-1.8)e+05,(5.0+/-1.8)e+05,(5.0+/-1.8)e+05,(5.0+/-1.8)e+05,(5.0+/-1.8)e+05,(5.0+/-1.8)e+05
Central America,10747059,30672446,0,0,0,0,(2.0+/-0.7)e+06,(2.0+/-0.7)e+06,(2.0+/-0.7)e+06,(2.0+/-0.7)e+06,(2.0+/-0.7)e+06,(2.0+/-0.7)e+06,(2.0+/-0.7)e+06,(2.0+/-0.7)e+06,(2.0+/-0.7)e+06,(2.0+/-0.7)e+06,(2.0+/-0.7)e+06,(2.0+/-0.7)e+06,(2.0+/-0.7)e+06,(2.0+/-0.7)e+06,(2.0+/-0.7)e+06,(2.0+/-0.7)e+06,(2.0+/-0.7)e+06,(2.0+/-0.7)e+06,(2.0+/-0.7)e+06,(2.0+/-0.7)e+06,(2.0+/-0.7)e+06,(2.0+/-0.7)e+06,(2.0+/-0.7)e+06,(2.0+/-0.7)e+06,(2.0+/-0.7)e+06,(2.0+/-0.7)e+06,(2.0+/-0.7)e+06,(2.0+/-0.7)e+06,(2.0+/-0.7)e+06,(2.0+/-0.7)e+06,(2.0+/-0.7)e+06,(2.0+/-0.7)e+06,(2.0+/-0.7)e+06,(2.0+/-0.7)e+06,(2.0+/-0.7)e+06,(2.0+/-0.7)e+06,(2.0+/-0.7)e+06,(2.0+/-0.7)e+06,(2.0+/-0.7)e+06,(2.0+/-0.7)e+06,(2.0+/-0.7)e+06,(2.0+/-0.7)e+06,(2.0+/-0.7)e+06,(2.0+/-0.7)e+06,(2.0+/-0.7)e+06,(2.0+/-0.7)e+06,(2.0+/-0.7)e+06,(2.0+/-0.7)e+06,(2.0+/-0.7)e+06
Central Asia,4000253,8062469,0,0,0,0,(5.7+/-2.1)e+06,(5.7+/-2.1)e+06,(5.7+/-2.1)e+06,(5.7+/-2.1)e+06,(5.7+/-2.1)e+06,(5.7+/-2.1)e+06,(5.7+/-2.1)e+06,(5.7+/-2.1)e+06,(5.7+/-2.1)e+06,(5.7+/-2.1)e+06,(5.7+/-2.1)e+06,(5.7+/-2.1)e+06,(5.7+/-2.1)e+06,(5.7+/-2.1)e+06,(5.7+/-2.1)e+06,(5.7+/-2.1)e+06,(5.7+/-2.1)e+06,(5.7+/-2.1)e+06,(5.7+/-2.1)e+06,(5.7+/-2.1)e+06,(5.7+/-2.1)e+06,(5.7+/-2.1)e+06,(5.7+/-2.1)e+06,(5.7+/-2.1)e+06,(5.7+/-2.1)e+06,(5.7+/-2.1)e+06,(5.7+/-2.1)e+06,(5.7+/-2.1)e+06,(5.7+/-2.1)e+06,(5.7+/-2.1)e+06,(5.7+/-2.1)e+06,(5.7+/-2.1)e+06,(5.7+/-2.1)e+06,(5.7+/-2.1)e+06,(5.7+/-2.1)e+06,(5.7+/-2.1)e+06,(5.7+/-2.1)e+06,(5.7+/-2.1)e+06,(5.7+/-2.1)e+06,(5.7+/-2.1)e+06,(5.7+/-2.1)e+06,(5.7+/-2.1)e+06,(5.7+/-2.1)e+06,(5.7+/-2.1)e+06,(5.7+/-2.1)e+06,(5.7+/-2.1)e+06,(5.7+/-2.1)e+06,(5.7+/-2.1)e+06,(5.7+/-2.1)e+06
Eastern Africa,30553237,53327862,0,0,0,0,(8.9+/-3.3)e+05,(8.9+/-3.3)e+05,(8.9+/-3.3)e+05,(8.9+/-3.3)e+05,(8.9+/-3.3)e+05,(8.9+/-3.3)e+05,(8.9+/-3.3)e+05,(8.9+/-3.3)e+05,(8.9+/-3.3)e+05,(8.9+/-3.3)e+05,(8.9+/-3.3)e+05,(8.9+/-3.3)e+05,(8.9+/-3.3)e+05,(8.9+/-3.3)e+05,(8.9+/-3.3)e+05,(8.9+/-3.3)e+05,(8.9+/-3.3)e+05,(8.9+/-3.3)e+05,(8.9+/-3.3)e+05,(8.9+/-3.3)e+05,(8.9+/-3.3)e+05,(8.9+/-3.3)e+05,(8.9+/-3.3)e+05,(8.9+/-3.3)e+05,(8.9+/-3.3)e+05,(8.9+/-3.3)e+05,(8.9+/-3.3)e+05,(8.9+/-3.3)e+05,(8.9+/-3.3)e+05,(8.9+/-3.3)e+05,(8.9+/-3.3)e+05,(8.9+/-3.3)e+05,(8.9+/-3.3)e+05,(8.9+/-3.3)e+05,(8.9+/-3.3)e+05,(8.9+/-3.3)e+05,(8.9+/-3.3)e+05,(8.9+/-3.3)e+05,(8.9+/-3.3)e+05,(8.9+/-3.3)e+05,(8.9+/-3.3)e+05,(8.9+/-3.3)e+05,(8.9+/-3.3)e+05,(8.9+/-3.3)e+05,(8.9+/-3.3)e+05,(8.9+/-3.3)e+05,(8.9+/-3.3)e+05,(8.9+/-3.3)e+05,(8.9+/-3.3)e+05
Eastern Asia,124151357,253150463,0,0,0,0,(4.3+/-1.6)e+08,(4.3+/-1.6)e+08,(4.3+/-1.6)e+08,(4.3+/-1.6)e+08,(4.3+/-1.6)e+08,(4.3+/-1.6)e+08,(4.3+/-1.6)e+08,(4.3+/-1.6)e+08,(4.3+/-1.6)e+08,(4.3+/-1.6)e+08,(4.3+/-1.6)e+08,(4.3+/-1.6)e+08,(4.3+/-1.6)e+08,(4.3+/-1.6)e+08,(4.3+/-1.6)e+08,(4.3+/-1.6)e+08,(4.3+/-1.6)e+08,(4.3+/-1.6)e+08,(4.3+/-1.6)e+08,(4.3+/-1.6)e+08,(4.3+/-1.6)e+08,(4.3+/-1.6)e+08,(4.3+/-1.6)e+08,(4.3+/-1.6)e+08,(4.3+/-1.6)e+08,(4.3+/-1.6)e+08,(4.3+/-1.6)e+08,(4.3+/-1.6)e+08,(4.3+/-1.6)e+08,(4.3+/-1.6)e+08,(4.3+/-1.6)e+08,(4.3+/-1.6)e+08,(4.3+/-1.6)e+08,(4.3+/-1.6)e+08,(4.3+/-1.6)e+08,(4.3+/-1.6)e+08,(4.3+/-1.6)e+08,(4.3+/-1.6)e+08,(4.3+/-1.6)e+08,(4.3+/-1.6)e+08,(4.3+/-1.6)e+08,(4.3+/-1.6)e+08,(4.3+/-1.6)e+08,(4.3+/-1.6)e+08,(4.3+/-1.6)e+08,(4.3+/-1.6)e+08,(4.3+/-1.6)e+08,(4.3+/-1.6)e+08,(4.3+/-1.6)e+08
Eastern Europe,16845371,35208042,0,0,0,0,(2.8+/-1.1)e+07,(2.8+/-1.1)e+07,(2.8+/-1.1)e+07,(2.8+/-1.1)e+07,(2.8+/-1.1)e+07,(2.8+/-1.1)e+07,(2.8+/-1.1)e+07,(2.8+/-1.1)e+07,(2.8+/-1.1)e+07,(2.8+/-1.1)e+07,(2.8+/-1.1)e+07,(2.8+/-1.1)e+07,(2.8+/-1.1)e+07,(2.8+/-1.1)e+07,(2.8+/-1.1)e+07,(2.8+/-1.1)e+07,(2.8+/-1.1)e+07,(2.8+/-1.1)e+07,(2.8+/-1.1)e+07,(2.8+/-1.1)e+07,(2.8+/-1.1)e+07,(2.8+/-1.1)e+07,(2.8+/-1.1)e+07,(2.8+/-1.1)e+07,(2.8+/-1.1)e+07,(2.8+/-1.1)e+07,(2.8+/-1.1)e+07,(2.8+/-1.1)e+07,(2.8+/-1.1)e+07,(2.8+/-1.1)e+07,(2.8+/-1.1)e+07,(2.8+/-1.1)e+07,(2.8+/-1.1)e+07,(2.8+/-1.1)e+07,(2.8+/-1.1)e+07,(2.8+/-1.1)e+07,(2.8+/-1.1)e+07,(2.8+/-1.1)e+07,(2.8+/-1.1)e+07,(2.8+/-1.1)e+07,(2.8+/-1.1)e+07,(2.8+/-1.1)e+07,(2.8+/-1.1)e+07,(2.8+/-1.1)e+07,(2.8+/-1.1)e+07,(2.8+/-1.1)e+07,(2.8+/-1.1)e+07,(2.8+/-1.1)e+07,(2.8+/-1.1)e+07
Melanesia,703079,1471235,0,0,0,0,(1.6+/-0.6)e+05,(1.6+/-0.6)e+05,(1.6+/-0.6)e+05,(1.6+/-0.6)e+05,(1.6+/-0.6)e+05,(1.6+/-0.6)e+05,(1.6+/-0.6)e+05,(1.6+/-0.6)e+05,(1.6+/-0.6)e+05,(1.6+/-0.6)e+05,(1.6+/-0.6)e+05,(1.6+/-0.6)e+05,(1.6+/-0.6)e+05,(1.6+/-0.6)e+05,(1.6+/-0.6)e+05,(1.6+/-0.6)e+05,(1.6+/-0.6)e+05,(1.6+/-0.6)e+05,(1.6+/-0.6)e+05,(1.6+/-0.6)e+05,(1.6+/-0.6)e+05,(1.6+/-0.6)e+05,(1.6+/-0.6)e+05,(1.6+/-0.6)e+05,(1.6+/-0.6)e+05,(1.6+/-0.6)e+05,(1.6+/-0.6)e+05,(1.6+/-0.6)e+05,(1.6+/-0.6)e+05,(1.6+/-0.6)e+05,(1.6+/-0.6)e+05,(1.6+/-0.6)e+05,(1.6+/-0.6)e+05,(1.6+/-0.6)e+05,(1.6+/-0.6)e+05,(1.6+/-0.6)e+05,(1.6+/-0.6)e+05,(1.6+/-0.6)e+05,(1.6+/-0.6)e+05,(1.6+/-0.6)e+05,(1.6+/-0.6)e+05,(1.6+/-0.6)e+05,(1.6+/-0.6)e+05,(1.6+/-0.6)e+05,(1.6+/-0.6)e+05,(1.6+/-0.6)e+05,(1.6+/-0.6)e+05,(1.6+/-0.6)e+05,(1.6+/-0.6)e+05
Micronesia,18572,42790,0,0,0,0,(4.0+/-1.4)e+04,(4.0+/-1.4)e+04,(4.0+/-1.4)e+04,(4.0+/-1.4)e+04,(4.0+/-1.4)e+04,(4.0+/-1.4)e+04,(4.0+/-1.4)e+04,(4.0+/-1.4)e+04,(4.0+/-1.4)e+04,(4.0+/-1.4)e+04,(4.0+/-1.4)e+04,(4.0+/-1.4)e+04,(4.0+/-1.4)e+04,(4.0+/-1.4)e+04,(4.0+/-1.4)e+04,(4.0+/-1.4)e+04,(4.0+/-1.4)e+04,(4.0+/-1.4)e+04,(4.0+/-1.4)e+04,(4.0+/-1.4)e+04,(4.0+/-1.4)e+04,(4.0+/-1.4)e+04,(4.0+/-1.4)e+04,(4.0+/-1.4)e+04,(4.0+/-1.4)e+04,(4.0+/-1.4)e+04,(4.0+/-1.4)e+04,(4.0+/-1.4)e+04,(4.0+/-1.4)e+04,(4.0+/-1.4)e+04,(4.0+/-1.4)e+04,(4.0+/-1.4)e+04,(4.0+/-1.4)e+04,(4.0+/-1.4)e+04,(4.0+/-1.4)e+04,(4.0+/-1.4)e+04,(4.0+/-1.4)e+04,(4.0+/-1.4)e+04,(4.0+/-1.4)e+04,(4.0+/-1.4)e+04,(4.0+/-1.4)e+04,(4.0+/-1.4)e+04,(4.0+/-1.4)e+04,(4.0+/-1.4)e+04,(4.0+/-1.4)e+04,(4.0+/-1.4)e+04,(4.0+/-1.4)e+04,(4.0+/-1.4)e+04,(4.0+/-1.4)e+04
Middle Africa,12655828,23754983,0,0,0,0,(5.9+/-2.1)e+04,(5.9+/-2.1)e+04,(5.9+/-2.1)e+04,(5.9+/-2.1)e+04,(5.9+/-2.1)e+04,(5.9+/-2.1)e+04,(5.9+/-2.1)e+04,(5.9+/-2.1)e+04,(5.9+/-2.1)e+04,(5.9+/-2.1)e+04,(5.9+/-2.1)e+04,(5.9+/-2.1)e+04,(5.9+/-2.1)e+04,(5.9+/-2.1)e+04,(5.9+/-2.1)e+04,(5.9+/-2.1)e+04,(5.9+/-2.1)e+04,(5.9+/-2.1)e+04,(5.9+/-2.1)e+04,(5.9+/-2.1)e+04,(5.9+/-2.1)e+04,(5.9+/-2.1)e+04,(5.9+/-2.1)e+04,(5.9+/-2.1)e+04,(5.9+/-2.1)e+04,(5.9+/-2.1)e+04,(5.9+/-2.1)e+04,(5.9+/-2.1)e+04,(5.9+/-2.1)e+04,(5.9+/-2.1)e+04,(5.9+/-2.1)e+04,(5.9+/-2.1)e+04,(5.9+/-2.1)e+04,(5.9+/-2.1)e+04,(5.9+/-2.1)e+04,(5.9+/-2.1)e+04,(5.9+/-2.1)e+04,(5.9+/-2.1)e+04,(5.9+/-2.1)e+04,(5.9+/-2.1)e+04,(5.9+/-2.1)e+04,(5.9+/-2.1)e+04,(5.9+/-2.1)e+04,(5.9+/-2.1)e+04,(5.9+/-2.1)e+04,(5.9+/-2.1)e+04,(5.9+/-2.1)e+04,(5.9+/-2.1)e+04,(5.9+/-2.1)e+04
Northern Africa,10873455,23008778,0,0,0,0,(1.4+/-0.5)e+06,(1.4+/-0.5)e+06,(1.4+/-0.5)e+06,(1.4+/-0.5)e+06,(1.4+/-0.5)e+06,(1.4+/-0.5)e+06,(1.4+/-0.5)e+06,(1.4+/-0.5)e+06,(1.4+/-0.5)e+06,(1.4+/-0.5)e+06,(1.4+/-0.5)e+06,(1.4+/-0.5)e+06,(1.4+/-0.5)e+06,(1.4+/-0.5)e+06,(1.4+/-0.5)e+06,(1.4+/-0.5)e+06,(1.4+/-0.5)e+06,(1.4+/-0.5)e+06,(1.4+/-0.5)e+06,(1.4+/-0.5)e+06,(1.4+/-0.5)e+06,(1.4+/-0.5)e+06,(1.4+/-0.5)e+06,(1.4+/-0.5)e+06,(1.4+/-0.5)e+06,(1.4+/-0.5)e+06,(1.4+/-0.5)e+06,(1.4+/-0.5)e+06,(1.4+/-0.5)e+06,(1.4+/-0.5)e+06,(1.4+/-0.5)e+06,(1.4+/-0.5)e+06,(1.4+/-0.5)e+06,(1.4+/-0.5)e+06,(1.4+/-0.5)e+06,(1.4+/-0.5)e+06,(1.4+/-0.5)e+06,(1.4+/-0.5)e+06,(1.4+/-0.5)e+06,(1.4+/-0.5)e+06,(1.4+/-0.5)e+06,(1.4+/-0.5)e+06,(1.4+/-0.5)e+06,(1.4+/-0.5)e+06,(1.4+/-0.5)e+06,(1.4+/-0.5)e+06,(1.4+/-0.5)e+06,(1.4+/-0.5)e+06,(1.4+/-0.5)e+06
Northern America,17983077,41526161,0,0,0,0,(6.5+/-2.4)e+07,(6.5+/-2.4)e+07,(6.5+/-2.4)e+07,(6.5+/-2.4)e+07,(6.5+/-2.4)e+07,(6.5+/-2.4)e+07,(6.5+/-2.4)e+07,(6.5+/-2.4)e+07,(6.5+/-2.4)e+07,(6.5+/-2.4)e+07,(6.5+/-2.4)e+07,(6.5+/-2.4)e+07,(6.5+/-2.4)e+07,(6.5+/-2.4)e+07,(6.5+/-2.4)e+07,(6.5+/-2.4)e+07,(6.5+/-2.4)e+07,(6.5+/-2.4)e+07,(6.5+/-2.4)e+07,(6.5+/-2.4)e+07,(6.5+/-2.4)e+07,(6.5+/-2.4)e+07,(6.5+/-2.4)e+07,(6.5+/-2.4)e+07,(6.5+/-2.4)e+07,(6.5+/-2.4)e+07,(6.5+/-2.4)e+07,(6.5+/-2.4)e+07,(6.5+/-2.4)e+07,(6.5+/-2.4)e+07,(6.5+/-2.4)e+07,(6.5+/-2.4)e+07,(6.5+/-2.4)e+07,(6.5+/-2.4)e+07,(6.5+/-2.4)e+07,(6.5+/-2.4)e+07,(6.5+/-2.4)e+07,(6.5+/-2.4)e+07,(6.5+/-2.4)e+07,(6.5+/-2.4)e+07,(6.5+/-2.4)e+07,(6.5+/-2.4)e+07,(6.5+/-2.4)e+07,(6.5+/-2.4)e+07,(6.5+/-2.4)e+07,(6.5+/-2.4)e+07,(6.5+/-2.4)e+07,(6.5+/-2.4)e+07,(6.5+/-2.4)e+07
Northern Europe,5056700,12261030,0,0,0,0,(5.5+/-2.0)e+05,(5.5+/-2.0)e+05,(5.5+/-2.0)e+05,(5.5+/-2.0)e+05,(5.5+/-2.0)e+05,(5.5+/-2.0)e+05,(5.5+/-2.0)e+05,(5.5+/-2.0)e+05,(5.5+/-2.0)e+05,(5.5+/-2.0)e+05,(5.5+/-2.0)e+05,(5.5+/-2.0)e+05,(5.5+/-2.0)e+05,(5.5+/-2.0)e+05,(5.5+/-2.0)e+05,(5.5+/-2.0)e+05,(5.5+/-2.0)e+05,(5.5+/-2.0)e+05,(5.5+/-2.0)e+05,(5.5+/-2.0)e+05,(5.5+/-2.0)e+05,(5.5+/-2.0)e+05,(5.5+/-2.0)e+05,(5.5+/-2.0)e+05,(5.5+/-2.0)e+05,(5.5+/-2.0)e+05,(5.5+/-2.0)e+05,(5.5+/-2.0)e+05,(5.5+/-2.0)e+05,(5.5+/-2.0)e+05,(5.5+/-2.0)e+05,(5.5+/-2.0)e+05,(5.5+/-2.0)e+05,(5.5+/-2.0)e+05,(5.5+/-2.0)e+05,(5.5+/-2.0)e+05,(5.5+/-2.0)e+05,(5.5+/-2.0)e+05,(5.5+/-2.0)e+05,(5.5+/-2.0)e+05,(5.5+/-2.0)e+05,(5.5+/-2.0)e+05,(5.5+/-2.0)e+05,(5.5+/-2.0)e+05,(5.5+/-2.0)e+05,(5.5+/-2.0)e+05,(5.5+/-2.0)e+05,(5.5+/-2.0)e+05,(5.5+/-2.0)e+05
Polynesia,28607,61139,0,0,0,0,(4.0+/-1.4)e+04,(4.0+/-1.4)e+04,(4.0+/-1.4)e+04,(4.0+/-1.4)e+04,(4.0+/-1.4)e+04,(4.0+/-1.4)e+04,(4.0+/-1.4)e+04,(4.0+/-1.4)e+04,(4.0+/-1.4)e+04,(4.0+/-1.4)e+04,(4.0+/-1.4)e+04,(4.0+/-1.4)e+04,(4.0+/-1.4)e+04,(4.0+/-1.4)e+04,(4.0+/-1.4)e+04,(4.0+/-1.4)e+04,(4.0+/-1.4)e+04,(4.0+/-1.4)e+04,(4.0+/-1.4)e+04,(4.0+/-1.4)e+04,(4.0+/-1.4)e+04,(4.0+/-1.4)e+04,(4.0+/-1.4)e+04,(4.0+/-1.4)e+04,(4.0+/-1.4)e+04,(4.0+/-1.4)e+04,(4.0+/-1.4)e+04,(4.0+/-1.4)e+04,(4.0+/-1.4)e+04,(4.0+/-1.4)e+04,(4.0+/-1.4)e+04,(4.0+/-1.4)e+04,(4.0+/-1.4)e+04,(4.0+/-1.4)e+04,(4.0+/-1.4)e+04,(4.0+/-1.4)e+04,(4.0+/-1.4)e+04,(4.0+/-1.4)e+04,(4.0+/-1.4)e+04,(4.0+/-1.4)e+04,(4.0+/-1.4)e+04,(4.0+/-1.4)e+04,(4.0+/-1.4)e+04,(4.0+/-1.4)e+04,(4.0+/-1.4)e+04,(4.0+/-1.4)e+04,(4.0+/-1.4)e+04,(4.0+/-1.4)e+04,(4.0+/-1.4)e+04
South America,23294967,60786882,0,0,0,0,(3.1+/-1.2)e+06,(3.1+/-1.2)e+06,(3.1+/-1.2)e+06,(3.1+/-1.2)e+06,(3.1+/-1.2)e+06,(3.1+/-1.2)e+06,(3.1+/-1.2)e+06,(3.1+/-1.2)e+06,(3.1+/-1.2)e+06,(3.1+/-1.2)e+06,(3.1+/-1.2)e+06,(3.1+/-1.2)e+06,(3.1+/-1.2)e+06,(3.1+/-1.2)e+06,(3.1+/-1.2)e+06,(3.1+/-1.2)e+06,(3.1+/-1.2)e+06,(3.1+/-1.2)e+06,(3.1+/-1.2)e+06,(3.1+/-1.2)e+06,(3.1+/-1.2)e+06,(3.1+/-1.2)e+06,(3.1+/-1.2)e+06,(3.1+/-1.2)e+06,(3.1+/-1.2)e+06,(3.1+/-1.2)e+06,(3.1+/-1.2)e+06,(3.1+/-1.2)e+06,(3.1+/-1.2)e+06,(3.1+/-1.2)e+06,(3.1+/-1.2)e+06,(3.1+/-1.2)e+06,(3.1+/-1.2)e+06,(3.1+/-1.2)e+06,(3.1+/-1.2)e+06,(3.1+/-1.2)e+06,(3.1+/-1.2)e+06,(3.1+/-1.2)e+06,(3.1+/-1.2)e+06,(3.1+/-1.2)e+06,(3.1+/-1.2)e+06,(3.1+/-1.2)e+06,(3.1+/-1.2)e+06,(3.1+/-1.2)e+06,(3.1+/-1.2)e+06,(3.1+/-1.2)e+06,(3.1+/-1.2)e+06,(3.1+/-1.2)e+06,(3.1+/-1.2)e+06
South-eastern Asia,54187500,117625871,0,0,0,0,(4.0+/-1.5)e+07,(4.0+/-1.5)e+07,(4.0+/-1.5)e+07,(4.0+/-1.5)e+07,(4.0+/-1.5)e+07,(4.0+/-1.5)e+07,(4.0+/-1.5)e+07,(4.0+/-1.5)e+07,(4.0+/-1.5)e+07,(4.0+/-1.5)e+07,(4.0+/-1.5)e+07,(4.0+/-1.5)e+07,(4.0+/-1.5)e+07,(4.0+/-1.5)e+07,(4.0+/-1.5)e+07,(4.0+/-1.5)e+07,(4.0+/-1.5)e+07,(4.0+/-1.5)e+07,(4.0+/-1.5)e+07,(4.0+/-1.5)e+07,(4.0+/-1.5)e+07,(4.0+/-1.5)e+07,(4.0+/-1.5)e+07,(4.0+/-1.5)e+07,(4.0+/-1.5)e+07,(4.0+/-1.5)e+07,(4.0+/-1.5)e+07,(4.0+/-1.5)e+07,(4.0+/-1.5)e+07,(4.0+/-1.5)e+07,(4.0+/-1.5)e+07,(4.0+/-1.5)e+07,(4.0+/-1.5)e+07,(4.0+/-1.5)e+07,(4.0+/-1.5)e+07,(4.0+/-1.5)e+07,(4.0+/-1.5)e+07,(4.0+/-1.5)e+07,(4.0+/-1.5)e+07,(4.0+/-1.5)e+07,(4.0+/-1.5)e+07,(4.0+/-1.5)e+07,(4.0+/-1.5)e+07,(4.0+/-1.5)e+07,(4.0+/-1.5)e+07,(4.0+/-1.5)e+07,(4.0+/-1.5)e+07,(4.0+/-1.5)e+07,(4.0+/-1.5)e+07
Southern Africa,2399915,6698646,0,0,0,0,(1.5+/-0.6)e+07,(1.5+/-0.6)e+07,(1.5+/-0.6)e+07,(1.5+/-0.6)e+07,(1.5+/-0.6)e+07,(1.5+/-0.6)e+07,(1.5+/-0.6)e+07,(1.5+/-0.6)e+07,(1.5+/-0.6)e+07,(1.5+/-0.6)e+07,(1.5+/-0.6)e+07,(1.5+/-0.6)e+07,(1.5+/-0.6)e+07,(1.5+/-0.6)e+07,(1.5+/-0.6)e+07,(1.5+/-0.6)e+07,(1.5+/-0.6)e+07,(1.5+/-0.6)e+07,(1.5+/-0.6)e+07,(1.5+/-0.6)e+07,(1.5+/-0.6)e+07,(1.5+/-0.6)e+07,(1.5+/-0.6)e+07,(1.5+/-0.6)e+07,(1.5+/-0.6)e+07,(1.5+/-0.6)e+07,(1.5+/-0.6)e+07,(1.5+/-0.6)e+07,(1.5+/-0.6)e+07,(1.5+/-0.6)e+07,(1.5+/-0.6)e+07,(1.5+/-0.6)e+07,(1.5+/-0.6)e+07,(1.5+/-0.6)e+07,(1.5+/-0.6)e+07,(1.5+/-0.6)e+07,(1.5+/-0.6)e+07,(1.5+/-0.6)e+07,(1.5+/-0.6)e+07,(1.5+/-0.6)e+07,(1.5+/-0.6)e+07,(1.5+/-0.6)e+07,(1.5+/-0.6)e+07,(1.5+/-0.6)e+07,(1.5+/-0.6)e+07,(1.5+/-0.6)e+07,(1.5+/-0.6)e+07,(1.5+/-0.6)e+07,(1.5+/-0.6)e+07
Southern Asia,165057910,267701915,0,0,0,0,(8.7+/-3.2)e+07,(8.7+/-3.2)e+07,(8.7+/-3.2)e+07,(8.7+/-3.2)e+07,(8.7+/-3.2)e+07,(8.7+/-3.2)e+07,(8.7+/-3.2)e+07,(8.7+/-3.2)e+07,(8.7+/-3.2)e+07,(8.7+/-3.2)e+07,(8.7+/-3.2)e+07,(8.7+/-3.2)e+07,(8.7+/-3.2)e+07,(8.7+/-3.2)e+07,(8.7+/-3.2)e+07,(8.7+/-3.2)e+07,(8.7+/-3.2)e+07,(8.7+/-3.2)e+07,(8.7+/-3.2)e+07,(8.7+/-3.2)e+07,(8.7+/-3.2)e+07,(8.7+/-3.2)e+07,(8.7+/-3.2)e+07,(8.7+/-3.2)e+07,(8.7+/-3.2)e+07,(8.7+/-3.2)e+07,(8.7+/-3.2)e+07,(8.7+/-3.2)e+07,(8.7+/-3.2)e+07,(8.7+/-3.2)e+07,(8.7+/-3.2)e+07,(8.7+/-3.2)e+07,(8.7+/-3.2)e+07,(8.7+/-3.2)e+07,(8.7+/-3.2)e+07,(8.7+/-3.2)e+07,(8.7+/-3.2)e+07,(8.7+/-3.2)e+07,(8.7+/-3.2)e+07,(8.7+/-3.2)e+07,(8.7+/-3.2)e+07,(8.7+/-3.2)e+07,(8.7+/-3.2)e+07,(8.7+/-3.2)e+07,(8.7+/-3.2)e+07,(8.7+/-3.2)e+07,(8.7+/-3.2)e+07,(8.7+/-3.2)e+07,(8.7+/-3.2)e+07
Southern Europe,7221249,17825632,0,0,0,0,(6.5+/-2.4)e+06,(6.5+/-2.4)e+06,(6.5+/-2.4)e+06,(6.5+/-2.4)e+06,(6.5+/-2.4)e+06,(6.5+/-2.4)e+06,(6.5+/-2.4)e+06,(6.5+/-2.4)e+06,(6.5+/-2.4)e+06,(6.5+/-2.4)e+06,(6.5+/-2.4)e+06,(6.5+/-2.4)e+06,(6.5+/-2.4)e+06,(6.5+/-2.4)e+06,(6.5+/-2.4)e+06,(6.5+/-2.4)e+06,(6.5+/-2.4)e+06,(6.5+/-2.4)e+06,(6.5+/-2.4)e+06,(6.5+/-2.4)e+06,(6.5+/-2.4)e+06,(6.5+/-2.4)e+06,(6.5+/-2.4)e+06,(6.5+/-2.4)e+06,(6.5+/-2.4)e+06,(6.5+/-2.4)e+06,(6.5+/-2.4)e+06,(6.5+/-2.4)e+06,(6.5+/-2.4)e+06,(6.5+/-2.4)e+06,(6.5+/-2.4)e+06,(6.5+/-2.4)e+06,(6.5+/-2.4)e+06,(6.5+/-2.4)e+06,(6.5+/-2.4)e+06,(6.5+/-2.4)e+06,(6.5+/-2.4)e+06,(6.5+/-2.4)e+06,(6.5+/-2.4)e+06,(6.5+/-2.4)e+06,(6.5+/-2.4)e+06,(6.5+/-2.4)e+06,(6.5+/-2.4)e+06,(6.5+/-2.4)e+06,(6.5+/-2.4)e+06,(6.5+/-2.4)e+06,(6.5+/-2.4)e+06,(6.5+/-2.4)e+06,(6.5+/-2.4)e+06
Western Africa,30967876,64624926,0,0,0,0,(2.8+/-1.0)e+05,(2.8+/-1.0)e+05,(2.8+/-1.0)e+05,(2.8+/-1.0)e+05,(2.8+/-1.0)e+05,(2.8+/-1.0)e+05,(2.8+/-1.0)e+05,(2.8+/-1.0)e+05,(2.8+/-1.0)e+05,(2.8+/-1.0)e+05,(2.8+/-1.0)e+05,(2.8+/-1.0)e+05,(2.8+/-1.0)e+05,(2.8+/-1.0)e+05,(2.8+/-1.0)e+05,(2.8+/-1.0)e+05,(2.8+/-1.0)e+05,(2.8+/-1.0)e+05,(2.8+/-1.0)e+05,(2.8+/-1.0)e+05,(2.8+/-1.0)e+05,(2.8+/-1.0)e+05,(2.8+/-1.0)e+05,(2.8+/-1.0)e+05,(2.8+/-1.0)e+05,(2.8+/-1.0)e+05,(2.8+/-1.0)e+05,(2.8+/-1.0)e+05,(2.8+/-1.0)e+05,(2.8+/-1.0)e+05,(2.8+/-1.0)e+05,(2.8+/-1.0)e+05,(2.8+/-1.0)e+05,(2.8+/-1.0)e+05,(2.8+/-1.0)e+05,(2.8+/-1.0)e+05,(2.8+/-1.0)e+05,(2.8+/-1.0)e+05,(2.8+/-1.0)e+05,(2.8+/-1.0)e+05,(2.8+/-1.0)e+05,(2.8+/-1.0)e+05,(2.8+/-1.0)e+05,(2.8+/-1.0)e+05,(2.8+/-1.0)e+05,(2.8+/-1.0)e+05,(2.8+/-1.0)e+05,(2.8+/-1.0)e+05,(2.8+/-1.0)e+05
Western Asia,13037221,29928296,0,0,0,0,(8.4+/-3.1)e+06,(8.4+/-3.1)e+06,(8.4+/-3.1)e+06,(8.4+/-3.1)e+06,(8.4+/-3.1)e+06,(8.4+/-3.1)e+06,(8.4+/-3.1)e+06,(8.4+/-3.1)e+06,(8.4+/-3.1)e+06,(8.4+/-3.1)e+06,(8.4+/-3.1)e+06,(8.4+/-3.1)e+06,(8.4+/-3.1)e+06,(8.4+/-3.1)e+06,(8.4+/-3.1)e+06,(8.4+/-3.1)e+06,(8.4+/-3.1)e+06,(8.4+/-3.1)e+06,(8.4+/-3.1)e+06,(8.4+/-3.1)e+06,(8.4+/-3.1)e+06,(8.4+/-3.1)e+06,(8.4+/-3.1)e+06,(8.4+/-3.1)e+06,(8.4+/-3.1)e+06,(8.4+/-3.1)e+06,(8.4+/-3.1)e+06,(8.4+/-3.1)e+06,(8.4+/-3.1)e+06,(8.4+/-3.1)e+06,(8.4+/-3.1)e+06,(8.4+/-3.1)e+06,(8.4+/-3.1)e+06,(8.4+/-3.1)e+06,(8.4+/-3.1)e+06,(8.4+/-3.1)e+06,(8.4+/-3.1)e+06,(8.4+/-3.1)e+06,(8.4+/-3.1)e+06,(8.4+/-3.1)e+06,(8.4+/-3.1)e+06,(8.4+/-3.1)e+06,(8.4+/-3.1)e+06,(8.4+/-3.1)e+06,(8.4+/-3.1)e+06,(8.4+/-3.1)e+06,(8.4+/-3.1)e+06,(8.4+/-3.1)e+06,(8.4+/-3.1)e+06
Western Europe,10758415,23911894,0,0,0,0,(1.2+/-0.4)e+07,(1.2+/-0.4)e+07,(1.2+/-0.4)e+07,(1.2+/-0.4)e+07,(1.2+/-0.4)e+07,(1.2+/-0.4)e+07,(1.2+/-0.4)e+07,(1.2+/-0.4)e+07,(1.2+/-0.4)e+07,(1.2+/-0.4)e+07,(1.2+/-0.4)e+07,(1.2+/-0.4)e+07,(1.2+/-0.4)e+07,(1.2+/-0.4)e+07,(1.2+/-0.4)e+07,(1.2+/-0.4)e+07,(1.2+/-0.4)e+07,(1.2+/-0.4)e+07,(1.2+/-0.4)e+07,(1.2+/-0.4)e+07,(1.2+/-0.4)e+07,(1.2+/-0.4)e+07,(1.2+/-0.4)e+07,(1.2+/-0.4)e+07,(1.2+/-0.4)e+07,(1.2+/-0.4)e+07,(1.2+/-0.4)e+07,(1.2+/-0.4)e+07,(1.2+/-0.4)e+07,(1.2+/-0.4)e+07,(1.2+/-0.4)e+07,(1.2+/-0.4)e+07,(1.2+/-0.4)e+07,(1.2+/-0.4)e+07,(1.2+/-0.4)e+07,(1.2+/-0.4)e+07,(1.2+/-0.4)e+07,(1.2+/-0.4)e+07,(1.2+/-0.4)e+07,(1.2+/-0.4)e+07,(1.2+/-0.4)e+07,(1.2+/-0.4)e+07,(1.2+/-0.4)e+07,(1.2+/-0.4)e+07,(1.2+/-0.4)e+07,(1.2+/-0.4)e+07,(1.2+/-0.4)e+07,(1.2+/-0.4)e+07,(1.2+/-0.4)e+07
Global,543945225,1080392864,0,0,0,0,(7.2+/-2.7)e+08,(7.2+/-2.7)e+08,(7.2+/-2.7)e+08,(7.2+/-2.7)e+08,(7.2+/-2.7)e+08,(7.2+/-2.7)e+08,(7.2+/-2.7)e+08,(7.2+/-2.7)e+08,(7.2+/-2.7)e+08,(7.2+/-2.7)e+08,(7.2+/-2.7)e+08,(7.2+/-2.7)e+08,(7.2+/-2.7)e+08,(7.2+/-2.7)e+08,(7.2+/-2.7)e+08,(7.2+/-2.7)e+08,(7.2+/-2.7)e+08,(7.2+/-2.7)e+08,(7.2+/-2.7)e+08,(7.2+/-2.7)e+08,(7.2+/-2.7)e+08,(7.2+/-2.7)e+08,(7.2+/-2.7)e+08,(7.2+/-2.7)e+08,(7.2+/-2.7)e+08,(7.2+/-2.7)e+08,(7.2+/-2.7)e+08,(7.2+/-2.7)e+08,(7.2+/-2.7)e+08,(7.2+/-2.7)e+08,(7.2+/-2.7)e+08,(7.2+/-2.7)e+08,(7.2+/-2.7)e+08,(7.2+/-2.7)e+08,(7.2+/-2.7)e+08,(7.2+/-2.7)e+08,(7.2+/-2.7)e+08,(7.2+/-2.7)e+08,(7.2+/-2.7)e+08,(7.2+/-2.7)e+08,(7.2+/-2.7)e+08,(7.2+/-2.7)e+08,(7.2+/-2.7)e+08,(7.2+/-2.7)e+08,(7.2+/-2.7)e+08,(7.2+/-2.7)e+08,(7.2+/-2.7)e+08,(7.2+/-2.7)e+08,(7.2+/-2.7)e+08
