Country Name,Country Code,Region,occupational_group,occupancy_group,occupancy_category,Essential Workers,Vital Workers,Indoor Essential Workers,Indoor Vital Workers,Scaled ECA (L/s/person),Indoor Essential CADR Requirement (L/s),Indoor Vital CADR Requirement (L/s)
Afghanistan,AFG,Southern Asia,Food,Industrial,Manufacturing,3915114.2378857187,3915114.2378857187,18792.86240524849,18792.86240524849,153.5442857142857,2885536.6345407325,2885536.6345407325
Afghanistan,AFG,Southern Asia,Health,Health care,Patient room,70317.7422580397,39138.39646898175,69760.15114507587,38744.802742183754,228.48375,15939060.934193728,8852557.823544426
Afghanistan,AFG,Southern Asia,Retail,Commercial/Retail,Retail,732954.9633438711,56381.151026451626,563811.5102645162,43370.11617419355,72.5795,40921157.50924345,3147781.3468648805
Afghanistan,AFG,Southern Asia,Security,Commercial/Retail,Office,148501.95993502386,118801.56794801909,148501.95993502386,118801.56794801909,65.481325,9724105.101642275,7779284.081313821
Afghanistan,AFG,Southern Asia,Transport,Commercial/Retail,Transportation waiting,363154.4978848369,297126.40736032114,297126.40736032114,243103.42420389914,131.93875,39202486.77911157,32074761.910182197
Afghanistan,AFG,Southern Asia,Manual,Industrial,Manufacturing,617543.934480906,273906.98978361976,451384.6925017752,188389.84891513473,153.5442857142857,69307540.19254757,28926184.787496563
Afghanistan,AFG,Southern Asia,Cleaning,Commercial/Retail,Office,35891.56210884639,3759.7615382400513,26776.500475505283,2349.8509614000322,65.481325,1753360.729999216,153871.35450499796
Afghanistan,AFG,Southern Asia,Tech,Commercial/Retail,Office,40833.10585103688,2401.9474030021697,40833.10585103688,2401.9474030021697,65.481325,2673805.874991148,157282.69852889105
Afghanistan,AFG,Southern Asia,ArmedForces,Correctional facilities,Dayroom,114292.76836116974,45717.1073444679,114292.76836116974,45717.1073444679,64.41975,7362711.564634464,2945084.625853786
Angola,AGO,Middle Africa,Food,Industrial,Manufacturing,6959286.560660433,6938296.083767504,52064.329971462714,31073.85307853508,153.5442857142857,7994180.3566611195,4771212.575334327
Angola,AGO,Middle Africa,Health,Health care,Patient room,264872.2749970955,136509.1760299205,263423.83336484677,135486.74664245074,228.48375,60188065.2865753,30956519.948167052
Angola,AGO,Middle Africa,Retail,Commercial/Retail,Retail,2885743.523061134,209553.4149919683,2095534.1499196829,161194.93460920636,72.5795,152092820.83409563,11699447.756468892
Angola,AGO,Middle Africa,Security,Commercial/Retail,Office,398023.8810330245,318419.1048264197,398023.8810330245,318419.1048264197,65.481325,26063131.111684814,20850504.889347855
Angola,AGO,Middle Africa,Transport,Commercial/Retail,Transportation waiting,588691.8188814804,481656.9427212113,481656.9427212113,394082.9531355366,131.93875,63549214.951458216,51994812.233011276
Angola,AGO,Middle Africa,Manual,Industrial,Manufacturing,645336.0812504955,265070.335539732,580864.7411252931,249326.02090369683,153.5442857142857,89188461.7726966,38282585.7896432
Angola,AGO,Middle Africa,Cleaning,Commercial/Retail,Office,303748.05396508065,15438.171904329622,240258.23505062587,9648.857440206011,65.481325,15732427.573276423,631819.9699207979
Angola,AGO,Middle Africa,Tech,Commercial/Retail,Office,356223.90159860416,55095.88350259353,351232.9917609041,53678.758466875675,65.481325,22999201.684218083,3514956.228765988
Angola,AGO,Middle Africa,ArmedForces,Correctional facilities,Dayroom,64254.60740077748,25701.842960310994,64254.60740077748,25701.842960310994,64.41975,4139265.7451062347,1655706.298042494
Albania,ALB,Southern Europe,Food,Industrial,Manufacturing,446279.68945026805,442744.19934909383,3934.3449289028194,398.85482772864555,153.5442857142857,604096.1818620056,61241.87962728936
Albania,ALB,Southern Europe,Health,Health care,Patient room,39647.72964371011,22094.755990260855,39014.20714283908,21647.563636704836,228.48375,8914112.351272658,4946116.518077958
Albania,ALB,Southern Europe,Retail,Commercial/Retail,Retail,99995.26038906735,7630.651496445978,76306.51496445978,5869.73192034306,72.5795,5538288.702863009,426022.2079125391
Albania,ALB,Southern Europe,Security,Commercial/Retail,Office,28544.135732986066,22835.30858638885,28544.135732986066,22835.30858638885,65.481325,1869107.8287757738,1495286.2630206188
Albania,ALB,Southern Europe,Transport,Commercial/Retail,Transportation waiting,38966.110111066926,31881.362818145666,31881.362818145666,26084.751396664633,131.93875,4206387.158522616,3441589.493336686
Albania,ALB,Southern Europe,Manual,Industrial,Manufacturing,77359.68499953067,32625.562184296956,66045.41948056011,28910.639686664876,153.5442857142857,10140896.758842973,4439063.5202320395
Albania,ALB,Southern Europe,Cleaning,Commercial/Retail,Office,20215.1122122091,1025.2757317849225,15991.530400353482,640.7973323655767,65.481325,1047146.5993929264,41960.25837976335
Albania,ALB,Southern Europe,Tech,Commercial/Retail,Office,25335.103251918696,3215.0693729925524,23555.17191749126,3137.0475296268937,65.481325,1542423.8677601183,205418.02882794576
Albania,ALB,Southern Europe,ArmedForces,Correctional facilities,Dayroom,2371.3200779747167,948.5280311898867,2371.3200779747167,948.5280311898867,64.41975,152759.84659311175,61103.9386372447
United Arab Emirates,ARE,Western Asia,Food,Industrial,Manufacturing,194676.46945088293,122265.81963422138,78437.3086784896,6026.658861828052,153.5442857142857,12043600.534389628,925359.0301830583
United Arab Emirates,ARE,Western Asia,Health,Health care,Patient room,166021.75221621807,90231.68005672067,164223.65718844344,88962.43650770329,228.48375,37522437.03313001,20326471.102416947
United Arab Emirates,ARE,Western Asia,Retail,Commercial/Retail,Retail,322621.5647124631,24731.41024574864,247314.1024574864,19024.161727498955,72.5795,17949933.899313133,1380764.1461010103
United Arab Emirates,ARE,Western Asia,Security,Commercial/Retail,Office,181137.6503174578,144910.12025396628,181137.6503174578,144910.12025396628,65.481325,11861133.350173807,9488906.680139048
United Arab Emirates,ARE,Western Asia,Transport,Commercial/Retail,Transportation waiting,439071.43783449894,359240.2673191355,359240.2673191355,293923.85507929267,131.93875,47397711.81975259,38779946.03434303
United Arab Emirates,ARE,Western Asia,Manual,Industrial,Manufacturing,493301.77202343364,222818.28130801546,409555.28394013824,192739.88666463125,153.5442857142857,62884873.533099994,29594108.226573188
United Arab Emirates,ARE,Western Asia,Cleaning,Commercial/Retail,Office,428172.8418597826,11110.064889117488,347552.31414222094,6943.79055569843,65.481325,22758186.036848865,454688.6061096195
United Arab Emirates,ARE,Western Asia,Tech,Commercial/Retail,Office,166405.48927737164,65530.871240042055,156353.23631619517,63209.14151339213,65.481325,10238217.082022578,4139018.338409422
United Arab Emirates,ARE,Western Asia,ArmedForces,Correctional facilities,Dayroom,15021.573143163909,6008.629257265565,15021.573143163909,6008.629257265565,64.41975,967685.9864893331,387074.3945957333
Argentina,ARG,South America,Food,Industrial,Manufacturing,53506.2994141099,53506.2994141099,2805.0017956141432,2805.0017956141432,153.5442857142857,430691.99713486247,430691.99713486247
Argentina,ARG,South America,Health,Health care,Patient room,1022274.5739025817,608281.4250294513,993758.4097095458,588152.3679520141,228.48375,227057648.0444734,134383258.60105598
Argentina,ARG,South America,Retail,Commercial/Retail,Retail,2956548.3393802685,217922.406176285,2179224.06176285,167632.62013560385,72.5795,158166992.79071674,12166691.753132058
Argentina,ARG,South America,Security,Commercial/Retail,Office,504653.12252279604,403722.4980182369,504653.12252279604,403722.4980182369,65.481325,33045355.128180027,26436284.102544025
Argentina,ARG,South America,Transport,Commercial/Retail,Transportation waiting,1195278.4436123227,977955.090228264,977955.090228264,800145.0738231251,131.93875,129030172.16085437,105570140.85888085
Argentina,ARG,South America,Manual,Industrial,Manufacturing,1304227.7678665728,519543.2942507477,1060861.512910321,426364.8171663508,153.5442857142857,162889223.2415917,65465881.30550935
Argentina,ARG,South America,Cleaning,Commercial/Retail,Office,968485.2383119831,6833.912751446803,801376.1046337803,4271.195469654252,65.481325,52475169.15475857,279683.5386869577
Argentina,ARG,South America,Tech,Commercial/Retail,Office,768235.3620156376,126552.50538716177,742603.2419423779,123117.54446983141,65.481325,48626644.23168248,8061899.942630983
Argentina,ARG,South America,ArmedForces,Correctional facilities,Dayroom,23907.77176374496,9563.108705497985,23907.771763744964,9563.108705497985,64.41975,1540132.6800775095,616053.0720310038
Australia,AUS,Australia and New Zealand,Food,Industrial,Manufacturing,426490.0190527688,278732.655008007,160334.32972017402,12576.965675412248,153.5442857142857,24618420.13236289,1931121.2110842625
Australia,AUS,Australia and New Zealand,Health,Health care,Patient room,1200065.4611655923,602150.7493626437,1190057.7155936935,595086.4583707151,228.48375,271908849.57528055,135967585.5827599
Australia,AUS,Australia and New Zealand,Retail,Commercial/Retail,Retail,628136.7183507488,48318.209103903755,483182.09103903756,37167.853156849036,72.5795,35069114.57656783,2697624.1981975245
Australia,AUS,Australia and New Zealand,Security,Commercial/Retail,Office,128315.44200142562,102652.35360114051,128315.44200142562,102652.35360114051,65.481325,8402265.160214001,6721812.128171202
Australia,AUS,Australia and New Zealand,Transport,Commercial/Retail,Transportation waiting,415528.9223074787,339978.20916066435,339978.20916066435,278163.9893132709,131.93875,44856299.94389661,36700609.04500632
Australia,AUS,Australia and New Zealand,Manual,Industrial,Manufacturing,562628.3950254442,292676.7936538585,474627.86404337024,256654.52181404512,153.5442857142857,72876396.36463639,39407835.22727912
Australia,AUS,Australia and New Zealand,Cleaning,Commercial/Retail,Office,136214.10659405927,10763.301995445105,104542.3371655118,6727.06374715319,65.481325,6845570.7561944565,440497.04752305587
Australia,AUS,Australia and New Zealand,Tech,Commercial/Retail,Office,220090.9186181137,59637.379089945796,205923.6958864873,57668.45982393813,65.481325,13484156.455544237,3776207.1599807353
Australia,AUS,Australia and New Zealand,ArmedForces,Correctional facilities,Dayroom,2351.795647354955,940.7182589419821,2351.795647354955,940.7182589419821,64.41975,151502.08765369433,60600.835061477745
Austria,AUT,Western Europe,Food,Industrial,Manufacturing,167301.20021777647,130216.28025039272,38409.86196860289,1324.9420012191197,153.5442857142857,5897614.820353439,203437.273190046
Austria,AUT,Western Europe,Health,Health care,Patient room,384653.81620436016,199689.20899143745,380119.2983644521,196488.3728691494,228.48375,86851082.73767887,44894400.264541514
Austria,AUT,Western Europe,Retail,Commercial/Retail,Retail,284973.1330450875,21921.0102342375,219210.102342375,16862.31556479808,72.5795,15910159.622958405,1223858.432535262
Austria,AUT,Western Europe,Security,Commercial/Retail,Office,42393.50968477679,33914.80774782143,42393.50968477679,33914.80774782143,65.481325,2775983.185559517,2220786.548447613
Austria,AUT,Western Europe,Transport,Commercial/Retail,Transportation waiting,146361.71273779342,119750.4922400128,119750.4922400128,97977.6754691014,131.93875,15799730.258031989,12927052.029298903
Austria,AUT,Western Europe,Manual,Industrial,Manufacturing,306664.44841544906,160435.94180504043,263289.1253326297,143292.6437320087,153.5442857142857,40426540.68553767,22001766.629942894
Austria,AUT,Western Europe,Cleaning,Commercial/Retail,Office,96562.30306115409,3077.8342391757683,77903.72401831529,1923.6463994848552,65.481325,5101239.071153609,125962.91506974763
Austria,AUT,Western Europe,Tech,Commercial/Retail,Office,214192.23163196212,92563.1475951192,203867.91727476235,89249.81541144154,65.481325,13349541.348141827,5844196.169146612
Austria,AUT,Western Europe,ArmedForces,Correctional facilities,Dayroom,4932.645001639943,1973.0580006559776,4932.645001639943,1973.0580006559776,64.41975,317759.7578443947,127103.9031377579
Burundi,BDI,Eastern Africa,Food,Industrial,Manufacturing,4662438.537616631,4658804.429220011,31126.16049547204,27492.052098852164,153.5442857142857,4779244.080305471,4221247.502338185
Burundi,BDI,Eastern Africa,Health,Health care,Patient room,19407.584912973438,11397.060723158704,18992.69790037598,11104.199302501675,228.48375,4339522.83889503,2537129.097382967
Burundi,BDI,Eastern Africa,Retail,Commercial/Retail,Retail,183116.435798985,13478.646576470732,134786.4657647073,10368.189674208255,72.5795,9782734.291969573,752518.022459198
Burundi,BDI,Eastern Africa,Security,Commercial/Retail,Office,8010.818994440475,6408.655195552381,8010.818994440475,6408.655195552381,65.481325,524559.0420911299,419647.233672904
Burundi,BDI,Eastern Africa,Transport,Commercial/Retail,Transportation waiting,51947.30347864003,42502.3392097964,42502.3392097964,34774.641171651594,131.93875,5607705.507416525,4588122.6878862465
Burundi,BDI,Eastern Africa,Manual,Industrial,Manufacturing,76306.38420884761,29071.23137799459,59305.20849403102,21750.016533293176,153.5442857142857,9105975.877352783,3339590.752878405
Burundi,BDI,Eastern Africa,Cleaning,Commercial/Retail,Office,70265.0493372577,3771.8903977059385,55410.96578295981,2357.4314985662113,65.481325,3628383.4589978703,154367.73812285112
Burundi,BDI,Eastern Africa,Tech,Commercial/Retail,Office,21662.213716726623,3812.4367983648935,21122.390382637714,3706.3727878849963,65.481325,1383122.1094223745,242698.20109465352
Burundi,BDI,Eastern Africa,ArmedForces,Correctional facilities,Dayroom,6676.860727959128,2670.7442911836515,6676.860727959128,2670.7442911836515,64.41975,430121.698879945,172048.679551978
Belgium,BEL,Western Europe,Food,Industrial,Manufacturing,105522.74786403851,74292.43574147596,34589.18777617865,3358.875653616097,153.5442857142857,5310972.1305306535,515736.1630375882
Belgium,BEL,Western Europe,Health,Health care,Patient room,475592.13459514227,253956.75033613198,468622.7125913918,249037.1583334846,228.48375,107072674.70805341,56900943.82537831
Belgium,BEL,Western Europe,Retail,Commercial/Retail,Retail,256799.81855162352,19753.832196278734,197538.32196278733,15195.255535599026,72.5795,14337232.638898123,1102864.0491460094
Belgium,BEL,Western Europe,Security,Commercial/Retail,Office,52849.166468065174,42279.33317445214,52849.166468065174,42279.33317445214,65.481325,3460633.4454744775,2768506.7563795825
Belgium,BEL,Western Europe,Transport,Commercial/Retail,Transportation waiting,170462.37271750614,139469.21404159596,139469.21404159596,114111.17512494214,131.93875,18401393.76413062,15055685.80701596
Belgium,BEL,Western Europe,Manual,Industrial,Manufacturing,252568.4527900729,122748.49870622858,216370.70951256942,109579.79749438459,153.5442857142857,33222486.041600674,16825351.734991357
Belgium,BEL,Western Europe,Cleaning,Commercial/Retail,Office,166317.30927000675,5527.733686162785,133991.31298653662,3454.83355385174,65.481325,8773928.712848125,226227.0787606708
Belgium,BEL,Western Europe,Tech,Commercial/Retail,Office,143530.81970650685,53417.74580931528,130280.67091177593,51522.86163325684,65.481325,8530950.953192046,3373785.247537322
Belgium,BEL,Western Europe,ArmedForces,Correctional facilities,Dayroom,8738.21230226153,3495.284920904613,8738.21230226153,3495.284920904613,64.41975,562913.4519586122,225165.3807834449
Benin,BEN,Western Africa,Food,Industrial,Manufacturing,2528963.1584287803,2476271.0330002406,58143.48852680559,5451.363098265595,153.5442857142857,8927600.41478513,837025.6530924062
Benin,BEN,Western Africa,Health,Health care,Patient room,56548.00970279825,33651.37273960949,54854.67060975224,32456.074556282896,228.48375,12533400.845930977,7415685.624899101
Benin,BEN,Western Africa,Retail,Commercial/Retail,Retail,1253068.4888527782,92394.96046652558,923949.6046652556,71073.04651271197,72.5795,67059800.33180192,5158446.179369378
Benin,BEN,Western Africa,Security,Commercial/Retail,Office,22852.634818585087,18282.10785486807,22852.634818585087,18282.10785486807,65.481325,1496420.807662086,1197136.646129669
Benin,BEN,Western Africa,Transport,Commercial/Retail,Transportation waiting,193709.1703396582,158489.32118699307,158489.32118699307,129673.08097117612,131.93875,20910882.92576038,17108904.211985763
Benin,BEN,Western Africa,Manual,Industrial,Manufacturing,329284.5478723949,90569.1567009893,304764.0464723797,83627.69906453512,153.5442857142857,46794777.826996915,12840555.318793284
Benin,BEN,Western Africa,Cleaning,Commercial/Retail,Office,38089.26491386061,4329.491943506897,28133.14414196143,2705.9324646918103,65.481325,1842195.5548316226,177188.04314853545
Benin,BEN,Western Africa,Tech,Commercial/Retail,Office,151919.21498377802,11534.020902739907,148997.21098752224,11415.499876776494,65.481325,9756534.796767514,747502.0574686616
Benin,BEN,Western Africa,ArmedForces,Correctional facilities,Dayroom,6297.301390418114,2518.920556167246,6297.301390418114,2518.920556167246,64.41975,405670.58124538726,162268.23249815495
Burkina Faso,BFA,Western Africa,Food,Industrial,Manufacturing,3146728.653599191,3079584.549927439,68584.96837246911,1440.864700717076,153.5442857142857,10530829.979487646,221236.54128253149
Burkina Faso,BFA,Western Africa,Health,Health care,Patient room,57025.9152193831,35254.69483035786,55164.1775391483,33940.52705607448,228.48375,12604118.149810376,7754858.898748358
Burkina Faso,BFA,Western Africa,Retail,Commercial/Retail,Retail,775089.656611612,59550.46972911825,595504.6972911826,45808.053637783276,72.5795,43221433.17704538,3324725.6290034913
Burkina Faso,BFA,Western Africa,Security,Commercial/Retail,Office,23303.347184495808,18642.67774759665,23303.347184495808,18642.67774759665,65.481325,1525934.050575805,1220747.240460644
Burkina Faso,BFA,Western Africa,Transport,Commercial/Retail,Transportation waiting,51663.85085583093,42270.42342749804,42270.42342749804,34584.89189522567,131.93875,5577106.828994807,4563087.405541206
Burkina Faso,BFA,Western Africa,Manual,Industrial,Manufacturing,273388.59569467494,131204.2246626588,225587.98318783563,107966.38367718783,153.5442857142857,34637745.74430252,16577621.26286832
Burkina Faso,BFA,Western Africa,Cleaning,Commercial/Retail,Office,46072.349012398925,3501.65797847792,35475.57586160084,2188.5362365487,65.481325,2322987.7125556394,143308.2525797223
Burkina Faso,BFA,Western Africa,Tech,Commercial/Retail,Office,77858.93622164626,46218.105465762426,75556.21897875261,44505.74398393701,65.481325,4947521.3307188675,2914295.0861789742
Burkina Faso,BFA,Western Africa,ArmedForces,Correctional facilities,Dayroom,11436.695600766525,4574.67824030661,11436.695600766525,4574.67824030661,64.41975,736749.0714274793,294699.6285709917
Bangladesh,BGD,Southern Asia,Food,Industrial,Manufacturing,30983833.747571833,30965228.640399743,501998.5136168359,483393.4064447469,153.5442857142857,77079003.2029302,74222295.31155406
Bangladesh,BGD,Southern Asia,Health,Health care,Patient room,520796.4044107,288651.03325574094,511701.9176830085,282231.3955656057,228.48375,116915573.03440508,64485287.62656296
Bangladesh,BGD,Southern Asia,Retail,Commercial/Retail,Retail,8445017.89684462,642774.1711463874,6427741.711463874,494441.6701126057,72.5795,466522279.5471922,35886329.195937864
Bangladesh,BGD,Southern Asia,Security,Commercial/Retail,Office,532675.1674968448,426140.1339974758,532675.1674968448,426140.1339974758,65.481325,34880275.76229033,27904220.60983226
Bangladesh,BGD,Southern Asia,Transport,Commercial/Retail,Transportation waiting,5252068.931777275,4297147.30781777,4297147.30781777,3515847.7973054494,131.93875,566960244.3593419,463876563.5667344
Bangladesh,BGD,Southern Asia,Manual,Industrial,Manufacturing,5088113.71021363,1935032.2962803962,4182661.5211101137,1571712.0821961472,153.5442857142857,642223775.6434802,241327409.0093201
Bangladesh,BGD,Southern Asia,Cleaning,Commercial/Retail,Office,680267.3241782637,47922.13679033477,526954.3228232741,29951.335493959232,65.481325,34505667.272945724,1961253.13366398
Bangladesh,BGD,Southern Asia,Tech,Commercial/Retail,Office,501879.9590195631,117654.54383277067,458448.7555869023,113867.81916111219,65.481325,30019831.960431516,7456215.673530014
Bangladesh,BGD,Southern Asia,ArmedForces,Correctional facilities,Dayroom,113868.41808955719,45547.36723582288,113868.41808955719,45547.36723582288,64.41975,7335375.026224751,2934150.0104899006
Bulgaria,BGR,Eastern Europe,Food,Industrial,Manufacturing,117751.92767530945,102009.9051957373,21858.471982365485,6116.449502793324,153.5442857142857,3356243.467338035,939145.8700138989
Bulgaria,BGR,Eastern Europe,Health,Health care,Patient room,159246.44952666058,79520.04639575427,158414.0457419511,78932.4672536064,228.48375,36195035.223792516,18034786.11485619
Bulgaria,BGR,Eastern Europe,Retail,Commercial/Retail,Retail,265998.0779335023,20215.658943327133,202156.58943327135,15550.506879482413,72.5795,14672424.182772117,1128648.0140593937
Bulgaria,BGR,Eastern Europe,Security,Commercial/Retail,Office,84722.64452237301,67778.11561789842,84722.64452237301,67778.11561789842,65.481325,5547751.020828977,4438200.816663182
Bulgaria,BGR,Eastern Europe,Transport,Commercial/Retail,Transportation waiting,205157.55826771248,167856.18403721935,167856.18403721935,137336.877848634,131.93875,22146735.101640675,18120055.99225146
Bulgaria,BGR,Eastern Europe,Manual,Industrial,Manufacturing,227646.9288090055,118591.1668919852,193942.079527496,103717.15876360088,153.5442857142857,29778698.070992567,15925177.058672264
Bulgaria,BGR,Eastern Europe,Cleaning,Commercial/Retail,Office,75774.41024792993,11656.172812776496,53431.86452929453,7285.108007985311,65.481325,3498789.286598707,477038.52513098874
Bulgaria,BGR,Eastern Europe,Tech,Commercial/Retail,Office,83482.85705031053,28790.165106451597,77751.12511108637,27789.560592728503,65.481325,5091246.692514707,1819697.2487796478
Bulgaria,BGR,Eastern Europe,ArmedForces,Correctional facilities,Dayroom,9927.79737357585,3971.11894943034,9927.79737357585,3971.11894943034,64.41975,639546.2248564127,255818.48994256512
Bahamas,BHS,Caribbean,Food,Industrial,Manufacturing,9362.416450364322,5800.771335431637,3827.674877159161,266.02976222647726,153.5442857142857,587717.6049599197,40847.34981980571
Bahamas,BHS,Caribbean,Health,Health care,Patient room,7601.0849910864645,4106.759902420913,7471.356448570822,4015.186813586341,228.48375,1707083.5389561434,917404.9401187581
Bahamas,BHS,Caribbean,Retail,Commercial/Retail,Retail,19561.026303986204,1504.694331075862,15046.943310758621,1157.4571777506633,72.5795,1092099.6220232053,84007.66323255426
Bahamas,BHS,Caribbean,Security,Commercial/Retail,Office,15802.387822454788,12641.910257963835,15802.387822454788,12641.910257963835,65.481325,1034761.2927782042,827809.0342225637
Bahamas,BHS,Caribbean,Transport,Commercial/Retail,Transportation waiting,9202.05350395641,7528.952866873427,7528.952866873427,6160.052345623713,131.93875,993360.6300641964,812749.6064161607
Bahamas,BHS,Caribbean,Manual,Industrial,Manufacturing,12828.660610582936,6126.845453872341,10721.819663221197,5333.225317322174,153.5442857142857,1646274.1417466819,818886.271901578
Bahamas,BHS,Caribbean,Cleaning,Commercial/Retail,Office,9521.817771516804,773.1791005414728,7290.532225812777,483.2369378384205,65.481325,477393.7101014198,31642.994978602408
Bahamas,BHS,Caribbean,Tech,Commercial/Retail,Office,10255.881116618055,1737.1801437276638,9815.797351786332,1688.9604624482868,65.481325,642751.4165264601,110595.36895372656
Bahamas,BHS,Caribbean,ArmedForces,Correctional facilities,Dayroom,324.22273899929587,129.68909559971834,324.22273899929587,129.68909559971834,64.41975,20886.34779064989,8354.539116259955
Bosnia and Herzegovina,BIH,Southern Europe,Food,Industrial,Manufacturing,185329.53958491143,184047.25679763337,5409.2735677111,4126.990780433063,153.5442857142857,830563.0461873668,633675.8515310372
Bosnia and Herzegovina,BIH,Southern Europe,Health,Health care,Patient room,54763.75090397795,33228.35856650498,53226.47720849339,32143.224193221762,228.48375,12161385.1118861,7344204.400758033
Bosnia and Herzegovina,BIH,Southern Europe,Retail,Commercial/Retail,Retail,118657.12445139319,9127.471111645631,91274.7111164563,7021.131624342793,72.5795,6624672.8954768395,509590.2227289877
Bosnia and Herzegovina,BIH,Southern Europe,Security,Commercial/Retail,Office,33973.01319789224,27178.410558313797,33973.01319789224,27178.410558313797,65.481325,2224597.9184404714,1779678.3347523771
Bosnia and Herzegovina,BIH,Southern Europe,Transport,Commercial/Retail,Transportation waiting,77525.60261887709,63430.038506353994,63430.038506353994,51897.304232471455,131.93875,8368879.992980213,6847265.448801993
Bosnia and Herzegovina,BIH,Southern Europe,Manual,Industrial,Manufacturing,109863.39872778232,55605.07515935121,96506.46123504317,50362.04186290129,153.5442857142857,14818015.657148106,7732803.744952134
Bosnia and Herzegovina,BIH,Southern Europe,Cleaning,Commercial/Retail,Office,28538.887456343193,3554.7735617744775,20820.094912140594,2221.7334761090483,65.481325,1363327.4014727247,145482.05181247633
Bosnia and Herzegovina,BIH,Southern Europe,Tech,Commercial/Retail,Office,36763.07205319601,12215.568929773724,35018.09398609889,11797.134705480159,65.481325,2293031.193184287,772492.0117183255
Bosnia and Herzegovina,BIH,Southern Europe,ArmedForces,Correctional facilities,Dayroom,3305.611005626736,1322.2444022506945,3305.611005626736,1322.2444022506945,64.41975,212946.63457972292,85178.65383188917
Belarus,BLR,Eastern Europe,Food,Industrial,Manufacturing,154295.24001019975,139711.7078139163,18515.17778324746,3931.6455869640276,153.5442857142857,2842899.7476017433,603681.7133321152
Belarus,BLR,Eastern Europe,Health,Health care,Patient room,309101.97565829096,176767.23886452115,300832.78665958054,170930.16427719613,228.48375,68735403.21893093,39054764.92216981
Belarus,BLR,Eastern Europe,Retail,Commercial/Retail,Retail,275396.3806511205,21184.336973163114,211843.36973163116,16295.64382551009,72.5795,15375485.853436923,1182729.6810336094
Belarus,BLR,Eastern Europe,Security,Commercial/Retail,Office,134349.02960789326,107479.22368631461,134349.02960789326,107479.22368631461,65.481325,8797352.471189082,7037881.976951265
Belarus,BLR,Eastern Europe,Transport,Commercial/Retail,Transportation waiting,441037.01420695987,360848.4661693309,360848.4661693309,295239.6541385434,131.93875,47609895.565798804,38953550.917471744
Belarus,BLR,Eastern Europe,Manual,Industrial,Manufacturing,475629.21220430837,253935.57298357983,420265.01811376493,232429.64344754873,153.5442857142857,64529292.01697938,35688243.581979975
Belarus,BLR,Eastern Europe,Cleaning,Commercial/Retail,Office,98869.49344581712,8233.894093904546,75529.66612659383,5146.18380869034,65.481325,4945782.614776982,336978.93448659
Belarus,BLR,Eastern Europe,Tech,Commercial/Retail,Office,120805.76606014596,42510.943552992634,114367.13720128116,41036.07018829708,65.481325,7488911.680396682,2687096.2487226925
Belarus,BLR,Eastern Europe,ArmedForces,Correctional facilities,Dayroom,8514.642355841232,3405.8569423364925,8514.642355841232,3405.8569423364925,64.41975,548511.1319027031,219404.45276108125
Belize,BLZ,Central America,Food,Industrial,Manufacturing,30621.10795410771,27953.426950592213,5084.640108204337,2416.9591046888463,153.5442857142857,780717.4335284432,371110.2593300884
Belize,BLZ,Central America,Health,Health care,Patient room,9009.911835610294,4034.6334179790933,8949.957958524217,3992.313034153628,228.48375,2044919.9567059574,912178.6532172989
Belize,BLZ,Central America,Retail,Commercial/Retail,Retail,20942.66590839965,1579.6164882321164,15796.164882321165,1215.0896063323974,72.5795,1146477.749076429,88190.59608280222
Belize,BLZ,Central America,Security,Commercial/Retail,Office,7955.232659683528,6364.186127746823,7955.232659683528,6364.186127746823,65.481325,520919.1752393515,416735.3401914812
Belize,BLZ,Central America,Transport,Commercial/Retail,Transportation waiting,7989.3604994039315,6536.749499512307,6536.749499512307,5348.24959051007,131.93875,862450.5580287793,705641.3656599106
Belize,BLZ,Central America,Manual,Industrial,Manufacturing,12130.596144252564,5237.155945359054,9761.432387858535,4209.152250810049,153.5442857142857,1498812.163542033,646291.2758133069
Belize,BLZ,Central America,Cleaning,Commercial/Retail,Office,6199.328412993609,593.9744323093093,4671.128317236917,371.2340201933184,65.481325,305871.6714576936,24308.895527335244
Belize,BLZ,Central America,Tech,Commercial/Retail,Office,6448.432113301373,1078.1777668823909,6217.546863407388,1048.6281463698049,65.481325,407133.20686550974,68665.56045658876
Belize,BLZ,Central America,ArmedForces,Correctional facilities,Dayroom,533.8019828237885,213.52079312951543,533.8019828237885,213.52079312951543,64.41975,34387.39028301275,13754.9561132051
Bolivia,BOL,South America,Food,Industrial,Manufacturing,1484066.2461926262,1392378.4388072502,98807.32787515101,7119.520489774944,153.5442857142857,15171300.581927292,1093161.6882307152
Bolivia,BOL,South America,Health,Health care,Patient room,194557.25751621026,108744.77931132457,190700.7700657815,106022.55287572775,228.48375,43572027.0725175,24224430.46561956
Bolivia,BOL,South America,Retail,Commercial/Retail,Retail,880970.3139792638,67639.33384555574,676393.3384555574,52030.256804273646,72.5795,49092290.30843512,3776330.023725779
Bolivia,BOL,South America,Security,Commercial/Retail,Office,43472.93439215395,34778.34751372316,43472.93439215395,34778.34751372316,65.481325,2846665.34563631,2277332.276509048
Bolivia,BOL,South America,Transport,Commercial/Retail,Transportation waiting,423788.4514996449,346736.00577243674,346736.00577243674,283693.0956319937,131.93875,45747915.18160809,37430112.421315715
Bolivia,BOL,South America,Manual,Industrial,Manufacturing,493674.5399471257,182639.0459509314,431479.7304678845,163417.84800023635,153.5442857142857,66251247.014883846,25091876.744162004
Bolivia,BOL,South America,Cleaning,Commercial/Retail,Office,138193.56969886948,7425.819752892796,108973.12495498057,4641.137345557997,65.481325,7135704.611442693,303907.8228941205
Bolivia,BOL,South America,Tech,Commercial/Retail,Office,191785.15534278055,34283.81304364077,182207.3057503088,33302.88378516294,65.481325,11931175.805210339,2180716.956573485
Bolivia,BOL,South America,ArmedForces,Correctional facilities,Dayroom,7555.531431324861,3022.2125725299447,7555.531431324861,3022.2125725299447,64.41975,486725.44592308963,194690.1783692359
Brazil,BRA,South America,Food,Industrial,Manufacturing,6412755.517212726,5680832.273963518,1043811.8670319098,311888.6237827025,153.5442857142857,160271347.54350954,47888715.96112663
Brazil,BRA,South America,Health,Health care,Patient room,5594000.968453916,3050230.267505642,5485523.880666333,2973658.2055379367,228.48375,1253353066.9691963,679432578.0195785
Brazil,BRA,South America,Retail,Commercial/Retail,Retail,10241405.30145433,770894.4171183566,7708944.171183564,592995.7054756589,72.5795,559511313.4724175,43039331.80557058
Brazil,BRA,South America,Security,Commercial/Retail,Office,1354440.7987694875,1083552.6390155898,1354440.7987694875,1083552.6390155898,65.481325,88690578.13748442,70952462.50998752
Brazil,BRA,South America,Transport,Commercial/Retail,Transportation waiting,5610995.248495312,4590814.294223439,4590814.294223439,3756120.7861828143,131.93875,605706299.4619727,495577881.3779778
Brazil,BRA,South America,Manual,Industrial,Manufacturing,6362458.486620109,3022295.5670406236,5321525.712992345,2585770.556799837,153.5442857142857,817089864.5116146,397030293.1648618
Brazil,BRA,South America,Cleaning,Commercial/Retail,Office,3652042.820235046,99957.90175150453,2960070.765402952,62473.688594690335,65.481325,193829355.81234947,4090859.906817711
Brazil,BRA,South America,Tech,Commercial/Retail,Office,2387148.216962975,576223.2689609638,2334417.750104592,558180.4510068658,65.481325,152860767.38036758,36550395.521027155
Brazil,BRA,South America,ArmedForces,Correctional facilities,Dayroom,347588.45007748826,139035.38003099535,347588.45007748826,139035.38003099535,64.41975,22391561.05687927,8956624.422751712
Barbados,BRB,Caribbean,Food,Industrial,Manufacturing,4552.171306740808,3872.6488449190974,717.4484839964299,37.926022174719925,153.5442857142857,110160.11501202897,5823.323984801532
Barbados,BRB,Caribbean,Health,Health care,Patient room,6685.524553500601,3557.6277282730252,6616.3205488856365,3508.7778426624623,228.48375,1511721.7302114484,801698.7194084293
Barbados,BRB,Caribbean,Retail,Commercial/Retail,Retail,11643.30032907304,792.5263690953888,7925.263690953887,609.6356685349145,72.5795,575211.6760575876,44247.052004429825
Barbados,BRB,Caribbean,Security,Commercial/Retail,Office,5434.935379699457,4347.9483037595655,5434.935379699457,4347.9483037595655,65.481325,355886.76995209855,284709.41596167884
Barbados,BRB,Caribbean,Transport,Commercial/Retail,Transportation waiting,4974.838824078385,4070.322674245953,4070.322674245953,3330.264006201234,131.93875,537033.2857366682,439390.8701481831
Barbados,BRB,Caribbean,Manual,Industrial,Manufacturing,7406.2687534625475,3152.008499343671,6010.160080704257,2632.4244458555872,153.5442857142857,922825.7366202489,404193.7312357205
Barbados,BRB,Caribbean,Cleaning,Commercial/Retail,Office,4897.269500224251,944.8752450101963,3293.6618793450452,590.5470281313727,65.481325,215673.34396150368,38669.80187685456
Barbados,BRB,Caribbean,Tech,Commercial/Retail,Office,6165.802819316103,1152.4511822488378,5467.317823873799,1117.2161850548998,65.481325,358007.215303373,73156.79610884003
Barbados,BRB,Caribbean,ArmedForces,Correctional facilities,Dayroom,259.61863452288003,103.84745380915203,259.61863452288003,103.84745380915203,64.41975,16724.5675313053,6689.827012522121
Brunei Darussalam,BRN,South-eastern Asia,Food,Industrial,Manufacturing,5772.216942479324,3330.0588483867423,2704.7928155893005,262.63472149671946,153.5442857142857,415305.48087479087,40326.060715984146
Brunei Darussalam,BRN,South-eastern Asia,Health,Health care,Patient room,7287.289527288374,4233.575272388301,7113.373851955816,4110.811266271201,228.48375,1625290.3328468094,939253.5736598924
Brunei Darussalam,BRN,South-eastern Asia,Retail,Commercial/Retail,Retail,15023.62172579331,1155.6632096764083,11556.632096764088,888.9716997510835,72.5795,838774.579267089,64521.12148208376
Brunei Darussalam,BRN,South-eastern Asia,Security,Commercial/Retail,Office,9593.97449148592,7675.179593188736,9593.97449148592,7675.179593188736,65.481325,628226.1617186993,502580.92937495944
Brunei Darussalam,BRN,South-eastern Asia,Transport,Commercial/Retail,Transportation waiting,5706.646071349705,4669.074058377032,4669.074058377032,3820.151502308481,131.93875,616031.7949196927,504026.0140252031
Brunei Darussalam,BRN,South-eastern Asia,Manual,Industrial,Manufacturing,10887.935372047761,5505.438682894396,8459.046676723123,4369.418615642937,153.5442857142857,1298838.2798012542,670899.2603255978
Brunei Darussalam,BRN,South-eastern Asia,Cleaning,Commercial/Retail,Office,6453.5219683010355,316.2529404661456,5114.390856529075,197.658087791341,65.481325,334897.0898534087,12942.913485543331
Brunei Darussalam,BRN,South-eastern Asia,Tech,Commercial/Retail,Office,9862.888456877161,4018.26515914883,8812.849856197912,3873.2544367037085,65.481325,577077.0856098988,253625.83257748745
Brunei Darussalam,BRN,South-eastern Asia,ArmedForces,Correctional facilities,Dayroom,2950.000944635503,1180.0003778542016,2950.000944635503,1180.0003778542016,64.41975,190038.32335318293,76015.3293412732
Bhutan,BTN,Southern Asia,Food,Industrial,Manufacturing,153859.35387312702,152348.96671596647,1791.695122027687,281.3079648671497,153.5442857142857,275104.54772951116,43193.23053126588
Bhutan,BTN,Southern Asia,Health,Health care,Patient room,4687.696950412385,2750.874078126345,4574.978249118676,2671.3079360366687,228.48375,1045308.1865270692,610350.4546304182
Bhutan,BTN,Southern Asia,Retail,Commercial/Retail,Retail,10806.618855247307,818.7338565488526,8187.338565488525,629.7952742683481,72.5795,594232.9394138744,45710.22610875957
Bhutan,BTN,Southern Asia,Security,Commercial/Retail,Office,8491.620125250234,6793.2961002001875,8491.620125250234,6793.2961002001875,65.481325,556042.5371980512,444834.02975844103
Bhutan,BTN,Southern Asia,Transport,Commercial/Retail,Transportation waiting,23363.64835877166,19115.712293540448,19115.712293540448,15640.128240169459,131.93875,2522103.18536936,2063538.9698476582
Bhutan,BTN,Southern Asia,Manual,Industrial,Manufacturing,16165.341712153726,5589.439825986416,13429.444484548658,4503.211511965185,153.5442857142857,2062014.4609196775,691442.3950250429
Bhutan,BTN,Southern Asia,Cleaning,Commercial/Retail,Office,2349.117216379741,156.26945321607326,1827.373135969723,97.66840826004581,65.481325,119658.81421270262,6395.456783508744
Bhutan,BTN,Southern Asia,Tech,Commercial/Retail,Office,6631.894388568542,2447.909297178964,6378.841611253304,2362.6965941400663,65.481325,417695.00067000126,154712.50355727877
Bhutan,BTN,Southern Asia,ArmedForces,Correctional facilities,Dayroom,1460.2223081027523,584.0889232411012,1460.2223081027523,584.0889232411012,64.41975,94067.15603240227,37626.86241296092
Botswana,BWA,Southern Africa,Food,Industrial,Manufacturing,242516.93400158006,239101.44639681923,14897.982178680053,11482.494573919193,153.5442857142857,2287500.032209587,1763071.427570584
Botswana,BWA,Southern Africa,Health,Health care,Patient room,35542.967415107465,19788.022864348208,34673.23494788139,19174.094063953333,228.48375,7922270.745522995,4380968.914584797
Botswana,BWA,Southern Africa,Retail,Commercial/Retail,Retail,76889.67084026104,5914.590064635465,59145.90064635465,4549.684665104203,72.5795,4292779.895962097,330213.83815093053
Botswana,BWA,Southern Africa,Security,Commercial/Retail,Office,58951.937300959486,47161.5498407676,58951.937300959486,47161.5498407676,65.481325,3860250.9657837506,3088200.772627001
Botswana,BWA,Southern Africa,Transport,Commercial/Retail,Transportation waiting,33318.45008059193,27260.550065938853,27260.550065938853,22304.086417586335,131.93875,3596722.9000123898,2942773.281828319
Botswana,BWA,Southern Africa,Manual,Industrial,Manufacturing,47385.89006459303,21374.32457736732,38496.39335745208,17569.5330798054,153.5442857142857,5910901.220646152,2697701.407072234
Botswana,BWA,Southern Africa,Cleaning,Commercial/Retail,Office,81550.02607319636,8888.806475269032,60551.016331606115,5555.504047043145,65.481325,3964960.779490208,363781.7660432475
Botswana,BWA,Southern Africa,Tech,Commercial/Retail,Office,18200.079325600807,3921.8994466595245,17293.757915053837,3801.4886654352067,65.481325,1132418.1825069627,248926.51478517902
Botswana,BWA,Southern Africa,ArmedForces,Correctional facilities,Dayroom,2309.234738085322,923.6938952341292,2309.234738085322,923.6938952341292,64.41975,148760.3245187719,59504.12980750878
Switzerland,CHE,Western Europe,Food,Industrial,Manufacturing,147413.89711101344,117995.69994708707,33325.423789643435,3907.2266257170695,153.5442857142857,5116928.391906666,599932.3213695661
Switzerland,CHE,Western Europe,Health,Health care,Patient room,507024.55710232985,277674.0705849966,498421.48960009,271601.3170540038,228.48375,113881211.02441455,62056487.42543774
Switzerland,CHE,Western Europe,Retail,Commercial/Retail,Retail,167872.26622250283,12913.251247884835,129132.51247884834,9933.270190680641,72.5795,9372373.189458573,720951.7838045056
Switzerland,CHE,Western Europe,Security,Commercial/Retail,Office,38898.53852495477,31118.830819963812,38898.53852495477,31118.830819963812,65.481325,2547127.8431775835,2037702.2745420667
Switzerland,CHE,Western Europe,Transport,Commercial/Retail,Transportation waiting,99385.00026118926,81315.0002137003,81315.0002137003,66530.45472030026,131.93875,10728599.48444535,8777945.032728016
Switzerland,CHE,Western Europe,Manual,Industrial,Manufacturing,271228.98296884296,138863.463241818,235660.48758140582,124895.65840539787,153.5442857142857,36184321.236767255,19177014.65867224
Switzerland,CHE,Western Europe,Cleaning,Commercial/Retail,Office,81592.26957943707,1870.306932105943,66434.96887277595,1168.941832566214,65.481325,4350249.788123125,76543.86004436384
Switzerland,CHE,Western Europe,Tech,Commercial/Retail,Office,268988.7234520251,111883.90636853885,245079.00504613153,107855.13036166712,65.481325,16048097.980102379,7062496.844129692
Switzerland,CHE,Western Europe,ArmedForces,Correctional facilities,Dayroom,2460.578195967527,984.2312783870109,2460.578195967527,984.2312783870109,64.41975,158509.83223967906,63403.932895871636
Chile,CHL,South America,Food,Industrial,Manufacturing,655381.6716268453,562215.986629074,144593.9033829081,51428.218385136664,153.5442857142857,22201567.613569062,7896509.057504105
Chile,CHL,South America,Health,Health care,Patient room,547933.1262816628,302455.8573402904,537606.5682295874,295166.52224470774,228.48375,122834364.73372698,67440753.87692924
Chile,CHL,South America,Retail,Commercial/Retail,Retail,1058367.429019201,76949.38859792387,769493.8859792387,59191.83738301836,72.5795,55849481.49743015,4296113.961340781
Chile,CHL,South America,Security,Commercial/Retail,Office,226750.25237507705,181400.20190006166,226750.25237507705,181400.20190006166,65.481325,14847906.969604442,11878325.575683555
Chile,CHL,South America,Transport,Commercial/Retail,Transportation waiting,608359.5152002628,497748.6942547605,497748.6942547605,407248.9316629859,131.93875,65672340.534105286,53731914.98244978
Chile,CHL,South America,Manual,Industrial,Manufacturing,648148.4028641452,301758.85899588827,551637.4493161945,263738.6786948357,153.5442857142857,84700778.12850557,40495567.03542805
Chile,CHL,South America,Cleaning,Commercial/Retail,Office,326975.82440824783,12377.90835248457,262164.93004646944,7736.192720302856,65.481325,17166906.98797513,506576.14978078543
Chile,CHL,South America,Tech,Commercial/Retail,Office,239613.562641358,71769.05385058209,226577.2163774391,69355.76645286428,65.481325,14836576.343206411,4541507.483724103
Chile,CHL,South America,ArmedForces,Correctional facilities,Dayroom,9907.210705516994,3962.884282206798,9907.210705516994,3962.884282206798,64.41975,638220.0368467283,255288.01473869136
Côte d'Ivoire,CIV,Western Africa,Food,Industrial,Manufacturing,5084869.479994411,5084869.479994411,8190.098440474435,8190.098440474435,153.5442857142857,1257542.8149723324,1257542.8149723324
Côte d'Ivoire,CIV,Western Africa,Health,Health care,Patient room,145967.74302343943,89723.9890021,140393.1565606103,85788.98679304415,228.48375,32077554.885305345,19601389.411175203
Côte d'Ivoire,CIV,Western Africa,Retail,Commercial/Retail,Retail,2790219.8627126534,209580.902997001,2095809.0299700093,161216.07922846227,72.5795,152112771.4907083,11700982.422362177
Côte d'Ivoire,CIV,Western Africa,Security,Commercial/Retail,Office,82200.34830632125,65760.27864505698,82200.34830632125,65760.27864505698,65.481325,5382587.722559421,4306070.178047536
Côte d'Ivoire,CIV,Western Africa,Transport,Commercial/Retail,Transportation waiting,471204.5839517633,385531.0232332609,385531.0232332609,315434.47355448623,131.93875,50866481.2916174,41618030.14768697
Côte d'Ivoire,CIV,Western Africa,Manual,Industrial,Manufacturing,725042.7653739926,332055.7974508369,632310.9207217733,295736.4619800129,153.5442857142857,97087728.67156702,45408643.81439109
Côte d'Ivoire,CIV,Western Africa,Cleaning,Commercial/Retail,Office,278097.1543567308,31854.678564243306,205202.06316040628,19909.174102652065,65.481325,13436902.98847709,1303679.0998973432
Côte d'Ivoire,CIV,Western Africa,Tech,Commercial/Retail,Office,206985.3239091186,35013.60979307005,203864.51368180377,34066.58107332052,65.481325,13349318.47636514,2230724.8669009497
Côte d'Ivoire,CIV,Western Africa,ArmedForces,Correctional facilities,Dayroom,17900.181560523062,7160.072624209226,17900.18156052306,7160.072624209226,64.41975,1153125.221083505,461250.08843340224
DR Congo,COD,Middle Africa,Food,Industrial,Manufacturing,25495251.70796494,25480123.43682413,18540.409115850056,3412.137975038002,153.5442857142857,2846773.8745438284,523914.28813579923
DR Congo,COD,Middle Africa,Health,Health care,Patient room,450024.3050712877,267090.0211693939,439376.46885983786,259573.9014907234,228.48375,100390383.26685397,59308418.41473107
DR Congo,COD,Middle Africa,Retail,Commercial/Retail,Retail,2641601.4016966606,195029.3275207196,1950293.275207196,150022.55963132277,72.5795,141551310.76790068,10888562.366761591
DR Congo,COD,Middle Africa,Security,Commercial/Retail,Office,157449.23873667285,125959.3909893383,157449.23873667285,125959.3909893383,65.481325,10309984.772718664,8247987.818174932
DR Congo,COD,Middle Africa,Transport,Commercial/Retail,Transportation waiting,404901.7513530487,331283.25110703986,331283.25110703986,271049.93272394175,131.93875,43709098.046998955,35761989.31118097
DR Congo,COD,Middle Africa,Manual,Industrial,Manufacturing,428825.7072889663,183900.36710294397,368432.89433930995,159150.97957024872,153.5442857142857,56570765.59497625,24436723.478842717
DR Congo,COD,Middle Africa,Cleaning,Commercial/Retail,Office,209092.9803123651,23937.688915222698,154296.07616428533,14961.055572014184,65.481325,10103511.50953832,979669.7422541217
DR Congo,COD,Middle Africa,Tech,Commercial/Retail,Office,299980.7614860336,157807.70381924167,293743.19550843915,152049.9506091545,65.481325,19234693.651626643,9956432.232071994
DR Congo,COD,Middle Africa,ArmedForces,Correctional facilities,Dayroom,42897.117461497495,17158.846984599,42897.117461497495,17158.846984599,64.41975,2763421.582590303,1105368.6330361213
Colombia,COL,South America,Food,Industrial,Manufacturing,3507229.8024206404,3114038.5871264953,696172.1701407691,302980.95484662394,153.5442857142857,106893258.59842858,46520994.29695712
Colombia,COL,South America,Health,Health care,Patient room,867894.4030136267,420280.2350780806,861479.9680735408,415752.39864978485,228.48375,196834173.65532288,94992667.11499777
Colombia,COL,South America,Retail,Commercial/Retail,Retail,2898937.1578866974,205190.83606645797,2051908.3606645796,157839.10466650614,72.5795,148926482.86285484,11455883.297142683
Colombia,COL,South America,Security,Commercial/Retail,Office,589305.9287243969,471444.7429795175,589305.9287243969,471444.7429795175,65.481325,38588533.043229066,30870826.434583254
Colombia,COL,South America,Transport,Commercial/Retail,Transportation waiting,1485848.1192535304,1215693.9157528887,1215693.9157528887,994658.6583432725,131.93875,160397135.62704143,131234020.05848844
Colombia,COL,South America,Manual,Industrial,Manufacturing,1650719.0642628232,802776.0417309513,1348035.2292454236,658131.507511033,153.5442857142857,206983106.39218196,101052332.22684762
Colombia,COL,South America,Cleaning,Commercial/Retail,Office,1057370.5993365762,54256.55690677943,835928.3686914971,33910.34806673715,65.481325,54737697.18700775,2220494.5226211366
Colombia,COL,South America,Tech,Commercial/Retail,Office,646598.4713262958,153985.79198143378,623046.2835045904,149145.1974732799,65.481325,40797896.180206224,9766225.14793702
Colombia,COL,South America,ArmedForces,Correctional facilities,Dayroom,8600.130938744398,3440.05237549776,8600.130938744398,3440.05237549776,64.41975,554018.2850411794,221607.3140164718
Costa Rica,CRI,Central America,Food,Industrial,Manufacturing,200777.2988618541,178354.5173251659,42698.49207200644,20275.710535318252,153.5442857142857,6556109.46627332,3113219.4914950584
Costa Rica,CRI,Central America,Health,Health care,Patient room,93363.11155244644,49937.49510696688,91876.14123832309,48887.86900287982,228.48375,20992205.2856617,11170083.639286742
Costa Rica,CRI,Central America,Retail,Commercial/Retail,Retail,218816.28373344653,15981.661139338928,159816.6113933893,12293.585491799176,72.5795,11599409.746626498,892262.2882020383
Costa Rica,CRI,Central America,Security,Commercial/Retail,Office,71622.01979516874,57297.615836135,71622.01979516874,57297.615836135,65.481325,4689904.755363878,3751923.8042911026
Costa Rica,CRI,Central America,Transport,Commercial/Retail,Transportation waiting,148828.39793688236,121768.68922108562,121768.68922108562,99628.9275445246,131.93875,16066008.64496851,13144916.164065145
Costa Rica,CRI,Central America,Manual,Industrial,Manufacturing,154758.22839797902,78008.07554924111,125048.78439220368,63664.60513754524,153.5442857142857,19200526.278940633,9775336.321126428
Costa Rica,CRI,Central America,Cleaning,Commercial/Retail,Office,102296.44748988346,6506.883172710178,79824.63693097774,4066.8019829438613,65.481325,5227022.993884356,266299.5823557914
Costa Rica,CRI,Central America,Tech,Commercial/Retail,Office,43576.273477601775,9633.369786112768,42537.231435495225,9339.88704243549,65.481325,2785394.2762278793,611588.1788890071
Costa Rica,CRI,Central America,ArmedForces,Correctional facilities,Dayroom,4169.23298385175,1667.6931935407,4169.23298385175,1667.6931935407,64.41975,268580.94651148375,107432.3786045935
Cyprus,CYP,Western Asia,Food,Industrial,Manufacturing,24844.72671351115,15729.863672710226,10135.456979937144,1020.5939391362178,153.5442857142857,1556241.50237232,156706.36738899976
Cyprus,CYP,Western Asia,Health,Health care,Patient room,31884.157825519935,16597.475567633363,31654.083763125895,16435.070347119923,228.48375,7232443.761013116,3755146.5044237613
Cyprus,CYP,Western Asia,Retail,Commercial/Retail,Retail,43968.852235063096,3382.2194026971615,33822.194026971614,2601.7072328439704,72.5795,2454797.9313805862,188830.61010619893
Cyprus,CYP,Western Asia,Security,Commercial/Retail,Office,13435.962639347865,10748.770111478292,13435.962639347865,10748.770111478292,65.481325,879804.6362749953,703843.7090199962
Cyprus,CYP,Western Asia,Transport,Commercial/Retail,Transportation waiting,24460.75995064061,20013.34905052414,20013.34905052414,16374.558314065203,131.93875,2640536.2570398417,2160438.75575987
Cyprus,CYP,Western Asia,Manual,Industrial,Manufacturing,29250.269377841858,12927.284097560076,24691.709539625004,11403.88062458536,153.5442857142857,3791270.9043263355,1751000.7048729414
Cyprus,CYP,Western Asia,Cleaning,Commercial/Retail,Office,28856.729636124703,764.9388089622623,23409.825689302037,478.08675560141387,65.481325,1532906.4041545356,31305.75422173175
Cyprus,CYP,Western Asia,Tech,Commercial/Retail,Office,20696.708017488985,5045.227957689298,19884.540223678436,4885.283777117256,65.481325,1302066.0408622604,319894.8547266426
Cyprus,CYP,Western Asia,ArmedForces,Correctional facilities,Dayroom,4320.233604461813,1728.0934417847252,4320.233604461813,1728.0934417847252,64.41975,278308.3687410289,111323.34749641154
Czechia,CZE,Eastern Europe,Food,Industrial,Manufacturing,86230.83908705362,77135.7082185112,10598.281585471404,1503.1507169289764,153.5442857142857,1627305.5758400743,230800.20315177616
Czechia,CZE,Eastern Europe,Health,Health care,Patient room,344242.14800940215,180105.51210118175,339092.63390740496,176470.56097036027,228.48375,77477156.59254104,40320655.535111554
Czechia,CZE,Eastern Europe,Retail,Commercial/Retail,Retail,249786.02403589,19214.309541222312,192143.09541222308,14780.238108632544,72.5795,13945649.793471444,1072742.2918054957
Czechia,CZE,Eastern Europe,Security,Commercial/Retail,Office,92198.30843193192,73758.64674554556,92198.30843193192,73758.64674554556,65.481325,6037267.398881574,4829813.919105261
Czechia,CZE,Eastern Europe,Transport,Commercial/Retail,Transportation waiting,342765.6750329363,280444.64320876607,280444.64320876607,229454.70807989954,131.93875,37001515.66916058,30273967.365676846
Czechia,CZE,Eastern Europe,Manual,Industrial,Manufacturing,439512.88668110233,253629.6703836627,394495.551519929,236591.6187596238,153.5442857142857,60572537.6755907,36327291.10843303
Czechia,CZE,Eastern Europe,Cleaning,Commercial/Retail,Office,63735.90035670587,3770.2834736474115,49971.347402548716,2356.4271710296325,65.481325,3272190.039954198,154301.97342502195
Czechia,CZE,Eastern Europe,Tech,Commercial/Retail,Office,177557.06947677885,84388.02163927534,168201.02547050436,81324.9400046329,65.481325,11014026.014167374,5325264.827048868
Czechia,CZE,Eastern Europe,ArmedForces,Correctional facilities,Dayroom,6277.297310793424,2510.9189243173705,6277.297310793424,2510.9189243173705,64.41975,404381.92343698465,161752.76937479392
Germany,DEU,Western Europe,Food,Industrial,Manufacturing,972015.715133299,640785.3204747852,352464.2611605215,21233.86650200759,153.5442857142857,54118873.21970572,3260338.865003254
Germany,DEU,Western Europe,Health,Health care,Patient room,3920169.968427409,2389333.0692076855,3785804.826613363,2294487.086750712,228.48375,864994883.5527209,524253013.9073779
Germany,DEU,Western Europe,Retail,Commercial/Retail,Retail,2221954.295085643,170788.0983258208,1707880.9832582083,131375.4602506314,72.5795,123957147.82438911,9535165.217260702
Germany,DEU,Western Europe,Security,Commercial/Retail,Office,474226.49787979363,379381.1983038349,474226.49787979363,379381.1983038349,65.481325,31052979.43127858,24842383.54502286
Germany,DEU,Western Europe,Transport,Commercial/Retail,Transportation waiting,1160726.2023499778,949685.0746499819,949685.0746499819,777015.061077258,131.93875,125300261.6429753,102518395.88970707
Germany,DEU,Western Europe,Manual,Industrial,Manufacturing,2390358.4128414514,1407417.1273175327,2099929.0635828716,1278300.654592304,153.5442857142857,322432108.1185009,196275760.93747917
Germany,DEU,Western Europe,Cleaning,Commercial/Retail,Office,695277.4245149506,31101.267495006105,553480.1308499539,19438.292184378817,65.481325,36242612.32922836,1272845.1279702692
Germany,DEU,Western Europe,Tech,Commercial/Retail,Office,1420736.6621771012,601626.9462587392,1313932.403518949,579993.0807568643,65.481325,86038034.74285543,37978715.41879147
Germany,DEU,Western Europe,ArmedForces,Correctional facilities,Dayroom,68577.85716988337,27431.14286795335,68577.85716988337,27431.14286795335,64.41975,4417768.414419593,1767107.3657678375
Denmark,DNK,Northern Europe,Food,Industrial,Manufacturing,119816.48905270104,60152.29437519774,62458.861119508765,2794.6664420054512,153.5442857142857,9590201.217122745,429105.06264741125
Denmark,DNK,Northern Europe,Health,Health care,Patient room,365118.3687232827,172865.02315855888,363342.54842084344,171611.5029450724,228.48375,83017867.99775088,39210439.73602618
Denmark,DNK,Northern Europe,Retail,Commercial/Retail,Retail,185248.69989325883,14249.899991789143,142498.9999178914,10961.461532145495,72.5795,10342506.164540598,795577.3972723539
Denmark,DNK,Northern Europe,Security,Commercial/Retail,Office,26846.879459079813,21477.503567263855,26846.879459079813,21477.503567263855,65.481325,1757969.2390958294,1406375.3912766639
Denmark,DNK,Northern Europe,Transport,Commercial/Retail,Transportation waiting,74119.63973750998,60643.34160341725,60643.34160341725,49617.27949370502,131.93875,8001206.686977867,6546441.834800073
Denmark,DNK,Northern Europe,Manual,Industrial,Manufacturing,139498.6750273734,74212.57592776482,112380.64273901549,61707.87635759225,153.5442857142857,17255405.51747446,9474891.79827196
Denmark,DNK,Northern Europe,Cleaning,Commercial/Retail,Office,53608.990897431526,4541.595694193974,40889.49600269796,2838.497308871234,65.481325,2677498.376838866,185868.56479382265
Denmark,DNK,Northern Europe,Tech,Commercial/Retail,Office,95436.64549977615,45448.512042336944,89331.15181506376,43793.894737798066,65.481325,5849522.18462653,2867682.254341545
Denmark,DNK,Northern Europe,ArmedForces,Correctional facilities,Dayroom,5585.629274227165,2234.2517096908664,5585.629274227165,2234.2517096908664,64.41975,359824.8414383954,143929.93657535818
Dominican Republic,DOM,Caribbean,Food,Industrial,Manufacturing,373870.5620627053,274180.30989875365,116436.2867426982,16746.03457874652,153.5442857142857,17878126.47913135,2571257.9179403638
Dominican Republic,DOM,Caribbean,Health,Health care,Patient room,141624.74508644006,76232.01633725835,139161.1600031678,74493.01510200737,228.48375,31796063.691873793,17020443.439313274
Dominican Republic,DOM,Caribbean,Retail,Commercial/Retail,Retail,559214.15554752,41793.871526002156,417938.71526002156,32149.13194307858,72.5795,30333782.984214734,2333367.9218626716
Dominican Republic,DOM,Caribbean,Security,Commercial/Retail,Office,122788.59048944405,98230.87239155524,122788.59048944405,98230.87239155524,65.481325,8040359.600131194,6432287.680104956
Dominican Republic,DOM,Caribbean,Transport,Commercial/Retail,Transportation waiting,313342.2133560113,256370.90183673656,256370.90183673656,209758.01059369356,131.93875,33825256.324711725,27675209.720218685
Dominican Republic,DOM,Caribbean,Manual,Industrial,Manufacturing,312881.3751484861,149533.10441826106,266223.1025139486,132060.10716978266,153.5442857142857,40877036.11614529,20277074.826736297
Dominican Republic,DOM,Caribbean,Cleaning,Commercial/Retail,Office,200125.65406178165,4922.488937112764,162669.30427055742,3076.555585695478,65.481325,10651801.580464259,201456.93618749094
Dominican Republic,DOM,Caribbean,Tech,Commercial/Retail,Office,126383.7711268477,20849.56370346709,123678.21399319997,20289.599295190124,65.481325,8098613.325908274,1328589.8455681154
Dominican Republic,DOM,Caribbean,ArmedForces,Correctional facilities,Dayroom,17555.93312076321,7022.373248305286,17555.93312076321,7022.373248305286,64.41975,1130948.8226562857,452379.5290625144
Ecuador,ECU,South America,Food,Industrial,Manufacturing,2617185.4072720385,2453229.5554738212,302642.0811467991,138686.22934858166,153.5442857142857,46468962.17677016,21294478.02373558
Ecuador,ECU,South America,Health,Health care,Patient room,159093.59115720054,85264.90128414231,156834.8833170567,83670.5192793349,228.48375,35834222.27109355,19117354.009389732
Ecuador,ECU,South America,Retail,Commercial/Retail,Retail,959473.2503063371,64431.28010347616,644312.8010347615,49562.523156520125,72.5795,46763900.942702465,3597223.149438652
Ecuador,ECU,South America,Security,Commercial/Retail,Office,145590.52037180794,116472.41629744637,145590.52037180794,116472.41629744637,65.481325,9533460.181385476,7626768.145108382
Ecuador,ECU,South America,Transport,Commercial/Retail,Transportation waiting,398621.8493241502,326145.1494470321,326145.1494470321,266846.0313657535,131.93875,43031183.3366046,35207331.82085831
Ecuador,ECU,South America,Manual,Industrial,Manufacturing,495060.99075186497,234321.49735458175,395913.27580511215,188233.7484430561,153.5442857142857,60790221.138298936,28902216.45201159
Ecuador,ECU,South America,Cleaning,Commercial/Retail,Office,229796.2211528716,12585.859541349719,181008.63467626827,7866.162213343574,65.481325,11852685.235042991,515086.7243946699
Ecuador,ECU,South America,Tech,Commercial/Retail,Office,169498.42518157882,32652.489103034462,162828.70131069256,31696.900854248957,65.481325,10662239.109853385,2075555.0663298536
Ecuador,ECU,South America,ArmedForces,Correctional facilities,Dayroom,13276.5305600435,5310.612224017401,13276.5305600435,5310.612224017401,64.41975,855270.7795453622,342108.3118181449
Egypt,EGY,Northern Africa,Food,Industrial,Manufacturing,5065544.596373283,4973456.138802839,106037.86596114295,13949.40839069805,153.5442857142857,16281508.387670863,2141851.9474865957
Egypt,EGY,Northern Africa,Health,Health care,Patient room,758363.9120546283,460869.1753132471,735682.0443031042,444858.4451357007,228.48375,168091392.29003936,101642925.76377414
Egypt,EGY,Northern Africa,Retail,Commercial/Retail,Retail,3410931.1731101726,245089.65754613167,2450896.575461316,188530.5058047166,72.5795,177884847.99869457,13683449.846053429
Egypt,EGY,Northern Africa,Security,Commercial/Retail,Office,501051.71776908176,400841.37421526544,501051.71776908176,400841.37421526544,65.481325,32809530.373045515,26247624.298436414
Egypt,EGY,Northern Africa,Transport,Commercial/Retail,Transportation waiting,2480193.8385412623,2029249.504261033,2029249.504261033,1660295.048940846,131.93875,267736643.03032035,219057253.38844404
Egypt,EGY,Northern Africa,Manual,Industrial,Manufacturing,2524169.5074333753,908280.0300274966,2197632.5315379743,831668.0411878199,153.5442857142857,337433917.31747574,127697875.33558296
Egypt,EGY,Northern Africa,Cleaning,Commercial/Retail,Office,537805.1424205658,82603.78229743085,379334.4667692792,51627.36393589429,65.481325,24839323.502220873,3380628.196779573
Egypt,EGY,Northern Africa,Tech,Commercial/Retail,Office,1005219.9951792534,247175.9760364858,829168.2805880967,238745.33806591076,65.481325,54295037.66088035,15633361.074128773
Egypt,EGY,Northern Africa,ArmedForces,Correctional facilities,Dayroom,59518.39816419546,23807.359265678188,59518.39816419546,23807.359265678188,64.41975,3834160.33013793,1533664.1320551722
Spain,ESP,Southern Europe,Food,Industrial,Manufacturing,1009702.4230101453,771837.0692898997,293886.3121080805,56020.958387834704,153.5442857142857,45124563.87384085,8601698.040689802
Spain,ESP,Southern Europe,Health,Health care,Patient room,1813248.9615077048,906533.5080660027,1797263.8149288115,895249.8751867838,228.48375,410645576.1742408,204550048.6697083
Spain,ESP,Southern Europe,Retail,Commercial/Retail,Retail,2095899.977999336,161005.459242438,1610054.5924243801,123850.35326341385,72.5795,116856957.29086529,8988996.714681946
Spain,ESP,Southern Europe,Security,Commercial/Retail,Office,471445.82566496596,377156.66053197277,471445.82566496596,377156.66053197277,65.481325,30870897.330260977,24696717.86420878
Spain,ESP,Southern Europe,Transport,Commercial/Retail,Transportation waiting,1058603.8715811458,866130.440384574,866130.440384574,708652.1784964696,131.93875,114276167.64129022,93498682.61560108
Spain,ESP,Southern Europe,Manual,Industrial,Manufacturing,1365090.0997381904,698805.5417850105,1146297.4564446693,608556.5773439411,153.5442857142857,176007424.16589928,93440384.9850059
Spain,ESP,Southern Europe,Cleaning,Commercial/Retail,Office,748763.0041749538,22598.330914368653,605137.2277171544,14123.956821480406,65.481325,39625187.477745995,924855.4069133254
Spain,ESP,Southern Europe,Tech,Commercial/Retail,Office,577907.0227190567,187987.45248587013,556102.3759679713,181598.58681485808,65.481325,36414320.41403092,11891316.082764436
Spain,ESP,Southern Europe,ArmedForces,Correctional facilities,Dayroom,43171.561029305965,17268.624411722387,43171.561029305965,17268.624411722387,64.41975,2781101.1686176327,1112440.4674470532
Estonia,EST,Northern Europe,Food,Industrial,Manufacturing,18441.90297038987,11952.05273305136,6977.878771949018,488.02853461050483,153.5442857142857,1071413.4118397892,74933.99275495953
Estonia,EST,Northern Europe,Health,Health care,Patient room,41748.11445100995,21257.87953294328,41347.70230996894,20975.235668679037,228.48375,9447278.077665364,4792500.502713543
Estonia,EST,Northern Europe,Retail,Commercial/Retail,Retail,30015.939054936658,2308.9183888412813,23089.183888412812,1776.0910683394472,72.5795,1675801.4220290575,128907.8016945429
Estonia,EST,Northern Europe,Security,Commercial/Retail,Office,6819.689335892601,5455.751468714082,6819.689335892601,5455.751468714082,65.481325,446562.2938026175,357249.8350420941
Estonia,EST,Northern Europe,Transport,Commercial/Retail,Transportation waiting,38211.13428344513,31263.65532281874,31263.65532281874,25579.354355033516,131.93875,4124887.603723551,3374908.039410178
Estonia,EST,Northern Europe,Manual,Industrial,Manufacturing,51240.16588832517,27891.898221870993,45303.66282608841,25710.28796586644,153.5442857142857,6956118.548872583,3947667.801227558
Estonia,EST,Northern Europe,Cleaning,Commercial/Retail,Office,18441.172584382686,2258.7831730475514,13485.324509445945,1411.7394831547197,65.481325,883036.9169334954,92442.57191178622
Estonia,EST,Northern Europe,Tech,Commercial/Retail,Office,19835.565399866733,7464.550436831041,18481.953807487225,7201.324709393287,65.481325,1210222.8239030584,471552.28372631234
Estonia,EST,Northern Europe,ArmedForces,Correctional facilities,Dayroom,1213.943200603275,485.57728024131006,1213.943200603275,485.57728024131006,64.41975,78201.91749706282,31280.76699882513
Ethiopia,ETH,Eastern Africa,Food,Industrial,Manufacturing,32756164.80281232,32041085.483454503,1729529.5218616521,1014450.2025038335,153.5442857142857,265559375.05601746,155763031.7361636
Ethiopia,ETH,Eastern Africa,Health,Health care,Patient room,365053.6273856687,219323.53014641206,355159.71844486566,212339.59442349218,228.48375,81148224.31922707,48516146.80735858
Ethiopia,ETH,Eastern Africa,Retail,Commercial/Retail,Retail,5318713.541595389,310574.1227735573,3105741.2277355725,238903.17136427484,72.5795,225413145.43843397,17339472.726033386
Ethiopia,ETH,Eastern Africa,Security,Commercial/Retail,Office,302721.2459112791,242176.9967290233,302721.2459112791,242176.9967290233,65.481325,19822588.287921388,15858070.63033711
Ethiopia,ETH,Eastern Africa,Transport,Commercial/Retail,Transportation waiting,491890.0507036033,402455.4960302209,402455.4960302209,329281.76947927166,131.93875,53099475.076857306,43445025.06288325
Ethiopia,ETH,Eastern Africa,Manual,Industrial,Manufacturing,1641316.6917687135,699321.1263786715,1303025.9131675556,528207.842908793,153.5442857142857,200072183.1045172,81103295.94811426
Ethiopia,ETH,Eastern Africa,Cleaning,Commercial/Retail,Office,3088306.414278237,695360.8259663214,1994121.3235932628,434600.51622895093,65.481325,130577706.4796406,28458217.64835571
Ethiopia,ETH,Eastern Africa,Tech,Commercial/Retail,Office,1026018.0282125724,104796.42333471884,1002570.5838297595,102880.3821713471,65.481325,65649650.235196225,6736743.741086185
Ethiopia,ETH,Eastern Africa,ArmedForces,Correctional facilities,Dayroom,41693.231561855355,16677.292624742146,41693.231561855355,16677.292624742146,64.41975,2685867.5539068314,1074347.0215627328
Finland,FIN,Northern Europe,Food,Industrial,Manufacturing,100763.39985087211,72025.03755375012,29639.540819411875,901.1785222898889,153.5442857142857,4550982.124016011,138370.81250605648
Finland,FIN,Northern Europe,Health,Health care,Patient room,334775.4915100567,170291.27894629282,328865.0579940037,166119.20822907888,228.48375,75140321.69443744,37955539.6432108
Finland,FIN,Northern Europe,Retail,Commercial/Retail,Retail,156833.5207934793,11767.028564363462,117670.2856436346,9051.56043412574,72.5795,8540450.496872177,656957.7305286292
Finland,FIN,Northern Europe,Security,Commercial/Retail,Office,21797.814322441747,17438.2514579534,21797.814322441747,17438.2514579534,65.481325,1427349.7639374628,1141879.8111499704
Finland,FIN,Northern Europe,Transport,Commercial/Retail,Transportation waiting,111308.06203352415,91070.2325728834,91070.2325728834,74512.00846872278,131.93875,12015692.64787552,9831021.257352697
Finland,FIN,Northern Europe,Manual,Industrial,Manufacturing,145465.5087859664,80344.81864371974,126440.1521657092,72738.5561401863,153.5442857142857,19414162.849889413,11168589.646433376
Finland,FIN,Northern Europe,Cleaning,Commercial/Retail,Office,42154.01547861898,1763.3283259939626,33658.90596052084,1102.0802037462267,65.481325,2204029.760345302,72165.67199757289
Finland,FIN,Northern Europe,Tech,Commercial/Retail,Office,90021.19847499629,36696.298639290675,84152.53216709699,35387.547442461575,65.481325,5510419.308406631,2317223.495032745
Finland,FIN,Northern Europe,ArmedForces,Correctional facilities,Dayroom,6084.006721833874,2433.6026887335506,6084.006721833874,2433.6026887335506,64.41975,391930.19201885763,156772.07680754314
Fiji,FJI,Melanesia,Food,Industrial,Manufacturing,95567.98300109952,95567.98300109952,1645.0981636112656,1645.0981636112656,153.5442857142857,252595.4224615749,252595.4224615749
Fiji,FJI,Melanesia,Health,Health care,Patient room,6665.071159261495,4055.3047065916217,6494.412038243716,3934.8394446967172,228.48375,1483867.6165430676,899046.8719722235
Fiji,FJI,Melanesia,Retail,Commercial/Retail,Retail,23358.814864552685,1796.831912657899,17968.31912657899,1382.1783943522298,72.5795,1304131.6180475398,100317.81677288766
Fiji,FJI,Melanesia,Security,Commercial/Retail,Office,6907.04146178659,5525.633169429272,6907.04146178659,5525.633169429272,65.481325,452282.2267477228,361825.7813981782
Fiji,FJI,Melanesia,Transport,Commercial/Retail,Transportation waiting,20727.69843632829,16959.02599335951,16959.02599335951,13875.566721839601,131.93875,2237552.6907813624,1830724.9288211146
Fiji,FJI,Melanesia,Manual,Industrial,Manufacturing,28744.18512379214,16118.706143801706,24470.017964914492,14504.180702511116,153.5442857142857,3757231.429838535,2227034.065837996
Fiji,FJI,Melanesia,Cleaning,Commercial/Retail,Office,12071.627954065581,25.262698015958904,10038.637713374686,15.789186259974315,65.481325,657343.2986667447,1033.8968369749125
Fiji,FJI,Melanesia,Tech,Commercial/Retail,Office,21271.66799829454,4166.15735630365,21141.94808452787,4046.41589744211,65.481325,1384402.773656097,264964.67446557345
Fiji,FJI,Melanesia,ArmedForces,Correctional facilities,Dayroom,685.5100008191315,274.2040003276526,685.5100008191315,274.2040003276526,64.41975,44160.382875268246,17664.153150107297
France,FRA,Western Europe,Food,Industrial,Manufacturing,1124692.3648974411,877464.2369632925,271932.0434701868,24703.91553603808,153.5442857142857,41753611.37745593,3793145.0653270124
France,FRA,Western Europe,Health,Health care,Patient room,3152978.7391758496,1660728.9312497943,3098651.6357799275,1622380.3876762022,228.48375,707991545.6866319,370687554.90271246
France,FRA,Western Europe,Retail,Commercial/Retail,Retail,1246181.7022751595,95860.13094424305,958601.3094424306,73738.56226480234,72.5795,69574803.73867689,5351907.979898221
France,FRA,Western Europe,Security,Commercial/Retail,Office,445040.7147147893,356032.5717718315,445040.7147147893,356032.5717718315,65.481325,29141855.6784714,23313484.54277712
France,FRA,Western Europe,Transport,Commercial/Retail,Transportation waiting,1101655.7287339724,901354.6871459774,901354.6871459774,737472.0167557998,131.93875,118923610.72868133,97301136.05073927
France,FRA,Western Europe,Manual,Industrial,Manufacturing,2352249.3042186294,1190655.8479316342,2022736.7274198006,1058521.8103780034,153.5442857142857,310579665.9997251,162529975.2874831
France,FRA,Western Europe,Cleaning,Commercial/Retail,Office,949172.916808814,40704.21844813877,757057.248633896,25440.136530086726,65.481325,49573111.74140195,1665853.848170981
France,FRA,Western Europe,Tech,Commercial/Retail,Office,1277600.9871101894,537342.1874973426,1173532.56275372,518004.2709219237,65.481325,76844467.13975923,33919606.015626535
France,FRA,Western Europe,ArmedForces,Correctional facilities,Dayroom,84078.1670193489,33631.266807739565,84078.1670193489,33631.266807739565,64.41975,5416294.4998447,2166517.7999378806
Gabon,GAB,Middle Africa,Food,Industrial,Manufacturing,111769.40251068403,106798.43385125656,6416.121524189177,1445.1528647617006,153.5442857142857,985158.7964876812,221894.96436778904
Gabon,GAB,Middle Africa,Health,Health care,Patient room,24196.927424758196,14647.24162085382,23503.807058650113,14157.980185953998,228.48375,5370237.976036848,3234868.405312467
Gabon,GAB,Middle Africa,Retail,Commercial/Retail,Retail,138101.60538253374,9738.685467882155,97386.85467882153,7491.296513755503,72.5795,7068289.219161527,543714.5553201175
Gabon,GAB,Middle Africa,Security,Commercial/Retail,Office,12680.545525024694,10144.436420019756,12680.545525024694,10144.436420019756,65.481325,830338.9227014376,664271.1381611502
Gabon,GAB,Middle Africa,Transport,Commercial/Retail,Transportation waiting,28765.713038743772,23535.58339533582,23535.58339533582,19256.386414365672,131.93875,3105255.453701364,2540663.553028389
Gabon,GAB,Middle Africa,Manual,Industrial,Manufacturing,67960.99412061207,30141.971996239557,56563.874392727594,25475.570204679574,153.5442857142857,8685059.690863935,3911628.2302416647
Gabon,GAB,Middle Africa,Cleaning,Commercial/Retail,Office,40927.672477325854,3360.1318571600555,31306.28385013816,2100.0824107250346,65.481325,2049976.947333148,137516.17886346948
Gabon,GAB,Middle Africa,Tech,Commercial/Retail,Office,47330.99570405235,5183.793838688846,42547.313859371185,5065.531886620252,65.481325,2786054.4867024887,331697.7397656439
Gabon,GAB,Middle Africa,ArmedForces,Correctional facilities,Dayroom,19753.508572859522,7901.40342914381,19753.508572859522,7901.40342914381,64.41975,1272516.0838864672,509006.4335545869
United Kingdom,GBR,Northern Europe,Food,Industrial,Manufacturing,1452542.0694136466,663532.5529100624,844736.8089585312,55727.29245494712,153.5442857142857,129704509.9481027,8556607.31478596
United Kingdom,GBR,Northern Europe,Health,Health care,Patient room,3659346.5785039277,1776188.426567014,3632714.084032726,1757389.01870499,228.48375,830016136.5976123,401534833.2025362
United Kingdom,GBR,Northern Europe,Retail,Commercial/Retail,Retail,1400555.1812172486,105016.93773362486,1050169.3773362485,80782.25979509603,72.5795,76220768.32237625,5863136.0247981725
United Kingdom,GBR,Northern Europe,Security,Commercial/Retail,Office,564861.2980999663,451889.03847997315,564861.2980999663,451889.03847997315,65.481325,36987866.240805775,29590292.992644627
United Kingdom,GBR,Northern Europe,Transport,Commercial/Retail,Transportation waiting,1006544.8754291579,823536.71626022,823536.71626022,673802.7678492711,131.93875,108656404.92247811,88900694.93657301
United Kingdom,GBR,Northern Europe,Manual,Industrial,Manufacturing,1200916.4279837925,600994.7811516566,981809.6720533023,506438.39968018135,153.5442857142857,150751264.8028014,77760722.33717938
United Kingdom,GBR,Northern Europe,Cleaning,Commercial/Retail,Office,491679.06136037747,42775.70215323946,374086.132672615,26734.81384577466,65.481325,24495655.63152862,1750631.0342496703
United Kingdom,GBR,Northern Europe,Tech,Commercial/Retail,Office,763077.5976203339,217713.18289593025,585119.0766265794,209896.85875056425,65.481325,38314372.42028495,13744324.424324792
United Kingdom,GBR,Northern Europe,ArmedForces,Correctional facilities,Dayroom,59378.92431992015,23751.569727968064,59378.92431992015,23751.569727968064,64.41975,3825175.4599581757,1530070.1839832705
Georgia,GEO,Western Asia,Food,Industrial,Manufacturing,576889.8114936247,570142.5517950929,10662.479591518551,3915.2198929867873,153.5442857142857,1637162.8128228649,601159.6418830184
Georgia,GEO,Western Asia,Health,Health care,Patient room,70823.18540169639,41382.616525627804,68808.17143436403,39960.253725157905,228.48375,15721549.039966373,9130268.622075547
Georgia,GEO,Western Asia,Retail,Commercial/Retail,Retail,114933.3963042632,8771.598660264555,87715.98660264554,6747.383584818887,72.5795,6366382.449626712,489721.7268943624
Georgia,GEO,Western Asia,Security,Commercial/Retail,Office,43520.13776069049,34816.110208552396,43520.13776069049,34816.110208552396,65.481325,2849756.2847525463,2279805.027802037
Georgia,GEO,Western Asia,Transport,Commercial/Retail,Transportation waiting,73813.81177582355,60393.11872567382,60393.11872567382,49412.551684642225,131.93875,7968192.593266997,6519430.303582089
Georgia,GEO,Western Asia,Manual,Industrial,Manufacturing,74449.43314243399,32603.19045610451,61449.30695567404,27585.619980466246,153.5442857142857,9435189.944146859,4235614.315886417
Georgia,GEO,Western Asia,Cleaning,Commercial/Retail,Office,39392.935355189205,4248.108334718038,29287.355850392636,2655.0677091987745,65.481325,1917774.8668302116,173857.35156305044
Georgia,GEO,Western Asia,Tech,Commercial/Retail,Office,26434.24896850689,7707.811590024909,23353.360902231758,7443.240058852815,65.481325,1529209.015081331,487393.2213467603
Georgia,GEO,Western Asia,ArmedForces,Correctional facilities,Dayroom,4177.039797771711,1670.815919108685,4177.039797771711,1670.815919108685,64.41975,269083.8595125042,107633.5438050017
Ghana,GHA,Western Africa,Food,Industrial,Manufacturing,5291030.062323395,5262961.547974052,50894.34342741189,22825.829078068127,153.5442857142857,7814535.60845951,3504775.621628343
Ghana,GHA,Western Africa,Health,Health care,Patient room,144595.66358848484,85205.87304391693,141282.4798542704,82867.15511388324,228.48375,32280750.806403153,18933798.35225172
Ghana,GHA,Western Africa,Retail,Commercial/Retail,Retail,2183494.2831389736,159351.521629135,1593515.2162913494,122578.09356087305,72.5795,115656537.64081798,8896656.741601385
Ghana,GHA,Western Africa,Security,Commercial/Retail,Office,134304.2992282301,107443.43938258411,134304.2992282301,107443.43938258411,65.481325,8794423.466660986,7035538.7733287895
Ghana,GHA,Western Africa,Transport,Commercial/Retail,Transportation waiting,425555.5926336499,348181.84851844073,348181.84851844073,284876.0578787243,131.93875,45938677.86621242,37586190.981446534
Ghana,GHA,Western Africa,Manual,Industrial,Manufacturing,1029615.9383267716,417536.7235492842,916383.3810253462,379039.6579847501,153.5442857142857,140705431.6799789,58199373.54265561
Ghana,GHA,Western Africa,Cleaning,Commercial/Retail,Office,99887.0294411109,14216.394041779464,71392.19616610954,8885.246276112164,65.481325,4674855.5996167725,581817.6991111403
Ghana,GHA,Western Africa,Tech,Commercial/Retail,Office,172802.155290144,25190.972629084055,171327.18487053123,24570.3147625517,65.481325,11218731.073842337,1608896.7663189457
Ghana,GHA,Western Africa,ArmedForces,Correctional facilities,Dayroom,24549.506505772435,9819.802602308977,24549.506505772435,9819.802602308977,64.41975,1581473.0717252337,632589.2286900936
Guinea,GIN,Western Africa,Food,Industrial,Manufacturing,1612907.1192003663,1605031.9685824215,9679.210545623402,1804.059927678303,153.5442857142857,1486187.4695059268,277003.092981131
Guinea,GIN,Western Africa,Health,Health care,Patient room,52171.2435280923,30796.516274097095,51114.38363838215,30050.49752841934,228.48375,11678806.052636197,6866050.364658982
Guinea,GIN,Western Africa,Retail,Commercial/Retail,Retail,1082996.3460768473,79212.86095673904,792128.6095673904,60932.96996672234,72.5795,57492298.41809641,4422484.493699724
Guinea,GIN,Western Africa,Security,Commercial/Retail,Office,17017.253788454804,13613.803030763846,17017.253788454804,13613.803030763846,65.481325,1114312.3259292901,891449.8607434323
Guinea,GIN,Western Africa,Transport,Commercial/Retail,Transportation waiting,94738.52816285142,77513.34122415118,77513.34122415118,63420.006456123694,131.93875,10227013.349437976,8367556.37681289
Guinea,GIN,Western Africa,Manual,Industrial,Manufacturing,197591.76554488504,87681.27949368028,173864.7486013576,78642.78411269184,153.5442857142857,26695938.63488931,12075150.113166044
Guinea,GIN,Western Africa,Cleaning,Commercial/Retail,Office,47939.04062600627,7562.2250468040465,33647.34631600186,4726.390654252528,65.481325,2203272.81950567,309490.3225080724
Guinea,GIN,Western Africa,Tech,Commercial/Retail,Office,82347.41341604164,6463.664156638444,79995.75796248497,6387.532201441965,65.481325,5238228.225762816,418264.0720305868
Guinea,GIN,Western Africa,ArmedForces,Correctional facilities,Dayroom,18492.920682230706,7397.168272892283,18492.920682230706,7397.168272892283,64.41975,1191309.3271191313,476523.7308476526
Gambia,GMB,Western Africa,Food,Industrial,Manufacturing,178611.1090795543,177702.04448380464,2679.626453750468,1770.5618580008022,153.5442857142857,411441.3298222201,271859.65579969174
Gambia,GMB,Western Africa,Health,Health care,Patient room,9211.622475258657,5186.988761628729,9063.598153464873,5082.501005068411,228.48375,2070884.8945967294,1161268.8890167996
Gambia,GMB,Western Africa,Retail,Commercial/Retail,Retail,202483.92994230188,14469.286934741978,144692.86934741976,11130.22071903229,72.5795,10501736.110801052,807825.854677004
Gambia,GMB,Western Africa,Security,Commercial/Retail,Office,13872.695978097112,11098.15678247769,13872.695978097112,11098.15678247769,65.481325,908402.5139679698,726722.0111743759
Gambia,GMB,Western Africa,Transport,Commercial/Retail,Transportation waiting,35010.140544903814,28644.660445830395,28644.660445830395,23436.540364770328,131.93875,3779340.693397305,3092187.840052341
Gambia,GMB,Western Africa,Manual,Industrial,Manufacturing,78821.87664405878,31067.408823073438,65445.19021249939,26221.835897688317,153.5442857142857,10048734.98461378,4026213.0630277684
Gambia,GMB,Western Africa,Cleaning,Commercial/Retail,Office,15493.72274202483,866.8327147432112,12189.075022734682,541.770446714507,65.481325,798156.7830130721,35475.84669670781
Gambia,GMB,Western Africa,Tech,Commercial/Retail,Office,16072.744519025353,2982.5316752129133,15780.161962870085,2897.9999265395204,65.481325,1033305.914043334,189764.87503971046
Gambia,GMB,Western Africa,ArmedForces,Correctional facilities,Dayroom,1106.0580747754063,442.4232299101625,1106.0580747754063,442.4232299101625,64.41975,71251.98466251297,28500.793865005187
Guinea-Bissau,GNB,Western Africa,Food,Industrial,Manufacturing,475251.1037397249,473506.3665369059,30761.49245616181,29016.75525334278,153.5442857142857,4723251.3866867535,4455356.959120764
Guinea-Bissau,GNB,Western Africa,Health,Health care,Patient room,6734.632501486694,3829.2374641847136,6635.336247513181,3759.1459907916446,228.48375,1516066.5083427397,858903.7727735403
Guinea-Bissau,GNB,Western Africa,Retail,Commercial/Retail,Retail,103580.5784827691,7479.834502304906,74798.34502304906,5753.718847926851,72.5795,5428826.482600389,417602.0371231068
Guinea-Bissau,GNB,Western Africa,Security,Commercial/Retail,Office,7420.96624673665,5936.772997389321,7420.96624673665,5936.772997389321,65.481325,485934.70261659275,388747.7620932743
Guinea-Bissau,GNB,Western Africa,Transport,Commercial/Retail,Transportation waiting,16126.013314888465,13194.010893999653,13194.010893999653,10795.099822363354,131.93875,1740801.3048406967,1424291.976687843
Guinea-Bissau,GNB,Western Africa,Manual,Industrial,Manufacturing,23903.278040907677,9679.92312402986,20193.724325845807,8147.552483610806,153.5442857142857,3100630.97752319,1251010.1264156757
Guinea-Bissau,GNB,Western Africa,Cleaning,Commercial/Retail,Office,7566.657704316971,918.2487410534662,5540.340802719587,573.9054631584163,65.481325,362788.8567136422,37580.09015235178
Guinea-Bissau,GNB,Western Africa,Tech,Commercial/Retail,Office,6904.559340596,477.9255611009793,6005.133955245088,471.2044314653357,65.481325,393224.1281919391,30855.09051822187
Guinea-Bissau,GNB,Western Africa,ArmedForces,Correctional facilities,Dayroom,3396.5885430944913,1358.635417237797,3396.5885430944913,1358.635417237797,64.41975,218807.38479901134,87522.95391960455
Greece,GRC,Southern Europe,Food,Industrial,Manufacturing,430557.40200818103,386572.78866243456,49838.5369632924,5853.923617545881,153.5442857142857,7652422.559073757,898836.5204820697
Greece,GRC,Southern Europe,Health,Health care,Patient room,213791.03776478174,113961.73469308032,212149.44936213884,112802.96640886176,228.48375,48472701.750696585,25773644.776220765
Greece,GRC,Southern Europe,Retail,Commercial/Retail,Retail,550575.912134893,42287.753415685955,422877.53415685956,32529.0410889892,72.5795,30692239.990337785,2360941.5377182914
Greece,GRC,Southern Europe,Security,Commercial/Retail,Office,100083.09459204608,80066.47567363686,100083.09459204608,80066.47567363686,65.481325,6553573.643987511,5242858.9151900085
Greece,GRC,Southern Europe,Transport,Commercial/Retail,Transportation waiting,226178.8520348146,185055.42439212106,185055.42439212106,151408.98359355357,131.93875,24415981.375015963,19976712.034103967
Greece,GRC,Southern Europe,Manual,Industrial,Manufacturing,259233.92828447948,129807.33879952192,225969.00284534573,117545.19372596017,153.5442857142857,34696249.13545801,18048392.80979989
Greece,GRC,Southern Europe,Cleaning,Commercial/Retail,Office,95693.08500769311,7629.202501778527,73386.56875492884,4768.2515636115795,65.481325,4805449.759276341,312231.430318608
Greece,GRC,Southern Europe,Tech,Commercial/Retail,Office,159570.13817321806,30040.238087748225,153165.1631811282,29168.702856145937,65.481325,10029457.82894149,1910005.3115517204
Greece,GRC,Southern Europe,ArmedForces,Correctional facilities,Dayroom,8214.96417584711,3285.985670338845,8214.96417584711,3285.985670338845,64.41975,529205.9384670268,211682.3753868108
Grenada,GRD,Caribbean,Food,Industrial,Manufacturing,6878.2400929051455,6878.2400929051455,289.67351398350627,289.67351398350627,153.5442857142857,44477.71279494462,44477.71279494462
Grenada,GRD,Caribbean,Health,Health care,Patient room,2825.6350999442398,1392.8359300118416,2790.9421265067895,1368.3467722912874,228.48375,637684.9230972456,312645.0018335094
Grenada,GRD,Caribbean,Retail,Commercial/Retail,Retail,5627.067467070875,399.6216852763853,3996.216852763852,307.4012963664502,72.5795,290043.421065174,22311.03238962877
Grenada,GRD,Caribbean,Security,Commercial/Retail,Office,2186.373490435449,1749.0987923483597,2186.373490435449,1749.0987923483597,65.481325,143166.63309858803,114533.30647887045
Grenada,GRD,Caribbean,Transport,Commercial/Retail,Transportation waiting,1925.742888735651,1575.607818056442,1575.607818056442,1289.1336693189069,131.93875,207883.72600459438,170086.68491284992
Grenada,GRD,Caribbean,Manual,Industrial,Manufacturing,3890.807417479764,1786.6718588453189,3128.610318627008,1475.9946302531882,153.5442857142857,480380.23665192776,226630.54122034702
Grenada,GRD,Caribbean,Cleaning,Commercial/Retail,Office,1669.1460758387875,169.14013568499712,1250.0049501281585,105.71258480312319,65.481325,81851.98039095073,6922.200122083371
Grenada,GRD,Caribbean,Tech,Commercial/Retail,Office,1737.9860192882268,360.26442352971185,1688.4028567252426,349.50434202985224,65.481325,110558.85619215404,22886.007409367914
Grenada,GRD,Caribbean,ArmedForces,Correctional facilities,Dayroom,102.04537950986744,40.81815180394699,102.04537950986744,40.81815180394699,64.41975,6573.7378366807825,2629.4951346723137
Guatemala,GTM,Central America,Food,Industrial,Manufacturing,1619269.1848918425,1574173.564810432,166677.4840780169,121581.86399660644,153.5442857142857,25592375.237413332,18668200.463170364
Guatemala,GTM,Central America,Health,Health care,Patient room,160572.4002666148,88638.20679855341,156887.8677802558,86037.3603375941,228.48375,35846328.35993702,19658138.730034765
Guatemala,GTM,Central America,Retail,Commercial/Retail,Retail,1286298.5043657664,93982.82038269423,939828.2038269424,72294.47721745711,72.5795,68212261.11965756,5247097.009204428
Guatemala,GTM,Central America,Security,Commercial/Retail,Office,126629.39669199345,101303.51735359475,126629.39669199345,101303.51735359475,65.481325,8291860.679342347,6633488.543473878
Guatemala,GTM,Central America,Transport,Commercial/Retail,Transportation waiting,284899.17399296374,233099.3241760613,233099.3241760613,190717.62887132287,131.93875,30754833.457634307,25163045.55624625
Guatemala,GTM,Central America,Manual,Industrial,Manufacturing,1030861.8208005587,358319.70973787573,884680.7551452077,298631.88336433604,153.5442857142857,135837674.63394582,45853219.22268886
Guatemala,GTM,Central America,Cleaning,Commercial/Retail,Office,333305.03560743225,11826.019951987519,267899.17971287057,7391.2624699922,65.481325,17542393.254011884,483989.659957862
Guatemala,GTM,Central America,Tech,Commercial/Retail,Office,165416.99280643897,34437.636873412535,157903.000695557,33395.678899405546,65.481325,10339697.707020994,2186793.3036076166
Guatemala,GTM,Central America,ArmedForces,Correctional facilities,Dayroom,13392.121491267726,5356.848596507091,13392.121491267726,5356.848596507091,64.41975,862717.118437094,345086.8473748377
Guyana,GUY,South America,Food,Industrial,Manufacturing,32407.501729777963,31127.5676792414,2887.0813667123803,1607.1473161758213,153.5442857142857,443294.8462508762,246768.28669984778
Guyana,GUY,South America,Health,Health care,Patient room,8692.260854044658,4875.127873201386,8513.01844898932,4748.6038225740895,228.48375,1945086.3790442634,1084978.8086460626
Guyana,GUY,South America,Retail,Commercial/Retail,Retail,37638.061674504745,2709.7960389831974,27097.960389831973,2084.4584915255364,72.5795,1966756.4161138094,151288.95508567765
Guyana,GUY,South America,Security,Commercial/Retail,Office,17024.211029955983,13619.368823964785,17024.211029955983,13619.368823964785,65.481325,1114767.8953211324,891814.3162569059
Guyana,GUY,South America,Transport,Commercial/Retail,Transportation waiting,20199.75747165063,16527.07429498688,16527.07429498688,13522.151695898358,131.93875,2180561.5236377004,1784095.7920672095
Guyana,GUY,South America,Manual,Industrial,Manufacturing,27139.612312747136,12162.559607156325,20970.221845429016,9446.989899309947,153.5442857142857,3219857.7345265085,1450531.3162396175
Guyana,GUY,South America,Cleaning,Commercial/Retail,Office,10662.985780314066,1057.587857544869,8004.498268974329,660.9924109655432,65.481325,524145.15261264547,43282.658884968296
Guyana,GUY,South America,Tech,Commercial/Retail,Office,8124.240298402721,2483.4732884693335,7786.8324756719485,2400.0409193299183,65.481325,509892.10806002945,157157.85945194116
Guyana,GUY,South America,ArmedForces,Correctional facilities,Dayroom,978.4504322631913,391.38017290527654,978.4504322631913,391.38017290527654,64.41975,63031.53223378671,25212.612893514684
Honduras,HND,Central America,Food,Industrial,Manufacturing,883480.8697954986,842584.2708091339,132829.38090028538,91932.78191392074,153.5442857142857,20395192.412205104,14115753.332700163
Honduras,HND,Central America,Health,Health care,Patient room,103944.17856699172,54316.88962199443,102197.06889501854,53083.6357358957,228.48375,23350369.540142193,12128748.156571459
Honduras,HND,Central America,Retail,Commercial/Retail,Retail,661370.1409612797,48819.687223911315,488196.8722391131,37553.60555685485,72.5795,35433084.88867871,2725621.9145137463
Honduras,HND,Central America,Security,Commercial/Retail,Office,79961.3406845257,63969.072547620555,79961.3406845257,63969.072547620555,65.481325,5235974.53679915,4188779.6294393195
Honduras,HND,Central America,Transport,Commercial/Retail,Transportation waiting,131707.1834393846,107760.42281404194,107760.42281404194,88167.61866603432,131.93875,14217775.485556176,11632725.397273235
Honduras,HND,Central America,Manual,Industrial,Manufacturing,414979.61665369454,195127.0323250208,339824.49020563276,161906.7058732992,153.5442857142857,52178108.61684516,24859849.50566867
Honduras,HND,Central America,Cleaning,Commercial/Retail,Office,133616.83929729988,6977.199077498219,105533.03351650138,4360.749423436387,65.481325,6910442.865929919,285547.6502396006
Honduras,HND,Central America,Tech,Commercial/Retail,Office,106584.97173527312,20894.58194165483,102517.74743210862,20279.420475227216,65.481325,6712997.93786982,1327923.3229500079
Honduras,HND,Central America,ArmedForces,Correctional facilities,Dayroom,8669.44003250596,3467.776013002385,8669.44003250596,3467.776013002385,64.41975,558483.1595340257,223393.26381361036
Croatia,HRV,Southern Europe,Food,Industrial,Manufacturing,58653.9521136843,54080.18964227246,7557.782824300012,2984.020352888176,153.5442857142857,1160454.3653408422,458179.2736411058
Croatia,HRV,Southern Europe,Health,Health care,Patient room,95772.29408388275,54278.49173123217,93577.99758633292,52729.57655649111,228.48375,21381051.806016292,12047851.387539176
Croatia,HRV,Southern Europe,Retail,Commercial/Retail,Retail,115899.42220320133,8893.282829678355,88932.82829678354,6840.986792060272,72.5795,6454700.211366401,496515.40087433846
Croatia,HRV,Southern Europe,Security,Commercial/Retail,Office,33798.872304434764,27039.097843547817,33798.872304434764,27039.097843547817,65.481325,2213194.9420001917,1770555.9536001538
Croatia,HRV,Southern Europe,Transport,Commercial/Retail,Transportation waiting,84989.85187354237,69537.15153289831,69537.15153289831,56894.03307237134,131.93875,9174644.851811187,7506527.606027334
Croatia,HRV,Southern Europe,Manual,Industrial,Manufacturing,100323.20093443281,58900.518455438556,89686.54397307879,54421.67387604074,153.5442857142857,13770856.332529258,8356137.042672478
Croatia,HRV,Southern Europe,Cleaning,Commercial/Retail,Office,29848.40411270502,1887.6861946612985,23300.598265036435,1179.8038716633114,65.481325,1525754.047687287,77255.12075664358
Croatia,HRV,Southern Europe,Tech,Commercial/Retail,Office,58724.84026639783,24325.869085391456,56603.4637726446,23463.463048490048,65.481325,3706469.8074222673,1536418.6495036676
Croatia,HRV,Southern Europe,ArmedForces,Correctional facilities,Dayroom,6336.048143484328,2534.4192573937316,6336.048143484328,2534.4192573937316,64.41975,408166.6373912245,163266.65495648983
Hungary,HUN,Eastern Europe,Food,Industrial,Manufacturing,205170.15382481256,160602.5107411386,52680.931233805575,8113.288150131592,153.5442857142857,8088855.957058081,1245749.0338061338
Hungary,HUN,Eastern Europe,Health,Health care,Patient room,240006.31859565977,137137.05949952942,233777.5890014275,132740.3091977184,228.48375,53414380.20100491,30329003.62165419
Hungary,HUN,Eastern Europe,Retail,Commercial/Retail,Retail,264801.94345885026,20330.821859607095,203308.21859607095,15639.093738159305,72.5795,14756008.85159353,1135077.6039687332
Hungary,HUN,Eastern Europe,Security,Commercial/Retail,Office,99490.41137033512,79592.32909626812,99490.41137033512,79592.32909626812,65.481325,6514763.961324609,5211811.169059689
Hungary,HUN,Eastern Europe,Transport,Commercial/Retail,Transportation waiting,230407.3324496923,188515.09018611192,188515.09018611192,154239.61924318245,131.93875,24872445.355292875,20350182.56342144
Hungary,HUN,Eastern Europe,Manual,Industrial,Manufacturing,374890.0724326898,216594.76169909898,332557.2449677713,199283.96707449976,153.5442857142857,51062264.63768718,30598914.378763296
Hungary,HUN,Eastern Europe,Cleaning,Commercial/Retail,Office,87009.53291955346,5903.870945983782,67588.0516446414,3689.9193412398636,65.481325,4425755.175859548,241620.80760751342
Hungary,HUN,Eastern Europe,Tech,Commercial/Retail,Office,123633.79335271152,46778.7245988059,115035.62476690287,45127.04515240634,65.481325,7532685.131939616,2954978.7099143937
Hungary,HUN,Eastern Europe,ArmedForces,Correctional facilities,Dayroom,9585.893474376531,3834.357389750613,9585.893474376531,3834.357389750613,64.41975,617520.8611459675,247008.34445838703
Indonesia,IDN,South-eastern Asia,Food,Industrial,Manufacturing,36401980.00277128,35761712.36121078,1988426.4846237067,1348158.8430632066,153.5442857142857,305311524.27691513,207002086.58753785
Indonesia,IDN,South-eastern Asia,Health,Health care,Patient room,2145475.2961747786,1204442.4097177791,2103821.53568398,1175039.755253686,228.48375,480689033.80383456,268477489.6794444
Indonesia,IDN,South-eastern Asia,Retail,Commercial/Retail,Retail,24464914.78830981,1810050.137126292,18100501.371262915,1392346.259327917,72.5795,1313725339.2755766,101055795.32889053
Indonesia,IDN,South-eastern Asia,Security,Commercial/Retail,Office,1619211.368352598,1295369.0946820786,1619211.368352598,1295369.0946820786,65.481325,106028105.85479118,84822484.68383296
Indonesia,IDN,South-eastern Asia,Transport,Commercial/Retail,Transportation waiting,5118136.253827892,4187566.0258591846,4187566.0258591846,3426190.384793878,131.93875,552502226.9943285,452047276.6317233
Indonesia,IDN,South-eastern Asia,Manual,Industrial,Manufacturing,10069562.629301453,4498889.142513762,8042323.209641224,3517412.5718394765,153.5442857142857,1234852772.7077832,540078600.9055411
Indonesia,IDN,South-eastern Asia,Cleaning,Commercial/Retail,Office,3450971.30570331,418372.0617543886,2527166.036624101,261482.53859649287,65.481325,165482180.57314464,17122223.091661993
Indonesia,IDN,South-eastern Asia,Tech,Commercial/Retail,Office,2694758.245984249,522280.5328288111,2564261.7315737437,506856.1165826799,65.481325,167911255.83024308,33189610.09818835
Indonesia,IDN,South-eastern Asia,ArmedForces,Correctional facilities,Dayroom,221816.1784060613,88726.47136242453,221816.1784060613,88726.47136242453,64.41975,14289342.758873867,5715737.1035495475
India,IND,Southern Asia,Food,Industrial,Manufacturing,223922191.9510964,223045130.64212888,7567677.012300955,6690615.703333438,153.5442857142857,1161973561.3701699,1027305809.157116
India,IND,Southern Asia,Health,Health care,Patient room,7365243.494721035,4359419.705081407,7165595.65221516,4218491.816253732,228.48375,1637222165.6018155,963856829.5219636
India,IND,Southern Asia,Retail,Commercial/Retail,Retail,51340595.86311151,3815559.3783989716,38155593.78398972,2935045.675691516,72.5795,2769313919.0450816,213024147.61885238
India,IND,Southern Asia,Security,Commercial/Retail,Office,5708814.82837687,4567051.862701496,5708814.82837687,4567051.862701496,65.481325,373820759.141765,299056607.313412
India,IND,Southern Asia,Transport,Commercial/Retail,Transportation waiting,23461882.402153466,19196085.60176193,19196085.60176193,15705888.219623396,131.93875,2532707539.189467,2072215259.3368363
India,IND,Southern Asia,Manual,Industrial,Manufacturing,48625012.70196465,22940574.316332325,36422438.7384493,16861212.04694236,153.5442857142857,5592457340.067527,2588942760.0248737
India,IND,Southern Asia,Cleaning,Commercial/Retail,Office,7555841.513352666,520909.8748181014,5862443.0321121365,325568.6717613134,65.481325,383880537.47972023,21318668.005420886
India,IND,Southern Asia,Tech,Commercial/Retail,Office,6751016.009080499,1406429.8923410953,6269647.377080952,1363130.8199881797,65.481325,410544817.5340353,89259612.2411625
India,IND,Southern Asia,ArmedForces,Correctional facilities,Dayroom,1074201.2361429024,429680.494457161,1074201.2361429024,429680.494457161,64.41975,69199775.08201674,27679910.032806695
Ireland,IRL,Northern Europe,Food,Industrial,Manufacturing,157597.32355042943,104077.68046620261,57239.758279796275,3720.1151955694663,153.5442857142857,8788837.79952969,571202.430478574
Ireland,IRL,Northern Europe,Health,Health care,Patient room,272008.53491566295,133894.1447298794,270360.6036504161,132730.8991308816,228.48375,61773004.57431075,30326853.574295565
Ireland,IRL,Northern Europe,Retail,Commercial/Retail,Retail,146135.7779367278,11241.213687440602,112412.136874406,8647.087451877387,72.5795,8158816.68827595,627601.2837135348
Ireland,IRL,Northern Europe,Security,Commercial/Retail,Office,19993.753536778826,15995.002829423063,19993.753536778826,15995.002829423063,65.481325,1309217.4733117137,1047373.9786493712
Ireland,IRL,Northern Europe,Transport,Commercial/Retail,Transportation waiting,70556.9627587189,57728.42407531548,57728.42407531548,47232.34697071266,131.93875,7616616.11196703,6231776.818882114
Ireland,IRL,Northern Europe,Manual,Industrial,Manufacturing,123004.15021036808,69966.89024419429,105620.25892386246,62604.09814328997,153.5442857142857,16217387.213422373,9612501.532198498
Ireland,IRL,Northern Europe,Cleaning,Commercial/Retail,Office,37122.14761769985,3232.6249767857134,28241.268867428444,2020.3906104910711,65.481325,1849275.7051204639,132297.85419251423
Ireland,IRL,Northern Europe,Tech,Commercial/Retail,Office,79512.13133078943,18190.346415135125,64017.50386725979,17572.541901088083,65.481325,4191950.976420795,1150673.3273012666
Ireland,IRL,Northern Europe,ArmedForces,Correctional facilities,Dayroom,3878.529864182223,1551.4119456728893,3878.529864182223,1551.4119456728893,64.41975,249853.9242181527,99941.5696872611
Iran,IRN,Southern Asia,Food,Industrial,Manufacturing,3415317.519727177,3373819.68164179,154156.59449478367,112658.7564093969,153.5442857142857,23669864.18984835,17298108.282340553
Iran,IRN,Southern Asia,Health,Health care,Patient room,596111.2654751355,349652.0587534161,583202.9850572267,340540.33139959804,228.48375,133252405.03706913,77807931.9444229
Iran,IRN,Southern Asia,Retail,Commercial/Retail,Retail,3149136.737445926,230467.28847903069,2304672.8847903064,177282.52959925437,72.5795,167272005.64163804,12867077.357049081
Iran,IRN,Southern Asia,Security,Commercial/Retail,Office,313492.5586733616,250794.04693868925,313492.5586733616,250794.04693868925,65.481325,20527908.11957196,16422326.495657565
Iran,IRN,Southern Asia,Transport,Commercial/Retail,Transportation waiting,2684907.6340780756,2196742.6097002444,2196742.6097002444,1797334.8624820178,131.93875,289835473.9955881,237138115.08729932
Iran,IRN,Southern Asia,Manual,Industrial,Manufacturing,3041978.999196301,1491874.7135733797,2497651.5688498197,1241297.624072313,153.5442857142857,383500126.10221064,190594157.04702324
Iran,IRN,Southern Asia,Cleaning,Commercial/Retail,Office,301029.66420939,33621.19039077923,222840.39484884235,21013.243994237015,65.481325,14591884.31822537,1375975.059290932
Iran,IRN,Southern Asia,Tech,Commercial/Retail,Office,411176.0250118075,91367.94590962079,398596.42416705604,88567.82157323178,65.481325,26100621.99472085,5799538.308978801
Iran,IRN,Southern Asia,ArmedForces,Correctional facilities,Dayroom,50525.41484554873,20210.165938219496,50525.41484554873,20210.165938219496,64.41975,3254834.5929965377,1301933.8371986153
Iraq,IRQ,Western Asia,Food,Industrial,Manufacturing,999391.7670340535,974283.9338150063,33093.42035471159,7985.587135664404,153.5442857142857,5081305.590206794,1226141.2727547796
Iraq,IRQ,Western Asia,Health,Health care,Patient room,275464.2160163156,151934.66855191308,272483.21610923816,149830.4333233878,228.48375,62257987.02869914,34233819.26985261
Iraq,IRQ,Western Asia,Retail,Commercial/Retail,Retail,1218589.9880000493,90757.2809685362,907572.809685362,69813.29305272015,72.5795,65871180.74055873,5067013.903119902
Iraq,IRQ,Western Asia,Security,Commercial/Retail,Office,902184.8447101979,721747.8757681585,902184.8447101979,721747.8757681585,65.481325,59076259.026543,47261007.22123441
Iraq,IRQ,Western Asia,Transport,Commercial/Retail,Transportation waiting,1072608.3925701652,877588.6848301351,877588.6848301353,718027.1057701106,131.93875,115787954.09063202,94735598.80142619
Iraq,IRQ,Western Asia,Manual,Industrial,Manufacturing,947658.7274210119,263959.82453493454,786328.0109631063,226565.4760956146,153.5442857142857,120736172.78046517,34787834.19461822
Iraq,IRQ,Western Asia,Cleaning,Commercial/Retail,Office,166739.92663321682,23306.77589220984,119527.6256175058,14566.734932631147,65.481325,7826827.299538222,953849.1043124732
Iraq,IRQ,Western Asia,Tech,Commercial/Retail,Office,273643.26185739174,146505.17854656675,266114.3431696939,141140.8198247121,65.481325,17425519.792256255,9242087.893708415
Iraq,IRQ,Western Asia,ArmedForces,Correctional facilities,Dayroom,251356.2575446847,100542.50301787387,251356.2575446847,100542.50301787387,64.41975,16192307.2719642,6476922.908785679
Iceland,ISL,Northern Europe,Food,Industrial,Manufacturing,9162.780353559248,7439.139016788703,1897.2515573850858,173.61022061454008,153.5442857142857,291312.13519900915,26656.857316959118
Iceland,ISL,Northern Europe,Health,Health care,Patient room,23199.644344361157,11338.869839998435,22998.85460707942,11197.135907799558,228.48375,5254864.5463302815,2558363.601473697
Iceland,ISL,Northern Europe,Retail,Commercial/Retail,Retail,15961.708763371153,1227.8237510285505,12278.237510285506,944.4798084835003,72.5795,891148.3393777668,68549.8722598282
Iceland,ISL,Northern Europe,Security,Commercial/Retail,Office,3555.561852345021,2844.4494818760177,3555.561852345021,2844.4494818760177,65.481325,232822.90121100633,186258.3209688051
Iceland,ISL,Northern Europe,Transport,Commercial/Retail,Transportation waiting,8518.917844505359,6970.02369095893,6970.02369095893,5702.7466562391255,131.93875,919616.2132555075,752413.2653908699
Iceland,ISL,Northern Europe,Manual,Industrial,Manufacturing,10850.89607723361,5544.527123587877,9227.12803236757,4912.015273878572,153.5442857142857,1416772.782924141,754211.8766453468
Iceland,ISL,Northern Europe,Cleaning,Commercial/Retail,Office,2261.187776050509,167.2621950565207,1744.9379841616571,104.53887191032545,65.481325,114260.85124573432,6845.343846693392
Iceland,ISL,Northern Europe,Tech,Commercial/Retail,Office,5978.146767117727,2000.8382938878892,5808.53505994732,1932.6859317534277,65.481325,380350.57203430496,126554.83562007401
Iceland,ISL,Northern Europe,ArmedForces,Correctional facilities,Dayroom,437.8354218328903,175.13416873315612,437.8354218328903,175.13416873315612,64.41975,28205.24841561933,11282.099366247732
Israel,ISR,Western Asia,Food,Industrial,Manufacturing,53717.58668816111,34577.09980147025,20242.105626239427,1101.6187395485658,153.5442857142857,3108059.6497340566,169147.26249345628
Israel,ISR,Western Asia,Health,Health care,Patient room,448338.3870153217,207628.17003443756,446652.72072935547,206438.28795022613,228.48375,102052888.57994586,47167794.17444748
Israel,ISR,Western Asia,Retail,Commercial/Retail,Retail,196586.17740174072,15109.6244231356,151096.24423135602,11622.788017796614,72.5795,10966489.858189704,843576.1429376693
Israel,ISR,Western Asia,Security,Commercial/Retail,Office,76263.38711797565,61010.709694380515,76263.38711797565,61010.709694380515,65.481325,4993827.637472977,3995062.109978381
Israel,ISR,Western Asia,Transport,Commercial/Retail,Transportation waiting,154637.99504684357,126521.99594741751,126521.99594741751,103517.99668425071,131.93875,16693153.992807332,13658035.085024184
Israel,ISR,Western Asia,Manual,Industrial,Manufacturing,153330.1830820145,82231.46252643905,133387.98771866213,74530.99411897417,153.5442857142857,20480963.29712789,11443808.255573517
Israel,ISR,Western Asia,Cleaning,Commercial/Retail,Office,41748.14342425092,1860.48427297776,33239.71595939429,1162.8026706111,65.481325,2176580.6436447846,76141.85958515339
Israel,ISR,Western Asia,Tech,Commercial/Retail,Office,90396.57516159418,22328.746382432342,85802.97715627328,21613.783532381975,65.481325,5618492.633137506,1415299.1839635521
Israel,ISR,Western Asia,ArmedForces,Correctional facilities,Dayroom,8318.532028709336,3327.412811483736,8318.532028709336,3327.4128114837354,64.41975,535877.7536564482,214351.10146257933
Italy,ITA,Southern Europe,Food,Industrial,Manufacturing,950604.0701790688,857916.9000893522,153356.0160250614,60668.845935344856,153.5442857142857,23546939.940556604,9315354.614252571
Italy,ITA,Southern Europe,Health,Health care,Patient room,1741540.3134028607,965616.5319453271,1698340.073099645,935122.2446724689,228.48375,388043108.677081,213660237.1711832
Italy,ITA,Southern Europe,Retail,Commercial/Retail,Retail,1714919.2470549382,125932.93066953144,1259329.3066953146,96871.48513040881,72.5795,91401491.41529258,7030883.9550225055
Italy,ITA,Southern Europe,Security,Commercial/Retail,Office,271828.7638812609,217463.01110500874,271828.7638812609,217463.01110500874,65.481325,17799707.632057104,14239766.105645686
Italy,ITA,Southern Europe,Transport,Commercial/Retail,Transportation waiting,657714.3998745794,538129.9635337468,538129.9635337468,440288.1519821565,131.93875,71000194.72618814,58091068.41233575
Italy,ITA,Southern Europe,Manual,Industrial,Manufacturing,1620084.8867035736,818954.2341171842,1429413.9243406642,746505.7380406118,153.5442857142857,219478340.0029413,114621690.32906142
Italy,ITA,Southern Europe,Cleaning,Commercial/Retail,Office,743894.1404791457,62863.903264647255,567525.1976787486,39289.939540404535,65.481325,37162301.914891385,2572757.30027558
Italy,ITA,Southern Europe,Tech,Commercial/Retail,Office,864947.8992877566,324511.7350924391,810897.3095395911,313094.83074723923,65.481325,53098630.267587565,20501864.367979966
Italy,ITA,Southern Europe,ArmedForces,Correctional facilities,Dayroom,101126.86371836781,40450.745487347136,101126.86371836781,40450.745487347136,64.41975,6514567.279021324,2605826.91160853
Jordan,JOR,Western Asia,Food,Industrial,Manufacturing,73032.1146707896,71828.4510032316,4538.793846620004,3335.1301790620196,153.5442857142857,696905.8591836637,512090.18110823556
Jordan,JOR,Western Asia,Health,Health care,Patient room,79830.01845877369,44451.02687771784,78898.27609314641,43793.326384333894,228.48375,18026973.99029744,10006063.43726655
Jordan,JOR,Western Asia,Retail,Commercial/Retail,Retail,201344.01386378997,15097.20811682409,150972.08116824093,11613.237012941609,72.5795,10957478.165150343,842882.9357807954
Jordan,JOR,Western Asia,Security,Commercial/Retail,Office,279827.2102889216,223861.76823113725,279827.2102889216,223861.76823113725,65.481325,18323456.50077222,14658765.200617773
Jordan,JOR,Western Asia,Transport,Commercial/Retail,Transportation waiting,130933.25490581768,107127.20855930539,107127.20855930539,87649.53427579533,131.93875,14134229.988304054,11564369.990430592
Jordan,JOR,Western Asia,Manual,Industrial,Manufacturing,206397.82915848374,87255.23537956909,182176.88269222967,81158.39120165097,153.5442857142857,27972219.326633625,12461407.206778068
Jordan,JOR,Western Asia,Cleaning,Commercial/Retail,Office,200192.12171275317,15033.85626925285,154298.55453625027,9396.16016828303,65.481325,10103673.796618428,615273.0177313958
Jordan,JOR,Western Asia,Tech,Commercial/Retail,Office,310334.3504126837,26215.818595648223,309980.0714448477,25888.791856107342,65.481325,20297905.80180329,1695232.3933871181
Jordan,JOR,Western Asia,ArmedForces,Correctional facilities,Dayroom,5441.086527986993,2176.4346111947984,5441.086527986993,2176.4346111947984,64.41975,350513.43386129005,140205.3735445161
Japan,JPN,Eastern Asia,Food,Industrial,Manufacturing,1798967.4798531334,1798967.4798531334,0.0,0.0,153.5442857142857,0.0,0.0
Japan,JPN,Eastern Asia,Health,Health care,Patient room,5551521.910182675,2643055.308472166,5551521.910182675,2643055.308472166,228.48375,1268432544.2457008,603895188.3371272
Japan,JPN,Eastern Asia,Retail,Commercial/Retail,Retail,2872211.4621837037,220939.34324490032,2209393.4324490028,169953.34095761564,72.5795,160356670.6304324,12335128.510033263
Japan,JPN,Eastern Asia,Security,Commercial/Retail,Office,1032577.8472919922,826062.2778335938,1032577.8472919922,826062.2778335938,65.481325,67614565.60632731,54091652.48506185
Japan,JPN,Eastern Asia,Transport,Commercial/Retail,Transportation waiting,1997153.4982478402,1634034.6803845966,1634034.6803845966,1336937.4657692155,131.93875,215592493.18659317,176393858.06175807
Japan,JPN,Eastern Asia,Manual,Industrial,Manufacturing,4758564.655991326,2199895.264149776,3681187.2723679477,1728003.8375955827,153.5442857142857,565225270.3162563,265325114.9551583
Japan,JPN,Eastern Asia,Cleaning,Commercial/Retail,Office,1432333.8156545907,188695.6525357789,1036365.1359323432,117934.7828348618,65.481325,67862562.28465495,7722525.843614007
Japan,JPN,Eastern Asia,Tech,Commercial/Retail,Office,4308105.294638239,208058.0157412645,3867465.8506172434,208058.0157412645,65.481325,253246788.29066917,13623914.547608856
Japan,JPN,Eastern Asia,ArmedForces,Correctional facilities,Dayroom,122606.01772293914,49042.40708917566,122606.01772293914,49042.40708917566,64.41975,7898249.0102073075,3159299.6040829234
Kenya,KEN,Eastern Africa,Food,Industrial,Manufacturing,10512308.140615312,10512308.140615312,806162.7855918847,806162.7855918847,153.5442857142857,123781689.0831448,123781689.0831448
Kenya,KEN,Eastern Africa,Health,Health care,Patient room,202310.43815569053,111848.01431155369,200964.14930505914,110897.69276993154,228.48375,45917042.44877981,25338320.710421845
Kenya,KEN,Eastern Africa,Retail,Commercial/Retail,Retail,818326.42985254,62948.186911733836,629481.8691173384,48421.68223979527,72.5795,45687479.31960186,3514421.4861232205
Kenya,KEN,Eastern Africa,Security,Commercial/Retail,Office,394442.2764317589,315553.8211454071,394442.2764317589,315553.8211454071,65.481325,25828602.896767844,20662882.317414273
Kenya,KEN,Eastern Africa,Transport,Commercial/Retail,Transportation waiting,759055.368333856,621045.3013640641,621045.3013640641,508127.97384332516,131.93875,81939940.75534791,67041769.708921015
Kenya,KEN,Eastern Africa,Manual,Industrial,Manufacturing,804778.5422629763,505390.86971844366,671031.6363250577,444592.57414750685,153.5442857142857,103033073.29121932,68264649.23135455
Kenya,KEN,Eastern Africa,Cleaning,Commercial/Retail,Office,974755.9751133134,0.0,812296.6459277611,0.0,65.481325,53190260.66840565,0.0
Kenya,KEN,Eastern Africa,Tech,Commercial/Retail,Office,480483.2104061146,66872.53868977129,478765.01682674285,65286.51384727431,65.481325,31350167.665462416,4275047.43135037
Kenya,KEN,Eastern Africa,ArmedForces,Correctional facilities,Dayroom,36846.14895377454,14738.459581509815,36846.14895377454,14738.459581509815,64.41975,2373619.704064917,949447.8816259668
Kyrgyzstan,KGZ,Central Asia,Food,Industrial,Manufacturing,507742.4432287431,473283.5394528529,36173.4653447246,1714.561568834394,153.5442857142857,5554228.898166207,263261.1313998421
Kyrgyzstan,KGZ,Central Asia,Health,Health care,Patient room,104868.70962360133,59106.15704740869,102546.75682692113,57467.13154386972,228.48375,23430267.55015304,13130305.716886643
Kyrgyzstan,KGZ,Central Asia,Retail,Commercial/Retail,Retail,273746.5121731339,20593.149064062007,205931.49064062006,15840.88389543231,72.5795,14946404.624950882,1149723.4326885291
Kyrgyzstan,KGZ,Central Asia,Security,Commercial/Retail,Office,79747.59329346077,63798.07463476863,79747.59329346077,63798.07463476863,65.481325,5221978.074416925,4177582.459533541
Kyrgyzstan,KGZ,Central Asia,Transport,Commercial/Retail,Transportation waiting,264386.60234151874,216316.3110066972,216316.3110066972,176986.0726418432,131.93875,28540503.678834867,23351321.19177399
Kyrgyzstan,KGZ,Central Asia,Manual,Industrial,Manufacturing,269773.87065370585,111278.26602687278,226492.74856009634,96603.40107706818,153.5442857142857,34776667.2971253,14832900.215949092
Kyrgyzstan,KGZ,Central Asia,Cleaning,Commercial/Retail,Office,115050.65423856472,18991.77374064307,80049.06708160137,11869.85858790192,65.481325,5241718.977517141,777254.0678984466
Kyrgyzstan,KGZ,Central Asia,Tech,Commercial/Retail,Office,99029.92153750027,23189.13472406887,96364.14518262475,22467.87073434952,65.481325,6310051.909050635,1471225.9456139295
Kyrgyzstan,KGZ,Central Asia,ArmedForces,Correctional facilities,Dayroom,5653.692909771267,2261.4771639085075,5653.692909771267,2261.4771639085075,64.41975,364209.48382423754,145683.79352969505
Cambodia,KHM,South-eastern Asia,Food,Industrial,Manufacturing,2882833.088931246,2868422.3829684122,96420.84129402511,82010.13533119077,153.5442857142857,14804869.20446159,12592187.650759593
Cambodia,KHM,South-eastern Asia,Health,Health care,Patient room,52987.66548290784,28550.37398734351,52408.136907972956,28141.294993271822,228.48375,11974407.651247066,6429828.609918971
Cambodia,KHM,South-eastern Asia,Retail,Commercial/Retail,Retail,1370655.8868714012,105316.38030474314,1053163.8030474314,81012.6002344178,72.5795,76438102.24328104,5879854.018713926
Cambodia,KHM,South-eastern Asia,Security,Commercial/Retail,Office,115232.18986991754,92185.75189593405,115232.18986991754,92185.75189593405,65.481325,7545556.475333777,6036445.180267024
Cambodia,KHM,South-eastern Asia,Transport,Commercial/Retail,Transportation waiting,272267.09668608545,222763.98819770632,222763.98819770632,182261.44488903246,131.93875,29391202.147820126,24047347.21185283
Cambodia,KHM,South-eastern Asia,Manual,Industrial,Manufacturing,873708.1866181291,316334.67970272433,731904.2255237655,264243.5847838867,153.5442857142857,112379711.51931407,40573092.48022418
Cambodia,KHM,South-eastern Asia,Cleaning,Commercial/Retail,Office,59859.64751299682,3959.856113154711,46583.159499868416,2474.910070721694,65.481325,3050327.006737721,162060.3906867002
Cambodia,KHM,South-eastern Asia,Tech,Commercial/Retail,Office,97118.7063644067,16662.453446067313,92764.93490938639,16196.375725760567,65.481325,6074370.851405376,1060560.1427206385
Cambodia,KHM,South-eastern Asia,ArmedForces,Correctional facilities,Dayroom,22287.531662909947,8915.01266516398,22287.531662909947,8915.01266516398,64.41975,1435757.217841743,574302.8871366973
Kiribati,KIR,Micronesia,Food,Industrial,Manufacturing,10121.185646936923,9347.464287111725,1880.5980345868948,1106.876674761696,153.5442857142857,288755.0819363343,169954.58840008834
Kiribati,KIR,Micronesia,Health,Health care,Patient room,920.4822487981851,467.5510038022227,914.555319552404,463.36728904049477,228.48375,208961.02899378157,105871.89582730614
Kiribati,KIR,Micronesia,Retail,Commercial/Retail,Retail,3758.5169610685125,289.1166893129625,2891.1668931296254,222.39745331766346,72.5795,209839.44751990165,16141.495963069354
Kiribati,KIR,Micronesia,Security,Commercial/Retail,Office,2078.1571554548123,1662.5257243638498,2078.1571554548123,1662.5257243638498,65.481325,136080.4840974121,108864.38727792967
Kiribati,KIR,Micronesia,Transport,Commercial/Retail,Transportation waiting,1039.7646269730687,850.7165129779653,850.7165129779653,696.040783345608,131.93875,112242.47332667152,91834.75090364034
Kiribati,KIR,Micronesia,Manual,Industrial,Manufacturing,4997.217993853085,1586.213548566207,4404.939278416259,1368.0509031805339,153.5442857142857,676353.2551192256,210056.3987496385
Kiribati,KIR,Micronesia,Cleaning,Commercial/Retail,Office,693.379451012834,93.18801625281752,500.15952896668045,58.242510158010944,65.481325,32751.108668114117,3813.796736472516
Kiribati,KIR,Micronesia,Tech,Commercial/Retail,Office,857.1080085606618,197.14849924700655,850.5781224909276,191.1209121057135,65.481325,55696.98247671824,12514.85055989066
Kiribati,KIR,Micronesia,ArmedForces,Correctional facilities,Dayroom,71.77890734191847,28.711562936767393,71.77890734191847,28.711562936767393,64.41975,4623.979266239552,1849.5917064958212
Laos,LAO,South-eastern Asia,Food,Industrial,Manufacturing,1547757.0963918667,1547757.0963918667,463.73428717740114,463.73428717740114,153.5442857142857,71203.74988587749,71203.74988587749
Laos,LAO,South-eastern Asia,Health,Health care,Patient room,6145.496586957613,3277.598179710727,6145.496586957613,3277.598179710727,228.48375,1404146.1058002764,748877.9230934808
Laos,LAO,South-eastern Asia,Retail,Commercial/Retail,Retail,246666.4466424939,18974.34204942261,189743.42049422613,14595.647730325083,72.5795,13771482.587760685,1059344.8144431293
Laos,LAO,South-eastern Asia,Security,Commercial/Retail,Office,18331.046019288944,14664.836815431157,18331.046019288944,14664.836815431157,65.481325,1200341.1819790155,960272.9455832127
Laos,LAO,South-eastern Asia,Transport,Commercial/Retail,Transportation waiting,35870.37355677164,29348.48745554044,29348.48745554044,24012.398827260364,131.93875,3872202.749274686,3168165.8857701984
Laos,LAO,South-eastern Asia,Manual,Industrial,Manufacturing,100778.2466275478,50089.31966938875,67881.10197763208,32038.806239702804,153.5442857142857,10422755.316654105,4919375.619213567
Laos,LAO,South-eastern Asia,Cleaning,Commercial/Retail,Office,49490.36573850059,3837.2844166030877,38044.23443491459,2398.30276037693,65.481325,2491186.8794088336,157044.04250063887
Laos,LAO,South-eastern Asia,Tech,Commercial/Retail,Office,3180.708273192735,187.10048665839616,3180.708273192735,187.10048665839616,65.481325,208276.99216712225,12251.587774536603
Laos,LAO,South-eastern Asia,ArmedForces,Correctional facilities,Dayroom,30948.220163380334,12379.288065352135,30948.220163380334,12379.288065352135,64.41975,1993676.60586992,797470.6423479682
Lebanon,LBN,Western Asia,Food,Industrial,Manufacturing,62073.48302208975,51276.19343232489,13563.571216437225,2766.2816266723735,153.5442857142857,2082608.854162699,424746.7364519619
Lebanon,LBN,Western Asia,Health,Health care,Patient room,57065.87218638949,29825.390108049265,56534.93494549854,29450.610879185067,228.48375,12917313.942353552,6728986.013467001
Lebanon,LBN,Western Asia,Retail,Commercial/Retail,Retail,143039.0337825986,10787.835757541096,107878.35757541093,8298.335198108534,72.5795,7829757.253644537,602289.0195111183
Lebanon,LBN,Western Asia,Security,Commercial/Retail,Office,49884.59676740157,39907.67741392126,49884.59676740157,39907.67741392126,65.481325,3266509.4934201716,2613207.5947361374
Lebanon,LBN,Western Asia,Transport,Commercial/Retail,Transportation waiting,113748.92680698949,93067.30375117323,93067.30375117323,76145.97579641447,131.93875,12279183.722800106,10046604.864109179
Lebanon,LBN,Western Asia,Manual,Industrial,Manufacturing,113036.29922029618,54006.34085073136,96462.75221170804,47630.88518458668,153.5442857142857,14811304.386380844,7313450.243606515
Lebanon,LBN,Western Asia,Cleaning,Commercial/Retail,Office,75509.18967001793,1810.1856205666986,61415.83670787604,1131.366012854187,65.481325,4021590.363615361,74083.34558165919
Lebanon,LBN,Western Asia,Tech,Commercial/Retail,Office,33857.72953797611,5273.98209497327,32873.4213767329,5135.616760108836,65.481325,2152595.189031794,336286.99014413374
Lebanon,LBN,Western Asia,ArmedForces,Correctional facilities,Dayroom,34826.62015955933,13930.648063823737,34826.62015955933,13930.648063823737,64.41975,2243522.164023772,897408.865609509
Liberia,LBR,Western Africa,Food,Industrial,Manufacturing,954403.2778608634,948131.093919625,16998.03314849344,10725.849207255136,153.5442857142857,2609950.858333176,1646892.8552071275
Liberia,LBR,Western Africa,Health,Health care,Patient room,61249.100124836994,33847.11638667408,60362.95438265911,33221.60174513675,228.48375,13791954.178428888,7590596.147735389
Liberia,LBR,Western Africa,Retail,Commercial/Retail,Retail,532164.5099164653,40400.47059625611,404004.70596256113,31077.28507404316,72.5795,29322459.556409705,2255573.8120315154
Liberia,LBR,Western Africa,Security,Commercial/Retail,Office,81883.5018048417,65506.80144387336,81883.5018048417,65506.80144387336,65.481325,5361840.193820925,4289472.15505674
Liberia,LBR,Western Africa,Transport,Commercial/Retail,Transportation waiting,82898.76894312276,67826.26549891863,67826.26549891863,55494.21722638797,131.93875,8948912.68709545,7321837.653078096
Liberia,LBR,Western Africa,Manual,Industrial,Manufacturing,183297.8540524261,77835.45892914191,151484.92121713437,65541.90533817341,153.5442857142857,23259644.024769742,10063585.039503166
Liberia,LBR,Western Africa,Cleaning,Commercial/Retail,Office,117433.90329903885,24165.76563924316,77723.44804982975,15103.603524526978,65.481325,5089434.361871518,989003.9710606965
Liberia,LBR,Western Africa,Tech,Commercial/Retail,Office,114026.93966109175,28473.51035128478,111634.66988805571,27573.382964471904,65.481325,7309986.100207489,1805541.6512460483
Liberia,LBR,Western Africa,ArmedForces,Correctional facilities,Dayroom,8023.341740745654,3209.3366962982627,8023.341740745655,3209.3366962982627,64.41975,516861.6691033999,206744.66764136
Sri Lanka,LKA,Southern Asia,Food,Industrial,Manufacturing,1743918.8537673757,1722967.0108269698,150076.22831164036,129124.38537123433,153.5442857142857,23043347.27880488,19826311.520122338
Sri Lanka,LKA,Southern Asia,Health,Health care,Patient room,134521.72442017362,70277.16850037192,133447.2081762182,69518.68644581515,228.48375,30490518.551132996,15883890.174214017
Sri Lanka,LKA,Southern Asia,Retail,Commercial/Retail,Retail,628616.6678835575,44103.24037748513,441032.40377485123,33925.5695211424,72.5795,32009911.349776812,2462300.8730597547
Sri Lanka,LKA,Southern Asia,Security,Commercial/Retail,Office,109723.8547777305,87779.0838221844,109723.8547777305,87779.0838221844,65.481325,7184863.394953374,5747890.715962699
Sri Lanka,LKA,Southern Asia,Transport,Commercial/Retail,Transportation waiting,421715.66113639646,345040.0863843244,345040.0863843244,282305.52522353816,131.93875,45524157.69743978,37247038.116087094
Sri Lanka,LKA,Southern Asia,Manual,Industrial,Manufacturing,585005.7623148956,253088.05562536782,481216.69272158353,207252.81306381495,153.5442857142857,73888073.35772645,31822485.144159846
Sri Lanka,LKA,Southern Asia,Cleaning,Commercial/Retail,Office,261044.57406955137,27092.460878298087,194960.0943260444,16932.7880489363,65.481325,12766245.298594369,1108781.397388514
Sri Lanka,LKA,Southern Asia,Tech,Commercial/Retail,Office,106410.29784562008,57389.69441536976,100660.41892794405,55274.67130459868,65.481325,6591377.606456855,3619458.7159646004
Sri Lanka,LKA,Southern Asia,ArmedForces,Correctional facilities,Dayroom,24577.47355075536,9830.989420302149,24577.47355075536,9830.989420302149,64.41975,1583274.7017712723,633309.8807085092
Lesotho,LSO,Southern Africa,Food,Industrial,Manufacturing,307654.8828411338,304996.7934664925,15548.081121706356,12889.991747065042,153.5442857142857,2387319.0100601725,1979184.5756661396
Lesotho,LSO,Southern Africa,Health,Health care,Patient room,14190.13672098382,8056.217250250859,13770.103230256233,7759.7230215019745,228.48375,3146244.8239360573,1772970.6149141015
Lesotho,LSO,Southern Africa,Retail,Commercial/Retail,Retail,56986.59695966652,2870.3800632046746,28703.800632046747,2207.984664003596,72.5795,2083307.4979736367,160254.422921049
Lesotho,LSO,Southern Africa,Security,Commercial/Retail,Office,14575.890807979606,11660.712646383687,14575.890807979606,11660.712646383687,65.481325,954448.6431618251,763558.9145294602
Lesotho,LSO,Southern Africa,Transport,Commercial/Retail,Transportation waiting,18700.268886178466,15300.219997782386,15300.219997782386,12518.361816367405,131.93875,2018691.9012324107,1651657.010099245
Lesotho,LSO,Southern Africa,Manual,Industrial,Manufacturing,40594.232866926606,17624.925286957936,34207.92569144392,14931.951075514398,153.5442857142857,5252431.5160601195,2292715.7622105186
Lesotho,LSO,Southern Africa,Cleaning,Commercial/Retail,Office,42185.86325831462,865.8943915663244,34433.30738895691,541.1839947289528,65.481325,2254738.591961189,35437.445043644846
Lesotho,LSO,Southern Africa,Tech,Commercial/Retail,Office,7602.423941613247,1856.903667831119,7494.369210295353,1798.803259853998,65.481325,490741.2259293433,117788.0208695591
Lesotho,LSO,Southern Africa,ArmedForces,Correctional facilities,Dayroom,1478.1037172032532,591.2414868813013,1478.1037172032532,591.2414868813013,64.41975,95219.07193630426,38087.628774521705
Lithuania,LTU,Northern Europe,Food,Industrial,Manufacturing,59008.059744829116,51468.68332507814,10126.742557515927,2587.3661377649487,153.5442857142857,1554903.452606242,397275.2855044492
Lithuania,LTU,Northern Europe,Health,Health care,Patient room,82862.78556422825,43555.049851255804,82117.28741034406,43028.815860278744,228.48375,18762465.767343197,9831385.205815963
Lithuania,LTU,Northern Europe,Retail,Commercial/Retail,Retail,79104.85425882594,6056.089445132742,60560.894451327425,4658.530342409803,72.5795,4395479.438830119,338113.8029869323
Lithuania,LTU,Northern Europe,Security,Commercial/Retail,Office,16187.384720490529,12949.907776392423,16187.384720490529,12949.907776392423,65.481325,1059971.3997824744,847977.1198259796
Lithuania,LTU,Northern Europe,Transport,Commercial/Retail,Transportation waiting,71470.77876650327,58476.09171804814,58476.09171804814,47844.07504203938,131.93875,7715262.446164624,6312487.455952873
Lithuania,LTU,Northern Europe,Manual,Industrial,Manufacturing,102294.08580846814,49272.795703992844,86345.4246993314,42741.94484872445,153.5442857142857,13257846.560155483,6562781.391836789
Lithuania,LTU,Northern Europe,Cleaning,Commercial/Retail,Office,42263.58041981929,4461.015901210952,31502.13709884029,2788.1349382568446,65.481325,2062801.677563718,182570.77003585137
Lithuania,LTU,Northern Europe,Tech,Commercial/Retail,Office,31649.660967736425,10243.791331065158,29353.59152726213,9891.367385552874,65.481325,1922112.066713898,647699.842467788
Lithuania,LTU,Northern Europe,ArmedForces,Correctional facilities,Dayroom,2306.7994329535945,922.719773181438,2306.7994329535945,922.719773181438,64.41975,148603.4427710123,59441.37710840493
Luxembourg,LUX,Western Europe,Food,Industrial,Manufacturing,8177.3497270381,5515.694783141634,2788.754586957593,127.0996430611266,153.5442857142857,428197.33108684147,19515.423908361354
Luxembourg,LUX,Western Europe,Health,Health care,Patient room,19030.458339301316,9721.211375585142,18847.57735724361,9592.118917662056,228.48375,4306365.152998109,2191643.3007533676
Luxembourg,LUX,Western Europe,Retail,Commercial/Retail,Retail,7333.052276097843,564.0809443152187,5640.809443152187,433.90841870401437,72.5795,409407.1289792641,31492.856075328007
Luxembourg,LUX,Western Europe,Security,Commercial/Retail,Office,4078.548701228018,3262.8389609824153,4078.548701228018,3262.8389609824153,65.481325,267068.77303343976,213655.01842675186
Luxembourg,LUX,Western Europe,Transport,Commercial/Retail,Transportation waiting,8660.019418751628,7085.47043352406,7085.47043352406,5797.203081974231,131.93875,934848.1121611226,764875.7281318275
Luxembourg,LUX,Western Europe,Manual,Industrial,Manufacturing,6945.623245932395,3514.190637975055,5992.040574575813,3153.3091756242784,153.5442857142857,920043.5899942613,484172.6050075329
Luxembourg,LUX,Western Europe,Cleaning,Commercial/Retail,Office,8577.786870268075,222.7473159833428,6962.532961903944,139.2170724895892,65.481325,455915.8837016448,9116.11836923935
Luxembourg,LUX,Western Europe,Tech,Commercial/Retail,Office,5701.763984753725,1828.1112187152921,5232.331266292642,1765.095110894985,65.481325,342619.98415577004,115580.76661242555
Luxembourg,LUX,Western Europe,ArmedForces,Correctional facilities,Dayroom,617.0201229452597,246.80804917810391,617.0201229452597,246.80804917810391,64.41975,39748.28206510289,15899.312826041158
Latvia,LVA,Northern Europe,Food,Industrial,Manufacturing,39027.83250811317,33812.34166919717,6926.318111187609,1710.8272722716172,153.5442857142857,1063496.567012222,262687.7515014653
Latvia,LVA,Northern Europe,Health,Health care,Patient room,54557.200173714,27442.914888589312,54148.36857213906,27154.327875712883,228.48375,12372022.307744477,6204322.661772413
Latvia,LVA,Northern Europe,Retail,Commercial/Retail,Retail,42798.54384603158,3292.195680463968,32921.95680463968,2532.458215741514,72.5795,2389459.1639023456,183804.5510694112
Latvia,LVA,Northern Europe,Security,Commercial/Retail,Office,11374.125148206087,9099.30011856487,11374.125148206087,9099.30011856487,65.481325,744792.785420356,595834.2283362848
Latvia,LVA,Northern Europe,Transport,Commercial/Retail,Transportation waiting,53409.33420085975,43698.546164339794,43698.546164339794,35753.35595264165,131.93875,5765531.557740287,4717253.092696599
Latvia,LVA,Northern Europe,Manual,Industrial,Manufacturing,57820.045668680206,29868.129982360275,47140.92554161132,24888.082780162367,153.5442857142857,7238219.740197037,3821422.8932780446
Latvia,LVA,Northern Europe,Cleaning,Commercial/Retail,Office,21349.083044900814,2436.6859243071076,15760.330933828089,1522.928702691942,65.481325,1032007.3519855506,99723.38933279942
Latvia,LVA,Northern Europe,Tech,Commercial/Retail,Office,24030.78240054418,8142.96157560522,23347.720139622277,7864.9081393543975,65.481325,1528839.6504716517,515004.60596821056
Latvia,LVA,Northern Europe,ArmedForces,Correctional facilities,Dayroom,3854.6252684358606,1541.8501073743446,3854.6252684358606,1541.8501073743446,64.41975,248313.99613632102,99325.59845452843
Madagascar,MDG,Eastern Africa,Food,Industrial,Manufacturing,10949908.878447108,10949908.878447108,456296.0659182892,456296.0659182892,153.5442857142857,70061653.51566234,70061653.51566234
Madagascar,MDG,Eastern Africa,Health,Health care,Patient room,71548.91939266704,44021.04289821583,69550.64011239656,42610.4928180249,228.48375,15891191.067780787,9735805.188410396
Madagascar,MDG,Eastern Africa,Retail,Commercial/Retail,Retail,852131.1135646013,65548.54719727703,655485.4719727702,50421.959382520785,72.5795,47574807.81304767,3659600.601003667
Madagascar,MDG,Eastern Africa,Security,Commercial/Retail,Office,307693.38066479703,246154.70453183766,307693.38066479703,246154.70453183766,65.481325,20148170.25966029,16118536.207728235
Madagascar,MDG,Eastern Africa,Transport,Commercial/Retail,Transportation waiting,141045.65435735547,115400.9899287454,115400.9899287454,94418.99175988261,131.93875,15225862.359961258,12457523.749059211
Madagascar,MDG,Eastern Africa,Manual,Industrial,Manufacturing,1235818.0920508374,774728.3629923215,1068495.8334053974,711319.8781565425,153.5442857142857,164061429.52892214,109219102.60591906
Madagascar,MDG,Eastern Africa,Cleaning,Commercial/Retail,Office,683923.0670459862,0.0,569935.8892049886,0.0,65.481325,37320157.19019585,0.0
Madagascar,MDG,Eastern Africa,Tech,Commercial/Retail,Office,100560.78867134609,13789.801656043177,100210.35453657804,13466.32399318038,65.481325,6561906.793774891,881792.7379527423
Madagascar,MDG,Eastern Africa,ArmedForces,Correctional facilities,Dayroom,11895.812504090647,4758.325001636258,11895.812504090647,4758.325001636258,64.41975,766325.2675603934,306530.1070241573
Maldives,MDV,Southern Asia,Food,Industrial,Manufacturing,48382.19662725251,48035.01648702939,420.9463399945895,73.76619977146879,153.5442857142857,64633.9050985121,11326.378453767482
Maldives,MDV,Southern Asia,Health,Health care,Patient room,8198.104954047283,4616.366239183343,8045.38174825484,4508.561623329853,228.48375,1838238.9920228217,1030133.0668044923
Maldives,MDV,Southern Asia,Retail,Commercial/Retail,Retail,13385.356966704494,1029.6428435926534,10296.428435926535,792.0329566097334,72.5795,747309.6276653298,57485.35597425615
Maldives,MDV,Southern Asia,Security,Commercial/Retail,Office,5468.092988641536,4374.474390913229,5468.092988641536,4374.474390913229,65.481325,358057.9741194577,286446.37929556624
Maldives,MDV,Southern Asia,Transport,Commercial/Retail,Transportation waiting,6044.259939838042,4945.303587140218,4945.303587140218,4046.1574803874505,131.93875,652477.1736577965,533844.9602654697
Maldives,MDV,Southern Asia,Manual,Industrial,Manufacturing,8584.88282027876,2875.221725328113,7470.550987033042,2461.7054049157236,153.5442857142857,1147060.4151961405,377980.79803678126
Maldives,MDV,Southern Asia,Cleaning,Commercial/Retail,Office,7643.833125386733,509.90035966821847,5944.943971432094,318.6877247926365,65.481325,389282.80830013566,20868.09448065719
Maldives,MDV,Southern Asia,Tech,Commercial/Retail,Office,5726.898834559906,3066.6113921037904,5363.8046415390145,2953.4586151500657,65.481325,351229.0349691247,193396.38345269137
Maldives,MDV,Southern Asia,ArmedForces,Correctional facilities,Dayroom,1388.960329172106,555.5841316688425,1388.960329172106,555.5841316688425,64.41975,89476.47716518477,35790.59086607391
Mexico,MEX,Central America,Food,Industrial,Manufacturing,7664626.18339862,6070433.746471423,1974241.711052748,380049.274125549,153.5442857142857,303133533.3509434,58354394.33184019
Mexico,MEX,Central America,Health,Health care,Patient room,1719611.0291272784,932162.8601316416,1696637.1905107151,915946.0328728912,228.48375,387654027.6773526,209278784.38842145
Mexico,MEX,Central America,Retail,Commercial/Retail,Retail,8897834.087573953,631341.861556339,6313418.61556339,485647.5858125683,72.5795,458224766.40828305,35248058.9544833
Mexico,MEX,Central America,Security,Commercial/Retail,Office,686721.2433148889,549376.9946519112,686721.2433148889,549376.9946519112,65.481325,44967416.917906314,35973933.534325056
Mexico,MEX,Central America,Transport,Commercial/Retail,Transportation waiting,3395373.5440777005,2778032.899699937,2778032.899699937,2272936.0088454033,131.93875,366530188.2452851,299888335.83705145
Mexico,MEX,Central America,Manual,Industrial,Manufacturing,8982665.692008398,4252081.577244227,7373257.636173934,3535039.1828415506,153.5442857142857,1132121577.1337292,542785066.3014181
Mexico,MEX,Central America,Cleaning,Commercial/Retail,Office,2509854.549560062,124807.42472513448,1987539.2706957732,78004.64045320905,65.481325,130146704.93469289,5107847.213024729
Mexico,MEX,Central America,Tech,Commercial/Retail,Office,2794648.1314368383,654628.9017358293,2438455.122384466,633082.7084876276,65.481325,159673272.366772,41455094.5863586
Mexico,MEX,Central America,ArmedForces,Correctional facilities,Dayroom,29969.59956465449,11987.839825861798,29969.59956465449,11987.839825861798,64.41975,1930634.111555151,772253.6446220605
Marshall Islands,MHL,Micronesia,Food,Industrial,Manufacturing,1449.978791846813,1368.16180672693,90.6047353734999,8.787750253617046,153.5442857142857,13911.839375255919,1349.3088357271624
Marshall Islands,MHL,Micronesia,Health,Health care,Patient room,517.4307253358223,286.5719982119662,503.6802019937222,276.86574644107213,228.48375,115082.74135228312,63259.32399340531
Marshall Islands,MHL,Micronesia,Retail,Commercial/Retail,Retail,766.9892894828677,57.15117407801128,571.5117407801129,43.96244159847022,72.5795,41480.0363899502,3190.7720299961693
Marshall Islands,MHL,Micronesia,Security,Commercial/Retail,Office,671.1186754850369,536.8949403880297,671.1186754850369,536.8949403880297,65.481325,43945.74010300523,35156.5920824042
Marshall Islands,MHL,Micronesia,Transport,Commercial/Retail,Transportation waiting,461.6357059736834,377.70194125119554,377.70194125119554,309.02886102370553,131.93875,49833.52200125618,40772.88163739143
Marshall Islands,MHL,Micronesia,Manual,Industrial,Manufacturing,798.2717166426709,270.0746310036116,675.4380714018769,219.70234674226043,153.5442857142857,103709.65621763589,33734.0399002927
Marshall Islands,MHL,Micronesia,Cleaning,Commercial/Retail,Office,328.58330976234026,11.084144632162902,264.58263760848115,6.927590395101813,65.481325,17325.221682598178,453.62779812854023
Marshall Islands,MHL,Micronesia,Tech,Commercial/Retail,Office,286.67940261000297,110.81724806773225,272.79583581693674,106.91684803222199,65.481325,17863.032783775474,7001.056873973538
Marshall Islands,MHL,Micronesia,ArmedForces,Correctional facilities,Dayroom,24.484465345232408,9.793786138092964,24.484465345232408,9.793786138092964,64.41975,1577.2831364235353,630.9132545694141
North Macedonia,MKD,Southern Europe,Food,Industrial,Manufacturing,67797.00458459916,65048.99847151587,6976.735608739461,4228.729495656172,153.5442857142857,1071237.8856613229,649297.2498894585
North Macedonia,MKD,Southern Europe,Health,Health care,Patient room,38758.41599829089,22937.16164100806,37764.18343906004,22235.35042272746,228.48375,8628502.247844335,5080416.247148856
North Macedonia,MKD,Southern Europe,Retail,Commercial/Retail,Retail,66847.45801592563,5126.236704407504,51262.36704407503,3943.259003390387,72.5795,3720596.968875443,286199.76683657255
North Macedonia,MKD,Southern Europe,Security,Commercial/Retail,Office,19914.06676401946,15931.253411215564,19914.06676401946,15931.253411215564,65.481325,1303999.4778464565,1043199.582277165
North Macedonia,MKD,Southern Europe,Transport,Commercial/Retail,Transportation waiting,34803.92246283765,28475.93656050354,28475.93656050354,23298.493549502895,131.93875,3757079.474872136,3073974.1158044753
North Macedonia,MKD,Southern Europe,Manual,Industrial,Manufacturing,72638.13179975917,36464.54806996145,64166.812136986846,33138.86098726221,153.5442857142857,9852447.336136404,5088282.739674185
North Macedonia,MKD,Southern Europe,Cleaning,Commercial/Retail,Office,24027.472030429642,2668.2983793910453,17799.311375865494,1667.6864871194032,65.481325,1165522.4929792455,109202.32086117395
North Macedonia,MKD,Southern Europe,Tech,Commercial/Retail,Office,27506.86484878766,7186.946016153749,24107.072195844674,6944.911387274427,65.481325,1578563.0292545687,454761.9996463176
North Macedonia,MKD,Southern Europe,ArmedForces,Correctional facilities,Dayroom,4021.263495350764,1608.5053981403055,4021.263495350764,1608.5053981403055,64.41975,259048.78905462235,103619.51562184893
Mali,MLI,Western Africa,Food,Industrial,Manufacturing,5272176.507387323,5266983.023840703,6247.760302956614,1054.2767563358534,153.5442857142857,959307.8930315427,161878.17149676266
Mali,MLI,Western Africa,Health,Health care,Patient room,57908.364031914054,32450.9458851256,57211.198265871724,31958.828873801598,228.48375,13071829.121779868,7302073.0666944655
Mali,MLI,Western Africa,Retail,Commercial/Retail,Retail,1089783.533298786,82842.8869980255,828428.8699802549,63725.29769078884,72.5795,60126953.168731906,4625150.243748608
Mali,MLI,Western Africa,Security,Commercial/Retail,Office,65278.27105372075,52222.61684297661,65278.27105372075,52222.61684297661,65.481325,4274507.682306781,3419606.1458454253
Mali,MLI,Western Africa,Transport,Commercial/Retail,Transportation waiting,126427.40302113925,103440.60247184122,103440.60247184122,84633.22020423373,131.93875,13647823.789381642,11166401.282221343
Mali,MLI,Western Africa,Manual,Industrial,Manufacturing,236810.4188805126,93294.34510760421,205519.60853509165,81099.6305142995,153.5442857142857,31556361.492800266,12452384.839010606
Mali,MLI,Western Africa,Cleaning,Commercial/Retail,Office,97849.86357942631,11759.687301846745,71741.81356464964,7349.804563654216,65.481325,4697749.010116232,481274.9413191249
Mali,MLI,Western Africa,Tech,Commercial/Retail,Office,143101.16464285774,8748.301019603727,139166.6572957919,8718.220521167596,65.481325,9112817.11554937,570880.6313682446
Mali,MLI,Western Africa,ArmedForces,Correctional facilities,Dayroom,6505.493795501618,2602.197518200648,6505.493795501618,2602.197518200648,64.41975,419082.2839327653,167632.9135731062
Myanmar,MMR,South-eastern Asia,Food,Industrial,Manufacturing,9166496.71490511,9146314.430458078,280808.15795956395,260625.87351253384,153.5442857142857,43116488.03664556,40017613.587143786
Myanmar,MMR,South-eastern Asia,Health,Health care,Patient room,79817.29211186293,46587.3797230207,77881.26782172559,45220.77434174727,228.48375,17794604.126662195,10332212.099506196
Myanmar,MMR,South-eastern Asia,Retail,Commercial/Retail,Retail,3764360.818702191,287539.8450395045,2875398.4503950453,221184.49618423427,72.5795,208694981.83044717,16053460.140803631
Myanmar,MMR,South-eastern Asia,Security,Commercial/Retail,Office,112489.5386999406,89991.63095995248,112489.5386999406,89991.63095995248,65.481325,7365964.042710888,5892771.23416871
Myanmar,MMR,South-eastern Asia,Transport,Commercial/Retail,Transportation waiting,980095.0789979018,801895.973725556,801895.973725556,656096.705775455,131.93875,105801152.4033827,86564579.23913132
Myanmar,MMR,South-eastern Asia,Manual,Industrial,Manufacturing,1618206.6748095083,559174.8175632235,1419703.9971299893,500743.50063349033,153.5442857142857,217987436.16504052,76886303.13084024
Myanmar,MMR,South-eastern Asia,Cleaning,Commercial/Retail,Office,1137947.7066781598,263877.5795795917,728391.7725821403,164923.48723724484,65.481325,47696058.38777722,10799408.467915382
Myanmar,MMR,South-eastern Asia,Tech,Commercial/Retail,Office,140669.38166558693,16132.815723684012,133429.36575366685,15781.003714303946,65.481325,8737131.66345973,1033361.0330425438
Myanmar,MMR,South-eastern Asia,ArmedForces,Correctional facilities,Dayroom,24916.793429744543,9966.71737189782,24916.793429744543,9966.71737189782,64.41975,1605133.6035457859,642053.4414183145
Montenegro,MNE,Southern Europe,Food,Industrial,Manufacturing,10813.986835586384,8905.088470521623,2156.9516891971593,248.05332413239913,153.5442857142857,331187.6064379998,38087.170472963415
Montenegro,MNE,Southern Europe,Health,Health care,Patient room,10112.989277372779,6405.068641051155,9737.021689849413,6139.679755740543,228.48375,2224751.2295281305,1402817.0543906833
Montenegro,MNE,Southern Europe,Retail,Commercial/Retail,Retail,26360.786184443343,2027.752783418719,20277.52783418719,1559.8098333990147,72.5795,1471732.831441389,113210.21780318378
Montenegro,MNE,Southern Europe,Security,Commercial/Retail,Office,8116.815839762191,6493.452671809754,8116.815839762191,6493.452671809754,65.481325,531499.855968616,425199.8847748928
Montenegro,MNE,Southern Europe,Transport,Commercial/Retail,Transportation waiting,13138.358659494656,10749.566175950175,10749.566175950175,8795.099598504688,131.93875,1418284.3242971462,1160414.4471522104
Montenegro,MNE,Southern Europe,Manual,Industrial,Manufacturing,10472.709586665724,5924.592901004361,9041.032288318776,5340.1497819427805,153.5442857142857,1388198.8448297004,819949.4838757028
Montenegro,MNE,Southern Europe,Cleaning,Commercial/Retail,Office,4644.00629910114,370.46084294713,3561.2878801283414,231.53802684195625,65.481325,233197.84909724497,15161.41678549686
Montenegro,MNE,Southern Europe,Tech,Commercial/Retail,Office,8175.151815415104,2042.71144774923,7662.251670051231,1976.6864481784955,65.481325,501734.3918384174,129436.04773627172
Montenegro,MNE,Southern Europe,ArmedForces,Correctional facilities,Dayroom,592.6355485596363,237.05421942385456,592.6355485596363,237.05421942385456,64.41975,38177.43387932463,15270.973551729854
Mongolia,MNG,Eastern Asia,Food,Industrial,Manufacturing,309229.7218505308,304605.0610693322,4624.660781198621,0.0,153.5442857142857,710090.2363200128,0.0
Mongolia,MNG,Eastern Asia,Health,Health care,Patient room,54989.18528735629,29012.897879756943,54630.81124523896,28759.927967674124,228.48375,12482252.618854366,6571176.191784062
Mongolia,MNG,Eastern Asia,Retail,Commercial/Retail,Retail,118083.00750154856,9062.723958910196,90627.23958910196,6971.326122238612,72.5795,6577679.735757225,505975.3642890173
Mongolia,MNG,Eastern Asia,Security,Commercial/Retail,Office,21675.30917118316,17340.247336946526,21675.30917118316,17340.247336946526,65.481325,1419327.964313725,1135462.37145098
Mongolia,MNG,Eastern Asia,Transport,Commercial/Retail,Transportation waiting,116444.3348573312,95272.63761054372,95272.63761054372,77950.33986317214,131.93875,12570152.715538125,10284670.403622102
Mongolia,MNG,Eastern Asia,Manual,Industrial,Manufacturing,100830.48074182526,47123.41032241412,86632.98479754498,41633.92208993454,153.5442857142857,13301999.770035617,6392650.82878322
Mongolia,MNG,Eastern Asia,Cleaning,Commercial/Retail,Office,47891.65118394124,5619.925205691817,35226.43831520786,3512.4532535573853,65.481325,2306673.8559105783,230000.09304349855
Mongolia,MNG,Eastern Asia,Tech,Commercial/Retail,Office,38953.67892201138,6796.079984119156,36987.2794680502,6603.596785275888,65.481325,2421976.067713222,432412.2672656056
Mongolia,MNG,Eastern Asia,ArmedForces,Correctional facilities,Dayroom,2907.384045599247,1162.953618239699,2907.384045599247,1162.953618239699,64.41975,187292.9533714921,74917.18134859683
Mozambique,MOZ,Eastern Africa,Food,Industrial,Manufacturing,10526123.17602157,10520018.694405463,19294.466349065842,13189.984732958044,153.5442857142857,2962555.0538056367,2025246.7844043765
Mozambique,MOZ,Eastern Africa,Health,Health care,Patient room,83433.84748314787,53176.65496265261,80030.46256082214,50774.26560571681,228.48375,18285660.200131245,11601094.609090198
Mozambique,MOZ,Eastern Africa,Retail,Commercial/Retail,Retail,1173526.8181947747,87283.13832497687,872831.3832497688,67140.8756345976,72.5795,63349665.38057659,4873051.183121276
Mozambique,MOZ,Eastern Africa,Security,Commercial/Retail,Office,232023.83534936828,185619.06827949465,232023.83534936828,185619.06827949465,65.481325,15193228.170258472,12154582.53620678
Mozambique,MOZ,Eastern Africa,Transport,Commercial/Retail,Transportation waiting,187113.39403894037,153092.77694095124,153092.77694095124,125257.72658805102,131.93875,20198869.62361793,16526347.873869216
Mozambique,MOZ,Eastern Africa,Manual,Industrial,Manufacturing,672578.5918380879,287611.06106601335,572593.7636283383,249260.23075662478,153.5442857142857,87918500.44076777,38272484.08850398
Mozambique,MOZ,Eastern Africa,Cleaning,Commercial/Retail,Office,244510.25829352057,5477.758166821021,199193.75010558293,3423.598854263138,65.481325,13043470.68863246,224181.78924563216
Mozambique,MOZ,Eastern Africa,Tech,Commercial/Retail,Office,89395.06515764589,17159.38015260557,87524.33371317369,16664.855847003222,65.481325,5731209.3412807835,1091236.8417957681
Mozambique,MOZ,Eastern Africa,ArmedForces,Correctional facilities,Dayroom,7656.1318582968825,3062.4527433187536,7656.1318582968825,3062.4527433187536,64.41975,493206.10027852055,197282.44011140827
Mauritius,MUS,Eastern Africa,Food,Industrial,Manufacturing,33583.166795586476,29816.848542171025,4945.444100815991,1179.1258474005426,153.5442857142857,759344.6819997194,181048.03600636817
Mauritius,MUS,Eastern Africa,Health,Health care,Patient room,18501.964537337008,10430.478268980527,18013.16631430837,10085.444229195602,228.48375,4115715.788866855,2304360.1179024703
Mauritius,MUS,Eastern Africa,Retail,Commercial/Retail,Retail,45526.486385583186,3440.644486937716,34406.44486937716,2646.6496053367046,72.5795,2497202.5653969594,192092.50503053534
Mauritius,MUS,Eastern Africa,Security,Commercial/Retail,Office,24011.915711331105,19209.532569064882,24011.915711331105,19209.532569064882,65.481325,1572332.0565662782,1257865.6452530224
Mauritius,MUS,Eastern Africa,Transport,Commercial/Retail,Transportation waiting,26974.645265203133,22070.164307893476,22070.164307893476,18057.40716100375,131.93875,2911909.8910780805,2382471.7290638834
Mauritius,MUS,Eastern Africa,Manual,Industrial,Manufacturing,36431.14787973432,13796.32574245539,31050.15124592366,12176.855755134826,153.5442857142857,4767573.294375886,1869686.619168066
Mauritius,MUS,Eastern Africa,Cleaning,Commercial/Retail,Office,26871.483976607542,2173.7393963395198,20581.45381689002,1358.5871227122,65.481325,1347700.866356266,88962.08492313244
Mauritius,MUS,Eastern Africa,Tech,Commercial/Retail,Office,18459.723846789697,4958.453058925902,17388.592452534274,4795.586309311516,65.481325,1138628.0736769438,314021.3456855779
Mauritius,MUS,Eastern Africa,ArmedForces,Correctional facilities,Dayroom,1051.2232320654618,420.48929282618474,1051.2232320654618,420.48929282618474,64.41975,67719.53780384903,27087.81512153961
Malawi,MWI,Eastern Africa,Food,Industrial,Manufacturing,2682320.397990033,2646410.5170332217,171216.7784588398,135306.89750202847,153.5442857142857,26289357.950763658,20775600.92916503
Malawi,MWI,Eastern Africa,Health,Health care,Patient room,65881.05758019567,34382.701472442284,65076.76391024464,33814.964764241544,228.48375,14868983.056077357,7726169.9554517735
Malawi,MWI,Eastern Africa,Retail,Commercial/Retail,Retail,1134958.6037786899,69168.172461445,691681.72461445,53206.286508803845,72.5795,50201913.73165447,3861685.6716657286
Malawi,MWI,Eastern Africa,Security,Commercial/Retail,Office,75222.16726609229,60177.73381287384,75222.16726609229,60177.73381287384,65.481325,4925647.181955351,3940517.745564281
Malawi,MWI,Eastern Africa,Transport,Commercial/Retail,Transportation waiting,109095.9193962933,89260.29768787634,89260.29768787634,73031.15265371703,131.93875,11776892.101566294,9635638.992190607
Malawi,MWI,Eastern Africa,Manual,Industrial,Manufacturing,434730.2187515739,165447.86323719783,342002.713654034,126039.53249375966,153.5442857142857,52512562.38035604,19352649.98851683
Malawi,MWI,Eastern Africa,Cleaning,Commercial/Retail,Office,354959.4307220018,55526.43558145288,249527.49595045738,34704.02223840804,65.481325,16339391.058768082,2272465.3590004244
Malawi,MWI,Eastern Africa,Tech,Commercial/Retail,Office,193892.34366520157,29422.602023719744,191199.06434573862,28674.506497873568,65.481325,12519968.072119223,1877644.679201871
Malawi,MWI,Eastern Africa,ArmedForces,Correctional facilities,Dayroom,15194.031965561013,6077.612786224407,15194.031965561013,6077.612786224407,64.41975,978795.740713449,391518.2962853797
Namibia,NAM,Southern Africa,Food,Industrial,Manufacturing,224038.0372213363,224038.0372213363,8557.427691422507,8557.427691422507,153.5442857142857,1313944.1224311176,1313944.1224311176
Namibia,NAM,Southern Africa,Health,Health care,Patient room,17119.72945272563,10591.821995151755,16621.559127601286,10240.172353887509,228.48375,3797756.16032107,2339712.980062545
Namibia,NAM,Southern Africa,Retail,Commercial/Retail,Retail,36064.56934660263,2774.1976420463557,27741.97642046356,2133.998186189505,72.5795,2013498.777609035,154884.52135454115
Namibia,NAM,Southern Africa,Security,Commercial/Retail,Office,19377.852227286898,15502.28178182952,19377.852227286898,15502.28178182952,65.481325,1268887.4394969472,1015109.9515975579
Namibia,NAM,Southern Africa,Transport,Commercial/Retail,Transportation waiting,37380.80681671015,30584.296486399213,30584.296486399213,25023.5153070539,131.93875,4035253.848044904,3301571.3302185577
Namibia,NAM,Southern Africa,Manual,Industrial,Manufacturing,61787.269095426986,34288.27710958302,54224.60509024205,31686.182488595998,153.5442857142857,8325878.256720436,4865232.2572239805
Namibia,NAM,Southern Africa,Cleaning,Commercial/Retail,Office,90199.41873232138,0.0,75166.18227693447,0.0,65.481325,4921981.210685186,0.0
Namibia,NAM,Southern Africa,Tech,Commercial/Retail,Office,43149.30801322328,7570.130241135016,42925.37370409744,7363.421648095776,65.481325,2810810.3462644583,482166.6060509951
Namibia,NAM,Southern Africa,ArmedForces,Correctional facilities,Dayroom,11346.039550332443,4538.415820132977,11346.039550332443,4538.415820132977,64.41975,730909.0313225284,292363.6125290113
Niger,NER,Western Africa,Food,Industrial,Manufacturing,2734790.782949874,2684928.738773268,68956.14003213974,19094.095855533044,153.5442857142857,10587821.266849158,2931789.309497924
Niger,NER,Western Africa,Health,Health care,Patient room,282636.61135342397,181046.54322068064,271059.31484970805,172874.33392393996,228.48375,61932648.729291975,39498976.09369402
Niger,NER,Western Africa,Retail,Commercial/Retail,Retail,2185647.5054711644,151416.223150557,1514162.2315055698,116474.01780812076,72.5795,109897137.68155849,8453625.9755045
Niger,NER,Western Africa,Security,Commercial/Retail,Office,73081.10345359345,58464.88276287477,73081.10345359345,58464.88276287477,65.481325,4785447.486603375,3828357.9892827007
Niger,NER,Western Africa,Transport,Commercial/Retail,Transportation waiting,215284.5415202808,176141.89760750253,176141.89760750253,144116.09804250204,131.93875,23239941.792961873,19014497.830605164
Niger,NER,Western Africa,Manual,Industrial,Manufacturing,710073.154740556,313977.71532928594,628273.9898780993,280625.02595333714,153.5442857142857,96467881.00869712,43088369.16355804
Niger,NER,Western Africa,Cleaning,Commercial/Retail,Office,219760.88575639893,39191.38523595029,150474.58376704055,24494.615772468933,65.481325,9853275.123889307,1603939.8961471643
Niger,NER,Western Africa,Tech,Commercial/Retail,Office,205049.2752787737,31187.43963950667,201412.2211140794,30390.04058752518,65.481325,13188739.109742895,1989980.1244749273
Niger,NER,Western Africa,ArmedForces,Correctional facilities,Dayroom,23105.49616002031,9242.198464008126,23105.49616002031,9242.198464008126,64.41975,1488450.2862544681,595380.1145017875
Nigeria,NGA,Western Africa,Food,Industrial,Manufacturing,38727018.70304878,36010282.257253855,2989894.7175643113,273158.2717693811,153.5442857142857,459081248.7693282,41941891.725778356
Nigeria,NGA,Western Africa,Health,Health care,Patient room,1101483.33584461,628851.257582826,1081170.0978079783,614512.501321674,228.48375,247029798.33503366,140406120.72385603
Nigeria,NGA,Western Africa,Retail,Commercial/Retail,Retail,10426775.672594858,786858.7016087631,7868587.01608763,605275.9243144332,72.5795,571098111.3341321,43930623.948779404
Nigeria,NGA,Western Africa,Security,Commercial/Retail,Office,907421.5431361522,725937.234508922,907421.5431361522,725937.234508922,65.481325,59419164.9780999,47535331.98247994
Nigeria,NGA,Western Africa,Transport,Commercial/Retail,Transportation waiting,4160502.938652383,3404047.8588974043,3404047.8588974043,2785130.066370603,131.93875,449125819.4430999,367466579.54435444
Nigeria,NGA,Western Africa,Manual,Industrial,Manufacturing,11175544.42352423,4417282.882683104,9752560.857461171,3872282.8376544146,153.5442857142857,1497449990.7439773,594566902.3913344
Nigeria,NGA,Western Africa,Cleaning,Commercial/Retail,Office,756709.6426958622,89973.00847806175,555613.861848167,56233.13029878859,65.481325,36382331.86218493,3682219.8808623226
Nigeria,NGA,Western Africa,Tech,Commercial/Retail,Office,3956706.1744363243,693700.8979697773,3921899.079723616,674705.0657309268,65.481325,256811148.256583,44180581.68827318
Nigeria,NGA,Western Africa,ArmedForces,Correctional facilities,Dayroom,199598.75250680812,79839.50100272326,199598.75250680812,79839.50100272326,64.41975,12858101.73680045,5143240.694720182
Netherlands,NLD,Western Europe,Food,Industrial,Manufacturing,231125.10551543397,148950.24627567804,85191.13561140068,3016.276371644754,153.5442857142857,13080612.066641366,463132.0010010711
Netherlands,NLD,Western Europe,Health,Health care,Patient room,979065.9465333774,512547.46103378513,964501.3498797984,502266.5692783176,228.48375,220372885.30059835,114759749.2483448
Netherlands,NLD,Western Europe,Retail,Commercial/Retail,Retail,570554.8352251963,43888.833478861256,438888.33478861256,33760.64113758558,72.5795,31854295.8947901,2450330.4534453927
Netherlands,NLD,Western Europe,Security,Commercial/Retail,Office,82033.98371862085,65627.1869748967,82033.98371862085,65627.1869748967,65.481325,5371693.94892372,4297355.1591389775
Netherlands,NLD,Western Europe,Transport,Commercial/Retail,Transportation waiting,258146.77395458068,211210.99687192967,211210.99687192967,172808.99744066971,131.93875,27866914.91353631,22800203.111075163
Netherlands,NLD,Western Europe,Manual,Industrial,Manufacturing,386312.00160645595,198008.40543441413,309677.41976649273,163297.4633399804,153.5442857142857,47549198.21988915,25073392.367492046
Netherlands,NLD,Western Europe,Cleaning,Commercial/Retail,Office,136932.99352638406,4474.753156071825,110381.86697526021,2796.7207225448906,65.481325,7227950.905513781,183132.9785671968
Netherlands,NLD,Western Europe,Tech,Commercial/Retail,Office,293756.59448228235,96633.68939092211,272097.0068105927,93297.57416304616,65.481325,17817272.534491636,6109248.775482028
Netherlands,NLD,Western Europe,ArmedForces,Correctional facilities,Dayroom,11238.418617483196,4495.367446993279,11238.418617483196,4495.367446993279,64.41975,723976.117733613,289590.4470934453
Norway,NOR,Northern Europe,Food,Industrial,Manufacturing,72096.97423380797,54262.158954634135,18100.395630523613,265.5803513497811,153.5442857142857,2779212.3182347263,40778.34534775117
Norway,NOR,Northern Europe,Health,Health care,Patient room,425708.01584247756,202843.195135737,423389.74231169047,201206.7667610637,228.48375,96737676.0349087,45972476.59494319
Norway,NOR,Northern Europe,Retail,Commercial/Retail,Retail,179608.9715925965,13816.07473789204,138160.74737892038,10627.749798378492,72.5795,10027637.964388352,771356.7664914117
Norway,NOR,Northern Europe,Security,Commercial/Retail,Office,19655.817656232866,15724.654124986297,19655.817656232866,15724.654124986297,65.481325,1287088.9840885226,1029671.1872708183
Norway,NOR,Northern Europe,Transport,Commercial/Retail,Transportation waiting,95584.79500040118,78205.74136396463,78205.74136396463,63986.51566142558,131.93875,10318367.758384788,8442300.893223915
Norway,NOR,Northern Europe,Manual,Industrial,Manufacturing,110333.76452846335,57556.1984593102,99047.46126458362,54432.07254387014,153.5442857142857,15208171.691683874,8357733.698696723
Norway,NOR,Northern Europe,Cleaning,Commercial/Retail,Office,37516.64801477642,1465.0991272372985,30042.9574062826,915.6869545233114,65.481325,1967252.657881948,59960.39506740117
Norway,NOR,Northern Europe,Tech,Commercial/Retail,Office,92099.9325995863,45100.42990735679,89138.25888190455,43465.25403003741,65.481325,5836891.2997801285,2846162.4253484393
Norway,NOR,Northern Europe,ArmedForces,Correctional facilities,Dayroom,3617.01070811692,1446.8042832467684,3617.01070811692,1446.8042832467684,64.41975,233006.92556421494,93202.77022568599
Nepal,NPL,Southern Asia,Food,Industrial,Manufacturing,1684192.8732976248,1627907.0545025351,131426.7981227393,75140.9793276497,153.5442857142857,20179833.84147163,11537467.99873588
Nepal,NPL,Southern Asia,Health,Health care,Patient room,134053.1071025857,84195.79075282633,128854.98425779193,80526.52756826604,228.48375,29441270.009411264,18399002.993275806
Nepal,NPL,Southern Asia,Retail,Commercial/Retail,Retail,1238638.179936709,94776.73641047755,947767.3641047755,72905.1818542135,72.5795,68788481.40304255,5291421.646387888
Nepal,NPL,Southern Asia,Security,Commercial/Retail,Office,56882.56297078517,45506.05037662813,56882.56297078517,45506.05037662813,65.481325,3724745.592722949,2979796.474178359
Nepal,NPL,Southern Asia,Transport,Commercial/Retail,Transportation waiting,233882.20121330526,191358.16462906796,191358.16462906796,156565.7710601465,131.93875,25247557.04345344,20657092.126461904
Nepal,NPL,Southern Asia,Manual,Industrial,Manufacturing,738376.6566274858,279204.01713201444,583490.5323281107,213931.95380902643,153.5442857142857,89591637.00736809,32848029.039068528
Nepal,NPL,Southern Asia,Cleaning,Commercial/Retail,Office,122925.27711106841,10021.559215370671,94086.43157974812,6263.474509606669,65.481325,6160904.20436375,410140.6099927699
Nepal,NPL,Southern Asia,Tech,Commercial/Retail,Office,109916.60890154431,22071.16797581192,100341.99536852972,21392.72430867278,65.481325,6570526.809875189,1400823.9330916025
Nepal,NPL,Southern Asia,ArmedForces,Correctional facilities,Dayroom,16760.532838890485,6704.213135556195,16760.532838890485,6704.213135556195,64.41975,1079709.3353481153,431883.73413924617
Nauru,NRU,Polynesia,Food,Industrial,Manufacturing,167.82089502358295,167.82089502358295,0.0,0.0,153.5442857142857,0.0,0.0
Nauru,NRU,Polynesia,Health,Health care,Patient room,382.6240131535692,234.15752599020612,372.3655862302842,226.91628345612264,228.48375,85079.48551284369,51846.68338011786
Nauru,NRU,Polynesia,Retail,Commercial/Retail,Retail,89.08920233502656,6.8530155642328126,68.53015564232813,5.271550434025241,72.5795,4973.884431442354,382.606494726335
Nauru,NRU,Polynesia,Security,Commercial/Retail,Office,1341.6582164148401,1073.3265731318722,1341.6582164148401,1073.3265731318722,65.481325,87853.55770798048,70282.84616638439
Nauru,NRU,Polynesia,Transport,Commercial/Retail,Transportation waiting,276.179069738649,225.964693422531,225.964693422531,184.88020370934353,131.93875,29813.499194301963,24392.86297715615
Nauru,NRU,Polynesia,Manual,Industrial,Manufacturing,418.41605784167814,230.70393663568876,303.4599290774779,172.44037753170318,153.5442857142857,46594.53805310914,26477.234596407125
Nauru,NRU,Polynesia,Cleaning,Commercial/Retail,Office,308.2781330799649,17.340644985748025,242.4479067451807,10.837903116092514,65.481325,15875.810177150868,709.6802562633666
Nauru,NRU,Polynesia,Tech,Commercial/Retail,Office,118.98900311869983,57.0992594151227,116.75942613718573,55.04118835526354,65.481325,7645.561929702553,3604.1699430772273
Nauru,NRU,Polynesia,ArmedForces,Correctional facilities,Dayroom,13.655783601039598,5.462313440415841,13.655783601039598,5.462313440415841,64.41975,879.7021656330705,351.8808662532283
Pakistan,PAK,Southern Asia,Food,Industrial,Manufacturing,26148733.074296698,26031520.233499758,735172.2419564215,617959.4011594799,153.5442857142857,112881496.76816876,94884134.85146007
Pakistan,PAK,Southern Asia,Health,Health care,Patient room,1276945.3855014655,825786.9678520949,1226221.4886359754,789981.8641823371,228.48375,280171684.05413,180498018.76037106
Pakistan,PAK,Southern Asia,Retail,Commercial/Retail,Retail,9692333.801514594,718916.5583984328,7189165.5839843275,553012.7372295636,72.5795,521786043.50279045,40137387.961753115
Pakistan,PAK,Southern Asia,Security,Commercial/Retail,Office,1182413.9958409588,945931.196672767,1182413.9958409588,945931.196672767,65.481325,77426035.14621046,61940828.11696838
Pakistan,PAK,Southern Asia,Transport,Commercial/Retail,Transportation waiting,4022017.134103909,3290741.2915395624,3290741.2915395624,2692424.693077824,131.93875,434176292.57911545,355235148.47382176
Pakistan,PAK,Southern Asia,Manual,Industrial,Manufacturing,8358027.789686955,4136582.7034472665,6543544.4895697,3235702.016099359,153.5442857142857,1004723864.6906298,496823554.84625024
Pakistan,PAK,Southern Asia,Cleaning,Commercial/Retail,Office,1214532.6599450721,105206.30396415299,924438.6299840992,65753.93997759563,65.481325,60533466.37254354,4305655.113703432
Pakistan,PAK,Southern Asia,Tech,Commercial/Retail,Office,998815.3825209215,210071.19712147687,982356.2880706183,203814.2428531759,65.481325,64325991.36494578,13346026.675897738
Pakistan,PAK,Southern Asia,ArmedForces,Correctional facilities,Dayroom,147702.3966492999,59080.95865971997,147702.3966492999,59080.95865971997,64.41975,9514951.466548735,3805980.586619495
Panama,PAN,Central America,Food,Industrial,Manufacturing,279968.32275478455,266673.37130857806,27455.494523647918,14160.543077441407,153.5442857142857,4215634.295566003,2174270.472152114
Panama,PAN,Central America,Health,Health care,Patient room,96041.28741161992,48600.58548646158,94803.46069720238,47726.82545275509,228.48375,21661050.213074412,10904804.05504093
Panama,PAN,Central America,Retail,Commercial/Retail,Retail,64499.58338578384,2921.9329403010324,29219.329403010324,2247.6407233084865,72.5795,2120724.318405788,163132.6398773683
Panama,PAN,Central America,Security,Commercial/Retail,Office,188433.69080246706,150746.95264197365,188433.69080246706,150746.95264197365,65.481325,12338887.748385856,9871110.198708685
Panama,PAN,Central America,Transport,Commercial/Retail,Transportation waiting,129857.7285354484,106247.23243809416,106247.23243809416,86929.55381298614,131.93875,14018127.038841596,11469376.668143125
Panama,PAN,Central America,Manual,Industrial,Manufacturing,129837.59502386491,58067.7620348249,108036.04233220102,48958.877244541414,153.5442857142857,16588316.951296138,7517355.835886508
Panama,PAN,Central America,Cleaning,Commercial/Retail,Office,78143.44048128351,3040.787482968097,62585.54416526284,1900.4921768550603,65.481325,4098184.35778743,124446.74589260368
Panama,PAN,Central America,Tech,Commercial/Retail,Office,45412.54384552108,7204.770025487968,40453.09754919088,6998.5117581311715,65.481325,2648922.4278752715,458271.8229505086
Panama,PAN,Central America,ArmedForces,Correctional facilities,Dayroom,3904.558658766528,1561.8234635066115,3904.558658766528,1561.8234635066115,64.41975,251530.69265807502,100612.27706323002
Peru,PER,South America,Food,Industrial,Manufacturing,4419470.750506486,3897064.5982556217,847096.3341314314,324690.18188056786,153.5442857142857,130066801.55540054,49854322.05529331
Peru,PER,South America,Health,Health care,Patient room,498281.05550775933,286966.79062935075,487108.9723442934,279080.61427866877,228.48375,111296484.65987043,63765385.302693784
Peru,PER,South America,Retail,Commercial/Retail,Retail,2501428.8196306885,151193.6890779086,1511936.890779086,116302.83775223739,72.5795,109735623.56430066,8441201.812638514
Peru,PER,South America,Security,Commercial/Retail,Office,131781.41694776705,105425.13355821365,131781.41694776705,105425.13355821365,65.481325,8629221.792117242,6903377.4336937945
Peru,PER,South America,Transport,Commercial/Retail,Transportation waiting,1160015.1884024332,949103.3359656272,949103.3359656272,776539.0930627858,131.93875,125223507.76813489,102455597.26483762
Peru,PER,South America,Manual,Industrial,Manufacturing,972001.4025164058,407921.21706810605,793005.2824312473,321255.77136465657,153.5442857142857,121761429.65856126,49326987.94577807
Peru,PER,South America,Cleaning,Commercial/Retail,Office,690905.8280498234,83154.71157460786,506459.2637293464,51971.69473412992,65.481325,33163623.647522043,3403175.4336863495
Peru,PER,South America,Tech,Commercial/Retail,Office,520567.68333758035,99940.48122583327,425078.29176618636,96703.93435677425,65.481325,27834689.77358647,6332301.7543946
Peru,PER,South America,ArmedForces,Correctional facilities,Dayroom,50320.01796351288,20128.007185405157,50320.01796351288,20128.007185405157,64.41975,3241602.9772050087,1296641.1908820036
Philippines,PHL,South-eastern Asia,Food,Industrial,Manufacturing,9121726.469959777,8841594.939543417,991840.4333531772,711708.902936816,153.5442857142857,152291430.8817612,109278835.1379313
Philippines,PHL,South-eastern Asia,Health,Health care,Patient room,1051534.9371053975,585354.4426812342,1027263.9711199978,568221.996103305,228.48375,234713124.36138877,129829492.5021685
Philippines,PHL,South-eastern Asia,Retail,Commercial/Retail,Retail,6910629.491505631,512623.95957305114,5126239.5957305115,394326.1227485009,72.5795,372059906.7383226,28619992.82602482
Philippines,PHL,South-eastern Asia,Security,Commercial/Retail,Office,900682.748371011,720546.198696809,900682.748371011,720546.198696809,65.481325,58977899.76797539,47182319.814380325
Philippines,PHL,South-eastern Asia,Transport,Commercial/Retail,Transportation waiting,2760179.095381029,2258328.3507662965,2258328.3507662965,1847723.1960815154,131.93875,297961019.6896667,243786288.83700004
Philippines,PHL,South-eastern Asia,Manual,Industrial,Manufacturing,2893491.0803771275,1480522.3050494518,2087864.4249667292,1070216.8228783528,153.5442857142857,320579651.7997843,164325677.6282689
Philippines,PHL,South-eastern Asia,Cleaning,Commercial/Retail,Office,1367336.3619098854,104469.07882843805,1052389.402567873,65293.174267773786,65.481325,68911852.49610272,4275483.564509732
Philippines,PHL,South-eastern Asia,Tech,Commercial/Retail,Office,693987.8291210389,129585.97130735373,659883.3944035205,125812.70599513814,65.481325,43210039.01104011,8238382.690397088
Philippines,PHL,South-eastern Asia,ArmedForces,Correctional facilities,Dayroom,40131.98626910235,16052.794507640945,40131.98626910235,16052.794507640945,64.41975,2585292.522459006,1034117.0089836026
Palau,PLW,Micronesia,Food,Industrial,Manufacturing,400.63932523097446,354.48888542974373,64.320782041812,18.170342240581203,153.5442857142857,9876.088535194278,2789.9522205141543
Palau,PLW,Micronesia,Health,Health care,Patient room,225.23477212488945,131.59336760996578,219.29427701609683,127.40007694493569,228.48375,50105.178766176614,29108.84733066745
Palau,PLW,Micronesia,Retail,Commercial/Retail,Retail,416.3561076689906,31.67489014559689,316.74890145596896,24.365300111997612,72.5795,22989.4768932235,1768.4212994787306
Palau,PLW,Micronesia,Security,Commercial/Retail,Office,354.68019807793604,283.7441584623488,354.68019807793604,283.7441584623488,65.481325,23224.929321405703,18579.943457124562
Palau,PLW,Micronesia,Transport,Commercial/Retail,Transportation waiting,159.10710688820404,130.1785419994397,130.1785419994397,106.50971618135974,131.93875,17175.59410822857,14052.758815823378
Palau,PLW,Micronesia,Manual,Industrial,Manufacturing,334.7186662581535,132.192892941178,279.3927491813708,114.9386787539317,153.5442857142857,42899.160106804164,17648.17733021619
Palau,PLW,Micronesia,Cleaning,Commercial/Retail,Office,328.3776982116236,45.66842160559005,235.59106383836138,28.542763503493777,65.481325,15426.815018295489,1869.0179733704147
Palau,PLW,Micronesia,Tech,Commercial/Retail,Office,300.3608576619007,73.38809453082315,291.01728457608067,71.07026821618577,65.481325,19056.197391943824,4653.7753309012305
Palau,PLW,Micronesia,ArmedForces,Correctional facilities,Dayroom,14.12526787732761,5.650107150931045,14.12526787732761,5.650107150931045,64.41975,909.9462253404753,363.97849013619015
Papua New Guinea,PNG,Melanesia,Food,Industrial,Manufacturing,1398441.0046314662,1398441.0046314662,29465.078044612135,29465.078044612135,153.5442857142857,4524194.361875652,4524194.361875652
Papua New Guinea,PNG,Melanesia,Health,Health care,Patient room,57630.463079111316,32665.88088828843,56423.009632932204,31813.56080863259,228.48375,12891740.827218473,7268881.674409405
Papua New Guinea,PNG,Melanesia,Retail,Commercial/Retail,Retail,820798.6725080472,48733.130350379586,487331.30350379593,37487.023346445836,72.5795,35370262.34265375,2720789.4109733654
Papua New Guinea,PNG,Melanesia,Security,Commercial/Retail,Office,69492.46703351496,55593.973626811974,69492.46703351496,55593.973626811974,65.481325,4550458.818873378,3640367.0550987036
Papua New Guinea,PNG,Melanesia,Transport,Commercial/Retail,Transportation waiting,64107.478546572966,52451.57335628698,52451.57335628698,42914.92365514388,131.93875,6920395.024161808,5662141.3834051145
Papua New Guinea,PNG,Melanesia,Manual,Industrial,Manufacturing,101234.61212878731,45091.11732033512,88321.68770587361,40770.93268449512,153.5442857142857,13561290.451878574,6260143.736946029
Papua New Guinea,PNG,Melanesia,Cleaning,Commercial/Retail,Office,23237.160672203634,2081.947911191622,17629.34396751001,1301.2174444947636,65.481325,1154392.8018733123,85205.44237863108
Papua New Guinea,PNG,Melanesia,Tech,Commercial/Retail,Office,13284.752002507306,3027.2267574900834,12135.939908462578,2930.556792374007,65.481325,794677.4253265084,191896.74175239986
Papua New Guinea,PNG,Melanesia,ArmedForces,Correctional facilities,Dayroom,3990.1345002342905,1596.0538000937163,3990.1345002342905,1596.0538000937163,64.41975,257043.46697146792,102817.38678858717
Poland,POL,Eastern Europe,Food,Industrial,Manufacturing,1120118.4836610286,1042831.6624328574,83629.72741303181,6342.906184860557,153.5442857142857,12840866.760114389,973916.9995071393
Poland,POL,Eastern Europe,Health,Health care,Patient room,922376.3972124109,497381.8614488923,911337.0370491121,489589.3719218578,228.48375,208225703.73887005,111863215.65685077
Poland,POL,Eastern Europe,Retail,Commercial/Retail,Retail,1068375.1292625223,82182.70225096327,821827.0225096326,63217.46326997174,72.5795,59647794.38023788,4588291.875402913
Poland,POL,Eastern Europe,Security,Commercial/Retail,Office,193888.3086288549,155110.64690308392,193888.30862885487,155110.64690308392,65.481325,12696063.351026349,10156850.680821082
Poland,POL,Eastern Europe,Transport,Commercial/Retail,Transportation waiting,860663.6392529112,704179.3412069273,704179.3412069273,576146.7337147588,131.93875,92908542.05466548,76016079.86290812
Poland,POL,Eastern Europe,Manual,Industrial,Manufacturing,1157970.7101000086,570094.5556467014,1031039.7078896215,528999.6275863885,153.5442857142857,158310255.4909777,81224869.96087517
Poland,POL,Eastern Europe,Cleaning,Commercial/Retail,Office,222297.66977999252,12201.585819987085,175080.06996667117,7625.991137491928,65.481325,11464474.962510334,499360.00412122865
Poland,POL,Eastern Europe,Tech,Commercial/Retail,Office,403183.57291158236,205147.18099510914,381889.2543541658,197638.48588355433,65.481325,25006614.378372796,12941629.926648933
Poland,POL,Eastern Europe,ArmedForces,Correctional facilities,Dayroom,67423.651788953,26969.4607155812,67423.651788953,26969.4607155812,64.41975,4343414.792331404,1737365.916932562
Portugal,PRT,Southern Europe,Food,Industrial,Manufacturing,145223.35844190646,105195.38222749665,42506.594745244176,2478.618530834363,153.5442857142857,6526644.7283051275,380577.7118751545
Portugal,PRT,Southern Europe,Health,Health care,Patient room,428887.53360719094,210780.58855670158,425895.45173026447,208668.53076122404,228.48375,97310189.9192748,47677368.41531482
Portugal,PRT,Southern Europe,Retail,Commercial/Retail,Retail,334474.0281369253,25385.205204661383,253852.05204661383,19527.080926662602,72.5795,18424455.011517208,1417265.7701167082
Portugal,PRT,Southern Europe,Security,Commercial/Retail,Office,92046.34332796071,73637.07466236858,92046.34332796071,73637.07466236858,65.481325,6027316.522519777,4821853.218015823
Portugal,PRT,Southern Europe,Transport,Commercial/Retail,Transportation waiting,180371.3007320058,147576.51878073203,147576.51878073203,120744.42445696257,131.93875,19471061.417281307,15930868.43232107
Portugal,PRT,Southern Europe,Manual,Industrial,Manufacturing,310768.19669342594,154563.6323838513,274088.6267833718,141133.16665082052,153.5442857142857,42084742.42186226,21670191.263995487
Portugal,PRT,Southern Europe,Cleaning,Commercial/Retail,Office,134195.52000327728,8004.2339701828105,105159.40502757873,5002.646231364257,65.481325,6885977.177417517,327579.9037359881
Portugal,PRT,Southern Europe,Tech,Commercial/Retail,Office,120364.14786587031,41783.01008335393,116569.80058653667,40347.97213286939,65.481325,7633144.997392198,2642038.6763233636
Portugal,PRT,Southern Europe,ArmedForces,Correctional facilities,Dayroom,9458.837137113322,3783.5348548453285,9458.837137113322,3783.5348548453285,64.41975,609335.9236635559,243734.36946542232
Palestine,PSE,Western Asia,Food,Industrial,Manufacturing,41874.82408335143,35424.55735837325,8434.191986254595,1983.9252612764124,153.5442857142857,1295021.9841066143,304620.38715321437
Palestine,PSE,Western Asia,Health,Health care,Patient room,21405.48109337681,11794.42127692435,21212.4456072446,11658.160933772202,228.48375,4846699.119014273,2663700.3282517744
Palestine,PSE,Western Asia,Retail,Commercial/Retail,Retail,75434.9905220763,5723.809962697829,57238.099626978285,4402.930740536792,72.5795,4154312.6518762703,319562.51168279006
Palestine,PSE,Western Asia,Security,Commercial/Retail,Office,5001.903732780743,4001.5229862245947,5001.903732780743,4001.5229862245947,65.481325,327531.28394492896,262025.0271559432
Palestine,PSE,Western Asia,Transport,Commercial/Retail,Transportation waiting,40592.17254805117,33211.7775393146,33211.7775393146,27173.272532166488,131.93875,4381920.413815244,3585207.611303381
Palestine,PSE,Western Asia,Manual,Industrial,Manufacturing,64231.264609318285,30561.930691032765,52584.05732783038,25643.204070832286,153.5442857142857,8073981.522360766,3937367.452481607
Palestine,PSE,Western Asia,Cleaning,Commercial/Retail,Office,14258.157640273801,1635.8229654157503,10518.612229048378,1022.389353384844,65.481325,688772.6659192913,66947.40952553281
Palestine,PSE,Western Asia,Tech,Commercial/Retail,Office,9769.007433731555,1675.8513339600968,9676.24546268542,1630.4304200407685,65.481325,633613.3739218793,106762.74422457608
Palestine,PSE,Western Asia,ArmedForces,Correctional facilities,Dayroom,13388.648337039915,5355.459334815967,13388.648337039915,5355.459334815967,64.41975,862493.378710027,344997.35148401087
Romania,ROU,Eastern Europe,Food,Industrial,Manufacturing,742239.1902144032,728302.5783558534,38221.74244039074,24285.130581840913,153.5442857142857,5868730.141765196,3728843.0286669186
Romania,ROU,Eastern Europe,Health,Health care,Patient room,409760.44184523827,220269.75439356448,403929.0541937109,216153.48075719224,228.48375,92291225.03613229,49387557.85895612
Romania,ROU,Eastern Europe,Retail,Commercial/Retail,Retail,705208.8510949103,54185.45787673589,541854.5787673588,41681.12144364299,72.5795,39327534.399645515,3025194.953818886
Romania,ROU,Eastern Europe,Security,Commercial/Retail,Office,195809.2853866725,156647.42830933802,195809.2853866725,156647.42830933802,65.481325,12821851.454422453,10257481.163537962
Romania,ROU,Eastern Europe,Transport,Commercial/Retail,Transportation waiting,628224.147214853,514001.5749939708,514001.5749939708,420546.7431768851,131.93875,67816725.30273576,55486411.61132925
Romania,ROU,Eastern Europe,Manual,Industrial,Manufacturing,750357.7959970653,408394.8311744507,650001.5624178307,367484.3261858005,153.5442857142857,99804025.61461551,56425118.375394315
Romania,ROU,Eastern Europe,Cleaning,Commercial/Retail,Office,124115.90982076667,14116.137908491904,91666.4765935623,8822.586192807441,65.481325,6002442.345427945,577714.6338317366
Romania,ROU,Eastern Europe,Tech,Commercial/Retail,Office,144201.5077919733,39427.91736289433,136170.49944681043,38128.68845309225,65.481325,8916624.729688913,2496717.040420681
Romania,ROU,Eastern Europe,ArmedForces,Correctional facilities,Dayroom,19149.164851939393,7659.665940775758,19149.164851939393,7659.665940775758,64.41975,1233584.4124707226,493433.7649882891
Russia,RUS,Eastern Europe,Food,Industrial,Manufacturing,1721493.6115712405,1586089.2076971445,171467.37335235166,36062.96947825588,153.5442857142857,26327835.36469158,5537262.889274886
Russia,RUS,Eastern Europe,Health,Health care,Patient room,4776748.087134191,2901342.5687509263,4629616.739111136,2797485.146617005,228.48375,1057792193.6148839,639179896.8683531
Russia,RUS,Eastern Europe,Retail,Commercial/Retail,Retail,4460479.875677016,342419.02113388816,3424190.211338882,263399.24702606787,72.5795,248526013.44387037,19117385.649528492
Russia,RUS,Eastern Europe,Security,Commercial/Retail,Office,1846299.4283879693,1477039.5427103753,1846299.4283879693,1477039.5427103753,65.481325,120898132.91758683,96718506.33406946
Russia,RUS,Eastern Europe,Transport,Commercial/Retail,Transportation waiting,5781535.403638355,4730347.148431382,4730347.148431382,3870284.030534767,131.93875,624116089.830101,510640437.13371897
Russia,RUS,Eastern Europe,Manual,Industrial,Manufacturing,5251865.2845200095,2922704.1036495324,4749938.119415891,2736420.2693725084,153.5442857142857,729325855.7327706,420161695.6748951
Russia,RUS,Eastern Europe,Cleaning,Commercial/Retail,Office,1872186.7481164394,330676.27072337683,1284592.0644942187,206672.6692021105,65.481325,84116790.46756689,13533200.220640888
Russia,RUS,Eastern Europe,Tech,Commercial/Retail,Office,2994550.1286455984,1418235.048512102,2826484.535848468,1366736.2310124356,65.481325,185081952.49936768,89495699.33220038
Russia,RUS,Eastern Europe,ArmedForces,Correctional facilities,Dayroom,128091.43230918245,51236.57292367299,128091.43230918245,51236.57292367299,64.41975,8251618.046499455,3300647.218599783
Rwanda,RWA,Eastern Africa,Food,Industrial,Manufacturing,2777234.424786705,2773352.997984513,207222.69176230996,203341.26496011805,153.5442857142857,31817860.19043548,31221889.28454064
Rwanda,RWA,Eastern Africa,Health,Health care,Patient room,32617.790762420773,18314.476191403377,32115.385243175628,17959.83700134798,228.48375,7337843.6530554285,4103530.907456741
Rwanda,RWA,Eastern Africa,Retail,Commercial/Retail,Retail,519157.11896142806,38988.621324158106,389886.21324158105,29991.247172429317,72.5795,28297746.41396733,2176749.7241513333
Rwanda,RWA,Eastern Africa,Security,Commercial/Retail,Office,63801.75295485561,51041.402363884496,63801.75295485561,51041.402363884496,65.481325,4177823.3208066104,3342258.6566452887
Rwanda,RWA,Eastern Africa,Transport,Commercial/Retail,Transportation waiting,105158.03274710756,86038.39042945165,86038.39042945165,70395.04671500588,131.93875,11351797.685273815,9287834.469769482
Rwanda,RWA,Eastern Africa,Manual,Industrial,Manufacturing,297878.46815965127,135894.8510113633,207282.75299037833,90625.4731499518,153.5442857142857,31827082.24879836,13915023.542328525
Rwanda,RWA,Eastern Africa,Cleaning,Commercial/Retail,Office,131888.77814073063,5432.136184936722,105380.5349631616,3395.0851155854516,65.481325,6900457.058596647,222314.6718563135
Rwanda,RWA,Eastern Africa,Tech,Commercial/Retail,Office,71547.20461612474,8846.561647570374,71082.56139165605,8654.952601531846,65.481325,4654580.304319482,566737.7641605024
Rwanda,RWA,Eastern Africa,ArmedForces,Correctional facilities,Dayroom,10017.094661096335,4006.8378644385334,10017.094661096335,4006.8378644385334,64.41975,645298.7337941605,258119.49351766417
Sudan,SDN,Northern Africa,Food,Industrial,Manufacturing,4760771.592985401,4699308.310986502,188935.79557048425,127472.51357158556,153.5442857142857,29010011.77673031,19572676.044553693
Sudan,SDN,Northern Africa,Health,Health care,Patient room,179726.1549675492,101617.69877303584,177440.03368639518,100003.96610398595,228.48375,40542164.29679389,22849281.1903116
Sudan,SDN,Northern Africa,Retail,Commercial/Retail,Retail,2378915.8107244303,151953.74353647756,1519537.4353647754,116887.49502805967,72.5795,110287267.2900577,8483635.945389057
Sudan,SDN,Northern Africa,Security,Commercial/Retail,Office,95088.16300073187,76070.53040058553,95088.16300073187,76070.53040058553,65.481325,6226498.905103899,4981199.124083121
Sudan,SDN,Northern Africa,Transport,Commercial/Retail,Transportation waiting,352818.9312841317,288670.03468701686,288670.03468701686,236184.57383483194,131.93875,38086763.53906164,31161897.441050433
Sudan,SDN,Northern Africa,Manual,Industrial,Manufacturing,634862.2745806768,274722.8226573653,494126.19389225787,215103.89033774045,153.5442857142857,75870253.49390538,33027973.1962724
Sudan,SDN,Northern Africa,Cleaning,Commercial/Retail,Office,253674.33664404874,52963.92971300347,167258.67244253776,33102.45607062717,65.481325,10952319.48927836,2167592.6842589607
Sudan,SDN,Northern Africa,Tech,Commercial/Retail,Office,146863.59470380234,25548.125644859952,135374.33304866578,24808.315273551776,65.481325,8864490.699017925,1624481.3551299076
Sudan,SDN,Northern Africa,ArmedForces,Correctional facilities,Dayroom,169745.09438519008,67898.03775407604,169745.09438519008,67898.03775407604,64.41975,10934936.544020347,4373974.617608139
Senegal,SEN,Western Africa,Food,Industrial,Manufacturing,2230361.1129999207,2186347.2318828553,93792.21554905767,49778.33443199224,153.5442857142857,14401258.74204038,7643178.8044070825
Senegal,SEN,Western Africa,Health,Health care,Patient room,76917.55204308366,45373.281094601785,75294.81489410637,44227.81957767664,228.48375,17203641.662561275,10105338.071430974
Senegal,SEN,Western Africa,Retail,Commercial/Retail,Retail,270284.78861720586,19050.27128794934,190502.71287949343,14654.054836884114,72.5795,13826591.649437193,1063583.9730336305
Senegal,SEN,Western Africa,Security,Commercial/Retail,Office,61838.4543095519,49470.76344764152,61838.4543095519,49470.76344764152,65.481325,4049263.924141418,3239411.139313135
Senegal,SEN,Western Africa,Transport,Commercial/Retail,Transportation waiting,138852.00654317215,113606.1871716863,113606.18717168632,92950.51677683427,131.93875,14989058.32769833,12263774.995389542
Senegal,SEN,Western Africa,Manual,Industrial,Manufacturing,310398.83060563134,110061.29174720668,260404.63706265483,92221.3645963607,153.5442857142857,39983643.994473144,14160063.55454492
Senegal,SEN,Western Africa,Cleaning,Commercial/Retail,Office,385211.7794174025,16650.781184985775,307134.1651936806,10406.73824061611,65.481325,20111552.08965109,681447.0089237117
Senegal,SEN,Western Africa,Tech,Commercial/Retail,Office,88754.042721649,13627.057781172169,78986.9082386335,13242.195621544475,65.481325,5172167.4091191385,867116.5152079308
Senegal,SEN,Western Africa,ArmedForces,Correctional facilities,Dayroom,14874.988273125095,5949.995309250039,14874.988273125095,5949.995309250039,64.41975,958243.0258076502,383297.21032306016
Singapore,SGP,South-eastern Asia,Food,Industrial,Manufacturing,56833.09371656957,4666.707279313184,52410.88195708197,244.49551982556486,153.5442857142857,8047391.433755895,37540.88995195933
Singapore,SGP,South-eastern Asia,Health,Health care,Patient room,128767.25159157603,69562.29794328705,127415.83724718385,68608.35840606903,228.48375,29112448.303626243,15675895.009962674
Singapore,SGP,South-eastern Asia,Retail,Commercial/Retail,Retail,157280.23076103226,12098.479289310175,120984.79289310175,9306.522530238597,72.5795,8781015.775784878,675462.7519834522
Singapore,SGP,South-eastern Asia,Security,Commercial/Retail,Office,64155.506270616635,51324.405016493314,64155.506270616635,51324.405016493314,65.481325,4200987.556645785,3360790.045316629
Singapore,SGP,South-eastern Asia,Transport,Commercial/Retail,Transportation waiting,166693.98465982862,136385.98744895068,136385.98744895068,111588.53518550511,131.93875,17994596.70153024,14722851.846706562
Singapore,SGP,South-eastern Asia,Manual,Industrial,Manufacturing,50569.640820840614,25198.092599219788,40683.18768688867,20696.963111731777,153.5442857142857,6246670.993963544,3177900.4174457756
Singapore,SGP,South-eastern Asia,Cleaning,Commercial/Retail,Office,81823.54901919581,4234.770116438501,64657.315752297756,2646.731322774063,65.481325,4233846.706403829,173311.4739342483
Singapore,SGP,South-eastern Asia,Tech,Commercial/Retail,Office,96846.9203137053,53354.367463964445,92969.52926601138,51389.235290396755,65.481325,6087767.960964702,3365035.217551939
Singapore,SGP,South-eastern Asia,ArmedForces,Correctional facilities,Dayroom,6570.532224274283,2628.212889709714,6570.532224274283,2628.212889709714,64.41975,423272.0432546932,169308.81730187734
Sierra Leone,SLE,Western Africa,Food,Industrial,Manufacturing,1509158.9442427089,1507835.1051042231,4778.052173488428,3454.213035002525,153.5442857142857,733642.608083871,530374.6731644376
Sierra Leone,SLE,Western Africa,Health,Health care,Patient room,23928.807600511744,13915.778496186882,23460.334986708825,13585.091945267177,228.48375,5360305.314019432,3103972.751749439
Sierra Leone,SLE,Western Africa,Retail,Commercial/Retail,Retail,586139.303706779,35556.66068904798,355566.6068904798,27351.27745311383,72.5795,25806846.544807576,1985142.041908275
Sierra Leone,SLE,Western Africa,Security,Commercial/Retail,Office,28355.638532345016,22684.510825876016,28355.638532345016,22684.510825876016,65.481325,1856764.782319007,1485411.8258552058
Sierra Leone,SLE,Western Africa,Transport,Commercial/Retail,Transportation waiting,77985.22899464065,63806.09645016052,63806.09645016052,52204.9880046768,131.93875,8418496.608013617,6887860.861102051
Sierra Leone,SLE,Western Africa,Manual,Industrial,Manufacturing,130202.23921217845,53725.451242894065,109442.22361142881,45974.92878946633,153.5442857142857,16804228.051399972,7059187.601743758
Sierra Leone,SLE,Western Africa,Cleaning,Commercial/Retail,Office,5659.560042682009,214.20283459187263,4537.797673408447,133.87677161992036,65.481325,297141.00423670234,8766.428392394782
Sierra Leone,SLE,Western Africa,Tech,Commercial/Retail,Office,41411.88429421777,6701.2679918571785,40372.08167224537,6522.47532558413,65.481325,2643617.400906842,427100.3265990552
Sierra Leone,SLE,Western Africa,ArmedForces,Correctional facilities,Dayroom,4889.660083810739,1955.864033524296,4889.660083810739,1955.864033524296,64.41975,314990.6801840668,125996.27207362675
El Salvador,SLV,Central America,Food,Industrial,Manufacturing,377585.2534680836,350791.6670071264,56776.07481952281,29982.48835856558,153.5442857142857,8717641.853824472,4603639.758952838
El Salvador,SLV,Central America,Health,Health care,Patient room,67306.21265118747,36712.22113844657,66344.6033582984,36033.438108171926,228.48375,15158663.76756661,8233055.064348027
El Salvador,SLV,Central America,Retail,Commercial/Retail,Retail,459504.3906799365,34531.94622080317,345319.46220803173,26563.03555446398,72.5795,25063113.90732784,1927931.8390252183
El Salvador,SLV,Central America,Security,Commercial/Retail,Office,62647.0144713156,50117.61157705248,62647.0144713156,50117.61157705248,65.481325,4102209.5148759196,3281767.6119007356
El Salvador,SLV,Central America,Transport,Commercial/Retail,Transportation waiting,107372.0764558459,87849.88073660119,87849.88073660119,71877.17514812826,131.93875,11590803.45203624,9483384.642575108
El Salvador,SLV,Central America,Manual,Industrial,Manufacturing,201305.75973060683,93841.49257292497,165575.36243682334,77546.88570310394,153.5442857142857,25423150.757246014,11906881.174650447
El Salvador,SLV,Central America,Cleaning,Commercial/Retail,Office,113012.56038055618,5755.788115456347,89380.64355424985,3597.3675721602176,65.481325,5852762.96928499,235560.39513708415
El Salvador,SLV,Central America,Tech,Commercial/Retail,Office,55692.189071584464,11672.533487613879,53961.945182763404,11321.899424115116,65.481325,3533499.670144715,741372.9758077947
El Salvador,SLV,Central America,ArmedForces,Correctional facilities,Dayroom,7221.543090883447,2888.617236353379,7221.543090883447,2888.617236353379,64.41975,465210.0005289389,186084.0002115756
Somalia,SOM,Eastern Africa,Food,Industrial,Manufacturing,395542.3514504397,359837.05084814463,63843.862512139676,28138.561909844564,153.5442857142857,9802860.266667549,4320515.38947429
Somalia,SOM,Eastern Africa,Health,Health care,Patient room,155843.44040694728,84646.35097176905,154929.88103682388,84001.48553403486,228.48375,35398960.206347406,19192974.420387037
Somalia,SOM,Eastern Africa,Retail,Commercial/Retail,Retail,138166.4928590247,7920.027384001605,79200.27384001606,6092.328756924312,72.5795,5748316.275171446,442178.1750131881
Somalia,SOM,Eastern Africa,Security,Commercial/Retail,Office,14466.901022290034,11573.520817832028,14466.901022290034,11573.520817832028,65.481325,947311.8475834059,757849.4780667248
Somalia,SOM,Eastern Africa,Transport,Commercial/Retail,Transportation waiting,129056.77709869591,105591.90853529666,105591.90853529666,86393.37971069726,131.93875,13931664.422261372,11398634.52730476
Somalia,SOM,Eastern Africa,Manual,Industrial,Manufacturing,95176.70958296781,48037.587204866664,85074.42072441982,44844.24098722264,153.5442857142857,13062691.162687667,6885576.950782395
Somalia,SOM,Eastern Africa,Cleaning,Commercial/Retail,Office,495156.8872122547,113143.98472114054,318344.0854092618,70714.99045071284,65.481325,20845592.51851163,4630511.2720750235
Somalia,SOM,Eastern Africa,Tech,Commercial/Retail,Office,20303.444016278663,5831.530917855101,19153.665152781545,5637.066104990047,65.481325,1254207.372810463,369122.5576673374
Somalia,SOM,Eastern Africa,ArmedForces,Correctional facilities,Dayroom,35043.64286409927,14017.45714563971,35043.64286409927,14017.45714563971,64.41975,2257502.7123945584,903001.0849578236
Serbia,SRB,Southern Europe,Food,Industrial,Manufacturing,514599.5932115894,503077.93153807643,16359.722318678505,4838.060645165561,153.5442857142857,2511941.877905549,742856.5660043424
Serbia,SRB,Southern Europe,Health,Health care,Patient room,151733.26088470855,93717.7028803882,146747.21038495284,90198.1378217371,228.48375,33529352.930792965,20608808.772527322
Serbia,SRB,Southern Europe,Retail,Commercial/Retail,Retail,215160.45940936063,16550.80456995082,165508.0456995082,12731.388130731399,72.5795,12012491.202847455,924037.7848344195
Serbia,SRB,Southern Europe,Security,Commercial/Retail,Office,64230.00251783768,51384.00201427015,64230.00251783768,51384.00201427015,65.481325,4205865.669621347,3364692.535697078
Serbia,SRB,Southern Europe,Transport,Commercial/Retail,Transportation waiting,138884.11728936183,113632.45960038695,113632.45960038695,92972.01240031661,131.93875,14992524.679100554,12266611.101082273
Serbia,SRB,Southern Europe,Manual,Industrial,Manufacturing,245919.48888173825,144557.8316196446,220563.50750763417,133856.17905403598,153.5442857142857,33866266.214897186,20552851.401295487
Serbia,SRB,Southern Europe,Cleaning,Commercial/Retail,Office,57022.5119046373,2807.1597250939567,45179.460149619445,1754.4748281837228,65.481325,2958410.9133817796,114885.3364286175
Serbia,SRB,Southern Europe,Tech,Commercial/Retail,Office,82263.06048180186,30002.22321650293,78097.67608813236,28955.71459557544,65.481325,5113939.309671723,1896058.5580401188
Serbia,SRB,Southern Europe,ArmedForces,Correctional facilities,Dayroom,8558.505418964993,3423.402167585997,8558.505418964993,3423.402167585997,64.41975,551336.77946337,220534.71178534802
Sao Tome and Principe,STP,Middle Africa,Food,Industrial,Manufacturing,9364.046215281818,8903.115863944171,488.71296555662383,27.782614218976324,153.5442857142857,75039.08321570212,4265.861655528277
Sao Tome and Principe,STP,Middle Africa,Health,Health care,Patient room,1199.8489300801782,554.1964341439731,1189.6113112228388,546.9698796564395,228.48375,271806.85343061126,124973.729240952
Sao Tome and Principe,STP,Middle Africa,Retail,Commercial/Retail,Retail,5062.2437719502495,313.6790263855094,3136.7902638550945,241.29155875808416,72.5795,227666.6689554708,17512.82068888237
Sao Tome and Principe,STP,Middle Africa,Security,Commercial/Retail,Office,1408.6063537250027,1126.8850829800022,1408.6063537250027,1126.8850829800022,65.481325,92237.41044533186,73789.92835626549
Sao Tome and Principe,STP,Middle Africa,Transport,Commercial/Retail,Transportation waiting,1184.0262463810084,968.748747039007,968.748747039007,792.612611213733,131.93875,127815.49874839278,104576.3171577759
Sao Tome and Principe,STP,Middle Africa,Manual,Industrial,Manufacturing,1669.9943884039442,627.7216801230239,1483.1529036285583,581.7101937562737,153.5442857142857,227729.6531927158,89318.27619302578
Sao Tome and Principe,STP,Middle Africa,Cleaning,Commercial/Retail,Office,723.8709040411082,104.73090341130775,515.9500005248337,65.45681463206733,65.481325,33785.08966811681,4286.198952387156
Sao Tome and Principe,STP,Middle Africa,Tech,Commercial/Retail,Office,917.210648688811,152.54294747311673,866.2100565789884,148.2967443291315,65.481325,56720.58223311713,9710.667311857767
Sao Tome and Principe,STP,Middle Africa,ArmedForces,Correctional facilities,Dayroom,110.71504662908396,44.28601865163359,110.71504662908396,44.28601865163359,64.41975,7132.23562508393,2852.8942500335725
Suriname,SUR,South America,Food,Industrial,Manufacturing,21100.320377302512,20069.01813455798,2245.192327667589,1213.8900849230558,153.5442857142857,344736.4522429144,186385.88602516422
Suriname,SUR,South America,Health,Health care,Patient room,8940.180982554271,5203.690372091699,8675.821877160699,5017.083944755059,228.48375,1982284.3168257158,1146322.1537624286
Suriname,SUR,South America,Retail,Commercial/Retail,Retail,20380.78431267177,1522.3416160968816,15223.416160968816,1171.0320123822169,72.5795,1104907.9332550361,84992.9179426951
Suriname,SUR,South America,Security,Commercial/Retail,Office,13242.480832805473,10593.984666244378,13242.480832805473,10593.984666244378,65.481325,867135.1912192059,693708.1529753646
Suriname,SUR,South America,Transport,Commercial/Retail,Transportation waiting,15397.438277935355,12597.904045583473,12597.904045583473,10307.37603729557,131.93875,1662151.7123942263,1359942.3101407308
Suriname,SUR,South America,Manual,Industrial,Manufacturing,19846.078868159733,8128.883059574342,17010.590457134524,7341.061062779836,153.5442857142857,2611878.961318965,1127177.9772694851
Suriname,SUR,South America,Cleaning,Commercial/Retail,Office,10355.034976068926,550.1413435679021,8170.744693750853,343.8383397299388,65.481325,535031.188783525,22514.990071316533
Suriname,SUR,South America,Tech,Commercial/Retail,Office,8761.026606255553,2330.02695113119,6713.349607968321,2247.201715206413,65.481325,439599.0275179962,147149.74585398857
Suriname,SUR,South America,ArmedForces,Correctional facilities,Dayroom,1140.7067720845348,456.2827088338139,1140.7067720845348,456.2827088338139,64.41975,73484.0450809927,29393.61803239708
Slovakia,SVK,Eastern Europe,Food,Industrial,Manufacturing,47615.823986616146,30592.306823208226,18129.093852264683,1105.5766888567664,153.5442857142857,2783618.766193229,169754.98299287728
Slovakia,SVK,Eastern Europe,Health,Health care,Patient room,175527.87351438752,97411.41327042275,171336.84511255161,94453.04028089157,228.48375,39147684.88448496,21580984.84227916
Slovakia,SVK,Eastern Europe,Retail,Commercial/Retail,Retail,184823.82282905877,14125.357111626758,141253.57111626762,10865.659316635969,72.5795,10252113.564833146,788624.1203717802
Slovakia,SVK,Eastern Europe,Security,Commercial/Retail,Office,40705.630071944695,32564.504057555758,40705.630071944695,32564.504057555758,65.481325,2665458.592070784,2132366.8736566273
Slovakia,SVK,Eastern Europe,Transport,Commercial/Retail,Transportation waiting,125659.45129932385,102812.27833581042,102812.27833581042,84119.13682020853,131.93875,13564923.488278907,11098573.763137288
Slovakia,SVK,Eastern Europe,Manual,Industrial,Manufacturing,240082.75216798464,140095.89816443494,214667.40520359162,130096.58406070762,153.5442857142857,32960953.398124613,19975587.07346988
Slovakia,SVK,Eastern Europe,Cleaning,Commercial/Retail,Office,36874.3897869555,2546.824880379211,28606.30408881357,1591.765550237007,65.481325,1873178.69508843,104230.91731887327
Slovakia,SVK,Eastern Europe,Tech,Commercial/Retail,Office,104460.26703722843,47478.475912225236,99125.95281400453,45765.80109782586,65.481325,6490898.732148495,2996805.295572092
Slovakia,SVK,Eastern Europe,ArmedForces,Correctional facilities,Dayroom,6087.135251128161,2434.854100451265,6087.135251128161,2434.854100451265,64.41975,392131.7310938633,156852.69243754537
Slovenia,SVN,Southern Europe,Food,Industrial,Manufacturing,44278.21217789028,35037.94057056824,10499.599359981095,1259.327752659051,153.5442857142857,1612153.4840144687,193362.58026221063
Slovenia,SVN,Southern Europe,Health,Health care,Patient room,63805.33268500915,34515.55240190178,62793.8915929658,33801.59398398883,228.48375,14347383.8282543,7723114.949439207
Slovenia,SVN,Southern Europe,Retail,Commercial/Retail,Retail,52059.73404358576,4004.5949264296746,40045.94926429674,3080.4576357151345,72.5795,2906514.9746280247,223578.07497138658
Slovenia,SVN,Southern Europe,Security,Commercial/Retail,Office,12520.902992090285,10016.72239367223,12520.902992090285,10016.72239367223,65.481325,819885.3181185364,655908.2544948292
Slovenia,SVN,Southern Europe,Transport,Commercial/Retail,Transportation waiting,37506.962740587274,30687.514969571414,30687.514969571414,25107.966793285697,131.93875,4048872.3656915403,3312713.7537476234
Slovenia,SVN,Southern Europe,Manual,Industrial,Manufacturing,80541.25377409556,45164.622279281604,69498.20341488287,40213.89968757285,153.5442857142857,10671052.001764322,6174614.50331431
Slovenia,SVN,Southern Europe,Cleaning,Commercial/Retail,Office,23933.248578563707,2122.3550703632336,18175.74459016706,1326.4719189770206,65.481325,1190171.8386257212,86859.13882990794
Slovenia,SVN,Southern Europe,Tech,Commercial/Retail,Office,30005.95788841039,12077.70808627917,27904.421422140273,11647.156701517119,65.481325,1827218.4880801293,762671.2532979704
Slovenia,SVN,Southern Europe,ArmedForces,Correctional facilities,Dayroom,3481.57786277518,1392.6311451100723,3481.57786277518,1392.6311451100723,64.41975,224282.3755255114,89712.95021020457
Sweden,SWE,Northern Europe,Food,Industrial,Manufacturing,153795.03535916202,89364.74229307097,65216.18893092898,785.8958648378963,153.5442857142857,10013573.146407397,120669.81921234561
Sweden,SWE,Northern Europe,Health,Health care,Patient room,663834.2897923128,313895.75784323935,660454.430450361,311509.97477833205,228.48375,150903104.97341266,71174967.19975872
Sweden,SWE,Northern Europe,Retail,Commercial/Retail,Retail,194186.5898057555,14937.429985058117,149374.29985058118,11490.330757737014,72.5795,10841511.996005256,833962.4612311736
Sweden,SWE,Northern Europe,Security,Commercial/Retail,Office,44452.84146147414,35562.27316917932,44452.84146147414,35562.27316917932,65.481325,2910830.958912263,2328664.767129811
Sweden,SWE,Northern Europe,Transport,Commercial/Retail,Transportation waiting,174001.35673121442,142364.74641644815,142364.74641644815,116480.24706800302,131.93875,18783426.68625315,15368258.197843485
Sweden,SWE,Northern Europe,Manual,Industrial,Manufacturing,208015.78912558052,111367.94430538423,185815.97930731013,104492.32267539125,153.5442857142857,28530981.817041427,16044199.047819609
Sweden,SWE,Northern Europe,Cleaning,Commercial/Retail,Office,57722.02047363519,3179.8461840886876,45451.81190795542,1987.4038650554298,65.481325,2976244.867383699,130137.83839395075
Sweden,SWE,Northern Europe,Tech,Commercial/Retail,Office,162649.8649673424,88142.92784705223,153472.76083699273,84891.19583243376,65.481325,10049599.731014393,5558787.9839422405
Sweden,SWE,Northern Europe,ArmedForces,Correctional facilities,Dayroom,11320.904435826253,4528.361774330502,11320.904435826253,4528.361774330502,64.41975,729289.8335298182,291715.9334119273
Eswatini,SWZ,Southern Africa,Food,Industrial,Manufacturing,49578.422119959214,49578.422119959214,3956.051833113459,3956.051833113459,153.5442857142857,607429.1529640966,607429.1529640966
Eswatini,SWZ,Southern Africa,Health,Health care,Patient room,10083.572045265671,5952.910236268096,9813.5107598033,5762.278740647596,228.48375,2242227.739065207,1316587.0552084402
Eswatini,SWZ,Southern Africa,Retail,Commercial/Retail,Retail,51803.10663085303,3687.824504753278,36878.24504753278,2836.7880805794443,72.5795,2676604.586427405,205892.66049441576
Eswatini,SWZ,Southern Africa,Security,Commercial/Retail,Office,16040.6649312548,12832.531945003839,16040.6649312548,12832.531945003839,65.481325,1050363.9935795981,840291.1948636784
Eswatini,SWZ,Southern Africa,Transport,Commercial/Retail,Transportation waiting,18456.33513640323,15100.637838875375,15100.637838875375,12355.067322716217,131.93875,1992359.2806639182,1630112.1387250242
Eswatini,SWZ,Southern Africa,Manual,Industrial,Manufacturing,21796.732959060642,9317.086671571242,19005.94183642994,8246.815094090263,153.5442857142857,2918253.763601895,1266251.3330398793
Eswatini,SWZ,Southern Africa,Cleaning,Commercial/Retail,Office,20145.970148105283,893.3915947682254,16043.81546111421,558.369746730141,65.481325,1050570.2944492444,36562.79085580404
Eswatini,SWZ,Southern Africa,Tech,Commercial/Retail,Office,7975.529655584774,1151.6968802513843,7305.43919225177,1120.9653929180324,65.481325,478369.8380155756,73402.29920741837
Eswatini,SWZ,Southern Africa,ArmedForces,Correctional facilities,Dayroom,1026.8919875250704,410.7567950100282,1026.8919875250704,410.7567950100282,64.41975,66152.12511336815,26460.850045347262
Seychelles,SYC,Eastern Africa,Food,Industrial,Manufacturing,5758.533575090996,5005.522551689962,980.3694241863698,227.3584007853362,153.5442857142857,150530.12297282173,34909.58324972674
Seychelles,SYC,Eastern Africa,Health,Health care,Patient room,10067.022758555702,4564.217415830129,9998.213365218433,4515.646079356762,228.48375,2284429.282985227,1031751.7498842306
Seychelles,SYC,Eastern Africa,Retail,Commercial/Retail,Retail,4647.540530867592,357.5031177590455,3575.0311775904543,275.00239827618884,72.5795,259473.97535392636,19959.536565686645
Seychelles,SYC,Eastern Africa,Security,Commercial/Retail,Office,4263.326465994366,3410.661172795493,4263.326465994366,3410.661172795493,65.481325,279168.2659008785,223334.6127207028
Seychelles,SYC,Eastern Africa,Transport,Commercial/Retail,Transportation waiting,5584.8190882531135,4569.397435843457,4569.397435843457,3738.597902053738,131.93875,602880.5859383909,493265.9339495926
Seychelles,SYC,Eastern Africa,Manual,Industrial,Manufacturing,5147.302185238428,2417.0905580428375,4404.7501303081335,2137.8769437455444,153.5442857142857,676324.2125080692,328258.7882724498
Seychelles,SYC,Eastern Africa,Cleaning,Commercial/Retail,Office,5001.513670909212,402.79153478734924,3832.268446768219,251.7447092420933,65.481325,250942.01565007493,16484.577122912015
Seychelles,SYC,Eastern Africa,Tech,Commercial/Retail,Office,3535.9869367375995,1217.618744396168,3162.898744841767,1174.7628721544684,65.481325,207110.8006530758,76925.02942948019
Seychelles,SYC,Eastern Africa,ArmedForces,Correctional facilities,Dayroom,284.8334595531756,113.93338382127025,284.8334595531756,113.93338382127025,64.41975,18348.90025605068,7339.560102420273
Togo,TGO,Western Africa,Food,Industrial,Manufacturing,1062246.7105905935,1062246.7105905935,264.15126558298834,264.15126558298834,153.5442857142857,40558.91739446453,40558.91739446453
Togo,TGO,Western Africa,Health,Health care,Patient room,24307.041156004285,15569.899621040342,23418.582859014037,14942.752587870755,228.48375,5350765.631313249,3414176.146598914
Togo,TGO,Western Africa,Retail,Commercial/Retail,Retail,689490.7997784085,53037.75382910835,530377.5382910834,40798.27217623719,72.5795,38494536.54039769,2961118.1954152067
Togo,TGO,Western Africa,Security,Commercial/Retail,Office,19854.419299695426,15883.535439756344,19854.419299695426,15883.535439756344,65.481325,1300093.6828496286,1040074.946279703
Togo,TGO,Western Africa,Transport,Commercial/Retail,Transportation waiting,86158.79349597624,70493.55831488967,70493.55831488967,57676.54771218245,131.93875,9300831.967118649,7609771.609460712
Togo,TGO,Western Africa,Manual,Industrial,Manufacturing,137856.8730505111,54245.17978266496,123574.9695545712,49689.56889275623,153.5442857142857,18974230.432421237,7629549.3630890455
Togo,TGO,Western Africa,Cleaning,Commercial/Retail,Office,53377.19582659058,10324.344527195582,35877.37608282917,6452.71532949724,65.481325,2349298.1234269636,422532.3496232909
Togo,TGO,Western Africa,Tech,Commercial/Retail,Office,40845.591123446444,4150.910689492261,38073.62336318073,4067.7535839767215,65.481325,2493111.3053720305,266361.8944522945
Togo,TGO,Western Africa,ArmedForces,Correctional facilities,Dayroom,5760.57567877477,2304.230271509908,5760.57567877477,2304.230271509908,64.41975,371094.84508275095,148437.9380331004
Thailand,THA,South-eastern Asia,Food,Industrial,Manufacturing,10418726.767524911,10285270.513831936,304713.695160129,171257.44146715256,153.5442857142857,46787046.670722604,26295601.523330033
Thailand,THA,South-eastern Asia,Health,Health care,Patient room,585906.2563986349,318298.9872907683,576378.5619284998,311573.5559000847,228.48375,131693135.24903087,71189494.45288599
Thailand,THA,South-eastern Asia,Retail,Commercial/Retail,Retail,5305924.804854729,380138.5754485776,3801385.754485776,292414.2888065982,72.5795,275902677.3677004,21223282.874438494
Thailand,THA,South-eastern Asia,Security,Commercial/Retail,Office,492274.59218249604,393819.6737459969,492274.59218249604,393819.6737459969,65.481325,32234792.55994448,25787834.04795559
Thailand,THA,South-eastern Asia,Transport,Commercial/Retail,Transportation waiting,1805583.2400337353,1477295.3782094198,1477295.3782094198,1208696.21853498,131.93875,194912505.58172807,159473868.20323208
Thailand,THA,South-eastern Asia,Manual,Industrial,Manufacturing,2668256.2635094128,1404888.4419117423,2282221.985570512,1230411.1631174888,153.5442857142857,350422144.6158631,188922603.1757583
Thailand,THA,South-eastern Asia,Cleaning,Commercial/Retail,Office,742582.7609387016,84576.22526786607,548338.7797256963,52860.14079241629,65.481325,35905949.84532173,3461352.058773969
Thailand,THA,South-eastern Asia,Tech,Commercial/Retail,Office,884094.9716883828,165280.96703394706,844265.2995982139,160481.24751932756,65.481325,55283610.46921301,10508524.72521853
Thailand,THA,South-eastern Asia,ArmedForces,Correctional facilities,Dayroom,27004.25794297325,10801.703177189303,27004.25794297325,10801.703177189303,64.41975,1739607.5456218508,695843.0182487406
Tajikistan,TJK,Central Asia,Food,Industrial,Manufacturing,440410.02988126874,431431.26685913926,69199.3452966996,60220.582274570115,153.5442857142857,10625164.045477957,9246526.290647244
Tajikistan,TJK,Central Asia,Health,Health care,Patient room,77349.48188795215,46316.71444433555,75480.7782135231,44997.62949767975,228.48375,17246131.259144057,10281227.128740486
Tajikistan,TJK,Central Asia,Retail,Commercial/Retail,Retail,230898.51144756153,17761.423957504732,177614.2395750473,13662.63381346518,72.5795,12891152.701237146,991627.130864396
Tajikistan,TJK,Central Asia,Security,Commercial/Retail,Office,48847.30621790377,39077.844974323016,48847.30621790377,39077.844974323016,65.481325,3198586.333829078,2558869.0670632618
Tajikistan,TJK,Central Asia,Transport,Commercial/Retail,Transportation waiting,167891.33873998173,137365.6407872578,137365.6407872578,112390.06973502912,131.93875,18123850.93841981,14828605.313252572
Tajikistan,TJK,Central Asia,Manual,Industrial,Manufacturing,224478.51944319034,69763.53916271238,179058.4160598426,55538.07746019381,153.5442857142857,27493396.595039915,8527554.43357013
Tajikistan,TJK,Central Asia,Cleaning,Commercial/Retail,Office,179049.8964760679,37418.38059670079,118026.26323280591,23386.487872937993,65.481325,7728516.101282914,1531378.2130164113
Tajikistan,TJK,Central Asia,Tech,Commercial/Retail,Office,40792.1028260155,24918.203067728562,38378.21545805404,23987.20836431957,65.481325,2513056.39932886,1570714.1867467281
Tajikistan,TJK,Central Asia,ArmedForces,Correctional facilities,Dayroom,3608.0817532716906,1443.2327013086767,3608.0817532716915,1443.2327013086767,64.41975,232431.724525324,92972.68981012962
Timor-Leste,TLS,South-eastern Asia,Food,Industrial,Manufacturing,210581.11234855978,210581.11234855978,475.03185909204836,475.03185909204836,153.5442857142857,72938.42749581778,72938.42749581778
Timor-Leste,TLS,South-eastern Asia,Health,Health care,Patient room,8155.984070749059,4865.0651517592805,7951.007255134013,4720.375634854541,228.48375,1816675.953930226,1078529.1264601962
Timor-Leste,TLS,South-eastern Asia,Retail,Commercial/Retail,Retail,110417.86628562967,7679.117922218361,76791.17922218361,5907.013786321816,72.5795,5573465.392356475,428728.10710434424
Timor-Leste,TLS,South-eastern Asia,Security,Commercial/Retail,Office,19247.91198889243,15398.329591113945,19247.91198889243,15398.329591113945,65.481325,1260378.7805160615,1008303.0244128493
Timor-Leste,TLS,South-eastern Asia,Transport,Commercial/Retail,Transportation waiting,20297.473591758095,16607.02384780208,16607.02384780208,13587.56496638352,131.93875,2191109.9676991967,1792726.3372084335
Timor-Leste,TLS,South-eastern Asia,Manual,Industrial,Manufacturing,25718.94067634789,10820.688940729233,20563.06691676951,8599.897780896068,153.5442857142857,3157341.4218304334,1320465.1619835575
Timor-Leste,TLS,South-eastern Asia,Cleaning,Commercial/Retail,Office,6608.16358184767,39.42230324741339,5473.951065500213,24.63893952963337,65.481325,358441.5687541157,1613.3904069952698
Timor-Leste,TLS,South-eastern Asia,Tech,Commercial/Retail,Office,4910.462053665629,3056.8049630492064,4787.280843408637,2943.0992305042905,65.481325,313477.49277351506,192718.03721990137
Timor-Leste,TLS,South-eastern Asia,ArmedForces,Correctional facilities,Dayroom,1176.4854025497268,470.5941610198908,1176.4854025497268,470.5941610198908,64.41975,75788.89551090276,30315.558204361107
Tonga,TON,Polynesia,Food,Industrial,Manufacturing,6365.162002934094,6172.474575218715,272.97385593012115,80.2864282147415,153.5442857142857,41913.575727464784,12327.522272783759
Tonga,TON,Polynesia,Health,Health care,Patient room,602.3207627904904,346.4154249840163,588.1136454567446,336.3868715719605,228.48375,134374.41114012746,76858.93386752992
Tonga,TON,Polynesia,Retail,Commercial/Retail,Retail,1770.2746962121707,136.17497663170545,1361.7497663170545,104.74998202438881,72.5795,98835.11716440866,7602.701320339127
Tonga,TON,Polynesia,Security,Commercial/Retail,Office,767.5818249788873,614.0654599831098,767.5818249788873,614.0654599831098,65.481325,50262.27494553564,40209.81995642851
Tonga,TON,Polynesia,Transport,Commercial/Retail,Transportation waiting,642.2368485863162,525.4665124797133,525.4665124797133,429.92714657431094,131.93875,69329.39482343277,56724.050310081366
Tonga,TON,Polynesia,Manual,Industrial,Manufacturing,2267.0330343997134,477.52292426854933,2041.0520381121848,402.4338912849729,153.5442857142857,313391.87729762244,61791.42438457167
Tonga,TON,Polynesia,Cleaning,Commercial/Retail,Office,318.5163615457599,19.962113567950517,248.79520664817449,12.47632097996907,65.481325,16291.439784971273,816.9660288936732
Tonga,TON,Polynesia,Tech,Commercial/Retail,Office,438.54685205584735,170.41785412028193,417.65412566189093,164.41606463992304,65.481325,27348.54554005712,10766.181763907807
Tonga,TON,Polynesia,ArmedForces,Correctional facilities,Dayroom,121.92761649671814,48.77104659868726,121.92761649671814,48.77104659868726,64.41975,7854.546572814458,3141.8186291257834
Trinidad and Tobago,TTO,Caribbean,Food,Industrial,Manufacturing,24444.98498383252,24444.98498383252,1228.8889503404985,1228.8889503404985,153.5442857142857,188688.87610221017,188688.87610221017
Trinidad and Tobago,TTO,Caribbean,Health,Health care,Patient room,15591.114070193897,10231.575961603165,14937.824823318982,9770.43061086793,228.48375,3413050.2324750083,2232384.6250858954
Trinidad and Tobago,TTO,Caribbean,Retail,Commercial/Retail,Retail,36234.241080371605,2787.249313874739,27872.49313874739,2144.0379337497993,72.5795,2022971.6157637162,155613.20121259356
Trinidad and Tobago,TTO,Caribbean,Security,Commercial/Retail,Office,11134.595352073362,8907.67628165869,11134.595352073362,8907.67628165869,65.481325,729108.0569926052,583286.4455940842
Trinidad and Tobago,TTO,Caribbean,Transport,Commercial/Retail,Transportation waiting,27423.27556408275,22437.225461522256,22437.225461522256,18357.72992306366,131.93875,2960339.4808614193,2422095.9388866154
Trinidad and Tobago,TTO,Caribbean,Manual,Industrial,Manufacturing,45189.608999062024,23507.90059736876,37842.039754934034,20609.60847018011,153.5442857142857,5810428.964142949,3164487.611404897
Trinidad and Tobago,TTO,Caribbean,Cleaning,Commercial/Retail,Office,40637.324327504626,0.0,33864.43693958719,0.0,65.481325,2217488.201183114,0.0
Trinidad and Tobago,TTO,Caribbean,Tech,Commercial/Retail,Office,19304.278917118245,6040.484807495284,19085.99629196039,5838.9931535034175,65.481325,1249776.3261426531,382345.00835733215
Trinidad and Tobago,TTO,Caribbean,ArmedForces,Correctional facilities,Dayroom,2651.637400768857,1060.654960307543,2651.637400768857,1060.654960307543,64.41975,170817.81844817955,68327.12737927184
Tunisia,TUN,Northern Africa,Food,Industrial,Manufacturing,489644.4595638828,479671.81602861424,45859.82466059426,35887.181125325646,153.5442857142857,7041514.020493331,5510271.592187322
Tunisia,TUN,Northern Africa,Health,Health care,Patient room,81242.73947875302,50106.78889127181,78315.94493297355,48040.816270721596,228.48375,17893920.783079293,10976545.854595484
Tunisia,TUN,Northern Africa,Retail,Commercial/Retail,Retail,334328.28007131466,24306.336191466646,243063.3619146665,18697.181685743573,72.5795,17641417.276085537,1357032.0981604257
Tunisia,TUN,Northern Africa,Security,Commercial/Retail,Office,170340.36031221392,136272.28824977114,170340.36031221392,136272.28824977114,65.481325,11154112.49422118,8923289.995376945
Tunisia,TUN,Northern Africa,Transport,Commercial/Retail,Transportation waiting,192135.27284193356,157201.5868706729,157201.5868706729,128619.48016691422,131.93875,20740980.869732995,16969893.438872453
Tunisia,TUN,Northern Africa,Manual,Industrial,Manufacturing,565836.3153272815,273035.8644552295,453365.0839477912,219686.35600102143,153.5442857142857,69611617.98256077,33731584.61335112
Tunisia,TUN,Northern Africa,Cleaning,Commercial/Retail,Office,124358.00419201255,9102.892051890109,96045.92678343537,5689.307532431319,65.481325,6289214.5466323355,372543.3955560832
Tunisia,TUN,Northern Africa,Tech,Commercial/Retail,Office,91180.76159406688,25123.68926631521,86555.06206726359,24296.186753408696,65.481325,5667740.149621659,1590946.5010606495
Tunisia,TUN,Northern Africa,ArmedForces,Correctional facilities,Dayroom,7508.806618540855,3003.522647416343,7508.806618540855,3003.522647416343,64.41975,483715.4451647472,193486.17806589892
Türkiye,TUR,Western Asia,Food,Industrial,Manufacturing,5299343.327134044,4768149.507665535,727383.2677491703,196189.44828066116,153.5442857142857,111685544.28706938,30123768.700933915
Türkiye,TUR,Western Asia,Health,Health care,Patient room,1675977.6022471893,843493.5157151786,1658651.164129921,831263.0888088713,228.48375,378974837.9222698,189930107.76763394
Türkiye,TUR,Western Asia,Retail,Commercial/Retail,Retail,2896095.159799788,218329.92896367586,2183299.2896367586,167946.09920282758,72.5795,158462770.79219112,12189443.907091623
Türkiye,TUR,Western Asia,Security,Commercial/Retail,Office,964451.2634192809,771561.0107354248,964451.2634192809,771561.0107354248,65.481325,63153546.62661854,50522837.30129484
Türkiye,TUR,Western Asia,Transport,Commercial/Retail,Transportation waiting,1745637.2292696657,1428248.6421297267,1428248.6421297267,1168567.0708334127,131.93875,188441340.53179348,154179278.61692193
Türkiye,TUR,Western Asia,Manual,Industrial,Manufacturing,2656560.5827366416,1337728.5871547,2263317.1987571805,1162458.6834305115,153.5442857142857,347519422.6280293,178488888.21970686
Türkiye,TUR,Western Asia,Cleaning,Commercial/Retail,Office,825624.9720036762,47446.616674709025,648481.9627741395,29654.135421693143,65.481325,42463458.161051326,1941792.0791419006
Türkiye,TUR,Western Asia,Tech,Commercial/Retail,Office,897289.1668151339,249020.58549638817,837847.6409722536,240745.76685801544,65.481325,54863373.67898746,15764351.802003937
Türkiye,TUR,Western Asia,ArmedForces,Correctional facilities,Dayroom,63780.696574577734,25512.278629831104,63780.696574577734,25512.278629831104,64.41975,4108736.5281601534,1643494.611264062
Tuvalu,TUV,Polynesia,Food,Industrial,Manufacturing,614.5198237885463,594.9074889867842,51.754772393538914,32.1424375917768,153.5442857142857,7946.649559471365,4935.287621145374
Tuvalu,TUV,Polynesia,Health,Health care,Patient room,470.69603524229075,263.8051308629179,460.69759004923554,256.74740484429066,228.48375,105261.91299041202,58662.60986159169
Tuvalu,TUV,Polynesia,Retail,Commercial/Retail,Retail,431.47136563876654,33.190105049135894,331.9010504913589,25.53085003779684,72.5795,24089.212294137582,1853.0163303182755
Tuvalu,TUV,Polynesia,Security,Commercial/Retail,Office,467.4273127753304,373.94185022026437,467.4273127753304,373.94185022026437,65.481325,30607.75978171806,24486.20782537445
Tuvalu,TUV,Polynesia,Transport,Commercial/Retail,Transportation waiting,258.22907488986783,211.27833400080098,211.27833400080098,172.86409145520082,131.93875,27875.79929014818,22807.472146484877
Tuvalu,TUV,Polynesia,Manual,Industrial,Manufacturing,1837.0220264317181,792.9843875898943,1403.8363276102264,597.5106413766175,153.5442857142857,215551.0461826782,91744.34463685747
Tuvalu,TUV,Polynesia,Cleaning,Commercial/Retail,Office,303.9911894273128,40.859030837004404,219.276798825257,25.536894273127754,65.481325,14358.535328836271,1672.1896733893172
Tuvalu,TUV,Polynesia,Tech,Commercial/Retail,Office,516.4581497797357,236.10233819044396,447.25821755337165,227.3986393139223,65.481325,29287.060702533032,14890.364205472722
Tuvalu,TUV,Polynesia,ArmedForces,Correctional facilities,Dayroom,17.0134684489596,6.805387379583841,17.0134684489596,6.805387379583841,64.41975,1096.003384114865,438.40135364594613
Tanzania,TZA,Eastern Africa,Food,Industrial,Manufacturing,18511300.044509836,18511300.044509836,542583.0877521257,542583.0877521257,153.5442857142857,83310532.64955173,83310532.64955173
Tanzania,TZA,Eastern Africa,Health,Health care,Patient room,1168127.3054083535,512300.09148249996,1162037.5159241431,508001.41655246913,228.48375,265506689.27903292,116070068.65922022
Tanzania,TZA,Eastern Africa,Retail,Commercial/Retail,Retail,48738.63705122116,3749.1259270170126,37491.25927017013,2883.9430207823175,72.5795,2721096.8521993128,209315.1424768702
Tanzania,TZA,Eastern Africa,Security,Commercial/Retail,Office,566460.3198724694,453168.2558979756,566460.3198724694,453168.2558979756,65.481325,37092572.30517313,29674057.844138507
Tanzania,TZA,Eastern Africa,Transport,Commercial/Retail,Transportation waiting,611718.4046733334,500496.8765509092,500496.8765509092,409497.44445074385,131.93875,66034932.27103127,54028580.94902558
Tanzania,TZA,Eastern Africa,Manual,Industrial,Manufacturing,1177327.6012880874,611657.8709469275,970157.6931681162,527671.292410232,153.5442857142857,148962170.02771756,81020911.68506306
Tanzania,TZA,Eastern Africa,Cleaning,Commercial/Retail,Office,2302935.4422536897,0.0,1919112.8685447413,0.0,65.481325,125666053.45686048,0.0
Tanzania,TZA,Eastern Africa,Tech,Commercial/Retail,Office,244051.6525716016,40286.60558778253,242897.67183228038,39221.392597639875,65.481325,15905261.390992897,2568268.7556386506
Tanzania,TZA,Eastern Africa,ArmedForces,Correctional facilities,Dayroom,29751.839589895422,11900.735835958169,29751.839589895422,11900.735835958169,64.41975,1916606.0684211655,766642.4273684662
Uganda,UGA,Eastern Africa,Food,Industrial,Manufacturing,12410461.174003089,12358777.147992622,178782.9620806651,127098.9360701997,153.5442857142857,27451102.21055995,19515315.353944477
Uganda,UGA,Eastern Africa,Health,Health care,Patient room,209552.87443638264,137568.6421707221,200302.01532487856,131038.62397436627,228.48375,45765755.59398572,29940196.200503107
Uganda,UGA,Eastern Africa,Retail,Commercial/Retail,Retail,2192160.4957563565,166755.91375242977,1667559.137524298,128273.77980956137,72.5795,121030608.42194477,9310046.801688058
Uganda,UGA,Eastern Africa,Security,Commercial/Retail,Office,189094.71081610094,151275.76865288077,189094.71081610094,151275.76865288077,65.481325,12382172.214730121,9905737.771784097
Uganda,UGA,Eastern Africa,Transport,Commercial/Retail,Transportation waiting,650073.2277611486,531878.0954409399,531878.0954409399,435172.98717895086,131.93875,70175331.0648583,57416179.9621568
Uganda,UGA,Eastern Africa,Manual,Industrial,Manufacturing,622505.1018569397,229091.37337802968,528636.1370650888,192992.47983324894,153.5442857142857,81169058.0684183,29632892.464224897
Uganda,UGA,Eastern Africa,Cleaning,Commercial/Retail,Office,216329.10921879238,14558.60937558798,168142.08320267033,9099.130859742487,65.481325,11010166.396371096,595823.1450443271
Uganda,UGA,Eastern Africa,Tech,Commercial/Retail,Office,188985.23592616591,22730.97951659361,186805.40489327506,22246.875594376263,65.481325,12232265.429573134,1456754.8910299202
Uganda,UGA,Eastern Africa,ArmedForces,Correctional facilities,Dayroom,24118.07022502533,9647.228090010132,24118.07022502533,9647.228090010132,64.41975,1553680.0543785754,621472.0217514301
Ukraine,UKR,Eastern Europe,Food,Industrial,Manufacturing,1924260.4591353994,1924260.4591353994,275762.81163126853,275762.81163126853,153.5442857142857,42341803.93848625,42341803.93848625
Ukraine,UKR,Eastern Europe,Health,Health care,Patient room,929271.0849193408,597139.938348626,894659.030467644,572707.899912134,228.48375,204415050.25261155,130854448.62654905
Ukraine,UKR,Eastern Europe,Retail,Commercial/Retail,Retail,1532166.0487754159,117858.92682887816,1178589.2682887816,90660.71294529088,72.5795,85541419.79776563,6580109.215212739
Ukraine,UKR,Eastern Europe,Security,Commercial/Retail,Office,347684.2211418982,278147.3769135186,347684.2211418982,278147.3769135186,65.481325,22766823.481964506,18213458.78557161
Ukraine,UKR,Eastern Europe,Transport,Commercial/Retail,Transportation waiting,1430460.8173066366,1170377.0323417939,1170377.0323417939,957581.2082796496,131.93875,154418082.67588586,126342067.64390662
Ukraine,UKR,Eastern Europe,Manual,Industrial,Manufacturing,1404845.8994515035,847971.419928566,1195948.882684342,756028.4393663314,153.5442857142857,183631116.94256538,116083846.70218952
Ukraine,UKR,Eastern Europe,Cleaning,Commercial/Retail,Office,362415.7942331766,0.0,302013.16186098056,0.0,65.481325,19776222.00609647,0.0
Ukraine,UKR,Eastern Europe,Tech,Commercial/Retail,Office,720053.7229418578,206319.75739596406,712756.9110235606,199584.23870215123,65.481325,46672266.93672985,13069040.399333142
Ukraine,UKR,Eastern Europe,ArmedForces,Correctional facilities,Dayroom,44214.29847798179,17685.71939119272,44214.29847798179,17685.71939119272,64.41975,2848274.0543769673,1139309.6217507871
Uruguay,URY,South America,Food,Industrial,Manufacturing,130012.28702086685,120482.86493124004,18410.027977379603,8880.605887752801,153.5442857142857,2826754.595766767,1363566.287745084
Uruguay,URY,South America,Health,Health care,Patient room,105672.72763071787,54931.78878661306,103975.7676897918,53733.93471066526,228.48375,23756773.310892466,12277330.904947963
Uruguay,URY,South America,Retail,Commercial/Retail,Retail,165067.41378103168,12490.37364405618,124903.73644056183,9607.979726197063,72.5795,9065450.738987757,697342.3645375198
Uruguay,URY,South America,Security,Commercial/Retail,Office,41900.1495927209,33520.11967417672,41900.1495927209,33520.11967417672,65.481325,2743677.313029575,2194941.8504236597
Uruguay,URY,South America,Transport,Commercial/Retail,Transportation waiting,89664.50659817886,73361.86903487361,73361.86903487361,60023.34739216933,131.93875,9679273.29812493,7919405.425738581
Uruguay,URY,South America,Manual,Industrial,Manufacturing,112585.94812374782,52078.836203057195,93321.5187262028,43992.22746349491,153.5442857142857,14328985.934587147,6754755.142862709
Uruguay,URY,South America,Cleaning,Commercial/Retail,Office,71932.08829127887,2106.9885794063216,58187.58309322713,1316.867862128951,65.481325,3810200.0394921107,86230.25246212103
Uruguay,URY,South America,Tech,Commercial/Retail,Office,37727.88938323161,7982.711706576552,36248.332780392266,7740.805576944388,65.481325,2373588.8595010196,506878.20574570796
Uruguay,URY,South America,ArmedForces,Correctional facilities,Dayroom,4412.989578225467,1765.1958312901872,4412.989578225467,1765.1958312901872,64.41975,284283.68538189,113713.47415275603
United States,USA,Northern America,Food,Industrial,Manufacturing,4003943.4906812543,1845354.6554434993,2368322.724592364,209733.88935460887,153.5442857142857,363642421.0884455,32203440.23103245
United States,USA,Northern America,Health,Health care,Patient room,15594584.999858964,9274058.685224544,15140588.391761774,8953590.491273586,228.48375,3459378412.956199,2045749931.410531
United States,USA,Northern America,Retail,Commercial/Retail,Retail,8383217.41822228,636430.4304533004,6364304.304533003,489561.86957946187,72.5795,461918024.27085304,35532155.71314255
United States,USA,Northern America,Security,Commercial/Retail,Office,2008427.1769240855,1606741.7415392685,2008427.1769240855,1606741.7415392685,65.481325,131514472.71099854,105211578.16879883
United States,USA,Northern America,Transport,Commercial/Retail,Transportation waiting,5779888.816417117,4728999.940704914,4728999.940704914,3869181.7696676576,131.93875,623938340.9266804,510495006.21273863
United States,USA,Northern America,Manual,Industrial,Manufacturing,8044107.241769468,4203994.300429639,6410460.308142992,3451763.3236330203,153.5442857142857,984289549.1135955,529998533.9820009
United States,USA,Northern America,Cleaning,Commercial/Retail,Office,2475321.5202964568,344148.52924001316,1775977.4925470364,215092.8307750082,65.481325,116293359.38215756,14084563.557148313
United States,USA,Northern America,Tech,Commercial/Retail,Office,4637622.1360718515,1161230.4924835486,4197924.818277593,1123049.9465537143,65.481325,274885679.351201,73538798.5415164
United States,USA,Northern America,ArmedForces,Correctional facilities,Dayroom,542087.1997585265,216834.87990341065,542087.1997585265,216834.87990341065,64.41975,34921121.88664433,13968448.754657736
Vietnam,VNM,South-eastern Asia,Food,Industrial,Manufacturing,15239408.779811721,15070613.269403445,1386473.2409904934,1217677.7305822172,153.5442857142857,212885043.449856,186967457.37243897
Vietnam,VNM,South-eastern Asia,Health,Health care,Patient room,640364.5074094752,374013.36334234185,623927.6451039833,362410.8723031712,228.48375,142557328.08202726,82804995.14459969
Vietnam,VNM,South-eastern Asia,Retail,Commercial/Retail,Retail,7490927.515143746,556817.2548514267,5568172.548514266,428320.96527032816,72.5795,404135179.4848911,31087321.49883778
Vietnam,VNM,South-eastern Asia,Security,Commercial/Retail,Office,325048.6577834779,260038.92622678238,325048.6577834779,260038.92622678238,65.481325,21284616.801133696,17027693.44090696
Vietnam,VNM,South-eastern Asia,Transport,Commercial/Retail,Transportation waiting,1912266.6758116717,1564581.8256640956,1564581.8256640956,1280112.4028160782,131.93875,206428970.3508387,168896430.28704983
Vietnam,VNM,South-eastern Asia,Manual,Industrial,Manufacturing,5714945.001651195,2819855.14575718,4795510.9293583585,2403425.7855955707,153.5442857142857,736323300.2833796,369032295.5165679
Vietnam,VNM,South-eastern Asia,Cleaning,Commercial/Retail,Office,759138.2933988849,112038.56795523918,539249.7712030382,70024.10497202448,65.481325,35310789.52432178,4585271.17550725
Vietnam,VNM,South-eastern Asia,Tech,Commercial/Retail,Office,944708.3952568775,135066.35397085524,858900.6943655099,131454.4276996068,65.481325,56241955.510473624,8607810.102886956
Vietnam,VNM,South-eastern Asia,ArmedForces,Correctional facilities,Dayroom,131149.76716194913,52459.906864779674,131149.76716194913,52459.906864779674,64.41975,8448635.213130971,3379454.0852523902
Vanuatu,VUT,Melanesia,Food,Industrial,Manufacturing,44151.151749828554,43915.96911608404,822.5541866785784,587.3715529340631,153.5442857142857,126298.49505485754,90187.54554415146
Vanuatu,VUT,Melanesia,Health,Health care,Patient room,959.8875361374891,480.6376272612325,952.2351405047534,475.23593622636054,228.48375,217570.25578430295,108583.6888437597
Vanuatu,VUT,Melanesia,Retail,Commercial/Retail,Retail,8764.968296676148,609.8755774672119,6098.7557746721195,469.13505959016294,72.5795,442644.6447478151,34049.588057524226
Vanuatu,VUT,Melanesia,Security,Commercial/Retail,Office,931.8079886298788,745.446390903903,931.8079886298788,745.446390903903,65.481325,61016.021741069395,48812.81739285551
Vanuatu,VUT,Melanesia,Transport,Commercial/Retail,Transportation waiting,2272.7124394915345,1859.4919959476192,1859.4919959476192,1521.4025421389615,131.93875,245339.04958033393,200731.94965663692
Vanuatu,VUT,Melanesia,Manual,Industrial,Manufacturing,3871.535348792393,1197.4575397489193,3140.414438330917,893.3934270566731,153.5442857142857,482192.6917803504,137175.45561925467
Vanuatu,VUT,Melanesia,Cleaning,Commercial/Retail,Office,1777.26010927013,59.99758752753694,1431.0521014521612,37.49849220471059,65.481325,93707.18774712193,2455.4509550666203
Vanuatu,VUT,Melanesia,Tech,Commercial/Retail,Office,1445.8054882611211,323.20390174634394,1405.9085645168634,313.2972587003404,65.481325,92060.7556334122,20515.119618566066
Vanuatu,VUT,Melanesia,ArmedForces,Correctional facilities,Dayroom,180.27299873495247,72.10919949398098,180.27299873495247,72.10919949398098,64.41975,11613.141510255953,4645.256604102381
Samoa,WSM,Polynesia,Food,Industrial,Manufacturing,15349.83744934358,14633.666828917747,1028.7232217187761,312.5526012929429,153.5442857142857,157954.57227650823,47990.665913666846
Samoa,WSM,Polynesia,Health,Health care,Patient room,1040.9989100161476,541.4740676275911,1030.5146963947727,534.073446247797,228.48375,235455.86226238913,122027.10377412009
Samoa,WSM,Polynesia,Retail,Commercial/Retail,Retail,4244.604013871591,326.5080010670454,3265.080010670454,251.1600008208042,72.5795,236977.8746344562,18229.06727957356
Samoa,WSM,Polynesia,Security,Commercial/Retail,Office,1436.2006440700636,1148.9605152560507,1436.2006440700636,1148.9605152560507,65.481325,94044.32113956116,75235.45691164891
Samoa,WSM,Polynesia,Transport,Commercial/Retail,Transportation waiting,2314.538419040176,1893.7132519419622,1893.7132519419622,1549.4017515888784,131.93875,249854.15931965757,204426.13035244713
Samoa,WSM,Polynesia,Manual,Industrial,Manufacturing,2605.154947915313,939.7879656825208,2215.089761627591,800.182708596365,153.5442857142857,340114.37524213584,122863.4824323513
Samoa,WSM,Polynesia,Cleaning,Commercial/Retail,Office,386.6914033043665,22.30013829442452,303.659387508285,13.937586434015325,65.481325,19884.01904273095,912.6516270013485
Samoa,WSM,Polynesia,Tech,Commercial/Retail,Office,817.1766335480294,227.26353497134951,777.7166038004121,219.7698136671593,65.481325,50925.91369135102,14390.8185939287
Samoa,WSM,Polynesia,ArmedForces,Correctional facilities,Dayroom,100.92345269989833,40.36938107995934,100.92345269989833,40.36938107995934,64.41975,6501.463592064275,2600.5854368257105
Kosovo,XKX,Southern Europe,Food,Industrial,Manufacturing,16565.544274075088,15028.97025860997,2050.401748006173,513.8277325410521,153.5442857142857,314827.4718249307,78895.31217320688
Kosovo,XKX,Southern Europe,Health,Health care,Patient room,20372.716756732287,11328.904539337851,20172.42007316189,11187.518645052867,228.48375,4609070.184891303,2556166.2132165977
Kosovo,XKX,Southern Europe,Retail,Commercial/Retail,Retail,58207.03092309768,4456.096538703003,44560.96538703003,3427.766568233079,72.5795,3234212.587307946,248785.58363907275
Kosovo,XKX,Southern Europe,Security,Commercial/Retail,Office,19862.879955451146,15890.303964360917,19862.879955451146,15890.303964360917,65.481325,1300647.697798882,1040518.1582391056
Kosovo,XKX,Southern Europe,Transport,Commercial/Retail,Transportation waiting,16523.991475754738,13519.629389253876,13519.629389253876,11061.514954844082,131.93875,1783763.0020814198,1459442.4562484347
Kosovo,XKX,Southern Europe,Manual,Industrial,Manufacturing,34252.792570742204,13804.595865774578,28089.867685955996,11626.593293114509,153.5442857142857,4313038.669648909,1785196.962481772
Kosovo,XKX,Southern Europe,Cleaning,Commercial/Retail,Office,9081.382587125076,284.46284531402875,7330.7664515092065,177.78927832126794,65.481325,480028.3005103711,11641.8775152704
Kosovo,XKX,Southern Europe,Tech,Commercial/Retail,Office,12462.511474621497,2433.548324915848,12131.87481294598,2362.621321060661,65.481325,794411.2374858299,154707.5745763025
Kosovo,XKX,Southern Europe,ArmedForces,Correctional facilities,Dayroom,820.7849824002851,328.3139929601141,820.7849824002851,328.3139929601141,64.41975,52874.76336998076,21149.905347992306
South Africa,ZAF,Southern Africa,Food,Industrial,Manufacturing,1826603.0570408443,1826603.0570408443,282949.84400676057,282949.84400676057,153.5442857142857,43445331.69098662,43445331.69098662
South Africa,ZAF,Southern Africa,Health,Health care,Patient room,593311.8318726367,379823.5714221799,571701.4019555548,364569.1503042397,228.48375,130624480.1990625,83298126.59582633
South Africa,ZAF,Southern Africa,Retail,Commercial/Retail,Retail,866294.6800406901,66638.05231082233,666380.5231082232,51260.0402390941,72.5795,48365565.17693328,3720428.09053333
South Africa,ZAF,Southern Africa,Security,Commercial/Retail,Office,477190.7148465486,381752.571877239,477190.7148465486,381752.571877239,65.481325,31247080.285849176,24997664.228679344
South Africa,ZAF,Southern Africa,Transport,Commercial/Retail,Transportation waiting,1360321.078093063,1112989.9729852336,1112989.9729852336,910628.1597151909,131.93875,146846505.7982055,120147141.10762264
South Africa,ZAF,Southern Africa,Manual,Industrial,Manufacturing,1888271.0478364923,1045283.325205906,1511049.669622232,873070.7128477963,153.5442857142857,232013042.200953,134055018.98227713
South Africa,ZAF,Southern Africa,Cleaning,Commercial/Retail,Office,2106566.636383901,0.0,1755472.196986584,0.0,65.481325,114950645.45934252,0.0
South Africa,ZAF,Southern Africa,Tech,Commercial/Retail,Office,1306426.31800717,250809.49490805555,1298684.603097668,243663.2965300537,65.481325,85039588.5679344,15955395.510655817
South Africa,ZAF,Southern Africa,ArmedForces,Correctional facilities,Dayroom,52239.78505943365,20895.914023773465,52239.78505943365,20895.914023773465,64.41975,3365273.89358245,1346109.5574329805
Zambia,ZMB,Eastern Africa,Food,Industrial,Manufacturing,3264858.1931198537,3235599.510768974,61588.94637575658,32330.26402487708,153.5442857142857,9456630.77916099,4964127.296654019
Zambia,ZMB,Eastern Africa,Health,Health care,Patient room,54998.93731961473,33431.41492135378,53601.67083635588,32445.109168465195,228.48375,12247110.758956227,7413180.211970309
Zambia,ZMB,Eastern Africa,Retail,Commercial/Retail,Retail,661827.6695838037,50365.96252395235,503659.62523952354,38743.04809534796,72.5795,36555363.770072,2811951.0592363067
Zambia,ZMB,Eastern Africa,Security,Commercial/Retail,Office,125836.22974388568,100668.98379510855,125836.22974388568,100668.98379510855,65.481325,8239923.056634044,6591938.445307236
Zambia,ZMB,Eastern Africa,Transport,Commercial/Retail,Transportation waiting,147933.1667527351,121036.22734314691,121036.22734314691,99029.64055348384,131.93875,15969368.540370625,13065846.987575967
Zambia,ZMB,Eastern Africa,Manual,Industrial,Manufacturing,138785.01346438646,54402.86763236631,117769.31374626126,47531.688127789756,153.5442857142857,18082805.158231296,7298219.102375672
Zambia,ZMB,Eastern Africa,Cleaning,Commercial/Retail,Office,131399.06447452,7632.962107574588,103138.4186391212,4770.601317234117,65.481325,6753640.310894352,312385.2952992353
Zambia,ZMB,Eastern Africa,Tech,Commercial/Retail,Office,53480.006079538245,11485.155312680034,52489.42796776652,11139.975908785374,65.481325,3437077.291821409,729460.3829753455
Zambia,ZMB,Eastern Africa,ArmedForces,Correctional facilities,Dayroom,16563.71946166455,6625.487784665821,16563.71946166455,6625.487784665821,64.41975,1067030.6667905648,426812.266716226
Zimbabwe,ZWE,Eastern Africa,Food,Industrial,Manufacturing,2770658.1847939948,2762469.2857501204,58091.44671324812,49902.54766937404,153.5442857142857,8919609.691695172,7662251.03721713
Zimbabwe,ZWE,Eastern Africa,Health,Health care,Patient room,57642.95382186312,32311.14811601644,56739.57772816479,31673.47087340586,228.48375,12964071.492747571,7236873.400671545
Zimbabwe,ZWE,Eastern Africa,Retail,Commercial/Retail,Retail,731412.8109324665,37738.141374957624,377381.4137495762,29029.339519198176,72.5795,27390154.319237363,2106934.947633644
Zimbabwe,ZWE,Eastern Africa,Security,Commercial/Retail,Office,184758.30765132201,147806.64612105762,184758.30765132201,147806.64612105762,65.481325,12098218.789766204,9678575.031812964
Zimbabwe,ZWE,Eastern Africa,Transport,Commercial/Retail,Transportation waiting,120226.58028907914,98367.2020547011,98367.2020547011,80482.25622657363,131.93875,12978445.680094695,10618728.283713842
Zimbabwe,ZWE,Eastern Africa,Manual,Industrial,Manufacturing,354519.0691984705,164831.16763192997,282927.43183158507,132198.46646232778,153.5442857142857,43441890.429557994,20298319.10548207
Zimbabwe,ZWE,Eastern Africa,Cleaning,Commercial/Retail,Office,144861.9900666146,12743.035655673855,110099.12867578396,7964.397284796159,65.481325,7209436.8270358285,521519.2870348548
Zimbabwe,ZWE,Eastern Africa,Tech,Commercial/Retail,Office,122616.27962055661,19664.229353263647,121263.78540116218,19149.368955122554,65.481325,7940513.342583756,1253926.0520952903
Zimbabwe,ZWE,Eastern Africa,ArmedForces,Correctional facilities,Dayroom,6290.36605058754,2516.146420235016,6290.36605058754,2516.146420235016,64.41975,405223.8083873366,162089.52335493467
