Country Name,Country Code,Region,occupational_group,Essential Workers,Vital Workers,Indoor Essential Workers,Indoor Vital Workers,% of Essential Workers,% of Vital Workers,% of Indoor Essential Workers,% of Indoor Vital Workers
Afghanistan,AFG,Southern Asia,Food,4026419.0100705107,4026419.0100705107,578902.9299651341,578902.9299651341,0.6662803105804358,0.8459742313641114,0.29362031298119423,0.6090520296926366
Afghanistan,AFG,Southern Asia,Health,72316.84108556372,40251.081830880816,67754.13245673024,37717.37088074837,0.01196678418668643,0.008456988189328322,0.03436498339870656,0.03968168081473224
Afghanistan,AFG,Southern Asia,Retail,753792.5124573184,57984.03941979373,695808.4730375247,53523.728695194215,0.12473543067850604,0.012182786505045663,0.3529149552595105,0.05631122924268045
Afghanistan,AFG,Southern Asia,Security,0.0,0.0,0.0,0.0,0.0,0.0,0.0,0.0
Afghanistan,AFG,Southern Asia,Transport,373478.80164686014,305573.56498379464,77336.51953293568,63275.334163311025,0.06180220472188791,0.06420279685641313,0.03922518248699214,0.06657069554642857
Afghanistan,AFG,Southern Asia,Manual,635100.4048072014,281694.0307855579,395426.45680010587,172263.56918420142,0.10509459991777963,0.059185566772271284,0.20056080906981158,0.1812350068085762
Afghanistan,AFG,Southern Asia,Cleaning,36911.94156680029,3866.649709582132,24090.789621066015,1852.7696525081049,0.006108082598890748,0.0008124057649828961,0.012218879577837913,0.0019492613683626458
Afghanistan,AFG,Southern Asia,Tech,41993.97096714687,2470.2335863027574,29167.28307026981,1715.7225335452827,0.006949042299998092,0.0005190105536049741,0.014793683604986252,0.001805076874473727
Afghanistan,AFG,Southern Asia,ArmedForces,103117.2330021567,41246.89320086268,103117.2330021567,41246.89320086268,0.017063545015815175,0.008666213994242576,0.052301193620960786,0.04339501965210961
Angola,AGO,Middle Africa,Food,6959286.560660433,6938296.083767504,577072.3225437246,563953.2744856448,0.5582533036016764,0.8215141951089535,0.12259742358667453,0.3767247902152736
Angola,AGO,Middle Africa,Health,264872.2749970955,136509.1760299205,235529.70915476978,122857.74789041009,0.02124726741178881,0.016163078732482128,0.05003763721193835,0.0820698476173381
Angola,AGO,Middle Africa,Retail,2885743.523061134,209553.4149919683,2514640.979903619,193433.9215310476,0.23148577674650853,0.024811726535022855,0.5342285417930356,0.12921523254876768
Angola,AGO,Middle Africa,Security,398023.8810330245,318419.1048264197,325052.83617697004,260042.268941576,0.03192829387930248,0.03770173706204077,0.06905657867834833,0.17371008139542707
Angola,AGO,Middle Africa,Transport,588691.8188814804,481656.9427212113,121900.83118252877,99737.04369479629,0.04722310970087118,0.05702956617028601,0.025897495430340665,0.06662505310725016
Angola,AGO,Middle Africa,Manual,645336.0812504955,265070.335539732,397676.19952344237,181487.63023734998,0.05176694423361413,0.031385089468528374,0.08448521195472909,0.12123502517152807
Angola,AGO,Middle Africa,Cleaning,303748.05396508065,15438.171904329622,217808.44775378008,7397.457370824611,0.024365766966275716,0.0018279239186132132,0.046272804095543824,0.004941554029794481
Angola,AGO,Middle Africa,Tech,356223.90159860416,55095.88350259353,253115.04395081947,42378.89459564976,0.02857522364626227,0.006523510937410506,0.053773593095945316,0.02830940238916502
Angola,AGO,Middle Africa,ArmedForces,64254.60740077748,25701.842960310994,64254.60740077748,25701.842960310994,0.0051543138137005624,0.0030431720666627194,0.01365071415344429,0.0171690135254557
Albania,ALB,Southern Europe,Food,446279.68945026805,442744.19934909383,145759.06786980314,143549.38655656928,0.5730982181560339,0.7836170622846602,0.3796032049310224,0.6489722666324916
Albania,ALB,Southern Europe,Health,39647.72964371011,22094.755990260855,35897.49949364468,20211.120163550375,0.05091435651201532,0.0391057134264859,0.09348856339400574,0.09137243131688388
Albania,ALB,Southern Europe,Retail,99995.26038906735,7630.651496445978,91567.81795735173,7043.678304411671,0.12841074085987336,0.013505560813114879,0.23847186780996316,0.03184375763837046
Albania,ALB,Southern Europe,Security,28544.135732986066,22835.30858638885,23311.044181938618,18648.835345550895,0.036655473493604374,0.040416424330656404,0.060709410474940315,0.08430949957065098
Albania,ALB,Southern Europe,Transport,38966.110111066926,31881.362818145666,8068.739972493656,6601.6963411311735,0.05003904233381611,0.056427119564559994,0.021013578078377556,0.029845601857970878
Albania,ALB,Southern Europe,Manual,77359.68499953067,32625.562184296956,44052.235081851795,21241.00221970466,0.09934285309948797,0.05774428492079714,0.11472610154438379,0.09602842399215171
Albania,ALB,Southern Europe,Cleaning,20215.1122122091,1025.2757317849225,14498.2301520862,491.2779548136087,0.025959605741664248,0.0018146450211074924,0.03775802570633535,0.002221017975275854
Albania,ALB,Southern Europe,Tech,25335.103251918696,3215.0693729925524,18451.487911973287,2459.4227523295813,0.032534535793818035,0.005690381084178432,0.04805357258038658,0.011118801664525864
Albania,ALB,Southern Europe,ArmedForces,2371.3200779747167,948.5280311898867,2371.3200779747167,948.5280311898867,0.003045174009686542,0.001678808554439377,0.006175675480585112,0.0042881993516786995
United Arab Emirates,ARE,Western Asia,Food,194680.03032420142,122268.05602722833,95754.06773195216,50496.583796344,0.0810254904846975,0.11696297997997006,0.0630381605873267,0.09075801585649242
United Arab Emirates,ARE,Western Asia,Health,166024.78895933047,90233.3305057087,150568.04854306628,82572.2665790744,0.06909922879941036,0.08631820585349723,0.09912406906773094,0.1484079618081557
United Arab Emirates,ARE,Western Asia,Retail,322627.46585976146,24731.86261381922,296782.35136583063,22829.411643525433,0.13427699092500334,0.02365877438276534,0.19538191920217265,0.04103153021784189
United Arab Emirates,ARE,Western Asia,Security,181140.96354903537,144912.7708392283,147931.78689837884,118345.4295187031,0.07539055440863439,0.13862516560119442,0.09738852833463932,0.2127034258816436
United Arab Emirates,ARE,Western Asia,Transport,439079.46899395186,359246.83826777886,90920.4961048082,74389.4968130249,0.1827441123660684,0.3436595143282926,0.05985605593465331,0.13370098774487427
United Arab Emirates,ARE,Western Asia,Manual,493310.7951227477,222822.35692986654,280433.95939444733,145678.72338684485,0.20531509610746054,0.21315434071245792,0.1846192165531161,0.26182982873495075
United Arab Emirates,ARE,Western Asia,Cleaning,428180.67367044045,11110.268105940466,319758.8148393581,5323.670134096474,0.1782080526823441,0.010628205831274738,0.21050810682511117,0.009568285656584248
United Arab Emirates,ARE,Western Asia,Tech,166408.53303950938,65532.06988069747,125587.9052605467,52252.12956427725,0.06925894241906264,0.06268870567301002,0.08267879085619824,0.09391327584963317
United Arab Emirates,ARE,Western Asia,ArmedForces,11248.321346288467,4499.328538515389,11248.321346288467,4499.328538515389,0.0046815318073186885,0.00430410763753772,0.007405152639051557,0.008086688249824009
Argentina,ARG,South America,Food,53506.2994141099,53506.2994141099,22545.647013633738,22545.647013633738,0.006082253982531963,0.01829975564419602,0.003587816536353426,0.012861577295276322
Argentina,ARG,South America,Health,1022274.5739025817,608281.4250294513,930409.6988129758,559445.5569960581,0.11620563683984643,0.20803908255346265,0.14806136638998096,0.3191459650482669
Argentina,ARG,South America,Retail,2956548.3393802685,217922.406176285,2615068.87411542,201159.14416272464,0.33608151018946797,0.07453191168308701,0.41615072499719125,0.11475491831021647
Argentina,ARG,South America,Security,504653.12252279604,403722.4980182369,412133.3833936167,329706.7067148934,0.05736574006932803,0.13807763090881756,0.0655851201444223,0.18808722990385995
Argentina,ARG,South America,Transport,1195278.4436123227,977955.090228264,247507.1524651779,202505.85201696376,0.13587161051131338,0.3344716300349402,0.03938721536549024,0.11552317247258219
Argentina,ARG,South America,Manual,1304227.7678665728,519543.2942507477,735011.7656677249,326880.98096218205,0.14825627303882194,0.17768964468625037,0.11696658630742782,0.18647524289094466
Argentina,ARG,South America,Cleaning,968485.2383119831,6833.912751446803,745103.5673450922,3274.5831934015937,0.11009120911458699,0.0023372749529423273,0.11857255188108211,0.0018680459614345475
Argentina,ARG,South America,Tech,768235.3620156376,126552.50538716177,552258.5968823953,97864.15123095793,0.08732808363325731,0.04328237889939275,0.08788403921341494,0.05582839759410883
Argentina,ARG,South America,ArmedForces,23907.77176374496,9563.108705497985,23907.77176374496,9563.108705497985,0.002717682620845888,0.003270690636911207,0.0038045791646368387,0.005455450523310067
Australia,AUS,Australia and New Zealand,Food,426490.0190527688,278732.655008007,212849.23151886128,120500.87899088516,0.11465334750381419,0.1605741254823239,0.08145575295270518,0.11010514262342058
Australia,AUS,Australia and New Zealand,Health,1200065.4611655923,602150.7493626437,1030399.5529942351,526722.4681959889,0.32261369832741554,0.34689093025234147,0.3943259312347518,0.48128157212916495
Australia,AUS,Australia and New Zealand,Retail,628136.7183507488,48318.209103903755,579818.509246845,44601.423788218846,0.16886204654665835,0.027835468978360384,0.22189205434096973,0.040753612492577106
Australia,AUS,Australia and New Zealand,Security,128315.44200142562,102652.35360114051,104790.94430116424,83832.75544093142,0.0344950510086256,0.05913663724737208,0.040102683057701975,0.07660041629270017
Australia,AUS,Australia and New Zealand,Transport,415528.9223074787,339978.20916066435,86043.86775053851,70399.52815953153,0.1117066749487287,0.19585686369418054,0.03292832200788111,0.06432608752350308
Australia,AUS,Australia and New Zealand,Manual,562628.3950254442,292676.7936538585,340342.4205984755,195127.08517096672,0.15125143850642875,0.16860715580163668,0.1302464093187881,0.17829326825131905
Australia,AUS,Australia and New Zealand,Cleaning,136214.10659405927,10763.301995445105,93088.13885637556,5157.415539484113,0.03661844967189713,0.00620059319985705,0.03562411002099449,0.004712479927935607
Australia,AUS,Australia and New Zealand,Tech,220090.9186181137,59637.379089945796,163381.20729556144,47134.17349622058,0.059167060065792774,0.034356290234995195,0.06252472308034934,0.043067859244669694
Australia,AUS,Australia and New Zealand,ArmedForces,2351.795647354955,940.7182589419821,2351.795647354955,940.7182589419821,0.0006322334206390491,0.0005419351089326933,0.0009000139858584226,0.0008595615147097607
Austria,AUT,Western Europe,Food,167301.20021777647,130216.28025039272,86298.80210298253,63120.72712336768,0.10151556260502753,0.17054244243469174,0.0734255287701368,0.12661925233829463
Austria,AUT,Western Europe,Health,384653.81620436016,199689.20899143745,334263.98646655004,176711.96049748725,0.23340148492256554,0.2615301663030621,0.2844015137757289,0.3544815995812995
Austria,AUT,Western Europe,Retail,284973.1330450875,21921.0102342375,263052.12281085004,20234.77867775769,0.172916918053978,0.0287096407514794,0.22381239068005673,0.040590669090376105
Austria,AUT,Western Europe,Security,42393.50968477679,33914.80774782143,34621.36624256772,27697.092994054172,0.025723670725911047,0.044417749738316845,0.02945686453528702,0.055559962102417704
Austria,AUT,Western Europe,Transport,146361.71273779342,119750.4922400128,30307.223344694594,24796.819100204673,0.08880983276313519,0.15683554613983677,0.02578626638389835,0.04974205523170381
Austria,AUT,Western Europe,Manual,306664.44841544906,160435.94180504043,188815.7225921802,108595.24486344066,0.1860788444513916,0.21012071084451933,0.16064990398015214,0.21784046760469686
Austria,AUT,Western Europe,Cleaning,96562.30306115409,3077.8342391757683,71427.71148410435,1474.7955729383893,0.05859238612114071,0.004030996489446823,0.06077277270086091,0.002958418277284933
Austria,AUT,Western Europe,Tech,214192.23163196212,92563.1475951192,161604.636864687,73903.65647295848,0.1299682540916681,0.12122866080922996,0.13749792145823417,0.14824965037843998
Austria,AUT,Western Europe,ArmedForces,4932.645001639943,1973.0580006559776,4932.645001639943,1973.0580006559776,0.0029930462651824416,0.002584086489417019,0.004196837715645046,0.003957925395486498
Burundi,BDI,Eastern Africa,Food,4662438.537616631,4658804.429220011,109687.26046498952,107415.94271710211,0.9153039333635326,0.9767842622766303,0.2627660710356279,0.6415284366682241
Burundi,BDI,Eastern Africa,Health,19407.584912973438,11397.060723158704,17962.443716710965,10596.439176761633,0.0038099888426651406,0.00238955502848965,0.04303071060057395,0.06328592280962676
Burundi,BDI,Eastern Africa,Retail,183116.435798985,13478.646576470732,161743.75891764878,12441.827609049906,0.03594839751732149,0.0028259889533267294,0.3874722722142373,0.07430727705244562
Burundi,BDI,Eastern Africa,Security,8010.818994440475,6408.655195552381,6542.16884545972,5233.735076367776,0.0015726393122219783,0.0013436652326745061,0.015672376138173655,0.03125783562986217
Burundi,BDI,Eastern Africa,Transport,51947.30347864003,42502.3392097964,10756.764861738593,8800.989432331577,0.010198004931971488,0.008911216746873129,0.02576883430027253,0.05256282120548109
Burundi,BDI,Eastern Africa,Manual,76306.38420884761,29071.23137799459,44348.7225763744,17899.592773204135,0.014980043821191074,0.006095194963953843,0.10624150459626544,0.1069031046819014
Burundi,BDI,Eastern Africa,Cleaning,70265.0493372577,3771.8903977059385,50145.280398385,1807.364148900762,0.013794042649032097,0.000790830187333779,0.12012769992983131,0.010794258911716433
Burundi,BDI,Eastern Africa,Tech,21662.213716726623,3812.4367983648935,15531.82184159737,2955.689449783443,0.004252604996358165,0.000799331313890461,0.037207929016009646,0.017652489789064064
Burundi,BDI,Eastern Africa,ArmedForces,714.8968641368201,285.95874565472803,714.8968641368201,285.95874565472803,0.00014034456570620644,5.995529682766025e-05,0.0017126021690083352,0.0017078532516782176
Belgium,BEL,Western Europe,Food,105522.74786403851,74292.43574147596,51626.849466915424,32107.90439031383,0.0646434537335439,0.1039141041723019,0.043879417482454504,0.06809270710909436
Belgium,BEL,Western Europe,Health,475592.13459514227,253956.75033613198,417659.80769165227,226874.91465924008,0.2913487259481782,0.35521366268726684,0.3549832937043378,0.48114404872069
Belgium,BEL,Western Europe,Retail,256799.81855162352,19753.832196278734,237045.98635534482,18234.30664271883,0.15731610032287324,0.02763002392046083,0.20147345625829935,0.03867033134478358
Belgium,BEL,Western Europe,Security,52849.166468065174,42279.33317445214,43160.15261558656,34528.122092469246,0.0323755087560509,0.059136828507195156,0.036683283500369784,0.07322537391692346
Belgium,BEL,Western Europe,Transport,170462.37271750614,139469.21404159596,35297.76404756441,28879.98876618906,0.1044256023191519,0.19507798192510234,0.03000077170761339,0.0612471182318363
Belgium,BEL,Western Europe,Manual,252568.4527900729,122748.49870622858,150605.61962737405,82163.50742398217,0.15472395690002633,0.17169043058352276,0.1280048449028112,0.17424792281880946
Belgium,BEL,Western Europe,Cleaning,166317.30927000675,5527.733686162785,122755.3364181997,2648.7057246196678,0.10188632787250583,0.007731735921265277,0.10433394077911301,0.005617231848339441
Belgium,BEL,Western Europe,Tech,143530.81970650685,53417.74580931528,109672.14100217023,42599.47130100321,0.08792727720652166,0.07471631731115529,0.09321408745487739,0.09034265478803895
Belgium,BEL,Western Europe,ArmedForces,8738.21230226153,3495.284920904613,8738.21230226153,3495.284920904613,0.005353046941148041,0.004888914971729559,0.007426904210123641,0.007412611221484504
Benin,BEN,Western Africa,Food,2528964.0072989897,2476271.864183843,910447.9199715554,877515.3305245889,0.5524296125287749,0.8577599382943186,0.36503163334647537,0.7869303553435185
Benin,BEN,Western Africa,Health,56548.0286836682,33651.38403500845,51004.26547772949,30767.304006205366,0.012352412088438089,0.011656559003427859,0.020449462211473358,0.02759122790492013
Benin,BEN,Western Africa,Retail,1253068.9094569718,92394.99147976084,1108739.89775713,85287.68444285615,0.2737217177173251,0.03200485509554692,0.4445340880644045,0.07648352739879799
Benin,BEN,Western Africa,Security,22852.642489286354,18282.113991429087,18662.99136625052,14930.393093000419,0.004991955757052629,0.006332771936714003,0.007482670971192331,0.013389144478045116
Benin,BEN,Western Africa,Transport,193709.23535995846,158489.37438542055,40111.50833211261,32818.50681718305,0.042314053313648306,0.054899398551277415,0.01608216030953124,0.029430687229191232
Benin,BEN,Western Africa,Manual,329284.6583998426,90569.18710137642,230390.09874698607,61980.06643346655,0.07192929425902618,0.031372411673807894,0.09237175703042472,0.055581930031404755
Benin,BEN,Western Africa,Cleaning,38089.277698879705,4329.4933967414845,24453.654430798557,2074.5489192719615,0.008320262708351527,0.001499700433764217,0.009804358077333576,0.0018603954386121713
Benin,BEN,Western Africa,Tech,151919.26597688772,11534.024774242229,106893.75587140265,8354.9286717592,0.03318540754120977,0.0039952900655760345,0.04285758849500867,0.007492458262360794
Benin,BEN,Western Africa,ArmedForces,3457.610211144981,1383.0440844579923,3457.610211144981,1383.0440844579923,0.0007552840861734476,0.0004790749455670168,0.0013862814941563448,0.0012402739131493522
Burkina Faso,BFA,Western Africa,Food,3151183.2887846846,3083944.133229011,110424.68313246143,68400.21091016544,0.7061367555149155,0.9009169123987777,0.09311179516739936,0.22183534666571073
Burkina Faso,BFA,Western Africa,Health,57106.64339025056,35304.60278917266,52732.13461807365,32800.82185115134,0.012796811923146172,0.010313582984716406,0.04446454884917319,0.10637952119514565
Burkina Faso,BFA,Western Africa,Retail,776186.9045908127,59634.771760519856,715617.2611262383,55047.48162509526,0.17393279040023882,0.017421189270974295,0.6034195068172559,0.17852981747988317
Burkina Faso,BFA,Western Africa,Security,23336.33633663929,18669.06906931143,19058.008008255416,15246.406406604337,0.005229351426496873,0.005453821255079976,0.016070006158266977,0.04944709680877219
Burkina Faso,BFA,Western Africa,Transport,51736.98827350349,42330.263132866494,10713.214743503248,8765.357517411749,0.011593546198848623,0.012365998965992922,0.009033547830830907,0.028427779646435974
Burkina Faso,BFA,Western Africa,Manual,273775.6155466413,131389.96262103005,180854.34173212567,87221.20306257064,0.061349343146511456,0.03838313352349533,0.15249916906980182,0.2828755286061575
Burkina Faso,BFA,Western Africa,Cleaning,46137.57087598549,3506.6150658393144,31696.320463791762,1680.2530523813384,0.010338793913277175,0.0010243923630287094,0.026726826057943527,0.005449391360074555
Burkina Faso,BFA,Western Africa,Tech,77969.15645191663,46283.53366802548,59705.11198425546,37121.81388845452,0.01747181364001997,0.013520873415901778,0.05034427086248426,0.12039334883953483
Burkina Faso,BFA,Western Africa,ArmedForces,5135.4957495646495,2054.19829982586,5135.4957495646495,2054.19829982586,0.0011507938365453816,0.0006000958220330069,0.004330329186844141,0.0066621693982855746
Bangladesh,BGD,Southern Asia,Food,31021297.30741989,31002669.70420836,14730745.692280525,14719103.44027332,0.5951876162454494,0.7992761192535573,0.5180392599411866,0.8090912681917071
Bangladesh,BGD,Southern Asia,Health,521426.1162605715,289000.050596451,466779.34502009803,262213.83902020176,0.010004300081641696,0.007450675735627308,0.01641532828692855,0.014413576778717959
Bangladesh,BGD,Southern Asia,Retail,8455229.04230757,643551.3702762858,7722616.443315429,594047.4187165714,0.1622255693767082,0.016591320898564958,0.27158289136721986,0.032654066283705374
Bangladesh,BGD,Southern Asia,Security,533319.2423450276,426655.39387602225,435544.04791510594,348435.2383320848,0.010232486585054655,0.010999551675046067,0.015316869964836092,0.019153062549545564
Bangladesh,BGD,Southern Asia,Transport,5258419.378928354,4302343.128214108,1088864.6188690027,890889.2336200931,0.10089023886872227,0.11091819356284012,0.03829233313223492,0.04897110090793915
Bangladesh,BGD,Southern Asia,Manual,5094265.913780475,1937372.006686482,3090854.936960651,1240579.6044576366,0.09774072166279846,0.04994715596523782,0.10869675151392645,0.06819315656937573
Bangladesh,BGD,Southern Asia,Cleaning,681089.8574974024,47980.08100260748,472427.0146337541,22990.455480416087,0.013067675562229663,0.0012369687291810818,0.01661394108278884,0.0012637574602580158
Bangladesh,BGD,Southern Asia,Tech,502486.7983808395,117796.80376355218,375079.86782563204,92816.67214459559,0.009640922388231811,0.003036905307539513,0.013190513311831346,0.005102019921222203
Bangladesh,BGD,Southern Asia,ArmedForces,52665.85782752828,21066.343131011316,52665.85782752828,21066.343131011316,0.0010104692291637567,0.0005431088724056871,0.0018521113990473564,0.001157991337529122
Bulgaria,BGR,Eastern Europe,Food,117751.92767530945,102009.9051957373,51669.042393411255,41830.27834367866,0.09575595612882792,0.16990648459674626,0.06417500493903344,0.12568923572260113
Bulgaria,BGR,Eastern Europe,Health,159246.44952666058,79520.04639575427,138193.0840152842,70109.31704002757,0.12949933250004816,0.13244764331608608,0.17164130470418834,0.21066047907678476
Bulgaria,BGR,Eastern Europe,Retail,265998.0779335023,20215.658943327133,242587.9073199256,18660.60825537889,0.21630983699211076,0.03367096105301563,0.3013038258357818,0.05607033188895511
Bulgaria,BGR,Eastern Europe,Security,84722.64452237301,67778.11561789842,69190.1596932713,55352.12775461704,0.0688965182325735,0.11289042309305237,0.08593692923974947,0.16631891798417717
Bulgaria,BGR,Eastern Europe,Transport,205157.55826771248,167856.18403721935,42482.12065139501,34758.09871477774,0.1668342806510145,0.279579263335892,0.052764482876724285,0.1044391535417869
Bulgaria,BGR,Eastern Europe,Manual,227646.9288090055,118591.1668919852,143264.35202121048,79640.809694163,0.18512265368601968,0.19752403682936892,0.1779400211938321,0.23930016483624877
Bulgaria,BGR,Eastern Europe,Cleaning,75774.41024792993,11656.172812776496,45013.00155535136,5585.249472788739,0.0616198073919941,0.01941438277656374,0.05590793758360338,0.016782239214073118
Bulgaria,BGR,Eastern Europe,Tech,83482.85705031053,28790.165106451597,62799.740537323836,22899.55782393944,0.06788832212803722,0.047952556517046024,0.07799977457423705,0.0688072859001526
Bulgaria,BGR,Eastern Europe,ArmedForces,9927.79737357585,3971.11894943034,9927.79737357585,3971.11894943034,0.008073292289374184,0.006614248482229036,0.012330719052850055,0.011932191835220374
Bahamas,BHS,Caribbean,Food,9362.72148145894,5800.960326771583,4727.523240699175,2501.422519019578,0.09935861123364374,0.14409142014988885,0.07189881471783528,0.09909064621288016
Bahamas,BHS,Caribbean,Health,7601.33263733115,4106.8937022230275,6668.461212920252,3668.6035003631887,0.08066648739534074,0.10201210017364286,0.10141768380390144,0.14532702443740064
Bahamas,BHS,Caribbean,Retail,19561.663609675074,1504.7433545903905,18056.920255084682,1388.993865775745,0.20759132198111252,0.03737667467288207,0.2746197316637735,0.055023211272356765
Bahamas,BHS,Caribbean,Security,15802.902670270052,12642.322136216044,12905.70384738721,10324.56307790977,0.16770278448289422,0.31402561782620425,0.19627715454431377,0.40899433001694935
Bahamas,BHS,Caribbean,Transport,9202.353310365144,7529.198163026027,1905.5378066917722,1559.0763872932682,0.09765676003604985,0.18701952690376897,0.028980483590578716,0.06176081231278122
Bahamas,BHS,Caribbean,Manual,12829.078573232779,6127.045068831285,7497.990134926352,4046.8239153235095,0.1361441150383423,0.1521911158771206,0.11403362310864008,0.1603097412892547
Bahamas,BHS,Caribbean,Cleaning,9522.127995967192,773.2042910111155,6482.549982600094,370.4937227761595,0.1010502571866394,0.019205803536288604,0.09859024194435026,0.014676633846765964
Bahamas,BHS,Caribbean,Tech,10256.215257131871,1737.2367417185349,7414.5535976691235,1346.5193902815045,0.10884050182203425,0.043151632686669446,0.11276467363393206,0.053340639378853916
Bahamas,BHS,Caribbean,ArmedForces,93.210212783375,37.28408511335,93.210212783375,37.28408511335,0.0009891608239429802,0.0009261081735343973,0.0014175929926746875,0.00147696123275724
Bosnia and Herzegovina,BIH,Southern Europe,Food,185329.53958491143,184047.25679763337,32786.807618381834,31985.38087633306,0.28568494818243834,0.472268188521335,0.09221039580369322,0.20319969611187308
Bosnia and Herzegovina,BIH,Southern Europe,Health,54763.75090397795,33228.35856650498,50701.53870084354,30915.13144381434,0.08441816331233497,0.08526449663411925,0.14259421063122688,0.19640051618987867
Bosnia and Herzegovina,BIH,Southern Europe,Retail,118657.12445139319,9127.471111645631,109529.65333974756,8425.35794921135,0.18290961347174925,0.02342123606013522,0.3080437962809475,0.053525395915490964
Bosnia and Herzegovina,BIH,Southern Europe,Security,33973.01319789224,27178.410558313797,27744.62744494533,22195.70195595627,0.05236930139026427,0.06974023381058636,0.07802964862886165,0.14100691531165174
Bosnia and Herzegovina,BIH,Southern Europe,Transport,77525.60261887709,63430.038506353994,16053.281350373541,13134.502923032896,0.1195054917666745,0.16276248776786725,0.045148629427284544,0.08344208914878398
Bosnia and Herzegovina,BIH,Southern Europe,Manual,109863.39872778232,55605.07515935121,70179.05526025617,38028.50587457578,0.16935411075314818,0.14268350735036414,0.1973732404203146,0.24159102144755445
Bosnia and Herzegovina,BIH,Southern Europe,Cleaning,28538.887456343193,3554.7735617744775,17950.932933925193,1703.3289983502707,0.043992612307841884,0.009121605504116125,0.05048562977368909,0.010821066542290815
Bosnia and Herzegovina,BIH,Southern Europe,Tech,36763.07205319601,12215.568929773724,27313.690094120306,9698.451437397855,0.056670169030083865,0.031345344182798614,0.07681767019690562,0.06161322237976535
Bosnia and Herzegovina,BIH,Southern Europe,ArmedForces,3305.611005626736,1322.2444022506945,3305.611005626736,1322.2444022506945,0.005095589785464817,0.0033929001686779864,0.009296778837076955,0.008400076952710934
Belarus,BLR,Eastern Europe,Food,154423.54670889158,139827.88734088693,73133.85825992472,64011.5711549218,0.07652305492516168,0.12542799395404494,0.05772854744013333,0.10326769023290262
Belarus,BLR,Eastern Europe,Health,309577.2227113329,177039.02007577295,273164.755621359,159261.55310981954,0.15340791817051497,0.1588070131214874,0.21562385643341941,0.2569312459578841
Belarus,BLR,Eastern Europe,Retail,275671.4704371293,21205.49772593303,254465.9727111963,19574.30559316895,0.1366062593635915,0.019021692247102297,0.2008638861271134,0.03157856134521892
Belarus,BLR,Eastern Europe,Security,134520.35184973947,107616.28147979159,109858.28734395391,87886.62987516314,0.06666022437986767,0.09653363545354186,0.08671714447345734,0.14178451029731173
Belarus,BLR,Eastern Europe,Transport,441505.39584118244,361231.687506422,91422.83449236606,74800.5009482995,0.2187836141297791,0.32403096963130845,0.07216503496023054,0.12067310365652542
Belarus,BLR,Eastern Europe,Manual,480650.1555206577,256616.22439278636,306032.2348510267,176174.72996841575,0.23818141102555693,0.23018911930765132,0.2415679523568692,0.2842166988404684
Belarus,BLR,Eastern Europe,Cleaning,99506.2227352758,8286.921183992377,67495.46182433472,3970.8164006630145,0.04930932043751877,0.007433509294390302,0.05327785327654374,0.006405983022084728
Belarus,BLR,Eastern Europe,Tech,122145.919990906,42982.53700387556,91284.35423522405,34180.48061791425,0.06052819756800931,0.038556066990473495,0.07205572493223322,0.05514220664760392
Belarus,BLR,Eastern Europe,ArmedForces,0.0,0.0,0.0,0.0,0.0,0.0,0.0,0.0
Belize,BLZ,Central America,Food,30621.59602428804,27953.87250057535,11221.753634936249,9554.426432615823,0.3012548620411509,0.5223246429122339,0.18139898825683606,0.37567634170679354
Belize,BLZ,Central America,Health,9010.055444695272,4034.697726046027,7117.799726489823,3251.6447651884405,0.0886408078736942,0.07538927026916996,0.1150588144245401,0.12785341103742187
Belize,BLZ,Central America,Retail,20942.999713784546,1579.6416657568952,18955.699989082743,1458.1307683909802,0.20603695785483525,0.0295159738236187,0.3064177767202659,0.05733313628636795
Belize,BLZ,Central America,Security,7955.359458225391,6364.287566580313,6496.876890884069,5197.501512707255,0.07826472252375605,0.1189182010662892,0.10502163326474455,0.2043637436616703
Belize,BLZ,Central America,Transport,7989.48784190981,6536.8536888353,1654.3888965570818,1353.5909153648856,0.0786004771170301,0.12214263940425936,0.026743099321348,0.05322266981050051
Belize,BLZ,Central America,Manual,12130.789493959459,5237.239420445929,7311.629760062876,3358.6600689576503,0.11934254872131428,0.0978590429670877,0.11819206553018516,0.13206121127642073
Belize,BLZ,Central America,Cleaning,6199.427224158149,593.9838996743938,4112.2959608452575,284.617285260647,0.060989884121865935,0.011098728030853622,0.0664750226192469,0.0111910412694407
Belize,BLZ,Central America,Tech,6448.534894932564,1078.1949519698119,4643.266695377374,834.6047010807174,0.0634406021358132,0.02014632474501749,0.07505813334966369,0.0328163331503568
Belize,BLZ,Central America,ArmedForces,348.56090258655183,139.42436103462074,348.56090258655183,139.42436103462074,0.00342913761054008,0.002605176781470108,0.005634466513169828,0.005482111801027631
Bolivia,BOL,South America,Food,1486156.8889881521,1394339.9185991436,743861.2408769685,686475.6343838382,0.3852079408190617,0.6400336663136181,0.3101038001861442,0.623226964306084
Bolivia,BOL,South America,Health,194831.33539500245,108897.9709158109,173835.3472755923,98609.94856244604,0.050499767602352495,0.04998664002202871,0.07246916337956537,0.08952448683501187
Bolivia,BOL,South America,Retail,882211.3598185029,67734.61913781353,812815.4296537623,62524.26381952017,0.2286668546241076,0.031091727379279507,0.33884969364502004,0.05676356914064084
Bolivia,BOL,South America,Security,43534.17584772946,34827.340678183566,35552.91027564573,28442.32822051658,0.011283943409888862,0.015986539756106304,0.014821437088396786,0.025821784469568555
Bolivia,BOL,South America,Transport,424385.45333512744,347224.46181964973,87877.79589262742,71900.0148212406,0.10999958874065528,0.15938390801826666,0.03663484123216111,0.06527548208003696
Bolivia,BOL,South America,Manual,494369.99213662394,182896.33433450502,304375.2219526348,122422.18833270826,0.12813939637513116,0.0839535681780103,0.12688913983303576,0.11114277765558774
Bolivia,BOL,South America,Cleaning,138388.2465818052,7436.280698694297,98753.07872907477,3563.217834791017,0.0358698680430924,0.0034134216024627752,0.041168571920569524,0.0032349195267962236
Bolivia,BOL,South America,Tech,192055.32808900045,34332.109544505685,139546.94993588567,26695.688862169853,0.04978023383982238,0.01575921742678581,0.05817488141805348,0.02423607233279765
Bolivia,BOL,South America,ArmedForces,2131.219808055524,852.4879232222096,2131.219808055524,852.4879232222096,0.0005524065458881772,0.00039131130344182064,0.0008884712970537912,0.0007739436534761358
Brazil,BRA,South America,Food,6412755.517212726,5680832.273963518,2830035.22833846,2372583.201307705,0.15281987963137528,0.2987736020807224,0.10130540863522954,0.23083560177507423
Brazil,BRA,South America,Health,5594000.968453916,3050230.267505642,4894008.649415073,2720792.940630301,0.13330845879939163,0.16042161434251817,0.17518847155285217,0.2647139520374255
Brazil,BRA,South America,Retail,10241405.30145433,770894.4171183566,9250733.005420279,711594.8465707907,0.24405894177993523,0.0405438658842279,0.33114403591354424,0.06923315672878133
Brazil,BRA,South America,Security,1354440.7987694875,1083552.6390155898,1106126.6523284146,884901.3218627318,0.03227715126207433,0.05698758727423035,0.039595483262672315,0.0860946537222197
Brazil,BRA,South America,Transport,5610995.248495312,4590814.294223439,1161872.7534763021,950623.1619351564,0.13371344286955886,0.24144598133185696,0.04159099960821379,0.09248892495136837
Brazil,BRA,South America,Manual,6362458.486620109,3022295.5670406236,3897573.216685414,1998241.1069837199,0.15162127068076922,0.15895243682090188,0.13951955207068542,0.19441475779144027
Brazil,BRA,South America,Cleaning,3652042.820235046,99957.90175150453,2721083.588646295,47896.49458926259,0.08703041035930925,0.005257113909101789,0.09740531924059213,0.004659990910049065
Brazil,BRA,South America,Tech,2387148.216962975,576223.2689609638,1726655.9921253542,452569.31817938737,0.056887199613231805,0.030305471692808807,0.06180827330457777,0.044031800802304136
Brazil,BRA,South America,ArmedForces,347588.45007748826,139035.38003099535,347588.45007748826,139035.38003099535,0.00828324500435434,0.0073123266636316445,0.012442456411632611,0.013527161281337324
Barbados,BRB,Caribbean,Food,4576.727250354397,3893.5392157472447,2316.566217655194,1889.5736960257236,0.08794747881720949,0.17691075904542897,0.0663916503471044,0.13816764581231883
Barbados,BRB,Caribbean,Health,6721.588522297189,3576.818769208644,6002.1275007816785,3233.971128223305,0.1291636428928456,0.16251993067628473,0.17201802708406308,0.2364714212266108
Barbados,BRB,Caribbean,Retail,11706.10820845434,796.8015229770036,9561.618275724044,735.5090981326186,0.22494735809639507,0.0362042744216619,0.2740312849580031,0.05378121042659892
Barbados,BRB,Caribbean,Security,5464.253249729913,4371.402599783932,4462.473487279429,3569.9787898235436,0.10500238940288108,0.1986234397982085,0.12789229903842855,0.2610406601379336
Barbados,BRB,Caribbean,Transport,5001.67477848763,4092.2793642171514,1035.7003329191555,847.3911814793091,0.09611337153586101,0.1859409160749029,0.02968266300505248,0.061962147797341945
Barbados,BRB,Caribbean,Manual,7446.220658969224,3169.0114936872315,4163.464739961504,2036.7870218095438,0.14308834628986322,0.1439903896445796,0.11932285515577061,0.14893204134689525
Barbados,BRB,Caribbean,Cleaning,4923.6870196023065,949.972219986509,2694.84530804013,455.19502207686895,0.09461474022195926,0.04316389207797681,0.0772329433397468,0.03328434594434113
Barbados,BRB,Caribbean,Tech,6199.063234217326,1158.6678916698586,4655.637230412984,907.5431959363749,0.11912267274298542,0.05264639826095646,0.13342827707183078,0.06636052730795945
Barbados,BRB,Caribbean,ArmedForces,0.0,0.0,0.0,0.0,0.0,0.0,0.0,0.0
Brunei Darussalam,BRN,South-eastern Asia,Food,5797.546229848009,3344.6716078110603,2717.058656293576,1184.012017520483,0.07883701497829378,0.10421053806454637,0.050476207239949375,0.05532246899243485
Brunei Darussalam,BRN,South-eastern Asia,Health,7319.2671629896795,4252.152787013942,6636.444162656799,3898.3998905086974,0.09952989628404892,0.1324850932547561,0.12328866368589074,0.18215111322469987
Brunei Darussalam,BRN,South-eastern Asia,Retail,15089.547458627532,1160.7344198944256,13928.813038733108,1071.4471568256236,0.20519282328218383,0.03616521220341888,0.2587627808185363,0.05006292270128297
Brunei Darussalam,BRN,South-eastern Asia,Security,9636.074180275218,7708.859344220175,7869.460580558095,6295.568464446475,0.13103462988724168,0.24018632449564878,0.14619504890362714,0.2941578176659559
Brunei Darussalam,BRN,South-eastern Asia,Transport,5731.687624654615,4689.56260199014,1186.8646091456526,971.0710438464431,0.07794144715731631,0.14611354995194892,0.022048999140386764,0.04537289057686175
Brunei Darussalam,BRN,South-eastern Asia,Manual,10935.713140388503,5529.597310312479,6526.656367687823,3547.35473923523,0.14870756462596327,0.17228666325333414,0.1212490789023842,0.16574867455947323
Brunei Darussalam,BRN,South-eastern Asia,Cleaning,6481.840916480591,317.64070216846613,4662.027651894792,152.20283645572334,0.08814228798877463,0.009896788792918195,0.08660890458523463,0.007111614219943271
Brunei Darussalam,BRN,South-eastern Asia,Tech,9906.168177389922,4035.897863178132,7660.644216958104,3225.740187147945,0.1347074603661868,0.12574719948981752,0.14231575906211003,0.15072136839865813
Brunei Darussalam,BRN,South-eastern Asia,ArmedForces,2640.5333881817114,1056.2133552726846,2640.5333881817114,1056.2133552726846,0.035906875429991,0.032908630493611105,0.04905455766188086,0.04935112966069013
Bhutan,BTN,Southern Asia,Food,153859.35387312702,152348.96671596647,72603.08813813074,71659.0961649054,0.6753682017296506,0.7992903359667964,0.6236941707415067,0.7910915802596855
Bhutan,BTN,Southern Asia,Health,4687.696950412385,2750.874078126345,4285.468533971534,2536.611549411648,0.020576724001221337,0.014432307048115508,0.0368141605553889,0.028003312161670763
Bhutan,BTN,Southern Asia,Retail,10806.618855247307,818.7338565488526,9824.80627858623,755.7543291220177,0.04743583382694064,0.004295441402555574,0.08439963866220955,0.008343265803093384
Bhutan,BTN,Southern Asia,Security,8491.620125250234,6793.2961002001875,6934.823102287691,5547.858481830153,0.03727410826442595,0.035640648173046525,0.05957334398492051,0.061246434414247264
Bhutan,BTN,Southern Asia,Transport,23363.64835877166,19115.712293540448,4837.927185402213,3958.3040607836288,0.10255512440874405,0.10028951577882475,0.04156003637567738,0.04369830464212896
Bhutan,BTN,Southern Asia,Manual,16165.341712153726,5589.439825986416,9889.520505896724,3518.513767791576,0.07095803724410041,0.029324683538602975,0.08495556386281267,0.03884317226555927
Bhutan,BTN,Southern Asia,Cleaning,2349.117216379741,156.26945321607326,1640.4359880650445,74.87911299936845,0.010311489227926938,0.0008198589491932046,0.014092105301143654,0.0008266394498584889
Bhutan,BTN,Southern Asia,Tech,6631.894388568542,2447.909297178964,4931.863661594992,1947.4480865819135,0.029110811104548585,0.012842819263790677,0.04236699423551344,0.02149915177191826
Bhutan,BTN,Southern Asia,ArmedForces,1460.2223081027523,584.0889232411012,1460.2223081027523,584.0889232411012,0.006409670192441401,0.003064389879074491,0.01254398628082713,0.006448139231838034
Botswana,BWA,Southern Africa,Food,243107.40089724638,239683.59745107233,25378.407894682714,23238.53074082393,0.40744069415447903,0.639724517933118,0.09116397333399977,0.20709278791447094
Botswana,BWA,Southern Africa,Health,35629.50547777417,19836.201654337397,31012.719877598272,17652.38032136154,0.05971397987336859,0.05294356675172782,0.1114034725767229,0.15731117835497427
Botswana,BWA,Southern Africa,Retail,77076.8775829026,5928.9905833002,71147.8869996024,5472.914384584799,0.1291785292826655,0.015824698406848563,0.25557647666941136,0.048772493862092245
Botswana,BWA,Southern Africa,Security,59095.470236318906,47276.376189055125,48261.30069299378,38609.04055439501,0.09904223123444966,0.1261824225303604,0.17336359111644875,0.344068819852982
Botswana,BWA,Southern Africa,Transport,33399.57201077174,27326.922554267792,6916.072992129502,5658.605175378685,0.0559766784322751,0.07293658199198728,0.024843823790955448,0.050427298289464795
Botswana,BWA,Southern Africa,Manual,47501.26262412179,21426.36560754165,28529.234581118682,13884.705326310186,0.07961068789084985,0.05718777402838918,0.10248233030951699,0.12373511765720742
Botswana,BWA,Southern Africa,Cleaning,81748.57959250086,8910.448452507604,52939.1929203388,4269.589883493228,0.13700816138209349,0.02378232136645036,0.1901674522586742,0.03804893184020136
Botswana,BWA,Southern Africa,Tech,18244.391877977858,3931.448271779379,13330.814092270319,3080.8253736289835,0.030577052215417913,0.010493183001212505,0.04788676994520477,0.027455122822444267
Botswana,BWA,Southern Africa,ArmedForces,866.3553603576328,346.5421441430531,866.3553603576328,346.5421441430531,0.0014519855344007585,0.0009249339899059159,0.0031121099990657403,0.003088249406162707
Switzerland,CHE,Western Europe,Food,147413.89711101344,117995.69994708707,71523.3832624219,53137.010034967934,0.09301354655799865,0.15232744924798616,0.061185933027785314,0.09783381361828368
Switzerland,CHE,Western Europe,Health,507024.55710232985,277674.0705849966,450224.82166605047,250370.30761337827,0.31991659655107796,0.35846546029630955,0.38515272249961996,0.4609721547087493
Switzerland,CHE,Western Europe,Retail,167872.26622250283,12913.251247884835,154959.014974618,11919.924228816768,0.10592213594573605,0.01667046023686248,0.13256240798203406,0.021946504791645213
Switzerland,CHE,Western Europe,Security,38898.53852495477,31118.830819963812,31767.139795379724,25413.71183630378,0.024543758051551255,0.04017309210852922,0.027175757064971093,0.046790746139188835
Switzerland,CHE,Western Europe,Transport,99385.00026118926,81315.0002137003,20579.722276306868,16837.95458970562,0.0627088187079086,0.10497422002417808,0.01760528447470838,0.0310013926255604
Switzerland,CHE,Western Europe,Manual,271228.98296884296,138863.463241818,169691.73418556526,94177.29140963849,0.17113698321300463,0.1792668475109954,0.14516577110386494,0.17339559694424048
Switzerland,CHE,Western Europe,Cleaning,81592.26957943707,1870.306932105943,61226.67639288008,896.1887383007643,0.051482163581799446,0.0024144870059356594,0.05237743448941248,0.001650028142946389
Switzerland,CHE,Western Europe,Tech,268988.7234520251,111883.90636853885,206518.34868805614,89398.80625207034,0.16972344970664452,0.14443738268990008,0.17666974457114545,0.16459763435704164
Switzerland,CHE,Western Europe,ArmedForces,2460.578195967527,984.2312783870109,2460.578195967527,984.2312783870109,0.0015525476842788318,0.0012706008793033064,0.002104944786458357,0.0018121286723440687
Chile,CHL,South America,Food,655381.6716268453,562215.986629074,259895.07420192575,201666.52107831865,0.1516582730158015,0.279620574846728,0.09265521654430912,0.18952615974244233
Chile,CHL,South America,Health,547933.1262816628,302455.8573402904,485724.5403680984,272488.94462634734,0.1267941952873835,0.15042774077331514,0.17316570006911544,0.256085060480844
Chile,CHL,South America,Retail,1058367.429019201,76949.38859792387,923392.6631750864,71030.20485962203,0.24491099377679212,0.038271114279166664,0.32919880234221066,0.06675417357715528
Chile,CHL,South America,Security,226750.25237507705,181400.20190006166,185179.37277297958,148143.49821838364,0.052471030500042946,0.09022018217008256,0.06601831503158449,0.13922523261675976
Chile,CHL,South America,Transport,608359.5152002628,497748.6942547605,125973.43496571097,103069.17406285444,0.14077713406140804,0.24755748560481594,0.044910800758423554,0.09686439099314782
Chile,CHL,South America,Manual,648148.4028641452,301758.85899588827,397609.7040661401,200914.48177399926,0.14998446201939813,0.1500810856045472,0.1417518717640009,0.1888193933413515
Chile,CHL,South America,Cleaning,326975.82440824783,12377.90835248457,239529.80622983622,5931.081085565523,0.0756636796457547,0.006156206744802773,0.0853947930071136,0.005574028922885614
Chile,CHL,South America,Tech,239613.562641358,71769.05385058209,177757.88540075292,56849.598599768666,0.055447658478375156,0.03569465218203696,0.0633724798934385,0.05342724239949145
Chile,CHL,South America,ArmedForces,9907.210705516994,3962.884282206798,9907.210705516994,3962.884282206798,0.0022925732150438478,0.0019709577945047074,0.0035320205898037482,0.0037243179259221514
Côte d'Ivoire,CIV,Western Africa,Food,5088323.895039664,5088323.895039664,2528122.2237169514,2528122.2237169514,0.519014688423542,0.8150072090490621,0.41124833786473197,0.7875235301281638
Côte d'Ivoire,CIV,Western Africa,Health,146133.54096855485,89825.90229263925,130950.77789977778,81873.27693309796,0.014905783475765195,0.014387597849108032,0.0213016954829818,0.02550396158407131
Côte d'Ivoire,CIV,Western Africa,Retail,2792418.6094361683,209746.0567649653,2516952.6811795835,193611.7447061218,0.2848297994428902,0.03359545340651472,0.4094313941425853,0.060311089090093306
Côte d'Ivoire,CIV,Western Africa,Security,82279.82251786382,65823.85801429107,67195.18838958879,53756.150711671035,0.008392633277390952,0.010543141497216132,0.010930606629096194,0.016745327095900927
Côte d'Ivoire,CIV,Western Africa,Transport,471595.1810001505,385850.60263648676,97653.54758083925,79898.35711159576,0.04810323221905061,0.06180247744669376,0.015885252205160377,0.0248887635469832
Côte d'Ivoire,CIV,Western Africa,Manual,729787.7384367343,334228.9048721885,473447.5522140372,228129.9828492383,0.07443915982811282,0.05353412490288877,0.07701546906537056,0.07106370401561095
Côte d'Ivoire,CIV,Western Africa,Cleaning,279256.57903879834,31987.485031293054,178992.2876872431,15327.33657749459,0.028484481206343563,0.005123500672837885,0.029116583095321922,0.004774546932792003
Côte d'Ivoire,CIV,Western Africa,Tech,208401.84196322132,35253.227798223736,148502.63645928467,27251.8971598928,0.021257219332848784,0.005646581347899272,0.024156847259790126,0.008489111029804106
Côte d'Ivoire,CIV,Western Africa,ArmedForces,5617.613285231618,2247.0453140926475,5617.613285231618,2247.0453140926475,0.0005730027940557646,0.00035991382777946103,0.0009138142549618254,0.0006999665765804821
DR Congo,COD,Middle Africa,Food,25496224.898627784,25481096.050018962,7142914.863086965,7133459.332706452,0.847230651348953,0.9519136749233065,0.66432030032882,0.8921682376912551
DR Congo,COD,Middle Africa,Health,450041.483150436,267100.21638212283,416321.7158085579,248293.6869894452,0.014954721352654599,0.009978234376182876,0.03871962253233755,0.031053620805768622
DR Congo,COD,Middle Africa,Retail,2641702.2354459614,195036.77207246193,2340441.264869543,180033.94345150326,0.08778284293088912,0.007286113991495212,0.21767061119753517,0.02251650406378568
DR Congo,COD,Middle Africa,Security,157455.24880202796,125964.1990416224,128588.45318832283,102870.76255065826,0.005232182942033637,0.004705725506591479,0.011959252137014445,0.012865851286763489
DR Congo,COD,Middle Africa,Transport,404917.2070390054,331295.8966682772,83846.49236666273,68601.67557272405,0.013455257412657939,0.012376433645768431,0.00779806676380672,0.008579881533461184
DR Congo,COD,Middle Africa,Manual,428842.0761869517,183907.38684615766,274272.40593541396,122465.31355339877,0.01425027246105218,0.006870346397761717,0.025508455662059858,0.015316504640363507
DR Congo,COD,Middle Africa,Cleaning,209100.96169409205,23938.602651459118,134040.75037282874,11470.580437157494,0.006948351949284567,0.0008942897580915597,0.012466338077771071,0.001434603753468361
DR Congo,COD,Middle Africa,Tech,299992.21218593075,157813.72756772785,226460.23291680546,126316.75845127185,0.009968636468357264,0.00589554880478658,0.021061727995846487,0.01579819755355444
DR Congo,COD,Middle Africa,ArmedForces,5329.069959909527,2131.6279839638114,5329.069959909527,2131.6279839638114,0.00017708313411768202,7.963259601554074e-05,0.0004956253048087446,0.00026659867157956024
Colombia,COL,South America,Food,3507229.8024206404,3114038.5871264953,1348292.3708521524,1102547.8612933115,0.27588820357401417,0.48346327784317195,0.17714311706615848,0.3721000108266637
Colombia,COL,South America,Health,867894.4030136267,420280.2350780806,727266.1865919187,359510.0717218092,0.0682709264086749,0.06524969244232873,0.09555064021335907,0.12133142358378941
Colombia,COL,South America,Retail,2898937.1578866974,205190.83606645797,2462290.0327974954,189406.92559980732,0.22803825520965879,0.031856456306667155,0.32350381931999467,0.06392313797938973
Colombia,COL,South America,Security,589305.9287243969,471444.7429795175,481266.5084582574,385013.20676660596,0.046356401830036253,0.07319312666999739,0.06323038777855022,0.1299385028403317
Colombia,COL,South America,Transport,1485848.1192535304,1215693.9157528887,307675.6206535089,251734.59871650726,0.11688084086242582,0.1887399108648289,0.04042344202643568,0.08495816843540999
Colombia,COL,South America,Manual,1650719.0642628232,802776.0417309513,1047435.5253001008,524394.6795220635,0.12985003632511552,0.1246332457515714,0.13761554829552256,0.176978499326747
Colombia,COL,South America,Cleaning,1057370.5993365762,54256.55690677943,757592.9120675727,25997.933517831807,0.0831756376390302,0.008423483560889684,0.09953506584485003,0.008774069301724911
Colombia,COL,South America,Tech,646598.4713262958,153985.79198143378,470897.44415884605,120996.40446521375,0.050863188538371205,0.023906728722111595,0.0618680657697887,0.04083520089430021
Colombia,COL,South America,ArmedForces,8600.130938744398,3440.05237549776,8600.130938744398,3440.05237549776,0.0006765096126732002,0.0005340778384332779,0.001129913685340689,0.0011609868116432508
Costa Rica,CRI,Central America,Food,200794.64446334087,178369.9257722285,72784.21876887011,58768.76958692489,0.1941681901148433,0.3446541977189684,0.11430661055922225,0.23346134869606977
Costa Rica,CRI,Central America,Health,93371.17740120391,49941.80931925225,81635.17427906461,44477.16601231658,0.0902898210922835,0.09649975548871662,0.12820691397243303,0.1766873670556586
Costa Rica,CRI,Central America,Retail,218835.18776332427,15983.041830915072,191796.50197098084,14753.577074690835,0.2116133747242653,0.03088313478572079,0.3012137579856083,0.058609190326064944
Costa Rica,CRI,Central America,Security,71628.20738221213,57302.56590576971,58496.3693621399,46797.09548971192,0.06926439410645716,0.11072253236630714,0.09186774035508888,0.18590338210037352
Costa Rica,CRI,Central America,Transport,148841.25555622063,121779.20909145327,30820.664029318414,25216.90693307871,0.14392932283135942,0.23530713166221523,0.04840342728089737,0.1001751975397768
Costa Rica,CRI,Central America,Manual,154771.5983086801,78014.8148419744,97963.86080306706,51053.29497854585,0.14966395744815053,0.15074364864562234,0.15385089068900476,0.20281130921824472
Costa Rica,CRI,Central America,Cleaning,102305.28510958314,6507.445316951955,71797.99540109427,3118.1508810394785,0.0989290929646156,0.01257397139794814,0.11275776037807594,0.01238698232483118
Costa Rica,CRI,Central America,Tech,43580.03812967303,9634.202034550373,31450.705543801687,7543.087027483093,0.04214184671802517,0.018615627934501253,0.049392898779669354,0.02996522273898056
Costa Rica,CRI,Central America,ArmedForces,0.0,0.0,0.0,0.0,0.0,0.0,0.0,0.0
Cyprus,CYP,Western Asia,Food,24844.72671351115,15729.863672710226,12030.830328151365,6334.040927650785,0.11205532203692227,0.18093358967255063,0.07779021963892004,0.12211395885337889
Cyprus,CYP,Western Asia,Health,31884.157825519935,16597.475567633363,28358.1727756655,14947.294963672282,0.14380474433118737,0.19091334142738575,0.18336128335345162,0.2881688613970111
Cyprus,CYP,Western Asia,Retail,43968.852235063096,3382.2194026971615,40586.63283236593,3122.048679412764,0.19830944222519686,0.03890415774243697,0.2624293582668359,0.060189968509953305
Cyprus,CYP,Western Asia,Security,13435.962639347865,10748.770111478292,10972.702822134086,8778.162257707272,0.06059922243416813,0.12363829727328475,0.07094846650518478,0.169234167727981
Cyprus,CYP,Western Asia,Transport,24460.75995064061,20013.34905052414,5065.106858465985,4144.178338744897,0.11032354531983186,0.23020460700897855,0.032750505515209354,0.079895603599494
Cyprus,CYP,Western Asia,Manual,29250.269377841858,12927.284097560076,16685.737213327036,8481.30519564861,0.1319253132705353,0.14869676973401397,0.10788841062988028,0.16351106118736522
Cyprus,CYP,Western Asia,Cleaning,28856.729636124703,764.9388089622623,21530.44613961429,366.5331792944174,0.13015036025934112,0.00879874914780752,0.13921384380307267,0.007066392226700863
Cyprus,CYP,Western Asia,Tech,20696.708017488985,5045.227957689298,15107.501603406523,3968.260158448045,0.09334682199352415,0.05803300168994748,0.0976836873157791,0.07650407745122542
Cyprus,CYP,Western Asia,ArmedForces,4320.233604461813,1728.0934417847252,4320.233604461813,1728.0934417847252,0.01948522812929289,0.019877486303594313,0.027934224971666425,0.03331590904689024
Czechia,CZE,Eastern Europe,Food,86490.48956690246,77367.9722653935,40137.584300424925,34436.010986981826,0.047988743696297735,0.0792929413478434,0.03398636208869668,0.05966495648880379
Czechia,CZE,Eastern Europe,Health,345278.69873604644,180647.82948015654,297590.38471936714,158973.84365745337,0.19157587221908876,0.1851424734055283,0.25198363941100177,0.27544326978713124
Czechia,CZE,Eastern Europe,Retail,250538.15705102825,19272.16592700217,231265.99112402607,17789.691624925086,0.13900963522196852,0.019751670849711866,0.195823686206727,0.03082300029325846
Czechia,CZE,Eastern Europe,Security,92475.9276141068,73980.74209128544,75522.00755152054,60417.606041216444,0.05130972908782076,0.07582143452579718,0.06394800133211029,0.10468151601443122
Czechia,CZE,Eastern Europe,Transport,343797.77993809857,281289.0926766261,71190.44938112143,58246.73131182663,0.1907541930612343,0.2882877613864055,0.060280269281133864,0.10092018760967922
Czechia,CZE,Eastern Europe,Manual,440836.3080131305,254393.37703799005,283679.8237898144,177429.35237965613,0.24459545440427002,0.2607228615939294,0.24020491956901938,0.3074198865127225
Czechia,CZE,Eastern Europe,Cleaning,63927.81611777724,3781.6362092053982,45204.68039727586,1812.03401691092,0.0354699759257003,0.0038757259542335164,0.038276908360659896,0.0031395892751949145
Czechia,CZE,Eastern Europe,Tech,178091.71321651625,84642.12319440472,135529.01560102406,67702.73683547438,0.0988131483909698,0.08674807822271072,0.11475872995406605,0.11730397138590168
Czechia,CZE,Eastern Europe,ArmedForces,870.9616515702279,348.3846606280913,870.9616515702279,348.3846606280913,0.0004832479926498434,0.00035705271384019345,0.0007374837965851788,0.0006036226328769555
Germany,DEU,Western Europe,Food,972015.715133299,640785.3204747852,495560.85714595235,288541.8604843812,0.07295200957680055,0.09712474991679544,0.04988516654934316,0.06222186841124844
Germany,DEU,Western Europe,Health,3920169.968427409,2389333.0692076855,3546336.97428353,2190352.270346975,0.29421775041999537,0.36215463962685673,0.35698866859882816,0.47233288962308473
Germany,DEU,Western Europe,Retail,2221954.295085643,170788.0983258208,2049457.1799098495,157650.55230075764,0.1667627678139665,0.02588659697505218,0.20630667511626943,0.03399614844013027
Germany,DEU,Western Europe,Security,474226.49787979363,379381.1983038349,387284.9732684981,309827.97861479846,0.03559178671319624,0.05750335226327033,0.038985676763947666,0.06681205868406954
Germany,DEU,Western Europe,Transport,1160726.2023499778,949685.0746499819,240352.3954361065,196651.959902269,0.08711516461260768,0.14394512862240616,0.024194847320906272,0.04240650681087372
Germany,DEU,Western Europe,Manual,2390358.4128414514,1407417.1273175327,1558084.014409885,971315.2954548871,0.17940188323157022,0.21332423223747826,0.15684305859898595,0.2094567921554604
Germany,DEU,Western Europe,Cleaning,695277.4245149506,31101.267495006105,503622.5940037044,14902.690674690424,0.05218216592803962,0.004714063713740601,0.05069669369081692,0.003213652454370031
Germany,DEU,Western Europe,Tech,1420736.6621771012,601626.9462587392,1084755.4815128795,480632.5188676686,0.1066295461807857,0.0911894589833768,0.10919588801309531,0.10364476507133967
Germany,DEU,Western Europe,ArmedForces,68577.85716988337,27431.14286795335,68577.85716988337,27431.14286795335,0.005146925523038187,0.004157777661023515,0.006903325347807167,0.005915318349423132
Denmark,DNK,Northern Europe,Food,119816.48905270104,60152.29437519774,63174.269198030255,25884.14752459069,0.11247417305978956,0.13196357073407397,0.08152929021909591,0.08476568116826604
Denmark,DNK,Northern Europe,Health,365118.3687232827,172865.02315855888,304163.32676086965,146813.62744097726,0.3427440322761217,0.3792355046133987,0.3925367156010701,0.48078682610642637
Denmark,DNK,Northern Europe,Retail,185248.69989325883,14249.899991789143,170998.79990146967,13153.753838574592,0.17389671902112633,0.03126177820900061,0.22068178961567975,0.04307605274568921
Denmark,DNK,Northern Europe,Security,26846.879459079813,21477.503567263855,21924.951558248515,17539.961246598814,0.025201711302587877,0.04711787124047889,0.028295154994650837,0.05744005134109387
Denmark,DNK,Northern Europe,Transport,74119.63973750998,60643.34160341725,15348.006208272263,12557.459624950037,0.0695776120037964,0.1330408421217741,0.019807305542645367,0.04112330212307119
Denmark,DNK,Northern Europe,Manual,139498.6750273734,74212.57592776482,84362.10882069169,48634.513107784864,0.13095024099511815,0.16280935938562416,0.10887316847270434,0.1592688199583091
Denmark,DNK,Northern Europe,Cleaning,53608.990897431526,4541.595694193974,36271.19806327061,2176.181270134613,0.05032384914155077,0.009963463419999631,0.04680964372100568,0.007126581531546877
Denmark,DNK,Northern Europe,Tech,95436.64549977615,45448.512042336944,73037.63911311488,36367.27361382838,0.08958831849484598,0.0997060543733853,0.09425842121742185,0.11909593380196196
Denmark,DNK,Northern Europe,ArmedForces,5585.629274227165,2234.2517096908664,5585.629274227165,2234.2517096908664,0.005243343705063192,0.004901555902264736,0.007208510615726182,0.0073167512236354424
Dominican Republic,DOM,Caribbean,Food,373870.5620627053,274180.30989875365,174277.51068372684,111971.10308125702,0.17246646559957476,0.2950918452914502,0.12355225736927684,0.23466907678393037
Dominican Republic,DOM,Caribbean,Health,141624.74508644006,76232.01633725835,123657.03903400232,67850.40705085163,0.06533148555943923,0.08204617749376833,0.08766539212267026,0.14220090669717175
Dominican Republic,DOM,Caribbean,Retail,559214.15554752,41793.871526002156,501526.4583120258,38578.958331694295,0.2579654530392147,0.04498146010206197,0.3555520492103016,0.08085379429025076
Dominican Republic,DOM,Caribbean,Security,122788.59048944405,98230.87239155524,100277.34889971263,80221.87911977012,0.05664236868725759,0.10572287050560655,0.0710906001064596,0.16812904216230548
Dominican Republic,DOM,Caribbean,Transport,313342.2133560113,256370.90183673656,64883.99367472962,53086.90391568788,0.14454474233677542,0.2759241264625171,0.04599884319093199,0.11125955169139552
Dominican Republic,DOM,Caribbean,Manual,312881.3751484861,149533.10441826106,188309.53418828474,99948.47319518102,0.1443321577020649,0.16093788693738853,0.1335001168070509,0.2094720448869336
Dominican Republic,DOM,Caribbean,Cleaning,200125.65406178165,4922.488937112764,149773.64692872326,2358.6926156998666,0.09231795100800111,0.005297923634325712,0.10618049397122074,0.004943348804393574
Dominican Republic,DOM,Caribbean,Tech,126383.7711268477,20849.56370346709,90295.60950464397,16105.895975405403,0.05830082527796676,0.02243974495852634,0.06401414813113467,0.033754742387271074
Dominican Republic,DOM,Caribbean,ArmedForces,17555.93312076321,7022.373248305286,17555.93312076321,7022.373248305286,0.008098550789705452,0.007557964614355198,0.012446099090953363,0.014717492296347855
Ecuador,ECU,South America,Food,2617185.4072720385,2453229.5554738212,988096.1966127222,885623.7892388364,0.5045082559800824,0.7366140460767375,0.36479037508336,0.6452568991914113
Ecuador,ECU,South America,Health,159093.59115720054,85264.90128414231,140443.47590814208,76475.87807296515,0.030668071887191523,0.025601894361294272,0.05184963612872016,0.0557195826804897
Ecuador,ECU,South America,Retail,959473.2503063371,64431.28010347616,773175.3612417139,59475.02778782415,0.18495524804111682,0.01934632893404811,0.2854448089158303,0.043332928130439985
Ecuador,ECU,South America,Security,145590.52037180794,116472.41629744637,118898.92497030982,95119.13997624785,0.02806511885475246,0.0349723561880965,0.04389570933034107,0.06930288239838084
Ecuador,ECU,South America,Transport,398621.8493241502,326145.1494470321,82542.90819338463,67535.10670367835,0.07684133246322139,0.09792931835768608,0.030473610305918303,0.04920542341757775
Ecuador,ECU,South America,Manual,495060.99075186497,234321.49735458175,305781.93155082036,151491.63552610914,0.09543166347864097,0.07035807385574272,0.11289012738489257,0.11037533564565413
Ecuador,ECU,South America,Cleaning,229796.2211528716,12585.859541349719,163697.28422228803,6030.724363563407,0.04429724024997134,0.003779067841173357,0.06043459525123626,0.004393927252175011
Ecuador,ECU,South America,Tech,169498.42518157882,32652.489103034462,122755.88268685045,25451.561512654996,0.032673785602702725,0.009804334070162993,0.04531964058007239,0.01854376074896324
Ecuador,ECU,South America,ArmedForces,13276.5305600435,5310.612224017401,13276.5305600435,5310.612224017401,0.0025592834423203664,0.001594580315058406,0.004901497019628951,0.0038692605349079576
Egypt,EGY,Northern Africa,Food,5085942.409759641,4993483.132598761,2529661.3262954056,2471874.278069855,0.3110887138713753,0.5320589692698819,0.262498186791194,0.5248425312037152
Egypt,EGY,Northern Africa,Health,761417.673651775,462724.9922456051,700314.3861757539,428696.1421981055,0.04657316692393682,0.049303657565672475,0.07267030358729382,0.09102322492073081
Egypt,EGY,Northern Africa,Retail,3424666.2288813978,246076.57869595854,2952918.9443515027,227147.61110396174,0.20947445463343267,0.026219624127235646,0.3064188318713769,0.048229284242469604
Egypt,EGY,Northern Africa,Security,503069.34079885134,402455.472639081,410839.96165239526,328671.9693219162,0.030770933213266828,0.04288189992101422,0.04263208828553031,0.06978551856177755
Egypt,EGY,Northern Africa,Transport,2490181.0235552457,2037420.8374542918,515643.54528164177,421890.17341225233,0.15231537235619558,0.2170885536126261,0.05350735857801051,0.08957814257307602
Egypt,EGY,Northern Africa,Manual,2534333.772615252,911937.4702498808,1418725.5340882977,594795.8510434225,0.15501603642439374,0.09716754769675572,0.14721847402313384,0.1262904682413123
Egypt,EGY,Northern Africa,Cleaning,539970.7632584857,82936.40922514888,320914.3270710055,39740.36275371718,0.03302805984351793,0.008836929901536039,0.03330067471712533,0.008437901864046719
Egypt,EGY,Northern Africa,Tech,1009267.790926345,248171.29832352937,787853.5939635675,196928.21377884698,0.0617332627338812,0.026442817905277846,0.0817540821463353,0.04181292839287174
Egypt,EGY,Northern Africa,ArmedForces,0.0,0.0,0.0,0.0,0.0,0.0,0.0,0.0
Spain,ESP,Southern Europe,Food,1009702.4230101453,771837.0692898997,450552.9431383514,301887.09706319775,0.10994346813352748,0.19251056912100778,0.07055312345413758,0.12740617343870628
Spain,ESP,Southern Europe,Health,1813248.9615077048,906533.5080660027,1548807.9580662705,789558.9005842044,0.19743924038862198,0.22610637465962616,0.24253140665567857,0.33321953540414706
Spain,ESP,Southern Europe,Retail,2095899.977999336,161005.459242438,1932065.5109092558,148620.42391609662,0.22821626173310236,0.040157766222432154,0.3025465898927763,0.06272265257505963
Spain,ESP,Southern Europe,Security,471445.82566496596,377156.66053197277,385014.0909597221,308011.27276777773,0.05133432180558404,0.09406990964244291,0.060290243587916355,0.12999077476674345
Spain,ESP,Southern Europe,Transport,1058603.8715811458,866130.440384574,219205.85219609583,179350.2427058966,0.11526820018341295,0.21602909557695354,0.0343259494525409,0.07569163555101525
Spain,ESP,Southern Europe,Manual,1365090.0997381904,698805.5417850105,824990.8952884764,464856.08113015536,0.1486405662299293,0.1742951432453401,0.12918722509810382,0.19618438506534608
Spain,ESP,Southern Europe,Cleaning,748763.0041749538,22598.330914368653,555378.7746550238,10828.366896468313,0.0815305575316483,0.005636445460584596,0.08696804193333481,0.004569923008602712
Spain,ESP,Southern Europe,Tech,577907.0227190567,187987.45248587013,426822.2894397459,149104.61995069048,0.06292656221130603,0.04688757887588653,0.06683708571530302,0.06292699904949303
Spain,ESP,Southern Europe,ArmedForces,43171.561029305965,17268.624411722387,43171.561029305965,17268.624411722387,0.004700821782867452,0.004307117195726412,0.006760334210208804,0.007287921140886652
Estonia,EST,Northern Europe,Food,18441.90297038987,11952.05273305136,9300.139962946492,5243.983564609923,0.0817343232716998,0.10845297317167377,0.06362258111153585,0.08245238032897624
Estonia,EST,Northern Europe,Health,41748.11445100995,21257.87953294328,36068.544947099246,18704.344812512438,0.18502721156278984,0.1928940818925237,0.24674617109147923,0.29409278905707403
Estonia,EST,Northern Europe,Retail,30015.939054936658,2308.9183888412813,27707.020666095374,2131.3092820073366,0.1330303315204986,0.020951134476517513,0.18954469252193504,0.03351107442531012
Estonia,EST,Northern Europe,Security,6819.689335892601,5455.751468714082,5569.412957645624,4455.5303661165,0.030224792619686244,0.0495055101314558,0.03810054784693633,0.07005534624357035
Estonia,EST,Northern Europe,Transport,38211.13428344513,31263.65532281874,7912.406594046717,6473.78721331095,0.16935135203324464,0.2836865304817382,0.05412904884473347,0.10178887078958326
Estonia,EST,Northern Europe,Manual,51240.16588832517,27891.898221870993,32106.987867555406,19209.137375257793,0.22709588538320763,0.2530911933812526,0.2196450212565897,0.30202976060893183
Estonia,EST,Northern Europe,Cleaning,18441.172584382686,2258.7831730475514,11645.143220046402,1082.3336037519518,0.08173108620846829,0.020496207332630547,0.07966482999446411,0.017017784445711864
Estonia,EST,Northern Europe,Tech,19835.565399866733,7464.550436831041,14988.448265783187,5948.276890649403,0.08791102074838521,0.06773335981237458,0.10253649615222853,0.09352614905198835
Estonia,EST,Northern Europe,ArmedForces,878.6114027622481,351.44456110489926,878.6114027622481,351.44456110489926,0.003893996652019749,0.003189009319833338,0.006010611180097897,0.0055258450488539605
Ethiopia,ETH,Eastern Africa,Food,32756164.80281232,32041085.483454503,4702304.537191217,4255379.96259258,0.727399489509931,0.9225295539654168,0.3752259744523512,0.7212529600154456
Ethiopia,ETH,Eastern Africa,Health,365053.6273856687,219323.53014641206,336359.09197116765,203388.2988517573,0.008106560209432264,0.006314781019031684,0.02684017316457722,0.0344726942996561
Ethiopia,ETH,Eastern Africa,Retail,5318713.541595389,310574.1227735573,3726889.4732826874,286683.8056371298,0.11810996611770254,0.008942075545581673,0.29739157113886433,0.048590618281310304
Ethiopia,ETH,Eastern Africa,Security,302721.2459112791,242176.9967290233,247222.3508275446,197777.88066203572,0.006722376721000294,0.00697277989812418,0.01972740105664795,0.033521773168797585
Ethiopia,ETH,Eastern Africa,Transport,491890.0507036033,402455.4960302209,101856.02060024107,83336.74412746998,0.01092315214344311,0.01158753155960998,0.00812772211609953,0.014124913382204196
Ethiopia,ETH,Eastern Africa,Manual,1641316.6917687135,699321.1263786715,1077820.285251734,445198.58462000714,0.03644788487613751,0.02013491107003384,0.08600594955503778,0.07545760890320992
Ethiopia,ETH,Eastern Africa,Cleaning,3088306.414278237,695360.8259663214,1571446.2245344112,333193.72910886235,0.0685804495953496,0.02002088577663793,0.12539541755256056,0.05647367931674401
Ethiopia,ETH,Eastern Africa,Tech,1026018.0282125724,104796.42333471884,726335.8296867118,78346.36874630908,0.022784260442044624,0.0030173071922320487,0.057958830041375246,0.013279084561536997
Ethiopia,ETH,Eastern Africa,ArmedForces,41693.231561855355,16677.292624742146,41693.231561855355,16677.292624742146,0.0009258603849590204,0.00048017397333179686,0.003326960922486193,0.0028266680710952704
Finland,FIN,Northern Europe,Food,100766.0489197843,72026.93109136562,52623.6108670463,34661.66222428461,0.10007183255043091,0.14914703984299996,0.07454109806614637,0.11161208698874674
Finland,FIN,Northern Europe,Health,334784.2927548384,170295.7559025462,278111.7587251994,145435.3384682062,0.3324778339949259,0.35263348730591165,0.39394400230078924,0.46830822893942375
Finland,FIN,Northern Europe,Retail,156837.64394538704,11767.337919442834,141208.055033314,10862.158079485693,0.1557571286237594,0.02436676935868473,0.20002054789743573,0.034976629932181424
Finland,FIN,Northern Europe,Security,21798.387386792103,17438.709909433685,17802.016365880216,14241.613092704172,0.021648209846721396,0.0361105481278046,0.025216472717101136,0.04585862469830756
Finland,FIN,Northern Europe,Transport,111310.98832151409,91072.62680851153,23049.245056475138,18858.473228025116,0.1105441237772546,0.1885851929743547,0.032649147555574964,0.06072511874305337
Finland,FIN,Northern Europe,Manual,145469.33307293657,80346.93090830828,90459.6434515878,54848.180706175524,0.14446713845142725,0.16637536437923794,0.12813566082702976,0.17661357024774105
Finland,FIN,Northern Europe,Cleaning,42155.123707321996,1763.3746838804304,30681.06534439326,844.9503693593729,0.0418647007201804,0.0036514413463102544,0.04345958521144388,0.002720777599062718
Finland,FIN,Northern Europe,Tech,90023.56513152705,36697.26338466511,68240.55225892685,29285.641047028857,0.08940335789692953,0.07598946840063038,0.09666242232735187,0.09430106077752186
Finland,FIN,Northern Europe,ArmedForces,3791.797299722636,1516.7189198890546,3791.797299722636,1516.7189198890546,0.0037656741383706124,0.0031406882640657528,0.005371063097127195,0.004883902073961458
Fiji,FJI,Melanesia,Food,96387.54524228958,96387.54524228958,33221.58291779861,33221.58291779861,0.4462394617503439,0.6790251379700782,0.2982116135443384,0.5728530620263064
Fiji,FJI,Melanesia,Health,6770.579142855771,4119.500123599032,6351.596684513694,3865.7307590429127,0.03134533185642831,0.029020804843231027,0.057014739501076446,0.06665834399782872
Fiji,FJI,Melanesia,Retail,23599.35892424249,1815.3353018648068,21784.02362237768,1675.694124798283,0.10925649364277755,0.012788564131518946,0.19554302544797883,0.02889466503704443
Fiji,FJI,Melanesia,Security,0.0,0.0,0.0,0.0,0.0,0.0,0.0,0.0
Fiji,FJI,Melanesia,Transport,20954.603056452743,17144.675228006792,4339.084471285669,3550.1600219610023,0.09701223083956056,0.120779769138075,0.038949540263899775,0.06121683136820566
Fiji,FJI,Melanesia,Manual,31789.80559626988,17826.580665552585,18900.276396875288,12065.752056398373,0.14717529845550587,0.12558361524337996,0.16965723561975404,0.20805459596131792
Fiji,FJI,Melanesia,Cleaning,12861.10603357522,26.91486509638604,9970.934159471153,12.896706192018312,0.05954226782630719,0.00018960821068302427,0.08950351256884923,0.0002223830709822441
Fiji,FJI,Melanesia,Tech,23636.602004314293,4629.340930207764,16835.215152932968,3601.384672586424,0.10942891562907661,0.032612500463033774,0.15112033305410336,0.06210011853831457
Fiji,FJI,Melanesia,ArmedForces,0.0,0.0,0.0,0.0,0.0,0.0,0.0,0.0
France,FRA,Western Europe,Food,1124692.3648974411,877464.2369632925,556193.8251364321,401676.24517758907,0.09585187090073527,0.15410942282318113,0.06773684029608998,0.10827248259597234
France,FRA,Western Europe,Health,3152978.7391758496,1660728.9312497943,2704157.884088215,1456913.540496242,0.26871251241027627,0.29167453929107645,0.329329637352527,0.39271340501471325
France,FRA,Western Europe,Retail,1246181.7022751595,95860.13094424305,1150321.5713309166,88486.27471776282,0.10620579580108509,0.016835956189733426,0.14009351604591497,0.02385161869635984
France,FRA,Western Europe,Security,445040.7147147893,356032.5717718315,363449.9170170779,290759.9336136623,0.03792858070686988,0.06253015431363397,0.04426325477197456,0.07837481113146937
France,FRA,Western Europe,Transport,1101655.7287339724,901354.6871459774,228120.63069743873,186644.15238881353,0.09388857431898123,0.15830531290456065,0.027781988996381565,0.05031023363660272
France,FRA,Western Europe,Manual,2352249.3042186294,1190655.8479316342,1457115.6682227266,802927.3921293579,0.20047037187352867,0.2091154006923539,0.17745686278901507,0.21643037927652328
France,FRA,Western Europe,Cleaning,949172.916808814,40704.21844813877,689626.6743715785,19504.10467306649,0.0808932315395678,0.007148899461954671,0.083987145837825,0.005257363010926783
France,FRA,Western Europe,Tech,1277600.9871101894,537342.1874973426,978033.5330120496,429321.64234446385,0.10888350334831765,0.09437364041222487,0.11911117713974488,0.11572434418735378
France,FRA,Western Europe,ArmedForces,84078.1670193489,33631.266807739565,84078.1670193489,33631.266807739565,0.007165559100638138,0.005906673911280982,0.01023957677052709,0.009065362450078607
Gabon,GAB,Middle Africa,Food,111769.40251068403,106798.43385125656,34215.594010750894,31108.73859860872,0.22741053082013016,0.5050725201305915,0.10902729604302147,0.31062631303442345
Gabon,GAB,Middle Africa,Health,24196.927424758196,14647.24162085382,22297.93724335878,13585.989841170292,0.04923204371030283,0.06926992252255099,0.07105192457616022,0.13565853594187838
Gabon,GAB,Middle Africa,Retail,138101.60538253374,9738.685467882155,116864.22561458584,8989.555816506603,0.28098709200983757,0.04605631594628984,0.37238548361651785,0.08976232097123625
Gabon,GAB,Middle Africa,Security,12680.545525024694,10144.436420019756,10355.778845436835,8284.623076349466,0.025800348969916342,0.04797519854176822,0.03299847916078083,0.08272344161204366
Gabon,GAB,Middle Africa,Transport,28765.713038743772,23535.58339533582,5956.536538325731,4873.5298949937805,0.058527879049321635,0.11130478219167353,0.01898038281466216,0.04866306674397473
Gabon,GAB,Middle Africa,Manual,67960.99412061207,30141.971996239557,41643.568702739176,19850.961515496787,0.13827617756617058,0.14254779970883727,0.13269638667722217,0.19821539745821679
Gabon,GAB,Middle Africa,Cleaning,40927.672477325854,3360.1318571600555,27819.14331964559,1610.0631815558602,0.08327309186797713,0.015890778580429026,0.0886451357068718,0.01607676853414872
Gabon,GAB,Middle Africa,Tech,47330.99570405235,5183.793838688846,34919.65031106074,3943.567966957984,0.09630155136845217,0.024515264161930436,0.11127075715787794,0.039377230738362384
Gabon,GAB,Middle Africa,ArmedForces,19753.508572859522,7901.40342914381,19753.508572859522,7901.40342914381,0.04019128463789158,0.03736741821592927,0.06294415424688556,0.07889692496571557
United Kingdom,GBR,Northern Europe,Food,1453914.2394266492,664159.3708803825,742006.5739142449,248409.78107282822,0.13717546918206616,0.14114548765238277,0.09952159736919743,0.08243162610002051
United Kingdom,GBR,Northern Europe,Health,3665837.4931514976,1779339.0129428918,3079312.6134062405,1525369.5189505983,0.34586839060505375,0.37814067480193114,0.41301266169203094,0.5061744723072724
United Kingdom,GBR,Northern Europe,Retail,1402149.9855131935,105136.51992909325,1261638.2391491188,97049.09531916298,0.13229155950921084,0.02234335014470342,0.16921717040837572,0.032204507826320644
United Kingdom,GBR,Northern Europe,Security,565687.3955912951,452549.91647303617,461978.039732891,369582.43178631284,0.053372084677578986,0.0961747758869399,0.06196278318825447,0.12264122893459632
United Kingdom,GBR,Northern Europe,Transport,1007765.0888909855,824535.0727289881,208678.62951783033,170737.06051458846,0.09508170780997559,0.17522813052017644,0.02798901152165483,0.05665692177245191
United Kingdom,GBR,Northern Europe,Manual,1219521.5611797292,610305.6604875,729775.2316495201,399920.17164509837,0.11506073590588488,0.12970063187143108,0.09788106915428775,0.13270842201354324
United Kingdom,GBR,Northern Europe,Cleaning,495810.6494821016,43135.147158739084,334107.9682686963,20668.92468022914,0.04677927805081074,0.00916697354221936,0.04481221577387353,0.0068587197483605785
United Kingdom,GBR,Northern Europe,Tech,775706.6414819539,221316.36734875652,625692.3170367278,176770.37641310264,0.07318720706311657,0.04703360061529595,0.08392095305118699,0.05865900091016437
United Kingdom,GBR,Northern Europe,ArmedForces,12544.554870363565,5017.821948145427,12544.554870363565,5017.821948145427,0.0011835671963023723,0.0010663749649199375,0.001682537841138337,0.0016651003872699122
Georgia,GEO,Western Asia,Food,576889.8114936247,570142.5517950929,96478.09156722702,92261.05425564466,0.5631302860834614,0.7484779635140335,0.23581264888043224,0.43966998462584
Georgia,GEO,Western Asia,Health,70823.18540169639,41382.616525627804,63238.842335193134,37560.42318800227,0.0691339660746289,0.05432672310541035,0.15456896670476428,0.1789941684369886
Georgia,GEO,Western Asia,Retail,114933.3963042632,8771.598660264555,105259.18392317464,8096.860301782665,0.11219209466326106,0.011515275050645231,0.2572754765015284,0.038585581674995394
Georgia,GEO,Western Asia,Security,43520.13776069049,34816.110208552396,35541.445837897234,28433.15667031779,0.04248212941067017,0.04570627325452283,0.0868707325355301,0.13549818671552716
Georgia,GEO,Western Asia,Transport,73813.81177582355,60393.11872567382,15284.678196003866,12505.645796730438,0.07205326236324013,0.07928353772531496,0.037358952629915225,0.059595645633414976
Georgia,GEO,Western Asia,Manual,74449.43314243399,32603.19045610451,43389.84118234482,21156.95400340317,0.07267372338523904,0.04280117230298493,0.10605385344485502,0.10082344838192396
Georgia,GEO,Western Asia,Cleaning,39392.935355189205,4248.108334718038,25564.82032090061,2035.5519103857268,0.0384533658148687,0.005576878037160594,0.06248577164094443,0.009700421097124372
Georgia,GEO,Western Asia,Tech,26434.24896850689,7707.811590024909,20196.32201091046,6121.140706195156,0.025803759899131508,0.010118745046984515,0.04936403813208075,0.029170291429016174
Georgia,GEO,Western Asia,ArmedForces,4177.039797771711,1670.815919108685,4177.039797771711,1670.815919108685,0.004077412305499145,0.002193431962943097,0.010209559529949595,0.007962272005169288
Ghana,GHA,Western Africa,Food,5295785.173418373,5267691.433564274,1269482.4159361061,1251923.8285272936,0.5570935415684395,0.8190251110792125,0.2897753883692883,0.6408533156766248
Ghana,GHA,Western Africa,Health,144835.40653138098,85347.1463452638,133563.1330010752,79163.29499670575,0.015236054131136368,0.013269846363879768,0.03048747131220874,0.040523280188863045
Ghana,GHA,Western Africa,Retail,2185846.052458096,159523.15387127857,1914277.8464553424,147252.14203502634,0.22994148720372806,0.02480279463345982,0.4369580857835534,0.07537760789699244
Ghana,GHA,Western Africa,Security,134488.80541150377,107591.04432920302,109832.52441939473,87866.01953551579,0.014147636744041384,0.016728346400736227,0.025070660309808743,0.044978159750247756
Ghana,GHA,Western Africa,Transport,426042.68426772446,348580.37803722906,88220.95987361971,72180.7853511434,0.044817835328623615,0.05419757144901717,0.020137547861061682,0.03694896971075148
Ghana,GHA,Western Africa,Manual,1043235.4886330066,423059.81444113795,680400.7171573096,288708.8830858424,0.10974383099405406,0.06577769709668706,0.1553100535981942,0.1477885800835873
Ghana,GHA,Western Africa,Cleaning,100633.48562881598,14322.633213759207,61162.899150422265,6862.928414926287,0.010586204514248859,0.002226895103251841,0.013961203899020577,0.0035130974662656556
Ghana,GHA,Western Africa,Tech,175229.77655440842,25544.869492923433,123978.19789623313,19568.452243592714,0.018433409515728038,0.0039717378737556845,0.028299588866864313,0.01001698922666738
Ghana,GHA,Western Africa,ArmedForces,0.0,0.0,0.0,0.0,0.0,0.0,0.0,0.0
Guinea,GIN,Western Africa,Food,1612907.1192003663,1605031.9685824215,141690.58069743437,136768.6115612187,0.5030585424174777,0.838017407193351,0.10060487378101378,0.4004340931645811
Guinea,GIN,Western Africa,Health,52171.2435280923,30796.516274097095,48744.34871644456,28816.11475589034,0.016271978350719293,0.016079440923161523,0.03461005682958869,0.08436844279607625
Guinea,GIN,Western Africa,Retail,1082996.3460768473,79212.86095673904,950554.3314808685,73119.56396006681,0.33778173387378607,0.04135852597002341,0.6749241768218704,0.21408103769360248
Guinea,GIN,Western Africa,Security,17017.253788454804,13613.803030763846,13897.42392723809,11117.939141790472,0.0053076056177447555,0.0071080228563658344,0.009867618392126085,0.032551342206973546
Guinea,GIN,Western Africa,Transport,94738.52816285142,77513.34122415118,19617.57401351974,16050.74237469797,0.02954852472348761,0.04047117472241237,0.013929109103831813,0.04699370998990951
Guinea,GIN,Western Africa,Manual,197591.76554488504,87681.27949368028,128886.16755569745,59946.88071290898,0.06162799108852944,0.0457800467149488,0.09151332823420578,0.1755137713420034
Guinea,GIN,Western Africa,Cleaning,47939.04062600627,7562.2250468040465,28253.262792100046,3623.566168260272,0.014951973126739663,0.003948380063689624,0.020060726147849758,0.010609155244364525
Guinea,GIN,Western Africa,Tech,82347.41341604164,6463.664156638444,58250.234352885454,4710.279713884546,0.025683791256040204,0.0033748007413826105,0.04135954165718672,0.013790858620631842
Guinea,GIN,Western Africa,ArmedForces,18492.920682230706,7397.168272892283,18492.920682230706,7397.168272892283,0.0057678595454753664,0.003862200814664821,0.013130569032326702,0.02165758894185734
Gambia,GMB,Western Africa,Food,178611.1090795543,177702.04448380464,51134.35498499092,50566.18961264738,0.3243441638289303,0.6522125330019904,0.15915522670837698,0.47295605621538533
Gambia,GMB,Western Africa,Health,9211.622475258657,5186.988761628729,8411.81583190332,4774.563523156948,0.01672760448463929,0.019037592328787482,0.026181702226392625,0.04465748262545267
Gambia,GMB,Western Africa,Retail,202483.92994230188,14469.286934741978,173631.44321690372,13356.264862838749,0.36769538739429614,0.05310603099617542,0.5404263281897327,0.12492391464901637
Gambia,GMB,Western Africa,Security,13872.695978097112,11098.15678247769,11329.368382112641,9063.494705690115,0.025191758789565318,0.04073311012137895,0.035262558681870816,0.08477274527444456
Gambia,GMB,Western Africa,Transport,35010.140544903814,28644.660445830395,7249.574557278063,5931.4700923184155,0.06357574743860099,0.10513332359583313,0.02256423655957996,0.05547826964839705
Gambia,GMB,Western Africa,Manual,78821.87664405878,31067.408823073438,45906.724478144606,20048.633879708173,0.14313452171755658,0.11402543769918076,0.14288427308612117,0.18751902970915793
Gambia,GMB,Western Africa,Cleaning,15493.72274202483,866.8327147432112,11015.289723409363,415.3573424811221,0.028135419869774338,0.003181500596765431,0.03428499164020469,0.0038849233474938464
Gambia,GMB,Western Africa,Tech,16072.744519025353,2982.5316752129133,11501.426147740918,2316.799095873857,0.029186879295046302,0.010946663806260087,0.03579808695251279,0.021669502325993083
Gambia,GMB,Western Africa,ArmedForces,1106.0580747754063,442.4232299101625,1106.0580747754063,442.4232299101625,0.0020085171815907568,0.0016238078536284213,0.0034425959552082156,0.004138076204659236
Guinea-Bissau,GNB,Western Africa,Food,475251.1037397249,473506.3665369059,50910.89465425714,49820.433902495264,0.7301620992386738,0.9169710109050737,0.27545935402176513,0.65205534180512
Guinea-Bissau,GNB,Western Africa,Health,6734.632501486694,3829.2374641847136,6237.617853522715,3560.2599547790373,0.01034689528586464,0.007415528061871078,0.03374936143304094,0.04659707553474869
Guinea-Bissau,GNB,Western Africa,Retail,103580.5784827691,7479.834502304906,89758.01402765886,6904.46261751222,0.15913821563001485,0.01448510915522525,0.4856462399697385,0.09036636936670912
Guinea-Bissau,GNB,Western Africa,Security,7420.96624673665,5936.772997389321,6060.455768168264,4848.364614534611,0.011401358672202188,0.011496886043465115,0.03279080523558458,0.06345593159853784
Guinea-Bissau,GNB,Western Africa,Transport,16126.013314888465,13194.010893999653,3339.2249793455912,2732.0931649191207,0.024775542111730105,0.02555092468101047,0.018067267566019164,0.03575793711434424
Guinea-Bissau,GNB,Western Africa,Manual,23903.278040907677,9679.92312402986,15193.133329955279,6389.5315963447765,0.03672430749912212,0.018745701261512464,0.08220422605136983,0.08362689528524031
Guinea-Bissau,GNB,Western Africa,Cleaning,7566.657704316971,918.2487410534662,4788.381107099337,439.9941884214525,0.011625194828858963,0.0017782389759705179,0.025908096401156315,0.0057586925373816775
Guinea-Bissau,GNB,Western Africa,Tech,6904.559340596,477.9255611009793,5137.493429338817,351.44770253648795,0.010607965984248525,0.0009255290232005404,0.02779700947994237,0.004599786349764733
Guinea-Bissau,GNB,Western Africa,ArmedForces,3396.5885430944913,1358.635417237797,3396.5885430944913,1358.635417237797,0.00521842074928484,0.002631071892670903,0.01837763984138316,0.017781970408153408
Greece,GRC,Southern Europe,Food,431005.6072907868,386975.2064705642,212216.57752129174,184697.57700865262,0.21085998197948888,0.39542150653089575,0.15288176022331348,0.33688670081713273
Greece,GRC,Southern Europe,Health,214191.9047942115,114175.41765440883,193846.77924771368,104258.26959321502,0.10478866265558506,0.1166674631934973,0.13964807637158883,0.19016613560943443
Greece,GRC,Southern Europe,Retail,551257.5675982623,42340.10891746888,508081.3070096266,39083.17746227897,0.26969059985199684,0.04326424374193409,0.3660240187616831,0.07128736026732423
Greece,GRC,Southern Europe,Security,100239.66082268959,80191.72865815167,81862.38967186314,65489.91173749053,0.04904004197894856,0.08194203046374024,0.05897402726639288,0.11945300344148435
Greece,GRC,Southern Europe,Transport,226475.71535232346,185298.3125609919,46896.4865123498,38369.852601013474,0.11079824589327003,0.18934271934053137,0.03378443611728489,0.06998626220737884
Greece,GRC,Southern Europe,Manual,262641.1996198386,131513.47667868686,162243.40024207166,88947.79166149361,0.12849141097495492,0.1343839507231011,0.11688086248179591,0.16223996309603156
Greece,GRC,Southern Europe,Cleaning,96444.74641640532,7689.1292676402045,65828.34280974502,3684.3744407442646,0.04718346385145582,0.007856955763785783,0.04742302905308047,0.006720265474079045
Greece,GRC,Southern Europe,Tech,161780.6090387012,30456.375291396314,117133.91465096068,23717.39296819652,0.07914759281429996,0.03112113024251427,0.08438378972486049,0.04326030908713477
Greece,GRC,Southern Europe,ArmedForces,0.0,0.0,0.0,0.0,0.0,0.0,0.0,0.0
Grenada,GRD,Caribbean,Food,6878.763748204384,6878.763748204384,1541.8485258394587,1541.8485258394587,0.25721702499656124,0.48060995360786457,0.09975045530483112,0.24213543290128625
Grenada,GRD,Caribbean,Health,2825.850221657616,1392.9419696245723,2346.5575808244894,1185.2406988768714,0.10566677584913163,0.09732297835849761,0.15181140245849148,0.1861329209096746
Grenada,GRD,Caribbean,Retail,5627.495867891215,399.65210933986066,4795.8253120783265,368.9096393906405,0.21042847207788878,0.027923154328312976,0.31026767573149894,0.05793441686282159
Grenada,GRD,Caribbean,Security,2186.539943779461,1749.2319550235688,1785.6742874198928,1428.5394299359143,0.08176110126211454,0.12221647951969938,0.11552485228682619,0.2243411122994486
Grenada,GRD,Caribbean,Transport,1925.8894997080852,1575.7277724884334,398.79530044460347,326.2870640001301,0.07201462148141662,0.11009397609155806,0.025800208078882395,0.05124086975323766
Grenada,GRD,Caribbean,Manual,3891.103633066157,1786.8078820393694,2237.392195431764,1154.368506721429,0.14549970562833323,0.12484185890484698,0.14474890785285371,0.18128468096463857
Grenada,GRD,Caribbean,Cleaning,1669.2731515407122,169.15301268945885,1096.2796860414783,81.05248524703237,0.06241898830411445,0.011818493054443513,0.07092421595988932,0.012728668396482143
Grenada,GRD,Caribbean,Tech,1738.1183359239806,360.2918512397017,1254.6846373986077,281.4649236542806,0.06499331040043975,0.025173106134776895,0.0811722823267268,0.04420189791241072
Grenada,GRD,Caribbean,ArmedForces,0.0,0.0,0.0,0.0,0.0,0.0,0.0,0.0
Guatemala,GTM,Central America,Food,1620368.915951256,1575242.669057139,520271.7067549969,492067.8024461738,0.3227398006473633,0.6300031429958599,0.17370943940571543,0.4656113686617445
Guatemala,GTM,Central America,Health,160771.5398401066,88748.1346234326,139865.76611209186,78907.8634734942,0.03202195142536696,0.03549396219774069,0.04669868360691716,0.07466531670518448
Guatemala,GTM,Central America,Retail,1287344.44245993,94059.24137805538,1128710.8965366646,86823.91511820495,0.25640907118987666,0.03761808822221008,0.3768564281755907,0.08215575526338298
Guatemala,GTM,Central America,Security,126760.2078203731,101408.16625629851,103520.83638663804,82816.66910931043,0.02524768514085482,0.040557219990209246,0.034563760093150535,0.07836396216192357
Guatemala,GTM,Central America,Transport,285145.188275171,233300.60858877626,59045.215753949546,48309.72198050417,0.05679428944454766,0.09330633277077928,0.019714143965622405,0.04571230968413429
Guatemala,GTM,Central America,Manual,1038635.533055306,361021.79285173456,675943.0500673064,235046.63598699373,0.2068720410418075,0.14438719103687694,0.22568532321261672,0.22240915852894977
Guatemala,GTM,Central America,Cleaning,334921.56990241935,11883.376321628768,246300.5215399362,5694.117820780452,0.06670858693888967,0.004752641976432613,0.08223534927334722,0.005387968850379781
Guatemala,GTM,Central America,Tech,166719.1356147145,34708.72583729662,121410.71776545167,27154.12416635175,0.03320657417129341,0.013881420809891297,0.04053687226703989,0.025694160144300458
Guatemala,GTM,Central America,ArmedForces,0.0,0.0,0.0,0.0,0.0,0.0,0.0,0.0
Guyana,GUY,South America,Food,32414.306923462864,31134.104101850076,10136.233491248613,9336.106727740622,0.1990181777499745,0.3664664534087216,0.10350416030284908,0.22620571646920506
Guyana,GUY,South America,Health,8695.462566920623,4876.923580894207,7753.767308186615,4414.991050048601,0.05338861999572812,0.0574042176511339,0.07917607414138975,0.10697137927032467
Guyana,GUY,South America,Retail,37647.37529116897,2710.466583650551,32525.599003806605,2501.96915413897,0.23114830266799452,0.03190376292004005,0.3321287750664756,0.06062052862080138
Guyana,GUY,South America,Security,17029.478549798,13623.582839838402,13907.407482335035,11125.925985868027,0.10455802115453673,0.160357467480133,0.14201276388230963,0.26957147474959164
Guyana,GUY,South America,Transport,20205.04161959287,16531.397688757803,4183.8722545621595,3423.168208278131,0.12405542324223107,0.19458413388321052,0.042722790955509064,0.0829403775823751
Guyana,GUY,South America,Manual,27206.380582008234,12192.481665194467,15524.903431634844,7651.324541097807,0.16704242047773898,0.14351257705948156,0.15852950653332304,0.18538491474339602
Guyana,GUY,South America,Cleaning,10678.866291415266,1059.1629356757285,7040.673609043643,507.51557334461984,0.06556637211992089,0.012466961739104268,0.07189445768979853,0.01229665932873091
Guyana,GUY,South America,Tech,8145.273193491919,2489.90276756087,6009.328200721759,1972.0763521710717,0.05001055342852592,0.029307598946017886,0.06136307632780446,0.04778168857574645
Guyana,GUY,South America,ArmedForces,848.9018844883968,339.5607537953587,848.9018844883968,339.5607537953587,0.005212109163349381,0.003996826912157166,0.008668395100540864,0.008227260659828699
Honduras,HND,Central America,Food,883951.9195953932,843033.5155700883,309118.0630560988,283544.0605402832,0.3501676260503288,0.6272656378887085,0.2046099979483147,0.4723215036567094
Honduras,HND,Central America,Health,104045.84601315718,54370.016786282526,88807.36481971217,47499.788652886455,0.04121659344945122,0.04045443346152697,0.05878295999240551,0.07912411057793911
Honduras,HND,Central America,Retail,661791.9630617704,48850.82443700074,586209.8932440088,45093.0687110776,0.2621614541553338,0.03634783550822781,0.38802134002816546,0.07511504905984659
Honduras,HND,Central America,Security,80026.24557041888,64020.99645633511,65354.767215842076,52283.81377267367,0.031701498477361596,0.047635319876099404,0.04325932510621107,0.08709323514293188
Honduras,HND,Central America,Transport,131796.40166124393,107833.41954101779,27291.174081368696,22329.142430210755,0.05220966442701746,0.08023429370821232,0.018064447666335675,0.03719539780838973
Honduras,HND,Central America,Manual,418133.19344811473,196609.8716173848,257191.3341542446,128591.19580082351,0.16563876889320836,0.14628910269587356,0.17023889782873705,0.21420440562898144
Honduras,HND,Central America,Cleaning,134197.07998823575,7007.498064024288,96005.4395254877,3357.759489011638,0.053160666186319004,0.005213983384944849,0.06354747629475198,0.0055932824258268865
Honduras,HND,Central America,Tech,107443.84144442788,21062.95205259046,77807.68906721786,16428.63420461801,0.042562671179609386,0.015672053140322637,0.05150210551596704,0.027366460068906355
Honduras,HND,Central America,ArmedForces,2981.4228528201684,1192.5691411280675,2981.4228528201684,1192.5691411280675,0.0011810571813703407,0.0008873403360840572,0.001973449619111663,0.0019865556304684943
Croatia,HRV,Southern Europe,Food,58653.9521136843,54080.18964227246,25422.665836436365,22564.064291803967,0.10037522833670809,0.1793843055309633,0.06366304333246593,0.12532239759888197
Croatia,HRV,Southern Europe,Health,95772.29408388275,54278.49173123217,85303.99023628833,49120.89136358847,0.1638963026458584,0.18004207472054418,0.21361692207202165,0.27282088006260335
Croatia,HRV,Southern Europe,Retail,115899.42220320133,8893.282829678355,106719.39395614024,8209.184150472325,0.1983401040937653,0.029499071191224035,0.2672450421036027,0.04559438524741423
Croatia,HRV,Southern Europe,Security,33798.872304434764,27039.097843547817,27602.41238195506,22081.929905564044,0.05784042511756633,0.08968884578498638,0.06912153063957839,0.12264458936065603
Croatia,HRV,Southern Europe,Transport,84989.85187354237,69537.15153289831,17598.908721289077,14399.107135600156,0.14544417691710004,0.2306551385792472,0.04407091277271777,0.07997365218339889
Croatia,HRV,Southern Europe,Manual,100323.20093443281,58900.518455438556,65462.21475813204,40836.14446666145,0.17168432540991146,0.19537336441371536,0.16392945734326403,0.22680681401511724
Croatia,HRV,Southern Europe,Cleaning,29848.40411270502,1887.6861946612985,20960.68913292513,904.5163016085389,0.05107994040183542,0.0062614661547898175,0.052489430854070235,0.005023747057219224
Croatia,HRV,Southern Europe,Tech,58724.84026639783,24325.869085391456,43925.290681468694,19397.88076368196,0.10049654010272849,0.08068905011585151,0.10999702792921155,0.10773719194395631
Croatia,HRV,Southern Europe,ArmedForces,6336.048143484328,2534.4192573937316,6336.048143484328,2534.4192573937316,0.010842956974526469,0.008406683508678067,0.015866632953067835,0.014076342530752788
Hungary,HUN,Eastern Europe,Food,205170.15382481256,160602.5107411386,95986.10007266814,68131.3231453719,0.12548668168407628,0.18690151093275764,0.08830506257798812,0.13394930391101018
Hungary,HUN,Eastern Europe,Health,240006.31859565977,137137.05949952942,212388.37852581168,123602.71276856745,0.14679326374876578,0.1595935425109894,0.19539255207118966,0.2430085982850431
Hungary,HUN,Eastern Europe,Retail,264801.94345885026,20330.821859607095,243969.86231528514,18766.912485791163,0.16195882572919773,0.023660036860756017,0.2244468099296072,0.036896610075615906
Hungary,HUN,Eastern Europe,Security,99490.41137033512,79592.32909626812,81250.50261910702,65000.40209528561,0.06085057377744768,0.09262574101800332,0.07474864290601857,0.12779376962959682
Hungary,HUN,Eastern Europe,Transport,230407.3324496923,188515.09018611192,47710.60924463325,39035.9530183363,0.14092230787855964,0.21938483418979454,0.04389269208553819,0.0767464727369563
Hungary,HUN,Eastern Europe,Manual,374890.0724326898,216594.76169909898,241959.0996989735,150151.88165650683,0.22929120200421635,0.2520626111937407,0.2225969533511187,0.29520548112507494
Hungary,HUN,Eastern Europe,Cleaning,87009.53291955346,5903.870945983782,60622.2353075054,2828.938161617229,0.053216987741204834,0.006870642277410732,0.05577109892363585,0.005561822082148441
Hungary,HUN,Eastern Europe,Tech,123633.79335271152,46778.7245988059,93510.29877063115,37282.66075464987,0.07561720933880939,0.05443883950927949,0.08602738082259306,0.07329941978933847
Hungary,HUN,Eastern Europe,ArmedForces,9585.893474376531,3834.357389750613,9585.893474376531,3834.357389750613,0.005862948097722179,0.004462241507268067,0.008818807332310628,0.0075385223652158235
Indonesia,IDN,South-eastern Asia,Food,36401980.00277128,35761712.36121078,14580323.640869338,14180156.364894025,0.4223613011772767,0.7182882907046815,0.28383752773165805,0.6316020005720735
Indonesia,IDN,South-eastern Asia,Health,2145475.2961747786,1204442.4097177791,1925144.9763162986,1095148.620804225,0.024893309036132,0.024191707348633247,0.03747710984075655,0.048779297070104276
Indonesia,IDN,South-eastern Asia,Retail,24464914.78830981,1810050.137126292,21720601.6455155,1670815.5111935,0.2838590989389884,0.03635558068232839,0.4228384790188179,0.0744202244531845
Indonesia,IDN,South-eastern Asia,Security,1619211.368352598,1295369.0946820786,1322355.9508212882,1057884.7606570306,0.01878722586975701,0.026018006169639663,0.02574251800627256,0.04711951786793172
Indonesia,IDN,South-eastern Asia,Transport,5118136.253827892,4187566.0258591846,1059816.0929643614,867122.2578799321,0.05938420623286895,0.08410893786478496,0.020631611964636306,0.038622716049410186
Indonesia,IDN,South-eastern Asia,Manual,10069562.629301453,4498889.142513762,6393072.125170776,2883264.7867307677,0.1168341275412508,0.09036198713323168,0.12445497310719893,0.12842424022817012
Indonesia,IDN,South-eastern Asia,Cleaning,3450971.30570331,418372.0617543886,2184366.6084514987,200469.9462573112,0.04004058930012411,0.008403170130133525,0.04252341944348589,0.00892918356134362
Indonesia,IDN,South-eastern Asia,Tech,2694758.245984249,522280.5328288111,1961057.7339986865,407506.0393418006,0.03126647503914499,0.010490213315424018,0.03817622932573304,0.018150831561398434
Indonesia,IDN,South-eastern Asia,ArmedForces,221816.1784060613,88726.47136242453,221816.1784060613,88726.47136242453,0.0025736668644568963,0.0017821066511429224,0.0043181315614409035,0.003951988636383907
India,IND,Southern Asia,Food,224564086.41124234,223684510.92183328,92655461.01155084,92105726.33067018,0.5975551307786445,0.7970134182294657,0.4756906473956258,0.7484139578813974
India,IND,Southern Asia,Health,7386356.6722747795,4371916.400177863,6713678.846761316,4016843.0329360086,0.01965476937036137,0.015577636645287758,0.03446784681826877,0.03263924526988832
India,IND,Southern Asia,Retail,51487768.60993921,3826497.0456574582,45917964.54788951,3532151.1190684233,0.137006681686714,0.013634245293229744,0.235741596279489,0.028700834401616852
India,IND,Southern Asia,Security,5725179.6941385195,4580143.755310817,4675563.416879791,3740450.733503833,0.01523445068859823,0.01631957445492622,0.02400421696069898,0.03039339299786629
India,IND,Southern Asia,Transport,23529138.14044057,19251113.02399683,4872195.271505371,3986341.5857771216,0.06260999896872145,0.06859391082889625,0.02501371961930411,0.03239140282079521
India,IND,Southern Asia,Manual,48764400.96896025,23006335.674944945,29680874.935028974,14330424.622760728,0.1297599204931929,0.08197419732665365,0.15238081446006088,0.11644324666131049
India,IND,Southern Asia,Cleaning,7577501.0584245585,522403.11298251734,5269630.438267761,250318.15830412292,0.020163396152535998,0.0018613818590121694,0.02705414108729963,0.002033984324855035
India,IND,Southern Asia,Tech,6770368.444579755,1410461.5586471958,4995549.590592552,1105633.9996406536,0.018015651861231566,0.005025635362528517,0.025647017379252797,0.008983935642270293
India,IND,Southern Asia,ArmedForces,0.0,0.0,0.0,0.0,0.0,0.0,0.0,0.0
Ireland,IRL,Northern Europe,Food,157598.72240684496,104078.60427460085,79909.15364618586,46459.0798135333,0.173510392527238,0.25062712389391306,0.12383459145314497,0.17669331166115504
Ireland,IRL,Northern Europe,Health,272010.949302377,133895.33319348487,232434.80310949977,116502.69935298181,0.29947404309105097,0.3224274815653892,0.3602023994647947,0.4430834155295921
Ireland,IRL,Northern Europe,Retail,146137.07505882293,11241.313466063302,134895.7615927596,10376.597045596893,0.16089154067366673,0.027069714111038555,0.20904690843759882,0.03946430499955339
Ireland,IRL,Northern Europe,Security,19993.931004198803,15995.144803359044,16328.376986762354,13062.701589409884,0.022012582105490296,0.03851720693482485,0.025303958319988582,0.0496801058552591
Ireland,IRL,Northern Europe,Transport,70557.5890324258,57728.93648107566,14610.409850148773,11953.971695576272,0.07768130846383066,0.13901452096276082,0.022641638062731964,0.04546338099834286
Ireland,IRL,Northern Europe,Manual,123005.24201282249,69967.51128033304,77244.08547432352,47662.680497166744,0.13542424391903424,0.16848569636789587,0.11970455611678517,0.1812708493903219
Ireland,IRL,Northern Europe,Cleaning,37122.477119198884,3232.653670027997,25011.812542399024,1548.9798835550819,0.040870480916131165,0.007784411575376371,0.03876061059793828,0.00589108493797873
Ireland,IRL,Northern Europe,Tech,79512.83709185517,18190.5078752552,62498.2767936126,14426.85505181783,0.08754070695539412,0.043803764498188645,0.09685309154356184,0.054868258394102074
Ireland,IRL,Northern Europe,ArmedForces,2356.7557628212203,942.7023051284882,2356.7557628212203,942.7023051284882,0.0025947013481638446,0.0022700800906125633,0.003652246003455713,0.003585288233694987
Iran,IRN,Southern Asia,Food,3417987.42074408,3376457.14200875,1540418.1486081001,1514461.7243985184,0.2447554859253115,0.4198111171199709,0.1902827732790595,0.39918403226869575
Iran,IRN,Southern Asia,Health,596941.9215192951,350139.2842309028,551248.4228437706,325045.96263712586,0.042745859503145245,0.04353449721950636,0.06809389954227701,0.08567608936414706
Iran,IRN,Southern Asia,Retail,3152049.1516831443,230680.43140299397,2768165.1768359276,212935.78283353287,0.2257121594709456,0.028681604869236856,0.34194231431173927,0.05612592450267417
Iran,IRN,Southern Asia,Security,313857.3677999875,251085.89423998995,256316.8503699897,205053.4802959918,0.022474720679458254,0.031218713971665122,0.03166197514007847,0.05404829569251254
Iran,IRN,Southern Asia,Transport,2687536.441401036,2198893.4520553937,556510.0711992044,455326.42189025827,0.19244930032945975,0.2733989734535691,0.06874385360961635,0.1200156030095893
Iran,IRN,Southern Asia,Manual,3077323.754373638,1509208.806451878,1926040.7665479477,992385.0713466767,0.22036121791438815,0.18764717227446417,0.2379174634098062,0.2615743058813559
Iran,IRN,Southern Asia,Cleaning,302929.1832287845,33833.34254119834,195199.53892040104,16211.809967657538,0.021692174462707107,0.004206661814659664,0.024112355234278175,0.004273132538779467
Iran,IRN,Southern Asia,Tech,416281.03222770424,92502.33603646944,301516.71608355676,72473.2944040013,0.029809081714584445,0.011501259276927776,0.03724536547314494,0.01910261674224577
Iran,IRN,Southern Asia,ArmedForces,0.0,0.0,0.0,0.0,0.0,0.0,0.0,0.0
Iraq,IRQ,Western Asia,Food,999391.7670340535,974283.9338150063,376171.41036736494,360479.0146054604,0.16362984646309053,0.2907766258403316,0.10131464126511143,0.20663045376648792
Iraq,IRQ,Western Asia,Health,275464.2160163156,151934.66855191308,252933.90667339976,140328.23830550906,0.045101599652550936,0.045345149125781435,0.06812295488743465,0.08043765762357909
Iraq,IRQ,Western Asia,Retail,1218589.9880000493,90757.2809685362,1089087.3716224341,83775.95166326418,0.19951904669944423,0.027086658226147822,0.29332504629879413,0.048021277815148075
Iraq,IRQ,Western Asia,Security,902184.8447101979,721747.8757681585,736784.2898466616,589427.4318773294,0.14771421227470116,0.2154068282759355,0.19843888705599638,0.33786615247084434
Iraq,IRQ,Western Asia,Transport,1072608.3925701652,877588.6848301351,222105.77825947865,181722.90948502798,0.17561756298248363,0.261917771394775,0.05981998266506139,0.10416552899134827
Iraq,IRQ,Western Asia,Manual,947658.7274210119,263959.82453493454,475076.12663905957,159794.80866857883,0.15515962526637886,0.07877923926665911,0.12795275243551765,0.09159610542337908
Iraq,IRQ,Western Asia,Cleaning,166739.92663321682,23306.77589220984,101847.96062125133,11167.830115017214,0.027300233496250707,0.006955945200303763,0.027430818264067843,0.0064015205067587885
Iraq,IRQ,Western Asia,Tech,273643.26185739174,146505.17854656675,207539.65038855295,117320.29683851077,0.04480345586222803,0.04372470899637643,0.055896872138338036,0.06724925776412541
Iraq,IRQ,Western Asia,ArmedForces,251356.2575446847,100542.50301787387,251356.2575446847,100542.50301787387,0.041154417302871726,0.030007073673689297,0.0676980449896785,0.057632045638328994
Iceland,ISL,Northern Europe,Food,9162.893287096696,7439.230706019735,4536.485925577701,3459.1968124046,0.11527127478526153,0.19820297387520122,0.08115828621443995,0.14750938833406635
Iceland,ISL,Northern Europe,Health,23199.93028572418,11339.009594377814,19468.42371053373,9719.583563298142,0.2918603824329795,0.30210454699120065,0.3482924734175774,0.414468994982486
Iceland,ISL,Northern Europe,Retail,15961.905495385327,1227.83888426041,14734.066611124916,1133.3897393173013,0.20080438970581246,0.03271323715005871,0.26359424778244417,0.048330764699851196
Iceland,ISL,Northern Europe,Security,3555.6056755255527,2844.484540420443,2903.7446350125347,2322.9957080100276,0.04473032545612098,0.07578542961400009,0.05194834549210712,0.09905873952081491
Iceland,ISL,Northern Europe,Transport,8519.0228422779,6970.109598227374,1764.0400835019896,1443.305522865264,0.10717123862361232,0.18570420856646633,0.031558892133533384,0.06154640120318578
Iceland,ISL,Northern Europe,Manual,10851.029817215493,5544.595461258036,6530.197148395023,3704.6176666953597,0.13650841503575326,0.14772432161124194,0.1168260230276527,0.15797478884872768
Iceland,ISL,Northern Europe,Cleaning,2261.2156457499377,167.26425660450508,1558.9354179723484,80.14745628965869,0.02844660544252205,0.004456411474806294,0.027889544664577704,0.0034177015344786545
Iceland,ISL,Northern Europe,Tech,5978.220449257399,2000.8629547154626,4400.874834714944,1587.452680277489,0.07520736851793776,0.05330887071702474,0.07873218726766751,0.06769322087638935
Iceland,ISL,Northern Europe,ArmedForces,0.0,0.0,0.0,0.0,0.0,0.0,0.0,0.0
Israel,ISR,Western Asia,Food,54103.78466591573,34825.68889199413,27797.346205346807,15748.536346645807,0.044211334695433285,0.06272281615928829,0.0319380043008724,0.044146581324798526
Israel,ISR,Western Asia,Health,451561.67735820747,209120.8949376928,371656.5605502917,175381.0178678748,0.36899718895066447,0.3766372429536651,0.42701805926421416,0.4916312346562355
Israel,ISR,Western Asia,Retail,197999.51684693573,15218.253770740535,182619.04524888645,14047.618865298957,0.16179686805475338,0.0274088399654597,0.20982175095039365,0.03937853874203222
Israel,ISR,Western Asia,Security,76811.67619232771,61449.34095386218,62729.53555706763,50183.62844565411,0.06276726749571775,0.11067335172354795,0.07207364910352451,0.14067565299942272
Israel,ISR,Western Asia,Transport,155749.751636316,127431.61497516764,32251.211197418976,26387.354616070068,0.12727213892416944,0.2295107437431362,0.03705531147910026,0.07396950871264574
Israel,ISR,Western Asia,Manual,154432.53726964348,82822.65856657151,95950.15335672091,56377.425591912084,0.12619576680731678,0.14916777104411527,0.11024276878585167,0.15803821694872713
Israel,ISR,Western Asia,Cleaning,42048.28811725531,1873.8600649328112,30466.002346973273,897.8912811136387,0.03436009053342849,0.0033749161639134695,0.03500418014007613,0.0025169850448326417
Israel,ISR,Western Asia,Tech,91046.47357802927,22489.276987590587,66883.40692086496,17709.389962509085,0.07439934453851658,0.04050431824687407,0.07684627597596716,0.04964328157130559
Israel,ISR,Western Asia,ArmedForces,0.0,0.0,0.0,0.0,0.0,0.0,0.0,0.0
Italy,ITA,Southern Europe,Food,950604.0701790688,857916.9000893522,395884.66244773165,337955.1811416588,0.10968516199541076,0.21709302749919415,0.06535120569988834,0.13581807667877965
Italy,ITA,Southern Europe,Health,1741540.3134028607,965616.5319453271,1507982.016378073,855979.9773225565,0.20094710025925708,0.24434606230679282,0.24893220751401832,0.34400287577412225
Italy,ITA,Southern Europe,Retail,1714919.2470549382,125932.93066953144,1511195.1680343773,116245.78215649056,0.1978754366019445,0.03186691062741313,0.24946262294748767,0.04671707798998668
Italy,ITA,Southern Europe,Security,271828.7638812609,217463.01110500874,221993.49050302972,177594.79240242377,0.03136487938213003,0.0550282940515105,0.03664588108112201,0.07137213594649361
Italy,ITA,Southern Europe,Transport,657714.3998745794,538129.9635337468,136193.3858326149,111430.95204486676,0.07589017632058744,0.13617200332503623,0.02248231067473241,0.04478208482584368
Italy,ITA,Southern Europe,Manual,1620084.8867035736,818954.2341171842,1028301.9052924884,559996.5499768374,0.18693300272838542,0.20723365403953062,0.1697483527622871,0.22505248804789144
Italy,ITA,Southern Europe,Cleaning,743894.1404791457,62863.903264647255,503496.8914732291,30122.286980976813,0.08583399952255806,0.01590750232186518,0.08311544256470318,0.012105602491732918
Italy,ITA,Southern Europe,Tech,864947.8992877566,324511.7350924391,651627.583520948,258516.81839873584,0.09980175072582682,0.0821166187807896,0.10756832049794568,0.10389323503022806
Italy,ITA,Southern Europe,ArmedForces,101126.86371836781,40450.745487347136,101126.86371836781,40450.745487347136,0.011668492463899862,0.010235927047867868,0.01669365625781519,0.01625642321492165
Jordan,JOR,Western Asia,Food,73073.23156623945,71868.89023908749,26527.249352980623,25774.536023510645,0.04913041040348722,0.12136800481222199,0.026097040366692522,0.06927019444582405
Jordan,JOR,Western Asia,Health,79913.36406935583,44497.4354599486,73691.21157377014,41230.61663875789,0.0537293382172614,0.07514468281155345,0.07249611512755938,0.1108090880504229
Jordan,JOR,Western Asia,Retail,201480.2816475144,15107.425768946085,181289.109227353,13945.316094411774,0.1354642283279822,0.02551254259424356,0.17834903040998368,0.03747864778583157
Jordan,JOR,Western Asia,Security,280069.2642518509,224055.41140148076,228723.2324723449,182978.58597787592,0.18830312549709877,0.3783717566629364,0.22501388482483206,0.4917629639791667
Jordan,JOR,Western Asia,Transport,131027.49409998537,107204.3133545335,27131.955848986872,22198.872967352898,0.08809565994679425,0.18104041367300203,0.026691939959420295,0.05966044337419021
Jordan,JOR,Western Asia,Manual,207927.8661273253,87902.06260832447,122496.95931828248,59416.44253535429,0.1397992285026647,0.14844389446059741,0.12051034954994734,0.15968429165703865
Jordan,JOR,Western Asia,Cleaning,201083.7193504466,15100.81270400367,138361.3665427874,7235.806087335092,0.13519760171262812,0.02550137483452048,0.13611747376484581,0.019446545776217985
Jordan,JOR,Western Asia,Tech,312756.7788872821,26420.455772830057,218263.88791487576,19306.783004912337,0.21028040739208337,0.04461733015092471,0.21472416599671887,0.051887824931307884
Jordan,JOR,Western Asia,ArmedForces,0.0,0.0,0.0,0.0,0.0,0.0,0.0,0.0
Japan,JPN,Eastern Asia,Food,1799090.7838036602,1799090.78380366,899545.3919018301,899545.39190183,0.07574141970096167,0.1850845185618171,0.05518011717659583,0.1489046816720097
Japan,JPN,Eastern Asia,Health,5551902.419886506,2643236.467478454,4754432.342658444,2297363.6320720753,0.23373415900356248,0.2719274388110467,0.2916474656397562,0.38029009252695667
Japan,JPN,Eastern Asia,Retail,2872408.327899177,220954.4867614752,2651453.841137702,203957.98777982322,0.12092790796025336,0.02273106792302041,0.1626460820759565,0.03376183071830201
Japan,JPN,Eastern Asia,Security,1032648.6217385695,826118.8973908556,843329.7077531649,674663.766202532,0.04347433346157163,0.08498838400758119,0.051731721946725796,0.11167929294777686
Japan,JPN,Eastern Asia,Transport,1997290.3861676608,1634146.6795917226,413580.33248926303,338383.9084003061,0.0840855896574533,0.16811561382809784,0.025369938431282147,0.05601379165174685
Japan,JPN,Eastern Asia,Manual,4758890.8152062595,2200046.048296711,2700062.5234433715,1392226.0122720231,0.200348503694478,0.22633347206744586,0.1656278468757916,0.2304597111376024
Japan,JPN,Eastern Asia,Cleaning,1432431.9899795414,188708.58602105055,888711.8477922776,90422.86413508671,0.06030514608981759,0.019413716142964287,0.05451556346003567,0.014967991522295384
Japan,JPN,Eastern Asia,Tech,4308400.578687596,208072.27635217988,3150868.0956588485,144518.4354722567,0.1813829404319021,0.0214057886580266,0.1932812643938562,0.023922607823310092
Japan,JPN,Eastern Asia,ArmedForces,0.0,0.0,0.0,0.0,0.0,0.0,0.0,0.0
Kenya,KEN,Eastern Africa,Food,10797303.801086774,10797303.801086774,4156624.3087813454,4156624.3087813454,0.7206187318599144,0.8837762073216737,0.5968552297133406,0.852724938373211
Kenya,KEN,Eastern Africa,Health,207795.20859537035,114880.2883169157,194666.57714105005,107636.57157498803,0.013868380705328526,0.009403131316405588,0.027952433509944884,0.022081473341018655
Kenya,KEN,Eastern Africa,Retail,840511.8032488935,64654.75409606875,775857.0491528248,59681.311473294234,0.05609627745303818,0.005292092768065651,0.11140634873315979,0.012243527167125158
Kenya,KEN,Eastern Africa,Security,0.0,0.0,0.0,0.0,0.0,0.0,0.0,0.0
Kenya,KEN,Eastern Africa,Transport,779633.8638592028,637882.2522484385,161439.33544559247,132086.72900093932,0.052033246136198884,0.05221166024366101,0.02318128954752664,0.027097384675659406
Kenya,KEN,Eastern Africa,Manual,826596.6234224649,519092.35209367616,512186.1229197079,351319.5418088958,0.055167569747405755,0.04248852108216688,0.0735454886806583,0.07207265135927741
Kenya,KEN,Eastern Africa,Cleaning,1001182.2574492176,0.0,778697.3113493914,0.0,0.06681952291192213,0.0,0.11181418577106492,0.0
Kenya,KEN,Eastern Africa,Tech,493509.4295830502,68685.49765904472,347891.5422304806,52432.46929554247,0.03293712447650608,0.005622015434353378,0.049954210659509606,0.010756438597142572
Kenya,KEN,Eastern Africa,ArmedForces,36846.327942921635,14738.531177168657,36846.327942921635,14738.531177168657,0.0024591467096860033,0.00120637183367382,0.005290813384795232,0.003023586486565946
Kyrgyzstan,KGZ,Central Asia,Food,508093.1268010674,473610.4232195165,225934.98587472664,204383.29613625736,0.295402980698295,0.4789861488419772,0.22974111104904982,0.4303075042083425
Kyrgyzstan,KGZ,Central Asia,Health,105004.30559815317,59182.58172160963,93394.29336230771,53493.95327787823,0.06104901488264719,0.05985433492923861,0.09496762371540982,0.11262588460211229
Kyrgyzstan,KGZ,Central Asia,Retail,273974.30466178077,20610.28522640848,247323.42271690175,19024.878670530903,0.15928738643126789,0.020844222726399846,0.2514898598083424,0.04005487832589269
Kyrgyzstan,KGZ,Central Asia,Security,79832.72410070774,63866.17928056619,65196.72468224465,52157.37974579572,0.046414374477155664,0.06459109376625959,0.06629503574786287,0.1098118697992689
Kyrgyzstan,KGZ,Central Asia,Transport,264620.76866908977,216507.90163834614,54795.20967390242,44832.44427864744,0.15384928410993592,0.2189653793821647,0.05571829569426668,0.09438998964104696
Kyrgyzstan,KGZ,Central Asia,Manual,272608.21249694144,112447.39573123741,157066.72515441026,73522.32430532844,0.15849314680054735,0.11372373239271162,0.15971268817047085,0.15479351039690878
Kyrgyzstan,KGZ,Central Asia,Cleaning,115731.21487223379,19104.11602723825,67194.3618680917,9154.055596384997,0.06728559004199638,0.019320957720298893,0.068326325345499,0.019272899945985623
Kyrgyzstan,KGZ,Central Asia,Tech,100135.34280002583,23447.983385014726,72527.25844005647,18401.995342103703,0.05821822255815455,0.023714130240949594,0.07374906046909857,0.03874346308044228
Kyrgyzstan,KGZ,Central Asia,ArmedForces,0.0,0.0,0.0,0.0,0.0,0.0,0.0,0.0
Cambodia,KHM,South-eastern Asia,Food,2882833.088931246,2868422.3829684122,907409.1985856927,898402.5073589212,0.5016283574646109,0.7830563904555448,0.29915456599797846,0.6549164068444445
Cambodia,KHM,South-eastern Asia,Health,52987.66548290784,28550.37398734351,47685.08518482428,25973.41696893076,0.009220136852227324,0.007794023967122029,0.015720813702656752,0.018934071059942863
Cambodia,KHM,South-eastern Asia,Retail,1370655.8868714012,105316.38030474314,1263796.5636569178,97215.12028130135,0.23850144631002546,0.02875053029391444,0.416648313792488,0.07086776444196234
Cambodia,KHM,South-eastern Asia,Security,115232.18986991754,92185.75189593405,94106.288393766,75285.0307150128,0.020051016603575375,0.025165973658439218,0.031024950932827745,0.0548811934530274
Cambodia,KHM,South-eastern Asia,Transport,272267.09668608545,222763.98819770632,56378.54022287628,46127.896545989686,0.04737592926440727,0.06081278878498363,0.018586871015041143,0.03362625996002775
Cambodia,KHM,South-eastern Asia,Manual,873708.1866181291,316334.67970272433,529451.1345202115,205040.23266190727,0.15202989178923235,0.08635683989035935,0.17454939250274037,0.14946998848906515
Cambodia,KHM,South-eastern Asia,Cleaning,59859.64751299682,3959.856113154711,41827.67548606273,1897.4310542199657,0.010415898435343407,0.0010810090777082036,0.013789743509587862,0.0013831870660266882
Cambodia,KHM,South-eastern Asia,Tech,97118.7063644067,16662.453446067313,70303.34011231392,12925.304330341818,0.01689917371203972,0.0045487166496408936,0.023177597529634685,0.009422273201667
Cambodia,KHM,South-eastern Asia,ArmedForces,22287.531662909947,8915.01266516398,22287.531662909947,8915.01266516398,0.003878149568538084,0.0024337272222874186,0.007347751017045018,0.006498855483836413
Kiribati,KIR,Micronesia,Food,10128.865606575446,9354.557146678952,2635.153879253631,2151.2110918183216,0.4127897317456895,0.6442066974409614,0.19883185133406026,0.38167987640961315
Kiribati,KIR,Micronesia,Health,921.7657646717001,468.20295459849456,806.4656795429669,415.87564788571615,0.0375654547617042,0.03224305270518095,0.06085074020281736,0.07378697817731103
Kiribati,KIR,Micronesia,Retail,3761.9379685158865,289.3798437319913,3472.558124783895,267.11985575260735,0.15331325591480788,0.019928301309565515,0.26201701777335135,0.04739389542847305
Kiribati,KIR,Micronesia,Security,2080.566153676769,1664.4529229414152,1699.1290255026945,1359.3032204021558,0.08479097046147557,0.11462346145533078,0.1282054047985338,0.24117516274414055
Kiribati,KIR,Micronesia,Transport,1040.7702751254449,851.5393160117277,215.51303676840018,176.32884826505472,0.042415340410778095,0.058641721025115785,0.01626123484652945,0.03128524823492281
Kiribati,KIR,Micronesia,Manual,5041.39577768855,1600.2364307681926,3374.0407257131565,1065.5776696735397,0.20545601961042345,0.11020115757760615,0.2545835251792113,0.18906073644407764
Kiribati,KIR,Micronesia,Cleaning,697.2550350801171,93.70888255556643,430.37941756538675,44.90217289120892,0.028415790086325797,0.0064533134819146545,0.03247367717092778,0.00796679408395645
Kiribati,KIR,Micronesia,Tech,865.0344186660888,198.97169987177432,619.9379170065289,155.84736103892058,0.03525343700879555,0.013702295004324802,0.046776548694568716,0.027651308477505382
Kiribati,KIR,Micronesia,ArmedForces,0.0,0.0,0.0,0.0,0.0,0.0,0.0,0.0
Laos,LAO,South-eastern Asia,Food,1590354.3115476463,1590354.3115476463,430912.65261841565,430912.65261841565,0.7799035251375298,0.9242400205047717,0.5474953230117245,0.8414389411769592
Laos,LAO,South-eastern Asia,Health,6314.6323259983255,3367.803907199107,5912.79208707116,3153.4891131046174,0.0030966709589392957,0.001957211125624379,0.007512487725624619,0.00615778748713961
Laos,LAO,South-eastern Asia,Retail,253455.1757808301,19496.551983140776,233958.62379768936,17996.817215206873,0.12429342544647136,0.011330489988193127,0.29725572347239154,0.03514220974970689
Laos,LAO,South-eastern Asia,Security,18835.551224359224,15068.44097948738,15382.366833226699,12305.89346658136,0.009236880543613487,0.008757077651648269,0.019544039486582423,0.02402959835557671
Laos,LAO,South-eastern Asia,Transport,36857.59437047557,30156.213575843653,7632.12812721969,6244.468467725202,0.01807481991207962,0.017525389940661027,0.009696987147832094,0.01219351277751516
Laos,LAO,South-eastern Asia,Manual,103551.8553964066,51467.872888067315,64462.611222141524,30754.886455327738,0.050781424285005754,0.029910735958651305,0.08190285882484505,0.0600547673356543
Laos,LAO,South-eastern Asia,Cleaning,0.0,0.0,0.0,0.0,0.0,0.0,0.0,0.0
Laos,LAO,South-eastern Asia,Tech,3268.247406417718,192.24984743633635,2269.990073604542,133.52882785909065,0.0016027357267364526,0.00011172667728594729,0.002884131948852443,0.0002607404420539217
Laos,LAO,South-eastern Asia,ArmedForces,26530.631947865953,10612.252779146382,26530.631947865953,10612.252779146382,0.013010517989624179,0.006167348153164183,0.03370844838214733,0.020722442675394203
Lebanon,LBN,Western Asia,Food,62073.48302208975,51276.19343232489,28236.980269756918,21488.674276153888,0.0908780216103605,0.1709858718417882,0.06171502898059216,0.1301431888635096
Lebanon,LBN,Western Asia,Health,57065.87218638949,29825.390108049265,50441.67342363316,26741.439306011314,0.08354668230753619,0.09945590710388709,0.1102458303766731,0.16195583503009892
Lebanon,LBN,Western Asia,Retail,143039.0337825986,10787.835757541096,129454.02909049313,9958.002237730241,0.20941477375442522,0.03597317544102938,0.2829360321341111,0.06030926567518962
Lebanon,LBN,Western Asia,Security,49884.59676740157,39907.67741392126,40739.087360044614,32591.269888035695,0.07303301252547337,0.13307635686346575,0.08903976037979054,0.19738452627797035
Lebanon,LBN,Western Asia,Transport,113748.92680698949,93067.30375117323,23554.07070245742,19271.51239291971,0.16653290463565956,0.3103427342527163,0.0514800145810914,0.11671525403595608
Lebanon,LBN,Western Asia,Manual,113036.29922029618,54006.34085073136,69467.41356890016,36202.16480874795,0.1654895898082862,0.1800898361836216,0.1518286800024159,0.21925341281761276
Lebanon,LBN,Western Asia,Cleaning,75509.18967001793,1810.1856205666986,56567.20358544817,867.3806098548766,0.11054842481081192,0.006036254757026174,0.12363385090317393,0.005253170906413572
Lebanon,LBN,Western Asia,Tech,33857.72953797611,5273.98209497327,24251.07318103989,4064.5357792162886,0.049569048276781345,0.017586649207437046,0.05300339023083584,0.024616299766060515
Lebanon,LBN,Western Asia,ArmedForces,34826.62015955933,13930.648063823737,34826.62015955933,13930.648063823737,0.050987542270665674,0.04645321434902821,0.07611741241131596,0.08436904662718865
Liberia,LBR,Western Africa,Food,954875.0949008696,948599.8102543736,158528.7259612741,154606.67305721415,0.44723811429353705,0.7356464083439885,0.1520273035828767,0.40939680960105473
Liberia,LBR,Western Africa,Health,61279.379116741475,33863.84898455671,55456.93975841045,30958.312203860172,0.02870163239946625,0.026261673899673342,0.05318259492281995,0.08197727818774997
Liberia,LBR,Western Africa,Retail,532427.5897797573,40420.442898210385,485045.3147785246,37311.17805988651,0.24937493136280003,0.03134636262869171,0.4651531189325286,0.09879959873738227
Liberia,LBR,Western Africa,Security,81923.9815814132,65539.18526513055,66904.58495815411,53523.66796652329,0.03837101546950854,0.05082613945827769,0.06416076068765193,0.14173009786926752
Liberia,LBR,Western Africa,Transport,82939.75062527978,67859.795966138,17174.392806244803,14051.775932382114,0.03884677469096336,0.052625790806408335,0.01647005369641569,0.03720895173662553
Liberia,LBR,Western Africa,Manual,183388.4688406866,77873.93752272113,107934.22377901195,50553.48983731962,0.0858942844205215,0.060391834178031165,0.10350773278429319,0.13386509808628388
Liberia,LBR,Western Africa,Cleaning,117491.95770636981,24177.712182468524,62503.69977589467,11585.153754099503,0.05503011010535152,0.018750000723949292,0.05994036022975525,0.030677362702907652
Liberia,LBR,Western Africa,Tech,114083.30980817722,28487.586463222116,82577.91768103254,22399.17183193131,0.053433590030192844,0.02209234119331994,0.07919131428333621,0.05931276641794732
Liberia,LBR,Western Africa,ArmedForces,6639.034351532705,2655.613740613083,6639.034351532706,2655.613740613083,0.003109547227658873,0.0020594487676600837,0.006366760880322525,0.0070320366607810455
Sri Lanka,LKA,Southern Asia,Food,1746910.099852209,1725922.3193921014,680922.1330181443,667804.7702305769,0.43502446007495443,0.6589118550235799,0.3179928188251033,0.5831890917691198
Sri Lanka,LKA,Southern Asia,Health,134752.4619803689,70397.71098127679,119782.91175874205,63382.64713069616,0.03355674514775557,0.02687599888529445,0.055939003757168246,0.05535160882620006
Sri Lanka,LKA,Southern Asia,Retail,629694.8987557138,44178.88818920676,530146.6582704812,40780.512174652395,0.1568098343276695,0.016866340299650666,0.24758018880500524,0.03561332730343249
Sri Lanka,LKA,Southern Asia,Security,109912.05794458523,87929.64635566818,89761.51398807795,71809.21119046235,0.027370861080438808,0.033569231790331895,0.04191891476424846,0.06271046647415092
Sri Lanka,LKA,Southern Asia,Transport,422439.00632964435,345631.91426970914,87474.74373492636,71570.24487403066,0.10519791525545653,0.1319531958234477,0.04085098572575194,0.0625017789126723
Sri Lanka,LKA,Southern Asia,Manual,586009.1898495825,253522.16335570865,362461.63089348306,163521.4017637469,0.1459309963545596,0.09678810979461601,0.16927074350319513,0.14280206136665669
Sri Lanka,LKA,Southern Asia,Cleaning,261492.32916920274,27138.931055138964,170966.97726018616,13004.07113058742,0.06511815308652606,0.010360931777739018,0.0798421264175962,0.011356361574550888
Sri Lanka,LKA,Southern Asia,Tech,106592.81745433297,57488.131735637784,81939.73119216262,46075.81724315106,0.026544286889670157,0.021947460264092798,0.03826611712571946,0.04023767904693963
Sri Lanka,LKA,Southern Asia,ArmedForces,17856.624917656798,7142.649967062721,17856.624917656798,7142.649967062721,0.004446747782969379,0.002726876341247544,0.008339101076212125,0.006237624726277097
Lesotho,LSO,Southern Africa,Food,307654.8828411338,304996.7934664925,23899.628259595986,22238.322400445162,0.6104646300068295,0.8383102547595929,0.15923680327218867,0.3792663723082952
Lesotho,LSO,Southern Africa,Health,14190.13672098382,8056.217250250859,12276.049284958204,7147.9163758846835,0.02815679856313178,0.022143214880055415,0.08179201884295866,0.12190507290201769
Lesotho,LSO,Southern Africa,Retail,56986.59695966652,2870.3800632046746,34444.5607584561,2649.5815968043153,0.1130757344303066,0.007889489639196237,0.22949485597496666,0.0451876352118484
Lesotho,LSO,Southern Africa,Security,14575.890807979606,11660.712646383687,11903.644159850013,9522.91532788001,0.02892223164781682,0.03205048445973989,0.07931078352832158,0.16240980255470225
Lesotho,LSO,Southern Africa,Transport,18700.268886178466,15300.219997782386,3872.2779006733194,3168.22737327817,0.03710603459696772,0.042053987448323435,0.025799947496555106,0.05403294730932569
Lesotho,LSO,Southern Africa,Manual,40594.232866926606,17624.925286957936,24958.201728181084,11443.691737221414,0.0805491631358764,0.04844364243800394,0.16628979394364665,0.19516793456072462
Lesotho,LSO,Southern Africa,Cleaning,42185.86325831462,865.8943915663244,31776.964233207153,414.9077292921972,0.08370735795798828,0.0023799861622762126,0.2117213768862245,0.007076098030136203
Lesotho,LSO,Southern Africa,Tech,7602.423941613247,1856.903667831119,5479.166114528246,1458.2979063387916,0.015085120300426073,0.005103861483758666,0.0365062120296563,0.024870732005882964
Lesotho,LSO,Southern Africa,ArmedForces,1478.1037172032532,591.2414868813013,1478.1037172032532,591.2414868813013,0.0029329293606568455,0.0016250787290534466,0.009848208025481817,0.010083405117066964
Lithuania,LTU,Northern Europe,Food,59008.059744829116,51468.68332507814,26016.179759688464,21304.069497344106,0.12112963820937392,0.21679591892172753,0.0821054263505469,0.1603312301271047
Lithuania,LTU,Northern Europe,Health,82862.78556422825,43555.049851255804,73691.85300154731,39239.843301177716,0.17009776765784027,0.18346218411194062,0.23256685128802032,0.2953131723146591
Lithuania,LTU,Northern Europe,Retail,79104.85425882594,6056.089445132742,72673.0733415929,5590.236410891762,0.1623836204479932,0.025509404777992434,0.22935164678411266,0.04207128035192261
Lithuania,LTU,Northern Europe,Security,16187.384720490529,12949.907776392423,13219.697521733931,10575.758017387145,0.03322888539680866,0.054547483536783445,0.04172053357845611,0.07959156783006448
Lithuania,LTU,Northern Europe,Transport,71470.77876650327,58476.09171804814,14799.504694073908,12108.685658787745,0.1467126628458137,0.24631246070342758,0.04670630561088993,0.09112815122659533
Lithuania,LTU,Northern Europe,Manual,102294.08580846814,49272.795703992844,62834.2658193363,32859.056972366205,0.20998564702043448,0.2075464210930144,0.19830098931411985,0.24729233191118125
Lithuania,LTU,Northern Europe,Cleaning,42263.58041981929,4461.015901210952,27543.238000079702,2137.5701193302475,0.0867571688990181,0.018790650530518472,0.08692472607278022,0.01608703195217637
Lithuania,LTU,Northern Europe,Tech,31649.660967736425,10243.791331065158,23778.48647336781,8137.417598535564,0.0649692940091494,0.043148804503778816,0.07504340713741883,0.06124098373758154
Lithuania,LTU,Northern Europe,ArmedForces,2306.7994329535945,922.719773181438,2306.7994329535945,922.719773181438,0.0047353155135683575,0.0038866718208166663,0.007280113863655235,0.00694425054871447
Luxembourg,LUX,Western Europe,Food,8178.243102422965,5516.297372747577,4231.194474376907,2567.47839332979,0.11936934776715963,0.1739179751805674,0.08892036546236637,0.1301700874877455
Luxembourg,LUX,Western Europe,Health,19032.537416705432,9722.273417841363,16485.203126207794,8572.945629265712,0.2777982446025716,0.3065241035293617,0.3464436096191509,0.43464478045399535
Luxembourg,LUX,Western Europe,Retail,7333.85341199371,564.1425701533624,6769.710841840349,520.7469878338729,0.10704466563855039,0.01778630245696213,0.1422683749887516,0.026401655858689903
Luxembourg,LUX,Western Europe,Security,4078.9942826373112,3263.195426109849,3331.178664153804,2664.942931323043,0.059536856628795154,0.10288211508163078,0.07000614744388793,0.13511149905735978
Luxembourg,LUX,Western Europe,Transport,8660.965525796015,7086.244521105831,1793.432255341599,1467.3536634613083,0.1264151472266489,0.22341531202319226,0.03768974755065002,0.07439422089955945
Luxembourg,LUX,Western Europe,Manual,6946.382055210166,3514.5745632709622,4264.140451760407,2371.09453783492,0.10138914738622491,0.110807603427072,0.08961273929845365,0.12021350763205502
Luxembourg,LUX,Western Europe,Cleaning,8578.723993407273,222.77165112563054,6406.252522694488,106.74474949769797,0.12521475272165952,0.007023550739452555,0.13463014262564413,0.00541191443599737
Luxembourg,LUX,Western Europe,Tech,5702.386902418289,1828.3109398496586,4302.975429971828,1452.7206692504299,0.08323183802838986,0.05764303756176112,0.09042887301109542,0.07365233417459761
Luxembourg,LUX,Western Europe,ArmedForces,0.0,0.0,0.0,0.0,0.0,0.0,0.0,0.0
Latvia,LVA,Northern Europe,Food,39027.99058731994,33812.47862346305,15966.194736339787,12706.499758929238,0.12679696454070044,0.21243520352485915,0.08236003651980375,0.14938167853879858
Latvia,LVA,Northern Europe,Health,54557.421153419324,27443.026043986327,47125.15615047071,24121.044379246883,0.17725010412577358,0.17241755293700367,0.24309045741001561,0.28357471891097674
Latvia,LVA,Northern Europe,Retail,42798.71719821199,3292.2090152470764,39506.50818296491,3038.9621679203783,0.1390475744537123,0.020684111921776608,0.20379041534005696,0.03572701202318423
Latvia,LVA,Northern Europe,Security,11374.171218217296,9099.336974573838,9288.906494877458,7431.125195901966,0.03695323184547255,0.057168819939556706,0.04791590549787646,0.08736268651921329
Latvia,LVA,Northern Europe,Transport,53409.55053122303,43698.72316190975,11059.55339282901,9048.725503223735,0.17352081885154727,0.2745479635508011,0.05704961240720345,0.10637971352877937
Latvia,LVA,Northern Europe,Manual,57820.27986428799,29868.250960902813,36084.77830016097,19711.80534816202,0.1878507159952903,0.18765462427259055,0.18613976014247155,0.23173829345640706
Latvia,LVA,Northern Europe,Cleaning,21349.169517704868,2436.6957939143417,13694.411871039432,1167.5834012506223,0.06936072930153174,0.015309139938329226,0.0706412692843432,0.013726484210593913
Latvia,LVA,Northern Europe,Tech,24030.879735363353,8142.994558039137,17702.097800565592,6462.519744229879,0.07807326382508348,0.0511603637669581,0.09131452079895842,0.07597545077705477
Latvia,LVA,Northern Europe,ArmedForces,3430.912457161807,1372.364982864723,3430.912457161807,1372.364982864723,0.011146597060888209,0.008622220148124655,0.01769802259927055,0.016133962034992202
Madagascar,MDG,Eastern Africa,Food,11066820.538210634,11066820.538210634,2937885.203089811,2937885.203089811,0.7709320056560429,0.9096918929811157,0.5535097603009557,0.8030052624383712
Madagascar,MDG,Eastern Africa,Health,72921.42221675748,44865.48619952722,68420.44512010225,42108.864189302076,0.005079820178772469,0.0036879399037372585,0.012890695708015642,0.011509516949045529
Madagascar,MDG,Eastern Africa,Retail,862983.3353586727,66383.33348912866,796600.001869544,61276.923220734156,0.0601167671671103,0.005456705482448005,0.15008274510754366,0.016748677504666045
Madagascar,MDG,Eastern Africa,Security,0.0,0.0,0.0,0.0,0.0,0.0,0.0,0.0
Madagascar,MDG,Eastern Africa,Transport,142950.45724815375,116959.46502121672,29600.852258456078,24218.87912055498,0.009958152148149532,0.009614060042796383,0.005576923366866203,0.006619689347872017
Madagascar,MDG,Eastern Africa,Manual,1356666.0141075384,850487.3387090813,817413.5402886828,576783.4876083251,0.09450747372744714,0.06991000120002218,0.1540041020922468,0.15765087599404182
Madagascar,MDG,Eastern Africa,Cleaning,730141.6773117634,0.0,567887.9712424825,0.0,0.050862809761803296,0.0,0.1069924497082582,0.0
Madagascar,MDG,Eastern Africa,Tech,110739.06488102663,15185.538622572274,78034.43181628347,11580.761096142307,0.0077142562399415355,0.0012482502384320035,0.0147020106859267,0.0031653422310250665
Madagascar,MDG,Eastern Africa,ArmedForces,11896.304020544932,4758.521608217972,11896.304020544932,4758.521608217972,0.0008287151207329171,0.00039115015144821903,0.002241313030187118,0.0013006355349783631
Maldives,MDV,Southern Asia,Food,48382.19662725251,48035.01648702939,4731.191612875012,4514.204025235561,0.46156270516767756,0.6861349182555777,0.1007925424649887,0.2323591568335259
Maldives,MDV,Southern Asia,Health,8198.104954047283,4616.366239183343,7401.80783921827,4215.956960309532,0.07820933656631873,0.0659404389507217,0.157686919490192,0.21700751651180394
Maldives,MDV,Southern Asia,Retail,13385.356966704494,1029.6428435926534,12355.71412311184,950.43954793168,0.1276953508081757,0.014707477169528001,0.26322413935846456,0.048921876535502534
Maldives,MDV,Southern Asia,Security,5468.092988641536,4374.474390913229,4465.609274057255,3572.4874192458037,0.05216521712294817,0.06248524197823141,0.0951346191861272,0.18388627538628308
Maldives,MDV,Southern Asia,Transport,6044.259939838042,4945.303587140218,1251.5891794614129,1024.0275104684288,0.057661808744682776,0.07063899881095491,0.026663653861807236,0.052709662119084746
Maldives,MDV,Southern Asia,Manual,8584.88282027876,2875.221725328113,5589.0791113194255,1892.436536016771,0.08189916982486545,0.041069831297078176,0.11906883926130402,0.09740919006133525
Maldives,MDV,Southern Asia,Cleaning,7643.833125386733,509.90035966821847,5336.155890141532,244.3272556743547,0.07292162285199978,0.007283445852338023,0.11368060378134988,0.012576231557673092
Maldives,MDV,Southern Asia,Tech,5726.898834559906,3066.6113921037904,4419.790148620377,2458.2367598640417,0.05463420643477297,0.043803652225474256,0.0941584959334275,0.12653256645602792
Maldives,MDV,Southern Asia,ArmedForces,1388.960329172106,555.5841316688425,1388.960329172106,555.5841316688425,0.01325058247855893,0.007935995460095909,0.02959018666233897,0.02859752453876349
Mexico,MEX,Central America,Food,7664626.18339862,6070433.746471423,2947962.2192582353,1951591.9461787362,0.20895184562818356,0.37928704043479256,0.12905944423069485,0.25084448419325656
Mexico,MEX,Central America,Health,1719611.0291272784,932162.8601316416,1538579.4520462498,844683.9546836506,0.04687976813233159,0.058242509051033634,0.06735778623235532,0.10856998633029563
Mexico,MEX,Central America,Retail,8897834.087573953,631341.861556339,7576102.338676067,582777.102975082,0.24257136750112634,0.03944689888288259,0.3316757422727168,0.07490624363441412
Mexico,MEX,Central America,Security,686721.2433148889,549376.9946519112,560822.3487071593,448657.87896572734,0.0187212876126335,0.034325648394664544,0.024552356934381264,0.05766746191423929
Mexico,MEX,Central America,Transport,3395373.5440777005,2778032.899699937,703082.4005413421,575249.2368065527,0.09256414489839501,0.1735743969481826,0.030780388998703043,0.07393866241959204
Mexico,MEX,Central America,Manual,8982665.692008398,4252081.577244227,5553905.504321238,2788144.4975141883,0.24488403349292265,0.26567449781619323,0.2431455712067615,0.3583693147046629
Mexico,MEX,Central America,Cleaning,2509854.549560062,124807.42472513448,1803033.5590139157,59803.55768079361,0.06842326394531659,0.007798098245582633,0.07893537696496639,0.007686746509040184
Mexico,MEX,Central America,Tech,2794648.1314368383,654628.9017358293,2128437.154673501,517191.1276291647,0.07618726223203104,0.04090189747425987,0.0931812878969806,0.06647626410505018
Mexico,MEX,Central America,ArmedForces,29969.59956465449,11987.839825861798,29969.59956465449,11987.839825861798,0.0008170265570597468,0.0007490127524084106,0.0013120452624403075,0.0015408361894491433
Marshall Islands,MHL,Micronesia,Food,1456.7684810895587,1374.5683787083299,446.3922226536188,395.01715866535056,0.2745814365426003,0.453265163584412,0.1395669252113812,0.2655849668037274
Marshall Islands,MHL,Micronesia,Health,519.8536530706508,287.9139039173965,445.9748781056889,253.56263749382748,0.09798548273456392,0.0949398696920239,0.1394364401976369,0.17047974545965153
Marshall Islands,MHL,Micronesia,Retail,770.5808033431981,57.41879089698112,689.0254907637736,53.00196082798257,0.14524420777958777,0.01893389812531236,0.21542751924865608,0.03563522165617499
Marshall Islands,MHL,Micronesia,Security,674.2612643816254,539.4090115053004,550.6466992449941,440.5173593959953,0.12708925885084055,0.17787060842226424,0.17216264708772475,0.2961764715916211
Marshall Islands,MHL,Micronesia,Transport,463.79736723696635,379.4705731938816,96.038848771291,78.57723990378356,0.08741962021676455,0.12513076402632148,0.0300270617265004,0.052830448484529155
Marshall Islands,MHL,Micronesia,Manual,802.0097139966692,271.3392859262731,511.01806236165504,172.6363111562178,0.1511681384166267,0.08947437444896053,0.15977254098944338,0.11606991737385462
Marshall Islands,MHL,Micronesia,Cleaning,330.12193817275835,11.136047389635776,243.46011753008042,5.33602270753381,0.062223584045357175,0.0036721216782901653,0.07611911294798934,0.0035876097596177947
Marshall Islands,MHL,Micronesia,Tech,288.0218112486416,111.33616233140769,215.85348989539222,88.69889363508902,0.054288271413658974,0.0367132000224154,0.06748775259066805,0.05963561887082352
Marshall Islands,MHL,Micronesia,ArmedForces,0.0,0.0,0.0,0.0,0.0,0.0,0.0,0.0
North Macedonia,MKD,Southern Europe,Food,67835.52702132222,65085.95948392152,27914.761046481908,26196.281335606473,0.1903809920259294,0.3509165947313175,0.11912332005325621,0.2515580928173252
North Macedonia,MKD,Southern Europe,Health,38799.23724435401,22961.31958181189,35488.30448642259,21184.237968661353,0.10889039417513065,0.12379794570252022,0.15144262372313286,0.2034283581288865
North Macedonia,MKD,Southern Europe,Retail,66893.11324145338,5129.737802277113,61556.85362732534,4735.142586717334,0.18773609961941884,0.027657426205482703,0.2626874277701718,0.04547070719971453
North Macedonia,MKD,Southern Europe,Security,19931.44708495914,15945.157667967314,16277.348452716633,13021.878762173306,0.05593777825819975,0.08596970031116015,0.06946188026193803,0.125046717293354
North Macedonia,MKD,Southern Europe,Transport,34829.20051893496,28496.61860640133,7212.107178163301,5900.814963951791,0.09774845184265521,0.15364199040786647,0.03077691226559897,0.056664445589917574
North Macedonia,MKD,Southern Europe,Manual,73178.1607017987,36735.644109599045,46166.375206707235,24878.646161276723,0.2053751395586897,0.1980634108864391,0.19701017251374242,0.23890508351279902
North Macedonia,MKD,Southern Europe,Cleaning,24135.08576340738,2680.2490976747276,15570.324727094261,1284.2860259691404,0.06773532648790528,0.01445079543799379,0.0664447305391689,0.012332763539442241
North Macedonia,MKD,Southern Europe,Tech,27722.12372554393,7243.188482725266,21158.20245952083,5738.540755978572,0.0778023794858362,0.039052278824943026,0.0902904137040694,0.05510615608507477
North Macedonia,MKD,Southern Europe,ArmedForces,2990.7046982262896,1196.2818792905157,2990.7046982262896,1196.2818792905157,0.008393438546234954,0.006449857492277004,0.012762519168921455,0.011487675833486038
Mali,MLI,Western Africa,Food,5272176.507387323,5266983.023840703,1460651.9600704943,1457406.0328538562,0.7429952972109815,0.9314931066163459,0.5017560527563684,0.8547927953383512
Mali,MLI,Western Africa,Health,57908.364031914054,32450.9458851256,53602.170873884985,30152.043955887733,0.008160888028806807,0.005739117110943776,0.018413156872465964,0.017684673561937023
Mali,MLI,Western Africa,Retail,1089783.533298786,82842.8869980255,994114.6439763058,76470.3572289466,0.15358060168972254,0.01465119173947646,0.3414934244327309,0.04485113204057134
Mali,MLI,Western Africa,Security,65278.27105372075,52222.61684297661,53310.588027205275,42648.47042176422,0.009199511498717559,0.009235839071155251,0.018312993752023218,0.025014034817283124
Mali,MLI,Western Africa,Transport,126427.40302113925,103440.60247184122,26179.411736700553,21419.51869366409,0.017817113245674365,0.018294003931780288,0.00899302411223044,0.01256290275065383
Mali,MLI,Western Africa,Manual,236810.4188805126,93294.34510760421,153766.92609840783,62484.69835515977,0.03337312916444383,0.016499585998408957,0.05282126611454635,0.036648311293381766
Mali,MLI,Western Africa,Cleaning,97849.86357942631,11759.687301846745,62059.156284570185,5634.850165468231,0.01378974857355032,0.0020797613373825293,0.02131825934306328,0.0033049330218714386
Mali,MLI,Western Africa,Tech,143101.16464285774,8748.301019603727,100889.54951179458,6163.483438990771,0.020166906818479657,0.0015471821453533667,0.03465708704828158,0.003614985199093699
Mali,MLI,Western Africa,ArmedForces,6505.493795501618,2602.197518200648,6505.493795501618,2602.197518200648,0.0009168037696234552,0.00046021204915343153,0.00223473556828993,0.0015262319768565838
Myanmar,MMR,South-eastern Asia,Food,9171021.793514078,9150829.545999754,3923740.905318092,3911120.7506216387,0.5386796941858488,0.8154151192333691,0.41623515468873923,0.7862931638510952
Myanmar,MMR,South-eastern Asia,Health,79889.84312167396,46629.725953441746,72615.13118706357,42826.6479203807,0.004692501798629894,0.004155096907554839,0.007703100457378493,0.008609885155067337
Myanmar,MMR,South-eastern Asia,Retail,3766590.9474761956,287710.1929187274,3452522.3150247284,265578.6396172868,0.22123882217187635,0.025637374194783853,0.36624771985145677,0.05339202804279456
Myanmar,MMR,South-eastern Asia,Security,112574.4783408733,90059.58267269866,91935.82397837986,73548.65918270388,0.006612304160991089,0.008025058818330655,0.009752662787497535,0.014786249674490983
Myanmar,MMR,South-eastern Asia,Transport,980712.1824611224,802400.8765591002,203076.7650550809,166153.71686324803,0.0576042397921364,0.07150060037107986,0.021542627496587422,0.03340360475888079
Myanmar,MMR,South-eastern Asia,Manual,1627755.275268923,562474.357110918,1006194.1283903342,374580.28157683363,0.0956097077984683,0.05012114941752016,0.10673828338405522,0.07530575850169537
Myanmar,MMR,South-eastern Asia,Cleaning,1142149.2120063673,264851.86253661313,571987.4401973312,126908.18413212713,0.06708659101358984,0.023600506597118303,0.06067711563927823,0.025513668327419275
Myanmar,MMR,South-eastern Asia,Tech,141538.82159559365,16232.528354873057,101900.82113614178,12301.481143307896,0.008313587171547348,0.0014464534583899038,0.010809761671833177,0.0024730943238427967
Myanmar,MMR,South-eastern Asia,ArmedForces,2767.4462151753933,1106.9784860701575,2767.4462151753933,1106.9784860701575,0.00016255190691191735,9.864100185346148e-05,0.00029357402317391597,0.00022254736471351738
Montenegro,MNE,Southern Europe,Food,10813.986835586384,8905.088470521623,5273.525727227688,4080.4642490622127,0.1171372464337961,0.20655539691711428,0.08165751952435304,0.16021014766484126
Montenegro,MNE,Southern Europe,Health,10112.989277372779,6405.068641051155,9367.481687024978,5964.567757289809,0.10954403174115922,0.14856691203160918,0.14505007812949192,0.2341851864948865
Montenegro,MNE,Southern Europe,Retail,26360.786184443343,2027.752783418719,24333.033401024626,1871.7718000788173,0.2855403797343638,0.04703415158819895,0.3767830580160009,0.0734908623582309
Montenegro,MNE,Southern Europe,Security,8116.815839762191,6493.452671809754,6628.73293580579,5302.986348644632,0.0879214550318442,0.15061699818346608,0.10264212542523034,0.20820969726085709
Montenegro,MNE,Southern Europe,Transport,13138.358659494656,10749.566175950175,2720.5692173701054,2225.9202687573593,0.14231487234369036,0.2493384445882,0.04212645305544777,0.08739569646511135
Montenegro,MNE,Southern Europe,Manual,10472.709586665724,5924.592901004361,6559.694271074665,4042.226605756655,0.11344052682271663,0.13742217635346982,0.10157310132165766,0.15870883357251783
Montenegro,MNE,Southern Europe,Cleaning,4644.00629910114,370.46084294713,3169.5100035584815,177.51248724549978,0.05030393679672111,0.008592917039566583,0.049078043492217616,0.006969624056990769
Montenegro,MNE,Southern Europe,Tech,8175.151815415104,2042.71144774923,6044.331617199793,1610.3442796262325,0.0885533510809058,0.04738112094828635,0.09359300638182827,0.06322650538831313
Montenegro,MNE,Southern Europe,ArmedForces,484.1390048835729,193.65560195342917,484.1390048835729,193.65560195342917,0.005244200014802846,0.004491882350088565,0.0074966146537724715,0.0076034467382511736
Mongolia,MNG,Eastern Asia,Food,309303.72314116405,304677.9556394843,147973.72744384382,145082.62275529397,0.38138312922371764,0.5904387769112449,0.31329440626330013,0.5702085074171527
Mongolia,MNG,Eastern Asia,Health,55013.29743658006,29025.61971441289,49627.01497887496,26431.870941808444,0.06783346579925384,0.05624906917633232,0.10507180200841372,0.10388341065071796
Mongolia,MNG,Eastern Asia,Retail,118116.87558960589,9065.323292544845,108783.87951053816,8367.990731579857,0.1456425521458497,0.01756779018003082,0.23032048682565187,0.032888153071113466
Mongolia,MNG,Eastern Asia,Security,21683.217702453174,17346.57416196254,17707.961123670095,14166.368898936074,0.026736223330963614,0.03361611774731909,0.037491825489624306,0.055677130120590945
Mongolia,MNG,Eastern Asia,Transport,116479.81399613498,95301.66599683772,24119.55744364411,19734.183362981545,0.14362399360116335,0.1846861516143265,0.05106664918951744,0.07755993810148785
Mongolia,MNG,Eastern Asia,Manual,101104.95535128473,47251.68680735679,62876.539702147646,31757.86152811697,0.12466621436140567,0.09156956599295689,0.1331240924599328,0.12481579445424949
Mongolia,MNG,Eastern Asia,Cleaning,47974.800756205914,5629.68253009932,30589.39089943041,2697.5562123392574,0.059154734545292444,0.010909823982814194,0.06476477429704533,0.010602024365841628
Mongolia,MNG,Eastern Asia,Tech,39064.482339717106,6815.411377458138,28373.092326941896,5293.7519835346,0.04816797665712668,0.013207661018360434,0.06007236060061062,0.020805678583982665
Mongolia,MNG,Eastern Asia,ArmedForces,2264.0917608887826,905.6367043555131,2264.0917608887826,905.6367043555131,0.0027917103352270733,0.001755043376614751,0.004793602865903822,0.003559363234863378
Mozambique,MOZ,Eastern Africa,Food,10526123.17602157,10520018.694405463,187914.72716415525,184099.42615408788,0.7964463956344299,0.929946322949746,0.0852559692199094,0.2609941121257575
Mozambique,MOZ,Eastern Africa,Health,83433.84748314787,53176.65496265261,76533.94300696878,49227.790034034486,0.006312921290265708,0.004700698371913007,0.03472306608294973,0.06978926344448443
Mozambique,MOZ,Eastern Africa,Retail,1173526.8181947747,87283.13832497687,1047397.6598997224,80569.05076151711,0.08879348919844465,0.0077156358651712,0.47519906502809356,0.11422114836315214
Mozambique,MOZ,Eastern Africa,Security,232023.83534936828,185619.06827949465,189486.13220198412,151588.9057615873,0.01755580324066902,0.01640831399925846,0.08596890780412221,0.21490459092602715
Mozambique,MOZ,Eastern Africa,Transport,187113.39403894037,153092.77694095124,38745.70280604321,31701.029568580816,0.014157708946131137,0.013533061976602236,0.01757873103234818,0.0449419220829028
Mozambique,MOZ,Eastern Africa,Manual,672578.5918380879,287611.06106601335,408633.4860206042,189151.30203962815,0.05088984674534154,0.025424179979855976,0.18539496308856812,0.2681560565644791
Mozambique,MOZ,Eastern Africa,Cleaning,244510.25829352057,5477.758166821021,183631.76752903534,2624.759121601739,0.018500573350417618,0.00048422167424019374,0.08331281191482538,0.003721069048379637
Mozambique,MOZ,Eastern Africa,Tech,89395.06515764589,17159.38015260557,64124.44087205471,13352.982395224555,0.006763969625065897,0.0015168511521275604,0.029092937204735624,0.01893025881327615
Mozambique,MOZ,Eastern Africa,ArmedForces,7656.1318582968825,3062.4527433187536,7656.1318582968825,3062.4527433187536,0.0005792919692345035,0.0002707140310854349,0.0034735486244477556,0.00434157863154111
Mauritius,MUS,Eastern Africa,Food,33583.29852504797,29816.965498306392,15493.745182111034,13139.787040397552,0.14578524434892481,0.28156678312485983,0.10273313851489987,0.21968463486602646
Mauritius,MUS,Eastern Africa,Health,18502.03711101179,10430.519182373057,16140.62304292515,9303.393723380315,0.08031742323256127,0.09849720397166975,0.10702233987300457,0.1555438186975251
Mauritius,MUS,Eastern Africa,Retail,45526.66496253431,3440.657982813439,41287.895793761265,3175.9919841354813,0.19763144978163574,0.03249073082600159,0.2737643524992646,0.05309953937816029
Mauritius,MUS,Eastern Africa,Security,24012.009897705644,19209.607918164515,19609.808083126274,15687.846466501018,0.10423623896368943,0.18139966345383596,0.13002518799524537,0.26228574422339246
Mauritius,MUS,Eastern Africa,Transport,26974.75107283933,22070.25087777764,5585.6807777091535,4570.102454489308,0.11709751123679078,0.20841321169209634,0.0370365273400103,0.07640772913047446
Mauritius,MUS,Eastern Africa,Manual,36431.29078035835,13796.379858333492,20739.010779107306,8976.850138220378,0.15814839106408735,0.13028161083998357,0.1375125021090439,0.15008432319328643
Mauritius,MUS,Eastern Africa,Cleaning,26871.589379595156,2173.747922799274,18303.703943008208,1041.5875463413188,0.11664968587961708,0.02052707912150559,0.12136490760696605,0.017414344623356233
Mauritius,MUS,Eastern Africa,Tech,18459.796254776007,4958.472508382687,13654.988891522311,3916.484617706236,0.08013405549269355,0.046823716970047426,0.09054104406156532,0.06547986588777864
Mauritius,MUS,Eastern Africa,ArmedForces,0.0,0.0,0.0,0.0,0.0,0.0,0.0,0.0
Malawi,MWI,Eastern Africa,Food,2683867.8009503116,2647937.20395371,436474.8301278927,414018.20700501656,0.5310570100871945,0.8401955802339441,0.2172645866379882,0.5691414102491767
Malawi,MWI,Eastern Africa,Health,65918.17878239824,34402.074677131284,57424.74845898674,30510.25497572699,0.01304323220472276,0.010915844624806704,0.028584384197082955,0.04194175340635881
Malawi,MWI,Eastern Africa,Retail,1135609.7197609982,69207.85364665014,830494.2437598017,63884.17259690781,0.22470313261655234,0.021959785399959818,0.41339609095633667,0.08782011870305348
Malawi,MWI,Eastern Africa,Security,75264.92578458245,60211.94062766597,61466.35605740899,49173.084845927195,0.014892673341601352,0.019105364854248255,0.030596179937897768,0.06759712104925453
Malawi,MWI,Eastern Africa,Transport,109158.37543237166,89311.39808103138,22603.5019834709,18493.77435011256,0.021599171338679505,0.028338678810114534,0.011251371616481947,0.025422970865446932
Malawi,MWI,Eastern Africa,Manual,434906.32844885974,165514.88635142948,252883.22732389122,102129.77475152249,0.08605492952084744,0.05251819256429228,0.1258779798049449,0.1403954778969611
Malawi,MWI,Eastern Africa,Cleaning,355127.84823259444,55552.781195185955,209855.83775332358,26619.04098935993,0.07026915901532967,0.017627004583117205,0.10446018577906284,0.03659259006447845
Malawi,MWI,Eastern Africa,Tech,193969.19943640206,29434.264664577622,137752.49607745593,22615.168590023655,0.03838069187507254,0.009339548929517062,0.06856922107020479,0.03108855776526995
Malawi,MWI,Eastern Africa,ArmedForces,0.0,0.0,0.0,0.0,0.0,0.0,0.0,0.0
Namibia,NAM,Southern Africa,Food,224301.46059665538,224301.46059665538,99299.49605742039,99299.49605742039,0.4311807447436767,0.713979258718199,0.32566764450590635,0.6559315594083638
Namibia,NAM,Southern Africa,Health,17139.858788676433,10604.275833505932,16083.297736185303,9953.569269213589,0.03294841263023481,0.033754720003650186,0.052747595885097504,0.06574917770639131
Namibia,NAM,Southern Africa,Retail,36106.9739788898,2777.4595368376768,33329.514442052125,2563.8088032347787,0.0694094095029286,0.008840996826129124,0.10930915958115366,0.01693546466095093
Namibia,NAM,Southern Africa,Security,0.0,0.0,0.0,0.0,0.0,0.0,0.0,0.0
Namibia,NAM,Southern Africa,Transport,37424.75907779017,30620.257427282868,7749.571324188873,6340.558356154534,0.07194262332527522,0.09746806214073242,0.02541588567196472,0.04188311618084376
Namibia,NAM,Southern Africa,Manual,61859.91841506365,34328.59318180944,37691.23964189864,23419.272324139733,0.11891498887719659,0.10927215296587506,0.12361409392840021,0.15469806419661272
Namibia,NAM,Southern Africa,Cleaning,90305.47498789735,0.0,70237.5916572535,0.0,0.17359664915304462,0.0,0.23035475444465892,0.0
Namibia,NAM,Southern Africa,Tech,43200.04286387855,7579.031181727325,30655.44460431126,5864.520202324592,0.08304460704561129,0.024124992545913364,0.10053914503044756,0.03873860426510359
Namibia,NAM,Southern Africa,ArmedForces,9864.380577427846,3945.7522309711394,9864.380577427846,3945.7522309711394,0.018962564722032046,0.012559816799500868,0.032351720952371106,0.026064013581733828
Niger,NER,Western Africa,Food,2735410.518104876,2685537.1746135764,636748.078239046,605577.2385569836,0.4113676762665819,0.7366293579843095,0.17742416736785532,0.47882467345086666
Niger,NER,Western Africa,Health,282752.02031161607,181120.4699240802,260443.846938984,168111.300429133,0.042521969110455596,0.04968043516179936,0.0725703528105235,0.13292414807926378
Niger,NER,Western Africa,Retail,2186236.0551349493,151456.99640745393,1817483.9568894473,139806.45822226518,0.3287794792842139,0.04154389337094475,0.5064256788137274,0.11054375468951706
Niger,NER,Western Africa,Security,73105.97197864152,58484.77758291322,59703.210449223916,47762.568359379125,0.01099412085133709,0.016042080731559986,0.016635766585171664,0.03776544880113157
Niger,NER,Western Africa,Transport,215345.99195436054,176192.17523538595,44591.84681883224,36484.23830631728,0.03238504046001878,0.0483286286827054,0.012425120017804095,0.028847770987485886
Niger,NER,Western Africa,Manual,712345.1070895162,314982.31943676574,480668.2149925991,216723.88348381728,0.10712679119414306,0.08639806811704243,0.1339339068931415,0.1713616961321403
Niger,NER,Western Africa,Cleaning,220157.76297628565,39262.16292672277,124337.34326352554,18813.119735721328,0.0331086638616673,0.010769414083403522,0.03464549066605957,0.014875370705005726
Niger,NER,Western Africa,Tech,205746.28436634157,31293.452834711363,146418.15453292066,24056.53432495375,0.030941378027201212,0.00858363693068692,0.040798111597580344,0.019021293171377414
Niger,NER,Western Africa,ArmedForces,18451.71353917991,7380.685415671965,18451.71353917991,7380.685415671965,0.0027748809443811783,0.0020244849375480735,0.005141405248136683,0.005835843983211656
Nigeria,NGA,Western Africa,Food,38765771.930286326,36046316.909492485,14424850.687791243,12725191.299795093,0.5428430140656282,0.7694530638525519,0.38849962701343577,0.6729587364727933
Nigeria,NGA,Western Africa,Health,1103453.465731967,629976.0305294053,1009154.3748224516,580681.205849181,0.015451827098820783,0.01344761485789602,0.027179213615661467,0.030708732102758665
Nigeria,NGA,Western Africa,Retail,10439201.265893033,787796.401480356,9453556.817764273,727196.6782895593,0.14618172675126812,0.016816485199669447,0.2546094498406287,0.03845705312083083
Nigeria,NGA,Western Africa,Security,908783.846000206,727027.0768001649,742173.4742335016,593738.7793868013,0.012725838736916432,0.015519289062243547,0.019988707277436044,0.031399268534177106
Nigeria,NGA,Western Africa,Transport,4165757.8729565856,3408347.3506008424,862606.428238485,705768.8958314876,0.05833374255232251,0.0727553752073604,0.023232287313287813,0.03732386674518632
Nigeria,NGA,Western Africa,Manual,11275001.029644754,4456594.431824388,7314354.731785898,2991491.827645372,0.15788555825825426,0.09513150118847408,0.19699504325184072,0.15820198793658477
Nigeria,NGA,Western Africa,Cleaning,761403.1870058449,90531.07233527621,484068.14238185505,43379.47216065318,0.01066204490127833,0.001932497324404621,0.013037243631478693,0.002294079050470538
Nigeria,NGA,Western Africa,Tech,3993118.538638126,700084.8164692579,2838873.7899514493,541870.6597441267,0.05591624763551165,0.014944173307400086,0.07645842805623071,0.028656276037198614
Nigeria,NGA,Western Africa,ArmedForces,0.0,0.0,0.0,0.0,0.0,0.0,0.0,0.0
Netherlands,NLD,Western Europe,Food,231125.10551543397,148950.24627567804,121309.99560521932,69950.70858037188,0.07836963206749711,0.11583914074541692,0.055685514363650955,0.08024766798873653
Netherlands,NLD,Western Europe,Health,979065.9465333774,512547.46103378513,844596.7625621652,451369.9131092278,0.33198054286886114,0.3986099987207185,0.3876993393537393,0.5178129523259449
Netherlands,NLD,Western Europe,Retail,570554.8352251963,43888.833478861256,526666.0017463351,40512.7693651027,0.19346307018968206,0.034132503205804667,0.2417580435872207,0.04647637359641074
Netherlands,NLD,Western Europe,Security,82033.98371862085,65627.1869748967,66994.42003687371,53595.536029498966,0.027815987824957655,0.05103849868526338,0.03075277284971963,0.06148496374460507
Netherlands,NLD,Western Europe,Transport,258146.77395458068,211210.99687192967,53454.635010797,43735.61046337937,0.08753210798591012,0.16425954978513108,0.024537539803268994,0.05017362681490826
Netherlands,NLD,Western Europe,Manual,386312.00160645595,198008.40543441413,232060.2707601979,129084.20447820505,0.13099022437064764,0.15399184707248154,0.10652374914515081,0.14808579632406788
Netherlands,NLD,Western Europe,Cleaning,136932.99352638406,4474.753156071825,101158.5953618796,2144.152553951083,0.04643108024388578,0.0034800315783824515,0.04643531958703938,0.002459778403373441
Netherlands,NLD,Western Europe,Tech,293756.59448228235,96633.68939092211,221004.78415098888,76796.98856759354,0.09960664452975272,0.07515236682043526,0.10144889562378301,0.088101741443064
Netherlands,NLD,Western Europe,ArmedForces,11238.418617483196,4495.367446993279,11238.418617483196,4495.367446993279,0.003810709918805654,0.0034960633863661567,0.005158825686427255,0.00515709935888934
Norway,NOR,Northern Europe,Food,72096.97423380797,54262.158954634135,37879.468499776034,26732.70895029239,0.06957676935242098,0.11534823748942803,0.049712115823550625,0.08381850560462802
Norway,NOR,Northern Europe,Health,425708.01584247756,202843.195135737,355444.841360835,172714.48996058185,0.41082706652423717,0.43119561581014404,0.4664773773876443,0.5415339863864848
Norway,NOR,Northern Europe,Retail,179608.9715925965,13816.07473789204,165792.89685470448,12753.29975805419,0.17333060260750394,0.029369636238956828,0.2175826646356398,0.03998706338499505
Norway,NOR,Northern Europe,Security,19655.817656232866,15724.654124986297,16052.25108592351,12841.80086873881,0.01896873351530561,0.033426814807801325,0.021066593508746408,0.04026455231646578
Norway,NOR,Northern Europe,Transport,95584.79500040118,78205.74136396463,19792.811085941656,16194.118161224993,0.09224355537826147,0.1662465077261171,0.025975615713399094,0.05077550450957194
Norway,NOR,Northern Europe,Manual,110333.76452846335,57556.1984593102,66431.3863841792,39481.29010333169,0.10647696339496938,0.12235056947188011,0.08718297550212159,0.12379077413955299
Norway,NOR,Northern Europe,Cleaning,37516.64801477642,1465.0991272372985,27429.635609514888,702.0266651345388,0.03620522488690013,0.0031144467033722566,0.03599800304552993,0.0022011546258028617
Norway,NOR,Northern Europe,Tech,92099.9325995863,45100.42990735679,69536.28846857748,36069.1038912549,0.08888050900824164,0.09587261546630384,0.09125777533837862,0.11309210721160347
Norway,NOR,Northern Europe,ArmedForces,3617.01070811692,1446.8042832467684,3617.01070811692,1446.8042832467684,0.003490575332159759,0.0030755562859965677,0.004746879044989618,0.004536351820895154
Nepal,NPL,Southern Asia,Food,1687403.1509288712,1631010.044478134,576402.0851472716,541156.393615561,0.3891946336099111,0.6902458247304124,0.22694786475662077,0.5509134651519735
Nepal,NPL,Southern Asia,Health,134308.62872243905,84356.27822904375,122551.552616718,77813.18551741395,0.03097789494911443,0.03569969972565368,0.048252450686167445,0.07921616038110725
Nepal,NPL,Southern Asia,Retail,1240999.17582103,94957.39246340653,1139488.7095608783,87652.97765852911,0.28623285388438086,0.040186106699376736,0.4486530083995874,0.08923336437017794
Nepal,NPL,Southern Asia,Security,56990.98809382677,45592.79047506142,46542.640276625185,37234.11222130015,0.01314480580294868,0.019294935288573917,0.018325320298271965,0.03790544476180807
Nepal,NPL,Southern Asia,Transport,234328.00929788148,191722.9166982667,48522.46657178354,39700.19992236836,0.054047074448703054,0.08113741739613756,0.019104840986786473,0.04041599612328622
Nepal,NPL,Southern Asia,Manual,739784.092855122,279736.2141416111,432156.4108225659,173178.87515229566,0.17062905139811863,0.11838477297601231,0.17015374719195803,0.17630129723469423
Nepal,NPL,Southern Asia,Cleaning,123159.58772577358,10040.661533097691,83797.77806662387,4811.150317942644,0.028406401039428108,0.004249222574818335,0.0329938549731485,0.004897895551628173
Nepal,NPL,Southern Asia,Tech,110126.12340338885,22113.238321775025,81809.66539392463,17331.093033614947,0.025400270365305528,0.009358354643215928,0.032211071673797,0.017643573337882277
Nepal,NPL,Southern Asia,ArmedForces,8528.243151666851,3411.297260666741,8528.243151666851,3411.297260666741,0.0019670145020898593,0.0014436659657990712,0.00335784103366238,0.0034728030874424634
Nauru,NRU,Polynesia,Food,167.82870169232044,167.82870169232044,83.91435084616022,83.91435084616022,0.054082482314756875,0.08335751443823566,0.03762112199007928,0.0586223466919369
Nauru,NRU,Polynesia,Health,382.6418120034757,234.16841849699162,358.99445800685305,219.76273033207625,0.12330560161576602,0.11630726525923533,0.16094713433698946,0.15352567037206744
Nauru,NRU,Polynesia,Retail,89.09334657398213,6.853334351844779,82.24001222213735,6.3261547863182575,0.02871016275442221,0.0034039285975725232,0.03687046972390677,0.004419435238083291
Nauru,NRU,Polynesia,Security,1341.7206274826217,1073.3765019860975,1095.7385124441412,876.5908099553129,0.4323669394773956,0.5331269107116211,0.4912498497600585,0.6123840540979117
Nauru,NRU,Polynesia,Transport,276.1919169976829,225.975204816286,57.191255539924235,46.79284544175619,0.08900232389266872,0.11223784256336626,0.0256404200203825,0.032689359811860726
Nauru,NRU,Polynesia,Manual,418.43552166087386,230.71466848889153,244.24565564075067,144.1112206701052,0.1348400569860679,0.11459184940209513,0.1095020757921771,0.1006757229857985
Nauru,NRU,Polynesia,Cleaning,308.2924735187024,17.341451635427013,219.069634394453,8.309445575308777,0.09934666763623552,0.008613188867600102,0.09821496986832627,0.005804957011781757
Nauru,NRU,Polynesia,Tech,118.99453823237337,57.101915550423065,89.11776987470152,45.632082418530246,0.03834576532268719,0.028361500160273886,0.03995395850808007,0.03187845379055953
Nauru,NRU,Polynesia,ArmedForces,0.0,0.0,0.0,0.0,0.0,0.0,0.0,0.0
Pakistan,PAK,Southern Asia,Food,26168637.68742463,26051335.62332792,11092683.288578318,11019369.498517873,0.4933604480365849,0.7168852577835484,0.3750829874553463,0.6552868736071722
Pakistan,PAK,Southern Asia,Health,1278758.1137500647,826959.2398857673,1195205.5770965738,774527.8410163338,0.024108579264457638,0.02275641051321514,0.04041414208068769,0.04605870848868178
Pakistan,PAK,Southern Asia,Retail,9701213.396926224,719575.1911182738,8634902.293419287,664223.2533399452,0.18289813345178657,0.01980139728104936,0.29197668989031644,0.03949924531679061
Pakistan,PAK,Southern Asia,Security,1183801.5769716639,947041.261577331,966771.2878601921,773417.0302881537,0.022318352348995887,0.026060848808441762,0.03268996809906471,0.045992652105933535
Pakistan,PAK,Southern Asia,Transport,4025937.665146411,3293948.998756155,833653.7589444588,682080.3482272846,0.0759014830641522,0.0906434706934812,0.028188792041888563,0.04056114998220773
Pakistan,PAK,Southern Asia,Manual,8450497.510424117,4182348.1228762297,5301263.687396441,2685766.778889448,0.15931823764285494,0.11509059479944059,0.17925453827791066,0.15971401231378873
Pakistan,PAK,Southern Asia,Cleaning,1222251.899058602,105874.96660562264,824178.6002666414,50731.754831860846,0.023043260858126222,0.0029134860425325294,0.027868403301758517,0.0030168561840899343
Pakistan,PAK,Southern Asia,Tech,1010522.7171016218,212533.48778450428,725285.5656815227,165983.34724736295,0.01905150533304158,0.0058485340782910514,0.024524478853027123,0.009870502001335687
Pakistan,PAK,Southern Asia,ArmedForces,0.0,0.0,0.0,0.0,0.0,0.0,0.0,0.0
Panama,PAN,Central America,Food,281049.8535693181,267703.54309961444,51644.88875870989,43303.444715145146,0.2765954644878933,0.41440864748560136,0.09896405048300295,0.15501341226556198
Panama,PAN,Central America,Health,96412.29942748326,48788.33183680143,81589.17145103613,42234.530422177966,0.09488425061895073,0.07552498698922414,0.15634451107196895,0.15118701801304374
Panama,PAN,Central America,Retail,64748.74831369388,2933.220504843481,35198.646058121776,2707.58815831706,0.06372253850122976,0.004540664378644044,0.06744908681484656,0.009692357783346596
Panama,PAN,Central America,Security,189161.61902339524,151329.2952187162,154481.9888691061,123585.59109528491,0.18616357636405392,0.23425976298416715,0.29602471246641177,0.44239954369811046
Panama,PAN,Central America,Transport,130359.37505579214,106657.67050019358,26993.607966098374,22085.679244989584,0.12829329542779952,0.16510749340177036,0.05172625686070086,0.07906014231637232
Panama,PAN,Central America,Manual,130339.16376750526,58292.080533981185,80556.19838526282,38349.178733283516,0.12827340447037466,0.09023691645433318,0.15436508578738004,0.13727861818228734
Panama,PAN,Central America,Cleaning,78445.31227164384,3052.534188205739,57366.93815314392,1462.6726318485835,0.07720202415733217,0.004725363548390482,0.10992887582675981,0.005235931625804357
Panama,PAN,Central America,Tech,45587.97464087682,7232.602391369652,34023.602736559944,5624.205063457083,0.04486544597236603,0.011196164757869206,0.06519742068892913,0.020132976115473263
Panama,PAN,Central America,ArmedForces,0.0,0.0,0.0,0.0,0.0,0.0,0.0,0.0
Peru,PER,South America,Food,4419470.750506486,3897064.5982556217,1788000.8714637489,1461497.026306959,0.4037974189634143,0.6494135746488924,0.301724931404716,0.5738467325126173
Peru,PER,South America,Health,498281.05550775933,286966.79062935075,451187.27040636854,262785.3075487232,0.04552685502202731,0.047820641564818876,0.076137797462367,0.10318083949182509
Peru,PER,South America,Retail,2501428.8196306885,151193.6890779086,1814324.2689349032,139563.40530268487,0.22855010432455394,0.025195177450327035,0.3061670015530493,0.054798609008225835
Peru,PER,South America,Security,131781.41694776705,105425.13355821365,107621.49050734309,86097.19240587446,0.012040581109118438,0.017568226318989442,0.01816111354264502,0.033805469084987584
Peru,PER,South America,Transport,1160015.1884024332,949103.3359656272,240205.1652752513,196531.49886156924,0.10598806180164895,0.1581602189495442,0.040534592668515425,0.0771667382331243
Peru,PER,South America,Manual,972001.4025164058,407921.21706810605,631415.8653594711,261589.84382284863,0.08880965159006032,0.0679766960675742,0.10655135112292835,0.10271144890081996
Peru,PER,South America,Cleaning,690905.8280498234,83154.71157460786,438047.5163246367,39844.96596283294,0.06312656104383688,0.013857044739965473,0.07392046554588994,0.015644851213023135
Peru,PER,South America,Tech,520567.68333758035,99940.48122583327,404807.69518530084,78804.86828043564,0.0475631356771371,0.01665425438265771,0.06831124973775632,0.0309421882869553
Peru,PER,South America,ArmedForces,50320.01796351288,20128.007185405157,50320.01796351288,20128.007185405157,0.004597630468202671,0.003354165877230644,0.008491496962132675,0.007903123268421413
Philippines,PHL,South-eastern Asia,Food,9121726.469959777,8841594.939543417,3509964.2559343087,3334882.049424083,0.3543835580818649,0.6035598223195626,0.23242172383877113,0.5151174005395852
Philippines,PHL,South-eastern Asia,Health,1051534.9371053975,585354.4426812342,921064.6805375254,523191.2913738812,0.04085264929682155,0.03995844933345213,0.06099077517829436,0.080813934047234
Philippines,PHL,South-eastern Asia,Retail,6910629.491505631,512623.95957305114,6151487.514876614,473191.34729820106,0.2684813533765208,0.0349935987875779,0.40733729124535545,0.07309076997795698
Philippines,PHL,South-eastern Asia,Security,900682.748371011,720546.198696809,735557.5778363257,588446.0622690605,0.034991967597563726,0.049187136329154245,0.04870692342075791,0.09089341135952331
Philippines,PHL,South-eastern Asia,Transport,2760179.095381029,2258328.3507662965,571552.2369223344,467633.6483910008,0.10723431490580812,0.15416180762043874,0.037846868652522514,0.07223230860762063
Philippines,PHL,South-eastern Asia,Manual,2893491.0803771275,1480522.3050494518,1728578.3238216913,919615.3908164086,0.11241355106614016,0.10106590332240908,0.11446246301047523,0.14204696975575204
Philippines,PHL,South-eastern Asia,Cleaning,1367336.3619098854,104469.07882843805,938701.3262181653,50058.10027195991,0.053121689915184934,0.007131443940456806,0.06215863310872699,0.007732147076234665
Philippines,PHL,South-eastern Asia,Tech,693987.8291210389,129585.97130735373,504666.8692477891,100952.6080676976,0.026961768362530992,0.00884601549292568,0.03341787413264248,0.015593488547669773
Philippines,PHL,South-eastern Asia,ArmedForces,40131.98626910235,16052.794507640945,40131.98626910235,16052.794507640945,0.0015591473975649429,0.0010958228540228234,0.002657447412454001,0.0024795700884234152
Palau,PLW,Micronesia,Food,402.8854830189161,356.4763038397755,119.9744541460754,90.96871715911253,0.1590170046648706,0.29967040261557143,0.07328184946000407,0.13640644179245848
Palau,PLW,Micronesia,Health,226.49753592680005,132.33113709210082,204.11981240480637,120.8495081425302,0.08939751181196719,0.11124364986905327,0.12467885326855313,0.18121231026329782
Palau,PLW,Micronesia,Retail,418.6903805546056,31.852473315051636,382.2296797806196,29.40228306004767,0.16525512336383236,0.026776656399897892,0.23347051713796196,0.04408835188673455
Palau,PLW,Micronesia,Security,356.66868906963316,285.3349512557065,291.27942940686705,233.02354352549366,0.1407754535323781,0.23986570440183985,0.17791700281962206,0.34941585875709585
Palau,PLW,Micronesia,Transport,159.9991303236163,130.90837935568607,33.13113304680944,27.107290674662273,0.06315090397995592,0.11004761417438487,0.020236897276644763,0.040647039807070365
Palau,PLW,Micronesia,Manual,336.59524424647674,132.93402362229412,184.86340143485998,85.5171432866263,0.1328525593015775,0.11175046405919292,0.11291680425667402,0.12823187566316038
Palau,PLW,Micronesia,Cleaning,330.21872598342094,45.924458580475765,201.98257246042584,22.005469736477973,0.13033577754318793,0.03860621546081495,0.12337340122896055,0.032996923782868844
Palau,PLW,Micronesia,Tech,302.04481087653113,73.79954001231094,219.5841771928563,58.02062771867992,0.11921566580223047,0.062039293019244865,0.13412467455157945,0.08700119804731372
Palau,PLW,Micronesia,ArmedForces,0.0,0.0,0.0,0.0,0.0,0.0,0.0,0.0
Papua New Guinea,PNG,Melanesia,Food,1398441.0046314662,1398441.0046314662,401683.3337894569,401683.3337894569,0.5482803682276939,0.8532109635775397,0.33570693287160386,0.708444375855593
Papua New Guinea,PNG,Melanesia,Health,57630.463079111316,32665.88088828843,51792.30505730414,29744.131151860227,0.022594912058141958,0.019929970314443532,0.04328543012504342,0.05245938941617
Papua New Guinea,PNG,Melanesia,Retail,820798.6725080472,48733.130350379586,584797.5642045551,44984.42801573501,0.3218067812035525,0.02973285320345335,0.4887446904451302,0.07933852950327389
Papua New Guinea,PNG,Melanesia,Security,69492.46703351496,55593.973626811974,56752.18141070388,45401.74512856311,0.027245593691832125,0.03391876214308861,0.04743064785741508,0.08007454699930056
Papua New Guinea,PNG,Melanesia,Transport,64107.478546572966,52451.57335628698,13274.780911159047,10861.184381857403,0.0251343258866518,0.03200153406276103,0.0110944010103331,0.01915574867861108
Papua New Guinea,PNG,Melanesia,Manual,101234.61212878731,45091.11732033512,60368.65806956083,29990.748088230415,0.039690591331013346,0.027510803480629974,0.050453119005254565,0.05289434493178463
Papua New Guinea,PNG,Melanesia,Cleaning,23237.160672203634,2081.947911191622,15586.576073346163,997.6000407793189,0.00911048729816058,0.001270229332194226,0.0130264843158656,0.0017594559664102468
Papua New Guinea,PNG,Melanesia,Tech,13284.752002507306,3027.2267574900834,9906.258992211659,2383.059561248173,0.005208491953271783,0.0018469588993541362,0.008279158089865488,0.004202975332753219
Papua New Guinea,PNG,Melanesia,ArmedForces,2368.095445537725,947.2381782150901,2368.095445537725,947.2381782150901,0.0009284483496820184,0.0005779249865354994,0.001979136279488701,0.0016706333161034725
Poland,POL,Eastern Europe,Food,1120118.4836610286,1042831.6624328574,516671.46233457106,468367.1990669641,0.1861806986782884,0.3163835986871434,0.13183221746682594,0.2522997205811688
Poland,POL,Eastern Europe,Health,922376.3972124109,497381.8614488923,826788.8844134265,451205.21115836594,0.15331296160392427,0.15090015859299105,0.21096077479611963,0.2430549127411184
Poland,POL,Eastern Europe,Retail,1068375.1292625223,82182.70225096327,986192.4270115591,75860.95592396609,0.17758016756091466,0.0249333233969273,0.2516336666137279,0.04086472754873796
Poland,POL,Eastern Europe,Security,193888.3086288549,155110.64690308392,158342.11871356482,126673.69497085188,0.03222718068903496,0.047058855642531046,0.04040206233586651,0.0682364988619981
Poland,POL,Eastern Europe,Transport,860663.6392529112,704179.3412069273,178218.22833014827,145814.91408830314,0.14305536424983864,0.21364022796587637,0.04547358611139703,0.07854747760802556
Poland,POL,Eastern Europe,Manual,1157970.7101000086,570094.5556467014,718831.7602709286,391381.96744276746,0.1924723134206006,0.17296038623018342,0.1834147845400702,0.21082936897167373
Poland,POL,Eastern Europe,Cleaning,222297.66977999252,12201.585819987085,158324.07121056516,5846.593205410478,0.036949247850032965,0.003701826258718994,0.04039745739343475,0.003149438805739093
Poland,POL,Eastern Europe,Tech,403183.57291158236,205147.18099510914,308366.705103386,164272.0675493314,0.06701523133065564,0.06223938697098611,0.07868185005424878,0.0884899643368526
Poland,POL,Eastern Europe,ArmedForces,67423.651788953,26969.4607155812,67423.651788953,26969.4607155812,0.011206834616709795,0.008182236254642391,0.017203600688309298,0.014527890544685855
Portugal,PRT,Southern Europe,Food,145223.35844190646,105195.38222749665,73897.2484515029,48879.76331749678,0.08271115518164902,0.13649166878828436,0.059426650877052935,0.0994162931017827
Portugal,PRT,Southern Europe,Health,428887.53360719094,210780.58855670158,364429.682908996,182563.954364151,0.24427050667506509,0.2734891367955971,0.29306687311478047,0.3713158649929486
Portugal,PRT,Southern Europe,Retail,334474.0281369253,25385.205204661383,304622.4624559366,23432.497111995126,0.19049782033880702,0.032937463104835835,0.24497113363507028,0.04765923242838005
Portugal,PRT,Southern Europe,Security,92046.34332796071,73637.07466236858,75171.18038450125,60136.94430760099,0.05242448231871615,0.09554456662002626,0.06045112079724361,0.12231221421217425
Portugal,PRT,Southern Europe,Transport,180371.3007320058,147576.51878073203,37349.61277783958,30558.77409095967,0.1027294700055345,0.1914814595072844,0.030035792204068826,0.06215332963305341
Portugal,PRT,Southern Europe,Manual,310768.19669342594,154563.6323838513,194845.09099580423,105292.40794405525,0.17699629603672554,0.20054728326788093,0.15669042407329006,0.21415367381313954
Portugal,PRT,Southern Europe,Cleaning,134195.52000327728,8004.2339701828105,94813.68053816396,3835.3621107125964,0.07643031120309245,0.010385543821680786,0.07624721636838301,0.00780072279142129
Portugal,PRT,Southern Europe,Tech,120364.14786587031,41783.01008335393,88915.70590852572,33184.29236477922,0.06855273021676757,0.054213717869680364,0.07150418619416413,0.06749335741834954
Portugal,PRT,Southern Europe,ArmedForces,9458.837137113322,3783.5348548453285,9458.837137113322,3783.5348548453285,0.005387228023642545,0.004909160224729834,0.007606602735946716,0.007695311608750586
Palestine,PSE,Western Asia,Food,41874.82408335143,35424.55735837325,14785.031298421472,10753.614595310108,0.14643776730110974,0.2737915163690133,0.08055132318135723,0.1667156854525221
Palestine,PSE,Western Asia,Health,21405.48109337681,11794.42127692435,19793.659733678196,10948.049209801138,0.07485573797470492,0.091157454797125,0.10783916854606569,0.16973004864577862
Palestine,PSE,Western Asia,Retail,75434.9905220763,5723.809962697829,68685.71955237394,5283.516888644149,0.26379887749367537,0.04423853749931708,0.3742112872089789,0.08191154070878107
Palestine,PSE,Western Asia,Security,5001.903732780743,4001.5229862245947,4084.8880484376073,3267.9104387500856,0.017491837420630808,0.03092721907857326,0.02225515324979337,0.05066314437484838
Palestine,PSE,Western Asia,Transport,40592.17254805117,33211.7775393146,8405.449871061102,6877.1862581409005,0.14195228870707818,0.25668924644022284,0.04579429663573508,0.10661855238057864
Palestine,PSE,Western Asia,Manual,64231.264609318285,30561.930691032765,38325.214801822294,19937.389061785965,0.22461904464584828,0.2362089457438121,0.20880217979830204,0.30909378926587905
Palestine,PSE,Western Asia,Cleaning,14258.157640273801,1635.8229654157503,9135.778511521923,783.8318375950472,0.04986129055761393,0.012643050008543603,0.049773249210062175,0.012151919796452392
Palestine,PSE,Western Asia,Tech,9769.007433731555,1675.8513339600968,6943.572988765637,1295.758877933229,0.034162570677218694,0.012952423746390572,0.0378297468948286,0.02008843887803472
Palestine,PSE,Western Asia,ArmedForces,13388.648337039915,5355.459334815967,13388.648337039915,5355.459334815967,0.04682058522212006,0.04139160631700225,0.07294359527487687,0.08302688049712505
Romania,ROU,Eastern Europe,Food,742239.1902144032,728302.5783558534,336433.975716759,327723.59330516536,0.1995767570393654,0.3398510319201205,0.1453040283304911,0.2888890521470542
Romania,ROU,Eastern Europe,Health,409760.44184523827,220269.75439356448,362594.708844514,197938.71849341827,0.11017831074490629,0.10278544324316237,0.15660270855279415,0.17448340594605863
Romania,ROU,Eastern Europe,Retail,705208.8510949103,54185.45787673589,650225.4945208306,50017.345732371585,0.18961986566126185,0.025284798271681022,0.2808289010519099,0.0440903978069149
Romania,ROU,Eastern Europe,Security,195809.2853866725,156647.42830933802,159910.91639911587,127928.73311929272,0.05265011965264101,0.07309707769913973,0.06906466648414211,0.11276945330814984
Romania,ROU,Eastern Europe,Transport,628224.147214853,514001.5749939708,130086.81836267159,106434.66956945858,0.16891985716726204,0.23985081319445287,0.05618379862058474,0.09382239007392568
Romania,ROU,Eastern Europe,Manual,750357.7959970653,408394.8311744507,470683.45829360886,278805.95934268064,0.20175972586551522,0.19057107434496146,0.2032856592824231,0.24576805262981857
Romania,ROU,Eastern Europe,Cleaning,124115.90982076667,14116.137908491904,79673.65402545319,6763.982747819037,0.03337286834970771,0.006587075451192035,0.03441062353183585,0.005962465335649273
Romania,ROU,Eastern Europe,Tech,144201.5077919733,39427.91736289433,106621.35890059006,31154.51363593528,0.0387735782005739,0.018398422304765936,0.04604919262782727,0.027462770756352388
Romania,ROU,Eastern Europe,ArmedForces,19149.164851939393,7659.665940775758,19149.164851939393,7659.665940775758,0.005148917318766636,0.0035742635705240194,0.008270421517991894,0.006752011996076531
Russia,RUS,Eastern Europe,Food,1722915.5348740916,1587399.2893551108,567043.604464614,482345.9510152509,0.059754468707970534,0.10063757728414569,0.030483887731228235,0.05334388038208944
Russia,RUS,Eastern Europe,Health,4784078.770847324,2905795.1428299854,4380760.687924807,2684417.1064738696,0.16592228662559108,0.18422093623164584,0.23550678631525176,0.29687659805575756
Russia,RUS,Eastern Europe,Retail,4464910.82601771,342759.17325218976,4113110.0790262776,316393.08300202136,0.15485284614178804,0.021730167714785028,0.221118067266809,0.0349907255111315
Russia,RUS,Eastern Europe,Security,1848645.3335748734,1478916.2668598988,1509727.0224194797,1207781.617935584,0.06411505236401978,0.09375999542204538,0.08116192245866148,0.13357167820986882
Russia,RUS,Eastern Europe,Transport,5787644.2587788515,4735345.302637242,1198451.5889390549,980551.3000410451,0.20072812668633785,0.30021033904763433,0.06442796180202767,0.10844169241557076
Russia,RUS,Eastern Europe,Manual,5310582.505373058,2955380.6962590064,3455080.1376971,2063368.2701965787,0.18418258452907865,0.18736454981321518,0.18574281446909027,0.22819320854231645
Russia,RUS,Eastern Europe,Cleaning,1884612.0031871893,332870.8899373607,1068213.5506093,159500.63476165204,0.06536245491532135,0.021103272589546616,0.05742645132290295,0.01763958578626875
Russia,RUS,Eastern Europe,Tech,3029860.7673469046,1434958.3569357917,2309033.510759377,1147840.4585920887,0.10508218002989272,0.09097316189698185,0.12413210863402864,0.12694263109699677
Russia,RUS,Eastern Europe,ArmedForces,0.0,0.0,0.0,0.0,0.0,0.0,0.0,0.0
Rwanda,RWA,Eastern Africa,Food,2777234.424786705,2773352.997984513,450637.3686672398,448211.47691586986,0.6944329841563783,0.8894911971948988,0.33621415824415823,0.6886645614100353
Rwanda,RWA,Eastern Africa,Health,32617.790762420773,18314.476191403377,29800.220177313873,16862.776873076193,0.00815590847267991,0.00587396028032773,0.02223352220442374,0.025909191168775107
Rwanda,RWA,Eastern Africa,Retail,519157.11896142806,38988.621324158106,467863.4558898973,35989.49660691518,0.12981253010145183,0.01250473181156783,0.3490662979425039,0.05529686804700301
Rwanda,RWA,Eastern Africa,Security,63801.75295485561,51041.402363884496,52104.76491313208,41683.81193050567,0.01595329558910072,0.0163703928523172,0.0388746271255511,0.06404602635020942
Rwanda,RWA,Eastern Africa,Transport,105158.03274710756,86038.39042945165,21775.14819510813,17816.030341452108,0.026294217670946692,0.027594897210500152,0.01624612966011291,0.027373838808386786
Rwanda,RWA,Eastern Africa,Manual,297878.46815965127,135894.8510113633,171667.20486479165,80974.6292855622,0.07448295747519557,0.04358524638102882,0.12807847017312673,0.12441528259382115
Rwanda,RWA,Eastern Africa,Cleaning,131888.77814073063,5432.136184936722,96091.77588856054,2602.8985886155133,0.03297810115112632,0.0017422366795631678,0.07169271301247804,0.003999281828430651
Rwanda,RWA,Eastern Africa,Tech,71547.20461612474,8846.561647570374,50388.41348955668,6700.380577445808,0.017890005383120786,0.0028373375897963455,0.03759408163764533,0.010294949793338629
Rwanda,RWA,Eastern Africa,ArmedForces,0.0,0.0,0.0,0.0,0.0,0.0,0.0,0.0
Sudan,SDN,Northern Africa,Food,4760771.592985401,4699308.310986502,958673.4203391351,920258.8690898236,0.530597900039641,0.8188726922460451,0.24767582954556172,0.5888389182700932
Sudan,SDN,Northern Africa,Health,179726.1549675492,101617.69877303584,167128.65324112444,94734.85520195852,0.02003085393730905,0.01770727797952359,0.04317813235886399,0.06061725839683302
Sudan,SDN,Northern Africa,Retail,2378915.8107244303,151953.74353647756,1823444.9224377307,140264.9940336716,0.2651351170472659,0.026478528930667104,0.47109184860433867,0.08975027585405056
Sudan,SDN,Northern Africa,Security,95088.16300073187,76070.53040058553,77655.33311726437,62124.266493811505,0.010597773621644557,0.013255584845131268,0.0200624619817367,0.039750973458934837
Sudan,SDN,Northern Africa,Transport,352818.9312841317,288670.03468701686,73058.46556893636,59775.108192766114,0.03932240402152911,0.05030187270800579,0.018874849016582776,0.03824783572313567
Sudan,SDN,Northern Africa,Manual,634862.2745806768,274722.8226573653,358759.2474780602,172510.55717721896,0.07075672149515157,0.04787151693897781,0.09268640638314225,0.11038299470981755
Sudan,SDN,Northern Africa,Cleaning,253674.33664404874,52963.92971300347,134039.79023261712,25378.549654147497,0.028272532653236652,0.009229170091824185,0.03462953653834737,0.016238776096113273
Sudan,SDN,Northern Africa,Tech,146863.59470380234,25548.125644859952,108173.21768468842,19891.118045228628,0.016368253216963235,0.004451859942821016,0.02794683867963094,0.012727575714124327
Sudan,SDN,Northern Africa,ArmedForces,169745.09438519008,67898.03775407604,169745.09438519008,67898.03775407605,0.018918443967258964,0.011831496317004165,0.04385409689179571,0.04344539177689759
Senegal,SEN,Western Africa,Food,2231558.7668749397,2187521.251291254,427938.147778791,400414.70053898793,0.6238873249819308,0.8543367970807619,0.3167894915766335,0.6474067521755054
Senegal,SEN,Western Africa,Health,76958.85504272996,45397.64552850826,71600.06996816047,42358.15494252696,0.021515747162472884,0.01773005818934994,0.05300333676676508,0.06848638544632571
Senegal,SEN,Western Africa,Retail,270429.9254843074,19060.500856199607,228726.01027439526,17594.30848264579,0.07560535949574777,0.007444081854120727,0.16931885339334687,0.02844719261353532
Senegal,SEN,Western Africa,Security,61871.66017204533,49497.32813763628,50528.52247383702,40422.817979069616,0.017297749505824103,0.019331189930247385,0.03740471614341703,0.06535725403284223
Senegal,SEN,Western Africa,Transport,138926.56695526026,113667.19114521294,28767.622450331666,23537.145641180457,0.03884035030277014,0.04439274085170403,0.021295788976074027,0.038055813122062875
Senegal,SEN,Western Africa,Manual,310565.507813241,110120.39219142727,184846.4035118803,70661.05765287539,0.0868262520249893,0.04300753791651974,0.13683612571639014,0.11424766817690779
Senegal,SEN,Western Africa,Cleaning,385418.62949994433,16659.722280888163,279870.93244222924,7982.78359292558,0.1077532894612754,0.006506457372840382,0.2071798713333736,0.012906888763722221
Senegal,SEN,Western Africa,Tech,88801.70165121407,13634.375205450058,66251.73103115277,10587.09145471696,0.024826707196514662,0.005324907557513212,0.04904412541477784,0.01711763949839292
Senegal,SEN,Western Africa,ArmedForces,12330.229210961825,4932.09168438473,12330.229210961823,4932.09168438473,0.0034472198684750775,0.0019262292469427022,0.00912769067922189,0.007974406170705588
Singapore,SGP,South-eastern Asia,Food,56844.62274778143,4667.653956862501,34577.61479631556,1967.0093019912222,0.07077858597196024,0.013078416248496129,0.06327294607786423,0.00945695616135653
Singapore,SGP,South-eastern Asia,Health,128793.37302128506,69576.40919171135,116387.3177999153,63493.0897800352,0.1603636788206418,0.19494787936176441,0.21297502811229133,0.3052610712064374
Singapore,SGP,South-eastern Asia,Retail,157312.13626838496,12100.933559106537,145211.20270927844,11170.09251609834,0.19587306631811832,0.033905908095160246,0.26571932890828004,0.053703393845724715
Singapore,SGP,South-eastern Asia,Security,64168.52070966679,51334.81656773345,52404.29191289454,41923.43353031563,0.07989774476812621,0.1438363052012321,0.09589365709535716,0.20155881958890126
Singapore,SGP,South-eastern Asia,Transport,166727.79981973447,136413.6543979646,34524.44339701572,28247.271870285593,0.20759673198671058,0.3822208267114756,0.06317564870496556,0.13580678621335895
Singapore,SGP,South-eastern Asia,Manual,50579.899262344836,25203.204226566777,30698.12954933234,16397.618206453233,0.06297823039968516,0.07061748765378904,0.05617394684705566,0.07883620904695748
Singapore,SGP,South-eastern Asia,Cleaning,81840.14755692826,4235.629172204336,58594.224366366805,2029.5723116812442,0.10190110585335943,0.011867915209720682,0.1072205014905323,0.009757745608240245
Singapore,SGP,South-eastern Asia,Tech,96866.56645812666,53365.19080873691,74086.1769808649,42767.93873404998,0.12061085588139825,0.14952526151836165,0.13556894276365372,0.20561901832902338
Singapore,SGP,South-eastern Asia,ArmedForces,0.0,0.0,0.0,0.0,0.0,0.0,0.0,0.0
Sierra Leone,SLE,Western Africa,Food,1509158.9442427089,1507835.1051042231,288569.26454105333,287741.86507949966,0.6267970869959046,0.8836378213618864,0.32295587552425997,0.7058515101923676
Sierra Leone,SLE,Western Africa,Health,23928.807600511744,13915.778496186882,22130.035590287986,12929.630780116715,0.009938321577395168,0.00815507488272414,0.024767104115579565,0.031717315135403
Sierra Leone,SLE,Western Africa,Retail,586139.303706779,35556.66068904798,426679.9282685758,32821.532943736594,0.2434405001135068,0.020837298508183003,0.4775241397304195,0.08051358320334866
Sierra Leone,SLE,Western Africa,Security,28355.638532345016,22684.510825876016,23157.1048014151,18525.68384113208,0.011776911702896367,0.013293822154015764,0.025916561376147864,0.04544483616590366
Sierra Leone,SLE,Western Africa,Transport,77985.22899464065,63806.09645016052,16148.456508991247,13212.373507356473,0.03238950711522146,0.037392338105119986,0.018072745614544673,0.032410903400575855
Sierra Leone,SLE,Western Africa,Manual,130202.23921217845,53725.451242894065,78175.73062232714,35189.36847229384,0.05407673232158408,0.03148476947329975,0.0874913396200951,0.08632205422044414
Sierra Leone,SLE,Western Africa,Cleaning,5659.560042682009,214.20283459187263,4146.026647434604,102.63885824193896,0.002350577957321502,0.00012552945971848811,0.004640077202950573,0.00025178050845842847
Sierra Leone,SLE,Western Africa,Tech,41411.88429421777,6701.2679918571785,29629.151694831544,5173.163255336255,0.01719954584084728,0.00392714947983488,0.03315983301916796,0.012690141892428125
Sierra Leone,SLE,Western Africa,ArmedForces,4889.660083810739,1955.864033524296,4889.660083810739,1955.864033524296,0.0020308163753226414,0.0011461965752176996,0.005472323796834803,0.0047978752810705185
El Salvador,SLV,Central America,Food,377585.2534680836,350791.6670071264,147168.0925038131,130422.10096571482,0.2601081760704108,0.5203375344216105,0.15488763399278024,0.39411574868392674
El Salvador,SLV,Central America,Health,67306.21265118747,36712.22113844657,60286.29816325355,33301.41622460356,0.04636541297656212,0.0544561015183184,0.06344855006154068,0.1006318138598678
El Salvador,SLV,Central America,Retail,459504.3906799365,34531.94622080317,414383.35464963806,31875.642665356772,0.31654003396138075,0.05122204842724312,0.43611938074151924,0.09632334305932447
El Salvador,SLV,Central America,Security,62647.0144713156,50117.61157705248,51161.72848490774,40929.38278792618,0.04315581850912487,0.07434063260850968,0.053845361050684756,0.12368236841143222
El Salvador,SLV,Central America,Transport,107372.0764558459,87849.88073660119,22233.61179136203,18191.1369202053,0.07396569307541427,0.13030979536006754,0.023399851604306274,0.05497084845001246
El Salvador,SLV,Central America,Manual,201305.75973060683,93841.49257292497,126412.9770115809,61432.49408347955,0.13867404384854365,0.1391972941901373,0.13304383159549463,0.18563965171513477
El Salvador,SLV,Central America,Cleaning,113012.56038055618,5755.788115456347,81023.68893585973,2757.9818053228337,0.0778512685112539,0.008537695955556781,0.08527369800839922,0.008334201458288086
El Salvador,SLV,Central America,Tech,55692.189071584464,11672.533487613879,40269.08105545912,9124.570012348486,0.03836482910210572,0.017314143597588084,0.04238135170218333,0.027573062504038157
El Salvador,SLV,Central America,ArmedForces,7221.543090883447,2888.617236353379,7221.543090883447,2888.617236353379,0.0049747239452039285,0.004284753920968565,0.007600341243091571,0.008728961857975141
Somalia,SOM,Eastern Africa,Food,395542.3514504397,359837.05084814463,130299.31456481019,107983.50168837573,0.26809064662322324,0.48025731460594207,0.17028114546322434,0.3271170994683149
Somalia,SOM,Eastern Africa,Health,155843.44040694728,84646.35097176905,144381.41437986042,78661.01604941336,0.10562754799196561,0.11297343926390031,0.18868428208019786,0.238289766575375
Somalia,SOM,Eastern Africa,Retail,138166.4928590247,7920.027384001605,95040.32860801926,7310.794508309174,0.09364646864339642,0.010570482039247592,0.12420307869328924,0.02214677109905598
Somalia,SOM,Eastern Africa,Security,14466.901022290034,11573.520817832028,11814.635834870194,9451.708667896155,0.00980537440675518,0.015446625119361677,0.015439910255183199,0.028632295453654012
Somalia,SOM,Eastern Africa,Transport,129056.77709869591,105591.90853529666,26723.878086093595,21864.99116134931,0.08747208660874262,0.14092847392382218,0.034923994703411475,0.06623615993896663
Somalia,SOM,Eastern Africa,Manual,95176.70958296781,48037.587204866664,60220.62465618799,33328.27141929447,0.06450885858872597,0.06411347185283041,0.07869908587942784,0.1009621590938457
Somalia,SOM,Eastern Africa,Cleaning,495156.8872122547,113143.98472114054,249977.81941483583,54214.826012213176,0.33560737449706085,0.1510078690838372,0.3266825276289917,0.16423431687253415
Somalia,SOM,Eastern Africa,Tech,20303.444016278663,5831.530917855101,15050.792534478383,4614.54993348496,0.013761265803883383,0.007783065618310982,0.0196690688777612,0.013978970546347832
Somalia,SOM,Eastern Africa,ArmedForces,31692.261072396046,12676.904428958422,31692.261072396046,12676.904428958422,0.021480376836246914,0.016919258492747665,0.041416906418513165,0.0384024609519059
Serbia,SRB,Southern Europe,Food,514599.5932115894,503077.93153807643,157387.15889509147,150186.1203491459,0.3480855571514791,0.5245019931089865,0.18516905567460462,0.33586577862821965
Serbia,SRB,Southern Europe,Health,151733.26088470855,93717.7028803882,139857.7100134566,86970.37921295142,0.10263544190511618,0.09770876213964678,0.1645453178887781,0.1944944983201011
Serbia,SRB,Southern Europe,Retail,215160.45940936063,16550.80456995082,198609.6548394098,15277.665756877677,0.1455388798950741,0.017255636632590977,0.23366812446869606,0.03416590756273964
Serbia,SRB,Southern Europe,Security,64230.00251783768,51384.00201427015,52454.5020562341,41963.60164498729,0.04344647082351972,0.053572239569330084,0.0617137425938845,0.09384447582621272
Serbia,SRB,Southern Europe,Transport,138884.11728936183,113632.45960038695,28758.832367999166,23529.95375563568,0.09394402168965829,0.11847160808676492,0.033835326015613974,0.052620749646174095
Serbia,SRB,Southern Europe,Manual,245919.48888173825,144557.8316196446,161824.69275025744,100590.32057551773,0.16634490860666112,0.15071396706312928,0.19038990062316158,0.22495318651295476
Serbia,SRB,Southern Europe,Cleaning,57022.5119046373,2807.1597250939567,40997.846254189004,1345.0973682741876,0.03857117861797701,0.0029267053442109028,0.048234764061285594,0.0030080820642807713
Serbia,SRB,Southern Europe,Tech,82263.06048180186,30002.22321650293,61515.78681592654,23874.58693426637,0.055644395406702275,0.03127989698662715,0.07237452047392326,0.053391463282113444
Serbia,SRB,Southern Europe,ArmedForces,8558.505418964993,3423.402167585997,8558.505418964993,3423.402167585997,0.005789145903812366,0.0035691910687133334,0.01006924820005223,0.007655858157203837
Sao Tome and Principe,STP,Middle Africa,Food,9364.974902865204,8903.99883835141,2997.1835747969135,2709.073534475791,0.43355381185773423,0.6966978034879427,0.26543095609135864,0.5220120406169501
Sao Tome and Principe,STP,Middle Africa,Health,1199.967926161326,554.2513970665511,962.4998706940194,454.75275159837673,0.05555280968613091,0.04336767534752793,0.08523911016475978,0.08762641870626675
Sao Tome and Principe,STP,Middle Africa,Retail,5062.745824463342,313.7101357809861,3764.5216293718327,289.57858687475635,0.23438106064666117,0.024546405103865025,0.333386511161056,0.05579896858824641
Sao Tome and Principe,STP,Middle Africa,Security,1408.7460535086761,1126.996842806941,1150.475943698752,920.3807549590017,0.06521824433841916,0.08818242670242966,0.10188629494166355,0.17734839232914554
Sao Tome and Principe,STP,Middle Africa,Transport,1184.1436732334757,968.8448235546621,245.20146768976005,200.61938265525828,0.05482022201261015,0.075807743548198,0.02171507296089044,0.038657397813104656
Sao Tome and Principe,STP,Middle Africa,Manual,1670.1600115776428,627.7839349770422,998.2632632443969,419.39829361228357,0.07732046769397168,0.04912126523193748,0.08840632072788336,0.0808139595672431
Sao Tome and Principe,STP,Middle Africa,Cleaning,723.9426945796321,104.74129019148363,437.9588880554418,50.18853488341924,0.03351510474475819,0.00819553417915887,0.03878569446422416,0.009670841037225002
Sao Tome and Principe,STP,Middle Africa,Tech,917.3016138678804,152.55807605514147,667.1512472944536,118.28146171915115,0.04246670337514682,0.011936982295433763,0.05908299875789498,0.02279168373003111
Sao Tome and Principe,STP,Middle Africa,ArmedForces,68.50758891185109,27.40303556474044,68.50758891185109,27.40303556474044,0.0031715756445677683,0.002144164103506497,0.006067040730269093,0.0052802976117874165
Suriname,SUR,South America,Food,21109.814748244047,20078.048457282694,7194.716407076477,6549.862475225629,0.17714371908853718,0.326762457766629,0.09717006875515823,0.20580707269208084
Suriname,SUR,South America,Health,8947.432874579774,5207.911382917565,7920.753805914378,4699.12241738822,0.07508268332056035,0.08475673952742603,0.10697575114376572,0.14765388320784384
Suriname,SUR,South America,Retail,20391.69102455079,1523.1562923690744,18277.87550842889,1405.9904237252993,0.1711175597546987,0.024788778387308644,0.2468564873669494,0.04417845022464143
Suriname,SUR,South America,Security,13251.438017698089,10601.15041415847,10822.007714453439,8657.60617156275,0.1111998869588154,0.1725296147110183,0.1461593722649026,0.27203572432699713
Suriname,SUR,South America,Transport,15406.173964839609,12605.051425777865,3190.167336153657,2610.1369113984465,0.12928142599089815,0.20514232710041785,0.04308561475607523,0.08201464368027948
Suriname,SUR,South America,Manual,19962.774206254842,8176.681053489127,11229.402379100375,5410.971739371937,0.1675182898757962,0.13307231542430167,0.1516615443220655,0.1700213185104094
Suriname,SUR,South America,Cleaning,10390.825050652367,552.0427953508496,7422.36836717166,264.5205061056154,0.08719495721884572,0.008984282560378722,0.10024468008979515,0.008311654059079928
Suriname,SUR,South America,Tech,8815.44318893781,2344.4992395896656,7093.088719955942,1870.1894433048467,0.0739750874427761,0.038155816557083506,0.09579751022940214,0.0587643200390927
Suriname,SUR,South America,ArmedForces,892.1361379060039,356.85445516240156,892.1361379060039,356.85445516240156,0.007486390349072077,0.005807667965436261,0.012048971071885956,0.011212933259575243
Slovakia,SVK,Eastern Europe,Food,47615.823986616146,30592.306823208226,23252.568140786407,12612.86991365646,0.049505079095122986,0.06508144140065393,0.034660949668506816,0.042126731426039586
Slovakia,SVK,Eastern Europe,Health,175527.87351438752,97411.41327042275,152768.26126238325,86664.43743523554,0.1824923005463677,0.2072310277597123,0.22772078260348597,0.2894574751833454
Slovakia,SVK,Eastern Europe,Retail,184823.82282905877,14125.357111626758,169504.28533952107,13038.79117996316,0.19215708564420422,0.030049992844156492,0.2526679834750785,0.04354929987534341
Slovakia,SVK,Eastern Europe,Security,40705.630071944695,32564.504057555758,33242.931225421504,26594.344980337206,0.042320709117516335,0.06927705304509349,0.049552873431510755,0.08882457649270452
Slovakia,SVK,Eastern Europe,Transport,125659.45129932385,102812.27833581042,26020.39143066807,21289.411170546602,0.13064524678542408,0.21872071650064803,0.03878674700672138,0.07110620443560468
Slovakia,SVK,Eastern Europe,Manual,240082.75216798464,140095.89816443494,155156.4902414959,97602.29351310628,0.2496085259133941,0.2980371189250671,0.2312807456983449,0.3259896941409226
Slovakia,SVK,Eastern Europe,Cleaning,36874.3897869555,2546.824880379211,25638.040116067998,1220.3535885150386,0.03833745654597367,0.005418062624959797,0.03821680309382538,0.0040759564016840865
Slovakia,SVK,Eastern Europe,Tech,104460.26703722843,47478.475912225236,79187.68834479006,37945.64754845525,0.10860494157213818,0.10100472859829272,0.11803945540405779,0.12673769839885082
Slovakia,SVK,Eastern Europe,ArmedForces,6087.135251128161,2434.854100451265,6087.135251128161,2434.854100451265,0.006328654779858745,0.005179858301416014,0.009073659618468757,0.008132363645504848
Slovenia,SVN,Southern Europe,Food,44278.21217789028,35037.94057056824,21405.14841087182,15629.978656295541,0.1271875660602469,0.20019433362778352,0.08996179946559651,0.14507640655034623
Slovenia,SVN,Southern Europe,Health,63805.33268500915,34515.55240190178,56346.706895994874,30980.981561710927,0.18327851479791382,0.1972095933828313,0.236814576055433,0.2875633790174875
Slovenia,SVN,Southern Europe,Retail,52059.73404358576,4004.5949264296746,48055.13911715609,3696.5491628581613,0.1495397067105101,0.022880831455579745,0.20196668135938706,0.03431111973835905
Slovenia,SVN,Southern Europe,Security,12520.902992090285,10016.72239367223,10225.404110207066,8180.323288165654,0.03596584184660511,0.05723199001085546,0.04297544386797679,0.07592920842468139
Slovenia,SVN,Southern Europe,Transport,37506.962740587274,30687.514969571414,7766.593294768071,6354.485422992058,0.10773739649022475,0.1753375486682135,0.032641526005953735,0.05898190464085642
Slovenia,SVN,Southern Europe,Manual,80541.25377409556,45164.622279281604,51793.65729592051,30846.41953382047,0.2313518439681495,0.25805459206544595,0.2176789677794929,0.286314383360247
Slovenia,SVN,Southern Europe,Cleaning,23933.248578563707,2122.3550703632336,16079.713671504578,1016.9618045490492,0.06874739256392938,0.0121263822049466,0.06758000220383373,0.009439370804483196
Slovenia,SVN,Southern Europe,Tech,30005.95788841039,12077.70808627917,22782.033699092055,9637.854983184545,0.08619103083477347,0.06900772941302863,0.09574858850383958,0.08945791920519197
Slovenia,SVN,Southern Europe,ArmedForces,3481.57786277518,1392.6311451100723,3481.57786277518,1392.6311451100723,0.010000706727647064,0.007956999171315352,0.014632414758486789,0.012926308258347171
Sweden,SWE,Northern Europe,Food,153795.34744661953,89364.92363582464,83772.63051024209,43503.615628495274,0.09226161490254213,0.11140922518403686,0.07042964617324875,0.08142933495114424
Sweden,SWE,Northern Europe,Health,663835.6368732197,313896.39481392404,551847.8279932757,266094.4830039801,0.39823407472738226,0.391327522158399,0.4639516155851213,0.4980711711462892
Sweden,SWE,Northern Europe,Retail,194186.98385748125,14937.460296729332,179249.52356075196,13788.424889288612,0.1164925013740323,0.018622193251769253,0.15069934469305818,0.025808941453205177
Sweden,SWE,Northern Europe,Security,44452.93166707953,35562.34533366364,36303.227528114956,29042.582022491963,0.026667251843756994,0.04433477004351557,0.030520988229437076,0.054361415831527676
Sweden,SWE,Northern Europe,Transport,174001.70982220268,142365.03530907494,36030.6570843955,29479.628523596322,0.1043833835712877,0.17748326336311906,0.030291831763995778,0.0551794721106095
Sweden,SWE,Northern Europe,Manual,208016.21124010847,111368.17029797564,127639.72457352663,76847.65003651669,0.12478863563530113,0.13884017417866884,0.1073097571917039,0.14384213690351308
Sweden,SWE,Northern Europe,Cleaning,57722.13760562563,3179.8526367684412,41096.83859934652,1523.6793884515448,0.03462743002008045,0.0039642502231129395,0.03455109125452628,0.002851997414189799
Sweden,SWE,Northern Europe,Tech,162650.19502339853,88143.10671044781,125223.61354072811,70654.97414206767,0.09757362564092321,0.10988601371095721,0.10527847508776568,0.1322507904747655
Sweden,SWE,Northern Europe,ArmedForces,8287.204230132398,3314.8816920529603,8287.204230132398,3314.8816920529603,0.004971482284693778,0.004132587886421254,0.006967250021142834,0.006204739714755812
Eswatini,SWZ,Southern Africa,Food,49676.99331354198,49676.99331354198,18892.62084855867,18892.62084855867,0.2522727231549538,0.5019420406658329,0.15219964622065818,0.38429939754612547
Eswatini,SWZ,Southern Africa,Health,10103.620076033469,5964.745737322571,9175.039900092293,5476.590569121059,0.05130881682425015,0.06026847535936449,0.07391445782182228,0.11140066130531491
Eswatini,SWZ,Southern Africa,Retail,51906.10091412295,3695.156590923302,44341.879091079616,3410.913776236893,0.26359271269326334,0.037336286198348424,0.3572198036746389,0.06938222705028353
Eswatini,SWZ,Southern Africa,Security,16072.556778968494,12858.045423174795,13125.921369490936,10500.737095592749,0.08162063354159742,0.12991916636232828,0.1057429037914085,0.2135980482524959
Eswatini,SWZ,Southern Africa,Transport,18493.029789152708,15130.660736579492,3829.3647543195007,3133.1166171705004,0.0939124265200542,0.1528819322620071,0.0308495028577123,0.06373148744538723
Eswatini,SWZ,Southern Africa,Manual,21840.0689486325,9335.610785785866,13609.973789201329,6168.224853284701,0.11090956396633479,0.09432808260160803,0.10964244783152487,0.12546936256475985
Eswatini,SWZ,Southern Africa,Cleaning,20186.024111875584,895.1678246696135,14631.012740881193,428.93458265418985,0.1025098930652517,0.009044878417200319,0.11786797506085275,0.00872506271215831
Eswatini,SWZ,Southern Africa,Tech,7991.386503059743,1153.9866694636598,5876.670893728576,890.8514108283659,0.04058234406793416,0.011660013723371977,0.047342676177665674,0.018121025305526912
Eswatini,SWZ,Southern Africa,ArmedForces,648.0341118032736,259.2136447213095,648.0341118032736,259.2136447213095,0.003290886166360405,0.002619124409938356,0.005220586563716558,0.005272727817947735
Seychelles,SYC,Eastern Africa,Food,5762.537064231345,5009.002527089279,2410.3094464018823,1939.3503606880913,0.13010060008123225,0.22708702486740062,0.0835102726676213,0.1541072282505772
Seychelles,SYC,Eastern Africa,Health,10079.622851249924,4569.9300842024295,8034.054229385554,3718.904365261986,0.22756729664784156,0.2071813342199702,0.27835681444306015,0.29551650670080803
Seychelles,SYC,Eastern Africa,Retail,4651.382559133231,357.7986583948638,4293.5839007383665,330.27568467218197,0.10501410323359556,0.016221080424100334,0.1487603024612575,0.026244804113338648
Seychelles,SYC,Eastern Africa,Security,4267.778812446419,3414.223049957135,3485.352696831242,2788.2821574649934,0.09635349470629574,0.1547864570751192,0.12075742162057479,0.22156617163028336
Seychelles,SYC,Eastern Africa,Transport,5589.71324569564,4573.40174647825,1157.4658741086932,947.017533361658,0.12619876270488137,0.20733872472901804,0.040102855214121325,0.07525316215646698
Seychelles,SYC,Eastern Africa,Manual,5192.575045066822,2438.349966969835,3168.8293492554235,1626.418729795716,0.11723258727883543,0.11054449196025232,0.10979080025949432,0.12924064032179977
Seychelles,SYC,Eastern Africa,Cleaning,5027.7651741382415,404.90567142114435,3426.8466945767104,194.0173008892983,0.11351168052055866,0.018356713492895003,0.11873035733293237,0.015417259861234937
Seychelles,SYC,Eastern Africa,Tech,3568.7718720444404,1228.908252100135,2733.2027550690345,979.0414068082164,0.08057203917836084,0.05571351128197247,0.0946975948139945,0.07779788562404369
Seychelles,SYC,Eastern Africa,ArmedForces,152.78561945268999,61.114247781076,152.78561945268999,61.114247781076,0.0034494356483985907,0.0027706619492720262,0.005293581186943649,0.004856341341447455
Togo,TGO,Western Africa,Food,1062990.3314081146,1062990.3314081146,259077.71548224226,259077.71548224226,0.5014346593129078,0.8249415954277539,0.23406958779553744,0.6519656155816018
Togo,TGO,Western Africa,Health,24324.057185930047,15580.799256096385,22837.051164497618,14632.273985428927,0.011474163938986709,0.012091595771466106,0.02063264739921618,0.03682192232748286
Togo,TGO,Western Africa,Retail,689973.4745724017,53074.882659415525,636898.5919129864,48992.19937792202,0.32547484575786273,0.04118915956667265,0.5754203544644467,0.12328821630478218
Togo,TGO,Western Africa,Security,19868.318292616605,15894.654634093285,16225.793272303561,12980.634617842848,0.009372299182610015,0.012335165584481592,0.014659557792665574,0.032665593887567804
Togo,TGO,Western Africa,Transport,86219.10855444366,70542.9069990903,17853.451771374697,14607.369631124755,0.04067134765655879,0.054745350476380614,0.016130102463944328,0.03675925085203636
Togo,TGO,Western Africa,Manual,137953.37910660583,54283.153865836415,90847.25809782831,37299.93844375965,0.06507547962524887,0.04212684747152301,0.08207799816256675,0.09386479760860962
Togo,TGO,Western Africa,Cleaning,53414.562281672836,10331.572036060652,29204.170731561982,4950.544933945729,0.025196760543041617,0.008017893735133536,0.026385164746119405,0.012457980298755309
Togo,TGO,Western Africa,Tech,40874.18488755089,4153.816515012454,29615.95175017851,3126.5059059529503,0.01928120357090336,0.0032236003675304627,0.026757197566889757,0.00786781041279424
Togo,TGO,Western Africa,ArmedForces,4280.5837106641375,1712.233484265655,4280.5837106641375,1712.233484265655,0.002019240411880259,0.0013287915990579525,0.0038673896086138786,0.004308812726369758
Thailand,THA,South-eastern Asia,Food,10418726.767524911,10285270.513831936,4826313.782976704,4742903.624418593,0.45436397563300757,0.7083338912029665,0.3563982932546491,0.6646736039948513
Thailand,THA,South-eastern Asia,Health,585906.2563986349,318298.9872907683,518338.961569434,286130.2457592753,0.025551557493121435,0.02192085856472376,0.038276649537858094,0.040098479058609075
Thailand,THA,South-eastern Asia,Retail,5305924.804854729,380138.5754485776,4561662.905382931,350897.1465679178,0.23139306198700735,0.026179674708771916,0.3368551957015116,0.04917495473448465
Thailand,THA,South-eastern Asia,Security,492274.59218249604,393819.6737459969,402024.25028237177,321619.40022589744,0.021468250948315462,0.02712187506994947,0.029687410120948776,0.045071952287247856
Thailand,THA,South-eastern Asia,Transport,1805583.2400337353,1477295.3782094198,373883.39818880375,305904.5985181122,0.07874205721904622,0.10173951013694604,0.0276093538428314,0.042869669737503134
Thailand,THA,South-eastern Asia,Manual,2668256.2635094128,1404888.4419117423,1714547.8640272168,948182.4451674657,0.11636350112133909,0.096752933763593,0.1266104857496071,0.13287890562004973
Thailand,THA,South-eastern Asia,Cleaning,742582.7609387016,84576.22526786607,476542.7672157057,40526.107940852504,0.0323842695009841,0.005824660291304921,0.035190216909969374,0.005679355170163891
Thailand,THA,South-eastern Asia,Tech,884094.9716883828,165280.96703394706,641592.2938096529,128722.9756781526,0.03855566185165575,0.011382696290146209,0.04737827019984278,0.01803932167637656
Thailand,THA,South-eastern Asia,ArmedForces,27004.25794297325,10801.703177189303,27004.25794297325,10801.703177189303,0.0011776642455230998,0.0007438999715980605,0.0019941246827818245,0.0015137577207137874
Tajikistan,TJK,Central Asia,Food,440410.02988126874,431431.26685913926,106055.1121362966,100443.38524746567,0.3116126483004951,0.5356092827327872,0.1493807950733247,0.3331177277490912
Tajikistan,TJK,Central Asia,Health,77349.48188795215,46316.71444433555,71971.14705433436,43225.99530817732,0.05472871928523962,0.05750084453236789,0.10137283298044951,0.14335782591632854
Tajikistan,TJK,Central Asia,Retail,230898.51144756153,17761.423957504732,213137.0874900568,16395.16057615821,0.1633725205127918,0.022050287674903433,0.3002079479955679,0.05437409963588524
Tajikistan,TJK,Central Asia,Security,48847.30621790377,39077.844974323016,39891.96674462141,31913.573395697127,0.03456197048239302,0.04851400008584432,0.05618865125230223,0.10584048942333622
Tajikistan,TJK,Central Asia,Transport,167891.33873998173,137365.6407872578,34765.378223935615,28444.400365038236,0.11879171940199797,0.1705354200909472,0.04896774644339835,0.09433507237377818
Tajikistan,TJK,Central Asia,Manual,224478.51944319034,69763.53916271238,114205.22985599791,41721.50833994125,0.1588300474199573,0.08660939074691809,0.16086040261308707,0.13836823621809038
Tajikistan,TJK,Central Asia,Cleaning,179049.8964760679,37418.38059670079,94566.85376866019,17929.64070258579,0.12668697039865034,0.04645382366077995,0.13319934814071643,0.059463160819280506
Tajikistan,TJK,Central Asia,Tech,40792.1028260155,24918.203067728562,31763.982055644803,20008.290648529528,0.028862501598312103,0.030935219343881236,0.04474021853910352,0.06635694625943242
Tajikistan,TJK,Central Asia,ArmedForces,3608.0817532716906,1443.2327013086767,3608.0817532716915,1443.2327013086767,0.00255290260016284,0.0017917311315705541,0.005082056962050199,0.004786441604777151
Timor-Leste,TLS,South-eastern Asia,Food,210695.57589236888,210695.57589236888,60848.88313541947,60848.88313541947,0.5175340786087864,0.7815752078637588,0.2959608203690459,0.619875407406667
Timor-Leste,TLS,South-eastern Asia,Health,8164.233299037406,4869.985837322962,7538.335427175074,4521.833606728386,0.02005390450211883,0.01806521174912393,0.036665454192126426,0.04606450118333128
Timor-Leste,TLS,South-eastern Asia,Retail,110490.07416553638,7684.13968946826,92209.67627361913,7093.052021047624,0.2713980988280847,0.02850431505082131,0.44849551922209385,0.07225783424025158
Timor-Leste,TLS,South-eastern Asia,Security,19264.021236832756,15411.216989466204,15732.284010080084,12585.827208064065,0.04731844719035425,0.05716790716160355,0.0765197229921191,0.12821344232047827
Timor-Leste,TLS,South-eastern Asia,Transport,20311.593970662765,16618.576885087718,4205.936125238249,3441.2204661040223,0.04989161270311924,0.06164660851729219,0.0204571101703712,0.035056155979972636
Timor-Leste,TLS,South-eastern Asia,Manual,25912.379737848056,10902.074248927593,15459.939075618857,6904.912574264722,0.06364889018381088,0.04044124282706558,0.07519507369581047,0.07034123347102675
Timor-Leste,TLS,South-eastern Asia,Cleaning,6637.38183527513,39.596610501268486,5115.112142670809,18.973375865191148,0.016303480877304096,0.00014688362084564347,0.024879220587424585,0.0001932842229518123
Timor-Leste,TLS,South-eastern Asia,Tech,4949.465840170861,3081.0851564126597,3797.924585103831,2472.5143405602917,0.012157432505877615,0.011429284935718407,0.018472596668792567,0.025187821948394945
Timor-Leste,TLS,South-eastern Asia,ArmedForces,689.674022267776,275.8696089071105,689.674022267776,275.8696089071105,0.0016940546005441617,0.00102333827377093,0.003354482102215885,0.0028103192269255143
Tonga,TON,Polynesia,Food,6374.098478524721,6181.1405240743425,1247.3353484113816,1126.7366268798944,0.4794862549290427,0.7258476297238878,0.1951886739557046,0.42212428658136464
Tonga,TON,Polynesia,Health,603.1664010934784,346.9017807104156,542.6674064751888,316.27797446436574,0.04537269070029777,0.04073646834187759,0.08491904891798138,0.11849141240919378
Tonga,TON,Polynesia,Retail,1772.7601029628727,136.3661617663748,1636.3939411964982,125.87645701511522,0.13335440384567557,0.016013396703594654,0.2560703213118203,0.047158766607273306
Tonga,TON,Polynesia,Security,768.6594843125492,614.9275874500395,627.7385788552484,502.19086308419884,0.057821770198633125,0.0722105783008844,0.09823137054012508,0.18814242365948594
Tonga,TON,Polynesia,Transport,643.1385277451731,526.2042499733235,133.17514968460654,108.96148610558717,0.04837956067168962,0.061791849919310984,0.020839849446981033,0.04082168670999383
Tonga,TON,Polynesia,Manual,2270.2158733228575,478.1933505600913,1546.3612123390903,302.2407619200347,0.17077510029810267,0.05615395875597663,0.2419815929031589,0.11323246529634878
Tonga,TON,Polynesia,Cleaning,318.9635479156994,19.99013971097014,224.20564816855187,9.578608611506526,0.02399376752088971,0.0023474301337340904,0.03508471335726604,0.0035885611864513523
Tonga,TON,Polynesia,Tech,439.1625572393033,170.65711511518683,329.09612272163827,135.96908890622402,0.03303563799417038,0.02004016281775528,0.051498448977503754,0.05093990315251918
Tonga,TON,Polynesia,ArmedForces,103.43502688334442,41.37401075333777,103.43502688334442,41.37401075333777,0.007780813841498498,0.0048585253029784815,0.016185980589458963,0.01550049439736915
Trinidad and Tobago,TTO,Caribbean,Food,24476.601530261574,24476.601530261574,10392.583217196958,10392.583217196958,0.11606289008457299,0.2711082902012378,0.07502963405205983,0.21407857041285133
Trinidad and Tobago,TTO,Caribbean,Health,15611.279236268123,10244.80923201206,14662.632475209106,9624.489142514298,0.0740253986583243,0.11347378887116948,0.1058574106035891,0.1982564713240941
Trinidad and Tobago,TTO,Caribbean,Retail,36281.105562644625,2790.854274049587,33490.25128859504,2576.1731760457724,0.1720373623706662,0.030912123543905826,0.24178409217227725,0.0530670247365662
Trinidad and Tobago,TTO,Caribbean,Security,0.0,0.0,0.0,0.0,0.0,0.0,0.0,0.0
Trinidad and Tobago,TTO,Caribbean,Transport,27458.744158793772,22466.24522083127,5685.901568235074,4652.101283101425,0.13020358243861294,0.2488411359530845,0.041049574009162884,0.09582941712260432
Trinidad and Tobago,TTO,Caribbean,Manual,45248.05613543682,23538.305141743727,26778.627854781444,15795.678962512873,0.2145567536937253,0.26071551041607977,0.19332928169734276,0.32537784882969206
Trinidad and Tobago,TTO,Caribbean,Cleaning,40689.88365008973,0.0,31647.687283403124,0.0,0.19294285964477845,0.0,0.22848163405019212,0.0
Trinidad and Tobago,TTO,Caribbean,Tech,19329.246599899237,6048.29742298662,14059.430157178585,4786.250384658808,0.09165521695354971,0.0669922893889972,0.1015025694408747,0.0985927770383615
Trinidad and Tobago,TTO,Caribbean,ArmedForces,1795.933013472686,718.3732053890743,1795.933013472686,718.3732053890743,0.008515936155770263,0.007956861625525398,0.01296580397450138,0.014797890535830588
Tunisia,TUN,Northern Africa,Food,489938.55095827946,479959.9176306507,192353.50099378344,186116.85516401543,0.23823033488118814,0.4144141911190661,0.1549290540502699,0.3100806732488073
Tunisia,TUN,Northern Africa,Health,81333.98573467671,50163.06538947978,73829.01300547492,46100.58111466353,0.039548271147260235,0.04331254632690295,0.05946478274275325,0.07680604326028796
Tunisia,TUN,Northern Africa,Retail,334570.1467192891,24323.92038164619,291887.04457975423,22452.849583058014,0.16268317310056243,0.021002124176464233,0.23509727388705953,0.03740765289061755
Tunisia,TUN,Northern Africa,Security,170498.37717479529,136398.70173983625,139240.34135941614,111392.27308753293,0.08290404054060528,0.11777141293432711,0.1121496321148228,0.18558550757403633
Tunisia,TUN,Northern Africa,Transport,192283.20401492857,157322.62146675977,39816.21901319228,32576.906465339147,0.09349681096722881,0.1358378575480336,0.03206954443616607,0.05427487521339144
Tunisia,TUN,Northern Africa,Manual,570910.8612041431,275484.5107910611,350232.96195386,177157.61154629686,0.2776027430091989,0.23786296836804555,0.28209136414153096,0.29515409236319073
Tunisia,TUN,Northern Africa,Cleaning,124991.38358320424,9149.254843439961,86287.24394616112,4384.017945814981,0.060776477193004996,0.007899786848876305,0.06949913057010419,0.007304009274040185
Tunisia,TUN,Northern Africa,Tech,92048.49061068315,25362.78086633811,67912.28513877575,20039.658015458608,0.04475814916095117,0.021899112678284222,0.054699218057293233,0.033387146175628504
Tunisia,TUN,Northern Africa,ArmedForces,0.0,0.0,0.0,0.0,0.0,0.0,0.0,0.0
Türkiye,TUR,Western Asia,Food,5303408.878117393,4771807.537297317,2423644.6652660766,2091393.8272535293,0.31151152075667404,0.49233767422264885,0.22838372702993381,0.4111778172751301
Türkiye,TUR,Western Asia,Health,1678397.184205138,844711.2537622348,1431144.595873487,735142.1868703072,0.09858565901693406,0.08715422212995344,0.1348589343184318,0.14453239549872474
Türkiye,TUR,Western Asia,Retail,2898775.2871174808,218531.9775755474,2622383.7309065685,201721.82545435143,0.17026820273046325,0.022547331329242873,0.24711121178374335,0.03965945524282173
Türkiye,TUR,Western Asia,Security,965598.5674975752,772478.8539980601,788572.1634563531,630857.7307650824,0.05671730864326871,0.07970154692764286,0.07430835563613794,0.12402958322190893
Türkiye,TUR,Western Asia,Transport,1747357.4742198596,1429656.1152707941,361826.5476919911,296039.90265708376,0.10263624710244726,0.1475066966194688,0.03409546650321326,0.05820283076991484
Türkiye,TUR,Western Asia,Manual,2690408.154240723,1354772.7548281238,1718614.4188927074,908651.9003926076,0.15802913839846924,0.1397805049761231,0.16194765344077777,0.17864521746101503
Türkiye,TUR,Western Asia,Cleaning,831303.8720458358,47772.96895639987,589507.5208932837,22891.21429160827,0.04882910960541212,0.004929040461683488,0.055550191273193134,0.004500519894696876
Türkiye,TUR,Western Asia,Tech,909510.5825559921,252412.33947708714,676466.412312851,199650.28471610683,0.05342281374633136,0.026042983333236593,0.06374446001456899,0.039252180635787774
Türkiye,TUR,Western Asia,ArmedForces,0.0,0.0,0.0,0.0,0.0,0.0,0.0,0.0
Tuvalu,TUV,Polynesia,Food,614.5198237885463,594.9074889867842,161.80176211453744,149.54405286343612,0.12541694462975317,0.23356554811002272,0.05266207758120491,0.10186513918348163
Tuvalu,TUV,Polynesia,Health,470.69603524229075,263.8051308629179,418.27889498771077,238.24147964408505,0.09606404269513008,0.1035720530080644,0.13613841611212207,0.16228329390928947
Tuvalu,TUV,Polynesia,Retail,431.47136563876654,33.190105049135894,398.2812605896307,30.637020045356202,0.08805870580386925,0.013030706826087491,0.12962972943065826,0.020869063338394916
Tuvalu,TUV,Polynesia,Security,467.4273127753304,373.94185022026437,381.73230543318647,305.38584434654916,0.09539693128752501,0.14681263024058572,0.12424349414528714,0.20802011810816923
Tuvalu,TUV,Polynesia,Transport,258.22907488986783,211.27833400080098,53.471677123659504,43.74955401026687,0.05270180120080053,0.08294960275036271,0.017403578133407073,0.029800947099787475
Tuvalu,TUV,Polynesia,Manual,1837.0220264317181,792.9843875898943,1063.6971304911042,491.6835868878398,0.37491661107404933,0.31133215930021496,0.3462045164203724,0.3349208213468801
Tuvalu,TUV,Polynesia,Cleaning,303.9911894273128,40.859030837004404,187.63374938815468,19.57828560939795,0.06204136090727152,0.01604158984272134,0.06106968761030301,0.013336169178165288
Tuvalu,TUV,Polynesia,Tech,516.4581497797357,236.10233819044396,407.55629324420073,189.23935819467874,0.10540360240160106,0.09269570992194057,0.13264850056664512,0.12890444783583185
Tuvalu,TUV,Polynesia,ArmedForces,0.0,0.0,0.0,0.0,0.0,0.0,0.0,0.0
Tanzania,TZA,Eastern Africa,Food,18511863.865906935,18511863.865906935,8243502.432586033,8243502.432586033,0.7691294482191229,0.9172521721388471,0.6876556445415904,0.896665623424681
Tanzania,TZA,Eastern Africa,Health,1168162.8844961396,512315.6952354842,914538.7074322889,408126.7464358384,0.048534738656828225,0.025384947063111358,0.07628889655343961,0.044392929646334345
Tanzania,TZA,Eastern Africa,Retail,48740.12154374025,3749.24011874925,44990.881424991,3460.8370326916156,0.002025050695090196,0.00018577268435548616,0.003753044754678499,0.00037644358340004216
Tanzania,TZA,Eastern Africa,Security,0.0,0.0,0.0,0.0,0.0,0.0,0.0,0.0
Tanzania,TZA,Eastern Africa,Transport,611737.0365319668,500512.12079888204,126672.82069601332,103641.39875128363,0.025416401761119044,0.024800086761123313,0.010566780427854174,0.01127332468012295
Tanzania,TZA,Eastern Africa,Manual,1177363.4606005829,611676.5009618109,690380.8130288563,402239.0144309934,0.0489170034613756,0.030308217649915346,0.057590116196954345,0.04375250684888202
Tanzania,TZA,Eastern Africa,Cleaning,2303005.5855864296,0.0,1791226.566567223,0.0,0.0956850929824439,0.0,0.14942035490688851,0.0
Tanzania,TZA,Eastern Africa,Tech,244059.08595247628,40287.83264640035,172861.5848946459,31072.90959973861,0.01014014750060907,0.0019962388592180053,0.014419750045481414,0.003379875251535276
Tanzania,TZA,Eastern Africa,ArmedForces,3661.2355462843466,1464.4942185137393,3661.2355462843466,1464.4942185137393,0.0001521167234110901,7.256484342943277e-05,0.0003054125731129235,0.00015929656504432146
Uganda,UGA,Eastern Africa,Food,12410461.174003089,12358777.147992622,1660849.7895830981,1628547.2733265574,0.7429954580180115,0.907247078919431,0.34283952445928706,0.6994942873443786
Uganda,UGA,Eastern Africa,Health,209552.87443638264,137568.6421707221,194994.01311755352,128518.59250546344,0.01254561226515886,0.010098794343951107,0.04025147556926924,0.05520135813526694
Uganda,UGA,Eastern Africa,Retail,2192160.4957563565,166755.91375242977,2001070.9650291572,153928.53577147366,0.13124131881620596,0.012241406559305555,0.41306939517516045,0.06611544730383775
Uganda,UGA,Eastern Africa,Security,189094.71081610094,151275.76865288077,154427.34716648242,123541.87773318593,0.011320813086777026,0.011105022574495542,0.03187753558336896,0.05306375758171368
Uganda,UGA,Eastern Africa,Transport,650073.2277611486,531878.0954409399,134611.12292023786,110136.37329837642,0.03891889663354435,0.03904470827911971,0.027786988117985932,0.04730581986341529
Uganda,UGA,Eastern Africa,Manual,622505.1018569397,229091.37337802968,390078.2197942702,149689.65535253886,0.03726843481381739,0.01681739842170526,0.08052156926832163,0.06429476166188876
Uganda,UGA,Eastern Africa,Cleaning,216329.10921879238,14558.60937558798,150866.52374933063,6976.000325802574,0.012951295147946535,0.0010687348490037779,0.031142495596805063,0.002996334497827592
Uganda,UGA,Eastern Africa,Tech,188985.23592616591,22730.97951659361,133378.106884539,17192.552812040158,0.01131425899141761,0.001668661431503893,0.027532463817244814,0.0073845522778859755
Uganda,UGA,Eastern Africa,ArmedForces,24118.07022502533,9647.228090010132,24118.07022502533,9647.228090010132,0.0014439122271209805,0.0007081946214842776,0.004978552412556792,0.0041436813337853646
Ukraine,UKR,Eastern Europe,Food,2016305.824978241,2016305.824978241,574722.3749819992,574722.3749819992,0.23174161793985815,0.39561865296976223,0.11399625334412458,0.24906250674508876
Ukraine,UKR,Eastern Europe,Health,973721.9785457719,625703.6204758195,914241.6400777232,587639.3790765671,0.11191353213207732,0.12276908612988724,0.18133994108601106,0.2546602380314867
Ukraine,UKR,Eastern Europe,Retail,1605455.9112896,123496.60856073846,1481959.3027288616,113996.86944068164,0.18452109090017446,0.024231225898313617,0.2939468088829025,0.04940184565613623
Ukraine,UKR,Eastern Europe,Security,0.0,0.0,0.0,0.0,0.0,0.0,0.0,0.0
Ukraine,UKR,Eastern Europe,Transport,1498885.6963960296,1226361.0243240246,310375.32097089506,253943.4444307323,0.172272574966883,0.24062386295140725,0.061562982861543054,0.11004929265783556
Ukraine,UKR,Eastern Europe,Manual,1472045.5106860087,888533.4130834158,918703.3269359277,606607.9440419571,0.16918773139544035,0.17433882680296264,0.18222491721982867,0.26288048235342576
Ukraine,UKR,Eastern Europe,Cleaning,379751.6461491929,0.0,295362.3914493722,0.0,0.0436462860959538,0.0,0.05858516645544506,0.0
Ukraine,UKR,Eastern Europe,Tech,754496.881631749,216188.8878766946,546225.6786879253,170632.7109085393,0.08671716656961304,0.04241834524766691,0.10834393015014494,0.07394563455602704
Ukraine,UKR,Eastern Europe,ArmedForces,0.0,0.0,0.0,0.0,0.0,0.0,0.0,0.0
Uruguay,URY,South America,Food,130012.28702086685,120482.86493124004,50482.31227528336,44526.42346926661,0.17129960238646133,0.3358681243601171,0.10156052297767953,0.23469118044297943
Uruguay,URY,South America,Health,105672.72763071787,54931.78878661306,90112.22397924984,47937.32772550951,0.13923065766337525,0.1531324547937603,0.18128814195571707,0.2526694747658586
Uruguay,URY,South America,Retail,165067.41378103168,12490.37364405618,149884.48372867418,11529.575671436476,0.21748700061797963,0.03481921160142032,0.3015382193809823,0.06077042604160123
Uruguay,URY,South America,Security,41900.1495927209,33520.11967417672,34218.45550072207,27374.764400577656,0.05520615881493079,0.09344349281300346,0.06884082918371595,0.14428771212568806
Uruguay,URY,South America,Transport,89664.50659817886,73361.86903487361,18566.89278043097,15191.09409307989,0.11813879042048613,0.20450968995763533,0.0373529510805374,0.08006966486733667
Uruguay,URY,South America,Manual,112585.94812374782,52078.836203057195,68556.13893512916,34143.16807425117,0.14833927307813138,0.14517932524563645,0.13792152161364313,0.17996281297867822
Uruguay,URY,South America,Cleaning,71932.08829127887,2106.9885794063216,53430.49897892601,1009.5986942988625,0.09477518168068408,0.0058736178179134325,0.10749169708525676,0.005321422447105731
Uruguay,URY,South America,Tech,37727.88938323161,7982.711706576552,27402.29334053206,6246.314955355363,0.049708935965342274,0.022253275681363906,0.05512804618133154,0.03292326030413896
Uruguay,URY,South America,ArmedForces,4412.989578225467,1765.1958312901872,4412.989578225467,1765.1958312901872,0.0058143993726092365,0.004920807729149597,0.008878070541136127,0.009304046026613059
United States,USA,Northern America,Food,4046562.9598698653,1864997.2992677137,1885090.5833755548,521612.04549920995,0.07862105802829392,0.0775327865086511,0.05139287233581366,0.03283849955683075
United States,USA,Northern America,Health,15760579.584062641,9372775.227880105,14259644.93870411,8586742.119493578,0.3062138052284209,0.38965063435863295,0.3887580354767768,0.540585152736924
United States,USA,Northern America,Retail,8472451.513880447,643204.8335347942,7718458.002417531,593727.5386475023,0.16461206923520177,0.026739697188498224,0.2104268782868121,0.03737858755944651
United States,USA,Northern America,Security,2029805.6255419804,1623844.5004335844,1657674.5941926173,1326139.6753540938,0.03943728726193491,0.06750743769162512,0.04519287271655237,0.08348817385866339
United States,USA,Northern America,Transport,5841412.110614001,4779337.181411456,1209585.3360362325,989660.7294841905,0.1134933535126639,0.19868947235726847,0.032976698999189584,0.06230487525547108
United States,USA,Northern America,Manual,8129731.722119497,4248743.185116264,4897839.746641303,2772538.114462146,0.15795333368537878,0.17663130044802225,0.13352888982643812,0.17454733346107024
United States,USA,Northern America,Cleaning,2501669.7665970633,347811.7746560354,1530301.3098474513,166659.8086893503,0.04860518070218817,0.014459439742990464,0.0417203186657955,0.010492200287569885
United States,USA,Northern America,Tech,4686986.717314505,1173591.0633333777,3521405.996597051,927081.9288304311,0.09106391234591765,0.04878923170431147,0.09600343369262186,0.05836517728402423
United States,USA,Northern America,ArmedForces,0.0,0.0,0.0,0.0,0.0,0.0,0.0,0.0
Vietnam,VNM,South-eastern Asia,Food,15239408.779811721,15070613.269403445,4695663.250912461,4590166.05690729,0.45960034591611143,0.7195160936646083,0.268804409081334,0.5701225627902566
Vietnam,VNM,South-eastern Asia,Health,640364.5074094752,374013.36334234185,578754.6248400786,342213.0718124439,0.019312543771887142,0.017856515150368266,0.033130952246840914,0.04250464822039384
Vietnam,VNM,South-eastern Asia,Retail,7490927.515143746,556817.2548514267,6681807.058217119,513985.15832439373,0.22591643330372804,0.026584118969407284,0.38250170463789573,0.0638396371867855
Vietnam,VNM,South-eastern Asia,Security,325048.6577834779,260038.92622678238,265456.403856507,212365.1230852056,0.009803036175180274,0.012415035078850509,0.015196117771358167,0.02637685580860699
Vietnam,VNM,South-eastern Asia,Transport,1912266.6758116717,1564581.8256640956,395974.41266807343,323979.0649102419,0.05767142534106596,0.07469780979026029,0.02266765360311697,0.040239889469591075
Vietnam,VNM,South-eastern Asia,Manual,5714945.001651195,2819855.14575718,3566324.958585613,1858047.234250487,0.17235515744744606,0.13462830761468836,0.20415515803828885,0.2307791565366524
Vietnam,VNM,South-eastern Asia,Cleaning,759138.2933988849,112038.56795523918,456617.04980815266,53685.14714521878,0.022894603543051922,0.0053490558953292995,0.02613915642828339,0.006667975252909756
Vietnam,VNM,South-eastern Asia,Tech,944708.3952568775,135066.35397085524,696951.2462669141,104290.95667397209,0.028491151561279904,0.006448471184111136,0.03989714719744278,0.012953480714567863
Vietnam,VNM,South-eastern Asia,ArmedForces,131149.76716194913,52459.906864779674,131149.76716194913,52459.906864779674,0.0039553029402492335,0.002504592652376486,0.007507700995439099,0.00651579402023591
Vanuatu,VUT,Melanesia,Food,44194.35777914856,43958.944997211605,6455.258578324578,6308.125589613985,0.6867228815699215,0.8918932788069153,0.3120671182029023,0.6749727727088386
Vanuatu,VUT,Melanesia,Health,960.8268758236935,481.10797611041806,825.0073854400915,420.7820908285303,0.014930000887280321,0.009761311839956537,0.039883402678072416,0.04502390615373518
Vanuatu,VUT,Melanesia,Retail,8773.545637520185,610.4723977320806,7325.668772784968,563.5129825219205,0.13632949644594092,0.012386016736045911,0.3541454327651952,0.060296187015757126
Vanuatu,VUT,Melanesia,Security,932.719849853918,746.1758798831345,761.7212107140331,609.3769685712264,0.014493254233719227,0.01513933630840818,0.036823953714221265,0.06520365776778979
Vanuatu,VUT,Melanesia,Transport,2274.936501071015,1861.311682694467,471.07270981773536,385.4231262145108,0.03534955654771776,0.037764586471883875,0.0227731083477383,0.04124047824847388
Vanuatu,VUT,Melanesia,Manual,3875.3240080496007,1198.629363892149,2370.460686485605,729.2694726150107,0.060217498421948804,0.02431927048075944,0.11459538394460905,0.07803221907840739
Vanuatu,VUT,Melanesia,Cleaning,1778.9993244286718,60.05630077562007,1311.9322264069765,28.776977454984618,0.027643337380026473,0.0012184962813638891,0.06342285195934053,0.003079151799854908
Vanuatu,VUT,Melanesia,Tech,1447.2203440880037,323.520186977912,1046.8435135158416,253.47447457349904,0.022487923230499637,0.006563976463544773,0.05060764561302498,0.02712190277179629
Vanuatu,VUT,Melanesia,ArmedForces,117.51634594884351,47.00653837953741,117.51634594884351,47.00653837953741,0.0018260512829452943,0.0009537266111219932,0.005681102774895991,0.005029724455346862
Samoa,WSM,Polynesia,Food,15405.550036797524,14686.78005866161,3197.5965859460925,2748.3653496111465,0.5444130962454599,0.7415581408542077,0.2624544540305971,0.48413189688558805
Samoa,WSM,Polynesia,Health,1044.7772394613376,543.4393601882647,916.6168117177349,484.4074377441673,0.036921136243972114,0.02743909012040682,0.07523468280269811,0.08532966395233874
Samoa,WSM,Polynesia,Retail,4260.009901595847,327.69306935352677,3932.3168322423207,302.48591017248623,0.15054348433028902,0.016545727675502133,0.3227593098571329,0.05328370098018042
Samoa,WSM,Polynesia,Security,1441.4133672828154,1153.1306938262524,1177.1542499476325,941.723399958106,0.05093776673845777,0.05822334439953776,0.09661924751160945,0.1658870921319718
Samoa,WSM,Polynesia,Transport,2322.939089373776,1900.5865276694533,481.01263971881224,393.5557961335737,0.08208979614586205,0.09596354043307914,0.03948087457125696,0.06932590462888147
Samoa,WSM,Polynesia,Manual,2614.610417613008,943.1989476814532,1599.0330937292772,615.3900536221278,0.09239710036502091,0.047623567269655324,0.1312464991475473,0.10840260157797331
Samoa,WSM,Polynesia,Cleaning,388.09490863107635,22.381077158374264,275.1186423294456,10.724266138387671,0.013714794365684617,0.0011300550496152147,0.022581370452911493,0.0018891081234953314
Samoa,WSM,Polynesia,Tech,820.1425949018292,228.0883931894881,604.5854006351651,180.24155728732052,0.028982825565253723,0.011516534197995877,0.049623561626246725,0.03175003171957068
Samoa,WSM,Polynesia,ArmedForces,0.0,0.0,0.0,0.0,0.0,0.0,0.0,0.0
Kosovo,XKX,Southern Europe,Food,16578.455567762412,15040.683936447324,5462.405571843126,4501.298302271195,0.08811314232824534,0.19526445978424697,0.041127923696234595,0.09787922747203143
Kosovo,XKX,Southern Europe,Health,20402.60593955336,11345.525380975321,18944.30938927382,10563.759874537569,0.10843819037732047,0.14729236342213112,0.14263681097868694,0.22970542858669799
Kosovo,XKX,Southern Europe,Retail,58261.759514997975,4460.286339918895,53523.43607902673,4117.187390694364,0.30965651097328983,0.0579053057911034,0.4029923750747302,0.08952686405062739
Kosovo,XKX,Southern Europe,Security,19886.889615164688,15909.511692131751,16240.959852384492,12992.767881907595,0.10569720007782468,0.20654394568236975,0.1222825637491243,0.28252339605283916
Kosovo,XKX,Southern Europe,Transport,16540.536167940325,13533.165955587538,3425.0605196240062,2802.3222433287333,0.08791160380375079,0.1756932298194775,0.025788203723318703,0.060935560783943146
Kosovo,XKX,Southern Europe,Manual,34698.459992295415,13984.209210653755,19353.26964804753,8951.286513067218,0.18441949139202643,0.18154886231012582,0.14571598298384478,0.19464273415022543
Kosovo,XKX,Southern Europe,Cleaning,9145.00967796736,286.4558836125925,6770.62966632624,137.2601108977006,0.04860498229490246,0.003718890284642469,0.05097789547658381,0.0029846752459426022
Kosovo,XKX,Southern Europe,Tech,12635.918524318484,2467.409431979063,9094.938661930677,1922.4077273442663,0.06715887875264007,0.03203294290590286,0.06847824431747655,0.04180211365769286
Kosovo,XKX,Southern Europe,ArmedForces,0.0,0.0,0.0,0.0,0.0,0.0,0.0,0.0
South Africa,ZAF,Southern Africa,Food,1826985.5215977258,1826985.5215977258,488979.12631265336,488979.12631265336,0.1833338293038718,0.3896059508104436,0.0837129960551671,0.24105206402142154
South Africa,ZAF,Southern Africa,Health,593436.0628849494,379903.1010459683,557152.2466989503,356772.36462476326,0.05954995514171702,0.0810146041931473,0.09538420214734182,0.17587809018991438
South Africa,ZAF,Southern Africa,Retail,866476.0697573303,66652.00536594848,799824.0643913818,61524.92803010629,0.08694889696217166,0.014213587145076954,0.13692950300788914,0.030329946806244186
South Africa,ZAF,Southern Africa,Security,0.0,0.0,0.0,0.0,0.0,0.0,0.0,0.0
South Africa,ZAF,Southern Africa,Transport,1360605.90987211,1113223.0171680902,281741.62780180055,230515.87729238227,0.13653369919001285,0.23739559341912655,0.04823403394456547,0.11363742340099066
South Africa,ZAF,Southern Africa,Manual,1888666.4247886983,1045502.1925850278,1129139.7063798914,689563.7701390771,0.18952336723027705,0.2229540798223041,0.19330818576798295,0.3399342857840848
South Africa,ZAF,Southern Africa,Cleaning,2107007.7213103822,0.0,1638783.7832414086,0.0,0.21143341824780576,0.0,0.28055901162137165,0.0
South Africa,ZAF,Southern Africa,Tech,1306699.8649942335,250862.0108293237,930045.9767173602,194976.32075376753,0.131124350559026,0.05349650070894142,0.15922343304749306,0.0961174864608575
South Africa,ZAF,Southern Africa,ArmedForces,15471.037949522939,6188.415179809176,15471.037949522939,6188.415179809176,0.0015524833651178137,0.0013196839009598955,0.002648634408188725,0.0030507033364869764
Zambia,ZMB,Eastern Africa,Food,3269033.6282407423,3239737.5268895105,302682.3842257094,284372.3208811895,0.7113272041539735,0.8940835533576056,0.2300544299353012,0.5445730015688626
Zambia,ZMB,Eastern Africa,Health,55069.27559494315,33474.170439586655,51660.681111590995,31411.629343137225,0.011982829881384991,0.00923800308016263,0.03926481738803144,0.06015327097431412
Zambia,ZMB,Eastern Africa,Retail,662674.0826076157,50430.37567649389,605164.5081179267,46551.11600907128,0.14419493833725128,0.013917476063342942,0.4599566515517137,0.08914538831657841
Zambia,ZMB,Eastern Africa,Security,125997.16200558703,100797.72960446963,102897.68230456274,82318.14584365019,0.027416423069652557,0.027817559758203485,0.07820761589676033,0.1576392513404607
Zambia,ZMB,Eastern Africa,Transport,148122.35884117114,121191.02087004912,30671.80157822231,25095.11038218189,0.032230767673039847,0.03344557936412873,0.023312172081692166,0.048057137006791914
Zambia,ZMB,Eastern Africa,Manual,138962.50595722842,54472.443592715215,80212.48673297757,35509.67235769621,0.03023762435199572,0.015032982000306207,0.06096568175334425,0.06800102344924325
Zambia,ZMB,Eastern Africa,Cleaning,131567.1110591512,7642.723921465174,93201.166139812,3662.1385457020624,0.028628419255107552,0.002109193631990114,0.0708377568798685,0.007012995406213317
Zambia,ZMB,Eastern Africa,Tech,53548.40178999222,11499.843705873493,38500.81942506711,8990.08177382655,0.011651894493568573,0.003173658680145024,0.029262634783102974,0.017216006820747125
Zambia,ZMB,Eastern Africa,ArmedForces,10707.473903569848,4282.989561427939,10707.473903569848,4282.989561427939,0.0023298987840259283,0.001181994064115313,0.008138239730185282,0.008201925116788683
Zimbabwe,ZWE,Eastern Africa,Food,2771334.340135994,2763143.442661615,254441.65133976348,249322.34041827696,0.61680617887508,0.8427477344819341,0.19016666901015386,0.42719682579527085
Zimbabwe,ZWE,Eastern Africa,Health,57668.57645465394,32325.51061183484,52548.11000361936,29707.106095358973,0.012835093106238137,0.009859151867937142,0.03927383346849775,0.050901100183039914
Zimbabwe,ZWE,Eastern Africa,Retail,731625.8702115553,37749.13442987178,452989.61315846146,34845.35485834318,0.16283540778021033,0.011513335510654615,0.33855905814536935,0.05970513899484796
Zimbabwe,ZWE,Eastern Africa,Security,184826.61043462256,147861.28834769802,150941.73185494173,120753.38548395337,0.04113621142190237,0.045097103483187746,0.11281205812938497,0.20690269029335676
Zimbabwe,ZWE,Eastern Africa,Transport,120263.75013560955,98397.61374731691,24903.099775555514,20375.263452727242,0.02676668170419763,0.030010879921638204,0.018612281076658826,0.0349116242738005
Zimbabwe,ZWE,Eastern Africa,Manual,355682.55310915294,165372.12135820574,213705.97764465897,105916.19831012766,0.07916302024570002,0.05043783774281846,0.15972131017958113,0.18148018201048485
Zimbabwe,ZWE,Eastern Africa,Cleaning,145140.05450196558,12767.496074950319,97636.64430089368,6117.758535913694,0.03230331365023435,0.0038940354040421957,0.07297246862793227,0.010482362002296798
Zimbabwe,ZWE,Eastern Africa,Tech,123041.6152520017,19732.441318548637,87370.23424900789,15204.308359915847,0.027384941415073277,0.006018315936933817,0.06529947565693289,0.02605154539650073
Zimbabwe,ZWE,Eastern Africa,ArmedForces,3455.829193839205,1382.331677535682,3455.829193839205,1382.331677535682,0.0007691518013637822,0.0004216056508538172,0.002582845705489037,0.002368531050401634
