Country Name,Country Code,Group,Global overlap,Calibrated overlap,Adjustment,Group essential mass S_g,Overlap source,calibration_x,ILO %essential (published),Model %Essential (pct),Calibrated %Essential (pct),Delta model (pp),Delta calibrated (pp),solver_status
Aruba,ABW,Food,0.895,0.8104010669359784,-0.08459893306402166,,neighbour_backfill,0.0945239475575661,,,,,,
Aruba,ABW,Health,0.819,0.7415848869503533,-0.07741511304964666,,neighbour_backfill,0.0945239475575661,,,,,,
Aruba,ABW,Retail,0.876,0.7931970219395721,-0.08280297806042791,,neighbour_backfill,0.0945239475575661,,,,,,
Aruba,ABW,Security,0.846,0.7660327403662991,-0.07996725963370088,,neighbour_backfill,0.0945239475575661,,,,,,
Aruba,ABW,Transport,0.869,0.7868586895724751,-0.08214131042752493,,neighbour_backfill,0.0945239475575661,,,,,,
Aruba,ABW,Manual,0.335,0.30333447756821535,-0.031665522431784665,,neighbour_backfill,0.0945239475575661,,,,,,
Aruba,ABW,Cleaning,0.485,0.43915588543458045,-0.045844114565419536,,neighbour_backfill,0.0945239475575661,,,,,,
Aruba,ABW,Tech,0.32,0.28975233678157886,-0.03024766321842115,,neighbour_backfill,0.0945239475575661,,,,,,
Aruba,ABW,ArmedForces,0.4,0.4,0.0,,neighbour_backfill,0.0945239475575661,,,,,,
Afghanistan,AFG,Food,0.895,0.8493079473262225,-0.04569205267377752,3753097.0,ilo_calibrated,0.05105257281986325,64.02,69.63119136045246,66.14024942069496,5.611191360452466,2.120249420694961,ok
Afghanistan,AFG,Health,0.819,0.7771879428605319,-0.041812057139468006,73663.0,ilo_calibrated,0.05105257281986325,64.02,69.63119136045246,66.14024942069496,5.611191360452466,2.120249420694961,ok
Afghanistan,AFG,Retail,0.876,0.8312779462097999,-0.04472205379020011,717863.0,ilo_calibrated,0.05105257281986325,64.02,69.63119136045246,66.14024942069496,5.611191360452466,2.120249420694961,ok
Afghanistan,AFG,Security,0.846,0.8028095233943957,-0.04319047660560427,150601.81578449428,ilo_calibrated,0.05105257281986325,64.02,69.63119136045246,66.14024942069496,5.611191360452466,2.120249420694961,ok
Afghanistan,AFG,Transport,0.869,0.8246353142195388,-0.044364685780461155,358542.0,ilo_calibrated,0.05105257281986325,64.02,69.63119136045246,66.14024942069496,5.611191360452466,2.120249420694961,ok
Afghanistan,AFG,Manual,0.335,0.31789738810534585,-0.017102611894654174,1581581.0,ilo_calibrated,0.05105257281986325,64.02,69.63119136045246,66.14024942069496,5.611191360452466,2.120249420694961,ok
Afghanistan,AFG,Cleaning,0.485,0.4602395021823663,-0.024760497817633675,63492.0,ilo_calibrated,0.05105257281986325,64.02,69.63119136045246,66.14024942069496,5.611191360452466,2.120249420694961,ok
Afghanistan,AFG,Tech,0.32,0.3036631766976438,-0.016336823302356196,109479.0,ilo_calibrated,0.05105257281986325,64.02,69.63119136045246,66.14024942069496,5.611191360452466,2.120249420694961,ok
Afghanistan,AFG,ArmedForces,0.4,0.4,0.0,232631.916810973,ilo_calibrated,0.05105257281986325,64.02,69.63119136045246,66.14024942069496,5.611191360452466,2.120249420694961,ok
Angola,AGO,Food,0.895,0.9232387246123177,0.02823872461231769,6480046.0,ilo_calibrated,0.2689402344030254,76.63,72.93429239343524,77.91362939280077,-3.6957076065647527,1.2836293928007763,ok
Angola,AGO,Health,0.819,0.8676781824269476,0.04867818242694766,262425.0,ilo_calibrated,0.2689402344030254,76.63,72.93429239343524,77.91362939280077,-3.6957076065647527,1.2836293928007763,ok
Angola,AGO,Retail,0.876,0.9093485890659752,0.033348589065975154,2728065.0,ilo_calibrated,0.2689402344030254,76.63,72.93429239343524,77.91362939280077,-3.6957076065647527,1.2836293928007763,ok
Angola,AGO,Security,0.846,0.8874167960980659,0.04141679609806592,385575.0,ilo_calibrated,0.2689402344030254,76.63,72.93429239343524,77.91362939280077,-3.6957076065647527,1.2836293928007763,ok
Angola,AGO,Transport,0.869,0.9042311707067964,0.03523117070679638,559675.0,ilo_calibrated,0.2689402344030254,76.63,72.93429239343524,77.91362939280077,-3.6957076065647527,1.2836293928007763,ok
Angola,AGO,Manual,0.335,0.5138452558780119,0.17884525587801187,1079645.0,ilo_calibrated,0.2689402344030254,76.63,72.93429239343524,77.91362939280077,-3.6957076065647527,1.2836293928007763,ok
Angola,AGO,Cleaning,0.485,0.6235042207175581,0.13850422071755808,418795.0,ilo_calibrated,0.2689402344030254,76.63,72.93429239343524,77.91362939280077,-3.6957076065647527,1.2836293928007763,ok
Angola,AGO,Tech,0.32,0.5028793593940573,0.18287935939405725,608957.0,ilo_calibrated,0.2689402344030254,76.63,72.93429239343524,77.91362939280077,-3.6957076065647527,1.2836293928007763,ok
Angola,AGO,ArmedForces,0.4,0.4,0.0,138093.0,ilo_calibrated,0.2689402344030254,76.63,72.93429239343524,77.91362939280077,-3.6957076065647527,1.2836293928007763,ok
Albania,ALB,Food,0.895,0.8742923233756196,-0.020707676624380444,436372.0,ilo_calibrated,0.023137068854056454,56.62,58.18261909422472,56.84044860355706,1.562619094224722,0.22044860355705964,ok
Albania,ALB,Health,0.819,0.8000507406085278,-0.018949259391472184,42365.0,ilo_calibrated,0.023137068854056454,56.62,58.18261909422472,56.84044860355706,1.562619094224722,0.22044860355705964,ok
Albania,ALB,Retail,0.876,0.8557319276838465,-0.020268072316153463,99896.0,ilo_calibrated,0.023137068854056454,56.62,58.18261909422472,56.84044860355706,1.562619094224722,0.22044860355705964,ok
Albania,ALB,Security,0.846,0.8264260397494683,-0.019573960250531708,29527.0,ilo_calibrated,0.023137068854056454,56.62,58.18261909422472,56.84044860355706,1.562619094224722,0.22044860355705964,ok
Albania,ALB,Transport,0.869,0.8488938871658249,-0.02010611283417507,39241.0,ilo_calibrated,0.023137068854056454,56.62,58.18261909422472,56.84044860355706,1.562619094224722,0.22044860355705964,ok
Albania,ALB,Manual,0.335,0.32724908193389113,-0.007750918066108892,202089.0,ilo_calibrated,0.023137068854056454,56.62,58.18261909422472,56.84044860355706,1.562619094224722,0.22044860355705964,ok
Albania,ALB,Cleaning,0.485,0.4737785216057826,-0.011221478394217388,36476.0,ilo_calibrated,0.023137068854056454,56.62,58.18261909422472,56.84044860355706,1.562619094224722,0.22044860355705964,ok
Albania,ALB,Tech,0.32,0.31259613796670194,-0.00740386203329807,69286.0,ilo_calibrated,0.023137068854056454,56.62,58.18261909422472,56.84044860355706,1.562619094224722,0.22044860355705964,ok
Albania,ALB,ArmedForces,0.4,0.4,0.0,5068.0,ilo_calibrated,0.023137068854056454,56.62,58.18261909422472,56.84044860355706,1.562619094224722,0.22044860355705964,ok
Andorra,AND,Food,0.895,0.8157844100520399,-0.07921558994796007,,neighbour_backfill,0.08850903904800014,,,,,,
Andorra,AND,Health,0.819,0.7465110970196879,-0.07248890298031208,,neighbour_backfill,0.08850903904800014,,,,,,
Andorra,AND,Retail,0.876,0.798466081793952,-0.07753391820604805,,neighbour_backfill,0.08850903904800014,,,,,,
Andorra,AND,Security,0.846,0.7711213529653919,-0.07487864703460811,,neighbour_backfill,0.08850903904800014,,,,,,
Andorra,AND,Transport,0.869,0.7920856450672878,-0.07691435493271215,,neighbour_backfill,0.08850903904800014,,,,,,
Andorra,AND,Manual,0.335,0.30534947191892,-0.02965052808108004,,neighbour_backfill,0.08850903904800014,,,,,,
Andorra,AND,Cleaning,0.485,0.44207311606171995,-0.042926883938280036,,neighbour_backfill,0.08850903904800014,,,,,,
Andorra,AND,Tech,0.32,0.29167710750464,-0.02832289249536002,,neighbour_backfill,0.08850903904800014,,,,,,
Andorra,AND,ArmedForces,0.4,0.4,0.0,,neighbour_backfill,0.08850903904800014,,,,,,
United Arab Emirates,ARE,Food,0.895,0.895,0.0,220971.0,global_fallback,0.0,,33.941192536463646,33.941192536463646,,,global_fallback
United Arab Emirates,ARE,Health,0.819,0.819,0.0,205933.0,global_fallback,0.0,,33.941192536463646,33.941192536463646,,,global_fallback
United Arab Emirates,ARE,Retail,0.876,0.876,0.0,374140.0,global_fallback,0.0,,33.941192536463646,33.941192536463646,,,global_fallback
United Arab Emirates,ARE,Security,0.846,0.846,0.0,217512.0,global_fallback,0.0,,33.941192536463646,33.941192536463646,,,global_fallback
United Arab Emirates,ARE,Transport,0.869,0.869,0.0,513287.00000000006,global_fallback,0.0,,33.941192536463646,33.941192536463646,,,global_fallback
United Arab Emirates,ARE,Manual,0.335,0.335,0.0,1495935.0,global_fallback,0.0,,33.941192536463646,33.941192536463646,,,global_fallback
United Arab Emirates,ARE,Cleaning,0.485,0.485,0.0,896855.0,global_fallback,0.0,,33.941192536463646,33.941192536463646,,,global_fallback
United Arab Emirates,ARE,Tech,0.32,0.32,0.0,528278.0,global_fallback,0.0,,33.941192536463646,33.941192536463646,,,global_fallback
United Arab Emirates,ARE,ArmedForces,0.4,0.4,0.0,38150.50405553394,global_fallback,0.0,,33.941192536463646,33.941192536463646,,,global_fallback
Argentina,ARG,Food,0.895,0.895,0.0,33811.0,global_fallback,0.0,,39.44895479278035,39.44895479278035,,,global_fallback
Argentina,ARG,Health,0.819,0.819,0.0,705927.0,global_fallback,0.0,,39.44895479278035,39.44895479278035,,,global_fallback
Argentina,ARG,Retail,0.876,0.876,0.0,1908785.0,global_fallback,0.0,,39.44895479278035,39.44895479278035,,,global_fallback
Argentina,ARG,Security,0.846,0.846,0.0,337364.0,global_fallback,0.0,,39.44895479278035,39.44895479278035,,,global_fallback
Argentina,ARG,Transport,0.869,0.869,0.0,777903.0,global_fallback,0.0,,39.44895479278035,39.44895479278035,,,global_fallback
Argentina,ARG,Manual,0.335,0.335,0.0,2201835.0,global_fallback,0.0,,39.44895479278035,39.44895479278035,,,global_fallback
Argentina,ARG,Cleaning,0.485,0.485,0.0,1129347.0,global_fallback,0.0,,39.44895479278035,39.44895479278035,,,global_fallback
Argentina,ARG,Tech,0.32,0.32,0.0,1357752.0,global_fallback,0.0,,39.44895479278035,39.44895479278035,,,global_fallback
Argentina,ARG,ArmedForces,0.4,0.4,0.0,33803.0,global_fallback,0.0,,39.44895479278035,39.44895479278035,,,global_fallback
Armenia,ARM,Food,0.895,0.8813914685465898,-0.013608531453410233,,neighbour_backfill,0.015205063076436133,,,,,,
Armenia,ARM,Health,0.819,0.8065470533403988,-0.012452946659601172,,neighbour_backfill,0.015205063076436133,,,,,,
Armenia,ARM,Retail,0.876,0.862680364745042,-0.013319635254958051,,neighbour_backfill,0.015205063076436133,,,,,,
Armenia,ARM,Security,0.846,0.833136516637335,-0.012863483362664963,,neighbour_backfill,0.015205063076436133,,,,,,
Armenia,ARM,Transport,0.869,0.8557868001865769,-0.01321319981342306,,neighbour_backfill,0.015205063076436133,,,,,,
Armenia,ARM,Manual,0.335,0.3299063038693939,-0.005093696130606118,,neighbour_backfill,0.015205063076436133,,,,,,
Armenia,ARM,Cleaning,0.485,0.4776255444079285,-0.007374455592071505,,neighbour_backfill,0.015205063076436133,,,,,,
Armenia,ARM,Tech,0.32,0.3151343798155405,-0.004865620184459518,,neighbour_backfill,0.015205063076436133,,,,,,
Armenia,ARM,ArmedForces,0.4,0.4,0.0,,neighbour_backfill,0.015205063076436133,,,,,,
American Samoa,ASM,Food,0.895,0.7915290272831951,-0.10347097271680494,,neighbour_backfill,0.11561002538190499,,,,,,
American Samoa,ASM,Health,0.819,0.7243153892122197,-0.09468461078778023,,neighbour_backfill,0.11561002538190499,,,,,,
American Samoa,ASM,Retail,0.876,0.7747256177654512,-0.10127438223454877,,neighbour_backfill,0.11561002538190499,,,,,,
American Samoa,ASM,Security,0.846,0.7481939185269083,-0.09780608147309167,,neighbour_backfill,0.11561002538190499,,,,,,
American Samoa,ASM,Transport,0.869,0.7685348879431245,-0.10046511205687547,,neighbour_backfill,0.11561002538190499,,,,,,
American Samoa,ASM,Manual,0.335,0.29627064149706184,-0.03872935850293818,,neighbour_backfill,0.11561002538190499,,,,,,
American Samoa,ASM,Cleaning,0.485,0.42892913768977603,-0.05607086231022396,,neighbour_backfill,0.11561002538190499,,,,,,
American Samoa,ASM,Tech,0.32,0.28300479187779043,-0.03699520812220958,,neighbour_backfill,0.11561002538190499,,,,,,
American Samoa,ASM,ArmedForces,0.4,0.4,0.0,,neighbour_backfill,0.11561002538190499,,,,,,
Antigua and Barbuda,ATG,Food,0.895,0.9449205241298249,0.04992052412982484,,neighbour_backfill,0.47543356314118956,,,,,,
Antigua and Barbuda,ATG,Health,0.819,0.9050534749285553,0.0860534749285553,,neighbour_backfill,0.47543356314118956,,,,,,
Antigua and Barbuda,ATG,Retail,0.876,0.9349537618295075,0.05895376182950751,,neighbour_backfill,0.47543356314118956,,,,,,
Antigua and Barbuda,ATG,Security,0.846,0.9192167687237431,0.07321676872374316,,neighbour_backfill,0.47543356314118956,,,,,,
Antigua and Barbuda,ATG,Transport,0.869,0.9312817967714958,0.06228179677149581,,neighbour_backfill,0.47543356314118956,,,,,,
Antigua and Barbuda,ATG,Manual,0.335,0.6511633194888911,0.31616331948889104,,neighbour_backfill,0.47543356314118956,,,,,,
Antigua and Barbuda,ATG,Cleaning,0.485,0.7298482850177126,0.2448482850177126,,neighbour_backfill,0.47543356314118956,,,,,,
Antigua and Barbuda,ATG,Tech,0.32,0.6432948229360089,0.3232948229360089,,neighbour_backfill,0.47543356314118956,,,,,,
Antigua and Barbuda,ATG,ArmedForces,0.4,0.4,0.0,,neighbour_backfill,0.47543356314118956,,,,,,
Australia,AUS,Food,0.895,0.698660810391359,-0.19633918960864105,589312.0,ilo_calibrated,0.21937339621077212,24.9,31.976599511787523,24.96524683733548,7.076599511787524,0.06524683733548287,ok
Australia,AUS,Health,0.819,0.6393331885033776,-0.17966681149662234,1812093.0,ilo_calibrated,0.21937339621077212,24.9,31.976599511787523,24.96524683733548,7.076599511787524,0.06524683733548287,ok
Australia,AUS,Retail,0.876,0.6838289049193637,-0.19217109508063634,886767.0,ilo_calibrated,0.21937339621077212,24.9,31.976599511787523,24.96524683733548,7.076599511787524,0.06524683733548287,ok
Australia,AUS,Security,0.846,0.6604101068056868,-0.18558989319431318,187572.0,ilo_calibrated,0.21937339621077212,24.9,31.976599511787523,24.96524683733548,7.076599511787524,0.06524683733548287,ok
Australia,AUS,Transport,0.869,0.678364518692839,-0.19063548130716101,591345.0,ilo_calibrated,0.21937339621077212,24.9,31.976599511787523,24.96524683733548,7.076599511787524,0.06524683733548287,ok
Australia,AUS,Manual,0.335,0.26150991226939135,-0.07349008773060867,2076999.0,ilo_calibrated,0.21937339621077212,24.9,31.976599511787523,24.96524683733548,7.076599511787524,0.06524683733548287,ok
Australia,AUS,Cleaning,0.485,0.3786039028377755,-0.10639609716222448,347328.0,ilo_calibrated,0.21937339621077212,24.9,31.976599511787523,24.96524683733548,7.076599511787524,0.06524683733548287,ok
Australia,AUS,Tech,0.32,0.24980051321255292,-0.07019948678744709,850573.0,ilo_calibrated,0.21937339621077212,24.9,31.976599511787523,24.96524683733548,7.076599511787524,0.06524683733548287,ok
Australia,AUS,ArmedForces,0.4,0.4,0.0,5676.0,ilo_calibrated,0.21937339621077212,24.9,31.976599511787523,24.96524683733548,7.076599511787524,0.06524683733548287,ok
Austria,AUT,Food,0.895,0.906774476318824,0.011774476318824001,174064.0,ilo_calibrated,0.11213786970308603,34.55,31.89723865128231,34.55000000000001,-2.6527613487176858,1.4210854715202004e-14,ok
Austria,AUT,Health,0.819,0.8392969544162585,0.02029695441625856,432378.0,ilo_calibrated,0.11213786970308603,34.55,31.89723865128231,34.55000000000001,-2.6527613487176858,1.4210854715202004e-14,ok
Austria,AUT,Retail,0.876,0.8899050958431827,0.013905095843182669,302113.0,ilo_calibrated,0.11213786970308603,34.55,31.89723865128231,34.55000000000001,-2.6527613487176858,1.4210854715202004e-14,ok
Austria,AUT,Security,0.846,0.8632692319342752,0.01726923193427521,46330.0,ilo_calibrated,0.11213786970308603,34.55,31.89723865128231,34.55000000000001,-2.6527613487176858,1.4210854715202004e-14,ok
Austria,AUT,Transport,0.869,0.8836900609311042,0.014690060931104254,156256.0,ilo_calibrated,0.11213786970308603,34.55,31.89723865128231,34.55000000000001,-2.6527613487176858,1.4210854715202004e-14,ok
Austria,AUT,Manual,0.335,0.40957168335255223,0.07457168335255221,706387.0,ilo_calibrated,0.11213786970308603,34.55,31.89723865128231,34.55000000000001,-2.6527613487176858,1.4210854715202004e-14,ok
Austria,AUT,Cleaning,0.485,0.5427510028970893,0.05775100289708934,167848.0,ilo_calibrated,0.11213786970308603,34.55,31.89723865128231,34.55000000000001,-2.6527613487176858,1.4210854715202004e-14,ok
Austria,AUT,Tech,0.32,0.3962537513980985,0.07625375139809848,509964.0,ilo_calibrated,0.11213786970308603,34.55,31.89723865128231,34.55000000000001,-2.6527613487176858,1.4210854715202004e-14,ok
Austria,AUT,ArmedForces,0.4,0.4,0.0,11634.0,ilo_calibrated,0.11213786970308603,34.55,31.89723865128231,34.55000000000001,-2.6527613487176858,1.4210854715202004e-14,ok
Azerbaijan,AZE,Food,0.895,0.8884906137175599,-0.006509386282440133,,neighbour_backfill,0.00727305729881581,,,,,,
Azerbaijan,AZE,Health,0.819,0.8130433660722698,-0.005956633927730159,,neighbour_backfill,0.00727305729881581,,,,,,
Azerbaijan,AZE,Retail,0.876,0.8696288018062374,-0.006371198193762639,,neighbour_backfill,0.00727305729881581,,,,,,
Azerbaijan,AZE,Security,0.846,0.8398469935252019,-0.006153006474798106,,neighbour_backfill,0.00727305729881581,,,,,,
Azerbaijan,AZE,Transport,0.869,0.8626797132073291,-0.006320286792670937,,neighbour_backfill,0.00727305729881581,,,,,,
Azerbaijan,AZE,Manual,0.335,0.33256352580489673,-0.0024364741951032887,,neighbour_backfill,0.00727305729881581,,,,,,
Azerbaijan,AZE,Cleaning,0.485,0.4814725672100743,-0.0035274327899256774,,neighbour_backfill,0.00727305729881581,,,,,,
Azerbaijan,AZE,Tech,0.32,0.317672621664379,-0.002327378335621022,,neighbour_backfill,0.00727305729881581,,,,,,
Azerbaijan,AZE,ArmedForces,0.4,0.4,0.0,,neighbour_backfill,0.00727305729881581,,,,,,
Burundi,BDI,Food,0.895,0.895,0.0,4223525.0,global_fallback,0.0,,83.46695890004027,83.46695890004027,,,global_fallback
Burundi,BDI,Health,0.819,0.819,0.0,19212.0,global_fallback,0.0,,83.46695890004027,83.46695890004027,,,global_fallback
Burundi,BDI,Retail,0.876,0.876,0.0,169476.0,global_fallback,0.0,,83.46695890004027,83.46695890004027,,,global_fallback
Burundi,BDI,Security,0.846,0.846,0.0,7677.0,global_fallback,0.0,,83.46695890004027,83.46695890004027,,,global_fallback
Burundi,BDI,Transport,0.869,0.869,0.0,48465.0,global_fallback,0.0,,83.46695890004027,83.46695890004027,,,global_fallback
Burundi,BDI,Manual,0.335,0.335,0.0,184672.0,global_fallback,0.0,,83.46695890004027,83.46695890004027,,,global_fallback
Burundi,BDI,Cleaning,0.485,0.485,0.0,117458.0,global_fallback,0.0,,83.46695890004027,83.46695890004027,,,global_fallback
Burundi,BDI,Tech,0.32,0.32,0.0,54883.0,global_fallback,0.0,,83.46695890004027,83.46695890004027,,,global_fallback
Burundi,BDI,ArmedForces,0.4,0.4,0.0,13533.100619337976,global_fallback,0.0,,83.46695890004027,83.46695890004027,,,global_fallback
Belgium,BEL,Food,0.895,0.895,0.0,110171.0,global_fallback,0.0,,30.11773125950597,30.11773125950597,,,global_fallback
Belgium,BEL,Health,0.819,0.819,0.0,542619.0,global_fallback,0.0,,30.11773125950597,30.11773125950597,,,global_fallback
Belgium,BEL,Retail,0.876,0.876,0.0,273927.0,global_fallback,0.0,,30.11773125950597,30.11773125950597,,,global_fallback
Belgium,BEL,Security,0.846,0.846,0.0,58373.0,global_fallback,0.0,,30.11773125950597,30.11773125950597,,,global_fallback
Belgium,BEL,Transport,0.869,0.869,0.0,183296.0,global_fallback,0.0,,30.11773125950597,30.11773125950597,,,global_fallback
Belgium,BEL,Manual,0.335,0.335,0.0,704496.0,global_fallback,0.0,,30.11773125950597,30.11773125950597,,,global_fallback
Belgium,BEL,Cleaning,0.485,0.485,0.0,320435.0,global_fallback,0.0,,30.11773125950597,30.11773125950597,,,global_fallback
Belgium,BEL,Tech,0.32,0.32,0.0,419121.0,global_fallback,0.0,,30.11773125950597,30.11773125950597,,,global_fallback
Belgium,BEL,ArmedForces,0.4,0.4,0.0,20413.0,global_fallback,0.0,,30.11773125950597,30.11773125950597,,,global_fallback
Benin,BEN,Food,0.895,0.895,0.0,2403306.0,global_fallback,0.0,,71.57393423911016,71.57393423911016,,,global_fallback
Benin,BEN,Health,0.819,0.819,0.0,58725.0,global_fallback,0.0,,71.57393423911016,71.57393423911016,,,global_fallback
Benin,BEN,Retail,0.876,0.876,0.0,1216635.0,global_fallback,0.0,,71.57393423911016,71.57393423911016,,,global_fallback
Benin,BEN,Security,0.846,0.846,0.0,22975.0,global_fallback,0.0,,71.57393423911016,71.57393423911016,,,global_fallback
Benin,BEN,Transport,0.869,0.869,0.0,189592.0,global_fallback,0.0,,71.57393423911016,71.57393423911016,,,global_fallback
Benin,BEN,Manual,0.335,0.335,0.0,836019.0,global_fallback,0.0,,71.57393423911016,71.57393423911016,,,global_fallback
Benin,BEN,Cleaning,0.485,0.485,0.0,66796.0,global_fallback,0.0,,71.57393423911016,71.57393423911016,,,global_fallback
Benin,BEN,Tech,0.32,0.32,0.0,403787.0,global_fallback,0.0,,71.57393423911016,71.57393423911016,,,global_fallback
Benin,BEN,ArmedForces,0.4,0.4,0.0,13390.108350964174,global_fallback,0.0,,71.57393423911016,71.57393423911016,,,global_fallback
Burkina Faso,BFA,Food,0.895,0.8751651661156742,-0.01983483388432583,4384577.0,ilo_calibrated,0.022161825569079134,69.08,70.64162384632645,69.07999999999997,1.5616238463264551,-2.842170943040401e-14,ok
Burkina Faso,BFA,Health,0.819,0.8008494648589242,-0.018150535141075785,86832.0,ilo_calibrated,0.022161825569079134,69.08,70.64162384632645,69.07999999999997,1.5616238463264551,-2.842170943040401e-14,ok
Burkina Faso,BFA,Retail,0.876,0.8565862408014867,-0.019413759198513292,1103416.0,ilo_calibrated,0.022161825569079134,69.08,70.64162384632645,69.07999999999997,1.5616238463264551,-2.842170943040401e-14,ok
Burkina Faso,BFA,Security,0.846,0.827251095568559,-0.01874890443144095,34351.0,ilo_calibrated,0.022161825569079134,69.08,70.64162384632645,69.07999999999997,1.5616238463264551,-2.842170943040401e-14,ok
Burkina Faso,BFA,Transport,0.869,0.8497413735804703,-0.01925862641952969,74141.0,ilo_calibrated,0.022161825569079134,69.08,70.64162384632645,69.07999999999997,1.5616238463264551,-2.842170943040401e-14,ok
Burkina Faso,BFA,Manual,0.335,0.32757578843435853,-0.007424211565641492,1017717.0,ilo_calibrated,0.022161825569079134,69.08,70.64162384632645,69.07999999999997,1.5616238463264551,-2.842170943040401e-14,ok
Burkina Faso,BFA,Cleaning,0.485,0.4742515145989966,-0.010748485401003371,118465.0,ilo_calibrated,0.022161825569079134,69.08,70.64162384632645,69.07999999999997,1.5616238463264551,-2.842170943040401e-14,ok
Burkina Faso,BFA,Tech,0.32,0.3129082158178947,-0.007091784182105321,303424.0,ilo_calibrated,0.022161825569079134,69.08,70.64162384632645,69.07999999999997,1.5616238463264551,-2.842170943040401e-14,ok
Burkina Faso,BFA,ArmedForces,0.4,0.4,0.0,34865.74910334207,ilo_calibrated,0.022161825569079134,69.08,70.64162384632645,69.07999999999997,1.5616238463264551,-2.842170943040401e-14,ok
Bangladesh,BGD,Food,0.895,0.879713650295045,-0.015286349704955016,30918707.0,ilo_calibrated,0.017079720340731862,66.24,68.5041094802606,67.33659116227686,2.2641094802606005,1.0965911622768658,ok
Bangladesh,BGD,Health,0.819,0.8050117090409405,-0.013988290959059402,567928.0,ilo_calibrated,0.017079720340731862,66.24,68.5041094802606,67.33659116227686,2.2641094802606005,1.0965911622768658,ok
Bangladesh,BGD,Retail,0.876,0.8610381649815189,-0.01496183501848114,8610050.0,ilo_calibrated,0.017079720340731862,66.24,68.5041094802606,67.33659116227686,2.2641094802606005,1.0965911622768658,ok
Bangladesh,BGD,Security,0.846,0.8315505565917408,-0.014449443408259155,562343.0,ilo_calibrated,0.017079720340731862,66.24,68.5041094802606,67.33659116227686,2.2641094802606005,1.0965911622768658,ok
Bangladesh,BGD,Transport,0.869,0.8541577230239039,-0.01484227697609608,5397838.0,ilo_calibrated,0.017079720340731862,66.24,68.5041094802606,67.33659116227686,2.2641094802606005,1.0965911622768658,ok
Bangladesh,BGD,Manual,0.335,0.3292782936858548,-0.005721706314145203,13565044.0,ilo_calibrated,0.017079720340731862,66.24,68.5041094802606,67.33659116227686,2.2641094802606005,1.0965911622768658,ok
Bangladesh,BGD,Cleaning,0.485,0.476716335634745,-0.008283664365254961,1252700.0,ilo_calibrated,0.017079720340731862,66.24,68.5041094802606,67.33659116227686,2.2641094802606005,1.0965911622768658,ok
Bangladesh,BGD,Tech,0.32,0.3145344894909658,-0.00546551050903421,1400745.0,ilo_calibrated,0.017079720340731862,66.24,68.5041094802606,67.33659116227686,2.2641094802606005,1.0965911622768658,ok
Bangladesh,BGD,ArmedForces,0.4,0.4,0.0,249902.61283278902,ilo_calibrated,0.017079720340731862,66.24,68.5041094802606,67.33659116227686,2.2641094802606005,1.0965911622768658,ok
Bulgaria,BGR,Food,0.895,0.895,0.0,123676.0,global_fallback,0.0,,39.41373882712756,39.41373882712756,,,global_fallback
Bulgaria,BGR,Health,0.819,0.819,0.0,182779.0,global_fallback,0.0,,39.41373882712756,39.41373882712756,,,global_fallback
Bulgaria,BGR,Retail,0.876,0.876,0.0,285440.0,global_fallback,0.0,,39.41373882712756,39.41373882712756,,,global_fallback
Bulgaria,BGR,Security,0.846,0.846,0.0,94139.0,global_fallback,0.0,,39.41373882712756,39.41373882712756,,,global_fallback
Bulgaria,BGR,Transport,0.869,0.869,0.0,221926.0,global_fallback,0.0,,39.41373882712756,39.41373882712756,,,global_fallback
Bulgaria,BGR,Manual,0.335,0.335,0.0,638789.0,global_fallback,0.0,,39.41373882712756,39.41373882712756,,,global_fallback
Bulgaria,BGR,Cleaning,0.485,0.485,0.0,146866.0,global_fallback,0.0,,39.41373882712756,39.41373882712756,,,global_fallback
Bulgaria,BGR,Tech,0.32,0.32,0.0,245238.0,global_fallback,0.0,,39.41373882712756,39.41373882712756,,,global_fallback
Bulgaria,BGR,ArmedForces,0.4,0.4,0.0,23331.0,global_fallback,0.0,,39.41373882712756,39.41373882712756,,,global_fallback
Bahrain,BHR,Food,0.895,0.895,0.0,,global_fallback,0.0,,,,,,global_fallback
Bahrain,BHR,Health,0.819,0.819,0.0,,global_fallback,0.0,,,,,,global_fallback
Bahrain,BHR,Retail,0.876,0.876,0.0,,global_fallback,0.0,,,,,,global_fallback
Bahrain,BHR,Security,0.846,0.846,0.0,,global_fallback,0.0,,,,,,global_fallback
Bahrain,BHR,Transport,0.869,0.869,0.0,,global_fallback,0.0,,,,,,global_fallback
Bahrain,BHR,Manual,0.335,0.335,0.0,,global_fallback,0.0,,,,,,global_fallback
Bahrain,BHR,Cleaning,0.485,0.485,0.0,,global_fallback,0.0,,,,,,global_fallback
Bahrain,BHR,Tech,0.32,0.32,0.0,,global_fallback,0.0,,,,,,global_fallback
Bahrain,BHR,ArmedForces,0.4,0.4,0.0,,global_fallback,0.0,,,,,,global_fallback
Bahamas,BHS,Food,0.895,0.895,0.0,9203.0,global_fallback,0.0,,39.85635076352966,39.85635076352966,,,global_fallback
Bahamas,BHS,Health,0.819,0.819,0.0,8165.0,global_fallback,0.0,,39.85635076352966,39.85635076352966,,,global_fallback
Bahamas,BHS,Retail,0.876,0.876,0.0,19645.0,global_fallback,0.0,,39.85635076352966,39.85635076352966,,,global_fallback
Bahamas,BHS,Security,0.846,0.846,0.0,16433.0,global_fallback,0.0,,39.85635076352966,39.85635076352966,,,global_fallback
Bahamas,BHS,Transport,0.869,0.869,0.0,9316.0,global_fallback,0.0,,39.85635076352966,39.85635076352966,,,global_fallback
Bahamas,BHS,Manual,0.335,0.335,0.0,33690.0,global_fallback,0.0,,39.85635076352966,39.85635076352966,,,global_fallback
Bahamas,BHS,Cleaning,0.485,0.485,0.0,17272.0,global_fallback,0.0,,39.85635076352966,39.85635076352966,,,global_fallback
Bahamas,BHS,Tech,0.32,0.32,0.0,28196.0,global_fallback,0.0,,39.85635076352966,39.85635076352966,,,global_fallback
Bahamas,BHS,ArmedForces,0.4,0.4,0.0,713.095968634918,global_fallback,0.0,,39.85635076352966,39.85635076352966,,,global_fallback
Bosnia and Herzegovina,BIH,Food,0.895,0.8978147679595635,0.00281476795956348,205523.0,ilo_calibrated,0.026807313900604323,47.7,46.953579391331765,47.700000000000024,-0.7464206086682381,2.1316282072803006e-14,ok
Bosnia and Herzegovina,BIH,Health,0.819,0.8238521238160094,0.004852123816009413,66183.0,ilo_calibrated,0.026807313900604323,47.7,46.953579391331765,47.700000000000024,-0.7464206086682381,2.1316282072803006e-14,ok
Bosnia and Herzegovina,BIH,Retail,0.876,0.8793241069236749,0.0033241069236749077,134353.0,ilo_calibrated,0.026807313900604323,47.7,46.953579391331765,47.700000000000024,-0.7464206086682381,2.1316282072803006e-14,ok
Bosnia and Herzegovina,BIH,Security,0.846,0.850128326340693,0.004128326340693045,39788.0,ilo_calibrated,0.026807313900604323,47.7,46.953579391331765,47.700000000000024,-0.7464206086682381,2.1316282072803006e-14,ok
Bosnia and Herzegovina,BIH,Transport,0.869,0.8725117581209791,0.003511758120979147,88466.0,ilo_calibrated,0.026807313900604323,47.7,46.953579391331765,47.700000000000024,-0.7464206086682381,2.1316282072803006e-14,ok
Bosnia and Herzegovina,BIH,Manual,0.335,0.3528268637439019,0.017826863743901855,310023.0,ilo_calibrated,0.026807313900604323,47.7,46.953579391331765,47.700000000000024,-0.7464206086682381,2.1316282072803006e-14,ok
Bosnia and Herzegovina,BIH,Cleaning,0.485,0.4988057666588112,0.013805766658811225,56965.0,ilo_calibrated,0.026807313900604323,47.7,46.953579391331765,47.700000000000024,-0.7464206086682381,2.1316282072803006e-14,ok
Bosnia and Herzegovina,BIH,Tech,0.32,0.33822897345241093,0.018228973452410924,108219.0,ilo_calibrated,0.026807313900604323,47.7,46.953579391331765,47.700000000000024,-0.7464206086682381,2.1316282072803006e-14,ok
Bosnia and Herzegovina,BIH,ArmedForces,0.4,0.4,0.0,8228.0,ilo_calibrated,0.026807313900604323,47.7,46.953579391331765,47.700000000000024,-0.7464206086682381,2.1316282072803006e-14,ok
Belarus,BLR,Food,0.895,0.9140474097432105,0.01904740974321051,168012.0,ilo_calibrated,0.1814039023162903,41.86,37.436348011470606,41.8671940705514,-4.423651988529393,0.007194070551399534,ok
Belarus,BLR,Health,0.819,0.8518341063192485,0.032834106319248546,361163.0,ilo_calibrated,0.1814039023162903,41.86,37.436348011470606,41.8671940705514,-4.423651988529393,0.007194070551399534,ok
Belarus,BLR,Retail,0.876,0.89849408388722,0.022494083887219962,305070.0,ilo_calibrated,0.1814039023162903,41.86,37.436348011470606,41.8671940705514,-4.423651988529393,0.007194070551399534,ok
Belarus,BLR,Security,0.846,0.8739362009567087,0.02793620095670868,153007.0,ilo_calibrated,0.1814039023162903,41.86,37.436348011470606,41.8671940705514,-4.423651988529393,0.007194070551399534,ok
Belarus,BLR,Transport,0.869,0.892763911203434,0.02376391120343402,491694.0,ilo_calibrated,0.1814039023162903,41.86,37.436348011470606,41.8671940705514,-4.423651988529393,0.007194070551399534,ok
Belarus,BLR,Manual,0.335,0.4556335950403331,0.12063359504033305,1038985.0,ilo_calibrated,0.1814039023162903,41.86,37.436348011470606,41.8671940705514,-4.423651988529393,0.007194070551399534,ok
Belarus,BLR,Cleaning,0.485,0.5784230096928895,0.09342300969288952,170127.0,ilo_calibrated,0.1814039023162903,41.86,37.436348011470606,41.8671940705514,-4.423651988529393,0.007194070551399534,ok
Belarus,BLR,Tech,0.32,0.4433546535750774,0.12335465357507741,271202.0,ilo_calibrated,0.1814039023162903,41.86,37.436348011470606,41.8671940705514,-4.423651988529393,0.007194070551399534,ok
Belarus,BLR,ArmedForces,0.4,0.4,0.0,21186.680388138608,ilo_calibrated,0.1814039023162903,41.86,37.436348011470606,41.8671940705514,-4.423651988529393,0.007194070551399534,ok
Belize,BLZ,Food,0.895,0.895,0.0,25953.0,global_fallback,0.0,,53.59496711082971,53.59496711082971,,,global_fallback
Belize,BLZ,Health,0.819,0.819,0.0,8345.0,global_fallback,0.0,,53.59496711082971,53.59496711082971,,,global_fallback
Belize,BLZ,Retail,0.876,0.876,0.0,18135.0,global_fallback,0.0,,53.59496711082971,53.59496711082971,,,global_fallback
Belize,BLZ,Security,0.846,0.846,0.0,7133.0,global_fallback,0.0,,53.59496711082971,53.59496711082971,,,global_fallback
Belize,BLZ,Transport,0.869,0.869,0.0,6974.0,global_fallback,0.0,,53.59496711082971,53.59496711082971,,,global_fallback
Belize,BLZ,Manual,0.335,0.335,0.0,27468.0,global_fallback,0.0,,53.59496711082971,53.59496711082971,,,global_fallback
Belize,BLZ,Cleaning,0.485,0.485,0.0,9696.0,global_fallback,0.0,,53.59496711082971,53.59496711082971,,,global_fallback
Belize,BLZ,Tech,0.32,0.32,0.0,15286.0,global_fallback,0.0,,53.59496711082971,53.59496711082971,,,global_fallback
Belize,BLZ,ArmedForces,0.4,0.4,0.0,1012.301528939189,global_fallback,0.0,,53.59496711082971,53.59496711082971,,,global_fallback
Bermuda,BMU,Food,0.895,0.8104010669359784,-0.08459893306402166,,neighbour_backfill,0.0945239475575661,,,,,,
Bermuda,BMU,Health,0.819,0.7415848869503533,-0.07741511304964666,,neighbour_backfill,0.0945239475575661,,,,,,
Bermuda,BMU,Retail,0.876,0.7931970219395721,-0.08280297806042791,,neighbour_backfill,0.0945239475575661,,,,,,
Bermuda,BMU,Security,0.846,0.7660327403662991,-0.07996725963370088,,neighbour_backfill,0.0945239475575661,,,,,,
Bermuda,BMU,Transport,0.869,0.7868586895724751,-0.08214131042752493,,neighbour_backfill,0.0945239475575661,,,,,,
Bermuda,BMU,Manual,0.335,0.30333447756821535,-0.031665522431784665,,neighbour_backfill,0.0945239475575661,,,,,,
Bermuda,BMU,Cleaning,0.485,0.43915588543458045,-0.045844114565419536,,neighbour_backfill,0.0945239475575661,,,,,,
Bermuda,BMU,Tech,0.32,0.28975233678157886,-0.03024766321842115,,neighbour_backfill,0.0945239475575661,,,,,,
Bermuda,BMU,ArmedForces,0.4,0.4,0.0,,neighbour_backfill,0.0945239475575661,,,,,,
Bolivia,BOL,Food,0.895,0.8752414753573602,-0.01975852464263983,1686363.0,ilo_calibrated,0.02207656384652486,56.24,57.50712830016048,56.23999999999999,1.2671283001604792,-1.4210854715202004e-14,ok
Bolivia,BOL,Health,0.819,0.8009192942096961,-0.018080705790303853,241593.0,ilo_calibrated,0.02207656384652486,56.24,57.50712830016048,56.23999999999999,1.2671283001604792,-1.4210854715202004e-14,ok
Bolivia,BOL,Retail,0.876,0.8566609300704442,-0.019339069929555808,1022770.0,ilo_calibrated,0.02207656384652486,56.24,57.50712830016048,56.23999999999999,1.2671283001604792,-1.4210854715202004e-14,ok
Bolivia,BOL,Security,0.846,0.8273232269858399,-0.018676773014160042,52260.0,ilo_calibrated,0.02207656384652486,56.24,57.50712830016048,56.23999999999999,1.2671283001604792,-1.4210854715202004e-14,ok
Bolivia,BOL,Transport,0.869,0.8498154660173699,-0.019184533982630092,495964.0,ilo_calibrated,0.02207656384652486,56.24,57.50712830016048,56.23999999999999,1.2671283001604792,-1.4210854715202004e-14,ok
Bolivia,BOL,Manual,0.335,0.32760435111141417,-0.0073956488885858485,1498707.0,ilo_calibrated,0.02207656384652486,56.24,57.50712830016048,56.23999999999999,1.2671283001604792,-1.4210854715202004e-14,ok
Bolivia,BOL,Cleaning,0.485,0.4742928665344354,-0.010707133465564567,289779.0,ilo_calibrated,0.02207656384652486,56.24,57.50712830016048,56.23999999999999,1.2671283001604792,-1.4210854715202004e-14,ok
Bolivia,BOL,Tech,0.32,0.31293549956911204,-0.0070645004308879655,609517.0,ilo_calibrated,0.02207656384652486,56.24,57.50712830016048,56.23999999999999,1.2671283001604792,-1.4210854715202004e-14,ok
Bolivia,BOL,ArmedForces,0.4,0.4,0.0,18785.843160457043,ilo_calibrated,0.02207656384652486,56.24,57.50712830016048,56.23999999999999,1.2671283001604792,-1.4210854715202004e-14,ok
Brazil,BRA,Food,0.895,0.7933432663969799,-0.10165673360302008,7716563.0,ilo_calibrated,0.11358294257320675,39.1,44.20120971660575,39.21760355914149,5.1012097166057515,0.1176035591414859,ok
Brazil,BRA,Health,0.819,0.7259755700325436,-0.0930244299674563,7355986.0,ilo_calibrated,0.11358294257320675,39.1,44.20120971660575,39.21760355914149,5.1012097166057515,0.1176035591414859,ok
Brazil,BRA,Retail,0.876,0.7765013423058709,-0.09949865769412913,12590927.0,ilo_calibrated,0.11358294257320675,39.1,44.20120971660575,39.21760355914149,5.1012097166057515,0.1176035591414859,ok
Brazil,BRA,Security,0.846,0.749908830583067,-0.09609116941693296,1724217.0,ilo_calibrated,0.11358294257320675,39.1,44.20120971660575,39.21760355914149,5.1012097166057515,0.1176035591414859,ok
Brazil,BRA,Transport,0.869,0.7702964229038833,-0.09870357709611666,6953803.0,ilo_calibrated,0.11358294257320675,39.1,44.20120971660575,39.21760355914149,5.1012097166057515,0.1176035591414859,ok
Brazil,BRA,Manual,0.335,0.2969497142379757,-0.038050285762024294,20454196.0,ilo_calibrated,0.11358294257320675,39.1,44.20120971660575,39.21760355914149,5.1012097166057515,0.1176035591414859,ok
Brazil,BRA,Cleaning,0.485,0.4299122728519947,-0.055087727148005305,8109543.0,ilo_calibrated,0.11358294257320675,39.1,44.20120971660575,39.21760355914149,5.1012097166057515,0.1176035591414859,ok
Brazil,BRA,Tech,0.32,0.28365345837657385,-0.036346541623426154,8033997.0,ilo_calibrated,0.11358294257320675,39.1,44.20120971660575,39.21760355914149,5.1012097166057515,0.1176035591414859,ok
Brazil,BRA,ArmedForces,0.4,0.4,0.0,829556.0,ilo_calibrated,0.11358294257320675,39.1,44.20120971660575,39.21760355914149,5.1012097166057515,0.1176035591414859,ok
Barbados,BRB,Food,0.895,0.80811818528834,-0.08688181471166001,4341.0,ilo_calibrated,0.0970746533091174,32.37,39.173146644267185,35.38757149701909,6.803146644267187,3.017571497019091,ok
Barbados,BRB,Health,0.819,0.7394958589398328,-0.07950414106016712,6967.0,ilo_calibrated,0.0970746533091174,32.37,39.173146644267185,35.38757149701909,6.803146644267187,3.017571497019091,ok
Barbados,BRB,Retail,0.876,0.7909626037012132,-0.08503739629878682,11344.0,ilo_calibrated,0.0970746533091174,32.37,39.173146644267185,35.38757149701909,6.803146644267187,3.017571497019091,ok
Barbados,BRB,Security,0.846,0.7638748433004867,-0.08212515669951326,5483.0,ilo_calibrated,0.0970746533091174,32.37,39.173146644267185,35.38757149701909,6.803146644267187,3.017571497019091,ok
Barbados,BRB,Transport,0.869,0.784642126274377,-0.08435787372562298,4886.0,ilo_calibrated,0.0970746533091174,32.37,39.173146644267185,35.38757149701909,6.803146644267187,3.017571497019091,ok
Barbados,BRB,Manual,0.335,0.3024799911414457,-0.03252000885855433,18869.0,ilo_calibrated,0.0970746533091174,32.37,39.173146644267185,35.38757149701909,6.803146644267187,3.017571497019091,ok
Barbados,BRB,Cleaning,0.485,0.4379187931450781,-0.0470812068549219,8618.0,ilo_calibrated,0.0970746533091174,32.37,39.173146644267185,35.38757149701909,6.803146644267187,3.017571497019091,ok
Barbados,BRB,Tech,0.32,0.28893611094108246,-0.03106388905891755,16445.0,ilo_calibrated,0.0970746533091174,32.37,39.173146644267185,35.38757149701909,6.803146644267187,3.017571497019091,ok
Barbados,BRB,ArmedForces,0.4,0.4,0.0,500.17495162859825,ilo_calibrated,0.0970746533091174,32.37,39.173146644267185,35.38757149701909,6.803146644267187,3.017571497019091,ok
Brunei Darussalam,BRN,Food,0.895,0.8204729321001514,-0.07452706789984864,6696.0,ilo_calibrated,0.08327046692720523,31.39,34.166630014165285,31.42653653857184,2.776630014165285,0.036536538571837696,ok
Brunei Darussalam,BRN,Health,0.819,0.7508014875866189,-0.06819851241338104,9238.0,ilo_calibrated,0.08327046692720523,31.39,34.166630014165285,31.42653653857184,2.776630014165285,0.036536538571837696,ok
Brunei Darussalam,BRN,Retail,0.876,0.8030550709717682,-0.0729449290282318,17806.0,ilo_calibrated,0.08327046692720523,31.39,34.166630014165285,31.42653653857184,2.776630014165285,0.036536538571837696,ok
Brunei Darussalam,BRN,Security,0.846,0.7755531849795844,-0.07044681502041561,11774.0,ilo_calibrated,0.08327046692720523,31.39,34.166630014165285,31.42653653857184,2.776630014165285,0.036536538571837696,ok
Brunei Darussalam,BRN,Transport,0.869,0.7966379642402587,-0.07236203575974132,6818.0,ilo_calibrated,0.08327046692720523,31.39,34.166630014165285,31.42653653857184,2.776630014165285,0.036536538571837696,ok
Brunei Darussalam,BRN,Manual,0.335,0.3071043935793863,-0.027895606420613728,33744.0,ilo_calibrated,0.08327046692720523,31.39,34.166630014165285,31.42653653857184,2.776630014165285,0.036536538571837696,ok
Brunei Darussalam,BRN,Cleaning,0.485,0.4446138235403055,-0.0403861764596945,13815.0,ilo_calibrated,0.08327046692720523,31.39,34.166630014165285,31.42653653857184,2.776630014165285,0.036536538571837696,ok
Brunei Darussalam,BRN,Tech,0.32,0.2933534505832944,-0.026646549416705634,32000.0,ilo_calibrated,0.08327046692720523,31.39,34.166630014165285,31.42653653857184,2.776630014165285,0.036536538571837696,ok
Brunei Darussalam,BRN,ArmedForces,0.4,0.4,0.0,7019.38755662909,ilo_calibrated,0.08327046692720523,31.39,34.166630014165285,31.42653653857184,2.776630014165285,0.036536538571837696,ok
Bhutan,BTN,Food,0.895,0.895,0.0,156061.0,global_fallback,0.0,,56.11219551428901,56.11219551428901,,,global_fallback
Bhutan,BTN,Health,0.819,0.819,0.0,5196.0,global_fallback,0.0,,56.11219551428901,56.11219551428901,,,global_fallback
Bhutan,BTN,Retail,0.876,0.876,0.0,11199.0,global_fallback,0.0,,56.11219551428901,56.11219551428901,,,global_fallback
Bhutan,BTN,Security,0.846,0.846,0.0,9112.0,global_fallback,0.0,,56.11219551428901,56.11219551428901,,,global_fallback
Bhutan,BTN,Transport,0.869,0.869,0.0,24407.0,global_fallback,0.0,,56.11219551428901,56.11219551428901,,,global_fallback
Bhutan,BTN,Manual,0.335,0.335,0.0,43806.0,global_fallback,0.0,,56.11219551428901,56.11219551428901,,,global_fallback
Bhutan,BTN,Cleaning,0.485,0.485,0.0,4397.0,global_fallback,0.0,,56.11219551428901,56.11219551428901,,,global_fallback
Bhutan,BTN,Tech,0.32,0.32,0.0,18814.0,global_fallback,0.0,,56.11219551428901,56.11219551428901,,,global_fallback
Bhutan,BTN,ArmedForces,0.4,0.4,0.0,3314.0,global_fallback,0.0,,56.11219551428901,56.11219551428901,,,global_fallback
Botswana,BWA,Food,0.895,0.8484335078961502,-0.04656649210384978,210104.0,ilo_calibrated,0.05202960011603332,50.88,53.78517691184908,50.99702477264748,2.9051769118490753,0.11702477264747557,ok
Botswana,BWA,Health,0.819,0.7763877575049687,-0.04261224249503126,33650.0,ilo_calibrated,0.05202960011603332,50.88,53.78517691184908,50.99702477264748,2.9051769118490753,0.11702477264747557,ok
Botswana,BWA,Retail,0.876,0.8304220702983548,-0.0455779297016452,68058.0,ilo_calibrated,0.05202960011603332,50.88,53.78517691184908,50.99702477264748,2.9051769118490753,0.11702477264747557,ok
Botswana,BWA,Security,0.846,0.8019829583018357,-0.04401704169816423,54031.0,ilo_calibrated,0.05202960011603332,50.88,53.78517691184908,50.99702477264748,2.9051769118490753,0.11702477264747557,ok
Botswana,BWA,Transport,0.869,0.8237862774991671,-0.04521372250083289,29729.0,ilo_calibrated,0.05202960011603332,50.88,53.78517691184908,50.99702477264748,2.9051769118490753,0.11702477264747557,ok
Botswana,BWA,Manual,0.335,0.31757008396112885,-0.017429916038871174,109678.0,ilo_calibrated,0.05202960011603332,50.88,53.78517691184908,50.99702477264748,2.9051769118490753,0.11702477264747557,ok
Botswana,BWA,Cleaning,0.485,0.4597656439437238,-0.025234356056276164,130376.0,ilo_calibrated,0.05202960011603332,50.88,53.78517691184908,50.99702477264748,2.9051769118490753,0.11702477264747557,ok
Botswana,BWA,Tech,0.32,0.3033505279628694,-0.01664947203713063,44100.0,ilo_calibrated,0.05202960011603332,50.88,53.78517691184908,50.99702477264748,2.9051769118490753,0.11702477264747557,ok
Botswana,BWA,ArmedForces,0.4,0.4,0.0,4243.440865355653,ilo_calibrated,0.05202960011603332,50.88,53.78517691184908,50.99702477264748,2.9051769118490753,0.11702477264747557,ok
Central African Republic,CAF,Food,0.895,0.9010935169292088,0.0060935169292087865,,neighbour_backfill,0.05803349456389324,,,,,,
Central African Republic,CAF,Health,0.819,0.8295040625160647,0.010504062516064727,,neighbour_backfill,0.05803349456389324,,,,,,
Central African Republic,CAF,Retail,0.876,0.8831961533259227,0.007196153325922716,,neighbour_backfill,0.05803349456389324,,,,,,
Central African Republic,CAF,Security,0.846,0.8549371581628396,0.008937158162839576,,neighbour_backfill,0.05803349456389324,,,,,,
Central African Republic,CAF,Transport,0.869,0.87660238778787,0.007602387787870035,,neighbour_backfill,0.05803349456389324,,,,,,
Central African Republic,CAF,Manual,0.335,0.37359227388498906,0.03859227388498904,,neighbour_backfill,0.05803349456389324,,,,,,
Central African Republic,CAF,Cleaning,0.485,0.514887249700405,0.029887249700405016,,neighbour_backfill,0.05803349456389324,,,,,,
Central African Republic,CAF,Tech,0.32,0.3594627763034474,0.03946277630344741,,neighbour_backfill,0.05803349456389324,,,,,,
Central African Republic,CAF,ArmedForces,0.4,0.4,0.0,,neighbour_backfill,0.05803349456389324,,,,,,
Canada,CAN,Food,0.895,0.8460732342089913,-0.04892676579100874,,neighbour_backfill,0.054666777420121444,,,,,,
Canada,CAN,Health,0.819,0.7742279092929204,-0.04477209070707955,,neighbour_backfill,0.054666777420121444,,,,,,
Canada,CAN,Retail,0.876,0.8281119029799736,-0.04788809702002639,,neighbour_backfill,0.054666777420121444,,,,,,
Canada,CAN,Security,0.846,0.7997519063025772,-0.046248093697422776,,neighbour_backfill,0.054666777420121444,,,,,,
Canada,CAN,Transport,0.869,0.8214945704219144,-0.04750542957808557,,neighbour_backfill,0.054666777420121444,,,,,,
Canada,CAN,Manual,0.335,0.3166866295642593,-0.018313370435740717,,neighbour_backfill,0.054666777420121444,,,,,,
Canada,CAN,Cleaning,0.485,0.45848661295124105,-0.02651338704875894,,neighbour_backfill,0.054666777420121444,,,,,,
Canada,CAN,Tech,0.32,0.30250663122556115,-0.017493368774438856,,neighbour_backfill,0.054666777420121444,,,,,,
Canada,CAN,ArmedForces,0.4,0.4,0.0,,neighbour_backfill,0.054666777420121444,,,,,,
Switzerland,CHE,Food,0.895,0.9082977113465076,0.01329771134650759,150650.0,ilo_calibrated,0.1266448699667391,30.11,28.000140376802467,30.774074046956557,-2.109859623197533,0.6640740469565571,ok
Switzerland,CHE,Health,0.819,0.8419227214639797,0.02292272146397978,559005.0,ilo_calibrated,0.1266448699667391,30.11,28.000140376802467,30.774074046956557,-2.109859623197533,0.6640740469565571,ok
Switzerland,CHE,Retail,0.876,0.8917039638758757,0.015703963875875693,174750.0,ilo_calibrated,0.1266448699667391,30.11,28.000140376802467,30.774074046956557,-2.109859623197533,0.6640740469565571,ok
Switzerland,CHE,Security,0.846,0.8655033099748778,0.019503309974877814,41718.0,ilo_calibrated,0.1266448699667391,30.11,28.000140376802467,30.774074046956557,-2.109859623197533,0.6640740469565571,ok
Switzerland,CHE,Transport,0.869,0.8855904779656428,0.016590477965642836,104171.0,ilo_calibrated,0.1266448699667391,30.11,28.000140376802467,30.774074046956557,-2.109859623197533,0.6640740469565571,ok
Switzerland,CHE,Manual,0.335,0.41921883852788155,0.08421883852788153,600557.0,ilo_calibrated,0.1266448699667391,30.11,28.000140376802467,30.774074046956557,-2.109859623197533,0.6640740469565571,ok
Switzerland,CHE,Cleaning,0.485,0.5502221080328706,0.06522210803287065,137648.0,ilo_calibrated,0.1266448699667391,30.11,28.000140376802467,30.774074046956557,-2.109859623197533,0.6640740469565571,ok
Switzerland,CHE,Tech,0.32,0.4061185115773826,0.0861185115773826,614809.0,ilo_calibrated,0.1266448699667391,30.11,28.000140376802467,30.774074046956557,-2.109859623197533,0.6640740469565571,ok
Switzerland,CHE,ArmedForces,0.4,0.4,0.0,5710.0,ilo_calibrated,0.1266448699667391,30.11,28.000140376802467,30.774074046956557,-2.109859623197533,0.6640740469565571,ok
Chile,CHL,Food,0.895,0.895,0.0,660899.0,global_fallback,0.0,,42.78650490220115,42.78650490220115,,,global_fallback
Chile,CHL,Health,0.819,0.819,0.0,603820.0,global_fallback,0.0,,42.78650490220115,42.78650490220115,,,global_fallback
Chile,CHL,Retail,0.876,0.876,0.0,1090426.0,global_fallback,0.0,,42.78650490220115,42.78650490220115,,,global_fallback
Chile,CHL,Security,0.846,0.846,0.0,241903.0,global_fallback,0.0,,42.78650490220115,42.78650490220115,,,global_fallback
Chile,CHL,Transport,0.869,0.869,0.0,631836.0,global_fallback,0.0,,42.78650490220115,42.78650490220115,,,global_fallback
Chile,CHL,Manual,0.335,0.335,0.0,1746198.0,global_fallback,0.0,,42.78650490220115,42.78650490220115,,,global_fallback
Chile,CHL,Cleaning,0.485,0.485,0.0,608468.0,global_fallback,0.0,,42.78650490220115,42.78650490220115,,,global_fallback
Chile,CHL,Tech,0.32,0.32,0.0,675811.0,global_fallback,0.0,,42.78650490220115,42.78650490220115,,,global_fallback
Chile,CHL,ArmedForces,0.4,0.4,0.0,22354.0,global_fallback,0.0,,42.78650490220115,42.78650490220115,,,global_fallback
China,CHN,Food,0.895,0.885555194698481,-0.009444805301519033,,neighbour_backfill,0.010552855085496134,43.7,,,,,
China,CHN,Health,0.819,0.8103572116849787,-0.0086427883150213,,neighbour_backfill,0.010552855085496134,43.7,,,,,
China,CHN,Retail,0.876,0.8667556989451054,-0.0092443010548946,,neighbour_backfill,0.010552855085496134,43.7,,,,,
China,CHN,Security,0.846,0.8370722845976702,-0.008927715402329728,,neighbour_backfill,0.010552855085496134,43.7,,,,,
China,CHN,Transport,0.869,0.859829568930704,-0.009170431069296048,,neighbour_backfill,0.010552855085496134,43.7,,,,,
China,CHN,Manual,0.335,0.3314647935463588,-0.003535206453641193,,neighbour_backfill,0.010552855085496134,43.7,,,,,
China,CHN,Cleaning,0.485,0.4798818652835344,-0.0051181347164656055,,neighbour_backfill,0.010552855085496134,43.7,,,,,
China,CHN,Tech,0.32,0.31662308637264125,-0.0033769136273587574,,neighbour_backfill,0.010552855085496134,43.7,,,,,
China,CHN,ArmedForces,0.4,0.4,0.0,,neighbour_backfill,0.010552855085496134,43.7,,,,,
Côte d'Ivoire,CIV,Food,0.895,0.9202041680060997,0.025204168006099703,3786806.0,ilo_calibrated,0.24003969529618738,73.48,72.8879654842757,77.7975193903885,-0.5920345157243077,4.317519390388497,ok
Côte d'Ivoire,CIV,Health,0.819,0.8624471848486098,0.04344718484860988,115985.0,ilo_calibrated,0.24003969529618738,73.48,72.8879654842757,77.7975193903885,-0.5920345157243077,4.317519390388497,ok
Côte d'Ivoire,CIV,Retail,0.876,0.9057649222167272,0.02976492221672722,2111059.0,ilo_calibrated,0.24003969529618738,73.48,72.8879654842757,77.7975193903885,-0.5920345157243077,4.317519390388497,ok
Côte d'Ivoire,CIV,Security,0.846,0.8829661130756128,0.036966113075612816,63798.0,ilo_calibrated,0.24003969529618738,73.48,72.8879654842757,77.7975193903885,-0.5920345157243077,4.317519390388497,ok
Côte d'Ivoire,CIV,Transport,0.869,0.9004452000838006,0.031445200083800584,358616.0,ilo_calibrated,0.24003969529618738,73.48,72.8879654842757,77.7975193903885,-0.5920345157243077,4.317519390388497,ok
Côte d'Ivoire,CIV,Manual,0.335,0.4946263973719646,0.1596263973719646,1004532.0,ilo_calibrated,0.24003969529618738,73.48,72.8879654842757,77.7975193903885,-0.5920345157243077,4.317519390388497,ok
Côte d'Ivoire,CIV,Cleaning,0.485,0.6086204430775365,0.1236204430775365,313132.0,ilo_calibrated,0.24003969529618738,73.48,72.8879654842757,77.7975193903885,-0.5920345157243077,4.317519390388497,ok
Côte d'Ivoire,CIV,Tech,0.32,0.4832269928014074,0.1632269928014074,293539.0,ilo_calibrated,0.24003969529618738,73.48,72.8879654842757,77.7975193903885,-0.5920345157243077,4.317519390388497,ok
Côte d'Ivoire,CIV,ArmedForces,0.4,0.4,0.0,30667.253807784575,ilo_calibrated,0.24003969529618738,73.48,72.8879654842757,77.7975193903885,-0.5920345157243077,4.317519390388497,ok
Cameroon,CMR,Food,0.895,0.9476993262982651,0.052699326298265126,,neighbour_backfill,0.5018983456977628,,,,,,
Cameroon,CMR,Health,0.819,0.9098436005712951,0.09084360057129515,,neighbour_backfill,0.5018983456977628,,,,,,
Cameroon,CMR,Retail,0.876,0.9382353948665226,0.06223539486652263,,neighbour_backfill,0.5018983456977628,,,,,,
Cameroon,CMR,Security,0.846,0.9232923452374555,0.07729234523745554,,neighbour_backfill,0.5018983456977628,,,,,,
Cameroon,CMR,Transport,0.869,0.9347486832864069,0.06574868328640693,,neighbour_backfill,0.5018983456977628,,,,,,
Cameroon,CMR,Manual,0.335,0.6687623998890123,0.3337623998890123,,neighbour_backfill,0.5018983456977628,,,,,,
Cameroon,CMR,Cleaning,0.485,0.7434776480343479,0.2584776480343479,,neighbour_backfill,0.5018983456977628,,,,,,
Cameroon,CMR,Tech,0.32,0.6612908750744787,0.3412908750744787,,neighbour_backfill,0.5018983456977628,,,,,,
Cameroon,CMR,ArmedForces,0.4,0.4,0.0,,neighbour_backfill,0.5018983456977628,,,,,,
DR Congo,COD,Food,0.895,0.895,0.0,22639944.0,global_fallback,0.0,,78.25980512044536,78.25980512044536,,,global_fallback
DR Congo,COD,Health,0.819,0.819,0.0,436708.0,global_fallback,0.0,,78.25980512044536,78.25980512044536,,,global_fallback
DR Congo,COD,Retail,0.876,0.876,0.0,2396637.0,global_fallback,0.0,,78.25980512044536,78.25980512044536,,,global_fallback
DR Congo,COD,Security,0.846,0.846,0.0,147914.0,global_fallback,0.0,,78.25980512044536,78.25980512044536,,,global_fallback
DR Congo,COD,Transport,0.869,0.869,0.0,370313.0,global_fallback,0.0,,78.25980512044536,78.25980512044536,,,global_fallback
DR Congo,COD,Manual,0.335,0.335,0.0,1017361.0,global_fallback,0.0,,78.25980512044536,78.25980512044536,,,global_fallback
DR Congo,COD,Cleaning,0.485,0.485,0.0,342639.0,global_fallback,0.0,,78.25980512044536,78.25980512044536,,,global_fallback
DR Congo,COD,Tech,0.32,0.32,0.0,745045.0,global_fallback,0.0,,78.25980512044536,78.25980512044536,,,global_fallback
DR Congo,COD,ArmedForces,0.4,0.4,0.0,85232.88685788444,global_fallback,0.0,,78.25980512044536,78.25980512044536,,,global_fallback
Congo Republic,COG,Food,0.895,0.9476993262982651,0.052699326298265126,,,0.5018983456977628,,,,,,
Congo Republic,COG,Health,0.819,0.9098436005712951,0.09084360057129515,,,0.5018983456977628,,,,,,
Congo Republic,COG,Retail,0.876,0.9382353948665226,0.06223539486652263,,,0.5018983456977628,,,,,,
Congo Republic,COG,Security,0.846,0.9232923452374555,0.07729234523745554,,,0.5018983456977628,,,,,,
Congo Republic,COG,Transport,0.869,0.9347486832864069,0.06574868328640693,,,0.5018983456977628,,,,,,
Congo Republic,COG,Manual,0.335,0.6687623998890123,0.3337623998890123,,,0.5018983456977628,,,,,,
Congo Republic,COG,Cleaning,0.485,0.7434776480343479,0.2584776480343479,,,0.5018983456977628,,,,,,
Congo Republic,COG,Tech,0.32,0.6612908750744787,0.3412908750744787,,,0.5018983456977628,,,,,,
Congo Republic,COG,ArmedForces,0.4,0.4,0.0,,,0.5018983456977628,,,,,,
Colombia,COL,Food,0.895,0.895,0.0,3483938.0,global_fallback,0.0,,47.434715213296,47.434715213296,,,global_fallback
Colombia,COL,Health,0.819,0.819,0.0,942133.0,global_fallback,0.0,,47.434715213296,47.434715213296,,,global_fallback
Colombia,COL,Retail,0.876,0.876,0.0,2942144.0,global_fallback,0.0,,47.434715213296,47.434715213296,,,global_fallback
Colombia,COL,Security,0.846,0.846,0.0,619298.0,global_fallback,0.0,,47.434715213296,47.434715213296,,,global_fallback
Colombia,COL,Transport,0.869,0.869,0.0,1520141.0,global_fallback,0.0,,47.434715213296,47.434715213296,,,global_fallback
Colombia,COL,Manual,0.335,0.335,0.0,4380842.0,global_fallback,0.0,,47.434715213296,47.434715213296,,,global_fallback
Colombia,COL,Cleaning,0.485,0.485,0.0,1938272.0,global_fallback,0.0,,47.434715213296,47.434715213296,,,global_fallback
Colombia,COL,Tech,0.32,0.32,0.0,1796445.0,global_fallback,0.0,,47.434715213296,47.434715213296,,,global_fallback
Colombia,COL,ArmedForces,0.4,0.4,0.0,19115.0,global_fallback,0.0,,47.434715213296,47.434715213296,,,global_fallback
Comoros,COM,Food,0.895,0.9272409478591186,0.032240947859118574,,neighbour_backfill,0.30705664627732016,,,,,,
Comoros,COM,Health,0.819,0.8745772529761948,0.05557725297619487,,neighbour_backfill,0.30705664627732016,,,,,,
Comoros,COM,Retail,0.876,0.9140750241383877,0.0380750241383877,,neighbour_backfill,0.30705664627732016,,,,,,
Comoros,COM,Security,0.846,0.8932867235267072,0.047286723526707264,,neighbour_backfill,0.30705664627732016,,,,,,
Comoros,COM,Transport,0.869,0.909224420662329,0.04022442066232901,,neighbour_backfill,0.30705664627732016,,,,,,
Comoros,COM,Manual,0.335,0.5391926697744179,0.2041926697744179,,neighbour_backfill,0.30705664627732016,,,,,,
Comoros,COM,Cleaning,0.485,0.6431341728328199,0.15813417283281994,,neighbour_backfill,0.30705664627732016,,,,,,
Comoros,COM,Tech,0.32,0.5287985194685777,0.2087985194685777,,neighbour_backfill,0.30705664627732016,,,,,,
Comoros,COM,ArmedForces,0.4,0.4,0.0,,neighbour_backfill,0.30705664627732016,,,,,,
Cabo Verde,CPV,Food,0.895,0.9272409478591186,0.032240947859118574,,,0.30705664627732016,,,,,,
Cabo Verde,CPV,Health,0.819,0.8745772529761948,0.05557725297619487,,,0.30705664627732016,,,,,,
Cabo Verde,CPV,Retail,0.876,0.9140750241383877,0.0380750241383877,,,0.30705664627732016,,,,,,
Cabo Verde,CPV,Security,0.846,0.8932867235267072,0.047286723526707264,,,0.30705664627732016,,,,,,
Cabo Verde,CPV,Transport,0.869,0.909224420662329,0.04022442066232901,,,0.30705664627732016,,,,,,
Cabo Verde,CPV,Manual,0.335,0.5391926697744179,0.2041926697744179,,,0.30705664627732016,,,,,,
Cabo Verde,CPV,Cleaning,0.485,0.6431341728328199,0.15813417283281994,,,0.30705664627732016,,,,,,
Cabo Verde,CPV,Tech,0.32,0.5287985194685777,0.2087985194685777,,,0.30705664627732016,,,,,,
Cabo Verde,CPV,ArmedForces,0.4,0.4,0.0,,,0.30705664627732016,,,,,,
Costa Rica,CRI,Food,0.895,0.895,0.0,207862.0,global_fallback,0.0,,43.991834501233654,43.991834501233654,,,global_fallback
Costa Rica,CRI,Health,0.819,0.819,0.0,105627.0,global_fallback,0.0,,43.991834501233654,43.991834501233654,,,global_fallback
Costa Rica,CRI,Retail,0.876,0.876,0.0,231451.0,global_fallback,0.0,,43.991834501233654,43.991834501233654,,,global_fallback
Costa Rica,CRI,Security,0.846,0.846,0.0,78444.0,global_fallback,0.0,,43.991834501233654,43.991834501233654,,,global_fallback
Costa Rica,CRI,Transport,0.869,0.869,0.0,158690.0,global_fallback,0.0,,43.991834501233654,43.991834501233654,,,global_fallback
Costa Rica,CRI,Manual,0.335,0.335,0.0,428048.0,global_fallback,0.0,,43.991834501233654,43.991834501233654,,,global_fallback
Costa Rica,CRI,Cleaning,0.485,0.485,0.0,195435.0,global_fallback,0.0,,43.991834501233654,43.991834501233654,,,global_fallback
Costa Rica,CRI,Tech,0.32,0.32,0.0,126178.0,global_fallback,0.0,,43.991834501233654,43.991834501233654,,,global_fallback
Costa Rica,CRI,ArmedForces,0.4,0.4,0.0,9657.833264826448,global_fallback,0.0,,43.991834501233654,43.991834501233654,,,global_fallback
Cuba,CUB,Food,0.895,0.7580944808018445,-0.13690551919815552,,neighbour_backfill,0.1529670605565984,,,,,,
Cuba,CUB,Health,0.819,0.6937199774041459,-0.12528002259585402,,neighbour_backfill,0.1529670605565984,,,,,,
Cuba,CUB,Retail,0.876,0.7420008549524199,-0.13399914504758015,,neighbour_backfill,0.1529670605565984,,,,,,
Cuba,CUB,Security,0.846,0.7165898667691177,-0.12941013323088224,,neighbour_backfill,0.1529670605565984,,,,,,
Cuba,CUB,Transport,0.869,0.736071624376316,-0.13292837562368398,,neighbour_backfill,0.1529670605565984,,,,,,
Cuba,CUB,Manual,0.335,0.28375603471353955,-0.05124396528646047,,neighbour_backfill,0.1529670605565984,,,,,,
Cuba,CUB,Cleaning,0.485,0.41081097563004976,-0.07418902436995023,,neighbour_backfill,0.1529670605565984,,,,,,
Cuba,CUB,Tech,0.32,0.27105054062188855,-0.04894945937811146,,neighbour_backfill,0.1529670605565984,,,,,,
Cuba,CUB,ArmedForces,0.4,0.4,0.0,,neighbour_backfill,0.1529670605565984,,,,,,
Curaçao,CUW,Food,0.895,0.8104010669359784,-0.08459893306402166,,neighbour_backfill,0.0945239475575661,,,,,,
Curaçao,CUW,Health,0.819,0.7415848869503533,-0.07741511304964666,,neighbour_backfill,0.0945239475575661,,,,,,
Curaçao,CUW,Retail,0.876,0.7931970219395721,-0.08280297806042791,,neighbour_backfill,0.0945239475575661,,,,,,
Curaçao,CUW,Security,0.846,0.7660327403662991,-0.07996725963370088,,neighbour_backfill,0.0945239475575661,,,,,,
Curaçao,CUW,Transport,0.869,0.7868586895724751,-0.08214131042752493,,neighbour_backfill,0.0945239475575661,,,,,,
Curaçao,CUW,Manual,0.335,0.30333447756821535,-0.031665522431784665,,neighbour_backfill,0.0945239475575661,,,,,,
Curaçao,CUW,Cleaning,0.485,0.43915588543458045,-0.045844114565419536,,neighbour_backfill,0.0945239475575661,,,,,,
Curaçao,CUW,Tech,0.32,0.28975233678157886,-0.03024766321842115,,neighbour_backfill,0.0945239475575661,,,,,,
Curaçao,CUW,ArmedForces,0.4,0.4,0.0,,neighbour_backfill,0.0945239475575661,,,,,,
Cayman Islands,CYM,Food,0.895,0.8104010669359784,-0.08459893306402166,,,0.0945239475575661,,,,,,
Cayman Islands,CYM,Health,0.819,0.7415848869503533,-0.07741511304964666,,,0.0945239475575661,,,,,,
Cayman Islands,CYM,Retail,0.876,0.7931970219395721,-0.08280297806042791,,,0.0945239475575661,,,,,,
Cayman Islands,CYM,Security,0.846,0.7660327403662991,-0.07996725963370088,,,0.0945239475575661,,,,,,
Cayman Islands,CYM,Transport,0.869,0.7868586895724751,-0.08214131042752493,,,0.0945239475575661,,,,,,
Cayman Islands,CYM,Manual,0.335,0.30333447756821535,-0.031665522431784665,,,0.0945239475575661,,,,,,
Cayman Islands,CYM,Cleaning,0.485,0.43915588543458045,-0.045844114565419536,,,0.0945239475575661,,,,,,
Cayman Islands,CYM,Tech,0.32,0.28975233678157886,-0.03024766321842115,,,0.0945239475575661,,,,,,
Cayman Islands,CYM,ArmedForces,0.4,0.4,0.0,,,0.0945239475575661,,,,,,
Cyprus,CYP,Food,0.895,0.8157844100520399,-0.07921558994796007,19211.0,ilo_calibrated,0.08850903904800014,28.72,31.454474235949544,28.719999999999995,2.734474235949545,-3.552713678800501e-15,ok
Cyprus,CYP,Health,0.819,0.7465110970196879,-0.07248890298031208,26942.0,ilo_calibrated,0.08850903904800014,28.72,31.454474235949544,28.719999999999995,2.734474235949545,-3.552713678800501e-15,ok
Cyprus,CYP,Retail,0.876,0.798466081793952,-0.07753391820604805,34736.0,ilo_calibrated,0.08850903904800014,28.72,31.454474235949544,28.719999999999995,2.734474235949545,-3.552713678800501e-15,ok
Cyprus,CYP,Security,0.846,0.7711213529653919,-0.07487864703460811,10991.0,ilo_calibrated,0.08850903904800014,28.72,31.454474235949544,28.719999999999995,2.734474235949545,-3.552713678800501e-15,ok
Cyprus,CYP,Transport,0.869,0.7920856450672878,-0.07691435493271215,19480.0,ilo_calibrated,0.08850903904800014,28.72,31.454474235949544,28.719999999999995,2.734474235949545,-3.552713678800501e-15,ok
Cyprus,CYP,Manual,0.335,0.30534947191892,-0.02965052808108004,60426.0,ilo_calibrated,0.08850903904800014,28.72,31.454474235949544,28.719999999999995,2.734474235949545,-3.552713678800501e-15,ok
Cyprus,CYP,Cleaning,0.485,0.44207311606171995,-0.042926883938280036,41176.0,ilo_calibrated,0.08850903904800014,28.72,31.454474235949544,28.719999999999995,2.734474235949545,-3.552713678800501e-15,ok
Cyprus,CYP,Tech,0.32,0.29167710750464,-0.02832289249536002,44760.0,ilo_calibrated,0.08850903904800014,28.72,31.454474235949544,28.719999999999995,2.734474235949545,-3.552713678800501e-15,ok
Cyprus,CYP,ArmedForces,0.4,0.4,0.0,6813.0,ilo_calibrated,0.08850903904800014,28.72,31.454474235949544,28.719999999999995,2.734474235949545,-3.552713678800501e-15,ok
Czechia,CZE,Food,0.895,0.8709315917096349,-0.024068408290365162,92762.0,ilo_calibrated,0.026892076302084036,32.52,33.42851708526954,32.53260195708655,0.908517085269537,0.012601957086545212,ok
Czechia,CZE,Health,0.819,0.7969753895085931,-0.022024610491406804,404679.0,ilo_calibrated,0.026892076302084036,32.52,33.42851708526954,32.53260195708655,0.908517085269537,0.012601957086545212,ok
Czechia,CZE,Retail,0.876,0.8524425411593745,-0.023557458840625545,274533.0,ilo_calibrated,0.026892076302084036,32.52,33.42851708526954,32.53260195708655,0.908517085269537,0.012601957086545212,ok
Czechia,CZE,Security,0.846,0.8232493034484369,-0.022750696551563032,104926.0,ilo_calibrated,0.026892076302084036,32.52,33.42851708526954,32.53260195708655,0.908517085269537,0.012601957086545212,ok
Czechia,CZE,Transport,0.869,0.845630785693489,-0.023369214306510955,379759.0,ilo_calibrated,0.026892076302084036,32.52,33.42851708526954,32.53260195708655,0.908517085269537,0.012601957086545212,ok
Czechia,CZE,Manual,0.335,0.3259911544388019,-0.009008845561198131,1263157.0,ilo_calibrated,0.026892076302084036,32.52,33.42851708526954,32.53260195708655,0.908517085269537,0.012601957086545212,ok
Czechia,CZE,Cleaning,0.485,0.47195734299348924,-0.01304265700651075,126524.0,ilo_calibrated,0.026892076302084036,32.52,33.42851708526954,32.53260195708655,0.908517085269537,0.012601957086545212,ok
Czechia,CZE,Tech,0.32,0.31139453558333313,-0.008605464416666875,534218.0,ilo_calibrated,0.026892076302084036,32.52,33.42851708526954,32.53260195708655,0.908517085269537,0.012601957086545212,ok
Czechia,CZE,ArmedForces,0.4,0.4,0.0,14702.941965883538,ilo_calibrated,0.026892076302084036,32.52,33.42851708526954,32.53260195708655,0.908517085269537,0.012601957086545212,ok
Germany,DEU,Food,0.895,0.895,0.0,1052131.0,global_fallback,0.0,,30.42018957894866,30.42018957894866,,,global_fallback
Germany,DEU,Health,0.819,0.819,0.0,4637037.0,global_fallback,0.0,,30.42018957894866,30.42018957894866,,,global_fallback
Germany,DEU,Retail,0.876,0.876,0.0,2457257.0,global_fallback,0.0,,30.42018957894866,30.42018957894866,,,global_fallback
Germany,DEU,Security,0.846,0.846,0.0,543044.0,global_fallback,0.0,,30.42018957894866,30.42018957894866,,,global_fallback
Germany,DEU,Transport,0.869,0.869,0.0,1293986.0,global_fallback,0.0,,30.42018957894866,30.42018957894866,,,global_fallback
Germany,DEU,Manual,0.335,0.335,0.0,6912542.0,global_fallback,0.0,,30.42018957894866,30.42018957894866,,,global_fallback
Germany,DEU,Cleaning,0.485,0.485,0.0,1388788.0,global_fallback,0.0,,30.42018957894866,30.42018957894866,,,global_fallback
Germany,DEU,Tech,0.32,0.32,0.0,4301136.0,global_fallback,0.0,,30.42018957894866,30.42018957894866,,,global_fallback
Germany,DEU,ArmedForces,0.4,0.4,0.0,166090.0,global_fallback,0.0,,30.42018957894866,30.42018957894866,,,global_fallback
Djibouti,DJI,Food,0.895,0.895,0.0,,global_fallback,0.0,,,,,,global_fallback
Djibouti,DJI,Health,0.819,0.819,0.0,,global_fallback,0.0,,,,,,global_fallback
Djibouti,DJI,Retail,0.876,0.876,0.0,,global_fallback,0.0,,,,,,global_fallback
Djibouti,DJI,Security,0.846,0.846,0.0,,global_fallback,0.0,,,,,,global_fallback
Djibouti,DJI,Transport,0.869,0.869,0.0,,global_fallback,0.0,,,,,,global_fallback
Djibouti,DJI,Manual,0.335,0.335,0.0,,global_fallback,0.0,,,,,,global_fallback
Djibouti,DJI,Cleaning,0.485,0.485,0.0,,global_fallback,0.0,,,,,,global_fallback
Djibouti,DJI,Tech,0.32,0.32,0.0,,global_fallback,0.0,,,,,,global_fallback
Djibouti,DJI,ArmedForces,0.4,0.4,0.0,,global_fallback,0.0,,,,,,global_fallback
Dominica,DMA,Food,0.895,0.895,0.0,,global_fallback,0.0,,,,,,global_fallback
Dominica,DMA,Health,0.819,0.819,0.0,,global_fallback,0.0,,,,,,global_fallback
Dominica,DMA,Retail,0.876,0.876,0.0,,global_fallback,0.0,,,,,,global_fallback
Dominica,DMA,Security,0.846,0.846,0.0,,global_fallback,0.0,,,,,,global_fallback
Dominica,DMA,Transport,0.869,0.869,0.0,,global_fallback,0.0,,,,,,global_fallback
Dominica,DMA,Manual,0.335,0.335,0.0,,global_fallback,0.0,,,,,,global_fallback
Dominica,DMA,Cleaning,0.485,0.485,0.0,,global_fallback,0.0,,,,,,global_fallback
Dominica,DMA,Tech,0.32,0.32,0.0,,global_fallback,0.0,,,,,,global_fallback
Dominica,DMA,ArmedForces,0.4,0.4,0.0,,global_fallback,0.0,,,,,,global_fallback
Denmark,DNK,Food,0.895,0.895,0.0,124947.0,global_fallback,0.0,,33.18629338207602,33.18629338207602,,,global_fallback
Denmark,DNK,Health,0.819,0.819,0.0,416085.0,global_fallback,0.0,,33.18629338207602,33.18629338207602,,,global_fallback
Denmark,DNK,Retail,0.876,0.876,0.0,197371.0,global_fallback,0.0,,33.18629338207602,33.18629338207602,,,global_fallback
Denmark,DNK,Security,0.846,0.846,0.0,29618.0,global_fallback,0.0,,33.18629338207602,33.18629338207602,,,global_fallback
Denmark,DNK,Transport,0.869,0.869,0.0,79606.0,global_fallback,0.0,,33.18629338207602,33.18629338207602,,,global_fallback
Denmark,DNK,Manual,0.335,0.335,0.0,388649.0,global_fallback,0.0,,33.18629338207602,33.18629338207602,,,global_fallback
Denmark,DNK,Cleaning,0.485,0.485,0.0,103164.0,global_fallback,0.0,,33.18629338207602,33.18629338207602,,,global_fallback
Denmark,DNK,Tech,0.32,0.32,0.0,278354.0,global_fallback,0.0,,33.18629338207602,33.18629338207602,,,global_fallback
Denmark,DNK,ArmedForces,0.4,0.4,0.0,13033.0,global_fallback,0.0,,33.18629338207602,33.18629338207602,,,global_fallback
Dominican Republic,DOM,Food,0.895,0.7580944808018445,-0.13690551919815552,468554.0,ilo_calibrated,0.1529670605565984,40.07,47.24770308121614,40.069999999999986,7.177703081216137,-1.4210854715202004e-14,ok
Dominican Republic,DOM,Health,0.819,0.6937199774041459,-0.12528002259585402,193962.0,ilo_calibrated,0.1529670605565984,40.07,47.24770308121614,40.069999999999986,7.177703081216137,-1.4210854715202004e-14,ok
Dominican Republic,DOM,Retail,0.876,0.7420008549524199,-0.13399914504758015,716037.0,ilo_calibrated,0.1529670605565984,40.07,47.24770308121614,40.069999999999986,7.177703081216137,-1.4210854715202004e-14,ok
Dominican Republic,DOM,Security,0.846,0.7165898667691177,-0.12941013323088224,162798.0,ilo_calibrated,0.1529670605565984,40.07,47.24770308121614,40.069999999999986,7.177703081216137,-1.4210854715202004e-14,ok
Dominican Republic,DOM,Transport,0.869,0.736071624376316,-0.13292837562368398,404446.0,ilo_calibrated,0.1529670605565984,40.07,47.24770308121614,40.069999999999986,7.177703081216137,-1.4210854715202004e-14,ok
Dominican Republic,DOM,Manual,0.335,0.28375603471353955,-0.05124396528646047,1047602.0,ilo_calibrated,0.1529670605565984,40.07,47.24770308121614,40.069999999999986,7.177703081216137,-1.4210854715202004e-14,ok
Dominican Republic,DOM,Cleaning,0.485,0.41081097563004976,-0.07418902436995023,462831.0,ilo_calibrated,0.1529670605565984,40.07,47.24770308121614,40.069999999999986,7.177703081216137,-1.4210854715202004e-14,ok
Dominican Republic,DOM,Tech,0.32,0.27105054062188855,-0.04894945937811146,442999.0,ilo_calibrated,0.1529670605565984,40.07,47.24770308121614,40.069999999999986,7.177703081216137,-1.4210854715202004e-14,ok
Dominican Republic,DOM,ArmedForces,0.4,0.4,0.0,41699.0,ilo_calibrated,0.1529670605565984,40.07,47.24770308121614,40.069999999999986,7.177703081216137,-1.4210854715202004e-14,ok
Algeria,DZA,Food,0.895,0.9025511762193392,0.007551176219339206,,neighbour_backfill,0.07191596399370662,,,,,,
Algeria,DZA,Health,0.819,0.8320167894828608,0.013016789482860891,,neighbour_backfill,0.07191596399370662,,,,,,
Algeria,DZA,Retail,0.876,0.8849175795352197,0.008917579535219655,,neighbour_backfill,0.07191596399370662,,,,,,
Algeria,DZA,Security,0.846,0.8570750584550308,0.011075058455030873,,neighbour_backfill,0.07191596399370662,,,,,,
Algeria,DZA,Transport,0.869,0.8784209912831755,0.009420991283175528,,neighbour_backfill,0.07191596399370662,,,,,,
Algeria,DZA,Manual,0.335,0.3828241160558149,0.04782411605581488,,neighbour_backfill,0.07191596399370662,,,,,,
Algeria,DZA,Cleaning,0.485,0.522036721456759,0.03703672145675896,,neighbour_backfill,0.07191596399370662,,,,,,
Algeria,DZA,Tech,0.32,0.3689028555157205,0.04890285551572049,,neighbour_backfill,0.07191596399370662,,,,,,
Algeria,DZA,ArmedForces,0.4,0.4,0.0,,neighbour_backfill,0.07191596399370662,,,,,,
Ecuador,ECU,Food,0.895,0.8572868439994941,-0.037713156000505954,2882313.0,ilo_calibrated,0.04213760446983907,58.8,61.397072789731446,58.8162900915861,2.597072789731449,0.016290091586100175,ok
Ecuador,ECU,Health,0.819,0.7844893019392017,-0.034510698060798206,191469.0,ilo_calibrated,0.04213760446983907,58.8,61.397072789731446,58.8162900915861,2.597072789731449,0.016290091586100175,ok
Ecuador,ECU,Retail,0.876,0.839087458484421,-0.03691254151557899,1079589.0,ilo_calibrated,0.04213760446983907,58.8,61.397072789731446,58.8162900915861,2.597072789731449,0.016290091586100175,ok
Ecuador,ECU,Security,0.846,0.8103515866185161,-0.035648413381483834,169626.0,ilo_calibrated,0.04213760446983907,58.8,61.397072789731446,58.8162900915861,2.597072789731449,0.016290091586100175,ok
Ecuador,ECU,Transport,0.869,0.8323824217157099,-0.03661757828429013,452138.0,ilo_calibrated,0.04213760446983907,58.8,61.397072789731446,58.8162900915861,2.597072789731449,0.016290091586100175,ok
Ecuador,ECU,Manual,0.335,0.32088390250260396,-0.014116097497396063,1456611.0,ilo_calibrated,0.04213760446983907,58.8,61.397072789731446,58.8162900915861,2.597072789731449,0.016290091586100175,ok
Ecuador,ECU,Cleaning,0.485,0.46456326183212804,-0.02043673816787195,467015.0,ilo_calibrated,0.04213760446983907,58.8,61.397072789731446,58.8162900915861,2.597072789731449,0.016290091586100175,ok
Ecuador,ECU,Tech,0.32,0.3065159665696515,-0.013484033430348485,522090.0,ilo_calibrated,0.04213760446983907,58.8,61.397072789731446,58.8162900915861,2.597072789731449,0.016290091586100175,ok
Ecuador,ECU,ArmedForces,0.4,0.4,0.0,31337.0,ilo_calibrated,0.04213760446983907,58.8,61.397072789731446,58.8162900915861,2.597072789731449,0.016290091586100175,ok
Egypt,EGY,Food,0.895,0.8453735426683038,-0.04962645733169624,5323284.0,ilo_calibrated,0.05544855567787285,44.43,51.331410030266014,48.494950388860005,6.901410030266014,4.064950388860005,ok
Egypt,EGY,Health,0.819,0.773587632899822,-0.04541236710017793,870904.0,ilo_calibrated,0.05544855567787285,44.43,51.331410030266014,48.494950388860005,6.901410030266014,4.064950388860005,ok
Egypt,EGY,Retail,0.876,0.8274270652261834,-0.048572934773816634,3662228.0,ilo_calibrated,0.05544855567787285,44.43,51.331410030266014,48.494950388860005,6.901410030266014,4.064950388860005,ok
Egypt,EGY,Security,0.846,0.7990905218965195,-0.04690947810348045,557043.0,ilo_calibrated,0.05544855567787285,44.43,51.331410030266014,48.494950388860005,6.901410030266014,4.064950388860005,ok
Egypt,EGY,Transport,0.869,0.8208152051159284,-0.04818479488407157,2684370.0,ilo_calibrated,0.05544855567787285,44.43,51.331410030266014,48.494950388860005,6.901410030266014,4.064950388860005,ok
Egypt,EGY,Manual,0.335,0.3164247338479126,-0.018575266152087433,7086801.0,ilo_calibrated,0.05544855567787285,44.43,51.331410030266014,48.494950388860005,6.901410030266014,4.064950388860005,ok
Egypt,EGY,Cleaning,0.485,0.45810745049623164,-0.026892549503768348,1042941.0,ilo_calibrated,0.05544855567787285,44.43,51.331410030266014,48.494950388860005,6.901410030266014,4.064950388860005,ok
Egypt,EGY,Tech,0.32,0.30225646218308067,-0.01774353781691934,2954525.0,ilo_calibrated,0.05544855567787285,44.43,51.331410030266014,48.494950388860005,6.901410030266014,4.064950388860005,ok
Egypt,EGY,ArmedForces,0.4,0.4,0.0,132188.4128873364,ilo_calibrated,0.05544855567787285,44.43,51.331410030266014,48.494950388860005,6.901410030266014,4.064950388860005,ok
Eritrea,ERI,Food,0.895,0.895,0.0,,global_fallback,0.0,,,,,,global_fallback
Eritrea,ERI,Health,0.819,0.819,0.0,,global_fallback,0.0,,,,,,global_fallback
Eritrea,ERI,Retail,0.876,0.876,0.0,,global_fallback,0.0,,,,,,global_fallback
Eritrea,ERI,Security,0.846,0.846,0.0,,global_fallback,0.0,,,,,,global_fallback
Eritrea,ERI,Transport,0.869,0.869,0.0,,global_fallback,0.0,,,,,,global_fallback
Eritrea,ERI,Manual,0.335,0.335,0.0,,global_fallback,0.0,,,,,,global_fallback
Eritrea,ERI,Cleaning,0.485,0.485,0.0,,global_fallback,0.0,,,,,,global_fallback
Eritrea,ERI,Tech,0.32,0.32,0.0,,global_fallback,0.0,,,,,,global_fallback
Eritrea,ERI,ArmedForces,0.4,0.4,0.0,,global_fallback,0.0,,,,,,global_fallback
Spain,ESP,Food,0.895,0.895,0.0,1001190.0,global_fallback,0.0,,37.638658800921334,37.638658800921334,,,global_fallback
Spain,ESP,Health,0.819,0.819,0.0,1964806.0,global_fallback,0.0,,37.638658800921334,37.638658800921334,,,global_fallback
Spain,ESP,Retail,0.876,0.876,0.0,2123306.0,global_fallback,0.0,,37.638658800921334,37.638658800921334,,,global_fallback
Spain,ESP,Security,0.846,0.846,0.0,494547.0,global_fallback,0.0,,37.638658800921334,37.638658800921334,,,global_fallback
Spain,ESP,Transport,0.869,0.869,0.0,1081085.0,global_fallback,0.0,,37.638658800921334,37.638658800921334,,,global_fallback
Spain,ESP,Manual,0.335,0.335,0.0,3616285.0,global_fallback,0.0,,37.638658800921334,37.638658800921334,,,global_fallback
Spain,ESP,Cleaning,0.485,0.485,0.0,1370089.0,global_fallback,0.0,,37.638658800921334,37.638658800921334,,,global_fallback
Spain,ESP,Tech,0.32,0.32,0.0,1602707.0,global_fallback,0.0,,37.638658800921334,37.638658800921334,,,global_fallback
Spain,ESP,ArmedForces,0.4,0.4,0.0,95782.0,global_fallback,0.0,,37.638658800921334,37.638658800921334,,,global_fallback
Estonia,EST,Food,0.895,0.895,0.0,19184.0,global_fallback,0.0,,29.889897773657676,29.889897773657676,,,global_fallback
Estonia,EST,Health,0.819,0.819,0.0,47458.0,global_fallback,0.0,,29.889897773657676,29.889897773657676,,,global_fallback
Estonia,EST,Retail,0.876,0.876,0.0,31901.0,global_fallback,0.0,,29.889897773657676,29.889897773657676,,,global_fallback
Estonia,EST,Security,0.846,0.846,0.0,7505.0,global_fallback,0.0,,29.889897773657676,29.889897773657676,,,global_fallback
Estonia,EST,Transport,0.869,0.869,0.0,40938.0,global_fallback,0.0,,29.889897773657676,29.889897773657676,,,global_fallback
Estonia,EST,Manual,0.335,0.335,0.0,142404.0,global_fallback,0.0,,29.889897773657676,29.889897773657676,,,global_fallback
Estonia,EST,Cleaning,0.485,0.485,0.0,35400.0,global_fallback,0.0,,29.889897773657676,29.889897773657676,,,global_fallback
Estonia,EST,Tech,0.32,0.32,0.0,57710.0,global_fallback,0.0,,29.889897773657676,29.889897773657676,,,global_fallback
Estonia,EST,ArmedForces,0.4,0.4,0.0,2825.4969573909166,global_fallback,0.0,,29.889897773657676,29.889897773657676,,,global_fallback
Ethiopia,ETH,Food,0.895,0.9272747327447495,0.03227473274474946,23697991.0,ilo_calibrated,0.30737840709285175,81.55,76.73695588662373,82.62729841143054,-4.8130441133762645,1.0772984114305473,ok
Ethiopia,ETH,Health,0.819,0.8746354916838062,0.055635491683806215,279999.0,ilo_calibrated,0.30737840709285175,81.55,76.73695588662373,82.62729841143054,-4.8130441133762645,1.0772984114305473,ok
Ethiopia,ETH,Retail,0.876,0.9141149224795136,0.03811492247951365,3903307.0,ilo_calibrated,0.30737840709285175,81.55,76.73695588662373,82.62729841143054,-4.8130441133762645,1.0772984114305473,ok
Ethiopia,ETH,Security,0.846,0.8933362746922991,0.047336274692299174,227329.0,ilo_calibrated,0.30737840709285175,81.55,76.73695588662373,82.62729841143054,-4.8130441133762645,1.0772984114305473,ok
Ethiopia,ETH,Transport,0.869,0.9092665713291636,0.04026657132916356,362914.0,ilo_calibrated,0.30737840709285175,81.55,76.73695588662373,82.62729841143054,-4.8130441133762645,1.0772984114305473,ok
Ethiopia,ETH,Manual,0.335,0.5394066407167464,0.20440664071674636,2041282.0,ilo_calibrated,0.30737840709285175,81.55,76.73695588662373,82.62729841143054,-4.8130441133762645,1.0772984114305473,ok
Ethiopia,ETH,Cleaning,0.485,0.6432998796528187,0.15829987965281866,3220578.0,ilo_calibrated,0.30737840709285175,81.55,76.73695588662373,82.62729841143054,-4.8130441133762645,1.0772984114305473,ok
Ethiopia,ETH,Tech,0.32,0.5290173168231391,0.20901731682313912,1301104.0,ilo_calibrated,0.30737840709285175,81.55,76.73695588662373,82.62729841143054,-4.8130441133762645,1.0772984114305473,ok
Ethiopia,ETH,ArmedForces,0.4,0.4,0.0,69925.0,ilo_calibrated,0.30737840709285175,81.55,76.73695588662373,82.62729841143054,-4.8130441133762645,1.0772984114305473,ok
Finland,FIN,Food,0.895,0.895,0.0,100408.0,global_fallback,0.0,,34.80010406799274,34.80010406799274,,,global_fallback
Finland,FIN,Health,0.819,0.819,0.0,364551.0,global_fallback,0.0,,34.80010406799274,34.80010406799274,,,global_fallback
Finland,FIN,Retail,0.876,0.876,0.0,159670.0,global_fallback,0.0,,34.80010406799274,34.80010406799274,,,global_fallback
Finland,FIN,Security,0.846,0.846,0.0,22979.0,global_fallback,0.0,,34.80010406799274,34.80010406799274,,,global_fallback
Finland,FIN,Transport,0.869,0.869,0.0,114234.0,global_fallback,0.0,,34.80010406799274,34.80010406799274,,,global_fallback
Finland,FIN,Manual,0.335,0.335,0.0,387261.0,global_fallback,0.0,,34.80010406799274,34.80010406799274,,,global_fallback
Finland,FIN,Cleaning,0.485,0.485,0.0,77515.0,global_fallback,0.0,,34.80010406799274,34.80010406799274,,,global_fallback
Finland,FIN,Tech,0.32,0.32,0.0,250890.0,global_fallback,0.0,,34.80010406799274,34.80010406799274,,,global_fallback
Finland,FIN,ArmedForces,0.4,0.4,0.0,13564.95112083955,global_fallback,0.0,,34.80010406799274,34.80010406799274,,,global_fallback
Fiji,FJI,Food,0.895,0.9162643788453879,0.0212643788453879,85764.0,ilo_calibrated,0.2025178937655986,55.67,50.311068264267256,55.66999999999999,-5.358931735732746,-1.4210854715202004e-14,ok
Fiji,FJI,Health,0.819,0.8556557387715733,0.036655738771573354,6405.0,ilo_calibrated,0.2025178937655986,55.67,50.311068264267256,55.66999999999999,-5.358931735732746,-1.4210854715202004e-14,ok
Fiji,FJI,Retail,0.876,0.9011122188269343,0.025112218826934263,21315.0,ilo_calibrated,0.2025178937655986,55.67,50.311068264267256,55.66999999999999,-5.358931735732746,-1.4210854715202004e-14,ok
Fiji,FJI,Security,0.846,0.8771877556399021,0.03118775563990217,6474.599556378528,ilo_calibrated,0.2025178937655986,55.67,50.311068264267256,55.66999999999999,-5.358931735732746,-1.4210854715202004e-14,ok
Fiji,FJI,Transport,0.869,0.8955298440832934,0.026529844083293397,19032.0,ilo_calibrated,0.2025178937655986,55.67,50.311068264267256,55.66999999999999,-5.358931735732746,-1.4210854715202004e-14,ok
Fiji,FJI,Manual,0.335,0.4696743993541231,0.13467439935412306,50323.0,ilo_calibrated,0.2025178937655986,55.67,50.311068264267256,55.66999999999999,-5.358931735732746,-1.4210854715202004e-14,ok
Fiji,FJI,Cleaning,0.485,0.5892967152892833,0.1042967152892833,16844.0,ilo_calibrated,0.2025178937655986,55.67,50.311068264267256,55.66999999999999,-5.358931735732746,-1.4210854715202004e-14,ok
Fiji,FJI,Tech,0.32,0.457712167760607,0.13771216776060702,38214.0,ilo_calibrated,0.2025178937655986,55.67,50.311068264267256,55.66999999999999,-5.358931735732746,-1.4210854715202004e-14,ok
Fiji,FJI,ArmedForces,0.4,0.4,0.0,1409.182414054998,ilo_calibrated,0.2025178937655986,55.67,50.311068264267256,55.66999999999999,-5.358931735732746,-1.4210854715202004e-14,ok
France,FRA,Food,0.895,0.9242994974192484,0.02929949741924842,1103033.0,ilo_calibrated,0.2790428325642709,36.65,31.137179237629176,37.014670741180424,-5.512820762370822,0.36467074118042575,ok
France,FRA,Health,0.819,0.869506752694133,0.05050675269413307,3287120.0,ilo_calibrated,0.2790428325642709,36.65,31.137179237629176,37.014670741180424,-5.512820762370822,0.36467074118042575,ok
France,FRA,Retail,0.876,0.9106013112379696,0.03460131123796961,1240568.0,ilo_calibrated,0.2790428325642709,36.65,31.137179237629176,37.014670741180424,-5.512820762370822,0.36467074118042575,ok
France,FRA,Security,0.846,0.8889725962148977,0.042972596214897685,453815.0,ilo_calibrated,0.2790428325642709,36.65,31.137179237629176,37.014670741180424,-5.512820762370822,0.36467074118042575,ok
France,FRA,Transport,0.869,0.9055546110659195,0.03655461106591951,1102805.0,ilo_calibrated,0.2790428325642709,36.65,31.137179237629176,37.014670741180424,-5.512820762370822,0.36467074118042575,ok
France,FRA,Manual,0.335,0.5205634836552402,0.18556348365524017,4096162.0,ilo_calibrated,0.2790428325642709,36.65,31.137179237629176,37.014670741180424,-5.512820762370822,0.36467074118042575,ok
France,FRA,Cleaning,0.485,0.6287070587705995,0.14370705877059953,1368562.0,ilo_calibrated,0.2790428325642709,36.65,31.137179237629176,37.014670741180424,-5.512820762370822,0.36467074118042575,ok
France,FRA,Tech,0.32,0.5097491261437042,0.18974912614370415,2271989.0,ilo_calibrated,0.2790428325642709,36.65,31.137179237629176,37.014670741180424,-5.512820762370822,0.36467074118042575,ok
France,FRA,ArmedForces,0.4,0.4,0.0,190542.0,ilo_calibrated,0.2790428325642709,36.65,31.137179237629176,37.014670741180424,-5.512820762370822,0.36467074118042575,ok
Faroe Islands,FRO,Food,0.895,0.895,0.0,,global_fallback,0.0,,,,,,global_fallback
Faroe Islands,FRO,Health,0.819,0.819,0.0,,global_fallback,0.0,,,,,,global_fallback
Faroe Islands,FRO,Retail,0.876,0.876,0.0,,global_fallback,0.0,,,,,,global_fallback
Faroe Islands,FRO,Security,0.846,0.846,0.0,,global_fallback,0.0,,,,,,global_fallback
Faroe Islands,FRO,Transport,0.869,0.869,0.0,,global_fallback,0.0,,,,,,global_fallback
Faroe Islands,FRO,Manual,0.335,0.335,0.0,,global_fallback,0.0,,,,,,global_fallback
Faroe Islands,FRO,Cleaning,0.485,0.485,0.0,,global_fallback,0.0,,,,,,global_fallback
Faroe Islands,FRO,Tech,0.32,0.32,0.0,,global_fallback,0.0,,,,,,global_fallback
Faroe Islands,FRO,ArmedForces,0.4,0.4,0.0,,global_fallback,0.0,,,,,,global_fallback
"Micronesia, Fed. Sts.",FSM,Food,0.895,0.8409953305540047,-0.05400466944599536,,neighbour_backfill,0.15317278604515427,62.74,,,,,
"Micronesia, Fed. Sts.",FSM,Health,0.819,0.7766364622934363,-0.04236353770656365,,neighbour_backfill,0.15317278604515427,62.74,,,,,
"Micronesia, Fed. Sts.",FSM,Retail,0.876,0.8249056134888626,-0.0510943865111374,,neighbour_backfill,0.15317278604515427,62.74,,,,,
"Micronesia, Fed. Sts.",FSM,Security,0.846,0.799500797070217,-0.046499202929782935,,neighbour_backfill,0.15317278604515427,62.74,,,,,
"Micronesia, Fed. Sts.",FSM,Transport,0.869,0.8189778229911786,-0.05002217700882139,,neighbour_backfill,0.15317278604515427,62.74,,,,,
"Micronesia, Fed. Sts.",FSM,Manual,0.335,0.36677209073929107,0.03177209073929105,,neighbour_backfill,0.15317278604515427,62.74,,,,,
"Micronesia, Fed. Sts.",FSM,Cleaning,0.485,0.4937961728325179,0.008796172832517934,,neighbour_backfill,0.15317278604515427,62.74,,,,,
"Micronesia, Fed. Sts.",FSM,Tech,0.32,0.35406968252996834,0.03406968252996834,,neighbour_backfill,0.15317278604515427,62.74,,,,,
"Micronesia, Fed. Sts.",FSM,ArmedForces,0.4,0.4,0.0,,neighbour_backfill,0.15317278604515427,62.74,,,,,
Gabon,GAB,Food,0.895,0.9232387246123177,0.02823872461231769,75098.0,neighbour_backfill,0.3854192900503941,,52.181529420050545,59.64652484910125,,,
Gabon,GAB,Health,0.819,0.8676781824269476,0.04867818242694766,17299.0,neighbour_backfill,0.3854192900503941,,52.181529420050545,59.64652484910125,,,
Gabon,GAB,Retail,0.876,0.9093485890659752,0.033348589065975154,94208.0,neighbour_backfill,0.3854192900503941,,52.181529420050545,59.64652484910125,,,
Gabon,GAB,Security,0.846,0.8874167960980659,0.04141679609806592,8864.0,neighbour_backfill,0.3854192900503941,,52.181529420050545,59.64652484910125,,,
Gabon,GAB,Transport,0.869,0.9042311707067964,0.03523117070679638,19734.0,neighbour_backfill,0.3854192900503941,,52.181529420050545,59.64652484910125,,,
Gabon,GAB,Manual,0.335,0.5138452558780119,0.17884525587801187,82044.0,neighbour_backfill,0.3854192900503941,,52.181529420050545,59.64652484910125,,,
Gabon,GAB,Cleaning,0.485,0.6235042207175581,0.13850422071755808,40719.0,neighbour_backfill,0.3854192900503941,,52.181529420050545,59.64652484910125,,,
Gabon,GAB,Tech,0.32,0.5028793593940573,0.18287935939405725,58385.0,neighbour_backfill,0.3854192900503941,,52.181529420050545,59.64652484910125,,,
Gabon,GAB,ArmedForces,0.4,0.4,0.0,30634.0,neighbour_backfill,0.3854192900503941,,52.181529420050545,59.64652484910125,,,
United Kingdom,GBR,Food,0.895,0.8965934285361715,0.001593428536171504,1559923.0,ilo_calibrated,0.015175509868300152,29.91,29.690615322007396,29.940401169345677,-0.21938467799260408,0.030401169345676493,ok
United Kingdom,GBR,Health,0.819,0.8217467672861622,0.0027467672861622994,4287810.0,ilo_calibrated,0.015175509868300152,29.91,29.690615322007396,29.940401169345677,-0.21938467799260408,0.030401169345676493,ok
United Kingdom,GBR,Retail,0.876,0.8778817632236692,0.001881763223669175,1536152.0,ilo_calibrated,0.015175509868300152,29.91,29.690615322007396,29.940401169345677,-0.21938467799260408,0.030401169345676493,ok
United Kingdom,GBR,Security,0.846,0.8483370285197182,0.002337028519718176,641126.0,ilo_calibrated,0.015175509868300152,29.91,29.690615322007396,29.940401169345677,-0.21938467799260408,0.030401169345676493,ok
United Kingdom,GBR,Transport,0.869,0.8709879917927473,0.0019879917927473345,1112733.0,ilo_calibrated,0.015175509868300152,29.91,29.690615322007396,29.940401169345677,-0.21938467799260408,0.030401169345676493,ok
United Kingdom,GBR,Manual,0.335,0.3450917140624196,0.010091714062419599,3350798.0,ilo_calibrated,0.015175509868300152,29.91,29.690615322007396,29.940401169345677,-0.21938467799260408,0.030401169345676493,ok
United Kingdom,GBR,Cleaning,0.485,0.4928153875821746,0.007815387582174593,960655.0,ilo_calibrated,0.015175509868300152,29.91,29.690615322007396,29.940401169345677,-0.21938467799260408,0.030401169345676493,ok
United Kingdom,GBR,Tech,0.32,0.3303193467104441,0.0103193467104441,2224358.0,ilo_calibrated,0.015175509868300152,29.91,29.690615322007396,29.940401169345677,-0.21938467799260408,0.030401169345676493,ok
United Kingdom,GBR,ArmedForces,0.4,0.4,0.0,142936.2315440977,ilo_calibrated,0.015175509868300152,29.91,29.690615322007396,29.940401169345677,-0.21938467799260408,0.030401169345676493,ok
Georgia,GEO,Food,0.895,0.8884906137175599,-0.006509386282440133,646208.0,ilo_calibrated,0.00727305729881581,55.98,56.388456373112064,55.97999999999998,0.40845637311206673,-1.4210854715202004e-14,ok
Georgia,GEO,Health,0.819,0.8130433660722698,-0.005956633927730159,86695.0,ilo_calibrated,0.00727305729881581,55.98,56.388456373112064,55.97999999999998,0.40845637311206673,-1.4210854715202004e-14,ok
Georgia,GEO,Retail,0.876,0.8696288018062374,-0.006371198193762639,131536.0,ilo_calibrated,0.00727305729881581,55.98,56.388456373112064,55.97999999999998,0.40845637311206673,-1.4210854715202004e-14,ok
Georgia,GEO,Security,0.846,0.8398469935252019,-0.006153006474798106,51573.0,ilo_calibrated,0.00727305729881581,55.98,56.388456373112064,55.97999999999998,0.40845637311206673,-1.4210854715202004e-14,ok
Georgia,GEO,Transport,0.869,0.8626797132073291,-0.006320286792670937,85157.0,ilo_calibrated,0.00727305729881581,55.98,56.388456373112064,55.97999999999998,0.40845637311206673,-1.4210854715202004e-14,ok
Georgia,GEO,Manual,0.335,0.33256352580489673,-0.0024364741951032887,222802.0,ilo_calibrated,0.00727305729881581,55.98,56.388456373112064,55.97999999999998,0.40845637311206673,-1.4210854715202004e-14,ok
Georgia,GEO,Cleaning,0.485,0.4814725672100743,-0.0035274327899256774,81429.0,ilo_calibrated,0.00727305729881581,55.98,56.388456373112064,55.97999999999998,0.40845637311206673,-1.4210854715202004e-14,ok
Georgia,GEO,Tech,0.32,0.317672621664379,-0.002327378335621022,82817.0,ilo_calibrated,0.00727305729881581,55.98,56.388456373112064,55.97999999999998,0.40845637311206673,-1.4210854715202004e-14,ok
Georgia,GEO,ArmedForces,0.4,0.4,0.0,10393.0,ilo_calibrated,0.00727305729881581,55.98,56.388456373112064,55.97999999999998,0.40845637311206673,-1.4210854715202004e-14,ok
Ghana,GHA,Food,0.895,0.9016043643922176,0.0066043643922175654,5079243.0,ilo_calibrated,0.0628987084973097,67.96,66.90211531262604,68.38729878040671,-1.0578846873739565,0.42729878040671565,ok
Ghana,GHA,Health,0.819,0.830384666238013,0.011384666238013041,150713.0,ilo_calibrated,0.0628987084973097,67.96,66.90211531262604,68.38729878040671,-1.0578846873739565,0.42729878040671565,ok
Ghana,GHA,Retail,0.876,0.8837994398536664,0.007799439853666379,2138322.0,ilo_calibrated,0.0628987084973097,67.96,66.90211531262604,68.38729878040671,-1.0578846873739565,0.42729878040671565,ok
Ghana,GHA,Security,0.846,0.8556864011085856,0.009686401108585652,135847.0,ilo_calibrated,0.0628987084973097,67.96,66.90211531262604,68.38729878040671,-1.0578846873739565,0.42729878040671565,ok
Ghana,GHA,Transport,0.869,0.8772397308131475,0.00823973081314755,419868.0,ilo_calibrated,0.0628987084973097,67.96,66.90211531262604,68.38729878040671,-1.0578846873739565,0.42729878040671565,ok
Ghana,GHA,Manual,0.335,0.376827641150711,0.04182764115071097,2364870.0,ilo_calibrated,0.0628987084973097,67.96,66.90211531262604,68.38729878040671,-1.0578846873739565,0.42729878040671565,ok
Ghana,GHA,Cleaning,0.485,0.5173928348761145,0.03239283487611455,167095.0,ilo_calibrated,0.0628987084973097,67.96,66.90211531262604,68.38729878040671,-1.0578846873739565,0.42729878040671565,ok
Ghana,GHA,Tech,0.32,0.3627711217781706,0.04277112177817061,412279.0,ilo_calibrated,0.0628987084973097,67.96,66.90211531262604,68.38729878040671,-1.0578846873739565,0.42729878040671565,ok
Ghana,GHA,ArmedForces,0.4,0.4,0.0,53119.93586534278,ilo_calibrated,0.0628987084973097,67.96,66.90211531262604,68.38729878040671,-1.0578846873739565,0.42729878040671565,ok
Gibraltar,GIB,Food,0.895,0.8157844100520399,-0.07921558994796007,,,0.08850903904800014,,,,,,
Gibraltar,GIB,Health,0.819,0.7465110970196879,-0.07248890298031208,,,0.08850903904800014,,,,,,
Gibraltar,GIB,Retail,0.876,0.798466081793952,-0.07753391820604805,,,0.08850903904800014,,,,,,
Gibraltar,GIB,Security,0.846,0.7711213529653919,-0.07487864703460811,,,0.08850903904800014,,,,,,
Gibraltar,GIB,Transport,0.869,0.7920856450672878,-0.07691435493271215,,,0.08850903904800014,,,,,,
Gibraltar,GIB,Manual,0.335,0.30534947191892,-0.02965052808108004,,,0.08850903904800014,,,,,,
Gibraltar,GIB,Cleaning,0.485,0.44207311606171995,-0.042926883938280036,,,0.08850903904800014,,,,,,
Gibraltar,GIB,Tech,0.32,0.29167710750464,-0.02832289249536002,,,0.08850903904800014,,,,,,
Gibraltar,GIB,ArmedForces,0.4,0.4,0.0,,,0.08850903904800014,,,,,,
Guinea,GIN,Food,0.895,0.895,0.0,1268796.0,global_fallback,0.0,,70.77707794758886,70.77707794758886,,,global_fallback
Guinea,GIN,Health,0.819,0.819,0.0,44849.0,global_fallback,0.0,,70.77707794758886,70.77707794758886,,,global_fallback
Guinea,GIN,Retail,0.876,0.876,0.0,870419.0,global_fallback,0.0,,70.77707794758886,70.77707794758886,,,global_fallback
Guinea,GIN,Security,0.846,0.846,0.0,14162.0,global_fallback,0.0,,70.77707794758886,70.77707794758886,,,global_fallback
Guinea,GIN,Transport,0.869,0.869,0.0,76756.0,global_fallback,0.0,,70.77707794758886,70.77707794758886,,,global_fallback
Guinea,GIN,Manual,0.335,0.335,0.0,415269.0,global_fallback,0.0,,70.77707794758886,70.77707794758886,,,global_fallback
Guinea,GIN,Cleaning,0.485,0.485,0.0,69591.0,global_fallback,0.0,,70.77707794758886,70.77707794758886,,,global_fallback
Guinea,GIN,Tech,0.32,0.32,0.0,181178.0,global_fallback,0.0,,70.77707794758886,70.77707794758886,,,global_fallback
Guinea,GIN,ArmedForces,0.4,0.4,0.0,32550.0,global_fallback,0.0,,70.77707794758886,70.77707794758886,,,global_fallback
Gambia,GMB,Food,0.895,0.9228170698904208,0.027817069890420765,168971.0,ilo_calibrated,0.2649244751468648,70.33,63.746136662536365,70.33000000000001,-6.583863337463633,1.4210854715202004e-14,ok
Gambia,GMB,Health,0.819,0.8669513300015825,0.04795133000158258,9276.0,ilo_calibrated,0.2649244751468648,70.33,63.746136662536365,70.33000000000001,-6.583863337463633,1.4210854715202004e-14,ok
Gambia,GMB,Retail,0.876,0.9088506349182113,0.032850634918211274,194499.0,ilo_calibrated,0.2649244751468648,70.33,63.746136662536365,70.33000000000001,-6.583863337463633,1.4210854715202004e-14,ok
Gambia,GMB,Security,0.846,0.8867983691726171,0.040798369172617144,13657.0,ilo_calibrated,0.2649244751468648,70.33,63.746136662536365,70.33000000000001,-6.583863337463633,1.4210854715202004e-14,ok
Gambia,GMB,Transport,0.869,0.9037051062442393,0.03470510624423928,33821.0,ilo_calibrated,0.2649244751468648,70.33,63.746136662536365,70.33000000000001,-6.583863337463633,1.4210854715202004e-14,ok
Gambia,GMB,Manual,0.335,0.5111747759726651,0.17617477597266512,134616.0,ilo_calibrated,0.2649244751468648,70.33,63.746136662536365,70.33000000000001,-6.583863337463633,1.4210854715202004e-14,ok
Gambia,GMB,Cleaning,0.485,0.6214361047006354,0.13643610470063539,21766.0,ilo_calibrated,0.2649244751468648,70.33,63.746136662536365,70.33000000000001,-6.583863337463633,1.4210854715202004e-14,ok
Gambia,GMB,Tech,0.32,0.5001486430998681,0.18014864309986806,28055.0,ilo_calibrated,0.2649244751468648,70.33,63.746136662536365,70.33000000000001,-6.583863337463633,1.4210854715202004e-14,ok
Gambia,GMB,ArmedForces,0.4,0.4,0.0,2414.0,ilo_calibrated,0.2649244751468648,70.33,63.746136662536365,70.33000000000001,-6.583863337463633,1.4210854715202004e-14,ok
Guinea-Bissau,GNB,Food,0.895,0.895,0.0,446994.0,global_fallback,0.0,,77.02773703130424,77.02773703130424,,,global_fallback
Guinea-Bissau,GNB,Health,0.819,0.819,0.0,6922.0,global_fallback,0.0,,77.02773703130424,77.02773703130424,,,global_fallback
Guinea-Bissau,GNB,Retail,0.876,0.876,0.0,99535.0,global_fallback,0.0,,77.02773703130424,77.02773703130424,,,global_fallback
Guinea-Bissau,GNB,Security,0.846,0.846,0.0,7384.0,global_fallback,0.0,,77.02773703130424,77.02773703130424,,,global_fallback
Guinea-Bissau,GNB,Transport,0.869,0.869,0.0,15621.0,global_fallback,0.0,,77.02773703130424,77.02773703130424,,,global_fallback
Guinea-Bissau,GNB,Manual,0.335,0.335,0.0,60064.0,global_fallback,0.0,,77.02773703130424,77.02773703130424,,,global_fallback
Guinea-Bissau,GNB,Cleaning,0.485,0.485,0.0,13133.0,global_fallback,0.0,,77.02773703130424,77.02773703130424,,,global_fallback
Guinea-Bissau,GNB,Tech,0.32,0.32,0.0,18163.0,global_fallback,0.0,,77.02773703130424,77.02773703130424,,,global_fallback
Guinea-Bissau,GNB,ArmedForces,0.4,0.4,0.0,7148.0,global_fallback,0.0,,77.02773703130424,77.02773703130424,,,global_fallback
Equatorial Guinea,GNQ,Food,0.895,0.9232387246123177,0.02823872461231769,,,0.44365881787407846,,,,,,
Equatorial Guinea,GNQ,Health,0.819,0.8676781824269476,0.04867818242694766,,,0.44365881787407846,,,,,,
Equatorial Guinea,GNQ,Retail,0.876,0.9093485890659752,0.033348589065975154,,,0.44365881787407846,,,,,,
Equatorial Guinea,GNQ,Security,0.846,0.8874167960980659,0.04141679609806592,,,0.44365881787407846,,,,,,
Equatorial Guinea,GNQ,Transport,0.869,0.9042311707067964,0.03523117070679638,,,0.44365881787407846,,,,,,
Equatorial Guinea,GNQ,Manual,0.335,0.5138452558780119,0.17884525587801187,,,0.44365881787407846,,,,,,
Equatorial Guinea,GNQ,Cleaning,0.485,0.6235042207175581,0.13850422071755808,,,0.44365881787407846,,,,,,
Equatorial Guinea,GNQ,Tech,0.32,0.5028793593940573,0.18287935939405725,,,0.44365881787407846,,,,,,
Equatorial Guinea,GNQ,ArmedForces,0.4,0.4,0.0,,,0.44365881787407846,,,,,,
Greece,GRC,Food,0.895,0.909819373642376,0.014819373642375955,434927.0,ilo_calibrated,0.1411368918321515,43.28,40.997715883507915,43.9548046059345,-2.282284116492086,0.6748046059344972,ok
Greece,GRC,Health,0.819,0.8445457774216194,0.025545777421619453,232652.0,ilo_calibrated,0.1411368918321515,43.28,40.997715883507915,43.9548046059345,-2.282284116492086,0.6748046059344972,ok
Greece,GRC,Retail,0.876,0.8935009745871868,0.0175009745871868,566321.0,ilo_calibrated,0.1411368918321515,43.28,40.997715883507915,43.9548046059345,-2.282284116492086,0.6748046059344972,ok
Greece,GRC,Security,0.846,0.8677350813421513,0.021735081342151297,106002.0,ilo_calibrated,0.1411368918321515,43.28,40.997715883507915,43.9548046059345,-2.282284116492086,0.6748046059344972,ok
Greece,GRC,Transport,0.869,0.8874889328300118,0.01848893283001185,234223.0,ilo_calibrated,0.1411368918321515,43.28,40.997715883507915,43.9548046059345,-2.282284116492086,0.6748046059344972,ok
Greece,GRC,Manual,0.335,0.42885603306838077,0.09385603306838075,555547.0,ilo_calibrated,0.1411368918321515,43.28,40.997715883507915,43.9548046059345,-2.282284116492086,0.6748046059344972,ok
Greece,GRC,Cleaning,0.485,0.557685499293558,0.07268549929355805,157700.0,ilo_calibrated,0.1411368918321515,43.28,40.997715883507915,43.9548046059345,-2.282284116492086,0.6748046059344972,ok
Greece,GRC,Tech,0.32,0.415973086445863,0.095973086445863,352555.0,ilo_calibrated,0.1411368918321515,43.28,40.997715883507915,43.9548046059345,-2.282284116492086,0.6748046059344972,ok
Greece,GRC,ArmedForces,0.4,0.4,0.0,18874.965754319586,ilo_calibrated,0.1411368918321515,43.28,40.997715883507915,43.9548046059345,-2.282284116492086,0.6748046059344972,ok
Grenada,GRD,Food,0.895,0.895,0.0,12561.0,global_fallback,0.0,,45.95966627272687,45.95966627272687,,,global_fallback
Grenada,GRD,Health,0.819,0.819,0.0,5639.0,global_fallback,0.0,,45.95966627272687,45.95966627272687,,,global_fallback
Grenada,GRD,Retail,0.876,0.876,0.0,10499.0,global_fallback,0.0,,45.95966627272687,45.95966627272687,,,global_fallback
Grenada,GRD,Security,0.846,0.846,0.0,4224.0,global_fallback,0.0,,45.95966627272687,45.95966627272687,,,global_fallback
Grenada,GRD,Transport,0.869,0.869,0.0,3622.0,global_fallback,0.0,,45.95966627272687,45.95966627272687,,,global_fallback
Grenada,GRD,Manual,0.335,0.335,0.0,18983.0,global_fallback,0.0,,45.95966627272687,45.95966627272687,,,global_fallback
Grenada,GRD,Cleaning,0.485,0.485,0.0,5625.0,global_fallback,0.0,,45.95966627272687,45.95966627272687,,,global_fallback
Grenada,GRD,Tech,0.32,0.32,0.0,8877.0,global_fallback,0.0,,45.95966627272687,45.95966627272687,,,global_fallback
Grenada,GRD,ArmedForces,0.4,0.4,0.0,416.9685251116472,global_fallback,0.0,,45.95966627272687,45.95966627272687,,,global_fallback
Greenland,GRL,Food,0.895,0.895,0.0,,global_fallback,0.0,,,,,,global_fallback
Greenland,GRL,Health,0.819,0.819,0.0,,global_fallback,0.0,,,,,,global_fallback
Greenland,GRL,Retail,0.876,0.876,0.0,,global_fallback,0.0,,,,,,global_fallback
Greenland,GRL,Security,0.846,0.846,0.0,,global_fallback,0.0,,,,,,global_fallback
Greenland,GRL,Transport,0.869,0.869,0.0,,global_fallback,0.0,,,,,,global_fallback
Greenland,GRL,Manual,0.335,0.335,0.0,,global_fallback,0.0,,,,,,global_fallback
Greenland,GRL,Cleaning,0.485,0.485,0.0,,global_fallback,0.0,,,,,,global_fallback
Greenland,GRL,Tech,0.32,0.32,0.0,,global_fallback,0.0,,,,,,global_fallback
Greenland,GRL,ArmedForces,0.4,0.4,0.0,,global_fallback,0.0,,,,,,global_fallback
Guatemala,GTM,Food,0.895,0.9249176318688671,0.02991763186886709,1749591.0,ilo_calibrated,0.2849298273225439,66.17,57.76631500049923,66.23541729439154,-8.403684999500769,0.06541729439153698,ok
Guatemala,GTM,Health,0.819,0.8705722987453804,0.051572298745380496,184326.0,ilo_calibrated,0.2849298273225439,66.17,57.76631500049923,66.23541729439154,-8.403684999500769,0.06541729439153698,ok
Guatemala,GTM,Retail,0.876,0.9113312985879954,0.03533129858799544,1410542.0,ilo_calibrated,0.2849298273225439,66.17,57.76631500049923,66.23541729439154,-8.403684999500769,0.06541729439153698,ok
Guatemala,GTM,Security,0.846,0.8898791934076717,0.04387919340767177,142208.0,ilo_calibrated,0.2849298273225439,66.17,57.76631500049923,66.23541729439154,-8.403684999500769,0.06541729439153698,ok
Guatemala,GTM,Transport,0.869,0.9063258073792533,0.037325807379253284,314143.0,ilo_calibrated,0.2849298273225439,66.17,57.76631500049923,66.23541729439154,-8.403684999500769,0.06541729439153698,ok
Guatemala,GTM,Manual,0.335,0.5244783351694917,0.1894783351694917,1964235.0,ilo_calibrated,0.2849298273225439,66.17,57.76631500049923,66.23541729439154,-8.403684999500769,0.06541729439153698,ok
Guatemala,GTM,Cleaning,0.485,0.6317388610711101,0.14673886107111012,527260.0,ilo_calibrated,0.2849298273225439,66.17,57.76631500049923,66.23541729439154,-8.403684999500769,0.06541729439153698,ok
Guatemala,GTM,Tech,0.32,0.5137522825793298,0.1937522825793298,321771.0,ilo_calibrated,0.2849298273225439,66.17,57.76631500049923,66.23541729439154,-8.403684999500769,0.06541729439153698,ok
Guatemala,GTM,ArmedForces,0.4,0.4,0.0,33458.76699494198,ilo_calibrated,0.2849298273225439,66.17,57.76631500049923,66.23541729439154,-8.403684999500769,0.06541729439153698,ok
Guam,GUM,Food,0.895,0.7914710925894695,-0.10352890741053056,,neighbour_backfill,0.1156747568832743,,,,,,
Guam,GUM,Health,0.819,0.7242623741125982,-0.09473762588740176,,neighbour_backfill,0.1156747568832743,,,,,,
Guam,GUM,Retail,0.876,0.7746689129702518,-0.10133108702974825,,neighbour_backfill,0.1156747568832743,,,,,,
Guam,GUM,Security,0.846,0.7481391556767498,-0.09786084432325015,,neighbour_backfill,0.1156747568832743,,,,,,
Guam,GUM,Transport,0.869,0.7684786362684346,-0.1005213637315654,,neighbour_backfill,0.1156747568832743,,,,,,
Guam,GUM,Manual,0.335,0.2962489564441031,-0.038751043555896925,,neighbour_backfill,0.1156747568832743,,,,,,
Guam,GUM,Cleaning,0.485,0.4288977429116119,-0.05610225708838806,,neighbour_backfill,0.1156747568832743,,,,,,
Guam,GUM,Tech,0.32,0.28298407779735224,-0.037015922202647766,,neighbour_backfill,0.1156747568832743,,,,,,
Guam,GUM,ArmedForces,0.4,0.4,0.0,,neighbour_backfill,0.1156747568832743,,,,,,
Guyana,GUY,Food,0.895,0.9114872698684371,0.01648726986843707,30257.0,ilo_calibrated,0.15702161779463925,54.54,51.44698567278439,55.77639780262367,-3.093014327215606,1.2363978026236708,ok
Guyana,GUY,Health,0.819,0.8474209128208297,0.028420912820829702,8729.0,ilo_calibrated,0.15702161779463925,54.54,51.44698567278439,55.77639780262367,-3.093014327215606,1.2363978026236708,ok
Guyana,GUY,Retail,0.876,0.8954706806065352,0.01947068060653523,35769.0,ilo_calibrated,0.15702161779463925,54.54,51.44698567278439,55.77639780262367,-3.093014327215606,1.2363978026236708,ok
Guyana,GUY,Security,0.846,0.8701813291403744,0.024181329140374408,16649.0,ilo_calibrated,0.15702161779463925,54.54,51.44698567278439,55.77639780262367,-3.093014327215606,1.2363978026236708,ok
Guyana,GUY,Transport,0.869,0.8895698319310977,0.020569831931097737,19324.0,ilo_calibrated,0.15702161779463925,54.54,51.44698567278439,55.77639780262367,-3.093014327215606,1.2363978026236708,ok
Guyana,GUY,Manual,0.335,0.43941937583343516,0.10441937583343514,52560.0,ilo_calibrated,0.15702161779463925,54.54,51.44698567278439,55.77639780262367,-3.093014327215606,1.2363978026236708,ok
Guyana,GUY,Cleaning,0.485,0.5658661331642392,0.08086613316423918,16036.0,ilo_calibrated,0.15702161779463925,54.54,51.44698567278439,55.77639780262367,-3.093014327215606,1.2363978026236708,ok
Guyana,GUY,Tech,0.32,0.4267747001003547,0.10677470010035467,16200.0,ilo_calibrated,0.15702161779463925,54.54,51.44698567278439,55.77639780262367,-3.093014327215606,1.2363978026236708,ok
Guyana,GUY,ArmedForces,0.4,0.4,0.0,2081.659812537612,ilo_calibrated,0.15702161779463925,54.54,51.44698567278439,55.77639780262367,-3.093014327215606,1.2363978026236708,ok
Hong Kong,HKG,Food,0.895,0.885555194698481,-0.009444805301519033,,,0.010552855085496134,,,,,,
Hong Kong,HKG,Health,0.819,0.8103572116849787,-0.0086427883150213,,,0.010552855085496134,,,,,,
Hong Kong,HKG,Retail,0.876,0.8667556989451054,-0.0092443010548946,,,0.010552855085496134,,,,,,
Hong Kong,HKG,Security,0.846,0.8370722845976702,-0.008927715402329728,,,0.010552855085496134,,,,,,
Hong Kong,HKG,Transport,0.869,0.859829568930704,-0.009170431069296048,,,0.010552855085496134,,,,,,
Hong Kong,HKG,Manual,0.335,0.3314647935463588,-0.003535206453641193,,,0.010552855085496134,,,,,,
Hong Kong,HKG,Cleaning,0.485,0.4798818652835344,-0.0051181347164656055,,,0.010552855085496134,,,,,,
Hong Kong,HKG,Tech,0.32,0.31662308637264125,-0.0033769136273587574,,,0.010552855085496134,,,,,,
Hong Kong,HKG,ArmedForces,0.4,0.4,0.0,,,0.010552855085496134,,,,,,
Honduras,HND,Food,0.895,0.90312803186438,0.008128031864379937,921100.0,ilo_calibrated,0.0774098272798091,58.33,56.37993988753783,58.704990259684955,-1.9500601124621681,0.3749902596849566,ok
Honduras,HND,Health,0.819,0.8330111787376454,0.014011178737645458,117492.0,ilo_calibrated,0.0774098272798091,58.33,56.37993988753783,58.704990259684955,-1.9500601124621681,0.3749902596849566,ok
Honduras,HND,Retail,0.876,0.8855988185826963,0.009598818582696289,703180.0,ilo_calibrated,0.0774098272798091,58.33,56.37993988753783,58.704990259684955,-1.9500601124621681,0.3749902596849566,ok
Honduras,HND,Security,0.846,0.8579211134010906,0.011921113401090588,87759.0,ilo_calibrated,0.0774098272798091,58.33,56.37993988753783,58.704990259684955,-1.9500601124621681,0.3749902596849566,ok
Honduras,HND,Transport,0.869,0.879140687373655,0.010140687373655033,141062.0,ilo_calibrated,0.0774098272798091,58.33,56.37993988753783,58.704990259684955,-1.9500601124621681,0.3749902596849566,ok
Honduras,HND,Manual,0.335,0.3864775351410731,0.05147753514107306,1011024.0,ilo_calibrated,0.0774098272798091,58.33,56.37993988753783,58.704990259684955,-1.9500601124621681,0.3749902596849566,ok
Honduras,HND,Cleaning,0.485,0.5248660610491017,0.03986606104910173,239702.0,ilo_calibrated,0.0774098272798091,58.33,56.37993988753783,58.704990259684955,-1.9500601124621681,0.3749902596849566,ok
Honduras,HND,Tech,0.32,0.3726386825502702,0.05263868255027021,269319.0,ilo_calibrated,0.0774098272798091,58.33,56.37993988753783,58.704990259684955,-1.9500601124621681,0.3749902596849566,ok
Honduras,HND,ArmedForces,0.4,0.4,0.0,20407.509633525417,ilo_calibrated,0.0774098272798091,58.33,56.37993988753783,58.704990259684955,-1.9500601124621681,0.3749902596849566,ok
Croatia,HRV,Food,0.895,0.895,0.0,63466.0,global_fallback,0.0,,33.77727664946621,33.77727664946621,,,global_fallback
Croatia,HRV,Health,0.819,0.819,0.0,113246.0,global_fallback,0.0,,33.77727664946621,33.77727664946621,,,global_fallback
Croatia,HRV,Retail,0.876,0.876,0.0,128128.0,global_fallback,0.0,,33.77727664946621,33.77727664946621,,,global_fallback
Croatia,HRV,Security,0.846,0.846,0.0,38690.0,global_fallback,0.0,,33.77727664946621,33.77727664946621,,,global_fallback
Croatia,HRV,Transport,0.869,0.869,0.0,94714.0,global_fallback,0.0,,33.77727664946621,33.77727664946621,,,global_fallback
Croatia,HRV,Manual,0.335,0.335,0.0,290017.0,global_fallback,0.0,,33.77727664946621,33.77727664946621,,,global_fallback
Croatia,HRV,Cleaning,0.485,0.485,0.0,59600.0,global_fallback,0.0,,33.77727664946621,33.77727664946621,,,global_fallback
Croatia,HRV,Tech,0.32,0.32,0.0,177721.0,global_fallback,0.0,,33.77727664946621,33.77727664946621,,,global_fallback
Croatia,HRV,ArmedForces,0.4,0.4,0.0,15340.0,global_fallback,0.0,,33.77727664946621,33.77727664946621,,,global_fallback
Haiti,HTI,Food,0.895,0.90312803186438,0.008128031864379937,,neighbour_backfill,0.0774098272798091,,,,,,
Haiti,HTI,Health,0.819,0.8330111787376454,0.014011178737645458,,neighbour_backfill,0.0774098272798091,,,,,,
Haiti,HTI,Retail,0.876,0.8855988185826963,0.009598818582696289,,neighbour_backfill,0.0774098272798091,,,,,,
Haiti,HTI,Security,0.846,0.8579211134010906,0.011921113401090588,,neighbour_backfill,0.0774098272798091,,,,,,
Haiti,HTI,Transport,0.869,0.879140687373655,0.010140687373655033,,neighbour_backfill,0.0774098272798091,,,,,,
Haiti,HTI,Manual,0.335,0.3864775351410731,0.05147753514107306,,neighbour_backfill,0.0774098272798091,,,,,,
Haiti,HTI,Cleaning,0.485,0.5248660610491017,0.03986606104910173,,neighbour_backfill,0.0774098272798091,,,,,,
Haiti,HTI,Tech,0.32,0.3726386825502702,0.05263868255027021,,neighbour_backfill,0.0774098272798091,,,,,,
Haiti,HTI,ArmedForces,0.4,0.4,0.0,,neighbour_backfill,0.0774098272798091,,,,,,
Hungary,HUN,Food,0.895,0.895,0.0,218338.0,global_fallback,0.0,,33.030211149064264,33.030211149064264,,,global_fallback
Hungary,HUN,Health,0.819,0.819,0.0,279111.0,global_fallback,0.0,,33.030211149064264,33.030211149064264,,,global_fallback
Hungary,HUN,Retail,0.876,0.876,0.0,287909.0,global_fallback,0.0,,33.030211149064264,33.030211149064264,,,global_fallback
Hungary,HUN,Security,0.846,0.846,0.0,112008.0,global_fallback,0.0,,33.030211149064264,33.030211149064264,,,global_fallback
Hungary,HUN,Transport,0.869,0.869,0.0,252531.0,global_fallback,0.0,,33.030211149064264,33.030211149064264,,,global_fallback
Hungary,HUN,Manual,0.335,0.335,0.0,1065853.0,global_fallback,0.0,,33.030211149064264,33.030211149064264,,,global_fallback
Hungary,HUN,Cleaning,0.485,0.485,0.0,170869.0,global_fallback,0.0,,33.030211149064264,33.030211149064264,,,global_fallback
Hungary,HUN,Tech,0.32,0.32,0.0,367981.0,global_fallback,0.0,,33.030211149064264,33.030211149064264,,,global_fallback
Hungary,HUN,ArmedForces,0.4,0.4,0.0,22825.0,global_fallback,0.0,,33.030211149064264,33.030211149064264,,,global_fallback
Indonesia,IDN,Food,0.895,0.895,0.0,39603865.0,global_fallback,0.0,,60.270507740441545,60.270507740441545,,,global_fallback
Indonesia,IDN,Health,0.819,0.819,0.0,2550793.0,global_fallback,0.0,,60.270507740441545,60.270507740441545,,,global_fallback
Indonesia,IDN,Retail,0.876,0.876,0.0,27194132.0,global_fallback,0.0,,60.270507740441545,60.270507740441545,,,global_fallback
Indonesia,IDN,Security,0.846,0.846,0.0,1863669.0,global_fallback,0.0,,60.270507740441545,60.270507740441545,,,global_fallback
Indonesia,IDN,Transport,0.869,0.869,0.0,5734924.0,global_fallback,0.0,,60.270507740441545,60.270507740441545,,,global_fallback
Indonesia,IDN,Manual,0.335,0.335,0.0,29268563.0,global_fallback,0.0,,60.270507740441545,60.270507740441545,,,global_fallback
Indonesia,IDN,Cleaning,0.485,0.485,0.0,6928436.0,global_fallback,0.0,,60.270507740441545,60.270507740441545,,,global_fallback
Indonesia,IDN,Tech,0.32,0.32,0.0,8199841.0,global_fallback,0.0,,60.270507740441545,60.270507740441545,,,global_fallback
Indonesia,IDN,ArmedForces,0.4,0.4,0.0,539969.0,global_fallback,0.0,,60.270507740441545,60.270507740441545,,,global_fallback
Isle of Man,IMN,Food,0.895,0.8965934285361715,0.001593428536171504,,neighbour_backfill,0.015175509868300152,,,,,,
Isle of Man,IMN,Health,0.819,0.8217467672861622,0.0027467672861622994,,neighbour_backfill,0.015175509868300152,,,,,,
Isle of Man,IMN,Retail,0.876,0.8778817632236692,0.001881763223669175,,neighbour_backfill,0.015175509868300152,,,,,,
Isle of Man,IMN,Security,0.846,0.8483370285197182,0.002337028519718176,,neighbour_backfill,0.015175509868300152,,,,,,
Isle of Man,IMN,Transport,0.869,0.8709879917927473,0.0019879917927473345,,neighbour_backfill,0.015175509868300152,,,,,,
Isle of Man,IMN,Manual,0.335,0.3450917140624196,0.010091714062419599,,neighbour_backfill,0.015175509868300152,,,,,,
Isle of Man,IMN,Cleaning,0.485,0.4928153875821746,0.007815387582174593,,neighbour_backfill,0.015175509868300152,,,,,,
Isle of Man,IMN,Tech,0.32,0.3303193467104441,0.0103193467104441,,neighbour_backfill,0.015175509868300152,,,,,,
Isle of Man,IMN,ArmedForces,0.4,0.4,0.0,,neighbour_backfill,0.015175509868300152,,,,,,
India,IND,Food,0.895,0.885555194698481,-0.009444805301519033,198195073.0,ilo_calibrated,0.010552855085496134,61.81,62.46734437719994,61.81000000000001,0.6573443771999408,7.105427357601002e-15,ok
India,IND,Health,0.819,0.8103572116849787,-0.0086427883150213,7123968.0,ilo_calibrated,0.010552855085496134,61.81,62.46734437719994,61.81000000000001,0.6573443771999408,7.105427357601002e-15,ok
India,IND,Retail,0.876,0.8667556989451054,-0.0092443010548946,46427527.0,ilo_calibrated,0.010552855085496134,61.81,62.46734437719994,61.81000000000001,0.6573443771999408,7.105427357601002e-15,ok
India,IND,Security,0.846,0.8370722845976702,-0.008927715402329728,5345574.0,ilo_calibrated,0.010552855085496134,61.81,62.46734437719994,61.81000000000001,0.6573443771999408,7.105427357601002e-15,ok
India,IND,Transport,0.869,0.859829568930704,-0.009170431069296048,21387589.0,ilo_calibrated,0.010552855085496134,61.81,62.46734437719994,61.81000000000001,0.6573443771999408,7.105427357601002e-15,ok
India,IND,Manual,0.335,0.3314647935463588,-0.003535206453641193,114983010.0,ilo_calibrated,0.010552855085496134,61.81,62.46734437719994,61.81000000000001,0.6573443771999408,7.105427357601002e-15,ok
India,IND,Cleaning,0.485,0.4798818652835344,-0.0051181347164656055,12341270.0,ilo_calibrated,0.010552855085496134,61.81,62.46734437719994,61.81000000000001,0.6573443771999408,7.105427357601002e-15,ok
India,IND,Tech,0.32,0.31662308637264125,-0.0033769136273587574,16712365.0,ilo_calibrated,0.010552855085496134,61.81,62.46734437719994,61.81000000000001,0.6573443771999408,7.105427357601002e-15,ok
India,IND,ArmedForces,0.4,0.4,0.0,2104926.8539221194,ilo_calibrated,0.010552855085496134,61.81,62.46734437719994,61.81000000000001,0.6573443771999408,7.105427357601002e-15,ok
Ireland,IRL,Food,0.895,0.895,0.0,168261.0,global_fallback,0.0,,31.81151439585166,31.81151439585166,,,global_fallback
Ireland,IRL,Health,0.819,0.819,0.0,317363.0,global_fallback,0.0,,31.81151439585166,31.81151439585166,,,global_fallback
Ireland,IRL,Retail,0.876,0.876,0.0,159408.0,global_fallback,0.0,,31.81151439585166,31.81151439585166,,,global_fallback
Ireland,IRL,Security,0.846,0.846,0.0,22583.0,global_fallback,0.0,,31.81151439585166,31.81151439585166,,,global_fallback
Ireland,IRL,Transport,0.869,0.869,0.0,77585.0,global_fallback,0.0,,31.81151439585166,31.81151439585166,,,global_fallback
Ireland,IRL,Manual,0.335,0.335,0.0,350859.0,global_fallback,0.0,,31.81151439585166,31.81151439585166,,,global_fallback
Ireland,IRL,Cleaning,0.485,0.485,0.0,73139.0,global_fallback,0.0,,31.81151439585166,31.81151439585166,,,global_fallback
Ireland,IRL,Tech,0.32,0.32,0.0,237433.0,global_fallback,0.0,,31.81151439585166,31.81151439585166,,,global_fallback
Ireland,IRL,ArmedForces,0.4,0.4,0.0,9265.413625110881,global_fallback,0.0,,31.81151439585166,31.81151439585166,,,global_fallback
Iran,IRN,Food,0.895,0.8960031426955941,0.0010031426955940947,3209002.0,ilo_calibrated,0.009553739958039027,47.85,48.538866866430105,48.82404132399553,0.6888668664301036,0.9740413239955288,ok
Iran,IRN,Health,0.819,0.820729226932405,0.0017292269324050702,611471.0,ilo_calibrated,0.009553739958039027,47.85,48.538866866430105,48.82404132399553,0.6888668664301036,0.9740413239955288,ok
Iran,IRN,Retail,0.876,0.8771846637547969,0.0011846637547968664,3022379.0,ilo_calibrated,0.009553739958039027,47.85,48.538866866430105,48.82404132399553,0.6888668664301036,0.9740413239955288,ok
Iran,IRN,Security,0.846,0.847471275953538,0.0014712759535380204,311423.0,ilo_calibrated,0.009553739958039027,47.85,48.538866866430105,48.82404132399553,0.6888668664301036,0.9740413239955288,ok
Iran,IRN,Transport,0.869,0.8702515399345031,0.0012515399345031097,2597365.0,ilo_calibrated,0.009553739958039027,47.85,48.538866866430105,48.82404132399553,0.6888668664301036,0.9740413239955288,ok
Iran,IRN,Manual,0.335,0.34135323707209597,0.006353237072095952,7502407.0,ilo_calibrated,0.009553739958039027,47.85,48.538866866430105,48.82404132399553,0.6888668664301036,0.9740413239955288,ok
Iran,IRN,Cleaning,0.485,0.4899201760783901,0.004920176078390126,517288.0,ilo_calibrated,0.009553739958039027,47.85,48.538866866430105,48.82404132399553,0.6888668664301036,0.9740413239955288,ok
Iran,IRN,Tech,0.32,0.32649654317146654,0.006496543171466529,1060224.0,ilo_calibrated,0.009553739958039027,47.85,48.538866866430105,48.82404132399553,0.6888668664301036,0.9740413239955288,ok
Iran,IRN,ArmedForces,0.4,0.4,0.0,106340.41025284177,ilo_calibrated,0.009553739958039027,47.85,48.538866866430105,48.82404132399553,0.6888668664301036,0.9740413239955288,ok
Iraq,IRQ,Food,0.895,0.895,0.0,787482.0,global_fallback,0.0,,50.896978181559064,50.896978181559064,,,global_fallback
Iraq,IRQ,Health,0.819,0.819,0.0,237197.0,global_fallback,0.0,,50.896978181559064,50.896978181559064,,,global_fallback
Iraq,IRQ,Retail,0.876,0.876,0.0,981028.0,global_fallback,0.0,,50.896978181559064,50.896978181559064,,,global_fallback
Iraq,IRQ,Security,0.846,0.846,0.0,752061.0,global_fallback,0.0,,50.896978181559064,50.896978181559064,,,global_fallback
Iraq,IRQ,Transport,0.869,0.869,0.0,870461.0,global_fallback,0.0,,50.896978181559064,50.896978181559064,,,global_fallback
Iraq,IRQ,Manual,0.335,0.335,0.0,1994964.0,global_fallback,0.0,,50.896978181559064,50.896978181559064,,,global_fallback
Iraq,IRQ,Cleaning,0.485,0.485,0.0,242452.0,global_fallback,0.0,,50.896978181559064,50.896978181559064,,,global_fallback
Iraq,IRQ,Tech,0.32,0.32,0.0,603063.0,global_fallback,0.0,,50.896978181559064,50.896978181559064,,,global_fallback
Iraq,IRQ,ArmedForces,0.4,0.4,0.0,443157.0,global_fallback,0.0,,50.896978181559064,50.896978181559064,,,global_fallback
Iceland,ISL,Food,0.895,0.895,0.0,9069.0,global_fallback,0.0,,32.228499677571236,32.228499677571236,,,global_fallback
Iceland,ISL,Health,0.819,0.819,0.0,25093.0,global_fallback,0.0,,32.228499677571236,32.228499677571236,,,global_fallback
Iceland,ISL,Retail,0.876,0.876,0.0,16140.999999999998,global_fallback,0.0,,32.228499677571236,32.228499677571236,,,global_fallback
Iceland,ISL,Security,0.846,0.846,0.0,3723.0,global_fallback,0.0,,32.228499677571236,32.228499677571236,,,global_fallback
Iceland,ISL,Transport,0.869,0.869,0.0,8684.0,global_fallback,0.0,,32.228499677571236,32.228499677571236,,,global_fallback
Iceland,ISL,Manual,0.335,0.335,0.0,28693.0,global_fallback,0.0,,32.228499677571236,32.228499677571236,,,global_fallback
Iceland,ISL,Cleaning,0.485,0.485,0.0,4130.0,global_fallback,0.0,,32.228499677571236,32.228499677571236,,,global_fallback
Iceland,ISL,Tech,0.32,0.32,0.0,16549.0,global_fallback,0.0,,32.228499677571236,32.228499677571236,,,global_fallback
Iceland,ISL,ArmedForces,0.4,0.4,0.0,969.630044650901,global_fallback,0.0,,32.228499677571236,32.228499677571236,,,global_fallback
Israel,ISR,Food,0.895,0.812988824660087,-0.08201117533991298,56475.0,ilo_calibrated,0.09163259814515413,23.97,28.575442419850255,25.973184012029975,4.605442419850256,2.003184012029976,ok
Israel,ISR,Health,0.819,0.7439529021191187,-0.07504709788088126,515092.0,ilo_calibrated,0.09163259814515413,23.97,28.575442419850255,25.973184012029975,4.605442419850256,2.003184012029976,ok
Israel,ISR,Retail,0.876,0.795729844024845,-0.08027015597515497,211160.0,ilo_calibrated,0.09163259814515413,23.97,28.575442419850255,25.973184012029975,4.605442419850256,2.003184012029976,ok
Israel,ISR,Security,0.846,0.7684788219691996,-0.07752117803080039,84822.0,ilo_calibrated,0.09163259814515413,23.97,28.575442419850255,25.973184012029975,4.605442419850256,2.003184012029976,ok
Israel,ISR,Transport,0.869,0.7893712722118611,-0.0796287277881389,167440.0,ilo_calibrated,0.09163259814515413,23.97,28.575442419850255,25.973184012029975,4.605442419850256,2.003184012029976,ok
Israel,ISR,Manual,0.335,0.3043030796213734,-0.030696920378626646,430671.0,ilo_calibrated,0.09163259814515413,23.97,28.575442419850255,25.973184012029975,4.605442419850256,2.003184012029976,ok
Israel,ISR,Cleaning,0.485,0.4405581898996002,-0.04444181010039977,80995.0,ilo_calibrated,0.09163259814515413,23.97,28.575442419850255,25.973184012029975,4.605442419850256,2.003184012029976,ok
Israel,ISR,Tech,0.32,0.2906775685935507,-0.0293224314064493,265806.0,ilo_calibrated,0.09163259814515413,23.97,28.575442419850255,25.973184012029975,4.605442419850256,2.003184012029976,ok
Israel,ISR,ArmedForces,0.4,0.4,0.0,17775.05789089188,ilo_calibrated,0.09163259814515413,23.97,28.575442419850255,25.973184012029975,4.605442419850256,2.003184012029976,ok
Italy,ITA,Food,0.895,0.895,0.0,985237.0,global_fallback,0.0,,33.59170769217655,33.59170769217655,,,global_fallback
Italy,ITA,Health,0.819,0.819,0.0,1972485.0,global_fallback,0.0,,33.59170769217655,33.59170769217655,,,global_fallback
Italy,ITA,Retail,0.876,0.876,0.0,1815949.0,global_fallback,0.0,,33.59170769217655,33.59170769217655,,,global_fallback
Italy,ITA,Security,0.846,0.846,0.0,298050.0,global_fallback,0.0,,33.59170769217655,33.59170769217655,,,global_fallback
Italy,ITA,Transport,0.869,0.869,0.0,702072.0,global_fallback,0.0,,33.59170769217655,33.59170769217655,,,global_fallback
Italy,ITA,Manual,0.335,0.335,0.0,4485977.0,global_fallback,0.0,,33.59170769217655,33.59170769217655,,,global_fallback
Italy,ITA,Cleaning,0.485,0.485,0.0,1422766.0,global_fallback,0.0,,33.59170769217655,33.59170769217655,,,global_fallback
Italy,ITA,Tech,0.32,0.32,0.0,2507287.0,global_fallback,0.0,,33.59170769217655,33.59170769217655,,,global_fallback
Italy,ITA,ArmedForces,0.4,0.4,0.0,234515.0,global_fallback,0.0,,33.59170769217655,33.59170769217655,,,global_fallback
Jamaica,JAM,Food,0.895,0.80811818528834,-0.08688181471166001,,neighbour_backfill,0.0970746533091174,,,,,,
Jamaica,JAM,Health,0.819,0.7394958589398328,-0.07950414106016712,,neighbour_backfill,0.0970746533091174,,,,,,
Jamaica,JAM,Retail,0.876,0.7909626037012132,-0.08503739629878682,,neighbour_backfill,0.0970746533091174,,,,,,
Jamaica,JAM,Security,0.846,0.7638748433004867,-0.08212515669951326,,neighbour_backfill,0.0970746533091174,,,,,,
Jamaica,JAM,Transport,0.869,0.784642126274377,-0.08435787372562298,,neighbour_backfill,0.0970746533091174,,,,,,
Jamaica,JAM,Manual,0.335,0.3024799911414457,-0.03252000885855433,,neighbour_backfill,0.0970746533091174,,,,,,
Jamaica,JAM,Cleaning,0.485,0.4379187931450781,-0.0470812068549219,,neighbour_backfill,0.0970746533091174,,,,,,
Jamaica,JAM,Tech,0.32,0.28893611094108246,-0.03106388905891755,,neighbour_backfill,0.0970746533091174,,,,,,
Jamaica,JAM,ArmedForces,0.4,0.4,0.0,,neighbour_backfill,0.0970746533091174,,,,,,
Jordan,JOR,Food,0.895,0.9113168903847431,0.016316890384743044,71657.0,ilo_calibrated,0.15539895604517215,48.29,42.67180960815178,48.29000000000001,-5.618190391848216,1.4210854715202004e-14,ok
Jordan,JOR,Health,0.819,0.8471272110441761,0.028127211044176148,84262.0,ilo_calibrated,0.15539895604517215,48.29,42.67180960815178,48.29000000000001,-5.618190391848216,1.4210854715202004e-14,ok
Jordan,JOR,Retail,0.876,0.8952694705496014,0.019269470549601375,201094.0,ilo_calibrated,0.15539895604517215,48.29,42.67180960815178,48.29000000000001,-5.618190391848216,1.4210854715202004e-14,ok
Jordan,JOR,Security,0.846,0.8699314392309565,0.02393143923095653,287620.0,ilo_calibrated,0.15539895604517215,48.29,42.67180960815178,48.29000000000001,-5.618190391848216,1.4210854715202004e-14,ok
Jordan,JOR,Transport,0.869,0.8893572632419176,0.020357263241917556,131640.0,ilo_calibrated,0.15539895604517215,48.29,42.67180960815178,48.29000000000001,-5.618190391848216,1.4210854715202004e-14,ok
Jordan,JOR,Manual,0.335,0.4383403057700395,0.1033403057700395,421025.0,ilo_calibrated,0.15539895604517215,48.29,42.67180960815178,48.29000000000001,-5.618190391848216,1.4210854715202004e-14,ok
Jordan,JOR,Cleaning,0.485,0.5650304623632636,0.08003046236326361,316803.0,ilo_calibrated,0.15539895604517215,48.29,42.67180960815178,48.29000000000001,-5.618190391848216,1.4210854715202004e-14,ok
Jordan,JOR,Tech,0.32,0.425671290110717,0.10567129011071702,651883.0,ilo_calibrated,0.15539895604517215,48.29,42.67180960815178,48.29000000000001,-5.618190391848216,1.4210854715202004e-14,ok
Jordan,JOR,ArmedForces,0.4,0.4,0.0,12162.974792691031,ilo_calibrated,0.15539895604517215,48.29,42.67180960815178,48.29000000000001,-5.618190391848216,1.4210854715202004e-14,ok
Japan,JPN,Food,0.895,0.895,0.0,1914416.0,global_fallback,0.0,,34.40063686133492,34.40063686133492,,,global_fallback
Japan,JPN,Health,0.819,0.819,0.0,6456010.0,global_fallback,0.0,,34.40063686133492,34.40063686133492,,,global_fallback
Japan,JPN,Retail,0.876,0.876,0.0,3122830.0,global_fallback,0.0,,34.40063686133492,34.40063686133492,,,global_fallback
Japan,JPN,Security,0.846,0.846,0.0,1162488.0,global_fallback,0.0,,34.40063686133492,34.40063686133492,,,global_fallback
Japan,JPN,Transport,0.869,0.869,0.0,2188909.0,global_fallback,0.0,,34.40063686133492,34.40063686133492,,,global_fallback
Japan,JPN,Manual,0.335,0.335,0.0,13529047.0,global_fallback,0.0,,34.40063686133492,34.40063686133492,,,global_fallback
Japan,JPN,Cleaning,0.485,0.485,0.0,2812798.0,global_fallback,0.0,,34.40063686133492,34.40063686133492,,,global_fallback
Japan,JPN,Tech,0.32,0.32,0.0,12822490.0,global_fallback,0.0,,34.40063686133492,34.40063686133492,,,global_fallback
Japan,JPN,ArmedForces,0.4,0.4,0.0,291936.12108762976,global_fallback,0.0,,34.40063686133492,34.40063686133492,,,global_fallback
Kazakhstan,KAZ,Food,0.895,0.8884906137175599,-0.006509386282440133,,,0.00727305729881581,,,,,,
Kazakhstan,KAZ,Health,0.819,0.8130433660722698,-0.005956633927730159,,,0.00727305729881581,,,,,,
Kazakhstan,KAZ,Retail,0.876,0.8696288018062374,-0.006371198193762639,,,0.00727305729881581,,,,,,
Kazakhstan,KAZ,Security,0.846,0.8398469935252019,-0.006153006474798106,,,0.00727305729881581,,,,,,
Kazakhstan,KAZ,Transport,0.869,0.8626797132073291,-0.006320286792670937,,,0.00727305729881581,,,,,,
Kazakhstan,KAZ,Manual,0.335,0.33256352580489673,-0.0024364741951032887,,,0.00727305729881581,,,,,,
Kazakhstan,KAZ,Cleaning,0.485,0.4814725672100743,-0.0035274327899256774,,,0.00727305729881581,,,,,,
Kazakhstan,KAZ,Tech,0.32,0.317672621664379,-0.002327378335621022,,,0.00727305729881581,,,,,,
Kazakhstan,KAZ,ArmedForces,0.4,0.4,0.0,,,0.00727305729881581,,,,,,
Kenya,KEN,Food,0.895,0.8639597858380778,-0.031040214161922264,9570504.0,ilo_calibrated,0.034681803532873944,62.94,65.21134729998896,62.95506945430813,2.2713472999889603,0.01506945430813289,ok
Kenya,KEN,Health,0.819,0.7905956029065762,-0.028404397093423794,201277.0,ilo_calibrated,0.034681803532873944,62.94,65.21134729998896,62.95506945430813,2.2713472999889603,0.01506945430813289,ok
Kenya,KEN,Retail,0.876,0.8456187401052024,-0.030381259894797563,761171.0,ilo_calibrated,0.034681803532873944,62.94,65.21134729998896,62.95506945430813,2.2713472999889603,0.01506945430813289,ok
Kenya,KEN,Security,0.846,0.8166591942111886,-0.029340805788811375,379903.11570217117,ilo_calibrated,0.034681803532873944,62.94,65.21134729998896,62.95506945430813,2.2713472999889603,0.01506945430813289,ok
Kenya,KEN,Transport,0.869,0.8388615127299325,-0.030138487270067515,711727.0,ilo_calibrated,0.034681803532873944,62.94,65.21134729998896,62.95506945430813,2.2713472999889603,0.01506945430813289,ok
Kenya,KEN,Manual,0.335,0.32338159581648723,-0.011618404183512787,1957453.0,ilo_calibrated,0.034681803532873944,62.94,65.21134729998896,62.95506945430813,2.2713472999889603,0.01506945430813289,ok
Kenya,KEN,Cleaning,0.485,0.4681793252865561,-0.016820674713443895,1637623.0,ilo_calibrated,0.034681803532873944,62.94,65.21134729998896,62.95506945430813,2.2713472999889603,0.01506945430813289,ok
Kenya,KEN,Tech,0.32,0.3089018228694803,-0.011098177130519693,1223455.0,ilo_calibrated,0.034681803532873944,62.94,65.21134729998896,62.95506945430813,2.2713472999889603,0.01506945430813289,ok
Kenya,KEN,ArmedForces,0.4,0.4,0.0,72454.0,ilo_calibrated,0.034681803532873944,62.94,65.21134729998896,62.95506945430813,2.2713472999889603,0.01506945430813289,ok
Kyrgyzstan,KGZ,Food,0.895,0.9013592429232087,0.006359242923208663,456246.0,ilo_calibrated,0.06056421831627301,53.75,51.945246958593316,53.75,-1.8047530414066841,0.0,ok
Kyrgyzstan,KGZ,Health,0.819,0.8299621235152453,0.010962123515245392,102339.0,ilo_calibrated,0.06056421831627301,53.75,51.945246958593316,53.75,-1.8047530414066841,0.0,ok
Kyrgyzstan,KGZ,Retail,0.876,0.8835099630712179,0.007509963071217873,250952.0,ilo_calibrated,0.06056421831627301,53.75,51.945246958593316,53.75,-1.8047530414066841,0.0,ok
Kyrgyzstan,KGZ,Security,0.846,0.855326889620706,0.009326889620706047,75516.0,ilo_calibrated,0.06056421831627301,53.75,51.945246958593316,53.75,-1.8047530414066841,0.0,ok
Kyrgyzstan,KGZ,Transport,0.869,0.8769339125994318,0.00793391259943177,244189.0,ilo_calibrated,0.06056421831627301,53.75,51.945246958593316,53.75,-1.8047530414066841,0.0,ok
Kyrgyzstan,KGZ,Manual,0.335,0.3752752051803216,0.04027520518032157,582242.0,ilo_calibrated,0.06056421831627301,53.75,51.945246958593316,53.75,-1.8047530414066841,0.0,ok
Kyrgyzstan,KGZ,Cleaning,0.485,0.5161905724328806,0.031190572432880592,180523.0,ilo_calibrated,0.06056421831627301,53.75,51.945246958593316,53.75,-1.8047530414066841,0.0,ok
Kyrgyzstan,KGZ,Tech,0.32,0.36118366845506567,0.04118366845506566,222071.0,ilo_calibrated,0.06056421831627301,53.75,51.945246958593316,53.75,-1.8047530414066841,0.0,ok
Kyrgyzstan,KGZ,ArmedForces,0.4,0.4,0.0,11447.897756140694,ilo_calibrated,0.06056421831627301,53.75,51.945246958593316,53.75,-1.8047530414066841,0.0,ok
Cambodia,KHM,Food,0.895,0.8325428755099068,-0.06245712449009322,3412419.0,ilo_calibrated,0.06978449663697561,58.05,62.3880051933681,58.05000000000001,4.3380051933681045,1.4210854715202004e-14,ok
Cambodia,KHM,Health,0.819,0.761846497254317,-0.05715350274568298,68542.0,ilo_calibrated,0.06978449663697561,58.05,62.3880051933681,58.05000000000001,4.3380051933681045,1.4210854715202004e-14,ok
Cambodia,KHM,Retail,0.876,0.8148687809460093,-0.06113121905399066,1657640.0,ilo_calibrated,0.06978449663697561,58.05,62.3880051933681,58.05000000000001,4.3380051933681045,1.4210854715202004e-14,ok
Cambodia,KHM,Security,0.846,0.7869623158451186,-0.05903768415488142,144301.0,ilo_calibrated,0.06978449663697561,58.05,62.3880051933681,58.05000000000001,4.3380051933681045,1.4210854715202004e-14,ok
Cambodia,KHM,Transport,0.869,0.8083572724224682,-0.06064272757753175,331926.0,ilo_calibrated,0.06978449663697561,58.05,62.3880051933681,58.05000000000001,4.3380051933681045,1.4210854715202004e-14,ok
Cambodia,KHM,Manual,0.335,0.3116221936266132,-0.023377806373386822,2763042.0,ilo_calibrated,0.06978449663697561,58.05,62.3880051933681,58.05000000000001,4.3380051933681045,1.4210854715202004e-14,ok
Cambodia,KHM,Cleaning,0.485,0.4511545191310668,-0.033845480868933187,130755.0,ilo_calibrated,0.06978449663697561,58.05,62.3880051933681,58.05000000000001,4.3380051933681045,1.4210854715202004e-14,ok
Cambodia,KHM,Tech,0.32,0.2976689610761678,-0.022331038923832203,321528.0,ilo_calibrated,0.06978449663697561,58.05,62.3880051933681,58.05000000000001,4.3380051933681045,1.4210854715202004e-14,ok
Cambodia,KHM,ArmedForces,0.4,0.4,0.0,54910.0,ilo_calibrated,0.06978449663697561,58.05,62.3880051933681,58.05000000000001,4.3380051933681045,1.4210854715202004e-14,ok
Kiribati,KIR,Food,0.895,0.9211717668302916,0.026171766830291543,11119.0,ilo_calibrated,0.2492549221932531,60.15,53.5618204229099,60.14999999999999,-6.588179577090095,-7.105427357601002e-15,ok
Kiribati,KIR,Health,0.819,0.8641151409169787,0.04511514091697877,1078.0,ilo_calibrated,0.2492549221932531,60.15,53.5618204229099,60.14999999999999,-6.588179577090095,-7.105427357601002e-15,ok
Kiribati,KIR,Retail,0.876,0.9069076103519634,0.030907610351963433,4194.0,ilo_calibrated,0.2492549221932531,60.15,53.5618204229099,60.14999999999999,-6.588179577090095,-7.105427357601002e-15,ok
Kiribati,KIR,Security,0.846,0.8843852580177609,0.03838525801776094,2378.0,ilo_calibrated,0.2492549221932531,60.15,53.5618204229099,60.14999999999999,-6.588179577090095,-7.105427357601002e-15,ok
Kiribati,KIR,Transport,0.869,0.9016523948073162,0.03265239480731619,1167.0,ilo_calibrated,0.2492549221932531,60.15,53.5618204229099,60.14999999999999,-6.588179577090095,-7.105427357601002e-15,ok
Kiribati,KIR,Manual,0.335,0.5007545232585133,0.1657545232585133,10099.0,ilo_calibrated,0.2492549221932531,60.15,53.5618204229099,60.14999999999999,-6.588179577090095,-7.105427357601002e-15,ok
Kiribati,KIR,Cleaning,0.485,0.6133662849295254,0.1283662849295254,1144.0,ilo_calibrated,0.2492549221932531,60.15,53.5618204229099,60.14999999999999,-6.588179577090095,-7.105427357601002e-15,ok
Kiribati,KIR,Tech,0.32,0.4894933470914121,0.16949334709141212,1772.0,ilo_calibrated,0.2492549221932531,60.15,53.5618204229099,60.14999999999999,-6.588179577090095,-7.105427357601002e-15,ok
Kiribati,KIR,ArmedForces,0.4,0.4,0.0,181.5983129747279,ilo_calibrated,0.2492549221932531,60.15,53.5618204229099,60.14999999999999,-6.588179577090095,-7.105427357601002e-15,ok
St. Kitts and Nevis,KNA,Food,0.895,0.9449205241298249,0.04992052412982484,,,0.47543356314118956,,,,,,
St. Kitts and Nevis,KNA,Health,0.819,0.9050534749285553,0.0860534749285553,,,0.47543356314118956,,,,,,
St. Kitts and Nevis,KNA,Retail,0.876,0.9349537618295075,0.05895376182950751,,,0.47543356314118956,,,,,,
St. Kitts and Nevis,KNA,Security,0.846,0.9192167687237431,0.07321676872374316,,,0.47543356314118956,,,,,,
St. Kitts and Nevis,KNA,Transport,0.869,0.9312817967714958,0.06228179677149581,,,0.47543356314118956,,,,,,
St. Kitts and Nevis,KNA,Manual,0.335,0.6511633194888911,0.31616331948889104,,,0.47543356314118956,,,,,,
St. Kitts and Nevis,KNA,Cleaning,0.485,0.7298482850177126,0.2448482850177126,,,0.47543356314118956,,,,,,
St. Kitts and Nevis,KNA,Tech,0.32,0.6432948229360089,0.3232948229360089,,,0.47543356314118956,,,,,,
St. Kitts and Nevis,KNA,ArmedForces,0.4,0.4,0.0,,,0.47543356314118956,,,,,,
South Korea,KOR,Food,0.895,0.885555194698481,-0.009444805301519033,,,0.010552855085496134,,,,,,
South Korea,KOR,Health,0.819,0.8103572116849787,-0.0086427883150213,,,0.010552855085496134,,,,,,
South Korea,KOR,Retail,0.876,0.8667556989451054,-0.0092443010548946,,,0.010552855085496134,,,,,,
South Korea,KOR,Security,0.846,0.8370722845976702,-0.008927715402329728,,,0.010552855085496134,,,,,,
South Korea,KOR,Transport,0.869,0.859829568930704,-0.009170431069296048,,,0.010552855085496134,,,,,,
South Korea,KOR,Manual,0.335,0.3314647935463588,-0.003535206453641193,,,0.010552855085496134,,,,,,
South Korea,KOR,Cleaning,0.485,0.4798818652835344,-0.0051181347164656055,,,0.010552855085496134,,,,,,
South Korea,KOR,Tech,0.32,0.31662308637264125,-0.0033769136273587574,,,0.010552855085496134,,,,,,
South Korea,KOR,ArmedForces,0.4,0.4,0.0,,,0.010552855085496134,,,,,,
Kuwait,KWT,Food,0.895,0.895,0.0,,global_fallback,0.0,,,,,,global_fallback
Kuwait,KWT,Health,0.819,0.819,0.0,,global_fallback,0.0,,,,,,global_fallback
Kuwait,KWT,Retail,0.876,0.876,0.0,,global_fallback,0.0,,,,,,global_fallback
Kuwait,KWT,Security,0.846,0.846,0.0,,global_fallback,0.0,,,,,,global_fallback
Kuwait,KWT,Transport,0.869,0.869,0.0,,global_fallback,0.0,,,,,,global_fallback
Kuwait,KWT,Manual,0.335,0.335,0.0,,global_fallback,0.0,,,,,,global_fallback
Kuwait,KWT,Cleaning,0.485,0.485,0.0,,global_fallback,0.0,,,,,,global_fallback
Kuwait,KWT,Tech,0.32,0.32,0.0,,global_fallback,0.0,,,,,,global_fallback
Kuwait,KWT,ArmedForces,0.4,0.4,0.0,,global_fallback,0.0,,,,,,global_fallback
Laos,LAO,Food,0.895,0.6699648206709897,-0.2250351793290103,2264558.0,ilo_calibrated,0.2514359545575534,56.96,75.8019840014461,56.96,18.8419840014461,0.0,ok
Laos,LAO,Health,0.819,0.6130739532173637,-0.20592604678263626,9826.0,ilo_calibrated,0.2514359545575534,56.96,75.8019840014461,56.96,18.8419840014461,0.0,ok
Laos,LAO,Retail,0.876,0.6557421038075832,-0.22025789619241676,368731.0,ilo_calibrated,0.2514359545575534,56.96,75.8019840014461,56.96,18.8419840014461,0.0,ok
Laos,LAO,Security,0.846,0.6332851824443098,-0.21271481755569022,28374.0,ilo_calibrated,0.2514359545575534,56.96,75.8019840014461,56.96,18.8419840014461,0.0,ok
Laos,LAO,Transport,0.869,0.6505021554894861,-0.2184978445105139,54053.0,ilo_calibrated,0.2514359545575534,56.96,75.8019840014461,56.96,18.8419840014461,0.0,ok
Laos,LAO,Manual,0.335,0.2507689552232196,-0.0842310447767804,393936.0,ilo_calibrated,0.2514359545575534,56.96,75.8019840014461,56.96,18.8419840014461,0.0,ok
Laos,LAO,Cleaning,0.485,0.3630535620395866,-0.12194643796041338,133623.42658861514,ilo_calibrated,0.2514359545575534,56.96,75.8019840014461,56.96,18.8419840014461,0.0,ok
Laos,LAO,Tech,0.32,0.2395404945415829,-0.0804595054584171,13016.0,ilo_calibrated,0.2514359545575534,56.96,75.8019840014461,56.96,18.8419840014461,0.0,ok
Laos,LAO,ArmedForces,0.4,0.4,0.0,75841.7472337739,ilo_calibrated,0.2514359545575534,56.96,75.8019840014461,56.96,18.8419840014461,0.0,ok
Lebanon,LBN,Food,0.895,0.7442179732701363,-0.15078202672986374,68137.0,ilo_calibrated,0.1684715382456579,34.99,41.97799768115377,35.208337688315375,6.9879976811537645,0.2183376883153727,ok
Lebanon,LBN,Health,0.819,0.6810218101768062,-0.13797818982319376,68453.0,ilo_calibrated,0.1684715382456579,34.99,41.97799768115377,35.208337688315375,6.9879976811537645,0.2183376883153727,ok
Lebanon,LBN,Retail,0.876,0.7284189324968037,-0.14758106750319633,160417.0,ilo_calibrated,0.1684715382456579,34.99,41.97799768115377,35.208337688315375,6.9879976811537645,0.2183376883153727,ok
Lebanon,LBN,Security,0.846,0.7034730786441734,-0.14252692135582656,57929.0,ilo_calibrated,0.1684715382456579,34.99,41.97799768115377,35.208337688315375,6.9879976811537645,0.2183376883153727,ok
Lebanon,LBN,Transport,0.869,0.7225982332645233,-0.14640176673547667,128596.0,ilo_calibrated,0.1684715382456579,34.99,41.97799768115377,35.208337688315375,6.9879976811537645,0.2183376883153727,ok
Lebanon,LBN,Manual,0.335,0.27856203468770463,-0.05643796531229539,331492.0,ilo_calibrated,0.1684715382456579,34.99,41.97799768115377,35.208337688315375,6.9879976811537645,0.2183376883153727,ok
Lebanon,LBN,Cleaning,0.485,0.40329130395085594,-0.08170869604914405,152953.0,ilo_calibrated,0.1684715382456579,34.99,41.97799768115377,35.208337688315375,6.9879976811537645,0.2183376883153727,ok
Lebanon,LBN,Tech,0.32,0.2660891077613895,-0.05391089223861051,103946.0,ilo_calibrated,0.1684715382456579,34.99,41.97799768115377,35.208337688315375,6.9879976811537645,0.2183376883153727,ok
Lebanon,LBN,ArmedForces,0.4,0.4,0.0,71126.0,ilo_calibrated,0.1684715382456579,34.99,41.97799768115377,35.208337688315375,6.9879976811537645,0.2183376883153727,ok
Liberia,LBR,Food,0.895,1.0,0.10499999999999998,237833.0,ilo_calibrated,1.0,68.48,64.16531481811876,81.81537154802425,-4.314685181881245,13.335371548024241,infeasible_clipped
Liberia,LBR,Health,0.819,1.0,0.18100000000000005,15263.0,ilo_calibrated,1.0,68.48,64.16531481811876,81.81537154802425,-4.314685181881245,13.335371548024241,infeasible_clipped
Liberia,LBR,Retail,0.876,1.0,0.124,132613.0,ilo_calibrated,1.0,68.48,64.16531481811876,81.81537154802425,-4.314685181881245,13.335371548024241,infeasible_clipped
Liberia,LBR,Security,0.846,1.0,0.15400000000000003,20405.0,ilo_calibrated,1.0,68.48,64.16531481811876,81.81537154802425,-4.314685181881245,13.335371548024241,infeasible_clipped
Liberia,LBR,Transport,0.869,1.0,0.131,20658.0,ilo_calibrated,1.0,68.48,64.16531481811876,81.81537154802425,-4.314685181881245,13.335371548024241,infeasible_clipped
Liberia,LBR,Manual,0.335,1.0,0.665,45677.0,ilo_calibrated,1.0,68.48,64.16531481811876,81.81537154802425,-4.314685181881245,13.335371548024241,infeasible_clipped
Liberia,LBR,Cleaning,0.485,1.0,0.515,29264.0,ilo_calibrated,1.0,68.48,64.16531481811876,81.81537154802425,-4.314685181881245,13.335371548024241,infeasible_clipped
Liberia,LBR,Tech,0.32,1.0,0.6799999999999999,28415.0,ilo_calibrated,1.0,68.48,64.16531481811876,81.81537154802425,-4.314685181881245,13.335371548024241,infeasible_clipped
Liberia,LBR,ArmedForces,0.4,0.4,0.0,4998.451599264489,ilo_calibrated,1.0,68.48,64.16531481811876,81.81537154802425,-4.314685181881245,13.335371548024241,infeasible_clipped
Libya,LBY,Food,0.895,0.8834919650356609,-0.011508034964339164,,neighbour_backfill,0.0664268278884287,,,,,,
Libya,LBY,Health,0.819,0.8125404039551812,-0.006459596044818716,,neighbour_backfill,0.0664268278884287,,,,,,
Libya,LBY,Retail,0.876,0.8657540747655409,-0.010245925234459108,,neighbour_backfill,0.0664268278884287,,,,,,
Libya,LBY,Security,0.846,0.8377468796021937,-0.008253120397806235,,neighbour_backfill,0.0664268278884287,,,,,,
Libya,LBY,Transport,0.869,0.8592190625607597,-0.009780937439240245,,neighbour_backfill,0.0664268278884287,,,,,,
Libya,LBY,Manual,0.335,0.3606909886531808,0.025690988653180757,,neighbour_backfill,0.0664268278884287,,,,,,
Libya,LBY,Cleaning,0.485,0.5007269644699165,0.015726964469916505,,neighbour_backfill,0.0664268278884287,,,,,,
Libya,LBY,Tech,0.32,0.3466873910715072,0.026687391071507194,,neighbour_backfill,0.0664268278884287,,,,,,
Libya,LBY,ArmedForces,0.4,0.4,0.0,,neighbour_backfill,0.0664268278884287,,,,,,
St. Lucia,LCA,Food,0.895,0.9449205241298249,0.04992052412982484,,,0.47543356314118956,,,,,,
St. Lucia,LCA,Health,0.819,0.9050534749285553,0.0860534749285553,,,0.47543356314118956,,,,,,
St. Lucia,LCA,Retail,0.876,0.9349537618295075,0.05895376182950751,,,0.47543356314118956,,,,,,
St. Lucia,LCA,Security,0.846,0.9192167687237431,0.07321676872374316,,,0.47543356314118956,,,,,,
St. Lucia,LCA,Transport,0.869,0.9312817967714958,0.06228179677149581,,,0.47543356314118956,,,,,,
St. Lucia,LCA,Manual,0.335,0.6511633194888911,0.31616331948889104,,,0.47543356314118956,,,,,,
St. Lucia,LCA,Cleaning,0.485,0.7298482850177126,0.2448482850177126,,,0.47543356314118956,,,,,,
St. Lucia,LCA,Tech,0.32,0.6432948229360089,0.3232948229360089,,,0.47543356314118956,,,,,,
St. Lucia,LCA,ArmedForces,0.4,0.4,0.0,,,0.47543356314118956,,,,,,
Liechtenstein,LIE,Food,0.895,0.8157844100520399,-0.07921558994796007,,neighbour_backfill,0.08850903904800014,,,,,,
Liechtenstein,LIE,Health,0.819,0.7465110970196879,-0.07248890298031208,,neighbour_backfill,0.08850903904800014,,,,,,
Liechtenstein,LIE,Retail,0.876,0.798466081793952,-0.07753391820604805,,neighbour_backfill,0.08850903904800014,,,,,,
Liechtenstein,LIE,Security,0.846,0.7711213529653919,-0.07487864703460811,,neighbour_backfill,0.08850903904800014,,,,,,
Liechtenstein,LIE,Transport,0.869,0.7920856450672878,-0.07691435493271215,,neighbour_backfill,0.08850903904800014,,,,,,
Liechtenstein,LIE,Manual,0.335,0.30534947191892,-0.02965052808108004,,neighbour_backfill,0.08850903904800014,,,,,,
Liechtenstein,LIE,Cleaning,0.485,0.44207311606171995,-0.042926883938280036,,neighbour_backfill,0.08850903904800014,,,,,,
Liechtenstein,LIE,Tech,0.32,0.29167710750464,-0.02832289249536002,,neighbour_backfill,0.08850903904800014,,,,,,
Liechtenstein,LIE,ArmedForces,0.4,0.4,0.0,,neighbour_backfill,0.08850903904800014,,,,,,
Sri Lanka,LKA,Food,0.895,0.8029605784194085,-0.09203942158059153,1999379.0,ilo_calibrated,0.10283734254814694,46.5,52.62351395017614,47.241586703130075,6.1235139501761395,0.7415867031300749,ok
Sri Lanka,LKA,Health,0.819,0.7347762164530677,-0.08422378354693227,168539.0,ilo_calibrated,0.10283734254814694,46.5,52.62351395017614,47.241586703130075,6.1235139501761395,0.7415867031300749,ok
Sri Lanka,LKA,Retail,0.876,0.7859144879278233,-0.09008551207217674,736332.0,ilo_calibrated,0.10283734254814694,46.5,52.62351395017614,47.241586703130075,6.1235139501761395,0.7415867031300749,ok
Sri Lanka,LKA,Security,0.846,0.7589996082042677,-0.08700039179573227,133083.0,ilo_calibrated,0.10283734254814694,46.5,52.62351395017614,47.241586703130075,6.1235139501761395,0.7415867031300749,ok
Sri Lanka,LKA,Transport,0.869,0.7796343493256603,-0.08936565067433966,497957.0,ilo_calibrated,0.10283734254814694,46.5,52.62351395017614,47.241586703130075,6.1235139501761395,0.7415867031300749,ok
Sri Lanka,LKA,Manual,0.335,0.3005494902463708,-0.03445050975362923,1791873.0,ilo_calibrated,0.10283734254814694,46.5,52.62351395017614,47.241586703130075,6.1235139501761395,0.7415867031300749,ok
Sri Lanka,LKA,Cleaning,0.485,0.4351238888641487,-0.049876111135851275,552287.0,ilo_calibrated,0.10283734254814694,46.5,52.62351395017614,47.241586703130075,6.1235139501761395,0.7415867031300749,ok
Sri Lanka,LKA,Tech,0.32,0.287092050384593,-0.032907949615406995,341213.0,ilo_calibrated,0.10283734254814694,46.5,52.62351395017614,47.241586703130075,6.1235139501761395,0.7415867031300749,ok
Sri Lanka,LKA,ArmedForces,0.4,0.4,0.0,56564.02732923655,ilo_calibrated,0.10283734254814694,46.5,52.62351395017614,47.241586703130075,6.1235139501761395,0.7415867031300749,ok
Lesotho,LSO,Food,0.895,0.7658499077331546,-0.12915009226684537,365053.0,ilo_calibrated,0.14430177906910097,57.01,66.59575822307204,57.010000000000005,9.585758223072041,7.105427357601002e-15,ok
Lesotho,LSO,Health,0.819,0.7008168429424062,-0.11818315705759375,18400.0,ilo_calibrated,0.14430177906910097,57.01,66.59575822307204,57.010000000000005,9.585758223072041,7.105427357601002e-15,ok
Lesotho,LSO,Retail,0.876,0.7495916415354675,-0.12640835846453247,69085.0,ilo_calibrated,0.14430177906910097,57.01,66.59575822307204,57.010000000000005,9.585758223072041,7.105427357601002e-15,ok
Lesotho,LSO,Security,0.846,0.7239206949075405,-0.12207930509245946,18297.0,ilo_calibrated,0.14430177906910097,57.01,66.59575822307204,57.010000000000005,9.585758223072041,7.105427357601002e-15,ok
Lesotho,LSO,Transport,0.869,0.7436017539889512,-0.12539824601104876,22853.0,ilo_calibrated,0.14430177906910097,57.01,66.59575822307204,57.010000000000005,9.585758223072041,7.105427357601002e-15,ok
Lesotho,LSO,Manual,0.335,0.2866589040118512,-0.04834109598814884,128687.0,ilo_calibrated,0.14430177906910097,57.01,66.59575822307204,57.010000000000005,9.585758223072041,7.105427357601002e-15,ok
Lesotho,LSO,Cleaning,0.485,0.415013637151486,-0.069986362848514,92372.0,ilo_calibrated,0.14430177906910097,57.01,66.59575822307204,57.010000000000005,9.585758223072041,7.105427357601002e-15,ok
Lesotho,LSO,Tech,0.32,0.27382343069788767,-0.046176569302112336,25230.0,ilo_calibrated,0.14430177906910097,57.01,66.59575822307204,57.010000000000005,9.585758223072041,7.105427357601002e-15,ok
Lesotho,LSO,ArmedForces,0.4,0.4,0.0,3358.0,ilo_calibrated,0.14430177906910097,57.01,66.59575822307204,57.010000000000005,9.585758223072041,7.105427357601002e-15,ok
Lithuania,LTU,Food,0.895,0.895,0.0,62261.0,global_fallback,0.0,,31.428902560248677,31.428902560248677,,,global_fallback
Lithuania,LTU,Health,0.819,0.819,0.0,95544.0,global_fallback,0.0,,31.428902560248677,31.428902560248677,,,global_fallback
Lithuania,LTU,Retail,0.876,0.876,0.0,85276.0,global_fallback,0.0,,31.428902560248677,31.428902560248677,,,global_fallback
Lithuania,LTU,Security,0.846,0.846,0.0,18069.0,global_fallback,0.0,,31.428902560248677,31.428902560248677,,,global_fallback
Lithuania,LTU,Transport,0.869,0.869,0.0,77667.0,global_fallback,0.0,,31.428902560248677,31.428902560248677,,,global_fallback
Lithuania,LTU,Manual,0.335,0.335,0.0,288359.0,global_fallback,0.0,,31.428902560248677,31.428902560248677,,,global_fallback
Lithuania,LTU,Cleaning,0.485,0.485,0.0,82291.0,global_fallback,0.0,,31.428902560248677,31.428902560248677,,,global_fallback
Lithuania,LTU,Tech,0.32,0.32,0.0,93400.0,global_fallback,0.0,,31.428902560248677,31.428902560248677,,,global_fallback
Lithuania,LTU,ArmedForces,0.4,0.4,0.0,5446.0,global_fallback,0.0,,31.428902560248677,31.428902560248677,,,global_fallback
Luxembourg,LUX,Food,0.895,0.895,0.0,8246.0,global_fallback,0.0,,19.749035053233243,19.749035053233243,,,global_fallback
Luxembourg,LUX,Health,0.819,0.819,0.0,20971.0,global_fallback,0.0,,19.749035053233243,19.749035053233243,,,global_fallback
Luxembourg,LUX,Retail,0.876,0.876,0.0,7555.0,global_fallback,0.0,,19.749035053233243,19.749035053233243,,,global_fallback
Luxembourg,LUX,Security,0.846,0.846,0.0,4351.0,global_fallback,0.0,,19.749035053233243,19.749035053233243,,,global_fallback
Luxembourg,LUX,Transport,0.869,0.869,0.0,8994.0,global_fallback,0.0,,19.749035053233243,19.749035053233243,,,global_fallback
Luxembourg,LUX,Manual,0.335,0.335,0.0,18712.0,global_fallback,0.0,,19.749035053233243,19.749035053233243,,,global_fallback
Luxembourg,LUX,Cleaning,0.485,0.485,0.0,15962.0,global_fallback,0.0,,19.749035053233243,19.749035053233243,,,global_fallback
Luxembourg,LUX,Tech,0.32,0.32,0.0,16081.0,global_fallback,0.0,,19.749035053233243,19.749035053233243,,,global_fallback
Luxembourg,LUX,ArmedForces,0.4,0.4,0.0,1392.1727554650852,global_fallback,0.0,,19.749035053233243,19.749035053233243,,,global_fallback
Latvia,LVA,Food,0.895,0.895,0.0,40199.0,global_fallback,0.0,,32.274510184239325,32.274510184239325,,,global_fallback
Latvia,LVA,Health,0.819,0.819,0.0,61409.0,global_fallback,0.0,,32.274510184239325,32.274510184239325,,,global_fallback
Latvia,LVA,Retail,0.876,0.876,0.0,45039.0,global_fallback,0.0,,32.274510184239325,32.274510184239325,,,global_fallback
Latvia,LVA,Security,0.846,0.846,0.0,12394.0,global_fallback,0.0,,32.274510184239325,32.274510184239325,,,global_fallback
Latvia,LVA,Transport,0.869,0.869,0.0,56658.0,global_fallback,0.0,,32.274510184239325,32.274510184239325,,,global_fallback
Latvia,LVA,Manual,0.335,0.335,0.0,159110.0,global_fallback,0.0,,32.274510184239325,32.274510184239325,,,global_fallback
Latvia,LVA,Cleaning,0.485,0.485,0.0,40579.0,global_fallback,0.0,,32.274510184239325,32.274510184239325,,,global_fallback
Latvia,LVA,Tech,0.32,0.32,0.0,69228.0,global_fallback,0.0,,32.274510184239325,32.274510184239325,,,global_fallback
Latvia,LVA,ArmedForces,0.4,0.4,0.0,8883.53924180962,global_fallback,0.0,,32.274510184239325,32.274510184239325,,,global_fallback
Macau,MAC,Food,0.895,0.885555194698481,-0.009444805301519033,,,0.010552855085496134,,,,,,
Macau,MAC,Health,0.819,0.8103572116849787,-0.0086427883150213,,,0.010552855085496134,,,,,,
Macau,MAC,Retail,0.876,0.8667556989451054,-0.0092443010548946,,,0.010552855085496134,,,,,,
Macau,MAC,Security,0.846,0.8370722845976702,-0.008927715402329728,,,0.010552855085496134,,,,,,
Macau,MAC,Transport,0.869,0.859829568930704,-0.009170431069296048,,,0.010552855085496134,,,,,,
Macau,MAC,Manual,0.335,0.3314647935463588,-0.003535206453641193,,,0.010552855085496134,,,,,,
Macau,MAC,Cleaning,0.485,0.4798818652835344,-0.0051181347164656055,,,0.010552855085496134,,,,,,
Macau,MAC,Tech,0.32,0.31662308637264125,-0.0033769136273587574,,,0.010552855085496134,,,,,,
Macau,MAC,ArmedForces,0.4,0.4,0.0,,,0.010552855085496134,,,,,,
Saint-Martin,MAF,Food,0.895,0.9449205241298249,0.04992052412982484,,neighbour_backfill,0.47543356314118956,,,,,,
Saint-Martin,MAF,Health,0.819,0.9050534749285553,0.0860534749285553,,neighbour_backfill,0.47543356314118956,,,,,,
Saint-Martin,MAF,Retail,0.876,0.9349537618295075,0.05895376182950751,,neighbour_backfill,0.47543356314118956,,,,,,
Saint-Martin,MAF,Security,0.846,0.9192167687237431,0.07321676872374316,,neighbour_backfill,0.47543356314118956,,,,,,
Saint-Martin,MAF,Transport,0.869,0.9312817967714958,0.06228179677149581,,neighbour_backfill,0.47543356314118956,,,,,,
Saint-Martin,MAF,Manual,0.335,0.6511633194888911,0.31616331948889104,,neighbour_backfill,0.47543356314118956,,,,,,
Saint-Martin,MAF,Cleaning,0.485,0.7298482850177126,0.2448482850177126,,neighbour_backfill,0.47543356314118956,,,,,,
Saint-Martin,MAF,Tech,0.32,0.6432948229360089,0.3232948229360089,,neighbour_backfill,0.47543356314118956,,,,,,
Saint-Martin,MAF,ArmedForces,0.4,0.4,0.0,,neighbour_backfill,0.47543356314118956,,,,,,
Morocco,MAR,Food,0.895,0.8834919650356609,-0.011508034964339164,,neighbour_backfill,0.0664268278884287,,,,,,
Morocco,MAR,Health,0.819,0.8125404039551812,-0.006459596044818716,,neighbour_backfill,0.0664268278884287,,,,,,
Morocco,MAR,Retail,0.876,0.8657540747655409,-0.010245925234459108,,neighbour_backfill,0.0664268278884287,,,,,,
Morocco,MAR,Security,0.846,0.8377468796021937,-0.008253120397806235,,neighbour_backfill,0.0664268278884287,,,,,,
Morocco,MAR,Transport,0.869,0.8592190625607597,-0.009780937439240245,,neighbour_backfill,0.0664268278884287,,,,,,
Morocco,MAR,Manual,0.335,0.3606909886531808,0.025690988653180757,,neighbour_backfill,0.0664268278884287,,,,,,
Morocco,MAR,Cleaning,0.485,0.5007269644699165,0.015726964469916505,,neighbour_backfill,0.0664268278884287,,,,,,
Morocco,MAR,Tech,0.32,0.3466873910715072,0.026687391071507194,,neighbour_backfill,0.0664268278884287,,,,,,
Morocco,MAR,ArmedForces,0.4,0.4,0.0,,neighbour_backfill,0.0664268278884287,,,,,,
Monaco,MCO,Food,0.895,0.8157844100520399,-0.07921558994796007,,neighbour_backfill,0.08850903904800014,,,,,,
Monaco,MCO,Health,0.819,0.7465110970196879,-0.07248890298031208,,neighbour_backfill,0.08850903904800014,,,,,,
Monaco,MCO,Retail,0.876,0.798466081793952,-0.07753391820604805,,neighbour_backfill,0.08850903904800014,,,,,,
Monaco,MCO,Security,0.846,0.7711213529653919,-0.07487864703460811,,neighbour_backfill,0.08850903904800014,,,,,,
Monaco,MCO,Transport,0.869,0.7920856450672878,-0.07691435493271215,,neighbour_backfill,0.08850903904800014,,,,,,
Monaco,MCO,Manual,0.335,0.30534947191892,-0.02965052808108004,,neighbour_backfill,0.08850903904800014,,,,,,
Monaco,MCO,Cleaning,0.485,0.44207311606171995,-0.042926883938280036,,neighbour_backfill,0.08850903904800014,,,,,,
Monaco,MCO,Tech,0.32,0.29167710750464,-0.02832289249536002,,neighbour_backfill,0.08850903904800014,,,,,,
Monaco,MCO,ArmedForces,0.4,0.4,0.0,,neighbour_backfill,0.08850903904800014,,,,,,
Moldova,MDA,Food,0.895,0.8290113705182107,-0.0659886294817893,,neighbour_backfill,0.07373031227015564,,,,,,
Moldova,MDA,Health,0.819,0.7586148742507426,-0.06038512574925736,,neighbour_backfill,0.07373031227015564,,,,,,
Moldova,MDA,Retail,0.876,0.8114122464513437,-0.06458775354865631,,neighbour_backfill,0.07373031227015564,,,,,,
Moldova,MDA,Security,0.846,0.7836241558194482,-0.062375844180551754,,neighbour_backfill,0.07373031227015564,,,,,,
Moldova,MDA,Transport,0.869,0.8049283586372348,-0.06407164136276522,,neighbour_backfill,0.07373031227015564,,,,,,
Moldova,MDA,Manual,0.335,0.3103003453894979,-0.02469965461050211,,neighbour_backfill,0.07373031227015564,,,,,,
Moldova,MDA,Cleaning,0.485,0.44924079854897453,-0.03575920145102546,,neighbour_backfill,0.07373031227015564,,,,,,
Moldova,MDA,Tech,0.32,0.29640630007355023,-0.023593699926449774,,neighbour_backfill,0.07373031227015564,,,,,,
Moldova,MDA,ArmedForces,0.4,0.4,0.0,,neighbour_backfill,0.07373031227015564,,,,,,
Madagascar,MDG,Food,0.895,0.9449205241298249,0.04992052412982484,8326554.0,ilo_calibrated,0.47543356314118956,86.82,77.58514438140597,86.99712549514416,-9.234855618594025,0.17712549514416764,ok
Madagascar,MDG,Health,0.819,0.9050534749285553,0.0860534749285553,56804.0,ilo_calibrated,0.47543356314118956,86.82,77.58514438140597,86.99712549514416,-9.234855618594025,0.17712549514416764,ok
Madagascar,MDG,Retail,0.876,0.9349537618295075,0.05895376182950751,654887.0,ilo_calibrated,0.47543356314118956,86.82,77.58514438140597,86.99712549514416,-9.234855618594025,0.17712549514416764,ok
Madagascar,MDG,Security,0.846,0.9192167687237431,0.07321676872374316,240519.50152616843,ilo_calibrated,0.47543356314118956,86.82,77.58514438140597,86.99712549514416,-9.234855618594025,0.17712549514416764,ok
Madagascar,MDG,Transport,0.869,0.9312817967714958,0.06228179677149581,108825.0,ilo_calibrated,0.47543356314118956,86.82,77.58514438140597,86.99712549514416,-9.234855618594025,0.17712549514416764,ok
Madagascar,MDG,Manual,0.335,0.6511633194888911,0.31616331948889104,1363687.0,ilo_calibrated,0.47543356314118956,86.82,77.58514438140597,86.99712549514416,-9.234855618594025,0.17712549514416764,ok
Madagascar,MDG,Cleaning,0.485,0.7298482850177126,0.2448482850177126,673325.0,ilo_calibrated,0.47543356314118956,86.82,77.58514438140597,86.99712549514416,-9.234855618594025,0.17712549514416764,ok
Madagascar,MDG,Tech,0.32,0.6432948229360089,0.3232948229360089,112323.0,ilo_calibrated,0.47543356314118956,86.82,77.58514438140597,86.99712549514416,-9.234855618594025,0.17712549514416764,ok
Madagascar,MDG,ArmedForces,0.4,0.4,0.0,21369.0,ilo_calibrated,0.47543356314118956,86.82,77.58514438140597,86.99712549514416,-9.234855618594025,0.17712549514416764,ok
Maldives,MDV,Food,0.895,0.8164153339471715,-0.07858466605282854,42086.0,ilo_calibrated,0.08780409614841177,38.61,42.51061752622812,38.823180216993094,3.9006175262281175,0.21318021699309497,ok
Maldives,MDV,Health,0.819,0.7470884452544507,-0.07191155474554922,7793.0,ilo_calibrated,0.08780409614841177,38.61,42.51061752622812,38.823180216993094,3.9006175262281175,0.21318021699309497,ok
Maldives,MDV,Retail,0.876,0.7990836117739912,-0.07691638822600877,11896.0,ilo_calibrated,0.08780409614841177,38.61,42.51061752622812,38.823180216993094,3.9006175262281175,0.21318021699309497,ok
Maldives,MDV,Security,0.846,0.7717177346584436,-0.07428226534155635,5032.0,ilo_calibrated,0.08780409614841177,38.61,42.51061752622812,38.823180216993094,3.9006175262281175,0.21318021699309497,ok
Maldives,MDV,Transport,0.869,0.7926982404470302,-0.0763017595529698,5415.0,ilo_calibrated,0.08780409614841177,38.61,42.51061752622812,38.823180216993094,3.9006175262281175,0.21318021699309497,ok
Maldives,MDV,Manual,0.335,0.3055856277902821,-0.02941437220971793,19951.0,ilo_calibrated,0.08780409614841177,38.61,42.51061752622812,38.823180216993094,3.9006175262281175,0.21318021699309497,ok
Maldives,MDV,Cleaning,0.485,0.44241501336802025,-0.04258498663197974,12270.0,ilo_calibrated,0.08780409614841177,38.61,42.51061752622812,38.823180216993094,3.9006175262281175,0.21318021699309497,ok
Maldives,MDV,Tech,0.32,0.29190268923250823,-0.02809731076749178,13933.0,ilo_calibrated,0.08780409614841177,38.61,42.51061752622812,38.823180216993094,3.9006175262281175,0.21318021699309497,ok
Maldives,MDV,ArmedForces,0.4,0.4,0.0,2466.0,ilo_calibrated,0.08780409614841177,38.61,42.51061752622812,38.823180216993094,3.9006175262281175,0.21318021699309497,ok
Mexico,MEX,Food,0.895,0.9374076839917294,0.04240768399172934,7911877.0,ilo_calibrated,0.40388270468313625,58.69,48.244938519069976,60.133285344364594,-10.445061480930022,1.4432853443645968,ok
Mexico,MEX,Health,0.819,0.8921027695476477,0.07310276954764772,1865230.0,ilo_calibrated,0.40388270468313625,58.69,48.244938519069976,60.133285344364594,-10.445061480930022,1.4432853443645968,ok
Mexico,MEX,Retail,0.876,0.9260814553807089,0.05008145538070885,9297200.0,ilo_calibrated,0.40388270468313625,58.69,48.244938519069976,60.133285344364594,-10.445061480930022,1.4432853443645968,ok
Mexico,MEX,Security,0.846,0.908197936521203,0.06219793652120298,731673.0,ilo_calibrated,0.40388270468313625,58.69,48.244938519069976,60.133285344364594,-10.445061480930022,1.4432853443645968,ok
Mexico,MEX,Transport,0.869,0.9219086343134908,0.0529086343134908,3563828.0,ilo_calibrated,0.40388270468313625,58.69,48.244938519069976,60.133285344364594,-10.445061480930022,1.4432853443645968,ok
Mexico,MEX,Manual,0.335,0.6035819986142856,0.2685819986142856,14400780.0,ilo_calibrated,0.40388270468313625,58.69,48.244938519069976,60.133285344364594,-10.445061480930022,1.4432853443645968,ok
Mexico,MEX,Cleaning,0.485,0.6929995929118151,0.20799959291181513,3504553.0,ilo_calibrated,0.40388270468313625,58.69,48.244938519069976,60.133285344364594,-10.445061480930022,1.4432853443645968,ok
Mexico,MEX,Tech,0.32,0.5946402391845327,0.2746402391845327,4547680.0,ilo_calibrated,0.40388270468313625,58.69,48.244938519069976,60.133285344364594,-10.445061480930022,1.4432853443645968,ok
Mexico,MEX,ArmedForces,0.4,0.4,0.0,72500.0,ilo_calibrated,0.40388270468313625,58.69,48.244938519069976,60.133285344364594,-10.445061480930022,1.4432853443645968,ok
Marshall Islands,MHL,Food,0.895,0.8104010669359784,-0.08459893306402166,1595.0,ilo_calibrated,0.0945239475575661,37.88,42.25418945610184,38.27685485198029,4.374189456101838,0.3968548519802866,ok
Marshall Islands,MHL,Health,0.819,0.7415848869503533,-0.07741511304964666,622.0,ilo_calibrated,0.0945239475575661,37.88,42.25418945610184,38.27685485198029,4.374189456101838,0.3968548519802866,ok
Marshall Islands,MHL,Retail,0.876,0.7931970219395721,-0.08280297806042791,862.0,ilo_calibrated,0.0945239475575661,37.88,42.25418945610184,38.27685485198029,4.374189456101838,0.3968548519802866,ok
Marshall Islands,MHL,Security,0.846,0.7660327403662991,-0.07996725963370088,781.0,ilo_calibrated,0.0945239475575661,37.88,42.25418945610184,38.27685485198029,4.374189456101838,0.3968548519802866,ok
Marshall Islands,MHL,Transport,0.869,0.7868586895724751,-0.08214131042752493,523.0,ilo_calibrated,0.0945239475575661,37.88,42.25418945610184,38.27685485198029,4.374189456101838,0.3968548519802866,ok
Marshall Islands,MHL,Manual,0.335,0.30333447756821535,-0.031665522431784665,2346.0,ilo_calibrated,0.0945239475575661,37.88,42.25418945610184,38.27685485198029,4.374189456101838,0.3968548519802866,ok
Marshall Islands,MHL,Cleaning,0.485,0.43915588543458045,-0.045844114565419536,667.0,ilo_calibrated,0.0945239475575661,37.88,42.25418945610184,38.27685485198029,4.374189456101838,0.3968548519802866,ok
Marshall Islands,MHL,Tech,0.32,0.28975233678157886,-0.03024766321842115,882.0,ilo_calibrated,0.0945239475575661,37.88,42.25418945610184,38.27685485198029,4.374189456101838,0.3968548519802866,ok
Marshall Islands,MHL,ArmedForces,0.4,0.4,0.0,54.566949420873385,ilo_calibrated,0.0945239475575661,37.88,42.25418945610184,38.27685485198029,4.374189456101838,0.3968548519802866,ok
North Macedonia,MKD,Food,0.895,0.911791401515636,0.016791401515635962,66810.0,ilo_calibrated,0.15991810967272385,45.74,41.452308529771294,45.74000000000003,-4.287691470228708,2.842170943040401e-14,ok
North Macedonia,MKD,Health,0.819,0.847945177850763,0.028945177850763004,41070.0,ilo_calibrated,0.15991810967272385,45.74,41.452308529771294,45.74000000000003,-4.287691470228708,2.842170943040401e-14,ok
North Macedonia,MKD,Retail,0.876,0.8958298455994178,0.019829845599417806,67048.0,ilo_calibrated,0.15991810967272385,45.74,41.452308529771294,45.74000000000003,-4.287691470228708,2.842170943040401e-14,ok
North Macedonia,MKD,Security,0.846,0.8706273888895995,0.024627388889599477,20552.0,ilo_calibrated,0.15991810967272385,45.74,41.452308529771294,45.74000000000003,-4.287691470228708,2.842170943040401e-14,ok
North Macedonia,MKD,Transport,0.869,0.8899492723671268,0.020949272367126848,35139.0,ilo_calibrated,0.15991810967272385,45.74,41.452308529771294,45.74000000000003,-4.287691470228708,2.842170943040401e-14,ok
North Macedonia,MKD,Manual,0.335,0.4413455429323614,0.10634554293236137,147881.0,ilo_calibrated,0.15991810967272385,45.74,41.452308529771294,45.74000000000003,-4.287691470228708,2.842170943040401e-14,ok
North Macedonia,MKD,Cleaning,0.485,0.5673578264814527,0.08235782648145273,38052.0,ilo_calibrated,0.15991810967272385,45.74,41.452308529771294,45.74000000000003,-4.287691470228708,2.842170943040401e-14,ok
North Macedonia,MKD,Tech,0.32,0.4287443145774522,0.1087443145774522,57646.0,ilo_calibrated,0.15991810967272385,45.74,41.452308529771294,45.74000000000003,-4.287691470228708,2.842170943040401e-14,ok
North Macedonia,MKD,ArmedForces,0.4,0.4,0.0,9032.937346769224,ilo_calibrated,0.15991810967272385,45.74,41.452308529771294,45.74000000000003,-4.287691470228708,2.842170943040401e-14,ok
Mali,MLI,Food,0.895,0.895,0.0,4353988.0,global_fallback,0.0,,77.72005498018821,77.72005498018821,,,global_fallback
Mali,MLI,Health,0.819,0.819,0.0,52261.0,global_fallback,0.0,,77.72005498018821,77.72005498018821,,,global_fallback
Mali,MLI,Retail,0.876,0.876,0.0,919510.0,global_fallback,0.0,,77.72005498018821,77.72005498018821,,,global_fallback
Mali,MLI,Security,0.846,0.846,0.0,57032.0,global_fallback,0.0,,77.72005498018821,77.72005498018821,,,global_fallback
Mali,MLI,Transport,0.869,0.869,0.0,107533.0,global_fallback,0.0,,77.72005498018821,77.72005498018821,,,global_fallback
Mali,MLI,Manual,0.335,0.335,0.0,522488.0,global_fallback,0.0,,77.72005498018821,77.72005498018821,,,global_fallback
Mali,MLI,Cleaning,0.485,0.485,0.0,149121.0,global_fallback,0.0,,77.72005498018821,77.72005498018821,,,global_fallback
Mali,MLI,Tech,0.32,0.32,0.0,330532.0,global_fallback,0.0,,77.72005498018821,77.72005498018821,,,global_fallback
Mali,MLI,ArmedForces,0.4,0.4,0.0,12021.0,global_fallback,0.0,,77.72005498018821,77.72005498018821,,,global_fallback
Malta,MLT,Food,0.895,0.8157844100520399,-0.07921558994796007,,neighbour_backfill,0.08850903904800014,,,,,,
Malta,MLT,Health,0.819,0.7465110970196879,-0.07248890298031208,,neighbour_backfill,0.08850903904800014,,,,,,
Malta,MLT,Retail,0.876,0.798466081793952,-0.07753391820604805,,neighbour_backfill,0.08850903904800014,,,,,,
Malta,MLT,Security,0.846,0.7711213529653919,-0.07487864703460811,,neighbour_backfill,0.08850903904800014,,,,,,
Malta,MLT,Transport,0.869,0.7920856450672878,-0.07691435493271215,,neighbour_backfill,0.08850903904800014,,,,,,
Malta,MLT,Manual,0.335,0.30534947191892,-0.02965052808108004,,neighbour_backfill,0.08850903904800014,,,,,,
Malta,MLT,Cleaning,0.485,0.44207311606171995,-0.042926883938280036,,neighbour_backfill,0.08850903904800014,,,,,,
Malta,MLT,Tech,0.32,0.29167710750464,-0.02832289249536002,,neighbour_backfill,0.08850903904800014,,,,,,
Malta,MLT,ArmedForces,0.4,0.4,0.0,,neighbour_backfill,0.08850903904800014,,,,,,
Myanmar,MMR,Food,0.895,0.9189876161842219,0.02398761618422185,9787693.0,ilo_calibrated,0.2284534874687792,75.0,69.84071207557346,75.00000000000004,-5.159287924426536,4.263256414560601e-14,ok
Myanmar,MMR,Health,0.819,0.860350081231849,0.04135008123184902,91035.0,ilo_calibrated,0.2284534874687792,75.0,69.84071207557346,75.00000000000004,-5.159287924426536,4.263256414560601e-14,ok
Myanmar,MMR,Retail,0.876,0.9043282324461286,0.028328232446128587,4084621.0,ilo_calibrated,0.2284534874687792,75.0,69.84071207557346,75.00000000000004,-5.159287924426536,4.263256414560601e-14,ok
Myanmar,MMR,Security,0.846,0.8811818370701919,0.03518183707019196,125266.0,ilo_calibrated,0.2284534874687792,75.0,69.84071207557346,75.00000000000004,-5.159287924426536,4.263256414560601e-14,ok
Myanmar,MMR,Transport,0.869,0.8989274068584101,0.02992740685841011,1069868.0,ilo_calibrated,0.2284534874687792,75.0,69.84071207557346,75.00000000000004,-5.159287924426536,4.263256414560601e-14,ok
Myanmar,MMR,Manual,0.335,0.48692156916673823,0.1519215691667382,3261081.0,ilo_calibrated,0.2284534874687792,75.0,69.84071207557346,75.00000000000004,-5.159287924426536,4.263256414560601e-14,ok
Myanmar,MMR,Cleaning,0.485,0.6026535460464213,0.11765354604642131,1852854.0,ilo_calibrated,0.2284534874687792,75.0,69.84071207557346,75.00000000000004,-5.159287924426536,4.263256414560601e-14,ok
Myanmar,MMR,Tech,0.32,0.47534837147876985,0.15534837147876984,290385.0,ilo_calibrated,0.2284534874687792,75.0,69.84071207557346,75.00000000000004,-5.159287924426536,4.263256414560601e-14,ok
Myanmar,MMR,ArmedForces,0.4,0.4,0.0,61124.9857962695,ilo_calibrated,0.2284534874687792,75.0,69.84071207557346,75.00000000000004,-5.159287924426536,4.263256414560601e-14,ok
Montenegro,MNE,Food,0.895,0.895,0.0,13936.0,global_fallback,0.0,,37.72548573322488,37.72548573322488,,,global_fallback
Montenegro,MNE,Health,0.819,0.819,0.0,14242.0,global_fallback,0.0,,37.72548573322488,37.72548573322488,,,global_fallback
Montenegro,MNE,Retail,0.876,0.876,0.0,34708.0,global_fallback,0.0,,37.72548573322488,37.72548573322488,,,global_fallback
Montenegro,MNE,Security,0.846,0.846,0.0,11066.0,global_fallback,0.0,,37.72548573322488,37.72548573322488,,,global_fallback
Montenegro,MNE,Transport,0.869,0.869,0.0,17438.0,global_fallback,0.0,,37.72548573322488,37.72548573322488,,,global_fallback
Montenegro,MNE,Manual,0.335,0.335,0.0,36057.0,global_fallback,0.0,,37.72548573322488,37.72548573322488,,,global_fallback
Montenegro,MNE,Cleaning,0.485,0.485,0.0,11044.0,global_fallback,0.0,,37.72548573322488,37.72548573322488,,,global_fallback
Montenegro,MNE,Tech,0.32,0.32,0.0,29466.0,global_fallback,0.0,,37.72548573322488,37.72548573322488,,,global_fallback
Montenegro,MNE,ArmedForces,0.4,0.4,0.0,1708.8464623671634,global_fallback,0.0,,37.72548573322488,37.72548573322488,,,global_fallback
Mongolia,MNG,Food,0.895,0.9230608646362771,0.028060864636277105,316407.0,ilo_calibrated,0.2672463298693063,55.9,50.28089160434668,55.93136231457427,-5.6191083956533205,0.03136231457427385,ok
Mongolia,MNG,Health,0.819,0.8673715857063444,0.04837158570634448,59878.0,ilo_calibrated,0.2672463298693063,55.9,50.28089160434668,55.93136231457427,-5.6191083956533205,0.03136231457427385,ok
Mongolia,MNG,Retail,0.876,0.909138544903794,0.033138544903793976,122674.0,ilo_calibrated,0.2672463298693063,55.9,50.28089160434668,55.93136231457427,-5.6191083956533205,0.03136231457427385,ok
Mongolia,MNG,Security,0.846,0.8871559347998732,0.04115593479987323,23076.0,ilo_calibrated,0.2672463298693063,55.9,50.28089160434668,55.93136231457427,-5.6191083956533205,0.03136231457427385,ok
Mongolia,MNG,Transport,0.869,0.9040092692128792,0.03500926921287917,121658.0,ilo_calibrated,0.2672463298693063,55.9,50.28089160434668,55.93136231457427,-5.6191083956533205,0.03136231457427385,ok
Mongolia,MNG,Manual,0.335,0.5127188093630888,0.17771880936308876,185741.0,ilo_calibrated,0.2672463298693063,55.9,50.28089160434668,55.93136231457427,-5.6191083956533205,0.03136231457427385,ok
Mongolia,MNG,Cleaning,0.485,0.6226318598826928,0.13763185988269278,72648.0,ilo_calibrated,0.2672463298693063,55.9,50.28089160434668,55.93136231457427,-5.6191083956533205,0.03136231457427385,ok
Mongolia,MNG,Tech,0.32,0.5017275043111282,0.18172750431112822,73329.0,ilo_calibrated,0.2672463298693063,55.9,50.28089160434668,55.93136231457427,-5.6191083956533205,0.03136231457427385,ok
Mongolia,MNG,ArmedForces,0.4,0.4,0.0,6864.953552341396,ilo_calibrated,0.2672463298693063,55.9,50.28089160434668,55.93136231457427,-5.6191083956533205,0.03136231457427385,ok
Northern Mariana Islands,MNP,Food,0.895,0.7914710925894695,-0.10352890741053056,,neighbour_backfill,0.11567475688327429,,,,,,
Northern Mariana Islands,MNP,Health,0.819,0.7242623741125982,-0.09473762588740176,,neighbour_backfill,0.11567475688327429,,,,,,
Northern Mariana Islands,MNP,Retail,0.876,0.7746689129702516,-0.10133108702974836,,neighbour_backfill,0.11567475688327429,,,,,,
Northern Mariana Islands,MNP,Security,0.846,0.7481391556767498,-0.09786084432325015,,neighbour_backfill,0.11567475688327429,,,,,,
Northern Mariana Islands,MNP,Transport,0.869,0.7684786362684345,-0.1005213637315655,,neighbour_backfill,0.11567475688327429,,,,,,
Northern Mariana Islands,MNP,Manual,0.335,0.2962489564441031,-0.038751043555896925,,neighbour_backfill,0.11567475688327429,,,,,,
Northern Mariana Islands,MNP,Cleaning,0.485,0.4288977429116119,-0.05610225708838806,,neighbour_backfill,0.11567475688327429,,,,,,
Northern Mariana Islands,MNP,Tech,0.32,0.28298407779735224,-0.037015922202647766,,neighbour_backfill,0.11567475688327429,,,,,,
Northern Mariana Islands,MNP,ArmedForces,0.4,0.4,0.0,,neighbour_backfill,0.11567475688327429,,,,,,
Mozambique,MOZ,Food,0.895,0.9415881735764687,0.04658817357646872,8966501.0,ilo_calibrated,0.44369689120446393,86.93,79.95405691187442,86.94974419891679,-6.9759430881255895,0.019744198916782807,ok
Mozambique,MOZ,Health,0.819,0.899309137308008,0.08030913730800804,74413.0,ilo_calibrated,0.44369689120446393,86.93,79.95405691187442,86.94974419891679,-6.9759430881255895,0.019744198916782807,ok
Mozambique,MOZ,Retail,0.876,0.9310184145093535,0.05501841450935352,1010998.0,ilo_calibrated,0.44369689120446393,86.93,79.95405691187442,86.94974419891679,-6.9759430881255895,0.019744198916782807,ok
Mozambique,MOZ,Security,0.846,0.9143293212454875,0.06832932124548752,203538.0,ilo_calibrated,0.44369689120446393,86.93,79.95405691187442,86.94974419891679,-6.9759430881255895,0.019744198916782807,ok
Mozambique,MOZ,Transport,0.869,0.9271242927477847,0.058124292747784745,161876.0,ilo_calibrated,0.44369689120446393,86.93,79.95405691187442,86.94974419891679,-6.9759430881255895,0.019744198916782807,ok
Mozambique,MOZ,Manual,0.335,0.6300584326509686,0.2950584326509686,856205.0,ilo_calibrated,0.44369689120446393,86.93,79.95405691187442,86.94974419891679,-6.9759430881255895,0.019744198916782807,ok
Mozambique,MOZ,Cleaning,0.485,0.7135038989702989,0.22850389897029888,274863.0,ilo_calibrated,0.44369689120446393,86.93,79.95405691187442,86.94974419891679,-6.9759430881255895,0.019744198916782807,ok
Mozambique,MOZ,Tech,0.32,0.6217138860190354,0.3017138860190354,115329.0,ilo_calibrated,0.44369689120446393,86.93,79.95405691187442,86.94974419891679,-6.9759430881255895,0.019744198916782807,ok
Mozambique,MOZ,ArmedForces,0.4,0.4,0.0,15352.0,ilo_calibrated,0.44369689120446393,86.93,79.95405691187442,86.94974419891679,-6.9759430881255895,0.019744198916782807,ok
Mauritania,MRT,Food,0.895,0.9010935169292088,0.0060935169292087865,,neighbour_backfill,0.05803349456389324,,,,,,
Mauritania,MRT,Health,0.819,0.8295040625160647,0.010504062516064727,,neighbour_backfill,0.05803349456389324,,,,,,
Mauritania,MRT,Retail,0.876,0.8831961533259227,0.007196153325922716,,neighbour_backfill,0.05803349456389324,,,,,,
Mauritania,MRT,Security,0.846,0.8549371581628396,0.008937158162839576,,neighbour_backfill,0.05803349456389324,,,,,,
Mauritania,MRT,Transport,0.869,0.87660238778787,0.007602387787870035,,neighbour_backfill,0.05803349456389324,,,,,,
Mauritania,MRT,Manual,0.335,0.37359227388498906,0.03859227388498904,,neighbour_backfill,0.05803349456389324,,,,,,
Mauritania,MRT,Cleaning,0.485,0.514887249700405,0.029887249700405016,,neighbour_backfill,0.05803349456389324,,,,,,
Mauritania,MRT,Tech,0.32,0.3594627763034474,0.03946277630344741,,neighbour_backfill,0.05803349456389324,,,,,,
Mauritania,MRT,ArmedForces,0.4,0.4,0.0,,neighbour_backfill,0.05803349456389324,,,,,,
Mauritius,MUS,Food,0.895,0.895,0.0,34472.0,global_fallback,0.0,,38.892732374829905,38.892732374829905,,,global_fallback
Mauritius,MUS,Health,0.819,0.819,0.0,20754.0,global_fallback,0.0,,38.892732374829905,38.892732374829905,,,global_fallback
Mauritius,MUS,Retail,0.876,0.876,0.0,47745.0,global_fallback,0.0,,38.892732374829905,38.892732374829905,,,global_fallback
Mauritius,MUS,Security,0.846,0.846,0.0,26075.0,global_fallback,0.0,,38.892732374829905,38.892732374829905,,,global_fallback
Mauritius,MUS,Transport,0.869,0.869,0.0,28517.0,global_fallback,0.0,,38.892732374829905,38.892732374829905,,,global_fallback
Mauritius,MUS,Manual,0.335,0.335,0.0,99907.0,global_fallback,0.0,,38.892732374829905,38.892732374829905,,,global_fallback
Mauritius,MUS,Cleaning,0.485,0.485,0.0,50900.0,global_fallback,0.0,,38.892732374829905,38.892732374829905,,,global_fallback
Mauritius,MUS,Tech,0.32,0.32,0.0,52996.0,global_fallback,0.0,,38.892732374829905,38.892732374829905,,,global_fallback
Mauritius,MUS,ArmedForces,0.4,0.4,0.0,2414.3644561066285,global_fallback,0.0,,38.892732374829905,38.892732374829905,,,global_fallback
Malawi,MWI,Food,0.895,0.8368802740203354,-0.05811972597966464,1855894.0,neighbour_backfill,0.3128135995328453,,59.61762657013213,58.90993222227493,,,
Malawi,MWI,Health,0.819,0.7846541075848317,-0.03434589241516828,48617.0,neighbour_backfill,0.3128135995328453,,59.61762657013213,58.90993222227493,,,
Malawi,MWI,Retail,0.876,0.8238237324114595,-0.05217626758854055,797722.0,neighbour_backfill,0.3128135995328453,,59.61762657013213,58.90993222227493,,,
Malawi,MWI,Security,0.846,0.8032081403974448,-0.04279185960255516,54228.0,neighbour_backfill,0.3128135995328453,,59.61762657013213,58.90993222227493,,,
Malawi,MWI,Transport,0.869,0.8190134276081893,-0.0499865723918107,77130.0,neighbour_backfill,0.3128135995328453,,59.61762657013213,58.90993222227493,,,
Malawi,MWI,Manual,0.335,0.4520558897587288,0.11705588975872877,556844.0,neighbour_backfill,0.3128135995328453,,59.61762657013213,58.90993222227493,,,
Malawi,MWI,Cleaning,0.485,0.5551338498288019,0.07013384982880189,370243.0,neighbour_backfill,0.3128135995328453,,59.61762657013213,58.90993222227493,,,
Malawi,MWI,Tech,0.32,0.4417480937517214,0.12174809375172141,254151.0,neighbour_backfill,0.3128135995328453,,59.61762657013213,58.90993222227493,,,
Malawi,MWI,ArmedForces,0.4,0.4,0.0,21994.742969387687,neighbour_backfill,0.3128135995328453,,59.61762657013213,58.90993222227493,,,
Malaysia,MYS,Food,0.895,0.8686532022319547,-0.02634679776804527,,neighbour_backfill,0.029437762869324265,,,,,,
Malaysia,MYS,Health,0.819,0.7948904722100233,-0.02410952778997666,,neighbour_backfill,0.029437762869324265,,,,,,
Malaysia,MYS,Retail,0.876,0.8502125197264719,-0.025787480273528063,,neighbour_backfill,0.029437762869324265,,,,,,
Malaysia,MYS,Security,0.846,0.8210956526125516,-0.0249043473874484,,neighbour_backfill,0.029437762869324265,,,,,,
Malaysia,MYS,Transport,0.869,0.8434185840665571,-0.025581415933442875,,neighbour_backfill,0.029437762869324265,,,,,,
Malaysia,MYS,Manual,0.335,0.3251383494387764,-0.009861650561223623,,neighbour_backfill,0.029437762869324265,,,,,,
Malaysia,MYS,Cleaning,0.485,0.4707226850083777,-0.01427731499162227,,neighbour_backfill,0.029437762869324265,,,,,,
Malaysia,MYS,Tech,0.32,0.3105799158818162,-0.009420084118183791,,neighbour_backfill,0.029437762869324265,,,,,,
Malaysia,MYS,ArmedForces,0.4,0.4,0.0,,neighbour_backfill,0.029437762869324265,,,,,,
Namibia,NAM,Food,0.895,0.895,0.0,152122.0,global_fallback,0.0,,47.828586766014666,47.828586766014666,,,global_fallback
Namibia,NAM,Health,0.819,0.819,0.0,12703.0,global_fallback,0.0,,47.828586766014666,47.828586766014666,,,global_fallback
Namibia,NAM,Retail,0.876,0.876,0.0,25019.0,global_fallback,0.0,,47.828586766014666,47.828586766014666,,,global_fallback
Namibia,NAM,Security,0.846,0.846,0.0,13919.658462011135,global_fallback,0.0,,47.828586766014666,47.828586766014666,,,global_fallback
Namibia,NAM,Transport,0.869,0.869,0.0,26141.0,global_fallback,0.0,,47.828586766014666,47.828586766014666,,,global_fallback
Namibia,NAM,Manual,0.335,0.335,0.0,112085.0,global_fallback,0.0,,47.828586766014666,47.828586766014666,,,global_fallback
Namibia,NAM,Cleaning,0.485,0.485,0.0,113020.0,global_fallback,0.0,,47.828586766014666,47.828586766014666,,,global_fallback
Namibia,NAM,Tech,0.32,0.32,0.0,81944.0,global_fallback,0.0,,47.828586766014666,47.828586766014666,,,global_fallback
Namibia,NAM,ArmedForces,0.4,0.4,0.0,17237.631984782125,global_fallback,0.0,,47.828586766014666,47.828586766014666,,,global_fallback
New Caledonia,NCL,Food,0.895,0.7915290272831951,-0.10347097271680494,,neighbour_backfill,0.11561002538190499,,,,,,
New Caledonia,NCL,Health,0.819,0.7243153892122197,-0.09468461078778023,,neighbour_backfill,0.11561002538190499,,,,,,
New Caledonia,NCL,Retail,0.876,0.7747256177654512,-0.10127438223454877,,neighbour_backfill,0.11561002538190499,,,,,,
New Caledonia,NCL,Security,0.846,0.7481939185269083,-0.09780608147309167,,neighbour_backfill,0.11561002538190499,,,,,,
New Caledonia,NCL,Transport,0.869,0.7685348879431245,-0.10046511205687547,,neighbour_backfill,0.11561002538190499,,,,,,
New Caledonia,NCL,Manual,0.335,0.29627064149706184,-0.03872935850293818,,neighbour_backfill,0.11561002538190499,,,,,,
New Caledonia,NCL,Cleaning,0.485,0.42892913768977603,-0.05607086231022396,,neighbour_backfill,0.11561002538190499,,,,,,
New Caledonia,NCL,Tech,0.32,0.28300479187779043,-0.03699520812220958,,neighbour_backfill,0.11561002538190499,,,,,,
New Caledonia,NCL,ArmedForces,0.4,0.4,0.0,,neighbour_backfill,0.11561002538190499,,,,,,
Niger,NER,Food,0.895,0.9010935169292088,0.0060935169292087865,604251.0,ilo_calibrated,0.05803349456389324,62.28,61.88856431233515,63.32789863508657,-0.3914356876648526,1.0478986350865682,ok
Niger,NER,Health,0.819,0.8295040625160647,0.010504062516064727,67838.0,ilo_calibrated,0.05803349456389324,62.28,61.88856431233515,63.32789863508657,-0.3914356876648526,1.0478986350865682,ok
Niger,NER,Retail,0.876,0.8831961533259227,0.007196153325922716,492704.0,ilo_calibrated,0.05803349456389324,62.28,61.88856431233515,63.32789863508657,-0.3914356876648526,1.0478986350865682,ok
Niger,NER,Security,0.846,0.8549371581628396,0.008937158162839576,17019.0,ilo_calibrated,0.05803349456389324,62.28,61.88856431233515,63.32789863508657,-0.3914356876648526,1.0478986350865682,ok
Niger,NER,Transport,0.869,0.87660238778787,0.007602387787870035,48896.0,ilo_calibrated,0.05803349456389324,62.28,61.88856431233515,63.32789863508657,-0.3914356876648526,1.0478986350865682,ok
Niger,NER,Manual,0.335,0.37359227388498906,0.03859227388498904,378415.0,ilo_calibrated,0.05803349456389324,62.28,61.88856431233515,63.32789863508657,-0.3914356876648526,1.0478986350865682,ok
Niger,NER,Cleaning,0.485,0.514887249700405,0.029887249700405016,84977.0,ilo_calibrated,0.05803349456389324,62.28,61.88856431233515,63.32789863508657,-0.3914356876648526,1.0478986350865682,ok
Niger,NER,Tech,0.32,0.3594627763034474,0.03946277630344741,113571.0,ilo_calibrated,0.05803349456389324,62.28,61.88856431233515,63.32789863508657,-0.3914356876648526,1.0478986350865682,ok
Niger,NER,ArmedForces,0.4,0.4,0.0,11500.54556290286,ilo_calibrated,0.05803349456389324,62.28,61.88856431233515,63.32789863508657,-0.3914356876648526,1.0478986350865682,ok
Nigeria,NGA,Food,0.895,0.9476993262982651,0.052699326298265126,25658419.0,ilo_calibrated,0.5018983456977628,63.05,53.27917516603241,63.19624883755755,-9.770824833967588,0.14624883755755036,ok
Nigeria,NGA,Health,0.819,0.9098436005712951,0.09084360057129515,760147.0,ilo_calibrated,0.5018983456977628,63.05,53.27917516603241,63.19624883755755,-9.770824833967588,0.14624883755755036,ok
Nigeria,NGA,Retail,0.876,0.9382353948665226,0.06223539486652263,6977898.0,ilo_calibrated,0.5018983456977628,63.05,53.27917516603241,63.19624883755755,-9.770824833967588,0.14624883755755036,ok
Nigeria,NGA,Security,0.846,0.9232923452374555,0.07729234523745554,617101.0,ilo_calibrated,0.5018983456977628,63.05,53.27917516603241,63.19624883755755,-9.770824833967588,0.14624883755755036,ok
Nigeria,NGA,Transport,0.869,0.9347486832864069,0.06574868328640693,2794714.0,ilo_calibrated,0.5018983456977628,63.05,53.27917516603241,63.19624883755755,-9.770824833967588,0.14624883755755036,ok
Nigeria,NGA,Manual,0.335,0.6687623998890123,0.3337623998890123,10492603.0,ilo_calibrated,0.5018983456977628,63.05,53.27917516603241,63.19624883755755,-9.770824833967588,0.14624883755755036,ok
Nigeria,NGA,Cleaning,0.485,0.7434776480343479,0.2584776480343479,639069.0,ilo_calibrated,0.5018983456977628,63.05,53.27917516603241,63.19624883755755,-9.770824833967588,0.14624883755755036,ok
Nigeria,NGA,Tech,0.32,0.6612908750744787,0.3412908750744787,3756883.0,ilo_calibrated,0.5018983456977628,63.05,53.27917516603241,63.19624883755755,-9.770824833967588,0.14624883755755036,ok
Nigeria,NGA,ArmedForces,0.4,0.4,0.0,313317.195680962,ilo_calibrated,0.5018983456977628,63.05,53.27917516603241,63.19624883755755,-9.770824833967588,0.14624883755755036,ok
Nicaragua,NIC,Food,0.895,0.8864465405194721,-0.00855345948052788,,neighbour_backfill,0.1445065299977417,,,,,,
Nicaragua,NIC,Health,0.819,0.8214290367993006,0.0024290367993006212,,neighbour_backfill,0.1445065299977417,,,,,,
Nicaragua,NIC,Retail,0.876,0.8701921645894294,-0.0058078354105706165,,neighbour_backfill,0.1445065299977417,,,,,,
Nicaragua,NIC,Security,0.846,0.8445273604893616,-0.0014726395106383627,,neighbour_backfill,0.1445065299977417,,,,,,
Nicaragua,NIC,Transport,0.869,0.8642037102994135,-0.004796289700586542,,neighbour_backfill,0.1445065299977417,,,,,,
Nicaragua,NIC,Manual,0.335,0.40737019731820756,0.07237019731820754,,neighbour_backfill,0.1445065299977417,,,,,,
Nicaragua,NIC,Cleaning,0.485,0.5356942178185463,0.05069421781854633,,neighbour_backfill,0.1445065299977417,,,,,,
Nicaragua,NIC,Tech,0.32,0.3945377952681737,0.07453779526817367,,neighbour_backfill,0.1445065299977417,,,,,,
Nicaragua,NIC,ArmedForces,0.4,0.4,0.0,,neighbour_backfill,0.1445065299977417,,,,,,
Netherlands,NLD,Food,0.895,0.895,0.0,244986.0,global_fallback,0.0,,28.632685953202085,28.632685953202085,,,global_fallback
Netherlands,NLD,Health,0.819,0.819,0.0,1134084.0,global_fallback,0.0,,28.632685953202085,28.632685953202085,,,global_fallback
Netherlands,NLD,Retail,0.876,0.876,0.0,617889.0,global_fallback,0.0,,28.632685953202085,28.632685953202085,,,global_fallback
Netherlands,NLD,Security,0.846,0.846,0.0,91990.0,global_fallback,0.0,,28.632685953202085,28.632685953202085,,,global_fallback
Netherlands,NLD,Transport,0.869,0.869,0.0,281815.0,global_fallback,0.0,,28.632685953202085,28.632685953202085,,,global_fallback
Netherlands,NLD,Manual,0.335,0.335,0.0,1093983.0,global_fallback,0.0,,28.632685953202085,28.632685953202085,,,global_fallback
Netherlands,NLD,Cleaning,0.485,0.485,0.0,267845.0,global_fallback,0.0,,28.632685953202085,28.632685953202085,,,global_fallback
Netherlands,NLD,Tech,0.32,0.32,0.0,870873.0,global_fallback,0.0,,28.632685953202085,28.632685953202085,,,global_fallback
Netherlands,NLD,ArmedForces,0.4,0.4,0.0,26654.0,global_fallback,0.0,,28.632685953202085,28.632685953202085,,,global_fallback
Norway,NOR,Food,0.895,0.895,0.0,75740.0,global_fallback,0.0,,34.08624770317299,34.08624770317299,,,global_fallback
Norway,NOR,Health,0.819,0.819,0.0,488719.0,global_fallback,0.0,,34.08624770317299,34.08624770317299,,,global_fallback
Norway,NOR,Retail,0.876,0.876,0.0,192777.0,global_fallback,0.0,,34.08624770317299,34.08624770317299,,,global_fallback
Norway,NOR,Security,0.846,0.846,0.0,21845.0,global_fallback,0.0,,34.08624770317299,34.08624770317299,,,global_fallback
Norway,NOR,Transport,0.869,0.869,0.0,103419.0,global_fallback,0.0,,34.08624770317299,34.08624770317299,,,global_fallback
Norway,NOR,Manual,0.335,0.335,0.0,309667.0,global_fallback,0.0,,34.08624770317299,34.08624770317299,,,global_fallback
Norway,NOR,Cleaning,0.485,0.485,0.0,72730.0,global_fallback,0.0,,34.08624770317299,34.08624770317299,,,global_fallback
Norway,NOR,Tech,0.32,0.32,0.0,270608.0,global_fallback,0.0,,34.08624770317299,34.08624770317299,,,global_fallback
Norway,NOR,ArmedForces,0.4,0.4,0.0,8502.0,global_fallback,0.0,,34.08624770317299,34.08624770317299,,,global_fallback
Nepal,NPL,Food,0.895,0.8063082894206521,-0.08869171057934788,1830757.0,ilo_calibrated,0.09909688332888036,51.37,56.99871600344183,51.36999999999997,5.628716003441831,-2.842170943040401e-14,ok
Nepal,NPL,Health,0.819,0.7378396525536469,-0.08116034744635303,159241.0,ilo_calibrated,0.09909688332888036,51.37,56.99871600344183,51.36999999999997,5.628716003441831,-2.842170943040401e-14,ok
Nepal,NPL,Retail,0.876,0.7891911302039009,-0.08680886979609914,1375632.0,ilo_calibrated,0.09909688332888036,51.37,56.99871600344183,51.36999999999997,5.628716003441831,-2.842170943040401e-14,ok
Nepal,NPL,Security,0.846,0.7621640367037672,-0.08383596329623277,65414.0,ilo_calibrated,0.09909688332888036,51.37,56.99871600344183,51.36999999999997,5.628716003441831,-2.842170943040401e-14,ok
Nepal,NPL,Transport,0.869,0.782884808387203,-0.08611519161279702,261841.99999999997,ilo_calibrated,0.09909688332888036,51.37,56.99871600344183,51.36999999999997,5.628716003441831,-2.842170943040401e-14,ok
Nepal,NPL,Manual,0.335,0.3018025440848251,-0.03319745591517492,2144347.0,ilo_calibrated,0.09909688332888036,51.37,56.99871600344183,51.36999999999997,5.628716003441831,-2.842170943040401e-14,ok
Nepal,NPL,Cleaning,0.485,0.436938011585493,-0.048061988414506984,246582.0,ilo_calibrated,0.09909688332888036,51.37,56.99871600344183,51.36999999999997,5.628716003441831,-2.842170943040401e-14,ok
Nepal,NPL,Tech,0.32,0.2882889973347583,-0.03171100266524168,334176.0,ilo_calibrated,0.09909688332888036,51.37,56.99871600344183,51.36999999999997,5.628716003441831,-2.842170943040401e-14,ok
Nepal,NPL,ArmedForces,0.4,0.4,0.0,36725.5097668188,ilo_calibrated,0.09909688332888036,51.37,56.99871600344183,51.36999999999997,5.628716003441831,-2.842170943040401e-14,ok
Nauru,NRU,Food,0.895,0.895,0.0,59.0,global_fallback,0.0,,38.95887967883812,38.95887967883812,,,global_fallback
Nauru,NRU,Health,0.819,0.819,0.0,147.0,global_fallback,0.0,,38.95887967883812,38.95887967883812,,,global_fallback
Nauru,NRU,Retail,0.876,0.876,0.0,32.0,global_fallback,0.0,,38.95887967883812,38.95887967883812,,,global_fallback
Nauru,NRU,Security,0.846,0.846,0.0,499.0,global_fallback,0.0,,38.95887967883812,38.95887967883812,,,global_fallback
Nauru,NRU,Transport,0.869,0.869,0.0,100.0,global_fallback,0.0,,38.95887967883812,38.95887967883812,,,global_fallback
Nauru,NRU,Manual,0.335,0.335,0.0,393.0,global_fallback,0.0,,38.95887967883812,38.95887967883812,,,global_fallback
Nauru,NRU,Cleaning,0.485,0.485,0.0,200.0,global_fallback,0.0,,38.95887967883812,38.95887967883812,,,global_fallback
Nauru,NRU,Tech,0.32,0.32,0.0,117.0,global_fallback,0.0,,38.95887967883812,38.95887967883812,,,global_fallback
Nauru,NRU,ArmedForces,0.4,0.4,0.0,10.742012383969897,global_fallback,0.0,,38.95887967883812,38.95887967883812,,,global_fallback
New Zealand,NZL,Food,0.895,0.698660810391359,-0.19633918960864105,,neighbour_backfill,0.21937339621077212,,,,,,
New Zealand,NZL,Health,0.819,0.6393331885033776,-0.17966681149662234,,neighbour_backfill,0.21937339621077212,,,,,,
New Zealand,NZL,Retail,0.876,0.6838289049193637,-0.19217109508063634,,neighbour_backfill,0.21937339621077212,,,,,,
New Zealand,NZL,Security,0.846,0.6604101068056868,-0.18558989319431318,,neighbour_backfill,0.21937339621077212,,,,,,
New Zealand,NZL,Transport,0.869,0.678364518692839,-0.19063548130716101,,neighbour_backfill,0.21937339621077212,,,,,,
New Zealand,NZL,Manual,0.335,0.26150991226939135,-0.07349008773060867,,neighbour_backfill,0.21937339621077212,,,,,,
New Zealand,NZL,Cleaning,0.485,0.3786039028377755,-0.10639609716222448,,neighbour_backfill,0.21937339621077212,,,,,,
New Zealand,NZL,Tech,0.32,0.24980051321255292,-0.07019948678744709,,neighbour_backfill,0.21937339621077212,,,,,,
New Zealand,NZL,ArmedForces,0.4,0.4,0.0,,neighbour_backfill,0.21937339621077212,,,,,,
Oman,OMN,Food,0.895,0.895,0.0,,global_fallback,0.0,,,,,,global_fallback
Oman,OMN,Health,0.819,0.819,0.0,,global_fallback,0.0,,,,,,global_fallback
Oman,OMN,Retail,0.876,0.876,0.0,,global_fallback,0.0,,,,,,global_fallback
Oman,OMN,Security,0.846,0.846,0.0,,global_fallback,0.0,,,,,,global_fallback
Oman,OMN,Transport,0.869,0.869,0.0,,global_fallback,0.0,,,,,,global_fallback
Oman,OMN,Manual,0.335,0.335,0.0,,global_fallback,0.0,,,,,,global_fallback
Oman,OMN,Cleaning,0.485,0.485,0.0,,global_fallback,0.0,,,,,,global_fallback
Oman,OMN,Tech,0.32,0.32,0.0,,global_fallback,0.0,,,,,,global_fallback
Oman,OMN,ArmedForces,0.4,0.4,0.0,,global_fallback,0.0,,,,,,global_fallback
Pakistan,PAK,Food,0.895,0.9041730918757557,0.009173091875755657,26847479.0,ilo_calibrated,0.08736277976910167,63.42,61.08627032954972,63.446796196243874,-2.333729670450282,0.02679619624387186,ok
Pakistan,PAK,Health,0.819,0.8348126631382073,0.015812663138207395,1419998.0,ilo_calibrated,0.08736277976910167,63.42,61.08627032954972,63.446796196243874,-2.333729670450282,0.02679619624387186,ok
Pakistan,PAK,Retail,0.876,0.8868329846913686,0.010832984691368619,10145909.0,ilo_calibrated,0.08736277976910167,63.42,61.08627032954972,63.446796196243874,-2.333729670450282,0.02679619624387186,ok
Pakistan,PAK,Security,0.846,0.8594538680844417,0.013453868084441711,1277178.0,ilo_calibrated,0.08736277976910167,63.42,61.08627032954972,63.446796196243874,-2.333729670450282,0.02679619624387186,ok
Pakistan,PAK,Transport,0.869,0.8804445241497523,0.011444524149752278,4240786.0,ilo_calibrated,0.08736277976910167,63.42,61.08627032954972,63.446796196243874,-2.333729670450282,0.02679619624387186,ok
Pakistan,PAK,Manual,0.335,0.39309624854645264,0.05809624854645262,19738282.0,ilo_calibrated,0.08736277976910167,63.42,61.08627032954972,63.446796196243874,-2.333729670450282,0.02679619624387186,ok
Pakistan,PAK,Cleaning,0.485,0.5299918315810873,0.04499183158108733,2127377.0,ilo_calibrated,0.08736277976910167,63.42,61.08627032954972,63.446796196243874,-2.333729670450282,0.02679619624387186,ok
Pakistan,PAK,Tech,0.32,0.3794066902429891,0.05940669024298911,2443907.0,ilo_calibrated,0.08736277976910167,63.42,61.08627032954972,63.446796196243874,-2.333729670450282,0.02679619624387186,ok
Pakistan,PAK,ArmedForces,0.4,0.4,0.0,342793.0347305519,ilo_calibrated,0.08736277976910167,63.42,61.08627032954972,63.446796196243874,-2.333729670450282,0.02679619624387186,ok
Panama,PAN,Food,0.895,0.8515309777050605,-0.04346902229493954,292499.0,ilo_calibrated,0.04856873999434589,45.92,48.31535393567219,45.97731904522806,2.3953539356721905,0.05731904522805564,ok
Panama,PAN,Health,0.819,0.7792222019446307,-0.039777798055369296,109651.0,ilo_calibrated,0.04856873999434589,45.92,48.31535393567219,45.97731904522806,2.3953539356721905,0.05731904522805564,ok
Panama,PAN,Retail,0.876,0.833453783764953,-0.04254621623504695,68848.0,ilo_calibrated,0.04856873999434589,45.92,48.31535393567219,45.97731904522806,2.3953539356721905,0.05731904522805564,ok
Panama,PAN,Security,0.846,0.8049108459647834,-0.041089154035216624,208270.0,ilo_calibrated,0.04856873999434589,45.92,48.31535393567219,45.97731904522806,2.3953539356721905,0.05731904522805564,ok
Panama,PAN,Transport,0.869,0.8267937649449134,-0.04220623505508658,139729.0,ilo_calibrated,0.04856873999434589,45.92,48.31535393567219,45.97731904522806,2.3953539356721905,0.05731904522805564,ok
Panama,PAN,Manual,0.335,0.3187294721018942,-0.016270527898105847,362405.0,ilo_calibrated,0.04856873999434589,45.92,48.31535393567219,45.97731904522806,2.3953539356721905,0.05731904522805564,ok
Panama,PAN,Cleaning,0.485,0.4614441611027422,-0.023555838897257764,150657.0,ilo_calibrated,0.04856873999434589,45.92,48.31535393567219,45.97731904522806,2.3953539356721905,0.05731904522805564,ok
Panama,PAN,Tech,0.32,0.3044580032018093,-0.015541996798190683,132698.0,ilo_calibrated,0.04856873999434589,45.92,48.31535393567219,45.97731904522806,2.3953539356721905,0.05731904522805564,ok
Panama,PAN,ArmedForces,0.4,0.4,0.0,8684.161714693912,ilo_calibrated,0.04856873999434589,45.92,48.31535393567219,45.97731904522806,2.3953539356721905,0.05731904522805564,ok
Peru,PER,Food,0.895,0.895,0.0,4660008.0,global_fallback,0.0,,57.908847422552675,57.908847422552675,,,global_fallback
Peru,PER,Health,0.819,0.819,0.0,574156.0,global_fallback,0.0,,57.908847422552675,57.908847422552675,,,global_fallback
Peru,PER,Retail,0.876,0.876,0.0,2694781.0,global_fallback,0.0,,57.908847422552675,57.908847422552675,,,global_fallback
Peru,PER,Security,0.846,0.846,0.0,147002.0,global_fallback,0.0,,57.908847422552675,57.908847422552675,,,global_fallback
Peru,PER,Transport,0.869,0.869,0.0,1259747.0,global_fallback,0.0,,57.908847422552675,57.908847422552675,,,global_fallback
Peru,PER,Manual,0.335,0.335,0.0,2738177.0,global_fallback,0.0,,57.908847422552675,57.908847422552675,,,global_fallback
Peru,PER,Cleaning,0.485,0.485,0.0,1344363.0,global_fallback,0.0,,57.908847422552675,57.908847422552675,,,global_fallback
Peru,PER,Tech,0.32,0.32,0.0,1535206.0,global_fallback,0.0,,57.908847422552675,57.908847422552675,,,global_fallback
Peru,PER,ArmedForces,0.4,0.4,0.0,118719.0,global_fallback,0.0,,57.908847422552675,57.908847422552675,,,global_fallback
Philippines,PHL,Food,0.895,0.8037193797917127,-0.09128062020828731,10445562.0,ilo_calibrated,0.10198951978579579,50.47,56.19307963465998,50.470000000000006,5.723079634659982,7.105427357601002e-15,ok
Philippines,PHL,Health,0.819,0.7354705832954331,-0.08352941670456682,1315884.0,ilo_calibrated,0.10198951978579579,50.47,56.19307963465998,50.470000000000006,5.723079634659982,7.105427357601002e-15,ok
Philippines,PHL,Retail,0.876,0.7866571806676428,-0.08934281933235722,8085210.0,ilo_calibrated,0.10198951978579579,50.47,56.19307963465998,50.470000000000006,5.723079634659982,7.105427357601002e-15,ok
Philippines,PHL,Security,0.846,0.7597168662612167,-0.08628313373878327,1091137.0,ilo_calibrated,0.10198951978579579,50.47,56.19307963465998,50.470000000000006,5.723079634659982,7.105427357601002e-15,ok
Philippines,PHL,Transport,0.869,0.7803711073061435,-0.08862889269385654,3255332.0,ilo_calibrated,0.10198951978579579,50.47,56.19307963465998,50.470000000000006,5.723079634659982,7.105427357601002e-15,ok
Philippines,PHL,Manual,0.335,0.3008335108717584,-0.034166489128241606,8852280.0,ilo_calibrated,0.10198951978579579,50.47,56.19307963465998,50.470000000000006,5.723079634659982,7.105427357601002e-15,ok
Philippines,PHL,Cleaning,0.485,0.435535082903889,-0.049464917096111005,2889425.0,ilo_calibrated,0.10198951978579579,50.47,56.19307963465998,50.470000000000006,5.723079634659982,7.105427357601002e-15,ok
Philippines,PHL,Tech,0.32,0.2873633536685453,-0.03263664633145469,2222694.0,ilo_calibrated,0.10198951978579579,50.47,56.19307963465998,50.470000000000006,5.723079634659982,7.105427357601002e-15,ok
Philippines,PHL,ArmedForces,0.4,0.4,0.0,92340.0,ilo_calibrated,0.10198951978579579,50.47,56.19307963465998,50.470000000000006,5.723079634659982,7.105427357601002e-15,ok
Palau,PLW,Food,0.895,0.791413157895744,-0.10358684210425606,599.0,ilo_calibrated,0.11573948838464362,31.67,35.79212680346343,31.67000000000001,4.122126803463431,7.105427357601002e-15,ok
Palau,PLW,Health,0.819,0.7242093590129768,-0.09479064098702317,368.0,ilo_calibrated,0.11573948838464362,31.67,35.79212680346343,31.67000000000001,4.122126803463431,7.105427357601002e-15,ok
Palau,PLW,Retail,0.876,0.7746122081750522,-0.10138779182494784,636.0,ilo_calibrated,0.11573948838464362,31.67,35.79212680346343,31.67000000000001,4.122126803463431,7.105427357601002e-15,ok
Palau,PLW,Security,0.846,0.7480843928265914,-0.09791560717340853,561.0,ilo_calibrated,0.11573948838464362,31.67,35.79212680346343,31.67000000000001,4.122126803463431,7.105427357601002e-15,ok
Palau,PLW,Transport,0.869,0.7684223845937447,-0.10057761540625532,245.0,ilo_calibrated,0.11573948838464362,31.67,35.79212680346343,31.67000000000001,4.122126803463431,7.105427357601002e-15,ok
Palau,PLW,Manual,0.335,0.2962272713911444,-0.03877272860885561,1337.0,ilo_calibrated,0.11573948838464362,31.67,35.79212680346343,31.67000000000001,4.122126803463431,7.105427357601002e-15,ok
Palau,PLW,Cleaning,0.485,0.4288663481334478,-0.05613365186655217,906.0,ilo_calibrated,0.11573948838464362,31.67,35.79212680346343,31.67000000000001,4.122126803463431,7.105427357601002e-15,ok
Palau,PLW,Tech,0.32,0.28296336371691405,-0.037036636283085955,1256.0,ilo_calibrated,0.11573948838464362,31.67,35.79212680346343,31.67000000000001,4.122126803463431,7.105427357601002e-15,ok
Palau,PLW,ArmedForces,0.4,0.4,0.0,41.78430803961974,ilo_calibrated,0.11573948838464362,31.67,35.79212680346343,31.67000000000001,4.122126803463431,7.105427357601002e-15,ok
Papua New Guinea,PNG,Food,0.895,0.895,0.0,1708128.0,global_fallback,0.0,,69.73269795361873,69.73269795361873,,,global_fallback
Papua New Guinea,PNG,Health,0.819,0.819,0.0,76925.0,global_fallback,0.0,,69.73269795361873,69.73269795361873,,,global_fallback
Papua New Guinea,PNG,Retail,0.876,0.876,0.0,1024311.0,global_fallback,0.0,,69.73269795361873,69.73269795361873,,,global_fallback
Papua New Guinea,PNG,Security,0.846,0.846,0.0,89798.0,global_fallback,0.0,,69.73269795361873,69.73269795361873,,,global_fallback
Papua New Guinea,PNG,Transport,0.869,0.869,0.0,80647.0,global_fallback,0.0,,69.73269795361873,69.73269795361873,,,global_fallback
Papua New Guinea,PNG,Manual,0.335,0.335,0.0,330357.0,global_fallback,0.0,,69.73269795361873,69.73269795361873,,,global_fallback
Papua New Guinea,PNG,Cleaning,0.485,0.485,0.0,52377.0,global_fallback,0.0,,69.73269795361873,69.73269795361873,,,global_fallback
Papua New Guinea,PNG,Tech,0.32,0.32,0.0,45384.0,global_fallback,0.0,,69.73269795361873,69.73269795361873,,,global_fallback
Papua New Guinea,PNG,ArmedForces,0.4,0.4,0.0,10905.029412635191,global_fallback,0.0,,69.73269795361873,69.73269795361873,,,global_fallback
Poland,POL,Food,0.895,0.895,0.0,1180383.0,global_fallback,0.0,,33.05658001427618,33.05658001427618,,,global_fallback
Poland,POL,Health,0.819,0.819,0.0,1062200.0,global_fallback,0.0,,33.05658001427618,33.05658001427618,,,global_fallback
Poland,POL,Retail,0.876,0.876,0.0,1150275.0,global_fallback,0.0,,33.05658001427618,33.05658001427618,,,global_fallback
Poland,POL,Security,0.846,0.846,0.0,216154.0,global_fallback,0.0,,33.05658001427618,33.05658001427618,,,global_fallback
Poland,POL,Transport,0.869,0.869,0.0,934105.0,global_fallback,0.0,,33.05658001427618,33.05658001427618,,,global_fallback
Poland,POL,Manual,0.335,0.335,0.0,3260129.0,global_fallback,0.0,,33.05658001427618,33.05658001427618,,,global_fallback
Poland,POL,Cleaning,0.485,0.485,0.0,432290.0,global_fallback,0.0,,33.05658001427618,33.05658001427618,,,global_fallback
Poland,POL,Tech,0.32,0.32,0.0,1188324.0,global_fallback,0.0,,33.05658001427618,33.05658001427618,,,global_fallback
Poland,POL,ArmedForces,0.4,0.4,0.0,158977.0,global_fallback,0.0,,33.05658001427618,33.05658001427618,,,global_fallback
Puerto Rico,PRI,Food,0.895,0.8298245814967002,-0.06517541850329978,,neighbour_backfill,0.07282169665173165,,,,,,
Puerto Rico,PRI,Health,0.819,0.7593590304422317,-0.05964096955776821,,neighbour_backfill,0.07282169665173165,,,,,,
Puerto Rico,PRI,Retail,0.876,0.8122081937330832,-0.06379180626691683,,neighbour_backfill,0.07282169665173165,,,,,,
Puerto Rico,PRI,Security,0.846,0.784392844632635,-0.06160715536736494,,neighbour_backfill,0.07282169665173165,,,,,,
Puerto Rico,PRI,Transport,0.869,0.8057179456096453,-0.06328205439035473,,neighbour_backfill,0.07282169665173165,,,,,,
Puerto Rico,PRI,Manual,0.335,0.3106047316216699,-0.024395268378330115,,neighbour_backfill,0.07282169665173165,,,,,,
Puerto Rico,PRI,Cleaning,0.485,0.44968147712391016,-0.03531852287608983,,neighbour_backfill,0.07282169665173165,,,,,,
Puerto Rico,PRI,Tech,0.32,0.2966970570714459,-0.023302942928554116,,neighbour_backfill,0.07282169665173165,,,,,,
Puerto Rico,PRI,ArmedForces,0.4,0.4,0.0,,neighbour_backfill,0.07282169665173165,,,,,,
North Korea,PRK,Food,0.895,0.7944762184276057,-0.10052378157239428,,neighbour_backfill,0.2399447210131663,,,,,,
North Korea,PRK,Health,0.819,0.7367120172246063,-0.08228798277539362,,neighbour_backfill,0.2399447210131663,,,,,,
North Korea,PRK,Retail,0.876,0.7800351681268559,-0.09596483187314409,,neighbour_backfill,0.2399447210131663,,,,,,
North Korea,PRK,Security,0.846,0.7572335097572509,-0.08876649024274907,,neighbour_backfill,0.2399447210131663,,,,,,
North Korea,PRK,Transport,0.869,0.7747147811739481,-0.0942852188260519,,neighbour_backfill,0.2399447210131663,,,,,,
North Korea,PRK,Manual,0.335,0.36884526219497893,0.03384526219497891,,neighbour_backfill,0.2399447210131663,,,,,,
North Korea,PRK,Cleaning,0.485,0.48285355404300395,-0.002146445956996035,,neighbour_backfill,0.2399447210131663,,,,,,
North Korea,PRK,Tech,0.32,0.35744443301017637,0.03744443301017636,,neighbour_backfill,0.2399447210131663,,,,,,
North Korea,PRK,ArmedForces,0.4,0.4,0.0,,neighbour_backfill,0.2399447210131663,,,,,,
Portugal,PRT,Food,0.895,0.8523005135579057,-0.042699486442094314,163897.0,ilo_calibrated,0.04770892339898805,32.05,33.759685791019756,32.157312563107624,1.7096857910197585,0.1073125631076266,ok
Portugal,PRT,Health,0.819,0.7799263917362288,-0.039073608263771153,528953.0,ilo_calibrated,0.04770892339898805,32.05,33.759685791019756,32.157312563107624,1.7096857910197585,0.1073125631076266,ok
Portugal,PRT,Retail,0.876,0.8342069831024865,-0.04179301689751347,385670.0,ilo_calibrated,0.04770892339898805,32.05,33.759685791019756,32.157312563107624,1.7096857910197585,0.1073125631076266,ok
Portugal,PRT,Security,0.846,0.8056382508044561,-0.04036174919554392,109899.0,ilo_calibrated,0.04770892339898805,32.05,33.759685791019756,32.157312563107624,1.7096857910197585,0.1073125631076266,ok
Portugal,PRT,Transport,0.869,0.8275409455662794,-0.041459054433720555,209655.0,ilo_calibrated,0.04770892339898805,32.05,33.759685791019756,32.157312563107624,1.7096857910197585,0.1073125631076266,ok
Portugal,PRT,Manual,0.335,0.31901751066133904,-0.015982489338660977,937021.0,ilo_calibrated,0.04770892339898805,32.05,33.759685791019756,32.157312563107624,1.7096857910197585,0.1073125631076266,ok
Portugal,PRT,Cleaning,0.485,0.4618611721514908,-0.02313882784850918,279482.0,ilo_calibrated,0.04770892339898805,32.05,33.759685791019756,32.157312563107624,1.7096857910197585,0.1073125631076266,ok
Portugal,PRT,Tech,0.32,0.30473314451232386,-0.015266855487676145,379931.0,ilo_calibrated,0.04770892339898805,32.05,33.759685791019756,32.157312563107624,1.7096857910197585,0.1073125631076266,ok
Portugal,PRT,ArmedForces,0.4,0.4,0.0,22746.0,ilo_calibrated,0.04770892339898805,32.05,33.759685791019756,32.157312563107624,1.7096857910197585,0.1073125631076266,ok
Paraguay,PRY,Food,0.895,0.881047594283622,-0.013952405716378014,,neighbour_backfill,0.01558928013003126,,,,,,
Paraguay,PRY,Health,0.819,0.8062323795735044,-0.012767620426495596,,neighbour_backfill,0.01558928013003126,,,,,,
Paraguay,PRY,Retail,0.876,0.8623437906060926,-0.013656209393907437,,neighbour_backfill,0.01558928013003126,,,,,,
Paraguay,PRY,Security,0.846,0.8328114690099935,-0.013188530990006497,,neighbour_backfill,0.01558928013003126,,,,,,
Paraguay,PRY,Transport,0.869,0.8554529155670028,-0.013547084432997236,,neighbour_backfill,0.01558928013003126,,,,,,
Paraguay,PRY,Manual,0.335,0.32977759115643956,-0.005222408843560455,,neighbour_backfill,0.01558928013003126,,,,,,
Paraguay,PRY,Cleaning,0.485,0.4774391991369348,-0.007560800863065209,,neighbour_backfill,0.01558928013003126,,,,,,
Paraguay,PRY,Tech,0.32,0.31501143035838997,-0.004988569641610041,,neighbour_backfill,0.01558928013003126,,,,,,
Paraguay,PRY,ArmedForces,0.4,0.4,0.0,,neighbour_backfill,0.01558928013003126,,,,,,
Palestine,PSE,Food,0.895,0.7850877644167875,-0.1099122355832125,52838.0,ilo_calibrated,0.122806967132081,39.35,44.601062938694895,39.349999999999994,5.2510629386948935,-7.105427357601002e-15,ok
Palestine,PSE,Health,0.819,0.7184210939188256,-0.10057890608117437,29516.0,ilo_calibrated,0.122806967132081,39.35,44.601062938694895,39.349999999999994,5.2510629386948935,-7.105427357601002e-15,ok
Palestine,PSE,Retail,0.876,0.768421096792297,-0.10757890320770302,97249.0,ilo_calibrated,0.122806967132081,39.35,44.601062938694895,39.349999999999994,5.2510629386948935,-7.105427357601002e-15,ok
Palestine,PSE,Security,0.846,0.7421053058062594,-0.10389469419374053,6677.0,ilo_calibrated,0.122806967132081,39.35,44.601062938694895,39.349999999999994,5.2510629386948935,-7.105427357601002e-15,ok
Palestine,PSE,Transport,0.869,0.7622807455622216,-0.10671925443777841,52752.0,ilo_calibrated,0.122806967132081,39.35,44.601062938694895,39.349999999999994,5.2510629386948935,-7.105427357601002e-15,ok
Palestine,PSE,Manual,0.335,0.29385966601075286,-0.04114033398924716,216530.0,ilo_calibrated,0.122806967132081,39.35,44.601062938694895,39.349999999999994,5.2510629386948935,-7.105427357601002e-15,ok
Palestine,PSE,Cleaning,0.485,0.42543862094094065,-0.05956137905905934,33200.0,ilo_calibrated,0.122806967132081,39.35,44.601062938694895,39.349999999999994,5.2510629386948935,-7.105427357601002e-15,ok
Palestine,PSE,Tech,0.32,0.2807017705177341,-0.03929822948226591,34476.0,ilo_calibrated,0.122806967132081,39.35,44.601062938694895,39.349999999999994,5.2510629386948935,-7.105427357601002e-15,ok
Palestine,PSE,ArmedForces,0.4,0.4,0.0,33158.0,ilo_calibrated,0.122806967132081,39.35,44.601062938694895,39.349999999999994,5.2510629386948935,-7.105427357601002e-15,ok
French Polynesia,PYF,Food,0.895,0.7915290272831951,-0.10347097271680494,,neighbour_backfill,0.11561002538190499,,,,,,
French Polynesia,PYF,Health,0.819,0.7243153892122197,-0.09468461078778023,,neighbour_backfill,0.11561002538190499,,,,,,
French Polynesia,PYF,Retail,0.876,0.7747256177654512,-0.10127438223454877,,neighbour_backfill,0.11561002538190499,,,,,,
French Polynesia,PYF,Security,0.846,0.7481939185269083,-0.09780608147309167,,neighbour_backfill,0.11561002538190499,,,,,,
French Polynesia,PYF,Transport,0.869,0.7685348879431245,-0.10046511205687547,,neighbour_backfill,0.11561002538190499,,,,,,
French Polynesia,PYF,Manual,0.335,0.29627064149706184,-0.03872935850293818,,neighbour_backfill,0.11561002538190499,,,,,,
French Polynesia,PYF,Cleaning,0.485,0.42892913768977603,-0.05607086231022396,,neighbour_backfill,0.11561002538190499,,,,,,
French Polynesia,PYF,Tech,0.32,0.28300479187779043,-0.03699520812220958,,neighbour_backfill,0.11561002538190499,,,,,,
French Polynesia,PYF,ArmedForces,0.4,0.4,0.0,,neighbour_backfill,0.11561002538190499,,,,,,
Qatar,QAT,Food,0.895,0.895,0.0,,global_fallback,0.0,,,,,,global_fallback
Qatar,QAT,Health,0.819,0.819,0.0,,global_fallback,0.0,,,,,,global_fallback
Qatar,QAT,Retail,0.876,0.876,0.0,,global_fallback,0.0,,,,,,global_fallback
Qatar,QAT,Security,0.846,0.846,0.0,,global_fallback,0.0,,,,,,global_fallback
Qatar,QAT,Transport,0.869,0.869,0.0,,global_fallback,0.0,,,,,,global_fallback
Qatar,QAT,Manual,0.335,0.335,0.0,,global_fallback,0.0,,,,,,global_fallback
Qatar,QAT,Cleaning,0.485,0.485,0.0,,global_fallback,0.0,,,,,,global_fallback
Qatar,QAT,Tech,0.32,0.32,0.0,,global_fallback,0.0,,,,,,global_fallback
Qatar,QAT,ArmedForces,0.4,0.4,0.0,,global_fallback,0.0,,,,,,global_fallback
Romania,ROU,Food,0.895,0.895,0.0,788488.0,global_fallback,0.0,,45.02501566849664,45.02501566849664,,,global_fallback
Romania,ROU,Health,0.819,0.819,0.0,475686.0,global_fallback,0.0,,45.02501566849664,45.02501566849664,,,global_fallback
Romania,ROU,Retail,0.876,0.876,0.0,765399.0,global_fallback,0.0,,45.02501566849664,45.02501566849664,,,global_fallback
Romania,ROU,Security,0.846,0.846,0.0,220058.0,global_fallback,0.0,,45.02501566849664,45.02501566849664,,,global_fallback
Romania,ROU,Transport,0.869,0.869,0.0,687336.0,global_fallback,0.0,,45.02501566849664,45.02501566849664,,,global_fallback
Romania,ROU,Manual,0.335,0.335,0.0,2129599.0,global_fallback,0.0,,45.02501566849664,45.02501566849664,,,global_fallback
Romania,ROU,Cleaning,0.485,0.485,0.0,243310.0,global_fallback,0.0,,45.02501566849664,45.02501566849664,,,global_fallback
Romania,ROU,Tech,0.32,0.32,0.0,428444.0,global_fallback,0.0,,45.02501566849664,45.02501566849664,,,global_fallback
Romania,ROU,ArmedForces,0.4,0.4,0.0,45516.0,global_fallback,0.0,,45.02501566849664,45.02501566849664,,,global_fallback
Russia,RUS,Food,0.895,0.909281754818123,0.014281754818122994,1918246.0,ilo_calibrated,0.1360167125535527,39.77,36.41034706559785,39.77,-3.359652934402156,0.0,ok
Russia,RUS,Health,0.819,0.843619024972193,0.024619024972193038,5736980.0,ilo_calibrated,0.1360167125535527,39.77,36.41034706559785,39.77,-3.359652934402156,0.0,ok
Russia,RUS,Retail,0.876,0.8928660723566405,0.016866072356640505,5061656.0,ilo_calibrated,0.1360167125535527,39.77,36.41034706559785,39.77,-3.359652934402156,0.0,ok
Russia,RUS,Security,0.846,0.8669465737332471,0.020946573733247154,2157780.0,ilo_calibrated,0.1360167125535527,39.77,36.41034706559785,39.77,-3.359652934402156,0.0,ok
Russia,RUS,Transport,0.869,0.8868181893445154,0.0178181893445154,6605504.0,ilo_calibrated,0.1360167125535527,39.77,36.41034706559785,39.77,-3.359652934402156,0.0,ok
Russia,RUS,Manual,0.335,0.42545111384811257,0.09045111384811255,12507234.0,ilo_calibrated,0.1360167125535527,39.77,36.41034706559785,39.77,-3.359652934402156,0.0,ok
Russia,RUS,Cleaning,0.485,0.5550486069650796,0.07004860696507964,3417555.0,ilo_calibrated,0.1360167125535527,39.77,36.41034706559785,39.77,-3.359652934402156,0.0,ok
Russia,RUS,Tech,0.32,0.4124913645364158,0.09249136453641582,7355532.0,ilo_calibrated,0.1360167125535527,39.77,36.41034706559785,39.77,-3.359652934402156,0.0,ok
Russia,RUS,ArmedForces,0.4,0.4,0.0,324457.22789221164,ilo_calibrated,0.1360167125535527,39.77,36.41034706559785,39.77,-3.359652934402156,0.0,ok
Rwanda,RWA,Food,0.895,0.895,0.0,3511767.0,global_fallback,0.0,,70.71077011975518,70.71077011975518,,,global_fallback
Rwanda,RWA,Health,0.819,0.819,0.0,45072.0,global_fallback,0.0,,70.71077011975518,70.71077011975518,,,global_fallback
Rwanda,RWA,Retail,0.876,0.876,0.0,670704.0,global_fallback,0.0,,70.71077011975518,70.71077011975518,,,global_fallback
Rwanda,RWA,Security,0.846,0.846,0.0,85349.0,global_fallback,0.0,,70.71077011975518,70.71077011975518,,,global_fallback
Rwanda,RWA,Transport,0.869,0.869,0.0,136949.0,global_fallback,0.0,,70.71077011975518,70.71077011975518,,,global_fallback
Rwanda,RWA,Manual,0.335,0.335,0.0,1006307.0,global_fallback,0.0,,70.71077011975518,70.71077011975518,,,global_fallback
Rwanda,RWA,Cleaning,0.485,0.485,0.0,307753.0,global_fallback,0.0,,70.71077011975518,70.71077011975518,,,global_fallback
Rwanda,RWA,Tech,0.32,0.32,0.0,253034.0,global_fallback,0.0,,70.71077011975518,70.71077011975518,,,global_fallback
Rwanda,RWA,ArmedForces,0.4,0.4,0.0,28341.183072911917,global_fallback,0.0,,70.71077011975518,70.71077011975518,,,global_fallback
Saudi Arabia,SAU,Food,0.895,0.895,0.0,,global_fallback,0.0,,,,,,global_fallback
Saudi Arabia,SAU,Health,0.819,0.819,0.0,,global_fallback,0.0,,,,,,global_fallback
Saudi Arabia,SAU,Retail,0.876,0.876,0.0,,global_fallback,0.0,,,,,,global_fallback
Saudi Arabia,SAU,Security,0.846,0.846,0.0,,global_fallback,0.0,,,,,,global_fallback
Saudi Arabia,SAU,Transport,0.869,0.869,0.0,,global_fallback,0.0,,,,,,global_fallback
Saudi Arabia,SAU,Manual,0.335,0.335,0.0,,global_fallback,0.0,,,,,,global_fallback
Saudi Arabia,SAU,Cleaning,0.485,0.485,0.0,,global_fallback,0.0,,,,,,global_fallback
Saudi Arabia,SAU,Tech,0.32,0.32,0.0,,global_fallback,0.0,,,,,,global_fallback
Saudi Arabia,SAU,ArmedForces,0.4,0.4,0.0,,global_fallback,0.0,,,,,,global_fallback
Sudan,SDN,Food,0.895,0.895,0.0,3354360.0,global_fallback,0.0,,68.70188325632436,68.70188325632436,,,global_fallback
Sudan,SDN,Health,0.819,0.819,0.0,138383.0,global_fallback,0.0,,68.70188325632436,68.70188325632436,,,global_fallback
Sudan,SDN,Retail,0.876,0.876,0.0,1712499.0,global_fallback,0.0,,68.70188325632436,68.70188325632436,,,global_fallback
Sudan,SDN,Security,0.846,0.846,0.0,70878.0,global_fallback,0.0,,68.70188325632436,68.70188325632436,,,global_fallback
Sudan,SDN,Transport,0.869,0.869,0.0,256028.00000000003,global_fallback,0.0,,68.70188325632436,68.70188325632436,,,global_fallback
Sudan,SDN,Manual,0.335,0.335,0.0,1195061.0,global_fallback,0.0,,68.70188325632436,68.70188325632436,,,global_fallback
Sudan,SDN,Cleaning,0.485,0.485,0.0,329830.0,global_fallback,0.0,,68.70188325632436,68.70188325632436,,,global_fallback
Sudan,SDN,Tech,0.32,0.32,0.0,289414.0,global_fallback,0.0,,68.70188325632436,68.70188325632436,,,global_fallback
Sudan,SDN,ArmedForces,0.4,0.4,0.0,267604.0,global_fallback,0.0,,68.70188325632436,68.70188325632436,,,global_fallback
Senegal,SEN,Food,0.895,0.895,0.0,762999.0,global_fallback,0.0,,62.109263116853164,62.109263116853164,,,global_fallback
Senegal,SEN,Health,0.819,0.819,0.0,28755.0,global_fallback,0.0,,62.109263116853164,62.109263116853164,,,global_fallback
Senegal,SEN,Retail,0.876,0.876,0.0,94469.0,global_fallback,0.0,,62.109263116853164,62.109263116853164,,,global_fallback
Senegal,SEN,Security,0.846,0.846,0.0,22380.0,global_fallback,0.0,,62.109263116853164,62.109263116853164,,,global_fallback
Senegal,SEN,Transport,0.869,0.869,0.0,48922.0,global_fallback,0.0,,62.109263116853164,62.109263116853164,,,global_fallback
Senegal,SEN,Manual,0.335,0.335,0.0,283692.0,global_fallback,0.0,,62.109263116853164,62.109263116853164,,,global_fallback
Senegal,SEN,Cleaning,0.485,0.485,0.0,243181.0,global_fallback,0.0,,62.109263116853164,62.109263116853164,,,global_fallback
Senegal,SEN,Tech,0.32,0.32,0.0,84920.0,global_fallback,0.0,,62.109263116853164,62.109263116853164,,,global_fallback
Senegal,SEN,ArmedForces,0.4,0.4,0.0,11385.928711915818,global_fallback,0.0,,62.109263116853164,62.109263116853164,,,global_fallback
Singapore,SGP,Food,0.895,0.895,0.0,38703.0,global_fallback,0.0,,21.761847026280616,21.761847026280616,,,global_fallback
Singapore,SGP,Health,0.819,0.819,0.0,95827.0,global_fallback,0.0,,21.761847026280616,21.761847026280616,,,global_fallback
Singapore,SGP,Retail,0.876,0.876,0.0,109430.0,global_fallback,0.0,,21.761847026280616,21.761847026280616,,,global_fallback
Singapore,SGP,Security,0.846,0.846,0.0,46220.0,global_fallback,0.0,,21.761847026280616,21.761847026280616,,,global_fallback
Singapore,SGP,Transport,0.869,0.869,0.0,116914.0,global_fallback,0.0,,21.761847026280616,21.761847026280616,,,global_fallback
Singapore,SGP,Manual,0.335,0.335,0.0,92005.0,global_fallback,0.0,,21.761847026280616,21.761847026280616,,,global_fallback
Singapore,SGP,Cleaning,0.485,0.485,0.0,102826.0,global_fallback,0.0,,21.761847026280616,21.761847026280616,,,global_fallback
Singapore,SGP,Tech,0.32,0.32,0.0,184460.0,global_fallback,0.0,,21.761847026280616,21.761847026280616,,,global_fallback
Singapore,SGP,ArmedForces,0.4,0.4,0.0,10011.679216344626,global_fallback,0.0,,21.761847026280616,21.761847026280616,,,global_fallback
Solomon Islands,SLB,Food,0.895,0.8185612379572048,-0.0764387620427952,,neighbour_backfill,0.19854492617384864,59.34,,,,,
Solomon Islands,SLB,Health,0.819,0.7576506523464173,-0.061349347653582686,,neighbour_backfill,0.19854492617384864,59.34,,,,,
Solomon Islands,SLB,Retail,0.876,0.8033335915545079,-0.0726664084454921,,neighbour_backfill,0.19854492617384864,59.34,,,,,
Solomon Islands,SLB,Security,0.846,0.7792899393397233,-0.06671006066027663,,neighbour_backfill,0.19854492617384864,59.34,,,,,
Solomon Islands,SLB,Transport,0.869,0.7977234060377248,-0.07127659396227515,,neighbour_backfill,0.19854492617384864,59.34,,,,,
Solomon Islands,SLB,Manual,0.335,0.36974639661456,0.03474639661455997,,neighbour_backfill,0.19854492617384864,59.34,,,,,
Solomon Islands,SLB,Cleaning,0.485,0.48996465768848274,0.004964657688482754,,neighbour_backfill,0.19854492617384864,59.34,,,,,
Solomon Islands,SLB,Tech,0.32,0.35772457050716777,0.037724570507167765,,neighbour_backfill,0.19854492617384864,59.34,,,,,
Solomon Islands,SLB,ArmedForces,0.4,0.4,0.0,,neighbour_backfill,0.19854492617384864,59.34,,,,,
Sierra Leone,SLE,Food,0.895,0.9330893970488605,0.038089397048860496,1793199.0,ilo_calibrated,0.36275616237010005,83.21,78.17533702203221,84.1864079269187,-5.034662977967784,0.9764079269187107,ok
Sierra Leone,SLE,Health,0.819,0.8846588653889881,0.06565886538898813,29989.0,ilo_calibrated,0.36275616237010005,83.21,78.17533702203221,84.1864079269187,-5.034662977967784,0.9764079269187107,ok
Sierra Leone,SLE,Retail,0.876,0.9209817641338924,0.04498176413389243,705613.0,ilo_calibrated,0.36275616237010005,83.21,78.17533702203221,84.1864079269187,-5.034662977967784,0.9764079269187107,ok
Sierra Leone,SLE,Security,0.846,0.9018644490049954,0.05586444900499543,34859.0,ilo_calibrated,0.36275616237010005,83.21,78.17533702203221,84.1864079269187,-5.034662977967784,0.9764079269187107,ok
Sierra Leone,SLE,Transport,0.869,0.916521057270483,0.04752105727048306,94338.0,ilo_calibrated,0.36275616237010005,83.21,78.17533702203221,84.1864079269187,-5.034662977967784,0.9764079269187107,ok
Sierra Leone,SLE,Manual,0.335,0.5762328479761165,0.2412328479761165,250517.0,ilo_calibrated,0.36275616237010005,83.21,78.17533702203221,84.1864079269187,-5.034662977967784,0.9764079269187107,ok
Sierra Leone,SLE,Cleaning,0.485,0.6718194236206015,0.18681942362060155,9340.0,ilo_calibrated,0.36275616237010005,83.21,78.17533702203221,84.1864079269187,-5.034662977967784,0.9764079269187107,ok
Sierra Leone,SLE,Tech,0.32,0.566674190411668,0.246674190411668,81023.0,ilo_calibrated,0.36275616237010005,83.21,78.17533702203221,84.1864079269187,-5.034662977967784,0.9764079269187107,ok
Sierra Leone,SLE,ArmedForces,0.4,0.4,0.0,13553.0,ilo_calibrated,0.36275616237010005,83.21,78.17533702203221,84.1864079269187,-5.034662977967784,0.9764079269187107,ok
El Salvador,SLV,Food,0.895,0.8312939578251696,-0.06370604217483045,454620.0,ilo_calibrated,0.07117993539087203,50.23,54.06021622881133,50.23,3.830216228811331,0.0,ok
El Salvador,SLV,Health,0.819,0.7607036329148759,-0.05829636708512409,88558.0,ilo_calibrated,0.07117993539087203,50.23,54.06021622881133,50.23,3.830216228811331,0.0,ok
El Salvador,SLV,Retail,0.876,0.8136463765975962,-0.0623536234024038,565252.0,ilo_calibrated,0.07117993539087203,50.23,54.06021622881133,50.23,3.830216228811331,0.0,ok
El Salvador,SLV,Security,0.846,0.7857817746593223,-0.06021822534067767,79797.0,ilo_calibrated,0.07117993539087203,50.23,54.06021622881133,50.23,3.830216228811331,0.0,ok
El Salvador,SLV,Transport,0.869,0.8071446361453323,-0.06185536385466772,133146.0,ilo_calibrated,0.07117993539087203,50.23,54.06021622881133,50.23,3.830216228811331,0.0,ok
El Salvador,SLV,Manual,0.335,0.3111547216440579,-0.023845278355942134,647542.0,ilo_calibrated,0.07117993539087203,50.23,54.06021622881133,50.23,3.830216228811331,0.0,ok
El Salvador,SLV,Cleaning,0.485,0.45047773133542707,-0.03452226866457292,251097.0,ilo_calibrated,0.07117993539087203,50.23,54.06021622881133,50.23,3.830216228811331,0.0,ok
El Salvador,SLV,Tech,0.32,0.297222420674921,-0.02277757932507901,187543.0,ilo_calibrated,0.07117993539087203,50.23,54.06021622881133,50.23,3.830216228811331,0.0,ok
El Salvador,SLV,ArmedForces,0.4,0.4,0.0,18070.0,ilo_calibrated,0.07117993539087203,50.23,54.06021622881133,50.23,3.830216228811331,0.0,ok
San Marino,SMR,Food,0.895,0.8157844100520398,-0.07921558994796019,,neighbour_backfill,0.08850903904800016,,,,,,
San Marino,SMR,Health,0.819,0.7465110970196879,-0.07248890298031208,,neighbour_backfill,0.08850903904800016,,,,,,
San Marino,SMR,Retail,0.876,0.798466081793952,-0.07753391820604805,,neighbour_backfill,0.08850903904800016,,,,,,
San Marino,SMR,Security,0.846,0.7711213529653919,-0.07487864703460811,,neighbour_backfill,0.08850903904800016,,,,,,
San Marino,SMR,Transport,0.869,0.7920856450672878,-0.07691435493271215,,neighbour_backfill,0.08850903904800016,,,,,,
San Marino,SMR,Manual,0.335,0.30534947191892,-0.02965052808108004,,neighbour_backfill,0.08850903904800016,,,,,,
San Marino,SMR,Cleaning,0.485,0.44207311606171995,-0.042926883938280036,,neighbour_backfill,0.08850903904800016,,,,,,
San Marino,SMR,Tech,0.32,0.29167710750464,-0.02832289249536002,,neighbour_backfill,0.08850903904800016,,,,,,
San Marino,SMR,ArmedForces,0.4,0.4,0.0,,neighbour_backfill,0.08850903904800016,,,,,,
Somalia,SOM,Food,0.895,0.895,0.0,133124.0,global_fallback,0.0,,42.98711181723832,42.98711181723832,,,global_fallback
Somalia,SOM,Health,0.819,0.819,0.0,57318.0,global_fallback,0.0,,42.98711181723832,42.98711181723832,,,global_fallback
Somalia,SOM,Retail,0.876,0.876,0.0,47510.0,global_fallback,0.0,,42.98711181723832,42.98711181723832,,,global_fallback
Somalia,SOM,Security,0.846,0.846,0.0,5151.0,global_fallback,0.0,,42.98711181723832,42.98711181723832,,,global_fallback
Somalia,SOM,Transport,0.869,0.869,0.0,44735.0,global_fallback,0.0,,42.98711181723832,42.98711181723832,,,global_fallback
Somalia,SOM,Manual,0.335,0.335,0.0,85580.0,global_fallback,0.0,,42.98711181723832,42.98711181723832,,,global_fallback
Somalia,SOM,Cleaning,0.485,0.485,0.0,307530.0,global_fallback,0.0,,42.98711181723832,42.98711181723832,,,global_fallback
Somalia,SOM,Tech,0.32,0.32,0.0,19112.0,global_fallback,0.0,,42.98711181723832,42.98711181723832,,,global_fallback
Somalia,SOM,ArmedForces,0.4,0.4,0.0,26389.77315894495,global_fallback,0.0,,42.98711181723832,42.98711181723832,,,global_fallback
Serbia,SRB,Food,0.895,0.9048395196053098,0.009839519605309821,2159756.0,ilo_calibrated,0.09370971052675986,45.77,43.54412373697436,45.769999999999996,-2.22587626302564,-7.105427357601002e-15,ok
Serbia,SRB,Health,0.819,0.8359614576053435,0.01696145760534351,689289.0,ilo_calibrated,0.09370971052675986,45.77,43.54412373697436,45.769999999999996,-2.22587626302564,-7.105427357601002e-15,ok
Serbia,SRB,Retail,0.876,0.8876200041053183,0.011620004105318271,920539.0,ilo_calibrated,0.09370971052675986,45.77,43.54412373697436,45.769999999999996,-2.22587626302564,-7.105427357601002e-15,ok
Serbia,SRB,Security,0.846,0.860431295421121,0.014431295421120982,283484.0,ilo_calibrated,0.09370971052675986,45.77,43.54412373697436,45.769999999999996,-2.22587626302564,-7.105427357601002e-15,ok
Serbia,SRB,Transport,0.869,0.8812759720790055,0.012275972079005548,598477.0,ilo_calibrated,0.09370971052675986,45.77,43.54412373697436,45.769999999999996,-2.22587626302564,-7.105427357601002e-15,ok
Serbia,SRB,Manual,0.335,0.39731695750029533,0.06231695750029531,2350513.0,ilo_calibrated,0.09370971052675986,45.77,43.54412373697436,45.769999999999996,-2.22587626302564,-7.105427357601002e-15,ok
Serbia,SRB,Cleaning,0.485,0.5332605009212813,0.04826050092128131,406082.0,ilo_calibrated,0.09370971052675986,45.77,43.54412373697436,45.769999999999996,-2.22587626302564,-7.105427357601002e-15,ok
Serbia,SRB,Tech,0.32,0.38372260315819673,0.06372260315819672,814131.0,ilo_calibrated,0.09370971052675986,45.77,43.54412373697436,45.769999999999996,-2.22587626302564,-7.105427357601002e-15,ok
Serbia,SRB,ArmedForces,0.4,0.4,0.0,81254.0,ilo_calibrated,0.09370971052675986,45.77,43.54412373697436,45.769999999999996,-2.22587626302564,-7.105427357601002e-15,ok
South Sudan,SSD,Food,0.895,0.9010935169292088,0.0060935169292087865,,,0.05803349456389324,,,,,,
South Sudan,SSD,Health,0.819,0.8295040625160647,0.010504062516064727,,,0.05803349456389324,,,,,,
South Sudan,SSD,Retail,0.876,0.8831961533259227,0.007196153325922716,,,0.05803349456389324,,,,,,
South Sudan,SSD,Security,0.846,0.8549371581628396,0.008937158162839576,,,0.05803349456389324,,,,,,
South Sudan,SSD,Transport,0.869,0.87660238778787,0.007602387787870035,,,0.05803349456389324,,,,,,
South Sudan,SSD,Manual,0.335,0.37359227388498906,0.03859227388498904,,,0.05803349456389324,,,,,,
South Sudan,SSD,Cleaning,0.485,0.514887249700405,0.029887249700405016,,,0.05803349456389324,,,,,,
South Sudan,SSD,Tech,0.32,0.3594627763034474,0.03946277630344741,,,0.05803349456389324,,,,,,
South Sudan,SSD,ArmedForces,0.4,0.4,0.0,,,0.05803349456389324,,,,,,
Sao Tome and Principe,STP,Food,0.895,0.895,0.0,8370.0,global_fallback,0.0,,62.72626813096001,62.72626813096001,,,global_fallback
Sao Tome and Principe,STP,Health,0.819,0.819,0.0,1172.0,global_fallback,0.0,,62.72626813096001,62.72626813096001,,,global_fallback
Sao Tome and Principe,STP,Retail,0.876,0.876,0.0,4623.0,global_fallback,0.0,,62.72626813096001,62.72626813096001,,,global_fallback
Sao Tome and Principe,STP,Security,0.846,0.846,0.0,1332.0,global_fallback,0.0,,62.72626813096001,62.72626813096001,,,global_fallback
Sao Tome and Principe,STP,Transport,0.869,0.869,0.0,1090.0,global_fallback,0.0,,62.72626813096001,62.72626813096001,,,global_fallback
Sao Tome and Principe,STP,Manual,0.335,0.335,0.0,3988.0,global_fallback,0.0,,62.72626813096001,62.72626813096001,,,global_fallback
Sao Tome and Principe,STP,Cleaning,0.485,0.485,0.0,1194.0,global_fallback,0.0,,62.72626813096001,62.72626813096001,,,global_fallback
Sao Tome and Principe,STP,Tech,0.32,0.32,0.0,2293.0,global_fallback,0.0,,62.72626813096001,62.72626813096001,,,global_fallback
Sao Tome and Principe,STP,ArmedForces,0.4,0.4,0.0,221.4275224854017,global_fallback,0.0,,62.72626813096001,62.72626813096001,,,global_fallback
Suriname,SUR,Food,0.895,0.9071009987444761,0.012100998744476121,17084.0,ilo_calibrated,0.1152476070902483,46.14,43.627771423532735,46.73100078660318,-2.5122285764672654,0.5910007866031819,ok
Suriname,SUR,Health,0.819,0.8398598168833349,0.020859816883334936,7818.0,ilo_calibrated,0.1152476070902483,46.14,43.627771423532735,46.73100078660318,-2.5122285764672654,0.5910007866031819,ok
Suriname,SUR,Retail,0.876,0.8902907032791908,0.014290703279190797,16813.0,ilo_calibrated,0.1152476070902483,46.14,43.627771423532735,46.73100078660318,-2.5122285764672654,0.5910007866031819,ok
Suriname,SUR,Security,0.846,0.8637481314918982,0.017748131491898245,11260.0,ilo_calibrated,0.1152476070902483,46.14,43.627771423532735,46.73100078660318,-2.5122285764672654,0.5910007866031819,ok
Suriname,SUR,Transport,0.869,0.8840974365288226,0.015097436528822561,12791.0,ilo_calibrated,0.1152476070902483,46.14,43.627771423532735,46.73100078660318,-2.5122285764672654,0.5910007866031819,ok
Suriname,SUR,Manual,0.335,0.4116396587150151,0.0766396587150151,35409.0,ilo_calibrated,0.1152476070902483,46.14,43.627771423532735,46.73100078660318,-2.5122285764672654,0.5910007866031819,ok
Suriname,SUR,Cleaning,0.485,0.5443525176514779,0.059352517651477865,13971.0,ilo_calibrated,0.1152476070902483,46.14,43.627771423532735,46.73100078660318,-2.5122285764672654,0.5910007866031819,ok
Suriname,SUR,Tech,0.32,0.39836837282136883,0.07836837282136883,16152.0,ilo_calibrated,0.1152476070902483,46.14,43.627771423532735,46.73100078660318,-2.5122285764672654,0.5910007866031819,ok
Suriname,SUR,ArmedForces,0.4,0.4,0.0,2094.4509155599135,ilo_calibrated,0.1152476070902483,46.14,43.627771423532735,46.73100078660318,-2.5122285764672654,0.5910007866031819,ok
Slovakia,SVK,Food,0.895,0.8989420275702114,0.003942027570211337,49687.0,ilo_calibrated,0.037543119716298985,34.58,33.54102076113757,34.598458487216824,-1.0389792388624315,0.01845848721682586,ok
Slovakia,SVK,Health,0.819,0.82579530466865,0.006795304668650082,199387.0,ilo_calibrated,0.037543119716298985,34.58,33.54102076113757,34.598458487216824,-1.0389792388624315,0.01845848721682586,ok
Slovakia,SVK,Retail,0.876,0.880655346844821,0.004655346844821051,196868.0,ilo_calibrated,0.037543119716298985,34.58,33.54102076113757,34.598458487216824,-1.0389792388624315,0.01845848721682586,ok
Slovakia,SVK,Security,0.846,0.85178164043631,0.0057816404363100204,44828.0,ilo_calibrated,0.037543119716298985,34.58,33.54102076113757,34.598458487216824,-1.0389792388624315,0.01845848721682586,ok
Slovakia,SVK,Transport,0.869,0.8739181486828351,0.004918148682835133,134880.0,ilo_calibrated,0.037543119716298985,34.58,33.54102076113757,34.598458487216824,-1.0389792388624315,0.01845848721682586,ok
Slovakia,SVK,Manual,0.335,0.35996617461133884,0.02496617461133882,625637.0,ilo_calibrated,0.037543119716298985,34.58,33.54102076113757,34.598458487216824,-1.0389792388624315,0.01845848721682586,ok
Slovakia,SVK,Cleaning,0.485,0.504334706653894,0.01933470665389403,68585.0,ilo_calibrated,0.037543119716298985,34.58,33.54102076113757,34.598458487216824,-1.0389792388624315,0.01845848721682586,ok
Slovakia,SVK,Tech,0.32,0.3455293214070833,0.025529321407083305,283589.0,ilo_calibrated,0.037543119716298985,34.58,33.54102076113757,34.598458487216824,-1.0389792388624315,0.01845848721682586,ok
Slovakia,SVK,ArmedForces,0.4,0.4,0.0,14275.0,ilo_calibrated,0.037543119716298985,34.58,33.54102076113757,34.598458487216824,-1.0389792388624315,0.01845848721682586,ok
Slovenia,SVN,Food,0.895,0.895,0.0,46347.0,global_fallback,0.0,,32.84275308896298,32.84275308896298,,,global_fallback
Slovenia,SVN,Health,0.819,0.819,0.0,72984.0,global_fallback,0.0,,32.84275308896298,32.84275308896298,,,global_fallback
Slovenia,SVN,Retail,0.876,0.876,0.0,55674.0,global_fallback,0.0,,32.84275308896298,32.84275308896298,,,global_fallback
Slovenia,SVN,Security,0.846,0.846,0.0,13865.0,global_fallback,0.0,,32.84275308896298,32.84275308896298,,,global_fallback
Slovenia,SVN,Transport,0.869,0.869,0.0,40434.0,global_fallback,0.0,,32.84275308896298,32.84275308896298,,,global_fallback
Slovenia,SVN,Manual,0.335,0.335,0.0,225231.0,global_fallback,0.0,,32.84275308896298,32.84275308896298,,,global_fallback
Slovenia,SVN,Cleaning,0.485,0.485,0.0,46229.0,global_fallback,0.0,,32.84275308896298,32.84275308896298,,,global_fallback
Slovenia,SVN,Tech,0.32,0.32,0.0,87844.0,global_fallback,0.0,,32.84275308896298,32.84275308896298,,,global_fallback
Slovenia,SVN,ArmedForces,0.4,0.4,0.0,8154.0,global_fallback,0.0,,32.84275308896298,32.84275308896298,,,global_fallback
Sweden,SWE,Food,0.895,0.895,0.0,159621.0,global_fallback,0.0,,29.297871792145664,29.297871792145664,,,global_fallback
Sweden,SWE,Health,0.819,0.819,0.0,752916.0,global_fallback,0.0,,29.297871792145664,29.297871792145664,,,global_fallback
Sweden,SWE,Retail,0.876,0.876,0.0,205914.0,global_fallback,0.0,,29.297871792145664,29.297871792145664,,,global_fallback
Sweden,SWE,Security,0.846,0.846,0.0,48809.0,global_fallback,0.0,,29.297871792145664,29.297871792145664,,,global_fallback
Sweden,SWE,Transport,0.869,0.869,0.0,185996.0,global_fallback,0.0,,29.297871792145664,29.297871792145664,,,global_fallback
Sweden,SWE,Manual,0.335,0.335,0.0,576796.0,global_fallback,0.0,,29.297871792145664,29.297871792145664,,,global_fallback
Sweden,SWE,Cleaning,0.485,0.485,0.0,110553.0,global_fallback,0.0,,29.297871792145664,29.297871792145664,,,global_fallback
Sweden,SWE,Tech,0.32,0.32,0.0,472144.0,global_fallback,0.0,,29.297871792145664,29.297871792145664,,,global_fallback
Sweden,SWE,ArmedForces,0.4,0.4,0.0,26290.078285755546,global_fallback,0.0,,29.297871792145664,29.297871792145664,,,global_fallback
Eswatini,SWZ,Food,0.895,0.8543667296514632,-0.04063327034853681,32561.0,ilo_calibrated,0.04540030206540419,49.25,52.742506388633146,50.359904249107856,3.4925063886331458,1.1099042491078563,ok
Eswatini,SWZ,Health,0.819,0.7818171526084339,-0.037182847391566076,7237.0,ilo_calibrated,0.04540030206540419,49.25,52.742506388633146,50.359904249107856,3.4925063886331458,1.1099042491078563,ok
Eswatini,SWZ,Retail,0.876,0.8362293353907059,-0.039770664609294126,34760.0,ilo_calibrated,0.04540030206540419,49.25,52.742506388633146,50.359904249107856,3.4925063886331458,1.1099042491078563,ok
Eswatini,SWZ,Security,0.846,0.807591344452668,-0.03840865554733197,11145.0,ilo_calibrated,0.04540030206540419,49.25,52.742506388633146,50.359904249107856,3.4925063886331458,1.1099042491078563,ok
Eswatini,SWZ,Transport,0.869,0.8295471375051637,-0.03945286249483626,12484.0,ilo_calibrated,0.04540030206540419,49.25,52.742506388633146,50.359904249107856,3.4925063886331458,1.1099042491078563,ok
Eswatini,SWZ,Manual,0.335,0.3197908988080896,-0.015209101191910435,38245.0,ilo_calibrated,0.04540030206540419,49.25,52.742506388633146,50.359904249107856,3.4925063886331458,1.1099042491078563,ok
Eswatini,SWZ,Cleaning,0.485,0.46298085349827894,-0.022019146501721043,24416.0,ilo_calibrated,0.04540030206540419,49.25,52.742506388633146,50.359904249107856,3.4925063886331458,1.1099042491078563,ok
Eswatini,SWZ,Tech,0.32,0.30547190333907065,-0.014528096660929357,14650.0,ilo_calibrated,0.04540030206540419,49.25,52.742506388633146,50.359904249107856,3.4925063886331458,1.1099042491078563,ok
Eswatini,SWZ,ArmedForces,0.4,0.4,0.0,1440.5028945608615,ilo_calibrated,0.04540030206540419,49.25,52.742506388633146,50.359904249107856,3.4925063886331458,1.1099042491078563,ok
Sint Maarten,SXM,Food,0.895,0.8552408860005939,-0.039759113999406126,,,0.2214938194187739,,,,,,
Sint Maarten,SXM,Health,0.819,0.7960744162764207,-0.022925583723579224,,,0.2214938194187739,,,,,,
Sint Maarten,SXM,Retail,0.876,0.8404492685695506,-0.0355507314304494,,,0.2214938194187739,,,,,,
Sint Maarten,SXM,Security,0.846,0.8170940831521137,-0.028905916847886237,,,0.2214938194187739,,,,,,
Sint Maarten,SXM,Transport,0.869,0.834999725305482,-0.03400027469451794,,,0.2214938194187739,,,,,,
Sint Maarten,SXM,Manual,0.335,0.4192774248751072,0.0842774248751072,,,0.2214938194187739,,,,,,
Sint Maarten,SXM,Cleaning,0.485,0.5360533519622912,0.051053351962291216,,,0.2214938194187739,,,,,,
Sint Maarten,SXM,Tech,0.32,0.4075998321663889,0.08759983216638889,,,0.2214938194187739,,,,,,
Sint Maarten,SXM,ArmedForces,0.4,0.4,0.0,,,0.2214938194187739,,,,,,
Seychelles,SYC,Food,0.895,0.9095613715884123,0.014561371588412308,3166.0,ilo_calibrated,0.13867972941345075,43.67,41.032564715793804,44.290878671200176,-2.637435284206198,0.6208786712001739,ok
Seychelles,SYC,Health,0.819,0.8441010310238345,0.02510103102383454,5964.0,ilo_calibrated,0.13867972941345075,43.67,41.032564715793804,44.290878671200176,-2.637435284206198,0.6208786712001739,ok
Seychelles,SYC,Retail,0.876,0.8931962864472679,0.017196286447267894,2602.0,ilo_calibrated,0.13867972941345075,43.67,41.032564715793804,44.290878671200176,-2.637435284206198,0.6208786712001739,ok
Seychelles,SYC,Security,0.846,0.8673566783296713,0.021356678329671364,2458.0,ilo_calibrated,0.13867972941345075,43.67,41.032564715793804,44.290878671200176,-2.637435284206198,0.6208786712001739,ok
Seychelles,SYC,Transport,0.869,0.8871670445531621,0.018167044553162093,3148.0,ilo_calibrated,0.13867972941345075,43.67,41.032564715793804,44.290878671200176,-2.637435284206198,0.6208786712001739,ok
Seychelles,SYC,Manual,0.335,0.42722202005994475,0.09222202005994473,6025.0,ilo_calibrated,0.13867972941345075,43.67,41.032564715793804,44.290878671200176,-2.637435284206198,0.6208786712001739,ok
Seychelles,SYC,Cleaning,0.485,0.5564200606479272,0.07142006064792716,4495.0,ilo_calibrated,0.13867972941345075,43.67,41.032564715793804,44.290878671200176,-2.637435284206198,0.6208786712001739,ok
Seychelles,SYC,Tech,0.32,0.4143022160011465,0.09430221600114647,4268.0,ilo_calibrated,0.13867972941345075,43.67,41.032564715793804,44.290878671200176,-2.637435284206198,0.6208786712001739,ok
Seychelles,SYC,ArmedForces,0.4,0.4,0.0,356.09184558742544,ilo_calibrated,0.13867972941345075,43.67,41.032564715793804,44.290878671200176,-2.637435284206198,0.6208786712001739,ok
Syria,SYR,Food,0.895,0.8277674318274397,-0.06723256817256029,,neighbour_backfill,0.16193524714541502,,,,,,
Syria,SYR,Health,0.819,0.7640745106104911,-0.05492548938950881,,neighbour_backfill,0.16193524714541502,,,,,,
Syria,SYR,Retail,0.876,0.8118442015232026,-0.06415579847679742,,neighbour_backfill,0.16193524714541502,,,,,,
Syria,SYR,Security,0.846,0.786702258937565,-0.059297741062435017,,neighbour_backfill,0.16193524714541502,,,,,,
Syria,SYR,Transport,0.869,0.8059777482532204,-0.06302225174677956,,neighbour_backfill,0.16193524714541502,,,,,,
Syria,SYR,Manual,0.335,0.3584511702288721,0.023451170228872054,,neighbour_backfill,0.16193524714541502,,,,,,
Syria,SYR,Cleaning,0.485,0.48416088315705974,-0.0008391168429402462,,neighbour_backfill,0.16193524714541502,,,,,,
Syria,SYR,Tech,0.32,0.34588019893605326,0.025880198936053256,,neighbour_backfill,0.16193524714541502,,,,,,
Syria,SYR,ArmedForces,0.4,0.4,0.0,,neighbour_backfill,0.16193524714541502,,,,,,
Turks and Caicos Islands,TCA,Food,0.895,0.8104010669359784,-0.08459893306402166,,,0.0945239475575661,,,,,,
Turks and Caicos Islands,TCA,Health,0.819,0.7415848869503533,-0.07741511304964666,,,0.0945239475575661,,,,,,
Turks and Caicos Islands,TCA,Retail,0.876,0.7931970219395721,-0.08280297806042791,,,0.0945239475575661,,,,,,
Turks and Caicos Islands,TCA,Security,0.846,0.7660327403662991,-0.07996725963370088,,,0.0945239475575661,,,,,,
Turks and Caicos Islands,TCA,Transport,0.869,0.7868586895724751,-0.08214131042752493,,,0.0945239475575661,,,,,,
Turks and Caicos Islands,TCA,Manual,0.335,0.30333447756821535,-0.031665522431784665,,,0.0945239475575661,,,,,,
Turks and Caicos Islands,TCA,Cleaning,0.485,0.43915588543458045,-0.045844114565419536,,,0.0945239475575661,,,,,,
Turks and Caicos Islands,TCA,Tech,0.32,0.28975233678157886,-0.03024766321842115,,,0.0945239475575661,,,,,,
Turks and Caicos Islands,TCA,ArmedForces,0.4,0.4,0.0,,,0.0945239475575661,,,,,,
Chad,TCD,Food,0.895,0.9010935169292088,0.0060935169292087865,,neighbour_backfill,0.05803349456389325,,,,,,
Chad,TCD,Health,0.819,0.8295040625160647,0.010504062516064727,,neighbour_backfill,0.05803349456389325,,,,,,
Chad,TCD,Retail,0.876,0.8831961533259227,0.007196153325922716,,neighbour_backfill,0.05803349456389325,,,,,,
Chad,TCD,Security,0.846,0.8549371581628396,0.008937158162839576,,neighbour_backfill,0.05803349456389325,,,,,,
Chad,TCD,Transport,0.869,0.87660238778787,0.007602387787870035,,neighbour_backfill,0.05803349456389325,,,,,,
Chad,TCD,Manual,0.335,0.37359227388498906,0.03859227388498904,,neighbour_backfill,0.05803349456389325,,,,,,
Chad,TCD,Cleaning,0.485,0.514887249700405,0.029887249700405016,,neighbour_backfill,0.05803349456389325,,,,,,
Chad,TCD,Tech,0.32,0.3594627763034474,0.03946277630344741,,neighbour_backfill,0.05803349456389325,,,,,,
Chad,TCD,ArmedForces,0.4,0.4,0.0,,neighbour_backfill,0.05803349456389325,,,,,,
Taiwan,TWN,Food,0.895,0.895,0.0,,global_fallback,0.0,,,,,,global_fallback
Taiwan,TWN,Health,0.819,0.819,0.0,,global_fallback,0.0,,,,,,global_fallback
Taiwan,TWN,Retail,0.876,0.876,0.0,,global_fallback,0.0,,,,,,global_fallback
Taiwan,TWN,Security,0.846,0.846,0.0,,global_fallback,0.0,,,,,,global_fallback
Taiwan,TWN,Transport,0.869,0.869,0.0,,global_fallback,0.0,,,,,,global_fallback
Taiwan,TWN,Manual,0.335,0.335,0.0,,global_fallback,0.0,,,,,,global_fallback
Taiwan,TWN,Cleaning,0.485,0.485,0.0,,global_fallback,0.0,,,,,,global_fallback
Taiwan,TWN,Tech,0.32,0.32,0.0,,global_fallback,0.0,,,,,,global_fallback
Taiwan,TWN,ArmedForces,0.4,0.4,0.0,,global_fallback,0.0,,,,,,global_fallback
Togo,TGO,Food,0.895,0.7973983667460279,-0.09760163325397209,1341793.0,ilo_calibrated,0.10905210419438224,63.47,71.21762319511589,63.470000000000034,7.747623195115892,3.552713678800501e-14,ok
Togo,TGO,Health,0.819,0.7296863266648008,-0.08931367333519913,33553.0,ilo_calibrated,0.10905210419438224,63.47,71.21762319511589,63.470000000000034,7.747623195115892,3.552713678800501e-14,ok
Togo,TGO,Retail,0.876,0.7804703567257212,-0.09552964327427882,889831.0,ilo_calibrated,0.10905210419438224,63.47,71.21762319511589,63.470000000000034,7.747623195115892,3.552713678800501e-14,ok
Togo,TGO,Security,0.846,0.7537419198515526,-0.09225808014844739,26532.0,ilo_calibrated,0.10905210419438224,63.47,71.21762319511589,63.470000000000034,7.747623195115892,3.552713678800501e-14,ok
Togo,TGO,Transport,0.869,0.7742337214550818,-0.09476627854491815,112089.0,ilo_calibrated,0.10905210419438224,63.47,71.21762319511589,63.470000000000034,7.747623195115892,3.552713678800501e-14,ok
Togo,TGO,Manual,0.335,0.29846754509488194,-0.036532454905118084,465229.0,ilo_calibrated,0.10905210419438224,63.47,71.21762319511589,63.470000000000034,7.747623195115892,3.552713678800501e-14,ok
Togo,TGO,Cleaning,0.485,0.43210972946572457,-0.05289027053427542,124422.0,ilo_calibrated,0.10905210419438224,63.47,71.21762319511589,63.470000000000034,7.747623195115892,3.552713678800501e-14,ok
Togo,TGO,Tech,0.32,0.2851033266577977,-0.03489667334220231,144304.0,ilo_calibrated,0.10905210419438224,63.47,71.21762319511589,63.470000000000034,7.747623195115892,3.552713678800501e-14,ok
Togo,TGO,ArmedForces,0.4,0.4,0.0,14505.789265800715,ilo_calibrated,0.10905210419438224,63.47,71.21762319511589,63.470000000000034,7.747623195115892,3.552713678800501e-14,ok
Thailand,THA,Food,0.895,0.8686532022319547,-0.02634679776804527,11741187.0,ilo_calibrated,0.029437762869324265,56.39,58.18972145343082,56.47870422432014,1.79972145343082,0.08870422432013925,ok
Thailand,THA,Health,0.819,0.7948904722100233,-0.02410952778997666,721547.0,ilo_calibrated,0.029437762869324265,56.39,58.18972145343082,56.47870422432014,1.79972145343082,0.08870422432013925,ok
Thailand,THA,Retail,0.876,0.8502125197264719,-0.025787480273528063,6109102.0,ilo_calibrated,0.029437762869324265,56.39,58.18972145343082,56.47870422432014,1.79972145343082,0.08870422432013925,ok
Thailand,THA,Security,0.846,0.8210956526125516,-0.0249043473874484,586891.0,ilo_calibrated,0.029437762869324265,56.39,58.18972145343082,56.47870422432014,1.79972145343082,0.08870422432013925,ok
Thailand,THA,Transport,0.869,0.8434185840665571,-0.025581415933442875,2095647.0,ilo_calibrated,0.029437762869324265,56.39,58.18972145343082,56.47870422432014,1.79972145343082,0.08870422432013925,ok
Thailand,THA,Manual,0.335,0.3251383494387764,-0.009861650561223623,8033469.0,ilo_calibrated,0.029437762869324265,56.39,58.18972145343082,56.47870422432014,1.79972145343082,0.08870422432013925,ok
Thailand,THA,Cleaning,0.485,0.4707226850083777,-0.01427731499162227,1544271.0,ilo_calibrated,0.029437762869324265,56.39,58.18972145343082,56.47870422432014,1.79972145343082,0.08870422432013925,ok
Thailand,THA,Tech,0.32,0.3105799158818162,-0.009420084118183791,2786566.0,ilo_calibrated,0.029437762869324265,56.39,58.18972145343082,56.47870422432014,1.79972145343082,0.08870422432013925,ok
Thailand,THA,ArmedForces,0.4,0.4,0.0,66087.0,ilo_calibrated,0.029437762869324265,56.39,58.18972145343082,56.47870422432014,1.79972145343082,0.08870422432013925,ok
Tajikistan,TJK,Food,0.895,0.895,0.0,400691.0,global_fallback,0.0,,50.83903844148249,50.83903844148249,,,global_fallback
Tajikistan,TJK,Health,0.819,0.819,0.0,76904.0,global_fallback,0.0,,50.83903844148249,50.83903844148249,,,global_fallback
Tajikistan,TJK,Retail,0.876,0.876,0.0,214631.0,global_fallback,0.0,,50.83903844148249,50.83903844148249,,,global_fallback
Tajikistan,TJK,Security,0.846,0.846,0.0,47016.0,global_fallback,0.0,,50.83903844148249,50.83903844148249,,,global_fallback
Tajikistan,TJK,Transport,0.869,0.869,0.0,157320.0,global_fallback,0.0,,50.83903844148249,50.83903844148249,,,global_fallback
Tajikistan,TJK,Manual,0.335,0.335,0.0,545639.0,global_fallback,0.0,,50.83903844148249,50.83903844148249,,,global_fallback
Tajikistan,TJK,Cleaning,0.485,0.485,0.0,300613.0,global_fallback,0.0,,50.83903844148249,50.83903844148249,,,global_fallback
Tajikistan,TJK,Tech,0.32,0.32,0.0,103801.0,global_fallback,0.0,,50.83903844148249,50.83903844148249,,,global_fallback
Tajikistan,TJK,ArmedForces,0.4,0.4,0.0,7345.0,global_fallback,0.0,,50.83903844148249,50.83903844148249,,,global_fallback
Turkmenistan,TKM,Food,0.895,0.8884906137175599,-0.006509386282440133,,,0.00727305729881581,,,,,,
Turkmenistan,TKM,Health,0.819,0.8130433660722698,-0.005956633927730159,,,0.00727305729881581,,,,,,
Turkmenistan,TKM,Retail,0.876,0.8696288018062374,-0.006371198193762639,,,0.00727305729881581,,,,,,
Turkmenistan,TKM,Security,0.846,0.8398469935252019,-0.006153006474798106,,,0.00727305729881581,,,,,,
Turkmenistan,TKM,Transport,0.869,0.8626797132073291,-0.006320286792670937,,,0.00727305729881581,,,,,,
Turkmenistan,TKM,Manual,0.335,0.33256352580489673,-0.0024364741951032887,,,0.00727305729881581,,,,,,
Turkmenistan,TKM,Cleaning,0.485,0.4814725672100743,-0.0035274327899256774,,,0.00727305729881581,,,,,,
Turkmenistan,TKM,Tech,0.32,0.317672621664379,-0.002327378335621022,,,0.00727305729881581,,,,,,
Turkmenistan,TKM,ArmedForces,0.4,0.4,0.0,,,0.00727305729881581,,,,,,
Timor-Leste,TLS,Food,0.895,0.9077048865092989,0.012704886509298907,103067.0,ilo_calibrated,0.12099891913618002,66.09,64.055028391506,66.08999999999999,-2.034971608494004,-1.4210854715202004e-14,ok
Timor-Leste,TLS,Health,0.819,0.8409008043636486,0.021900804363648607,4309.0,ilo_calibrated,0.12099891913618002,66.09,64.055028391506,66.08999999999999,-2.034971608494004,-1.4210854715202004e-14,ok
Timor-Leste,TLS,Retail,0.876,0.8910038659728863,0.015003865972886277,55056.0,ilo_calibrated,0.12099891913618002,66.09,64.055028391506,66.08999999999999,-2.034971608494004,-1.4210854715202004e-14,ok
Timor-Leste,TLS,Security,0.846,0.8646338335469717,0.01863383354697168,9890.0,ilo_calibrated,0.12099891913618002,66.09,64.055028391506,66.08999999999999,-2.034971608494004,-1.4210854715202004e-14,ok
Timor-Leste,TLS,Transport,0.869,0.8848508584068395,0.01585085840683953,10191.0,ilo_calibrated,0.12099891913618002,66.09,64.055028391506,66.08999999999999,-2.034971608494004,-1.4210854715202004e-14,ok
Timor-Leste,TLS,Manual,0.335,0.41546428122555973,0.08046428122555971,27502.0,ilo_calibrated,0.12099891913618002,66.09,64.055028391506,66.08999999999999,-2.034971608494004,-1.4210854715202004e-14,ok
Timor-Leste,TLS,Cleaning,0.485,0.5473144433551327,0.0623144433551327,5364.0,ilo_calibrated,0.12099891913618002,66.09,64.055028391506,66.08999999999999,-2.034971608494004,-1.4210854715202004e-14,ok
Timor-Leste,TLS,Tech,0.32,0.4022792650126024,0.08227926501260241,5423.0,ilo_calibrated,0.12099891913618002,66.09,64.055028391506,66.08999999999999,-2.034971608494004,-1.4210854715202004e-14,ok
Timor-Leste,TLS,ArmedForces,0.4,0.4,0.0,1306.6866218765472,ilo_calibrated,0.12099891913618002,66.09,64.055028391506,66.08999999999999,-2.034971608494004,-1.4210854715202004e-14,ok
Tonga,TON,Food,0.895,0.7702006642936055,-0.12479933570639457,7862.0,ilo_calibrated,0.1394405985546307,38.2,44.33295899341616,38.2,6.13295899341616,0.0,ok
Tonga,TON,Health,0.819,0.7047981497837573,-0.11420185021624263,813.0,ilo_calibrated,0.1394405985546307,38.2,44.33295899341616,38.2,6.13295899341616,0.0,ok
Tonga,TON,Retail,0.876,0.7538500356661435,-0.1221499643338565,2234.0,ilo_calibrated,0.1394405985546307,38.2,44.33295899341616,38.2,6.13295899341616,0.0,ok
Tonga,TON,Security,0.846,0.7280332536227824,-0.1179667463772176,1002.9999999999999,ilo_calibrated,0.1394405985546307,38.2,44.33295899341616,38.2,6.13295899341616,0.0,ok
Tonga,TON,Transport,0.869,0.7478261198560259,-0.12117388014397412,817.0,ilo_calibrated,0.1394405985546307,38.2,44.33295899341616,38.2,6.13295899341616,0.0,ok
Tonga,TON,Manual,0.335,0.28828739948419874,-0.046712600515801284,7481.0,ilo_calibrated,0.1394405985546307,38.2,44.33295899341616,38.2,6.13295899341616,0.0,ok
Tonga,TON,Cleaning,0.485,0.41737130970100406,-0.06762869029899593,726.0,ilo_calibrated,0.1394405985546307,38.2,44.33295899341616,38.2,6.13295899341616,0.0,ok
Tonga,TON,Tech,0.32,0.27537900846251817,-0.044620991537481836,1515.0,ilo_calibrated,0.1394405985546307,38.2,44.33295899341616,38.2,6.13295899341616,0.0,ok
Tonga,TON,ArmedForces,0.4,0.4,0.0,289.98101090088727,ilo_calibrated,0.1394405985546307,38.2,44.33295899341616,38.2,6.13295899341616,0.0,ok
Trinidad and Tobago,TTO,Food,0.895,0.895,0.0,22458.0,global_fallback,0.0,,34.247855491539674,34.247855491539674,,,global_fallback
Trinidad and Tobago,TTO,Health,0.819,0.819,0.0,15653.0,global_fallback,0.0,,34.247855491539674,34.247855491539674,,,global_fallback
Trinidad and Tobago,TTO,Retail,0.876,0.876,0.0,34011.0,global_fallback,0.0,,34.247855491539674,34.247855491539674,,,global_fallback
Trinidad and Tobago,TTO,Security,0.846,0.846,0.0,10822.022030571485,global_fallback,0.0,,34.247855491539674,34.247855491539674,,,global_fallback
Trinidad and Tobago,TTO,Transport,0.869,0.869,0.0,25948.0,global_fallback,0.0,,34.247855491539674,34.247855491539674,,,global_fallback
Trinidad and Tobago,TTO,Manual,0.335,0.335,0.0,110917.0,global_fallback,0.0,,34.247855491539674,34.247855491539674,,,global_fallback
Trinidad and Tobago,TTO,Cleaning,0.485,0.485,0.0,68895.0,global_fallback,0.0,,34.247855491539674,34.247855491539674,,,global_fallback
Trinidad and Tobago,TTO,Tech,0.32,0.32,0.0,49603.0,global_fallback,0.0,,34.247855491539674,34.247855491539674,,,global_fallback
Trinidad and Tobago,TTO,ArmedForces,0.4,0.4,0.0,5450.777853140235,global_fallback,0.0,,34.247855491539674,34.247855491539674,,,global_fallback
Tunisia,TUN,Food,0.895,0.9025511762193392,0.007551176219339206,694502.0,ilo_calibrated,0.07191596399370662,48.39,45.928933852259455,48.38999999999999,-2.4610661477405458,-7.105427357601002e-15,ok
Tunisia,TUN,Health,0.819,0.8320167894828608,0.013016789482860891,125002.0,ilo_calibrated,0.07191596399370662,48.39,45.928933852259455,48.38999999999999,-2.4610661477405458,-7.105427357601002e-15,ok
Tunisia,TUN,Retail,0.876,0.8849175795352197,0.008917579535219655,483654.0,ilo_calibrated,0.07191596399370662,48.39,45.928933852259455,48.38999999999999,-2.4610661477405458,-7.105427357601002e-15,ok
Tunisia,TUN,Security,0.846,0.8570750584550308,0.011075058455030873,254427.0,ilo_calibrated,0.07191596399370662,48.39,45.928933852259455,48.38999999999999,-2.4610661477405458,-7.105427357601002e-15,ok
Tunisia,TUN,Transport,0.869,0.8784209912831755,0.009420991283175528,280007.0,ilo_calibrated,0.07191596399370662,48.39,45.928933852259455,48.38999999999999,-2.4610661477405458,-7.105427357601002e-15,ok
Tunisia,TUN,Manual,0.335,0.3828241160558149,0.04782411605581488,1892152.0,ilo_calibrated,0.07191596399370662,48.39,45.928933852259455,48.38999999999999,-2.4610661477405458,-7.105427357601002e-15,ok
Tunisia,TUN,Cleaning,0.485,0.522036721456759,0.03703672145675896,304956.0,ilo_calibrated,0.07191596399370662,48.39,45.928933852259455,48.38999999999999,-2.4610661477405458,-7.105427357601002e-15,ok
Tunisia,TUN,Tech,0.32,0.3689028555157205,0.04890285551572049,316414.0,ilo_calibrated,0.07191596399370662,48.39,45.928933852259455,48.38999999999999,-2.4610661477405458,-7.105427357601002e-15,ok
Tunisia,TUN,ArmedForces,0.4,0.4,0.0,24031.19795281336,ilo_calibrated,0.07191596399370662,48.39,45.928933852259455,48.38999999999999,-2.4610661477405458,-7.105427357601002e-15,ok
Türkiye,TUR,Food,0.895,0.8960596135924783,0.0010596135924783034,5343999.0,ilo_calibrated,0.010091558023602454,47.16,46.88767010506376,47.160000000000004,-0.2723298949362345,7.105427357601002e-15,ok
Türkiye,TUR,Health,0.819,0.820826572002272,0.0018265720022720977,1845007.0,ilo_calibrated,0.010091558023602454,47.16,46.88767010506376,47.160000000000004,-0.2723298949362345,7.105427357601002e-15,ok
Türkiye,TUR,Retail,0.876,0.8772513531949268,0.001251353194926752,2983115.0,ilo_calibrated,0.010091558023602454,47.16,46.88767010506376,47.160000000000004,-0.2723298949362345,7.105427357601002e-15,ok
Türkiye,TUR,Security,0.846,0.8475540999356348,0.0015540999356348228,1028239.0,ilo_calibrated,0.010091558023602454,47.16,46.88767010506376,47.160000000000004,-0.2723298949362345,7.105427357601002e-15,ok
Türkiye,TUR,Transport,0.869,0.8703219941010919,0.0013219941010919056,1812405.0,ilo_calibrated,0.010091558023602454,47.16,46.88767010506376,47.160000000000004,-0.2723298949362345,7.105427357601002e-15,ok
Türkiye,TUR,Manual,0.335,0.34171088608569566,0.006710886085695644,7024932.0,ilo_calibrated,0.010091558023602454,47.16,46.88767010506376,47.160000000000004,-0.2723298949362345,7.105427357601002e-15,ok
Türkiye,TUR,Cleaning,0.485,0.4901971523821553,0.00519715238215529,1521925.0,ilo_calibrated,0.010091558023602454,47.16,46.88767010506376,47.160000000000004,-0.2723298949362345,7.105427357601002e-15,ok
Türkiye,TUR,Tech,0.32,0.3268622594560497,0.00686225945604968,2480555.0,ilo_calibrated,0.010091558023602454,47.16,46.88767010506376,47.160000000000004,-0.2723298949362345,7.105427357601002e-15,ok
Türkiye,TUR,ArmedForces,0.4,0.4,0.0,144082.2499166259,ilo_calibrated,0.010091558023602454,47.16,46.88767010506376,47.160000000000004,-0.2723298949362345,7.105427357601002e-15,ok
Tuvalu,TUV,Food,0.895,1.0,0.10499999999999998,188.0,ilo_calibrated,1.0,55.37,29.840627889760686,50.97271870643301,-25.52937211023931,-4.397281293566991,infeasible_clipped
Tuvalu,TUV,Health,0.819,1.0,0.18100000000000005,144.0,ilo_calibrated,1.0,55.37,29.840627889760686,50.97271870643301,-25.52937211023931,-4.397281293566991,infeasible_clipped
Tuvalu,TUV,Retail,0.876,1.0,0.124,132.0,ilo_calibrated,1.0,55.37,29.840627889760686,50.97271870643301,-25.52937211023931,-4.397281293566991,infeasible_clipped
Tuvalu,TUV,Security,0.846,1.0,0.15400000000000003,143.0,ilo_calibrated,1.0,55.37,29.840627889760686,50.97271870643301,-25.52937211023931,-4.397281293566991,infeasible_clipped
Tuvalu,TUV,Transport,0.869,1.0,0.131,79.0,ilo_calibrated,1.0,55.37,29.840627889760686,50.97271870643301,-25.52937211023931,-4.397281293566991,infeasible_clipped
Tuvalu,TUV,Manual,0.335,1.0,0.665,562.0,ilo_calibrated,1.0,55.37,29.840627889760686,50.97271870643301,-25.52937211023931,-4.397281293566991,infeasible_clipped
Tuvalu,TUV,Cleaning,0.485,1.0,0.515,93.0,ilo_calibrated,1.0,55.37,29.840627889760686,50.97271870643301,-25.52937211023931,-4.397281293566991,infeasible_clipped
Tuvalu,TUV,Tech,0.32,1.0,0.6799999999999999,158.0,ilo_calibrated,1.0,55.37,29.840627889760686,50.97271870643301,-25.52937211023931,-4.397281293566991,infeasible_clipped
Tuvalu,TUV,ArmedForces,0.4,0.4,0.0,13.012322567095111,ilo_calibrated,1.0,55.37,29.840627889760686,50.97271870643301,-25.52937211023931,-4.397281293566991,infeasible_clipped
Tanzania,TZA,Food,0.895,0.895,0.0,19424768.0,global_fallback,0.0,,74.72851893096514,74.72851893096514,,,global_fallback
Tanzania,TZA,Health,0.819,0.819,0.0,1339517.0,global_fallback,0.0,,74.72851893096514,74.72851893096514,,,global_fallback
Tanzania,TZA,Retail,0.876,0.876,0.0,52253.0,global_fallback,0.0,,74.72851893096514,74.72851893096514,,,global_fallback
Tanzania,TZA,Security,0.846,0.846,0.0,628841.3419361159,global_fallback,0.0,,74.72851893096514,74.72851893096514,,,global_fallback
Tanzania,TZA,Transport,0.869,0.869,0.0,661110.0,global_fallback,0.0,,74.72851893096514,74.72851893096514,,,global_fallback
Tanzania,TZA,Manual,0.335,0.335,0.0,3300612.0,global_fallback,0.0,,74.72851893096514,74.72851893096514,,,global_fallback
Tanzania,TZA,Cleaning,0.485,0.485,0.0,4459457.0,global_fallback,0.0,,74.72851893096514,74.72851893096514,,,global_fallback
Tanzania,TZA,Tech,0.32,0.32,0.0,716265.0,global_fallback,0.0,,74.72851893096514,74.72851893096514,,,global_fallback
Tanzania,TZA,ArmedForces,0.4,0.4,0.0,69854.7251266141,global_fallback,0.0,,74.72851893096514,74.72851893096514,,,global_fallback
Uganda,UGA,Food,0.895,0.8418943092187396,-0.05310569078126037,11618053.0,ilo_calibrated,0.05933596735336358,73.26,77.8744810464932,73.26,4.6144810464931965,0.0,ok
Uganda,UGA,Health,0.819,0.7704038427375952,-0.04859615726240474,214377.0,ilo_calibrated,0.05933596735336358,73.26,77.8744810464932,73.26,4.6144810464931965,0.0,ok
Uganda,UGA,Retail,0.876,0.8240216925984535,-0.05197830740154652,2096702.0,ilo_calibrated,0.05933596735336358,73.26,77.8744810464932,73.26,4.6144810464931965,0.0,ok
Uganda,UGA,Security,0.846,0.7958017716190544,-0.050198228380945564,187274.0,ilo_calibrated,0.05933596735336358,73.26,77.8744810464932,73.26,4.6144810464931965,0.0,ok
Uganda,UGA,Transport,0.869,0.817437044369927,-0.05156295563007296,626774.0,ilo_calibrated,0.05933596735336358,73.26,77.8744810464932,73.26,4.6144810464931965,0.0,ok
Uganda,UGA,Manual,0.335,0.3151224509366232,-0.019877549063376798,1556921.0,ilo_calibrated,0.05933596735336358,73.26,77.8744810464932,73.26,4.6144810464931965,0.0,ok
Uganda,UGA,Cleaning,0.485,0.4562220558336187,-0.028777944166381297,373716.0,ilo_calibrated,0.05933596735336358,73.26,77.8744810464932,73.26,4.6144810464931965,0.0,ok
Uganda,UGA,Tech,0.32,0.3010124904469237,-0.01898750955307632,494819.0,ilo_calibrated,0.05933596735336358,73.26,77.8744810464932,73.26,4.6144810464931965,0.0,ok
Uganda,UGA,ArmedForces,0.4,0.4,0.0,47521.0,ilo_calibrated,0.05933596735336358,73.26,77.8744810464932,73.26,4.6144810464931965,0.0,ok
Ukraine,UKR,Food,0.895,0.7242511744614528,-0.1707488255385472,1624119.0,ilo_calibrated,0.19078081065759467,33.87,42.870219209853296,34.72509028289896,9.000219209853299,0.8550902828989635,ok
Ukraine,UKR,Health,0.819,0.6627505160714299,-0.15624948392857008,857108.0,ilo_calibrated,0.19078081065759467,33.87,42.870219209853296,34.72509028289896,9.000219209853299,0.8550902828989635,ok
Ukraine,UKR,Retail,0.876,0.708876009863947,-0.16712399013605295,1321231.0,ilo_calibrated,0.19078081065759467,33.87,42.870219209853296,34.72509028289896,9.000219209853299,0.8550902828989635,ok
Ukraine,UKR,Security,0.846,0.6845994341836749,-0.16140056581632511,310449.98641439097,ilo_calibrated,0.19078081065759467,33.87,42.870219209853296,34.72509028289896,9.000219209853299,0.8550902828989635,ok
Ukraine,UKR,Transport,0.869,0.7032114755385502,-0.16578852446144976,1243464.0,ilo_calibrated,0.19078081065759467,33.87,42.870219209853296,34.72509028289896,9.000219209853299,0.8550902828989635,ok
Ukraine,UKR,Manual,0.335,0.2710884284297058,-0.0639115715702942,3167823.0,ilo_calibrated,0.19078081065759467,33.87,42.870219209853296,34.72509028289896,9.000219209853299,0.8550902828989635,ok
Ukraine,UKR,Cleaning,0.485,0.39247130683106657,-0.09252869316893342,564472.0,ilo_calibrated,0.19078081065759467,33.87,42.870219209853296,34.72509028289896,9.000219209853299,0.8550902828989635,ok
Ukraine,UKR,Tech,0.32,0.2589501405895697,-0.061049859410430285,1699777.0,ilo_calibrated,0.19078081065759467,33.87,42.870219209853296,34.72509028289896,9.000219209853299,0.8550902828989635,ok
Ukraine,UKR,ArmedForces,0.4,0.4,0.0,67568.75965677037,ilo_calibrated,0.19078081065759467,33.87,42.870219209853296,34.72509028289896,9.000219209853299,0.8550902828989635,ok
Uruguay,URY,Food,0.895,0.8868537132098838,-0.008146286790116197,143909.0,ilo_calibrated,0.009101996413537658,42.88,43.271588520623695,42.87999999999999,0.3915885206236922,-1.4210854715202004e-14,ok
Uruguay,URY,Health,0.819,0.8115454649373126,-0.00745453506268734,127822.0,ilo_calibrated,0.009101996413537658,42.88,43.271588520623695,42.87999999999999,0.3915885206236922,-1.4210854715202004e-14,ok
Uruguay,URY,Retail,0.876,0.8680266511417409,-0.007973348858259066,186674.0,ilo_calibrated,0.009101996413537658,42.88,43.271588520623695,42.87999999999999,0.3915885206236922,-1.4210854715202004e-14,ok
Uruguay,URY,Security,0.846,0.838299711034147,-0.007700288965852953,49065.0,ilo_calibrated,0.009101996413537658,42.88,43.271588520623695,42.87999999999999,0.3915885206236922,-1.4210854715202004e-14,ok
Uruguay,URY,Transport,0.869,0.8610903651166357,-0.00790963488336427,102218.0,ilo_calibrated,0.009101996413537658,42.88,43.271588520623695,42.87999999999999,0.3915885206236922,-1.4210854715202004e-14,ok
Uruguay,URY,Manual,0.335,0.3319508312014649,-0.003049168798535118,332940.0,ilo_calibrated,0.009101996413537658,42.88,43.271588520623695,42.87999999999999,0.3915885206236922,-1.4210854715202004e-14,ok
Uruguay,URY,Cleaning,0.485,0.4805855317394342,-0.004414468260565796,146929.0,ilo_calibrated,0.009101996413537658,42.88,43.271588520623695,42.87999999999999,0.3915885206236922,-1.4210854715202004e-14,ok
Uruguay,URY,Tech,0.32,0.31708736114766795,-0.002912638852332061,116799.0,ilo_calibrated,0.009101996413537658,42.88,43.271588520623695,42.87999999999999,0.3915885206236922,-1.4210854715202004e-14,ok
Uruguay,URY,ArmedForces,0.4,0.4,0.0,10830.0,ilo_calibrated,0.009101996413537658,42.88,43.271588520623695,42.87999999999999,0.3915885206236922,-1.4210854715202004e-14,ok
United States,USA,Food,0.895,0.8460732342089913,-0.04892676579100874,4446615.0,ilo_calibrated,0.054666777420121444,29.58,31.272537733008416,29.580000000000005,1.6925377330084181,7.105427357601002e-15,ok
United States,USA,Health,0.819,0.7742279092929204,-0.04477209070707955,18925813.0,ilo_calibrated,0.054666777420121444,29.58,31.272537733008416,29.580000000000005,1.6925377330084181,7.105427357601002e-15,ok
United States,USA,Retail,0.876,0.8281119029799736,-0.04788809702002639,9511987.0,ilo_calibrated,0.054666777420121444,29.58,31.272537733008416,29.580000000000005,1.6925377330084181,7.105427357601002e-15,ok
United States,USA,Security,0.846,0.7997519063025772,-0.046248093697422776,2359665.0,ilo_calibrated,0.054666777420121444,29.58,31.272537733008416,29.580000000000005,1.6925377330084181,7.105427357601002e-15,ok
United States,USA,Transport,0.869,0.8214945704219144,-0.04750542957808557,6610957.0,ilo_calibrated,0.054666777420121444,29.58,31.272537733008416,29.580000000000005,1.6925377330084181,7.105427357601002e-15,ok
United States,USA,Manual,0.335,0.3166866295642593,-0.018313370435740717,23866991.0,ilo_calibrated,0.054666777420121444,29.58,31.272537733008416,29.580000000000005,1.6925377330084181,7.105427357601002e-15,ok
United States,USA,Cleaning,0.485,0.45848661295124105,-0.02651338704875894,5072879.0,ilo_calibrated,0.054666777420121444,29.58,31.272537733008416,29.580000000000005,1.6925377330084181,7.105427357601002e-15,ok
United States,USA,Tech,0.32,0.30250663122556115,-0.017493368774438856,14404892.0,ilo_calibrated,0.054666777420121444,29.58,31.272537733008416,29.580000000000005,1.6925377330084181,7.105427357601002e-15,ok
United States,USA,ArmedForces,0.4,0.4,0.0,1273382.0,ilo_calibrated,0.054666777420121444,29.58,31.272537733008416,29.580000000000005,1.6925377330084181,7.105427357601002e-15,ok
Uzbekistan,UZB,Food,0.895,0.9013592429232087,0.006359242923208663,,neighbour_backfill,0.025036777637968213,,,,,,
Uzbekistan,UZB,Health,0.819,0.8299621235152453,0.010962123515245392,,neighbour_backfill,0.025036777637968213,,,,,,
Uzbekistan,UZB,Retail,0.876,0.8835099630712179,0.007509963071217873,,neighbour_backfill,0.025036777637968213,,,,,,
Uzbekistan,UZB,Security,0.846,0.855326889620706,0.009326889620706047,,neighbour_backfill,0.025036777637968213,,,,,,
Uzbekistan,UZB,Transport,0.869,0.8769339125994318,0.00793391259943177,,neighbour_backfill,0.025036777637968213,,,,,,
Uzbekistan,UZB,Manual,0.335,0.3752752051803216,0.04027520518032157,,neighbour_backfill,0.025036777637968213,,,,,,
Uzbekistan,UZB,Cleaning,0.485,0.5161905724328806,0.031190572432880592,,neighbour_backfill,0.025036777637968213,,,,,,
Uzbekistan,UZB,Tech,0.32,0.36118366845506567,0.04118366845506566,,neighbour_backfill,0.025036777637968213,,,,,,
Uzbekistan,UZB,ArmedForces,0.4,0.4,0.0,,neighbour_backfill,0.025036777637968213,,,,,,
St. Vincent and the Grenadines,VCT,Food,0.895,0.9449205241298249,0.04992052412982484,,,0.47543356314118956,,,,,,
St. Vincent and the Grenadines,VCT,Health,0.819,0.9050534749285553,0.0860534749285553,,,0.47543356314118956,,,,,,
St. Vincent and the Grenadines,VCT,Retail,0.876,0.9349537618295075,0.05895376182950751,,,0.47543356314118956,,,,,,
St. Vincent and the Grenadines,VCT,Security,0.846,0.9192167687237431,0.07321676872374316,,,0.47543356314118956,,,,,,
St. Vincent and the Grenadines,VCT,Transport,0.869,0.9312817967714958,0.06228179677149581,,,0.47543356314118956,,,,,,
St. Vincent and the Grenadines,VCT,Manual,0.335,0.6511633194888911,0.31616331948889104,,,0.47543356314118956,,,,,,
St. Vincent and the Grenadines,VCT,Cleaning,0.485,0.7298482850177126,0.2448482850177126,,,0.47543356314118956,,,,,,
St. Vincent and the Grenadines,VCT,Tech,0.32,0.6432948229360089,0.3232948229360089,,,0.47543356314118956,,,,,,
St. Vincent and the Grenadines,VCT,ArmedForces,0.4,0.4,0.0,,,0.47543356314118956,,,,,,
Venezuela,VEN,Food,0.895,0.8572868439994941,-0.037713156000505954,,neighbour_backfill,0.04213760446983907,,,,,,
Venezuela,VEN,Health,0.819,0.7844893019392017,-0.034510698060798206,,neighbour_backfill,0.04213760446983907,,,,,,
Venezuela,VEN,Retail,0.876,0.839087458484421,-0.03691254151557899,,neighbour_backfill,0.04213760446983907,,,,,,
Venezuela,VEN,Security,0.846,0.8103515866185161,-0.035648413381483834,,neighbour_backfill,0.04213760446983907,,,,,,
Venezuela,VEN,Transport,0.869,0.8323824217157099,-0.03661757828429013,,neighbour_backfill,0.04213760446983907,,,,,,
Venezuela,VEN,Manual,0.335,0.32088390250260396,-0.014116097497396063,,neighbour_backfill,0.04213760446983907,,,,,,
Venezuela,VEN,Cleaning,0.485,0.46456326183212804,-0.02043673816787195,,neighbour_backfill,0.04213760446983907,,,,,,
Venezuela,VEN,Tech,0.32,0.3065159665696515,-0.013484033430348485,,neighbour_backfill,0.04213760446983907,,,,,,
Venezuela,VEN,ArmedForces,0.4,0.4,0.0,,neighbour_backfill,0.04213760446983907,,,,,,
British Virgin Islands,VGB,Food,0.895,0.8104010669359784,-0.08459893306402166,,,0.0945239475575661,,,,,,
British Virgin Islands,VGB,Health,0.819,0.7415848869503533,-0.07741511304964666,,,0.0945239475575661,,,,,,
British Virgin Islands,VGB,Retail,0.876,0.7931970219395721,-0.08280297806042791,,,0.0945239475575661,,,,,,
British Virgin Islands,VGB,Security,0.846,0.7660327403662991,-0.07996725963370088,,,0.0945239475575661,,,,,,
British Virgin Islands,VGB,Transport,0.869,0.7868586895724751,-0.08214131042752493,,,0.0945239475575661,,,,,,
British Virgin Islands,VGB,Manual,0.335,0.30333447756821535,-0.031665522431784665,,,0.0945239475575661,,,,,,
British Virgin Islands,VGB,Cleaning,0.485,0.43915588543458045,-0.045844114565419536,,,0.0945239475575661,,,,,,
British Virgin Islands,VGB,Tech,0.32,0.28975233678157886,-0.03024766321842115,,,0.0945239475575661,,,,,,
British Virgin Islands,VGB,ArmedForces,0.4,0.4,0.0,,,0.0945239475575661,,,,,,
United States Virgin Islands,VIR,Food,0.895,0.8104010669359784,-0.08459893306402166,,,0.0945239475575661,,,,,,
United States Virgin Islands,VIR,Health,0.819,0.7415848869503533,-0.07741511304964666,,,0.0945239475575661,,,,,,
United States Virgin Islands,VIR,Retail,0.876,0.7931970219395721,-0.08280297806042791,,,0.0945239475575661,,,,,,
United States Virgin Islands,VIR,Security,0.846,0.7660327403662991,-0.07996725963370088,,,0.0945239475575661,,,,,,
United States Virgin Islands,VIR,Transport,0.869,0.7868586895724751,-0.08214131042752493,,,0.0945239475575661,,,,,,
United States Virgin Islands,VIR,Manual,0.335,0.30333447756821535,-0.031665522431784665,,,0.0945239475575661,,,,,,
United States Virgin Islands,VIR,Cleaning,0.485,0.43915588543458045,-0.045844114565419536,,,0.0945239475575661,,,,,,
United States Virgin Islands,VIR,Tech,0.32,0.28975233678157886,-0.03024766321842115,,,0.0945239475575661,,,,,,
United States Virgin Islands,VIR,ArmedForces,0.4,0.4,0.0,,,0.0945239475575661,,,,,,
Vietnam,VNM,Food,0.895,0.895,0.0,16026723.0,global_fallback,0.0,,58.06997827220491,58.06997827220491,,,global_fallback
Vietnam,VNM,Health,0.819,0.819,0.0,735941.0,global_fallback,0.0,,58.06997827220491,58.06997827220491,,,global_fallback
Vietnam,VNM,Retail,0.876,0.876,0.0,8048800.0,global_fallback,0.0,,58.06997827220491,58.06997827220491,,,global_fallback
Vietnam,VNM,Security,0.846,0.846,0.0,361641.0,global_fallback,0.0,,58.06997827220491,58.06997827220491,,,global_fallback
Vietnam,VNM,Transport,0.869,0.869,0.0,2071230.0,global_fallback,0.0,,58.06997827220491,58.06997827220491,,,global_fallback
Vietnam,VNM,Manual,0.335,0.335,0.0,16057092.0,global_fallback,0.0,,58.06997827220491,58.06997827220491,,,global_fallback
Vietnam,VNM,Cleaning,0.485,0.485,0.0,1473258.0,global_fallback,0.0,,58.06997827220491,58.06997827220491,,,global_fallback
Vietnam,VNM,Tech,0.32,0.32,0.0,2778737.0,global_fallback,0.0,,58.06997827220491,58.06997827220491,,,global_fallback
Vietnam,VNM,ArmedForces,0.4,0.4,0.0,308608.0,global_fallback,0.0,,58.06997827220491,58.06997827220491,,,global_fallback
Vanuatu,VUT,Food,0.895,0.7208580970690217,-0.1741419029309783,75468.0,ilo_calibrated,0.1945719585820987,54.51,67.67674819759458,54.53847623374764,13.166748197594579,0.028476233747639412,ok
Vanuatu,VUT,Health,0.819,0.6596455659212612,-0.15935443407873873,1793.0,ilo_calibrated,0.1945719585820987,54.51,67.67674819759458,54.53847623374764,13.166748197594579,0.028476233747639412,ok
Vanuatu,VUT,Retail,0.876,0.7055549642820816,-0.17044503571791836,15307.0,ilo_calibrated,0.1945719585820987,54.51,67.67674819759458,54.53847623374764,13.166748197594579,0.028476233747639412,ok
Vanuatu,VUT,Security,0.846,0.6813921230395446,-0.16460787696045542,1685.0,ilo_calibrated,0.1945719585820987,54.51,67.67674819759458,54.53847623374764,13.166748197594579,0.028476233747639412,ok
Vanuatu,VUT,Transport,0.869,0.6999169679921563,-0.1690830320078437,4001.0000000000005,ilo_calibrated,0.1945719585820987,54.51,67.67674819759458,54.53847623374764,13.166748197594579,0.028476233747639412,ok
Vanuatu,VUT,Manual,0.335,0.26981839387499695,-0.06518160612500307,17680.0,ilo_calibrated,0.1945719585820987,54.51,67.67674819759458,54.53847623374764,13.166748197594579,0.028476233747639412,ok
Vanuatu,VUT,Cleaning,0.485,0.39063260008768214,-0.09436739991231785,5606.0,ilo_calibrated,0.1945719585820987,54.51,67.67674819759458,54.53847623374764,13.166748197594579,0.028476233747639412,ok
Vanuatu,VUT,Tech,0.32,0.25773697325372846,-0.062263026746271544,6912.0,ilo_calibrated,0.1945719585820987,54.51,67.67674819759458,54.53847623374764,13.166748197594579,0.028476233747639412,ok
Vanuatu,VUT,ArmedForces,0.4,0.4,0.0,555.3173931072822,ilo_calibrated,0.1945719585820987,54.51,67.67674819759458,54.53847623374764,13.166748197594579,0.028476233747639412,ok
Samoa,WSM,Food,0.895,0.7915290272831951,-0.10347097271680494,17811.0,ilo_calibrated,0.11561002538190499,48.91,55.9123856668028,49.4687515276384,7.002385666802802,0.5587515276384067,ok
Samoa,WSM,Health,0.819,0.7243153892122197,-0.09468461078778023,1320.0,ilo_calibrated,0.11561002538190499,48.91,55.9123856668028,49.4687515276384,7.002385666802802,0.5587515276384067,ok
Samoa,WSM,Retail,0.876,0.7747256177654512,-0.10127438223454877,5032.0,ilo_calibrated,0.11561002538190499,48.91,55.9123856668028,49.4687515276384,7.002385666802802,0.5587515276384067,ok
Samoa,WSM,Security,0.846,0.7481939185269083,-0.09780608147309167,1763.0,ilo_calibrated,0.11561002538190499,48.91,55.9123856668028,49.4687515276384,7.002385666802802,0.5587515276384067,ok
Samoa,WSM,Transport,0.869,0.7685348879431245,-0.10046511205687547,2766.0,ilo_calibrated,0.11561002538190499,48.91,55.9123856668028,49.4687515276384,7.002385666802802,0.5587515276384067,ok
Samoa,WSM,Manual,0.335,0.29627064149706184,-0.03872935850293818,8076.0,ilo_calibrated,0.11561002538190499,48.91,55.9123856668028,49.4687515276384,7.002385666802802,0.5587515276384067,ok
Samoa,WSM,Cleaning,0.485,0.42892913768977603,-0.05607086231022396,828.0,ilo_calibrated,0.11561002538190499,48.91,55.9123856668028,49.4687515276384,7.002385666802802,0.5587515276384067,ok
Samoa,WSM,Tech,0.32,0.28300479187779043,-0.03699520812220958,2652.0,ilo_calibrated,0.11561002538190499,48.91,55.9123856668028,49.4687515276384,7.002385666802802,0.5587515276384067,ok
Samoa,WSM,ArmedForces,0.4,0.4,0.0,231.73064873050845,ilo_calibrated,0.11561002538190499,48.91,55.9123856668028,49.4687515276384,7.002385666802802,0.5587515276384067,ok
Kosovo,XKX,Food,0.895,0.8957643031226656,0.0007643031226656216,16872.0,ilo_calibrated,0.007279077358720061,40.5,40.306585567931656,40.499999999999986,-0.1934144320683444,-1.4210854715202004e-14,ok
Kosovo,XKX,Health,0.819,0.8203175130019282,0.0013175130019282832,22658.0,ilo_calibrated,0.007279077358720061,40.5,40.306585567931656,40.499999999999986,-0.1934144320683444,-1.4210854715202004e-14,ok
Kosovo,XKX,Retail,0.876,0.8769026055924813,0.0009026055924813425,60559.0,ilo_calibrated,0.007279077358720061,40.5,40.306585567931656,40.499999999999986,-0.1934144320683444,-1.4210854715202004e-14,ok
Kosovo,XKX,Security,0.846,0.8471209779132428,0.0011209779132428377,21392.0,ilo_calibrated,0.007279077358720061,40.5,40.306585567931656,40.499999999999986,-0.1934144320683444,-1.4210854715202004e-14,ok
Kosovo,XKX,Transport,0.869,0.8699535591339923,0.00095355913399231,17329.0,ilo_calibrated,0.007279077358720061,40.5,40.306585567931656,40.499999999999986,-0.1934144320683444,-1.4210854715202004e-14,ok
Kosovo,XKX,Manual,0.335,0.33984058644354886,0.004840586443548844,91955.0,ilo_calibrated,0.007279077358720061,40.5,40.306585567931656,40.499999999999986,-0.1934144320683444,-1.4210854715202004e-14,ok
Kosovo,XKX,Cleaning,0.485,0.4887487248397408,0.0037487248397408135,16952.0,ilo_calibrated,0.007279077358720061,40.5,40.306585567931656,40.499999999999986,-0.1934144320683444,-1.4210854715202004e-14,ok
Kosovo,XKX,Tech,0.32,0.32494977260392965,0.0049497726039296475,34990.0,ilo_calibrated,0.007279077358720061,40.5,40.306585567931656,40.499999999999986,-0.1934144320683444,-1.4210854715202004e-14,ok
Kosovo,XKX,ArmedForces,0.4,0.4,0.0,1872.0783424431743,ilo_calibrated,0.007279077358720061,40.5,40.306585567931656,40.499999999999986,-0.1934144320683444,-1.4210854715202004e-14,ok
Yemen,YEM,Food,0.895,0.895,0.0,,global_fallback,0.0,,,,,,global_fallback
Yemen,YEM,Health,0.819,0.819,0.0,,global_fallback,0.0,,,,,,global_fallback
Yemen,YEM,Retail,0.876,0.876,0.0,,global_fallback,0.0,,,,,,global_fallback
Yemen,YEM,Security,0.846,0.846,0.0,,global_fallback,0.0,,,,,,global_fallback
Yemen,YEM,Transport,0.869,0.869,0.0,,global_fallback,0.0,,,,,,global_fallback
Yemen,YEM,Manual,0.335,0.335,0.0,,global_fallback,0.0,,,,,,global_fallback
Yemen,YEM,Cleaning,0.485,0.485,0.0,,global_fallback,0.0,,,,,,global_fallback
Yemen,YEM,Tech,0.32,0.32,0.0,,global_fallback,0.0,,,,,,global_fallback
Yemen,YEM,ArmedForces,0.4,0.4,0.0,,global_fallback,0.0,,,,,,global_fallback
South Africa,ZAF,Food,0.895,0.895,0.0,1246246.0,global_fallback,0.0,,37.68786024885172,37.68786024885172,,,global_fallback
South Africa,ZAF,Health,0.819,0.819,0.0,442366.0,global_fallback,0.0,,37.68786024885172,37.68786024885172,,,global_fallback
South Africa,ZAF,Retail,0.876,0.876,0.0,603871.0,global_fallback,0.0,,37.68786024885172,37.68786024885172,,,global_fallback
South Africa,ZAF,Security,0.846,0.846,0.0,344432.60325287265,global_fallback,0.0,,37.68786024885172,37.68786024885172,,,global_fallback
South Africa,ZAF,Transport,0.869,0.869,0.0,955882.0,global_fallback,0.0,,37.68786024885172,37.68786024885172,,,global_fallback
South Africa,ZAF,Manual,0.335,0.335,0.0,3441931.0,global_fallback,0.0,,37.68786024885172,37.68786024885172,,,global_fallback
South Africa,ZAF,Cleaning,0.485,0.485,0.0,2652260.0,global_fallback,0.0,,37.68786024885172,37.68786024885172,,,global_fallback
South Africa,ZAF,Tech,0.32,0.32,0.0,2492973.0,global_fallback,0.0,,37.68786024885172,37.68786024885172,,,global_fallback
South Africa,ZAF,ArmedForces,0.4,0.4,0.0,79748.77534777694,global_fallback,0.0,,37.68786024885172,37.68786024885172,,,global_fallback
Zambia,ZMB,Food,0.895,0.732172374464202,-0.162827625535798,4306437.0,ilo_calibrated,0.18193030786122674,62.02,75.76290058693104,62.02000000000001,13.742900586931036,7.105427357601002e-15,ok
Zambia,ZMB,Health,0.819,0.6699990778616552,-0.1490009221383447,79277.0,ilo_calibrated,0.18193030786122674,62.02,75.76290058693104,62.02000000000001,13.742900586931036,7.105427357601002e-15,ok
Zambia,ZMB,Retail,0.876,0.7166290503135654,-0.15937094968643462,891903.0,ilo_calibrated,0.18193030786122674,62.02,75.76290058693104,62.02000000000001,13.742900586931036,7.105427357601002e-15,ok
Zambia,ZMB,Security,0.846,0.6920869595494021,-0.15391304045059784,175595.0,ilo_calibrated,0.18193030786122674,62.02,75.76290058693104,62.02000000000001,13.742900586931036,7.105427357601002e-15,ok
Zambia,ZMB,Transport,0.869,0.710902562468594,-0.15809743753140604,200966.0,ilo_calibrated,0.18193030786122674,62.02,75.76290058693104,62.02000000000001,13.742900586931036,7.105427357601002e-15,ok
Zambia,ZMB,Manual,0.335,0.274053346866489,-0.060946653133511,489074.0,ilo_calibrated,0.18193030786122674,62.02,75.76290058693104,62.02000000000001,13.742900586931036,7.105427357601002e-15,ok
Zambia,ZMB,Cleaning,0.485,0.396763800687305,-0.088236199312695,319836.0,ilo_calibrated,0.18193030786122674,62.02,75.76290058693104,62.02000000000001,13.742900586931036,7.105427357601002e-15,ok
Zambia,ZMB,Tech,0.32,0.26178230148440745,-0.05821769851559255,197296.0,ilo_calibrated,0.18193030786122674,62.02,75.76290058693104,62.02000000000001,13.742900586931036,7.105427357601002e-15,ok
Zambia,ZMB,ArmedForces,0.4,0.4,0.0,39991.250913083175,ilo_calibrated,0.18193030786122674,62.02,75.76290058693104,62.02000000000001,13.742900586931036,7.105427357601002e-15,ok
Zimbabwe,ZWE,Food,0.895,0.9065063700793764,0.011506370079376382,2358252.0,ilo_calibrated,0.10958447694644143,69.57,67.8891254002591,70.31277844170509,-1.6808745997408892,0.7427784417050987,ok
Zimbabwe,ZWE,Health,0.819,0.8388347903273059,0.01983479032730595,53021.0,ilo_calibrated,0.10958447694644143,69.57,67.8891254002591,70.31277844170509,-1.6808745997408892,0.7427784417050987,ok
Zimbabwe,ZWE,Retail,0.876,0.8895884751413587,0.013588475141358747,634383.0,ilo_calibrated,0.10958447694644143,69.57,67.8891254002591,70.31277844170509,-1.6808745997408892,0.7427784417050987,ok
Zimbabwe,ZWE,Security,0.846,0.862876009449752,0.016876009449751983,165209.0,ilo_calibrated,0.10958447694644143,69.57,67.8891254002591,70.31277844170509,-1.6808745997408892,0.7427784417050987,ok
Zimbabwe,ZWE,Transport,0.869,0.8833555664799838,0.014355566479983817,105013.0,ilo_calibrated,0.10958447694644143,69.57,67.8891254002591,70.31277844170509,-1.6808745997408892,0.7427784417050987,ok
Zimbabwe,ZWE,Manual,0.335,0.40787367716938355,0.07287367716938353,670644.0,ilo_calibrated,0.10958447694644143,69.57,67.8891254002591,70.31277844170509,-1.6808745997408892,0.7427784417050987,ok
Zimbabwe,ZWE,Cleaning,0.485,0.5414360056274173,0.05643600562741735,206436.0,ilo_calibrated,0.10958447694644143,69.57,67.8891254002591,70.31277844170509,-1.6808745997408892,0.7427784417050987,ok
Zimbabwe,ZWE,Tech,0.32,0.39451744432358016,0.07451744432358015,239806.0,ilo_calibrated,0.10958447694644143,69.57,67.8891254002591,70.31277844170509,-1.6808745997408892,0.7427784417050987,ok
Zimbabwe,ZWE,ArmedForces,0.4,0.4,0.0,12133.722233333363,ilo_calibrated,0.10958447694644143,69.57,67.8891254002591,70.31277844170509,-1.6808745997408892,0.7427784417050987,ok
