Country Name,Country Code,Group,Global overlap,Calibrated overlap,Adjustment,Group essential mass S_g,Overlap source,calibration_x,ILO %essential (published),Model %Essential (pct),Calibrated %Essential (pct),Delta model (pp),Delta calibrated (pp),solver_status
Aruba,ABW,Food,0.895,0.8045869607743004,-0.09041303922569965,,neighbour_backfill,0.10102015555944094,,,,,,
Aruba,ABW,Health,0.819,0.7362644925968178,-0.08273550740318214,,neighbour_backfill,0.10102015555944094,,,,,,
Aruba,ABW,Retail,0.876,0.7875063437299297,-0.08849365627007033,,neighbour_backfill,0.10102015555944094,,,,,,
Aruba,ABW,Security,0.846,0.7605369483967129,-0.08546305160328704,,neighbour_backfill,0.10102015555944094,,,,,,
Aruba,ABW,Transport,0.869,0.7812134848188458,-0.08778651518115421,,neighbour_backfill,0.10102015555944094,,,,,,
Aruba,ABW,Manual,0.335,0.30115824788758727,-0.03384175211241275,,neighbour_backfill,0.10102015555944094,,,,,,
Aruba,ABW,Cleaning,0.485,0.43600522455367113,-0.04899477544632885,,neighbour_backfill,0.10102015555944094,,,,,,
Aruba,ABW,Tech,0.32,0.2876735502209789,-0.032326449779021105,,neighbour_backfill,0.10102015555944094,,,,,,
Aruba,ABW,ArmedForces,0.4,0.4,0.0,,neighbour_backfill,0.10102015555944094,,,,,,
Afghanistan,AFG,Food,0.895,0.8321475883510295,-0.06285241164897049,3775376.0,ilo_calibrated,0.07022615826700611,64.02,68.70961770298332,64.02000000000004,4.689617702983327,4.263256414560601e-14,ok
Afghanistan,AFG,Health,0.819,0.761484776379322,-0.05751522362067796,77736.0,ilo_calibrated,0.07022615826700611,64.02,68.70961770298332,64.02000000000004,4.689617702983327,4.263256414560601e-14,ok
Afghanistan,AFG,Retail,0.876,0.8144818853581027,-0.06151811464189727,782027.0,ilo_calibrated,0.07022615826700611,64.02,68.70961770298332,64.02000000000004,4.689617702983327,4.263256414560601e-14,ok
Afghanistan,AFG,Security,0.846,0.7865886701061129,-0.05941132989388709,84823.0,ilo_calibrated,0.07022615826700611,64.02,68.70961770298332,64.02000000000004,4.689617702983327,4.263256414560601e-14,ok
Afghanistan,AFG,Transport,0.869,0.8079734684659717,-0.06102653153402826,358542.0,ilo_calibrated,0.07022615826700611,64.02,68.70961770298332,64.02000000000004,4.689617702983327,4.263256414560601e-14,ok
Afghanistan,AFG,Manual,0.335,0.311474236980553,-0.023525763019447032,1581581.0,ilo_calibrated,0.07022615826700611,64.02,68.70961770298332,64.02000000000004,4.689617702983327,4.263256414560601e-14,ok
Afghanistan,AFG,Cleaning,0.485,0.45094031324050204,-0.03405968675949794,63492.0,ilo_calibrated,0.07022615826700611,64.02,68.70961770298332,64.02000000000004,4.689617702983327,4.263256414560601e-14,ok
Afghanistan,AFG,Tech,0.32,0.29752762935455807,-0.02247237064544194,176938.0,ilo_calibrated,0.07022615826700611,64.02,68.70961770298332,64.02000000000004,4.689617702983327,4.263256414560601e-14,ok
Afghanistan,AFG,ArmedForces,0.4,0.4,0.0,370694.0,ilo_calibrated,0.07022615826700611,64.02,68.70961770298332,64.02000000000004,4.689617702983327,4.263256414560601e-14,ok
Angola,AGO,Food,0.895,0.9152249949195186,0.02022499491951857,6039387.0,ilo_calibrated,0.1926189992335098,76.63,73.40598076473476,76.62999999999998,-3.2240192352652315,-1.4210854715202004e-14,ok
Angola,AGO,Health,0.819,0.8538640388612653,0.03486403886126532,190275.0,ilo_calibrated,0.1926189992335098,76.63,73.40598076473476,76.62999999999998,-3.2240192352652315,-1.4210854715202004e-14,ok
Angola,AGO,Retail,0.876,0.8998847559049552,0.0238847559049552,2120768.0,ilo_calibrated,0.1926189992335098,76.63,73.40598076473476,76.62999999999998,-3.2240192352652315,-1.4210854715202004e-14,ok
Angola,AGO,Security,0.846,0.8756633258819605,0.029663325881960523,338111.0,ilo_calibrated,0.1926189992335098,76.63,73.40598076473476,76.62999999999998,-3.2240192352652315,-1.4210854715202004e-14,ok
Angola,AGO,Transport,0.869,0.8942330888995897,0.02523308889958975,408707.0,ilo_calibrated,0.1926189992335098,76.63,73.40598076473476,76.62999999999998,-3.2240192352652315,-1.4210854715202004e-14,ok
Angola,AGO,Manual,0.335,0.463091634490284,0.128091634490284,775045.0,ilo_calibrated,0.1926189992335098,76.63,73.40598076473476,76.62999999999998,-3.2240192352652315,-1.4210854715202004e-14,ok
Angola,AGO,Cleaning,0.485,0.5841987846052575,0.09919878460525755,308661.0,ilo_calibrated,0.1926189992335098,76.63,73.40598076473476,76.62999999999998,-3.2240192352652315,-1.4210854715202004e-14,ok
Angola,AGO,Tech,0.32,0.45098091947878666,0.13098091947878665,382534.0,ilo_calibrated,0.1926189992335098,76.63,73.40598076473476,76.62999999999998,-3.2240192352652315,-1.4210854715202004e-14,ok
Angola,AGO,ArmedForces,0.4,0.4,0.0,137755.0,ilo_calibrated,0.1926189992335098,76.63,73.40598076473476,76.62999999999998,-3.2240192352652315,-1.4210854715202004e-14,ok
Albania,ALB,Food,0.895,0.9006401242805125,0.005640124280512526,423926.0,ilo_calibrated,0.053715469338214354,56.62,55.27696375763102,56.620000000000005,-1.3430362423689743,7.105427357601002e-15,ok
Albania,ALB,Health,0.819,0.8287224999502167,0.00972249995021679,41744.0,ilo_calibrated,0.053715469338214354,56.62,55.27696375763102,56.620000000000005,-1.3430362423689743,7.105427357601002e-15,ok
Albania,ALB,Retail,0.876,0.8826607181979386,0.006660718197938564,121548.0,ilo_calibrated,0.053715469338214354,56.62,55.27696375763102,56.620000000000005,-1.3430362423689743,7.105427357601002e-15,ok
Albania,ALB,Security,0.846,0.854272182278085,0.008272182278085016,34394.0,ilo_calibrated,0.053715469338214354,56.62,55.27696375763102,56.620000000000005,-1.3430362423689743,7.105427357601002e-15,ok
Albania,ALB,Transport,0.869,0.8760367264833061,0.0070367264833061105,52160.0,ilo_calibrated,0.053715469338214354,56.62,55.27696375763102,56.620000000000005,-1.3430362423689743,7.105427357601002e-15,ok
Albania,ALB,Manual,0.335,0.3707207871099126,0.035720787109912555,251891.0,ilo_calibrated,0.053715469338214354,56.62,55.27696375763102,56.620000000000005,-1.3430362423689743,7.105427357601002e-15,ok
Albania,ALB,Cleaning,0.485,0.5126634667091804,0.027663466709180407,46188.0,ilo_calibrated,0.053715469338214354,56.62,55.27696375763102,56.620000000000005,-1.3430362423689743,7.105427357601002e-15,ok
Albania,ALB,Tech,0.32,0.3565265191499858,0.03652651914998578,89003.0,ilo_calibrated,0.053715469338214354,56.62,55.27696375763102,56.620000000000005,-1.3430362423689743,7.105427357601002e-15,ok
Albania,ALB,ArmedForces,0.4,0.4,0.0,5518.0,ilo_calibrated,0.053715469338214354,56.62,55.27696375763102,56.620000000000005,-1.3430362423689743,7.105427357601002e-15,ok
Andorra,AND,Food,0.895,0.8086034489763045,-0.08639655102369548,,neighbour_backfill,0.09653245924435251,,,,,,
Andorra,AND,Health,0.819,0.7399399158788753,-0.07906008412112464,,neighbour_backfill,0.09653245924435251,,,,,,
Andorra,AND,Retail,0.876,0.7914375657019472,-0.08456243429805277,,neighbour_backfill,0.09653245924435251,,,,,,
Andorra,AND,Security,0.846,0.7643335394792777,-0.08166646052072224,,neighbour_backfill,0.09653245924435251,,,,,,
Andorra,AND,Transport,0.869,0.7851132929166577,-0.08388670708334234,,neighbour_backfill,0.09653245924435251,,,,,,
Andorra,AND,Manual,0.335,0.3026616261531419,-0.032338373846858115,,neighbour_backfill,0.09653245924435251,,,,,,
Andorra,AND,Cleaning,0.485,0.438181757266489,-0.046818242733510984,,neighbour_backfill,0.09653245924435251,,,,,,
Andorra,AND,Tech,0.32,0.2891096130418072,-0.030890386958192795,,neighbour_backfill,0.09653245924435251,,,,,,
Andorra,AND,ArmedForces,0.4,0.4,0.0,,neighbour_backfill,0.09653245924435251,,,,,,
United Arab Emirates,ARE,Food,0.895,0.895,0.0,220971.0,global_fallback,0.0,,33.506856366192466,33.506856366192466,,,global_fallback
United Arab Emirates,ARE,Health,0.819,0.819,0.0,205933.0,global_fallback,0.0,,33.506856366192466,33.506856366192466,,,global_fallback
United Arab Emirates,ARE,Retail,0.876,0.876,0.0,374140.0,global_fallback,0.0,,33.506856366192466,33.506856366192466,,,global_fallback
United Arab Emirates,ARE,Security,0.846,0.846,0.0,217512.0,global_fallback,0.0,,33.506856366192466,33.506856366192466,,,global_fallback
United Arab Emirates,ARE,Transport,0.869,0.869,0.0,513287.00000000006,global_fallback,0.0,,33.506856366192466,33.506856366192466,,,global_fallback
United Arab Emirates,ARE,Manual,0.335,0.335,0.0,1495935.0,global_fallback,0.0,,33.506856366192466,33.506856366192466,,,global_fallback
United Arab Emirates,ARE,Cleaning,0.485,0.485,0.0,896855.0,global_fallback,0.0,,33.506856366192466,33.506856366192466,,,global_fallback
United Arab Emirates,ARE,Tech,0.32,0.32,0.0,528278.0,global_fallback,0.0,,33.506856366192466,33.506856366192466,,,global_fallback
United Arab Emirates,ARE,ArmedForces,0.4,0.4,0.0,44038.0,global_fallback,0.0,,33.506856366192466,33.506856366192466,,,global_fallback
Argentina,ARG,Food,0.895,0.895,0.0,377140.0,global_fallback,0.0,,38.78826632213965,38.78826632213965,,,global_fallback
Argentina,ARG,Health,0.819,0.819,0.0,874688.0,global_fallback,0.0,,38.78826632213965,38.78826632213965,,,global_fallback
Argentina,ARG,Retail,0.876,0.876,0.0,1854645.0,global_fallback,0.0,,38.78826632213965,38.78826632213965,,,global_fallback
Argentina,ARG,Security,0.846,0.846,0.0,373260.0,global_fallback,0.0,,38.78826632213965,38.78826632213965,,,global_fallback
Argentina,ARG,Transport,0.869,0.869,0.0,673811.0,global_fallback,0.0,,38.78826632213965,38.78826632213965,,,global_fallback
Argentina,ARG,Manual,0.335,0.335,0.0,2206125.0,global_fallback,0.0,,38.78826632213965,38.78826632213965,,,global_fallback
Argentina,ARG,Cleaning,0.485,0.485,0.0,1049143.0,global_fallback,0.0,,38.78826632213965,38.78826632213965,,,global_fallback
Argentina,ARG,Tech,0.32,0.32,0.0,1077436.0,global_fallback,0.0,,38.78826632213965,38.78826632213965,,,global_fallback
Argentina,ARG,ArmedForces,0.4,0.4,0.0,0.0,global_fallback,0.0,,38.78826632213965,38.78826632213965,,,global_fallback
Armenia,ARM,Food,0.895,0.8753868945028971,-0.019613105497102934,,neighbour_backfill,0.05192272644269279,,,,,,
Armenia,ARM,Health,0.819,0.8033330217125417,-0.015666978287458222,,neighbour_backfill,0.05192272644269279,,,,,,
Armenia,ARM,Retail,0.876,0.8573734263053083,-0.018626573694691673,,neighbour_backfill,0.05192272644269279,,,,,,
Armenia,ARM,Security,0.846,0.828931108098589,-0.01706889190141092,,neighbour_backfill,0.05192272644269279,,,,,,
Armenia,ARM,Transport,0.869,0.8507368853904071,-0.018263114609592845,,neighbour_backfill,0.05192272644269279,,,,,,
Armenia,ARM,Manual,0.335,0.3444636213108051,0.009463621310805082,,neighbour_backfill,0.05192272644269279,,,,,,
Armenia,ARM,Cleaning,0.485,0.48667521234440114,0.0016752123444011557,,neighbour_backfill,0.05192272644269279,,,,,,
Armenia,ARM,Tech,0.32,0.33024246220744546,0.010242462207445457,,neighbour_backfill,0.05192272644269279,,,,,,
Armenia,ARM,ArmedForces,0.4,0.4,0.0,,neighbour_backfill,0.05192272644269279,,,,,,
American Samoa,ASM,Food,0.895,0.7890316797035789,-0.10596832029642111,,neighbour_backfill,0.11840035787309618,,,,,,
American Samoa,ASM,Health,0.819,0.7220301069019341,-0.0969698930980658,,neighbour_backfill,0.11840035787309618,,,,,,
American Samoa,ASM,Retail,0.876,0.7722812865031677,-0.10371871349683226,,neighbour_backfill,0.11840035787309618,,,,,,
American Samoa,ASM,Security,0.846,0.7458332972393605,-0.10016670276063944,,neighbour_backfill,0.11840035787309618,,,,,,
American Samoa,ASM,Transport,0.869,0.7661100890082794,-0.10288991099172062,,neighbour_backfill,0.11840035787309618,,,,,,
American Samoa,ASM,Manual,0.335,0.29533588011251277,-0.03966411988748725,,neighbour_backfill,0.11840035787309618,,,,,,
American Samoa,ASM,Cleaning,0.485,0.42757582643154834,-0.05742417356845164,,neighbour_backfill,0.11840035787309618,,,,,,
American Samoa,ASM,Tech,0.32,0.2821118854806092,-0.03788811451939078,,neighbour_backfill,0.11840035787309618,,,,,,
American Samoa,ASM,ArmedForces,0.4,0.4,0.0,,neighbour_backfill,0.11840035787309618,,,,,,
Antigua and Barbuda,ATG,Food,0.895,0.9549699380516873,0.059969938051687266,,neighbour_backfill,0.5711422671589265,,,,,,
Antigua and Barbuda,ATG,Health,0.819,0.9223767503557656,0.10337675035576566,,neighbour_backfill,0.5711422671589265,,,,,,
Antigua and Barbuda,ATG,Retail,0.876,0.9468216411277068,0.07082164112770684,,neighbour_backfill,0.5711422671589265,,,,,,
Antigua and Barbuda,ATG,Security,0.846,0.9339559091424746,0.08795590914247464,,neighbour_backfill,0.5711422671589265,,,,,,
Antigua and Barbuda,ATG,Transport,0.869,0.9438196369978193,0.07481963699781935,,neighbour_backfill,0.5711422671589265,,,,,,
Antigua and Barbuda,ATG,Manual,0.335,0.7148096076606861,0.3798096076606861,,neighbour_backfill,0.5711422671589265,,,,,,
Antigua and Barbuda,ATG,Cleaning,0.485,0.7791382675868471,0.29413826758684714,,neighbour_backfill,0.5711422671589265,,,,,,
Antigua and Barbuda,ATG,Tech,0.32,0.70837674166807,0.38837674166806996,,neighbour_backfill,0.5711422671589265,,,,,,
Antigua and Barbuda,ATG,ArmedForces,0.4,0.4,0.0,,neighbour_backfill,0.5711422671589265,,,,,,
Australia,AUS,Food,0.895,0.698660810391359,-0.19633918960864105,589312.0,ilo_calibrated,0.21937339621077212,24.9,31.893028457974943,24.9,6.993028457974944,0.0,ok
Australia,AUS,Health,0.819,0.6393331885033776,-0.17966681149662234,1812093.0,ilo_calibrated,0.21937339621077212,24.9,31.893028457974943,24.9,6.993028457974944,0.0,ok
Australia,AUS,Retail,0.876,0.6838289049193637,-0.19217109508063634,886767.0,ilo_calibrated,0.21937339621077212,24.9,31.893028457974943,24.9,6.993028457974944,0.0,ok
Australia,AUS,Security,0.846,0.6604101068056868,-0.18558989319431318,187572.0,ilo_calibrated,0.21937339621077212,24.9,31.893028457974943,24.9,6.993028457974944,0.0,ok
Australia,AUS,Transport,0.869,0.678364518692839,-0.19063548130716101,591345.0,ilo_calibrated,0.21937339621077212,24.9,31.893028457974943,24.9,6.993028457974944,0.0,ok
Australia,AUS,Manual,0.335,0.26150991226939135,-0.07349008773060867,2076999.0,ilo_calibrated,0.21937339621077212,24.9,31.893028457974943,24.9,6.993028457974944,0.0,ok
Australia,AUS,Cleaning,0.485,0.3786039028377755,-0.10639609716222448,347328.0,ilo_calibrated,0.21937339621077212,24.9,31.893028457974943,24.9,6.993028457974944,0.0,ok
Australia,AUS,Tech,0.32,0.24980051321255292,-0.07019948678744709,850573.0,ilo_calibrated,0.21937339621077212,24.9,31.893028457974943,24.9,6.993028457974944,0.0,ok
Australia,AUS,ArmedForces,0.4,0.4,0.0,5676.0,ilo_calibrated,0.21937339621077212,24.9,31.893028457974943,24.9,6.993028457974944,0.0,ok
Austria,AUT,Food,0.895,0.9044383585360759,0.009438358536075886,174899.0,ilo_calibrated,0.08988912891500846,34.55,32.3835431068731,34.55,-2.166456893126899,0.0,ok
Austria,AUT,Health,0.819,0.8352699323336165,0.01626993233361651,416195.0,ilo_calibrated,0.08988912891500846,34.55,32.3835431068731,34.55,-2.166456893126899,0.0,ok
Austria,AUT,Retail,0.876,0.887146251985461,0.011146251985461042,326810.0,ilo_calibrated,0.08988912891500846,34.55,32.3835431068731,34.55,-2.166456893126899,0.0,ok
Austria,AUT,Security,0.846,0.8598429258529113,0.013842925852911359,48228.0,ilo_calibrated,0.08988912891500846,34.55,32.3835431068731,34.55,-2.166456893126899,0.0,ok
Austria,AUT,Transport,0.869,0.8807754758878661,0.011775475887866094,155001.0,ilo_calibrated,0.08988912891500846,34.55,32.3835431068731,34.55,-2.166456893126899,0.0,ok
Austria,AUT,Manual,0.335,0.39477627072848065,0.05977627072848063,746052.0,ilo_calibrated,0.08988912891500846,34.55,32.3835431068731,34.55,-2.166456893126899,0.0,ok
Austria,AUT,Cleaning,0.485,0.5312929013912293,0.046292901391229324,164381.0,ilo_calibrated,0.08988912891500846,34.55,32.3835431068731,34.55,-2.166456893126899,0.0,ok
Austria,AUT,Tech,0.32,0.38112460766220574,0.06112460766220573,496671.0,ilo_calibrated,0.08988912891500846,34.55,32.3835431068731,34.55,-2.166456893126899,0.0,ok
Austria,AUT,ArmedForces,0.4,0.4,0.0,9974.0,ilo_calibrated,0.08988912891500846,34.55,32.3835431068731,34.55,-2.166456893126899,0.0,ok
Azerbaijan,AZE,Food,0.895,0.8501336647252817,-0.04486633527471828,,neighbour_backfill,0.050129983547171214,,,,,,
Azerbaijan,AZE,Health,0.819,0.7779435434748667,-0.041056456525133234,,neighbour_backfill,0.050129983547171214,,,,,,
Azerbaijan,AZE,Retail,0.876,0.832086134412678,-0.04391386558732202,,neighbour_backfill,0.050129983547171214,,,,,,
Azerbaijan,AZE,Security,0.846,0.8035900339190931,-0.04240996608090686,,neighbour_backfill,0.050129983547171214,,,,,,
Azerbaijan,AZE,Transport,0.869,0.8254370442975082,-0.0435629557024918,,neighbour_backfill,0.050129983547171214,,,,,,
Azerbaijan,AZE,Manual,0.335,0.31820645551169763,-0.016793544488302392,,neighbour_backfill,0.050129983547171214,,,,,,
Azerbaijan,AZE,Cleaning,0.485,0.46068695797962195,-0.02431304202037804,,neighbour_backfill,0.050129983547171214,,,,,,
Azerbaijan,AZE,Tech,0.32,0.3039584052649052,-0.01604159473509481,,neighbour_backfill,0.050129983547171214,,,,,,
Azerbaijan,AZE,ArmedForces,0.4,0.4,0.0,,neighbour_backfill,0.050129983547171214,,,,,,
Burundi,BDI,Food,0.895,0.895,0.0,4223525.0,global_fallback,0.0,,83.36938175005955,83.36938175005955,,,global_fallback
Burundi,BDI,Health,0.819,0.819,0.0,19212.0,global_fallback,0.0,,83.36938175005955,83.36938175005955,,,global_fallback
Burundi,BDI,Retail,0.876,0.876,0.0,169476.0,global_fallback,0.0,,83.36938175005955,83.36938175005955,,,global_fallback
Burundi,BDI,Security,0.846,0.846,0.0,7677.0,global_fallback,0.0,,83.36938175005955,83.36938175005955,,,global_fallback
Burundi,BDI,Transport,0.869,0.869,0.0,48465.0,global_fallback,0.0,,83.36938175005955,83.36938175005955,,,global_fallback
Burundi,BDI,Manual,0.335,0.335,0.0,184672.0,global_fallback,0.0,,83.36938175005955,83.36938175005955,,,global_fallback
Burundi,BDI,Cleaning,0.485,0.485,0.0,117458.0,global_fallback,0.0,,83.36938175005955,83.36938175005955,,,global_fallback
Burundi,BDI,Tech,0.32,0.32,0.0,54883.0,global_fallback,0.0,,83.36938175005955,83.36938175005955,,,global_fallback
Burundi,BDI,ArmedForces,0.4,0.4,0.0,1449.0,global_fallback,0.0,,83.36938175005955,83.36938175005955,,,global_fallback
Belgium,BEL,Food,0.895,0.895,0.0,130281.0,global_fallback,0.0,,29.183902339590073,29.183902339590073,,,global_fallback
Belgium,BEL,Health,0.819,0.819,0.0,501811.0,global_fallback,0.0,,29.183902339590073,29.183902339590073,,,global_fallback
Belgium,BEL,Retail,0.876,0.876,0.0,253787.0,global_fallback,0.0,,29.183902339590073,29.183902339590073,,,global_fallback
Belgium,BEL,Security,0.846,0.846,0.0,55499.0,global_fallback,0.0,,29.183902339590073,29.183902339590073,,,global_fallback
Belgium,BEL,Transport,0.869,0.869,0.0,175777.0,global_fallback,0.0,,29.183902339590073,29.183902339590073,,,global_fallback
Belgium,BEL,Manual,0.335,0.335,0.0,725538.0,global_fallback,0.0,,29.183902339590073,29.183902339590073,,,global_fallback
Belgium,BEL,Cleaning,0.485,0.485,0.0,309353.0,global_fallback,0.0,,29.183902339590073,29.183902339590073,,,global_fallback
Belgium,BEL,Tech,0.32,0.32,0.0,366443.0,global_fallback,0.0,,29.183902339590073,29.183902339590073,,,global_fallback
Belgium,BEL,ArmedForces,0.4,0.4,0.0,18847.0,global_fallback,0.0,,29.183902339590073,29.183902339590073,,,global_fallback
Benin,BEN,Food,0.895,0.895,0.0,2403306.0,global_fallback,0.0,,71.50792249605557,71.50792249605557,,,global_fallback
Benin,BEN,Health,0.819,0.819,0.0,58725.0,global_fallback,0.0,,71.50792249605557,71.50792249605557,,,global_fallback
Benin,BEN,Retail,0.876,0.876,0.0,1216635.0,global_fallback,0.0,,71.50792249605557,71.50792249605557,,,global_fallback
Benin,BEN,Security,0.846,0.846,0.0,22975.0,global_fallback,0.0,,71.50792249605557,71.50792249605557,,,global_fallback
Benin,BEN,Transport,0.869,0.869,0.0,189592.0,global_fallback,0.0,,71.50792249605557,71.50792249605557,,,global_fallback
Benin,BEN,Manual,0.335,0.335,0.0,836019.0,global_fallback,0.0,,71.50792249605557,71.50792249605557,,,global_fallback
Benin,BEN,Cleaning,0.485,0.485,0.0,66796.0,global_fallback,0.0,,71.50792249605557,71.50792249605557,,,global_fallback
Benin,BEN,Tech,0.32,0.32,0.0,403787.0,global_fallback,0.0,,71.50792249605557,71.50792249605557,,,global_fallback
Benin,BEN,ArmedForces,0.4,0.4,0.0,7352.0,global_fallback,0.0,,71.50792249605557,71.50792249605557,,,global_fallback
Burkina Faso,BFA,Food,0.895,0.8762603272530342,-0.018739672746965863,4384577.0,ilo_calibrated,0.020938181840185362,69.08,70.55540029851933,69.07999999999997,1.4754002985193324,-2.842170943040401e-14,ok
Burkina Faso,BFA,Health,0.819,0.8018516290728881,-0.017148370927111856,86832.0,ilo_calibrated,0.020938181840185362,69.08,70.55540029851933,69.07999999999997,1.4754002985193324,-2.842170943040401e-14,ok
Burkina Faso,BFA,Retail,0.876,0.8576581527079976,-0.01834184729200239,1103416.0,ilo_calibrated,0.020938181840185362,69.08,70.55540029851933,69.07999999999997,1.4754002985193324,-2.842170943040401e-14,ok
Burkina Faso,BFA,Security,0.846,0.8282862981632032,-0.01771370183679677,34351.0,ilo_calibrated,0.020938181840185362,69.08,70.55540029851933,69.07999999999997,1.4754002985193324,-2.842170943040401e-14,ok
Burkina Faso,BFA,Transport,0.869,0.8508047199808789,-0.018195280019121074,74141.0,ilo_calibrated,0.020938181840185362,69.08,70.55540029851933,69.07999999999997,1.4754002985193324,-2.842170943040401e-14,ok
Burkina Faso,BFA,Manual,0.335,0.3279857090835379,-0.007014290916462107,1017717.0,ilo_calibrated,0.020938181840185362,69.08,70.55540029851933,69.07999999999997,1.4754002985193324,-2.842170943040401e-14,ok
Burkina Faso,BFA,Cleaning,0.485,0.47484498180751006,-0.010155018192489929,118465.0,ilo_calibrated,0.020938181840185362,69.08,70.55540029851933,69.07999999999997,1.4754002985193324,-2.842170943040401e-14,ok
Burkina Faso,BFA,Tech,0.32,0.3132997818111407,-0.006700218188859297,303424.0,ilo_calibrated,0.020938181840185362,69.08,70.55540029851933,69.07999999999997,1.4754002985193324,-2.842170943040401e-14,ok
Burkina Faso,BFA,ArmedForces,0.4,0.4,0.0,17885.0,ilo_calibrated,0.020938181840185362,69.08,70.55540029851933,69.07999999999997,1.4754002985193324,-2.842170943040401e-14,ok
Bangladesh,BGD,Food,0.895,0.8961975303823322,0.0011975303823321681,31617695.0,ilo_calibrated,0.011405051260306158,66.24,65.97799990932907,66.23999999999998,-0.26200009067092367,-1.4210854715202004e-14,ok
Bangladesh,BGD,Health,0.819,0.8210643142781153,0.0020643142781153756,614503.0,ilo_calibrated,0.011405051260306158,66.24,65.97799990932907,66.23999999999998,-0.26200009067092367,-1.4210854715202004e-14,ok
Bangladesh,BGD,Retail,0.876,0.877414226356278,0.00141422635627797,8521678.0,ilo_calibrated,0.011405051260306158,66.24,65.97799990932907,66.23999999999998,-0.26200009067092367,-1.4210854715202004e-14,ok
Bangladesh,BGD,Security,0.846,0.8477563778940871,0.0017563778940871133,651701.0,ilo_calibrated,0.011405051260306158,66.24,65.97799990932907,66.23999999999998,-0.26200009067092367,-1.4210854715202004e-14,ok
Bangladesh,BGD,Transport,0.869,0.8704940617151001,0.0014940617151001367,4709092.0,ilo_calibrated,0.011405051260306158,66.24,65.97799990932907,66.23999999999998,-0.26200009067092367,-1.4210854715202004e-14,ok
Bangladesh,BGD,Manual,0.335,0.34258435908810364,0.0075843590881036205,14140174.0,ilo_calibrated,0.011405051260306158,66.24,65.97799990932907,66.23999999999998,-0.26200009067092367,-1.4210854715202004e-14,ok
Bangladesh,BGD,Cleaning,0.485,0.49087360139905767,0.005873601399057682,1347702.0,ilo_calibrated,0.011405051260306158,66.24,65.97799990932907,66.23999999999998,-0.26200009067092367,-1.4210854715202004e-14,ok
Bangladesh,BGD,Tech,0.32,0.3277554348570082,0.007755434857008192,1476283.0,ilo_calibrated,0.011405051260306158,66.24,65.97799990932907,66.23999999999998,-0.26200009067092367,-1.4210854715202004e-14,ok
Bangladesh,BGD,ArmedForces,0.4,0.4,0.0,149574.0,ilo_calibrated,0.011405051260306158,66.24,65.97799990932907,66.23999999999998,-0.26200009067092367,-1.4210854715202004e-14,ok
Bulgaria,BGR,Food,0.895,0.895,0.0,139044.0,global_fallback,0.0,,39.73688985769628,39.73688985769628,,,global_fallback
Bulgaria,BGR,Health,0.819,0.819,0.0,164551.0,global_fallback,0.0,,39.73688985769628,39.73688985769628,,,global_fallback
Bulgaria,BGR,Retail,0.876,0.876,0.0,286882.0,global_fallback,0.0,,39.73688985769628,39.73688985769628,,,global_fallback
Bulgaria,BGR,Security,0.846,0.846,0.0,98803.0,global_fallback,0.0,,39.73688985769628,39.73688985769628,,,global_fallback
Bulgaria,BGR,Transport,0.869,0.869,0.0,220970.0,global_fallback,0.0,,39.73688985769628,39.73688985769628,,,global_fallback
Bulgaria,BGR,Manual,0.335,0.335,0.0,651272.0,global_fallback,0.0,,39.73688985769628,39.73688985769628,,,global_fallback
Bulgaria,BGR,Cleaning,0.485,0.485,0.0,163730.0,global_fallback,0.0,,39.73688985769628,39.73688985769628,,,global_fallback
Bulgaria,BGR,Tech,0.32,0.32,0.0,227878.0,global_fallback,0.0,,39.73688985769628,39.73688985769628,,,global_fallback
Bulgaria,BGR,ArmedForces,0.4,0.4,0.0,21021.0,global_fallback,0.0,,39.73688985769628,39.73688985769628,,,global_fallback
Bahrain,BHR,Food,0.895,0.895,0.0,,global_fallback,0.0,,,,,,global_fallback
Bahrain,BHR,Health,0.819,0.819,0.0,,global_fallback,0.0,,,,,,global_fallback
Bahrain,BHR,Retail,0.876,0.876,0.0,,global_fallback,0.0,,,,,,global_fallback
Bahrain,BHR,Security,0.846,0.846,0.0,,global_fallback,0.0,,,,,,global_fallback
Bahrain,BHR,Transport,0.869,0.869,0.0,,global_fallback,0.0,,,,,,global_fallback
Bahrain,BHR,Manual,0.335,0.335,0.0,,global_fallback,0.0,,,,,,global_fallback
Bahrain,BHR,Cleaning,0.485,0.485,0.0,,global_fallback,0.0,,,,,,global_fallback
Bahrain,BHR,Tech,0.32,0.32,0.0,,global_fallback,0.0,,,,,,global_fallback
Bahrain,BHR,ArmedForces,0.4,0.4,0.0,,global_fallback,0.0,,,,,,global_fallback
Bahamas,BHS,Food,0.895,0.895,0.0,9203.0,global_fallback,0.0,,39.227991009109196,39.227991009109196,,,global_fallback
Bahamas,BHS,Health,0.819,0.819,0.0,8165.0,global_fallback,0.0,,39.227991009109196,39.227991009109196,,,global_fallback
Bahamas,BHS,Retail,0.876,0.876,0.0,19645.0,global_fallback,0.0,,39.227991009109196,39.227991009109196,,,global_fallback
Bahamas,BHS,Security,0.846,0.846,0.0,16433.0,global_fallback,0.0,,39.227991009109196,39.227991009109196,,,global_fallback
Bahamas,BHS,Transport,0.869,0.869,0.0,9316.0,global_fallback,0.0,,39.227991009109196,39.227991009109196,,,global_fallback
Bahamas,BHS,Manual,0.335,0.335,0.0,33690.0,global_fallback,0.0,,39.227991009109196,39.227991009109196,,,global_fallback
Bahamas,BHS,Cleaning,0.485,0.485,0.0,17272.0,global_fallback,0.0,,39.227991009109196,39.227991009109196,,,global_fallback
Bahamas,BHS,Tech,0.32,0.32,0.0,28196.0,global_fallback,0.0,,39.227991009109196,39.227991009109196,,,global_fallback
Bahamas,BHS,ArmedForces,0.4,0.4,0.0,205.0,global_fallback,0.0,,39.227991009109196,39.227991009109196,,,global_fallback
Bosnia and Herzegovina,BIH,Food,0.895,0.8934919155216645,-0.001508084478335503,224730.0,ilo_calibrated,0.0016850105903190211,47.7,47.78004734697288,47.699999999999996,0.08004734697287574,-7.105427357601002e-15,ok
Bosnia and Herzegovina,BIH,Health,0.819,0.8176199763265287,-0.0013800236734712312,64532.0,ilo_calibrated,0.0016850105903190211,47.7,47.78004734697288,47.699999999999996,0.08004734697287574,-7.105427357601002e-15,ok
Bosnia and Herzegovina,BIH,Retail,0.876,0.8745239307228806,-0.0014760692771194073,129187.00000000001,ilo_calibrated,0.0016850105903190211,47.7,47.78004734697288,47.699999999999996,0.08004734697287574,-7.105427357601002e-15,ok
Bosnia and Herzegovina,BIH,Security,0.846,0.8445744810405901,-0.0014255189594098994,39299.0,ilo_calibrated,0.0016850105903190211,47.7,47.78004734697288,47.699999999999996,0.08004734697287574,-7.105427357601002e-15,ok
Bosnia and Herzegovina,BIH,Transport,0.869,0.8675357257970128,-0.0014642742029872258,84924.0,ilo_calibrated,0.0016850105903190211,47.7,47.78004734697288,47.699999999999996,0.08004734697287574,-7.105427357601002e-15,ok
Bosnia and Herzegovina,BIH,Manual,0.335,0.33443552145224315,-0.0005644785477568748,308109.0,ilo_calibrated,0.0016850105903190211,47.7,47.78004734697288,47.699999999999996,0.08004734697287574,-7.105427357601002e-15,ok
Bosnia and Herzegovina,BIH,Cleaning,0.485,0.4841827698636953,-0.0008172301363046919,54336.0,ilo_calibrated,0.0016850105903190211,47.7,47.78004734697288,47.699999999999996,0.08004734697287574,-7.105427357601002e-15,ok
Bosnia and Herzegovina,BIH,Tech,0.32,0.31946079661109794,-0.0005392033889020653,102991.0,ilo_calibrated,0.0016850105903190211,47.7,47.78004734697288,47.699999999999996,0.08004734697287574,-7.105427357601002e-15,ok
Bosnia and Herzegovina,BIH,ArmedForces,0.4,0.4,0.0,9198.0,ilo_calibrated,0.0016850105903190211,47.7,47.78004734697288,47.699999999999996,0.08004734697287574,-7.105427357601002e-15,ok
Belarus,BLR,Food,0.895,0.9162342213217082,0.021234221321708158,176810.0,ilo_calibrated,0.20223067925436317,41.86,36.95057065969773,41.86,-4.9094293403022675,0.0,ok
Belarus,BLR,Health,0.819,0.8556037529450397,0.0366037529450397,339175.0,ilo_calibrated,0.20223067925436317,41.86,36.95057065969773,41.86,-4.9094293403022675,0.0,ok
Belarus,BLR,Retail,0.876,0.901076604227541,0.02507660422754099,294527.0,ilo_calibrated,0.20223067925436317,41.86,36.95057065969773,41.86,-4.9094293403022675,0.0,ok
Belarus,BLR,Security,0.846,0.8771435246051719,0.03114352460517189,153545.0,ilo_calibrated,0.20223067925436317,41.86,36.95057065969773,41.86,-4.9094293403022675,0.0,ok
Belarus,BLR,Transport,0.869,0.8954922189823216,0.02649221898232157,496726.0,ilo_calibrated,0.20223067925436317,41.86,36.95057065969773,41.86,-4.9094293403022675,0.0,ok
Belarus,BLR,Manual,0.335,0.46948340170415154,0.13448340170415152,1024372.0,ilo_calibrated,0.20223067925436317,41.86,36.95057065969773,41.86,-4.9094293403022675,0.0,ok
Belarus,BLR,Cleaning,0.485,0.589148799815997,0.104148799815997,179833.0,ilo_calibrated,0.20223067925436317,41.86,36.95057065969773,41.86,-4.9094293403022675,0.0,ok
Belarus,BLR,Tech,0.32,0.4575168618929669,0.1375168618929669,273888.0,ilo_calibrated,0.20223067925436317,41.86,36.95057065969773,41.86,-4.9094293403022675,0.0,ok
Belarus,BLR,ArmedForces,0.4,0.4,0.0,0.0,ilo_calibrated,0.20223067925436317,41.86,36.95057065969773,41.86,-4.9094293403022675,0.0,ok
Belize,BLZ,Food,0.895,0.895,0.0,25953.0,global_fallback,0.0,,53.30817307029515,53.30817307029515,,,global_fallback
Belize,BLZ,Health,0.819,0.819,0.0,8345.0,global_fallback,0.0,,53.30817307029515,53.30817307029515,,,global_fallback
Belize,BLZ,Retail,0.876,0.876,0.0,18135.0,global_fallback,0.0,,53.30817307029515,53.30817307029515,,,global_fallback
Belize,BLZ,Security,0.846,0.846,0.0,7133.0,global_fallback,0.0,,53.30817307029515,53.30817307029515,,,global_fallback
Belize,BLZ,Transport,0.869,0.869,0.0,6974.0,global_fallback,0.0,,53.30817307029515,53.30817307029515,,,global_fallback
Belize,BLZ,Manual,0.335,0.335,0.0,27567.0,global_fallback,0.0,,53.30817307029515,53.30817307029515,,,global_fallback
Belize,BLZ,Cleaning,0.485,0.485,0.0,9696.0,global_fallback,0.0,,53.30817307029515,53.30817307029515,,,global_fallback
Belize,BLZ,Tech,0.32,0.32,0.0,15286.0,global_fallback,0.0,,53.30817307029515,53.30817307029515,,,global_fallback
Belize,BLZ,ArmedForces,0.4,0.4,0.0,1159.0,global_fallback,0.0,,53.30817307029515,53.30817307029515,,,global_fallback
Bermuda,BMU,Food,0.895,0.8045869607743004,-0.09041303922569965,,neighbour_backfill,0.10102015555944094,,,,,,
Bermuda,BMU,Health,0.819,0.7362644925968178,-0.08273550740318214,,neighbour_backfill,0.10102015555944094,,,,,,
Bermuda,BMU,Retail,0.876,0.7875063437299297,-0.08849365627007033,,neighbour_backfill,0.10102015555944094,,,,,,
Bermuda,BMU,Security,0.846,0.7605369483967129,-0.08546305160328704,,neighbour_backfill,0.10102015555944094,,,,,,
Bermuda,BMU,Transport,0.869,0.7812134848188458,-0.08778651518115421,,neighbour_backfill,0.10102015555944094,,,,,,
Bermuda,BMU,Manual,0.335,0.30115824788758727,-0.03384175211241275,,neighbour_backfill,0.10102015555944094,,,,,,
Bermuda,BMU,Cleaning,0.485,0.43600522455367113,-0.04899477544632885,,neighbour_backfill,0.10102015555944094,,,,,,
Bermuda,BMU,Tech,0.32,0.2876735502209789,-0.032326449779021105,,neighbour_backfill,0.10102015555944094,,,,,,
Bermuda,BMU,ArmedForces,0.4,0.4,0.0,,neighbour_backfill,0.10102015555944094,,,,,,
Bolivia,BOL,Food,0.895,0.8670033458076348,-0.02799665419236519,1722626.0,ilo_calibrated,0.03128117786856449,56.24,58.05463021239648,56.24,1.8146302123964801,0.0,ok
Bolivia,BOL,Health,0.819,0.7933807153256457,-0.02561928467435426,215292.0,ilo_calibrated,0.03128117786856449,56.24,58.05463021239648,56.24,1.8146302123964801,0.0,ok
Bolivia,BOL,Retail,0.876,0.8485976881871375,-0.027402311812862457,989312.0,ilo_calibrated,0.03128117786856449,56.24,58.05463021239648,56.24,1.8146302123964801,0.0,ok
Bolivia,BOL,Security,0.846,0.8195361235231945,-0.02646387647680548,54350.0,ilo_calibrated,0.03128117786856449,56.24,58.05463021239648,56.24,1.8146302123964801,0.0,ok
Bolivia,BOL,Transport,0.869,0.8418166564322175,-0.027183343567782514,482999.0,ilo_calibrated,0.03128117786856449,56.24,58.05463021239648,56.24,1.8146302123964801,0.0,ok
Bolivia,BOL,Manual,0.335,0.32452080541403094,-0.010479194585969076,1360007.0,ilo_calibrated,0.03128117786856449,56.24,58.05463021239648,56.24,1.8146302123964801,0.0,ok
Bolivia,BOL,Cleaning,0.485,0.46982862873374626,-0.01517137126625373,275325.0,ilo_calibrated,0.03128117786856449,56.24,58.05463021239648,56.24,1.8146302123964801,0.0,ok
Bolivia,BOL,Tech,0.32,0.30999002308205936,-0.010009976917940644,556565.0,ilo_calibrated,0.03128117786856449,56.24,58.05463021239648,56.24,1.8146302123964801,0.0,ok
Bolivia,BOL,ArmedForces,0.4,0.4,0.0,7295.0,ilo_calibrated,0.03128117786856449,56.24,58.05463021239648,56.24,1.8146302123964801,0.0,ok
Brazil,BRA,Food,0.895,0.7891756627024452,-0.1058243372975548,7828385.0,ilo_calibrated,0.11823948301402776,39.1,44.299479213546576,39.1,5.199479213546574,0.0,ok
Brazil,BRA,Health,0.819,0.7221618634115112,-0.09683813658848872,7108180.0,ilo_calibrated,0.11823948301402776,39.1,44.299479213546576,39.1,5.199479213546574,0.0,ok
Brazil,BRA,Retail,0.876,0.7724222128797117,-0.10357778712028831,12688925.0,ilo_calibrated,0.11823948301402776,39.1,44.299479213546576,39.1,5.199479213546574,0.0,ok
Brazil,BRA,Security,0.846,0.7459693973701325,-0.10003060262986752,1759715.0,ilo_calibrated,0.11823948301402776,39.1,44.299479213546576,39.1,5.199479213546574,0.0,ok
Brazil,BRA,Transport,0.869,0.7662498892608098,-0.10275011073919016,6787702.0,ilo_calibrated,0.11823948301402776,39.1,44.299479213546576,39.1,5.199479213546574,0.0,ok
Brazil,BRA,Manual,0.335,0.29538977319030074,-0.03961022680969928,20764883.0,ilo_calibrated,0.11823948301402776,39.1,44.299479213546576,39.1,5.199479213546574,0.0,ok
Brazil,BRA,Cleaning,0.485,0.4276538507381965,-0.05734614926180348,8384354.0,ilo_calibrated,0.11823948301402776,39.1,44.299479213546576,39.1,5.199479213546574,0.0,ok
Brazil,BRA,Tech,0.32,0.2821633654355111,-0.03783663456448888,7966503.0,ilo_calibrated,0.11823948301402776,39.1,44.299479213546576,39.1,5.199479213546574,0.0,ok
Brazil,BRA,ArmedForces,0.4,0.4,0.0,830530.0,ilo_calibrated,0.11823948301402776,39.1,44.299479213546576,39.1,5.199479213546574,0.0,ok
Barbados,BRB,Food,0.895,0.8043011015881826,-0.09069889841181744,4824.0,ilo_calibrated,0.10133955129811999,32.37,36.02027890151239,32.36999999999999,3.6502789015123938,-7.105427357601002e-15,ok
Barbados,BRB,Health,0.819,0.7360029074868397,-0.08299709251316023,6967.0,ilo_calibrated,0.10133955129811999,32.37,36.02027890151239,32.36999999999999,3.6502789015123938,-7.105427357601002e-15,ok
Barbados,BRB,Retail,0.876,0.7872265530628468,-0.08877344693715317,11344.0,ilo_calibrated,0.10133955129811999,32.37,36.02027890151239,32.36999999999999,3.6502789015123938,-7.105427357601002e-15,ok
Barbados,BRB,Security,0.846,0.7602667396017905,-0.0857332603982095,5483.0,ilo_calibrated,0.10133955129811999,32.37,36.02027890151239,32.36999999999999,3.6502789015123938,-7.105427357601002e-15,ok
Barbados,BRB,Transport,0.869,0.7809359299219337,-0.08806407007806627,4886.0,ilo_calibrated,0.10133955129811999,32.37,36.02027890151239,32.36999999999999,3.6502789015123938,-7.105427357601002e-15,ok
Barbados,BRB,Manual,0.335,0.3010512503151298,-0.033948749684870216,18869.0,ilo_calibrated,0.10133955129811999,32.37,36.02027890151239,32.36999999999999,3.6502789015123938,-7.105427357601002e-15,ok
Barbados,BRB,Cleaning,0.485,0.43585031762041176,-0.04914968237958822,8618.0,ilo_calibrated,0.10133955129811999,32.37,36.02027890151239,32.36999999999999,3.6502789015123938,-7.105427357601002e-15,ok
Barbados,BRB,Tech,0.32,0.2875713435846016,-0.03242865641539838,16445.0,ilo_calibrated,0.10133955129811999,32.37,36.02027890151239,32.36999999999999,3.6502789015123938,-7.105427357601002e-15,ok
Barbados,BRB,ArmedForces,0.4,0.4,0.0,0.0,ilo_calibrated,0.10133955129811999,32.37,36.02027890151239,32.36999999999999,3.6502789015123938,-7.105427357601002e-15,ok
Brunei Darussalam,BRN,Food,0.895,0.8115223988901881,-0.08347760110981195,7315.0,ilo_calibrated,0.0932710626925273,31.39,34.50460834794293,31.39000000000001,3.1146083479429265,1.0658141036401503e-14,ok
Brunei Darussalam,BRN,Health,0.819,0.7426109996548201,-0.07638900034517981,8725.0,ilo_calibrated,0.0932710626925273,31.39,34.50460834794293,31.39000000000001,3.1146083479429265,1.0658141036401503e-14,ok
Brunei Darussalam,BRN,Retail,0.876,0.7942945490813461,-0.08170545091865389,18780.0,ilo_calibrated,0.0932710626925273,31.39,34.50460834794293,31.39000000000001,3.1146083479429265,1.0658141036401503e-14,ok
Brunei Darussalam,BRN,Security,0.846,0.7670926809621219,-0.07890731903787807,10896.0,ilo_calibrated,0.0932710626925273,31.39,34.50460834794293,31.39000000000001,3.1146083479429265,1.0658141036401503e-14,ok
Brunei Darussalam,BRN,Transport,0.869,0.7879474465201938,-0.08105255347980622,6691.0,ilo_calibrated,0.0932710626925273,31.39,34.50460834794293,31.39000000000001,3.1146083479429265,1.0658141036401503e-14,ok
Brunei Darussalam,BRN,Manual,0.335,0.3037541939980034,-0.031245806001996612,31218.0,ilo_calibrated,0.0932710626925273,31.39,34.50460834794293,31.39000000000001,3.1146083479429265,1.0658141036401503e-14,ok
Brunei Darussalam,BRN,Cleaning,0.485,0.43976353459412426,-0.045236465405875725,19109.0,ilo_calibrated,0.0932710626925273,31.39,34.50460834794293,31.39000000000001,3.1146083479429265,1.0658141036401503e-14,ok
Brunei Darussalam,BRN,Tech,0.32,0.2901532599383913,-0.0298467400616087,23964.0,ilo_calibrated,0.0932710626925273,31.39,34.50460834794293,31.39000000000001,3.1146083479429265,1.0658141036401503e-14,ok
Brunei Darussalam,BRN,ArmedForces,0.4,0.4,0.0,6039.0,ilo_calibrated,0.0932710626925273,31.39,34.50460834794293,31.39000000000001,3.1146083479429265,1.0658141036401503e-14,ok
Bhutan,BTN,Food,0.895,0.895,0.0,156061.0,global_fallback,0.0,,55.703139608780894,55.703139608780894,,,global_fallback
Bhutan,BTN,Health,0.819,0.819,0.0,5196.0,global_fallback,0.0,,55.703139608780894,55.703139608780894,,,global_fallback
Bhutan,BTN,Retail,0.876,0.876,0.0,11199.0,global_fallback,0.0,,55.703139608780894,55.703139608780894,,,global_fallback
Bhutan,BTN,Security,0.846,0.846,0.0,9112.0,global_fallback,0.0,,55.703139608780894,55.703139608780894,,,global_fallback
Bhutan,BTN,Transport,0.869,0.869,0.0,24407.0,global_fallback,0.0,,55.703139608780894,55.703139608780894,,,global_fallback
Bhutan,BTN,Manual,0.335,0.335,0.0,43932.0,global_fallback,0.0,,55.703139608780894,55.703139608780894,,,global_fallback
Bhutan,BTN,Cleaning,0.485,0.485,0.0,4397.0,global_fallback,0.0,,55.703139608780894,55.703139608780894,,,global_fallback
Bhutan,BTN,Tech,0.32,0.32,0.0,18814.0,global_fallback,0.0,,55.703139608780894,55.703139608780894,,,global_fallback
Bhutan,BTN,ArmedForces,0.4,0.4,0.0,3314.0,global_fallback,0.0,,55.703139608780894,55.703139608780894,,,global_fallback
Botswana,BWA,Food,0.895,0.8650257453460837,-0.029974254653916343,188699.0,ilo_calibrated,0.03349078732281157,50.88,52.63684727296975,50.88,1.7568472729697504,0.0,ok
Botswana,BWA,Health,0.819,0.7915710451826173,-0.02742895481738261,28148.0,ilo_calibrated,0.03349078732281157,50.88,52.63684727296975,50.88,1.7568472729697504,0.0,ok
Botswana,BWA,Retail,0.876,0.8466620703052171,-0.029337929694782883,81330.0,ilo_calibrated,0.03349078732281157,50.88,52.63684727296975,50.88,1.7568472729697504,0.0,ok
Botswana,BWA,Security,0.846,0.8176667939249014,-0.028333206075098594,57107.0,ilo_calibrated,0.03349078732281157,50.88,52.63684727296975,50.88,1.7568472729697504,0.0,ok
Botswana,BWA,Transport,0.869,0.8398965058164768,-0.029103494183523204,32347.0,ilo_calibrated,0.03349078732281157,50.88,52.63684727296975,50.88,1.7568472729697504,0.0,ok
Botswana,BWA,Manual,0.335,0.3237805862468582,-0.011219413753141838,118183.0,ilo_calibrated,0.03349078732281157,50.88,52.63684727296975,50.88,1.7568472729697504,0.0,ok
Botswana,BWA,Cleaning,0.485,0.4687569681484364,-0.01624303185156356,127317.0,ilo_calibrated,0.03349078732281157,50.88,52.63684727296975,50.88,1.7568472729697504,0.0,ok
Botswana,BWA,Tech,0.32,0.3092829480567003,-0.010717051943299694,47865.0,ilo_calibrated,0.03349078732281157,50.88,52.63684727296975,50.88,1.7568472729697504,0.0,ok
Botswana,BWA,ArmedForces,0.4,0.4,0.0,3897.0,ilo_calibrated,0.03349078732281157,50.88,52.63684727296975,50.88,1.7568472729697504,0.0,ok
Central African Republic,CAF,Food,0.895,0.9012811695972721,0.006281169597272096,,neighbour_backfill,0.05982066283116299,,,,,,
Central African Republic,CAF,Health,0.819,0.8298275399724404,0.010827539972440459,,neighbour_backfill,0.05982066283116299,,,,,,
Central African Republic,CAF,Retail,0.876,0.8834177621910642,0.007417762191064159,,neighbour_backfill,0.05982066283116299,,,,,,
Central African Republic,CAF,Security,0.846,0.855212382075999,0.00921238207599906,,neighbour_backfill,0.05982066283116299,,,,,,
Central African Republic,CAF,Transport,0.869,0.8768365068308823,0.007836506830882328,,neighbour_backfill,0.05982066283116299,,,,,,
Central African Republic,CAF,Manual,0.335,0.3747807407827234,0.03978074078272337,,neighbour_backfill,0.05982066283116299,,,,,,
Central African Republic,CAF,Cleaning,0.485,0.5158076413580489,0.03080764135804892,,neighbour_backfill,0.05982066283116299,,,,,,
Central African Republic,CAF,Tech,0.32,0.3606780507251908,0.04067805072519082,,neighbour_backfill,0.05982066283116299,,,,,,
Central African Republic,CAF,ArmedForces,0.4,0.4,0.0,,neighbour_backfill,0.05982066283116299,,,,,,
Canada,CAN,Food,0.895,0.8568908249959207,-0.03810917500407929,,neighbour_backfill,0.042580083803440624,,,,,,
Canada,CAN,Health,0.819,0.7841269113649821,-0.03487308863501781,,neighbour_backfill,0.042580083803440624,,,,,,
Canada,CAN,Retail,0.876,0.8386998465881861,-0.03730015341181392,,neighbour_backfill,0.042580083803440624,,,,,,
Canada,CAN,Security,0.846,0.8099772491022892,-0.03602275089771079,,neighbour_backfill,0.042580083803440624,,,,,,
Canada,CAN,Transport,0.869,0.8319979071748101,-0.03700209282518985,,neighbour_backfill,0.042580083803440624,,,,,,
Canada,CAN,Manual,0.335,0.3207356719258474,-0.014264328074152621,,neighbour_backfill,0.042580083803440624,,,,,,
Canada,CAN,Cleaning,0.485,0.4643486593553313,-0.02065134064466867,,neighbour_backfill,0.042580083803440624,,,,,,
Canada,CAN,Tech,0.32,0.306374373182899,-0.013625626817101,,neighbour_backfill,0.042580083803440624,,,,,,
Canada,CAN,ArmedForces,0.4,0.4,0.0,,neighbour_backfill,0.042580083803440624,,,,,,
Switzerland,CHE,Food,0.895,0.9080732167385248,0.013073216738524795,157118.0,ilo_calibrated,0.1245068260811889,30.11,27.438590646012024,30.109999999999992,-2.6714093539879755,-7.105427357601002e-15,ok
Switzerland,CHE,Health,0.819,0.8415357355206952,0.02253573552069521,536829.0,ilo_calibrated,0.1245068260811889,30.11,27.438590646012024,30.109999999999992,-2.6714093539879755,-7.105427357601002e-15,ok
Switzerland,CHE,Retail,0.876,0.8914388464340675,0.015438846434067455,177341.0,ilo_calibrated,0.1245068260811889,30.11,27.438590646012024,30.109999999999992,-2.6714093539879755,-7.105427357601002e-15,ok
Switzerland,CHE,Security,0.846,0.865174051216503,0.019174051216503063,46492.0,ilo_calibrated,0.1245068260811889,30.11,27.438590646012024,30.109999999999992,-2.6714093539879755,-7.105427357601002e-15,ok
Switzerland,CHE,Transport,0.869,0.8853103942166357,0.016310394216635715,109771.0,ilo_calibrated,0.1245068260811889,30.11,27.438590646012024,30.109999999999992,-2.6714093539879755,-7.105427357601002e-15,ok
Switzerland,CHE,Manual,0.335,0.41779703934399065,0.08279703934399063,611460.0,ilo_calibrated,0.1245068260811889,30.11,27.438590646012024,30.109999999999992,-2.6714093539879755,-7.105427357601002e-15,ok
Switzerland,CHE,Cleaning,0.485,0.5491210154318122,0.06412101543181226,138844.0,ilo_calibrated,0.1245068260811889,30.11,27.438590646012024,30.109999999999992,-2.6714093539879755,-7.105427357601002e-15,ok
Switzerland,CHE,Tech,0.32,0.40466464173520844,0.08466464173520843,604060.0,ilo_calibrated,0.1245068260811889,30.11,27.438590646012024,30.109999999999992,-2.6714093539879755,-7.105427357601002e-15,ok
Switzerland,CHE,ArmedForces,0.4,0.4,0.0,4821.0,ilo_calibrated,0.1245068260811889,30.11,27.438590646012024,30.109999999999992,-2.6714093539879755,-7.105427357601002e-15,ok
Chile,CHL,Food,0.895,0.895,0.0,660899.0,global_fallback,0.0,,42.43890584826698,42.43890584826698,,,global_fallback
Chile,CHL,Health,0.819,0.819,0.0,603820.0,global_fallback,0.0,,42.43890584826698,42.43890584826698,,,global_fallback
Chile,CHL,Retail,0.876,0.876,0.0,1090426.0,global_fallback,0.0,,42.43890584826698,42.43890584826698,,,global_fallback
Chile,CHL,Security,0.846,0.846,0.0,241903.0,global_fallback,0.0,,42.43890584826698,42.43890584826698,,,global_fallback
Chile,CHL,Transport,0.869,0.869,0.0,631836.0,global_fallback,0.0,,42.43890584826698,42.43890584826698,,,global_fallback
Chile,CHL,Manual,0.335,0.335,0.0,1746198.0,global_fallback,0.0,,42.43890584826698,42.43890584826698,,,global_fallback
Chile,CHL,Cleaning,0.485,0.485,0.0,608468.0,global_fallback,0.0,,42.43890584826698,42.43890584826698,,,global_fallback
Chile,CHL,Tech,0.32,0.32,0.0,675811.0,global_fallback,0.0,,42.43890584826698,42.43890584826698,,,global_fallback
Chile,CHL,ArmedForces,0.4,0.4,0.0,22354.0,global_fallback,0.0,,42.43890584826698,42.43890584826698,,,global_fallback
China,CHN,Food,0.895,0.890618468425946,-0.004381531574053965,,neighbour_backfill,0.004895566004529593,43.7,,,,,
China,CHN,Health,0.819,0.8149905314422903,-0.004009468557709672,,neighbour_backfill,0.004895566004529593,43.7,,,,,
China,CHN,Retail,0.876,0.8717114841800321,-0.00428851581996792,,neighbour_backfill,0.004895566004529593,43.7,,,,,
China,CHN,Security,0.846,0.8418583511601679,-0.004141648839832035,,neighbour_backfill,0.004895566004529593,43.7,,,,,
China,CHN,Transport,0.869,0.8647457531420638,-0.004254246857936184,,neighbour_backfill,0.004895566004529593,43.7,,,,,
China,CHN,Manual,0.335,0.3333599853884826,-0.0016400146115174152,,neighbour_backfill,0.004895566004529593,43.7,,,,,
China,CHN,Cleaning,0.485,0.48262565048780315,-0.0023743495121968383,,neighbour_backfill,0.004895566004529593,43.7,,,,,
China,CHN,Tech,0.32,0.31843341887855053,-0.001566581121449473,,neighbour_backfill,0.004895566004529593,43.7,,,,,
China,CHN,ArmedForces,0.4,0.4,0.0,,neighbour_backfill,0.004895566004529593,43.7,,,,,
Cote d'Ivoire,CIV,Food,0.895,0.9196574002821101,0.024657400282110054,3798336.0,ilo_calibrated,0.23483238363914302,73.48,68.92245844513786,73.48000000000002,-4.557541554862141,1.4210854715202004e-14,ok
Cote d'Ivoire,CIV,Health,0.819,0.8615046614386849,0.04250466143868492,115985.0,ilo_calibrated,0.23483238363914302,73.48,68.92245844513786,73.48000000000002,-4.557541554862141,1.4210854715202004e-14,ok
Cote d'Ivoire,CIV,Retail,0.876,0.9051192155712537,0.029119215571253743,2111059.0,ilo_calibrated,0.23483238363914302,73.48,68.92245844513786,73.48000000000002,-4.557541554862141,1.4210854715202004e-14,ok
Cote d'Ivoire,CIV,Security,0.846,0.882164187080428,0.03616418708042801,63798.0,ilo_calibrated,0.23483238363914302,73.48,68.92245844513786,73.48000000000002,-4.557541554862141,1.4210854715202004e-14,ok
Cote d'Ivoire,CIV,Transport,0.869,0.8997630422567278,0.03076304225672777,358616.0,ilo_calibrated,0.23483238363914302,73.48,68.92245844513786,73.48000000000002,-4.557541554862141,1.4210854715202004e-14,ok
Cote d'Ivoire,CIV,Manual,0.335,0.49116353512003014,0.15616353512003012,1015033.0,ilo_calibrated,0.23483238363914302,73.48,68.92245844513786,73.48000000000002,-4.557541554862141,1.4210854715202004e-14,ok
Cote d'Ivoire,CIV,Cleaning,0.485,0.6059386775741586,0.12093867757415866,313132.0,ilo_calibrated,0.23483238363914302,73.48,68.92245844513786,73.48000000000002,-4.557541554862141,1.4210854715202004e-14,ok
Cote d'Ivoire,CIV,Tech,0.32,0.47968602087461726,0.15968602087461725,293539.0,ilo_calibrated,0.23483238363914302,73.48,68.92245844513786,73.48000000000002,-4.557541554862141,1.4210854715202004e-14,ok
Cote d'Ivoire,CIV,ArmedForces,0.4,0.4,0.0,14255.0,ilo_calibrated,0.23483238363914302,73.48,68.92245844513786,73.48000000000002,-4.557541554862141,1.4210854715202004e-14,ok
Cameroon,CMR,Food,0.895,1.0,0.10499999999999998,,neighbour_backfill,1.0,,,,,,
Cameroon,CMR,Health,0.819,1.0,0.18100000000000005,,neighbour_backfill,1.0,,,,,,
Cameroon,CMR,Retail,0.876,1.0,0.124,,neighbour_backfill,1.0,,,,,,
Cameroon,CMR,Security,0.846,1.0,0.15400000000000003,,neighbour_backfill,1.0,,,,,,
Cameroon,CMR,Transport,0.869,1.0,0.131,,neighbour_backfill,1.0,,,,,,
Cameroon,CMR,Manual,0.335,1.0,0.665,,neighbour_backfill,1.0,,,,,,
Cameroon,CMR,Cleaning,0.485,1.0,0.515,,neighbour_backfill,1.0,,,,,,
Cameroon,CMR,Tech,0.32,1.0,0.6799999999999999,,neighbour_backfill,1.0,,,,,,
Cameroon,CMR,ArmedForces,0.4,0.4,0.0,,neighbour_backfill,1.0,,,,,,
DR Congo,COD,Food,0.895,0.895,0.0,22639944.0,global_fallback,0.0,,76.93945290181995,76.93945290181995,,,global_fallback
DR Congo,COD,Health,0.819,0.819,0.0,436708.0,global_fallback,0.0,,76.93945290181995,76.93945290181995,,,global_fallback
DR Congo,COD,Retail,0.876,0.876,0.0,2396637.0,global_fallback,0.0,,76.93945290181995,76.93945290181995,,,global_fallback
DR Congo,COD,Security,0.846,0.846,0.0,147914.0,global_fallback,0.0,,76.93945290181995,76.93945290181995,,,global_fallback
DR Congo,COD,Transport,0.869,0.869,0.0,370313.0,global_fallback,0.0,,76.93945290181995,76.93945290181995,,,global_fallback
DR Congo,COD,Manual,0.335,0.335,0.0,1017361.0,global_fallback,0.0,,76.93945290181995,76.93945290181995,,,global_fallback
DR Congo,COD,Cleaning,0.485,0.485,0.0,342639.0,global_fallback,0.0,,76.93945290181995,76.93945290181995,,,global_fallback
DR Congo,COD,Tech,0.32,0.32,0.0,745045.0,global_fallback,0.0,,76.93945290181995,76.93945290181995,,,global_fallback
DR Congo,COD,ArmedForces,0.4,0.4,0.0,10588.0,global_fallback,0.0,,76.93945290181995,76.93945290181995,,,global_fallback
Congo Republic,COG,Food,0.895,1.0,0.10499999999999998,,,1.0,,,,,,
Congo Republic,COG,Health,0.819,1.0,0.18100000000000005,,,1.0,,,,,,
Congo Republic,COG,Retail,0.876,1.0,0.124,,,1.0,,,,,,
Congo Republic,COG,Security,0.846,1.0,0.15400000000000003,,,1.0,,,,,,
Congo Republic,COG,Transport,0.869,1.0,0.131,,,1.0,,,,,,
Congo Republic,COG,Manual,0.335,1.0,0.665,,,1.0,,,,,,
Congo Republic,COG,Cleaning,0.485,1.0,0.515,,,1.0,,,,,,
Congo Republic,COG,Tech,0.32,1.0,0.6799999999999999,,,1.0,,,,,,
Congo Republic,COG,ArmedForces,0.4,0.4,0.0,,,1.0,,,,,,
Colombia,COL,Food,0.895,0.895,0.0,3435724.0,global_fallback,0.0,,47.25546037572512,47.25546037572512,,,global_fallback
Colombia,COL,Health,0.819,0.819,0.0,891817.0,global_fallback,0.0,,47.25546037572512,47.25546037572512,,,global_fallback
Colombia,COL,Retail,0.876,0.876,0.0,2867800.0,global_fallback,0.0,,47.25546037572512,47.25546037572512,,,global_fallback
Colombia,COL,Security,0.846,0.846,0.0,576974.0,global_fallback,0.0,,47.25546037572512,47.25546037572512,,,global_fallback
Colombia,COL,Transport,0.869,0.869,0.0,1419430.0,global_fallback,0.0,,47.25546037572512,47.25546037572512,,,global_fallback
Colombia,COL,Manual,0.335,0.335,0.0,4175195.0,global_fallback,0.0,,47.25546037572512,47.25546037572512,,,global_fallback
Colombia,COL,Cleaning,0.485,0.485,0.0,1892110.0,global_fallback,0.0,,47.25546037572512,47.25546037572512,,,global_fallback
Colombia,COL,Tech,0.32,0.32,0.0,1629391.0,global_fallback,0.0,,47.25546037572512,47.25546037572512,,,global_fallback
Colombia,COL,ArmedForces,0.4,0.4,0.0,22127.0,global_fallback,0.0,,47.25546037572512,47.25546037572512,,,global_fallback
Comoros,COM,Food,0.895,0.9324052866759167,0.037405286675916694,,neighbour_backfill,0.35624082548492053,,,,,,
Comoros,COM,Health,0.819,0.8834795894127705,0.06447958941277054,,neighbour_backfill,0.35624082548492053,,,,,,
Comoros,COM,Retail,0.876,0.9201738623601301,0.0441738623601301,,neighbour_backfill,0.35624082548492053,,,,,,
Comoros,COM,Security,0.846,0.9008610871246777,0.05486108712467774,,neighbour_backfill,0.35624082548492053,,,,,,
Comoros,COM,Transport,0.869,0.9156675481385246,0.046667548138524584,,neighbour_backfill,0.35624082548492053,,,,,,
Comoros,COM,Manual,0.335,0.5719001489474722,0.2369001489474722,,neighbour_backfill,0.35624082548492053,,,,,,
Comoros,COM,Cleaning,0.485,0.668464025124734,0.18346402512473403,,neighbour_backfill,0.35624082548492053,,,,,,
Comoros,COM,Tech,0.32,0.562243761329746,0.24224376132974595,,neighbour_backfill,0.35624082548492053,,,,,,
Comoros,COM,ArmedForces,0.4,0.4,0.0,,neighbour_backfill,0.35624082548492053,,,,,,
Cabo Verde,CPV,Food,0.895,0.9324052866759167,0.037405286675916694,,,0.35624082548492053,,,,,,
Cabo Verde,CPV,Health,0.819,0.8834795894127705,0.06447958941277054,,,0.35624082548492053,,,,,,
Cabo Verde,CPV,Retail,0.876,0.9201738623601301,0.0441738623601301,,,0.35624082548492053,,,,,,
Cabo Verde,CPV,Security,0.846,0.9008610871246777,0.05486108712467774,,,0.35624082548492053,,,,,,
Cabo Verde,CPV,Transport,0.869,0.9156675481385246,0.046667548138524584,,,0.35624082548492053,,,,,,
Cabo Verde,CPV,Manual,0.335,0.5719001489474722,0.2369001489474722,,,0.35624082548492053,,,,,,
Cabo Verde,CPV,Cleaning,0.485,0.668464025124734,0.18346402512473403,,,0.35624082548492053,,,,,,
Cabo Verde,CPV,Tech,0.32,0.562243761329746,0.24224376132974595,,,0.35624082548492053,,,,,,
Cabo Verde,CPV,ArmedForces,0.4,0.4,0.0,,,0.35624082548492053,,,,,,
Costa Rica,CRI,Food,0.895,0.895,0.0,220038.0,global_fallback,0.0,,43.63672122218532,43.63672122218532,,,global_fallback
Costa Rica,CRI,Health,0.819,0.819,0.0,107728.0,global_fallback,0.0,,43.63672122218532,43.63672122218532,,,global_fallback
Costa Rica,CRI,Retail,0.876,0.876,0.0,258654.0,global_fallback,0.0,,43.63672122218532,43.63672122218532,,,global_fallback
Costa Rica,CRI,Security,0.846,0.846,0.0,78638.0,global_fallback,0.0,,43.63672122218532,43.63672122218532,,,global_fallback
Costa Rica,CRI,Transport,0.869,0.869,0.0,147602.0,global_fallback,0.0,,43.63672122218532,43.63672122218532,,,global_fallback
Costa Rica,CRI,Manual,0.335,0.335,0.0,425579.0,global_fallback,0.0,,43.63672122218532,43.63672122218532,,,global_fallback
Costa Rica,CRI,Cleaning,0.485,0.485,0.0,188204.0,global_fallback,0.0,,43.63672122218532,43.63672122218532,,,global_fallback
Costa Rica,CRI,Tech,0.32,0.32,0.0,140751.0,global_fallback,0.0,,43.63672122218532,43.63672122218532,,,global_fallback
Costa Rica,CRI,ArmedForces,0.4,0.4,0.0,0.0,global_fallback,0.0,,43.63672122218532,43.63672122218532,,,global_fallback
Cuba,CUB,Food,0.895,0.9150369130037538,0.020036913003753765,,neighbour_backfill,0.19082774289289278,,,,,,
Cuba,CUB,Health,0.819,0.8535398214636135,0.03453982146361356,,neighbour_backfill,0.19082774289289278,,,,,,
Cuba,CUB,Retail,0.876,0.8996626401187187,0.02366264011871866,,neighbour_backfill,0.19082774289289278,,,,,,
Cuba,CUB,Security,0.846,0.8753874724055055,0.029387472405505544,,neighbour_backfill,0.19082774289289278,,,,,,
Cuba,CUB,Transport,0.869,0.893998434318969,0.024998434318968976,,neighbour_backfill,0.19082774289289278,,,,,,
Cuba,CUB,Manual,0.335,0.4619004490237737,0.12690044902377368,,neighbour_backfill,0.19082774289289278,,,,,,
Cuba,CUB,Cleaning,0.485,0.5832762875898397,0.09827628758983975,,neighbour_backfill,0.19082774289289278,,,,,,
Cuba,CUB,Tech,0.32,0.4497628651671671,0.12976286516716712,,neighbour_backfill,0.19082774289289278,,,,,,
Cuba,CUB,ArmedForces,0.4,0.4,0.0,,neighbour_backfill,0.19082774289289278,,,,,,
Curacao,CUW,Food,0.895,0.8045869607743004,-0.09041303922569965,,neighbour_backfill,0.10102015555944094,,,,,,
Curacao,CUW,Health,0.819,0.7362644925968178,-0.08273550740318214,,neighbour_backfill,0.10102015555944094,,,,,,
Curacao,CUW,Retail,0.876,0.7875063437299297,-0.08849365627007033,,neighbour_backfill,0.10102015555944094,,,,,,
Curacao,CUW,Security,0.846,0.7605369483967129,-0.08546305160328704,,neighbour_backfill,0.10102015555944094,,,,,,
Curacao,CUW,Transport,0.869,0.7812134848188458,-0.08778651518115421,,neighbour_backfill,0.10102015555944094,,,,,,
Curacao,CUW,Manual,0.335,0.30115824788758727,-0.03384175211241275,,neighbour_backfill,0.10102015555944094,,,,,,
Curacao,CUW,Cleaning,0.485,0.43600522455367113,-0.04899477544632885,,neighbour_backfill,0.10102015555944094,,,,,,
Curacao,CUW,Tech,0.32,0.2876735502209789,-0.032326449779021105,,neighbour_backfill,0.10102015555944094,,,,,,
Curacao,CUW,ArmedForces,0.4,0.4,0.0,,neighbour_backfill,0.10102015555944094,,,,,,
Cayman Islands,CYM,Food,0.895,0.8045869607743004,-0.09041303922569965,,,0.10102015555944094,,,,,,
Cayman Islands,CYM,Health,0.819,0.7362644925968178,-0.08273550740318214,,,0.10102015555944094,,,,,,
Cayman Islands,CYM,Retail,0.876,0.7875063437299297,-0.08849365627007033,,,0.10102015555944094,,,,,,
Cayman Islands,CYM,Security,0.846,0.7605369483967129,-0.08546305160328704,,,0.10102015555944094,,,,,,
Cayman Islands,CYM,Transport,0.869,0.7812134848188458,-0.08778651518115421,,,0.10102015555944094,,,,,,
Cayman Islands,CYM,Manual,0.335,0.30115824788758727,-0.03384175211241275,,,0.10102015555944094,,,,,,
Cayman Islands,CYM,Cleaning,0.485,0.43600522455367113,-0.04899477544632885,,,0.10102015555944094,,,,,,
Cayman Islands,CYM,Tech,0.32,0.2876735502209789,-0.032326449779021105,,,0.10102015555944094,,,,,,
Cayman Islands,CYM,ArmedForces,0.4,0.4,0.0,,,0.10102015555944094,,,,,,
Cyprus,CYP,Food,0.895,0.8086034489763045,-0.08639655102369548,19158.0,ilo_calibrated,0.09653245924435251,28.72,31.720358223385368,28.720000000000002,3.000358223385369,3.552713678800501e-15,ok
Cyprus,CYP,Health,0.819,0.7399399158788753,-0.07906008412112464,26323.0,ilo_calibrated,0.09653245924435251,28.72,31.720358223385368,28.720000000000002,3.000358223385369,3.552713678800501e-15,ok
Cyprus,CYP,Retail,0.876,0.7914375657019472,-0.08456243429805277,37450.0,ilo_calibrated,0.09653245924435251,28.72,31.720358223385368,28.720000000000002,3.000358223385369,3.552713678800501e-15,ok
Cyprus,CYP,Security,0.846,0.7643335394792777,-0.08166646052072224,11634.0,ilo_calibrated,0.09653245924435251,28.72,31.720358223385368,28.720000000000002,3.000358223385369,3.552713678800501e-15,ok
Cyprus,CYP,Transport,0.869,0.7851132929166577,-0.08388670708334234,15559.0,ilo_calibrated,0.09653245924435251,28.72,31.720358223385368,28.720000000000002,3.000358223385369,3.552713678800501e-15,ok
Cyprus,CYP,Manual,0.335,0.3026616261531419,-0.032338373846858115,61420.0,ilo_calibrated,0.09653245924435251,28.72,31.720358223385368,28.720000000000002,3.000358223385369,3.552713678800501e-15,ok
Cyprus,CYP,Cleaning,0.485,0.438181757266489,-0.046818242733510984,41286.0,ilo_calibrated,0.09653245924435251,28.72,31.720358223385368,28.720000000000002,3.000358223385369,3.552713678800501e-15,ok
Cyprus,CYP,Tech,0.32,0.2891096130418072,-0.030890386958192795,42791.0,ilo_calibrated,0.09653245924435251,28.72,31.720358223385368,28.720000000000002,3.000358223385369,3.552713678800501e-15,ok
Cyprus,CYP,ArmedForces,0.4,0.4,0.0,7667.0,ilo_calibrated,0.09653245924435251,28.72,31.720358223385368,28.720000000000002,3.000358223385369,3.552713678800501e-15,ok
Czechia,CZE,Food,0.895,0.8725437322213817,-0.02245626777861831,91990.0,ilo_calibrated,0.02509080198728299,32.52,33.355095294344075,32.52000000000002,0.8350952943440717,1.4210854715202004e-14,ok
Czechia,CZE,Health,0.819,0.7984506331724152,-0.020549366827584792,375380.0,ilo_calibrated,0.02509080198728299,32.52,33.355095294344075,32.52000000000002,0.8350952943440717,1.4210854715202004e-14,ok
Czechia,CZE,Retail,0.876,0.8540204574591401,-0.021979542540859875,278066.0,ilo_calibrated,0.02509080198728299,32.52,33.355095294344075,32.52000000000002,0.8350952943440717,1.4210854715202004e-14,ok
Czechia,CZE,Security,0.846,0.8247731815187586,-0.021226818481241416,92674.0,ilo_calibrated,0.02509080198728299,32.52,33.355095294344075,32.52000000000002,0.8350952943440717,1.4210854715202004e-14,ok
Czechia,CZE,Transport,0.869,0.8471960930730511,-0.02180390692694889,363459.0,ilo_calibrated,0.02509080198728299,32.52,33.355095294344075,32.52000000000002,0.8350952943440717,1.4210854715202004e-14,ok
Czechia,CZE,Manual,0.335,0.3265945813342602,-0.008405418665739794,1259017.0,ilo_calibrated,0.02509080198728299,32.52,33.355095294344075,32.52000000000002,0.8350952943440717,1.4210854715202004e-14,ok
Czechia,CZE,Cleaning,0.485,0.47283096103616773,-0.012169038963832257,126430.0,ilo_calibrated,0.02509080198728299,32.52,33.355095294344075,32.52000000000002,0.8350952943440717,1.4210854715202004e-14,ok
Czechia,CZE,Tech,0.32,0.31197094336406944,-0.008029056635930565,542835.0,ilo_calibrated,0.02509080198728299,32.52,33.355095294344075,32.52000000000002,0.8350952943440717,1.4210854715202004e-14,ok
Czechia,CZE,ArmedForces,0.4,0.4,0.0,9131.0,ilo_calibrated,0.02509080198728299,32.52,33.355095294344075,32.52000000000002,0.8350952943440717,1.4210854715202004e-14,ok
Germany,DEU,Food,0.895,0.895,0.0,1029757.0,global_fallback,0.0,,30.162425109648,30.162425109648,,,global_fallback
Germany,DEU,Health,0.819,0.819,0.0,4550234.0,global_fallback,0.0,,30.162425109648,30.162425109648,,,global_fallback
Germany,DEU,Retail,0.876,0.876,0.0,2532904.0,global_fallback,0.0,,30.162425109648,30.162425109648,,,global_fallback
Germany,DEU,Security,0.846,0.846,0.0,535368.0,global_fallback,0.0,,30.162425109648,30.162425109648,,,global_fallback
Germany,DEU,Transport,0.869,0.869,0.0,1307672.0,global_fallback,0.0,,30.162425109648,30.162425109648,,,global_fallback
Germany,DEU,Manual,0.335,0.335,0.0,7093239.0,global_fallback,0.0,,30.162425109648,30.162425109648,,,global_fallback
Germany,DEU,Cleaning,0.485,0.485,0.0,1483036.0,global_fallback,0.0,,30.162425109648,30.162425109648,,,global_fallback
Germany,DEU,Tech,0.32,0.32,0.0,4273249.0,global_fallback,0.0,,30.162425109648,30.162425109648,,,global_fallback
Germany,DEU,ArmedForces,0.4,0.4,0.0,175005.0,global_fallback,0.0,,30.162425109648,30.162425109648,,,global_fallback
Djibouti,DJI,Food,0.895,0.895,0.0,,global_fallback,0.0,,,,,,global_fallback
Djibouti,DJI,Health,0.819,0.819,0.0,,global_fallback,0.0,,,,,,global_fallback
Djibouti,DJI,Retail,0.876,0.876,0.0,,global_fallback,0.0,,,,,,global_fallback
Djibouti,DJI,Security,0.846,0.846,0.0,,global_fallback,0.0,,,,,,global_fallback
Djibouti,DJI,Transport,0.869,0.869,0.0,,global_fallback,0.0,,,,,,global_fallback
Djibouti,DJI,Manual,0.335,0.335,0.0,,global_fallback,0.0,,,,,,global_fallback
Djibouti,DJI,Cleaning,0.485,0.485,0.0,,global_fallback,0.0,,,,,,global_fallback
Djibouti,DJI,Tech,0.32,0.32,0.0,,global_fallback,0.0,,,,,,global_fallback
Djibouti,DJI,ArmedForces,0.4,0.4,0.0,,global_fallback,0.0,,,,,,global_fallback
Dominica,DMA,Food,0.895,0.895,0.0,,global_fallback,0.0,,,,,,global_fallback
Dominica,DMA,Health,0.819,0.819,0.0,,global_fallback,0.0,,,,,,global_fallback
Dominica,DMA,Retail,0.876,0.876,0.0,,global_fallback,0.0,,,,,,global_fallback
Dominica,DMA,Security,0.846,0.846,0.0,,global_fallback,0.0,,,,,,global_fallback
Dominica,DMA,Transport,0.869,0.869,0.0,,global_fallback,0.0,,,,,,global_fallback
Dominica,DMA,Manual,0.335,0.335,0.0,,global_fallback,0.0,,,,,,global_fallback
Dominica,DMA,Cleaning,0.485,0.485,0.0,,global_fallback,0.0,,,,,,global_fallback
Dominica,DMA,Tech,0.32,0.32,0.0,,global_fallback,0.0,,,,,,global_fallback
Dominica,DMA,ArmedForces,0.4,0.4,0.0,,global_fallback,0.0,,,,,,global_fallback
Denmark,DNK,Food,0.895,0.895,0.0,128465.0,global_fallback,0.0,,32.802497352954326,32.802497352954326,,,global_fallback
Denmark,DNK,Health,0.819,0.819,0.0,408972.0,global_fallback,0.0,,32.802497352954326,32.802497352954326,,,global_fallback
Denmark,DNK,Retail,0.876,0.876,0.0,186938.0,global_fallback,0.0,,32.802497352954326,32.802497352954326,,,global_fallback
Denmark,DNK,Security,0.846,0.846,0.0,23944.0,global_fallback,0.0,,32.802497352954326,32.802497352954326,,,global_fallback
Denmark,DNK,Transport,0.869,0.869,0.0,89202.0,global_fallback,0.0,,32.802497352954326,32.802497352954326,,,global_fallback
Denmark,DNK,Manual,0.335,0.335,0.0,395542.0,global_fallback,0.0,,32.802497352954326,32.802497352954326,,,global_fallback
Denmark,DNK,Cleaning,0.485,0.485,0.0,108379.0,global_fallback,0.0,,32.802497352954326,32.802497352954326,,,global_fallback
Denmark,DNK,Tech,0.32,0.32,0.0,276615.0,global_fallback,0.0,,32.802497352954326,32.802497352954326,,,global_fallback
Denmark,DNK,ArmedForces,0.4,0.4,0.0,11945.0,global_fallback,0.0,,32.802497352954326,32.802497352954326,,,global_fallback
Dominican Republic,DOM,Food,0.895,0.9150369130037538,0.020036913003753765,365358.0,ilo_calibrated,0.19082774289289278,40.07,35.92090075563047,40.06999999999999,-4.1490992443695305,-7.105427357601002e-15,ok
Dominican Republic,DOM,Health,0.819,0.8535398214636135,0.03453982146361356,130530.0,ilo_calibrated,0.19082774289289278,40.07,35.92090075563047,40.06999999999999,-4.1490992443695305,-7.105427357601002e-15,ok
Dominican Republic,DOM,Retail,0.876,0.8996626401187187,0.02366264011871866,540307.0,ilo_calibrated,0.19082774289289278,40.07,35.92090075563047,40.06999999999999,-4.1490992443695305,-7.105427357601002e-15,ok
Dominican Republic,DOM,Security,0.846,0.8753874724055055,0.029387472405505544,122457.0,ilo_calibrated,0.19082774289289278,40.07,35.92090075563047,40.06999999999999,-4.1490992443695305,-7.105427357601002e-15,ok
Dominican Republic,DOM,Transport,0.869,0.893998434318969,0.024998434318968976,289712.0,ilo_calibrated,0.19082774289289278,40.07,35.92090075563047,40.06999999999999,-4.1490992443695305,-7.105427357601002e-15,ok
Dominican Republic,DOM,Manual,0.335,0.4619004490237737,0.12690044902377368,769799.0,ilo_calibrated,0.19082774289289278,40.07,35.92090075563047,40.06999999999999,-4.1490992443695305,-7.105427357601002e-15,ok
Dominican Republic,DOM,Cleaning,0.485,0.5832762875898397,0.09827628758983975,330623.0,ilo_calibrated,0.19082774289289278,40.07,35.92090075563047,40.06999999999999,-4.1490992443695305,-7.105427357601002e-15,ok
Dominican Republic,DOM,Tech,0.32,0.4497628651671671,0.12976286516716712,324158.0,ilo_calibrated,0.19082774289289278,40.07,35.92090075563047,40.06999999999999,-4.1490992443695305,-7.105427357601002e-15,ok
Dominican Republic,DOM,ArmedForces,0.4,0.4,0.0,34068.0,ilo_calibrated,0.19082774289289278,40.07,35.92090075563047,40.06999999999999,-4.1490992443695305,-7.105427357601002e-15,ok
Algeria,DZA,Food,0.895,0.9011829536106373,0.006182953610637254,,neighbour_backfill,0.058885272482259554,,,,,,
Algeria,DZA,Health,0.819,0.829658234319289,0.010658234319289028,,neighbour_backfill,0.058885272482259554,,,,,,
Algeria,DZA,Retail,0.876,0.8833017737878002,0.00730177378780017,,neighbour_backfill,0.058885272482259554,,,,,,
Algeria,DZA,Security,0.846,0.855068331962268,0.009068331962267973,,neighbour_backfill,0.058885272482259554,,,,,,
Algeria,DZA,Transport,0.869,0.876713970695176,0.007713970695175987,,neighbour_backfill,0.058885272482259554,,,,,,
Algeria,DZA,Manual,0.335,0.37415870620070263,0.03915870620070261,,neighbour_backfill,0.058885272482259554,,,,,,
Algeria,DZA,Cleaning,0.485,0.5153259153283637,0.030325915328363706,,neighbour_backfill,0.058885272482259554,,,,,,
Algeria,DZA,Tech,0.32,0.3600419852879365,0.04004198528793651,,neighbour_backfill,0.058885272482259554,,,,,,
Algeria,DZA,ArmedForces,0.4,0.4,0.0,,neighbour_backfill,0.058885272482259554,,,,,,
Ecuador,ECU,Food,0.895,0.8534776562250682,-0.0415223437749318,2885213.0,ilo_calibrated,0.04639368019545452,58.8,61.65362287961816,58.8,2.8536228796181646,0.0,ok
Ecuador,ECU,Health,0.819,0.7810035759199226,-0.03799642408007731,192731.0,ilo_calibrated,0.04639368019545452,58.8,61.65362287961816,58.8,2.8536228796181646,0.0,ok
Ecuador,ECU,Retail,0.876,0.8353591361487819,-0.04064086385121812,1102336.0,ilo_calibrated,0.04639368019545452,58.8,61.65362287961816,58.8,2.8536228796181646,0.0,ok
Ecuador,ECU,Security,0.846,0.8067509465546454,-0.039249053445354565,151780.0,ilo_calibrated,0.04639368019545452,58.8,61.65362287961816,58.8,2.8536228796181646,0.0,ok
Ecuador,ECU,Transport,0.869,0.82868389191015,-0.04031610808984998,431375.0,ilo_calibrated,0.04639368019545452,58.8,61.65362287961816,58.8,2.8536228796181646,0.0,ok
Ecuador,ECU,Manual,0.335,0.31945811713452277,-0.015541882865477252,1427782.0,ilo_calibrated,0.04639368019545452,58.8,61.65362287961816,58.8,2.8536228796181646,0.0,ok
Ecuador,ECU,Cleaning,0.485,0.46249906510520455,-0.022500934894795432,457347.0,ilo_calibrated,0.04639368019545452,58.8,61.65362287961816,58.8,2.8536228796181646,0.0,ok
Ecuador,ECU,Tech,0.32,0.30515402233745453,-0.014845977662545473,500663.0,ilo_calibrated,0.04639368019545452,58.8,61.65362287961816,58.8,2.8536228796181646,0.0,ok
Ecuador,ECU,ArmedForces,0.4,0.4,0.0,29825.0,ilo_calibrated,0.04639368019545452,58.8,61.65362287961816,58.8,2.8536228796181646,0.0,ok
Egypt,EGY,Food,0.895,0.8020712342647974,-0.09292876573520259,5165479.0,ilo_calibrated,0.10383102316782408,44.43,49.57770370165395,44.42999999999999,5.147703701653953,-7.105427357601002e-15,ok
Egypt,EGY,Health,0.819,0.733962392025552,-0.08503760797444793,829817.0,ilo_calibrated,0.10383102316782408,44.43,49.57770370165395,44.42999999999999,5.147703701653953,-7.105427357601002e-15,ok
Egypt,EGY,Retail,0.876,0.785044023704986,-0.09095597629501395,3457609.0,ilo_calibrated,0.10383102316782408,44.43,49.57770370165395,44.42999999999999,5.147703701653953,-7.105427357601002e-15,ok
Egypt,EGY,Security,0.846,0.7581589544000208,-0.08784104559997918,533481.0,ilo_calibrated,0.10383102316782408,44.43,49.57770370165395,44.42999999999999,5.147703701653953,-7.105427357601002e-15,ok
Egypt,EGY,Transport,0.869,0.7787708408671609,-0.09022915913283913,2641708.0,ilo_calibrated,0.10383102316782408,44.43,49.57770370165395,44.42999999999999,5.147703701653953,-7.105427357601002e-15,ok
Egypt,EGY,Manual,0.335,0.30021660723877897,-0.034783392761221055,7057669.0,ilo_calibrated,0.10383102316782408,44.43,49.57770370165395,44.42999999999999,5.147703701653953,-7.105427357601002e-15,ok
Egypt,EGY,Cleaning,0.485,0.4346419537636053,-0.05035804623639467,979759.0,ilo_calibrated,0.10383102316782408,44.43,49.57770370165395,44.42999999999999,5.147703701653953,-7.105427357601002e-15,ok
Egypt,EGY,Tech,0.32,0.2867740725862963,-0.033225927413703726,2808650.0,ilo_calibrated,0.10383102316782408,44.43,49.57770370165395,44.42999999999999,5.147703701653953,-7.105427357601002e-15,ok
Egypt,EGY,ArmedForces,0.4,0.4,0.0,0.0,ilo_calibrated,0.10383102316782408,44.43,49.57770370165395,44.42999999999999,5.147703701653953,-7.105427357601002e-15,ok
Eritrea,ERI,Food,0.895,0.895,0.0,,global_fallback,0.0,,,,,,global_fallback
Eritrea,ERI,Health,0.819,0.819,0.0,,global_fallback,0.0,,,,,,global_fallback
Eritrea,ERI,Retail,0.876,0.876,0.0,,global_fallback,0.0,,,,,,global_fallback
Eritrea,ERI,Security,0.846,0.846,0.0,,global_fallback,0.0,,,,,,global_fallback
Eritrea,ERI,Transport,0.869,0.869,0.0,,global_fallback,0.0,,,,,,global_fallback
Eritrea,ERI,Manual,0.335,0.335,0.0,,global_fallback,0.0,,,,,,global_fallback
Eritrea,ERI,Cleaning,0.485,0.485,0.0,,global_fallback,0.0,,,,,,global_fallback
Eritrea,ERI,Tech,0.32,0.32,0.0,,global_fallback,0.0,,,,,,global_fallback
Eritrea,ERI,ArmedForces,0.4,0.4,0.0,,global_fallback,0.0,,,,,,global_fallback
Spain,ESP,Food,0.895,0.895,0.0,977953.0,global_fallback,0.0,,37.27818098832578,37.27818098832578,,,global_fallback
Spain,ESP,Health,0.819,0.819,0.0,1852311.0,global_fallback,0.0,,37.27818098832578,37.27818098832578,,,global_fallback
Spain,ESP,Retail,0.876,0.876,0.0,2068463.0000000002,global_fallback,0.0,,37.27818098832578,37.27818098832578,,,global_fallback
Spain,ESP,Security,0.846,0.846,0.0,485967.0,global_fallback,0.0,,37.27818098832578,37.27818098832578,,,global_fallback
Spain,ESP,Transport,0.869,0.869,0.0,1056174.0,global_fallback,0.0,,37.27818098832578,37.27818098832578,,,global_fallback
Spain,ESP,Manual,0.335,0.335,0.0,3559210.0,global_fallback,0.0,,37.27818098832578,37.27818098832578,,,global_fallback
Spain,ESP,Cleaning,0.485,0.485,0.0,1272348.0,global_fallback,0.0,,37.27818098832578,37.27818098832578,,,global_fallback
Spain,ESP,Tech,0.32,0.32,0.0,1591337.0,global_fallback,0.0,,37.27818098832578,37.27818098832578,,,global_fallback
Spain,ESP,ArmedForces,0.4,0.4,0.0,111154.0,global_fallback,0.0,,37.27818098832578,37.27818098832578,,,global_fallback
Estonia,EST,Food,0.895,0.895,0.0,16373.0,global_fallback,0.0,,29.75607349132358,29.75607349132358,,,global_fallback
Estonia,EST,Health,0.819,0.819,0.0,48216.0,global_fallback,0.0,,29.75607349132358,29.75607349132358,,,global_fallback
Estonia,EST,Retail,0.876,0.876,0.0,32427.0,global_fallback,0.0,,29.75607349132358,29.75607349132358,,,global_fallback
Estonia,EST,Security,0.846,0.846,0.0,7937.0,global_fallback,0.0,,29.75607349132358,29.75607349132358,,,global_fallback
Estonia,EST,Transport,0.869,0.869,0.0,42506.0,global_fallback,0.0,,29.75607349132358,29.75607349132358,,,global_fallback
Estonia,EST,Manual,0.335,0.335,0.0,139337.0,global_fallback,0.0,,29.75607349132358,29.75607349132358,,,global_fallback
Estonia,EST,Cleaning,0.485,0.485,0.0,35190.0,global_fallback,0.0,,29.75607349132358,29.75607349132358,,,global_fallback
Estonia,EST,Tech,0.32,0.32,0.0,53558.0,global_fallback,0.0,,29.75607349132358,29.75607349132358,,,global_fallback
Estonia,EST,ArmedForces,0.4,0.4,0.0,3020.0,global_fallback,0.0,,29.75607349132358,29.75607349132358,,,global_fallback
Ethiopia,ETH,Food,0.895,0.9272747327447495,0.03227473274474946,23697991.0,ilo_calibrated,0.30737840709285175,81.55,75.73645602442276,81.55000000000003,-5.8135439755772325,2.842170943040401e-14,ok
Ethiopia,ETH,Health,0.819,0.8746354916838062,0.055635491683806215,279999.0,ilo_calibrated,0.30737840709285175,81.55,75.73645602442276,81.55000000000003,-5.8135439755772325,2.842170943040401e-14,ok
Ethiopia,ETH,Retail,0.876,0.9141149224795136,0.03811492247951365,3903307.0,ilo_calibrated,0.30737840709285175,81.55,75.73645602442276,81.55000000000003,-5.8135439755772325,2.842170943040401e-14,ok
Ethiopia,ETH,Security,0.846,0.8933362746922991,0.047336274692299174,227329.0,ilo_calibrated,0.30737840709285175,81.55,75.73645602442276,81.55000000000003,-5.8135439755772325,2.842170943040401e-14,ok
Ethiopia,ETH,Transport,0.869,0.9092665713291636,0.04026657132916356,362914.0,ilo_calibrated,0.30737840709285175,81.55,75.73645602442276,81.55000000000003,-5.8135439755772325,2.842170943040401e-14,ok
Ethiopia,ETH,Manual,0.335,0.5394066407167464,0.20440664071674636,2041282.0,ilo_calibrated,0.30737840709285175,81.55,75.73645602442276,81.55000000000003,-5.8135439755772325,2.842170943040401e-14,ok
Ethiopia,ETH,Cleaning,0.485,0.6432998796528187,0.15829987965281866,3220578.0,ilo_calibrated,0.30737840709285175,81.55,75.73645602442276,81.55000000000003,-5.8135439755772325,2.842170943040401e-14,ok
Ethiopia,ETH,Tech,0.32,0.5290173168231391,0.20901731682313912,1301104.0,ilo_calibrated,0.30737840709285175,81.55,75.73645602442276,81.55000000000003,-5.8135439755772325,2.842170943040401e-14,ok
Ethiopia,ETH,ArmedForces,0.4,0.4,0.0,69925.0,ilo_calibrated,0.30737840709285175,81.55,75.73645602442276,81.55000000000003,-5.8135439755772325,2.842170943040401e-14,ok
Finland,FIN,Food,0.895,0.895,0.0,112956.0,global_fallback,0.0,,33.529871459528785,33.529871459528785,,,global_fallback
Finland,FIN,Health,0.819,0.819,0.0,339515.0,global_fallback,0.0,,33.529871459528785,33.529871459528785,,,global_fallback
Finland,FIN,Retail,0.876,0.876,0.0,158795.0,global_fallback,0.0,,33.529871459528785,33.529871459528785,,,global_fallback
Finland,FIN,Security,0.846,0.846,0.0,17085.0,global_fallback,0.0,,33.529871459528785,33.529871459528785,,,global_fallback
Finland,FIN,Transport,0.869,0.869,0.0,126244.0,global_fallback,0.0,,33.529871459528785,33.529871459528785,,,global_fallback
Finland,FIN,Manual,0.335,0.335,0.0,383608.0,global_fallback,0.0,,33.529871459528785,33.529871459528785,,,global_fallback
Finland,FIN,Cleaning,0.485,0.485,0.0,78236.0,global_fallback,0.0,,33.529871459528785,33.529871459528785,,,global_fallback
Finland,FIN,Tech,0.32,0.32,0.0,237496.0,global_fallback,0.0,,33.529871459528785,33.529871459528785,,,global_fallback
Finland,FIN,ArmedForces,0.4,0.4,0.0,7392.0,global_fallback,0.0,,33.529871459528785,33.529871459528785,,,global_fallback
Fiji,FJI,Food,0.895,0.9241219862183562,0.029121986218356155,85764.0,ilo_calibrated,0.2773522496986299,55.67,48.417517552657976,55.66999999999999,-7.252482447342025,-1.4210854715202004e-14,ok
Fiji,FJI,Health,0.819,0.869200757195452,0.05020075719545203,6405.0,ilo_calibrated,0.2773522496986299,55.67,48.417517552657976,55.66999999999999,-7.252482447342025,-1.4210854715202004e-14,ok
Fiji,FJI,Retail,0.876,0.9103916789626301,0.03439167896263007,21315.0,ilo_calibrated,0.2773522496986299,55.67,48.417517552657976,55.66999999999999,-7.252482447342025,-1.4210854715202004e-14,ok
Fiji,FJI,Security,0.846,0.888712246453589,0.042712246453589064,0.0,ilo_calibrated,0.2773522496986299,55.67,48.417517552657976,55.66999999999999,-7.252482447342025,-1.4210854715202004e-14,ok
Fiji,FJI,Transport,0.869,0.9053331447105205,0.036333144710520515,19032.0,ilo_calibrated,0.2773522496986299,55.67,48.417517552657976,55.66999999999999,-7.252482447342025,-1.4210854715202004e-14,ok
Fiji,FJI,Manual,0.335,0.5194392460495889,0.1844392460495889,50323.0,ilo_calibrated,0.2773522496986299,55.67,48.417517552657976,55.66999999999999,-7.252482447342025,-1.4210854715202004e-14,ok
Fiji,FJI,Cleaning,0.485,0.6278364085947944,0.1428364085947944,16844.0,ilo_calibrated,0.2773522496986299,55.67,48.417517552657976,55.66999999999999,-7.252482447342025,-1.4210854715202004e-14,ok
Fiji,FJI,Tech,0.32,0.5085995297950683,0.18859952979506828,38214.0,ilo_calibrated,0.2773522496986299,55.67,48.417517552657976,55.66999999999999,-7.252482447342025,-1.4210854715202004e-14,ok
Fiji,FJI,ArmedForces,0.4,0.4,0.0,0.0,ilo_calibrated,0.2773522496986299,55.67,48.417517552657976,55.66999999999999,-7.252482447342025,-1.4210854715202004e-14,ok
France,FRA,Food,0.895,0.9209926919343842,0.025992691934384138,1143255.0,ilo_calibrated,0.24754944699413442,36.65,31.390008987154065,36.64999999999999,-5.2599910128459335,-7.105427357601002e-15,ok
France,FRA,Health,0.819,0.8638064499059382,0.044806449905938295,3215477.0,ilo_calibrated,0.24754944699413442,36.65,31.390008987154065,36.64999999999999,-5.2599910128459335,-7.105427357601002e-15,ok
France,FRA,Retail,0.876,0.9066961314272727,0.030696131427272677,1274223.0,ilo_calibrated,0.24754944699413442,36.65,31.390008987154065,36.64999999999999,-5.2599910128459335,-7.105427357601002e-15,ok
France,FRA,Security,0.846,0.8841226148370966,0.03812261483709667,460914.0,ilo_calibrated,0.24754944699413442,36.65,31.390008987154065,36.64999999999999,-5.2599910128459335,-7.105427357601002e-15,ok
France,FRA,Transport,0.869,0.9014289775562316,0.03242897755623164,1097602.0,ilo_calibrated,0.24754944699413442,36.65,31.390008987154065,36.64999999999999,-5.2599910128459335,-7.105427357601002e-15,ok
France,FRA,Manual,0.335,0.4996203822510994,0.16462038225109937,4128047.0,ilo_calibrated,0.24754944699413442,36.65,31.390008987154065,36.64999999999999,-5.2599910128459335,-7.105427357601002e-15,ok
France,FRA,Cleaning,0.485,0.6124879652019792,0.12748796520197925,1383706.0,ilo_calibrated,0.24754944699413442,36.65,31.390008987154065,36.64999999999999,-5.2599910128459335,-7.105427357601002e-15,ok
France,FRA,Tech,0.32,0.48833362395601143,0.16833362395601142,2267645.0,ilo_calibrated,0.24754944699413442,36.65,31.390008987154065,36.64999999999999,-5.2599910128459335,-7.105427357601002e-15,ok
France,FRA,ArmedForces,0.4,0.4,0.0,194154.0,ilo_calibrated,0.24754944699413442,36.65,31.390008987154065,36.64999999999999,-5.2599910128459335,-7.105427357601002e-15,ok
Faroe Islands,FRO,Food,0.895,0.895,0.0,,global_fallback,0.0,,,,,,global_fallback
Faroe Islands,FRO,Health,0.819,0.819,0.0,,global_fallback,0.0,,,,,,global_fallback
Faroe Islands,FRO,Retail,0.876,0.876,0.0,,global_fallback,0.0,,,,,,global_fallback
Faroe Islands,FRO,Security,0.846,0.846,0.0,,global_fallback,0.0,,,,,,global_fallback
Faroe Islands,FRO,Transport,0.869,0.869,0.0,,global_fallback,0.0,,,,,,global_fallback
Faroe Islands,FRO,Manual,0.335,0.335,0.0,,global_fallback,0.0,,,,,,global_fallback
Faroe Islands,FRO,Cleaning,0.485,0.485,0.0,,global_fallback,0.0,,,,,,global_fallback
Faroe Islands,FRO,Tech,0.32,0.32,0.0,,global_fallback,0.0,,,,,,global_fallback
Faroe Islands,FRO,ArmedForces,0.4,0.4,0.0,,global_fallback,0.0,,,,,,global_fallback
"Micronesia, Fed. Sts.",FSM,Food,0.895,0.8421883029065259,-0.05281169709347411,,neighbour_backfill,0.16941906282674565,62.74,,,,,
"Micronesia, Fed. Sts.",FSM,Health,0.819,0.7790641516813585,-0.0399358483186415,,neighbour_backfill,0.16941906282674565,62.74,,,,,
"Micronesia, Fed. Sts.",FSM,Retail,0.876,0.826407265100234,-0.04959273489976601,,neighbour_backfill,0.16941906282674565,62.74,,,,,
"Micronesia, Fed. Sts.",FSM,Security,0.846,0.8014898369850364,-0.04451016301496358,,neighbour_backfill,0.16941906282674565,62.74,,,,,
"Micronesia, Fed. Sts.",FSM,Transport,0.869,0.8205931985400211,-0.04840680145997889,,neighbour_backfill,0.16941906282674565,62.74,,,,,
"Micronesia, Fed. Sts.",FSM,Manual,0.335,0.3770629780895034,0.04206297808950338,,neighbour_backfill,0.16941906282674565,62.74,,,,,
"Micronesia, Fed. Sts.",FSM,Cleaning,0.485,0.5016501186654915,0.016650118665491487,,neighbour_backfill,0.16941906282674565,62.74,,,,,
"Micronesia, Fed. Sts.",FSM,Tech,0.32,0.36460426403190455,0.04460426403190454,,neighbour_backfill,0.16941906282674565,62.74,,,,,
"Micronesia, Fed. Sts.",FSM,ArmedForces,0.4,0.4,0.0,,neighbour_backfill,0.16941906282674565,62.74,,,,,
Gabon,GAB,Food,0.895,0.9152249949195186,0.02022499491951857,,neighbour_backfill,0.596309499616755,,,,,,
Gabon,GAB,Health,0.819,0.8538640388612653,0.03486403886126532,,neighbour_backfill,0.596309499616755,,,,,,
Gabon,GAB,Retail,0.876,0.8998847559049552,0.0238847559049552,,neighbour_backfill,0.596309499616755,,,,,,
Gabon,GAB,Security,0.846,0.8756633258819605,0.029663325881960523,,neighbour_backfill,0.596309499616755,,,,,,
Gabon,GAB,Transport,0.869,0.8942330888995897,0.02523308889958975,,neighbour_backfill,0.596309499616755,,,,,,
Gabon,GAB,Manual,0.335,0.463091634490284,0.128091634490284,,neighbour_backfill,0.596309499616755,,,,,,
Gabon,GAB,Cleaning,0.485,0.5841987846052575,0.09919878460525755,,neighbour_backfill,0.596309499616755,,,,,,
Gabon,GAB,Tech,0.32,0.45098091947878666,0.13098091947878665,,neighbour_backfill,0.596309499616755,,,,,,
Gabon,GAB,ArmedForces,0.4,0.4,0.0,,neighbour_backfill,0.596309499616755,,,,,,
United Kingdom,GBR,Food,0.895,0.8966834389760175,0.0016834389760175261,1492805.0,ilo_calibrated,0.016032752152547933,29.91,29.639246531029627,29.910000000000007,-0.2707534689703728,7.105427357601002e-15,ok
United Kingdom,GBR,Health,0.819,0.8219019281396112,0.0029019281396112095,4125639.0,ilo_calibrated,0.016032752152547933,29.91,29.639246531029627,29.910000000000007,-0.2707534689703728,7.105427357601002e-15,ok
United Kingdom,GBR,Retail,0.876,0.877988061266916,0.0019880612669159747,1557781.0,ilo_calibrated,0.016032752152547933,29.91,29.639246531029627,29.910000000000007,-0.2707534689703728,7.105427357601002e-15,ok
United Kingdom,GBR,Security,0.846,0.8484690438314924,0.002469043831492379,613576.0,ilo_calibrated,0.016032752152547933,29.91,29.639246531029627,29.910000000000007,-0.2707534689703728,7.105427357601002e-15,ok
United Kingdom,GBR,Transport,0.869,0.8711002905319838,0.002100290531983795,1075104.0,ilo_calibrated,0.016032752152547933,29.91,29.639246531029627,29.910000000000007,-0.2707534689703728,7.105427357601002e-15,ok
United Kingdom,GBR,Manual,0.335,0.3456617801814444,0.010661780181444369,3472338.0,ilo_calibrated,0.016032752152547933,29.91,29.639246531029627,29.910000000000007,-0.2707534689703728,7.105427357601002e-15,ok
United Kingdom,GBR,Cleaning,0.485,0.49325686735856217,0.008256867358562181,930156.0,ilo_calibrated,0.016032752152547933,29.91,29.639246531029627,29.910000000000007,-0.2707534689703728,7.105427357601002e-15,ok
United Kingdom,GBR,Tech,0.32,0.3309022714637326,0.010902271463732571,2232801.0,ilo_calibrated,0.016032752152547933,29.91,29.639246531029627,29.910000000000007,-0.2707534689703728,7.105427357601002e-15,ok
United Kingdom,GBR,ArmedForces,0.4,0.4,0.0,85484.0,ilo_calibrated,0.016032752152547933,29.91,29.639246531029627,29.910000000000007,-0.2707534689703728,7.105427357601002e-15,ok
Georgia,GEO,Food,0.895,0.8501336647252817,-0.04486633527471828,693349.0,ilo_calibrated,0.050129983547171214,55.98,58.92143457187867,55.98000000000002,2.9414345718786734,2.1316282072803006e-14,ok
Georgia,GEO,Health,0.819,0.7779435434748667,-0.041056456525133234,80313.0,ilo_calibrated,0.050129983547171214,55.98,58.92143457187867,55.98000000000002,2.9414345718786734,2.1316282072803006e-14,ok
Georgia,GEO,Retail,0.876,0.832086134412678,-0.04391386558732202,111849.0,ilo_calibrated,0.050129983547171214,55.98,58.92143457187867,55.98000000000002,2.9414345718786734,2.1316282072803006e-14,ok
Georgia,GEO,Security,0.846,0.8035900339190931,-0.04240996608090686,47319.0,ilo_calibrated,0.050129983547171214,55.98,58.92143457187867,55.98000000000002,2.9414345718786734,2.1316282072803006e-14,ok
Georgia,GEO,Transport,0.869,0.8254370442975082,-0.0435629557024918,73065.0,ilo_calibrated,0.050129983547171214,55.98,58.92143457187867,55.98000000000002,2.9414345718786734,2.1316282072803006e-14,ok
Georgia,GEO,Manual,0.335,0.31820645551169763,-0.016793544488302392,174565.0,ilo_calibrated,0.050129983547171214,55.98,58.92143457187867,55.98000000000002,2.9414345718786734,2.1316282072803006e-14,ok
Georgia,GEO,Cleaning,0.485,0.46068695797962195,-0.02431304202037804,44355.0,ilo_calibrated,0.050129983547171214,55.98,58.92143457187867,55.98000000000002,2.9414345718786734,2.1316282072803006e-14,ok
Georgia,GEO,Tech,0.32,0.3039584052649052,-0.01604159473509481,72854.0,ilo_calibrated,0.050129983547171214,55.98,58.92143457187867,55.98000000000002,2.9414345718786734,2.1316282072803006e-14,ok
Georgia,GEO,ArmedForces,0.4,0.4,0.0,10358.0,ilo_calibrated,0.050129983547171214,55.98,58.92143457187867,55.98000000000002,2.9414345718786734,2.1316282072803006e-14,ok
Ghana,GHA,Food,0.895,0.9023897426732505,0.007389742673250432,5079243.0,ilo_calibrated,0.07037850165000424,67.96,66.30858465827644,67.96,-1.651415341723549,0.0,ok
Ghana,GHA,Health,0.819,0.8317385087986507,0.012738508798650794,150713.0,ilo_calibrated,0.07037850165000424,67.96,66.30858465827644,67.96,-1.651415341723549,0.0,ok
Ghana,GHA,Retail,0.876,0.8847269342046006,0.008726934204600578,2138322.0,ilo_calibrated,0.07037850165000424,67.96,66.30858465827644,67.96,-1.651415341723549,0.0,ok
Ghana,GHA,Security,0.846,0.8568382892541007,0.010838289254100686,135847.0,ilo_calibrated,0.07037850165000424,67.96,66.30858465827644,67.96,-1.651415341723549,0.0,ok
Ghana,GHA,Transport,0.869,0.8782195837161505,0.009219583716150503,419868.0,ilo_calibrated,0.07037850165000424,67.96,66.30858465827644,67.96,-1.651415341723549,0.0,ok
Ghana,GHA,Manual,0.335,0.38180170359725285,0.04680170359725283,2364870.0,ilo_calibrated,0.07037850165000424,67.96,66.30858465827644,67.96,-1.651415341723549,0.0,ok
Ghana,GHA,Cleaning,0.485,0.5212449283497522,0.03624492834975224,167095.0,ilo_calibrated,0.07037850165000424,67.96,66.30858465827644,67.96,-1.651415341723549,0.0,ok
Ghana,GHA,Tech,0.32,0.3678573811220029,0.047857381122002884,412279.0,ilo_calibrated,0.07037850165000424,67.96,66.30858465827644,67.96,-1.651415341723549,0.0,ok
Ghana,GHA,ArmedForces,0.4,0.4,0.0,0.0,ilo_calibrated,0.07037850165000424,67.96,66.30858465827644,67.96,-1.651415341723549,0.0,ok
Gibraltar,GIB,Food,0.895,0.8086034489763045,-0.08639655102369548,,,0.09653245924435251,,,,,,
Gibraltar,GIB,Health,0.819,0.7399399158788753,-0.07906008412112464,,,0.09653245924435251,,,,,,
Gibraltar,GIB,Retail,0.876,0.7914375657019472,-0.08456243429805277,,,0.09653245924435251,,,,,,
Gibraltar,GIB,Security,0.846,0.7643335394792777,-0.08166646052072224,,,0.09653245924435251,,,,,,
Gibraltar,GIB,Transport,0.869,0.7851132929166577,-0.08388670708334234,,,0.09653245924435251,,,,,,
Gibraltar,GIB,Manual,0.335,0.3026616261531419,-0.032338373846858115,,,0.09653245924435251,,,,,,
Gibraltar,GIB,Cleaning,0.485,0.438181757266489,-0.046818242733510984,,,0.09653245924435251,,,,,,
Gibraltar,GIB,Tech,0.32,0.2891096130418072,-0.030890386958192795,,,0.09653245924435251,,,,,,
Gibraltar,GIB,ArmedForces,0.4,0.4,0.0,,,0.09653245924435251,,,,,,
Guinea,GIN,Food,0.895,0.895,0.0,1268796.0,global_fallback,0.0,,70.77707794758886,70.77707794758886,,,global_fallback
Guinea,GIN,Health,0.819,0.819,0.0,44849.0,global_fallback,0.0,,70.77707794758886,70.77707794758886,,,global_fallback
Guinea,GIN,Retail,0.876,0.876,0.0,870419.0,global_fallback,0.0,,70.77707794758886,70.77707794758886,,,global_fallback
Guinea,GIN,Security,0.846,0.846,0.0,14162.0,global_fallback,0.0,,70.77707794758886,70.77707794758886,,,global_fallback
Guinea,GIN,Transport,0.869,0.869,0.0,76756.0,global_fallback,0.0,,70.77707794758886,70.77707794758886,,,global_fallback
Guinea,GIN,Manual,0.335,0.335,0.0,415269.0,global_fallback,0.0,,70.77707794758886,70.77707794758886,,,global_fallback
Guinea,GIN,Cleaning,0.485,0.485,0.0,69591.0,global_fallback,0.0,,70.77707794758886,70.77707794758886,,,global_fallback
Guinea,GIN,Tech,0.32,0.32,0.0,181178.0,global_fallback,0.0,,70.77707794758886,70.77707794758886,,,global_fallback
Guinea,GIN,ArmedForces,0.4,0.4,0.0,32550.0,global_fallback,0.0,,70.77707794758886,70.77707794758886,,,global_fallback
Gambia,GMB,Food,0.895,0.9216504219365154,0.026650421936515345,171616.0,ilo_calibrated,0.25381354225252734,70.33,63.709859209170816,70.33000000000001,-6.620140790829183,1.4210854715202004e-14,ok
Gambia,GMB,Health,0.819,0.8649402511477075,0.0459402511477075,9014.0,ilo_calibrated,0.25381354225252734,70.33,63.709859209170816,70.33000000000001,-6.620140790829183,1.4210854715202004e-14,ok
Gambia,GMB,Retail,0.876,0.9074728792393134,0.03147287923931341,162148.0,ilo_calibrated,0.25381354225252734,70.33,63.709859209170816,70.33000000000001,-6.620140790829183,1.4210854715202004e-14,ok
Gambia,GMB,Security,0.846,0.8850872855068892,0.039087285506889224,10431.0,ilo_calibrated,0.25381354225252734,70.33,63.709859209170816,70.33000000000001,-6.620140790829183,1.4210854715202004e-14,ok
Gambia,GMB,Transport,0.869,0.9022495740350811,0.03324957403508111,23990.0,ilo_calibrated,0.25381354225252734,70.33,63.709859209170816,70.33000000000001,-6.620140790829183,1.4210854715202004e-14,ok
Gambia,GMB,Manual,0.335,0.5037860055979307,0.16878600559793072,129054.0,ilo_calibrated,0.25381354225252734,70.33,63.709859209170816,70.33000000000001,-6.620140790829183,1.4210854715202004e-14,ok
Gambia,GMB,Cleaning,0.485,0.6157139742600516,0.1307139742600516,20912.0,ilo_calibrated,0.25381354225252734,70.33,63.709859209170816,70.33000000000001,-6.620140790829183,1.4210854715202004e-14,ok
Gambia,GMB,Tech,0.32,0.4925932087317186,0.17259320873171857,31542.0,ilo_calibrated,0.25381354225252734,70.33,63.709859209170816,70.33000000000001,-6.620140790829183,1.4210854715202004e-14,ok
Gambia,GMB,ArmedForces,0.4,0.4,0.0,2187.0,ilo_calibrated,0.25381354225252734,70.33,63.709859209170816,70.33000000000001,-6.620140790829183,1.4210854715202004e-14,ok
Guinea-Bissau,GNB,Food,0.895,0.895,0.0,446994.0,global_fallback,0.0,,77.00467814066184,77.00467814066184,,,global_fallback
Guinea-Bissau,GNB,Health,0.819,0.819,0.0,6922.0,global_fallback,0.0,,77.00467814066184,77.00467814066184,,,global_fallback
Guinea-Bissau,GNB,Retail,0.876,0.876,0.0,99535.0,global_fallback,0.0,,77.00467814066184,77.00467814066184,,,global_fallback
Guinea-Bissau,GNB,Security,0.846,0.846,0.0,7384.0,global_fallback,0.0,,77.00467814066184,77.00467814066184,,,global_fallback
Guinea-Bissau,GNB,Transport,0.869,0.869,0.0,15621.0,global_fallback,0.0,,77.00467814066184,77.00467814066184,,,global_fallback
Guinea-Bissau,GNB,Manual,0.335,0.335,0.0,60064.0,global_fallback,0.0,,77.00467814066184,77.00467814066184,,,global_fallback
Guinea-Bissau,GNB,Cleaning,0.485,0.485,0.0,13133.0,global_fallback,0.0,,77.00467814066184,77.00467814066184,,,global_fallback
Guinea-Bissau,GNB,Tech,0.32,0.32,0.0,18163.0,global_fallback,0.0,,77.00467814066184,77.00467814066184,,,global_fallback
Guinea-Bissau,GNB,ArmedForces,0.4,0.4,0.0,7148.0,global_fallback,0.0,,77.00467814066184,77.00467814066184,,,global_fallback
Equatorial Guinea,GNQ,Food,0.895,0.9152249949195186,0.02022499491951857,,,0.7981547498083774,,,,,,
Equatorial Guinea,GNQ,Health,0.819,0.8538640388612653,0.03486403886126532,,,0.7981547498083774,,,,,,
Equatorial Guinea,GNQ,Retail,0.876,0.8998847559049552,0.0238847559049552,,,0.7981547498083774,,,,,,
Equatorial Guinea,GNQ,Security,0.846,0.8756633258819605,0.029663325881960523,,,0.7981547498083774,,,,,,
Equatorial Guinea,GNQ,Transport,0.869,0.8942330888995897,0.02523308889958975,,,0.7981547498083774,,,,,,
Equatorial Guinea,GNQ,Manual,0.335,0.463091634490284,0.128091634490284,,,0.7981547498083774,,,,,,
Equatorial Guinea,GNQ,Cleaning,0.485,0.5841987846052575,0.09919878460525755,,,0.7981547498083774,,,,,,
Equatorial Guinea,GNQ,Tech,0.32,0.45098091947878666,0.13098091947878665,,,0.7981547498083774,,,,,,
Equatorial Guinea,GNQ,ArmedForces,0.4,0.4,0.0,,,0.7981547498083774,,,,,,
Greece,GRC,Food,0.895,0.9036792211054132,0.008679221105413193,498990.0,ilo_calibrated,0.08265924862298334,43.28,41.551551839078556,43.28000000000001,-1.7284481609214453,7.105427357601002e-15,ok
Greece,GRC,Health,0.819,0.83396132400076,0.014961324000760001,239690.0,ilo_calibrated,0.08265924862298334,43.28,41.551551839078556,43.28000000000001,-1.7284481609214453,7.105427357601002e-15,ok
Greece,GRC,Retail,0.876,0.88624974682925,0.01024974682924995,555787.0,ilo_calibrated,0.08265924862298334,43.28,41.551551839078556,43.28000000000001,-1.7284481609214453,7.105427357601002e-15,ok
Greece,GRC,Security,0.846,0.8587295242879394,0.012729524287939387,98343.0,ilo_calibrated,0.08265924862298334,43.28,41.551551839078556,43.28000000000001,-1.7284481609214453,7.105427357601002e-15,ok
Greece,GRC,Transport,0.869,0.8798283615696109,0.010828361569610867,223764.0,ilo_calibrated,0.08265924862298334,43.28,41.551551839078556,43.28000000000001,-1.7284481609214453,7.105427357601002e-15,ok
Greece,GRC,Manual,0.335,0.3899684003342839,0.05496840033428391,547582.0,ilo_calibrated,0.08265924862298334,43.28,41.551551839078556,43.28000000000001,-1.7284481609214453,7.105427357601002e-15,ok
Greece,GRC,Cleaning,0.485,0.5275695130408364,0.04256951304083645,144580.0,ilo_calibrated,0.08265924862298334,43.28,41.551551839078556,43.28000000000001,-1.7284481609214453,7.105427357601002e-15,ok
Greece,GRC,Tech,0.32,0.3762082890636287,0.05620828906362868,362499.0,ilo_calibrated,0.08265924862298334,43.28,41.551551839078556,43.28000000000001,-1.7284481609214453,7.105427357601002e-15,ok
Greece,GRC,ArmedForces,0.4,0.4,0.0,0.0,ilo_calibrated,0.08265924862298334,43.28,41.551551839078556,43.28000000000001,-1.7284481609214453,7.105427357601002e-15,ok
Grenada,GRD,Food,0.895,0.895,0.0,4379.0,global_fallback,0.0,,30.22223262926504,30.22223262926504,,,global_fallback
Grenada,GRD,Health,0.819,0.819,0.0,2196.0,global_fallback,0.0,,30.22223262926504,30.22223262926504,,,global_fallback
Grenada,GRD,Retail,0.876,0.876,0.0,3376.0,global_fallback,0.0,,30.22223262926504,30.22223262926504,,,global_fallback
Grenada,GRD,Security,0.846,0.846,0.0,1851.0,global_fallback,0.0,,30.22223262926504,30.22223262926504,,,global_fallback
Grenada,GRD,Transport,0.869,0.869,0.0,1175.0,global_fallback,0.0,,30.22223262926504,30.22223262926504,,,global_fallback
Grenada,GRD,Manual,0.335,0.335,0.0,6690.0,global_fallback,0.0,,30.22223262926504,30.22223262926504,,,global_fallback
Grenada,GRD,Cleaning,0.485,0.485,0.0,1993.0,global_fallback,0.0,,30.22223262926504,30.22223262926504,,,global_fallback
Grenada,GRD,Tech,0.32,0.32,0.0,3604.0,global_fallback,0.0,,30.22223262926504,30.22223262926504,,,global_fallback
Grenada,GRD,ArmedForces,0.4,0.4,0.0,469.0,global_fallback,0.0,,30.22223262926504,30.22223262926504,,,global_fallback
Greenland,GRL,Food,0.895,0.895,0.0,,global_fallback,0.0,,,,,,global_fallback
Greenland,GRL,Health,0.819,0.819,0.0,,global_fallback,0.0,,,,,,global_fallback
Greenland,GRL,Retail,0.876,0.876,0.0,,global_fallback,0.0,,,,,,global_fallback
Greenland,GRL,Security,0.846,0.846,0.0,,global_fallback,0.0,,,,,,global_fallback
Greenland,GRL,Transport,0.869,0.869,0.0,,global_fallback,0.0,,,,,,global_fallback
Greenland,GRL,Manual,0.335,0.335,0.0,,global_fallback,0.0,,,,,,global_fallback
Greenland,GRL,Cleaning,0.485,0.485,0.0,,global_fallback,0.0,,,,,,global_fallback
Greenland,GRL,Tech,0.32,0.32,0.0,,global_fallback,0.0,,,,,,global_fallback
Greenland,GRL,ArmedForces,0.4,0.4,0.0,,global_fallback,0.0,,,,,,global_fallback
Guatemala,GTM,Food,0.895,0.9146507935102156,0.01965079351021559,2277984.0,ilo_calibrated,0.18715041438300573,66.17,60.61982627428264,66.17,-5.5501737257173644,0.0,ok
Guatemala,GTM,Health,0.819,0.852874225003324,0.03387422500332404,127710.0,ilo_calibrated,0.18715041438300573,66.17,60.61982627428264,66.17,-5.5501737257173644,0.0,ok
Guatemala,GTM,Retail,0.876,0.8992066513834928,0.02320665138349276,1309500.0,ilo_calibrated,0.18715041438300573,66.17,60.61982627428264,66.17,-5.5501737257173644,0.0,ok
Guatemala,GTM,Security,0.846,0.8748211638149829,0.028821163814982897,126147.0,ilo_calibrated,0.18715041438300573,66.17,60.61982627428264,66.17,-5.5501737257173644,0.0,ok
Guatemala,GTM,Transport,0.869,0.8935167042841737,0.02451670428417374,296088.0,ilo_calibrated,0.18715041438300573,66.17,60.61982627428264,66.17,-5.5501737257173644,0.0,ok
Guatemala,GTM,Manual,0.335,0.45945502556469886,0.12445502556469884,1913569.0,ilo_calibrated,0.18715041438300573,66.17,60.61982627428264,66.17,-5.5501737257173644,0.0,ok
Guatemala,GTM,Cleaning,0.485,0.581382463407248,0.09638246340724799,675606.0,ilo_calibrated,0.18715041438300573,66.17,60.61982627428264,66.17,-5.5501737257173644,0.0,ok
Guatemala,GTM,Tech,0.32,0.4472622817804439,0.1272622817804439,305909.0,ilo_calibrated,0.18715041438300573,66.17,60.61982627428264,66.17,-5.5501737257173644,0.0,ok
Guatemala,GTM,ArmedForces,0.4,0.4,0.0,8768.0,ilo_calibrated,0.18715041438300573,66.17,60.61982627428264,66.17,-5.5501737257173644,0.0,ok
Guam,GUM,Food,0.895,0.7924409214729351,-0.10255907852706492,,neighbour_backfill,0.11459114919225129,,,,,,
Guam,GUM,Health,0.819,0.7251498488115461,-0.09385015118845386,,neighbour_backfill,0.11459114919225129,,,,,,
Guam,GUM,Retail,0.876,0.7756181533075879,-0.10038184669241212,,neighbour_backfill,0.11459114919225129,,,,,,
Guam,GUM,Security,0.846,0.7490558877833553,-0.09694411221664467,,neighbour_backfill,0.11459114919225129,,,,,,
Guam,GUM,Transport,0.869,0.7694202913519336,-0.09957970864806642,,neighbour_backfill,0.11459114919225129,,,,,,
Guam,GUM,Manual,0.335,0.29661196502059584,-0.038388034979404184,,neighbour_backfill,0.11459114919225129,,,,,,
Guam,GUM,Cleaning,0.485,0.4294232926417581,-0.055576707358241884,,neighbour_backfill,0.11459114919225129,,,,,,
Guam,GUM,Tech,0.32,0.28333083225847955,-0.03666916774152046,,neighbour_backfill,0.11459114919225129,,,,,,
Guam,GUM,ArmedForces,0.4,0.4,0.0,,neighbour_backfill,0.11459114919225129,,,,,,
Guyana,GUY,Food,0.895,0.9058766094915515,0.010876609491551448,34794.0,ilo_calibrated,0.10358675706239427,54.54,51.792272941673986,54.54,-2.7477270583260136,0.0,ok
Guyana,GUY,Health,0.819,0.8377492030282934,0.018749203028293415,7848.0,ilo_calibrated,0.10358675706239427,54.54,51.792272941673986,54.54,-2.7477270583260136,0.0,ok
Guyana,GUY,Retail,0.876,0.8888447578757369,0.012844757875736912,36564.0,ilo_calibrated,0.10358675706239427,54.54,51.792272941673986,54.54,-2.7477270583260136,0.0,ok
Guyana,GUY,Security,0.846,0.8619523605876087,0.015952360587608738,15588.0,ilo_calibrated,0.10358675706239427,54.54,51.792272941673986,54.54,-2.7477270583260136,0.0,ok
Guyana,GUY,Transport,0.869,0.8825698651751737,0.013569865175173668,17518.0,ilo_calibrated,0.10358675706239427,54.54,51.792272941673986,54.54,-2.7477270583260136,0.0,ok
Guyana,GUY,Manual,0.335,0.4038851934464922,0.06888519344649219,45016.0,ilo_calibrated,0.10358675706239427,54.54,51.792272941673986,54.54,-2.7477270583260136,0.0,ok
Guyana,GUY,Cleaning,0.485,0.538347179887133,0.053347179887133,15261.0,ilo_calibrated,0.10358675706239427,54.54,51.792272941673986,54.54,-2.7477270583260136,0.0,ok
Guyana,GUY,Tech,0.32,0.3904389948024281,0.0704389948024281,19318.0,ilo_calibrated,0.10358675706239427,54.54,51.792272941673986,54.54,-2.7477270583260136,0.0,ok
Guyana,GUY,ArmedForces,0.4,0.4,0.0,1748.0,ilo_calibrated,0.10358675706239427,54.54,51.792272941673986,54.54,-2.7477270583260136,0.0,ok
Hong Kong,HKG,Food,0.895,0.890618468425946,-0.004381531574053965,,,0.004895566004529593,,,,,,
Hong Kong,HKG,Health,0.819,0.8149905314422903,-0.004009468557709672,,,0.004895566004529593,,,,,,
Hong Kong,HKG,Retail,0.876,0.8717114841800321,-0.00428851581996792,,,0.004895566004529593,,,,,,
Hong Kong,HKG,Security,0.846,0.8418583511601679,-0.004141648839832035,,,0.004895566004529593,,,,,,
Hong Kong,HKG,Transport,0.869,0.8647457531420638,-0.004254246857936184,,,0.004895566004529593,,,,,,
Hong Kong,HKG,Manual,0.335,0.3333599853884826,-0.0016400146115174152,,,0.004895566004529593,,,,,,
Hong Kong,HKG,Cleaning,0.485,0.48262565048780315,-0.0023743495121968383,,,0.004895566004529593,,,,,,
Hong Kong,HKG,Tech,0.32,0.31843341887855053,-0.001566581121449473,,,0.004895566004529593,,,,,,
Hong Kong,HKG,ArmedForces,0.4,0.4,0.0,,,0.004895566004529593,,,,,,
Honduras,HND,Food,0.895,0.9057594658069821,0.01075946580698206,821070.0,ilo_calibrated,0.10247110292363852,58.33,55.373369887643776,58.329999999999984,-2.9566301123562226,-1.4210854715202004e-14,ok
Honduras,HND,Health,0.819,0.8375472696291786,0.01854726962917863,111123.0,ilo_calibrated,0.10247110292363852,58.33,55.373369887643776,58.329999999999984,-2.9566301123562226,-1.4210854715202004e-14,ok
Honduras,HND,Retail,0.876,0.8887064167625311,0.012706416762531147,666250.0,ilo_calibrated,0.10247110292363852,58.33,55.373369887643776,58.329999999999984,-2.9566301123562226,-1.4210854715202004e-14,ok
Honduras,HND,Security,0.846,0.8617805498502403,0.015780549850240355,84817.0,ilo_calibrated,0.10247110292363852,58.33,55.373369887643776,58.329999999999984,-2.9566301123562226,-1.4210854715202004e-14,ok
Honduras,HND,Transport,0.869,0.8824237144829966,0.013423714482996618,148366.0,ilo_calibrated,0.10247110292363852,58.33,55.373369887643776,58.329999999999984,-2.9566301123562226,-1.4210854715202004e-14,ok
Honduras,HND,Manual,0.335,0.4031432834442196,0.0681432834442196,851049.0,ilo_calibrated,0.10247110292363852,58.33,55.373369887643776,58.329999999999984,-2.9566301123562226,-1.4210854715202004e-14,ok
Honduras,HND,Cleaning,0.485,0.5377726180056738,0.05277261800567379,227622.0,ilo_calibrated,0.10247110292363852,58.33,55.373369887643776,58.329999999999984,-2.9566301123562226,-1.4210854715202004e-14,ok
Honduras,HND,Tech,0.32,0.3896803499880742,0.06968034998807421,278214.0,ilo_calibrated,0.10247110292363852,58.33,55.373369887643776,58.329999999999984,-2.9566301123562226,-1.4210854715202004e-14,ok
Honduras,HND,ArmedForces,0.4,0.4,0.0,11072.0,ilo_calibrated,0.10247110292363852,58.33,55.373369887643776,58.329999999999984,-2.9566301123562226,-1.4210854715202004e-14,ok
Croatia,HRV,Food,0.895,0.895,0.0,65060.0,global_fallback,0.0,,34.66148689695366,34.66148689695366,,,global_fallback
Croatia,HRV,Health,0.819,0.819,0.0,105018.0,global_fallback,0.0,,34.66148689695366,34.66148689695366,,,global_fallback
Croatia,HRV,Retail,0.876,0.876,0.0,130911.00000000001,global_fallback,0.0,,34.66148689695366,34.66148689695366,,,global_fallback
Croatia,HRV,Security,0.846,0.846,0.0,41576.0,global_fallback,0.0,,34.66148689695366,34.66148689695366,,,global_fallback
Croatia,HRV,Transport,0.869,0.869,0.0,88688.0,global_fallback,0.0,,34.66148689695366,34.66148689695366,,,global_fallback
Croatia,HRV,Manual,0.335,0.335,0.0,298477.0,global_fallback,0.0,,34.66148689695366,34.66148689695366,,,global_fallback
Croatia,HRV,Cleaning,0.485,0.485,0.0,63625.0,global_fallback,0.0,,34.66148689695366,34.66148689695366,,,global_fallback
Croatia,HRV,Tech,0.32,0.32,0.0,171039.0,global_fallback,0.0,,34.66148689695366,34.66148689695366,,,global_fallback
Croatia,HRV,ArmedForces,0.4,0.4,0.0,11746.0,global_fallback,0.0,,34.66148689695366,34.66148689695366,,,global_fallback
Haiti,HTI,Food,0.895,0.9057594658069821,0.01075946580698206,,neighbour_backfill,0.10247110292363852,,,,,,
Haiti,HTI,Health,0.819,0.8375472696291786,0.01854726962917863,,neighbour_backfill,0.10247110292363852,,,,,,
Haiti,HTI,Retail,0.876,0.8887064167625311,0.012706416762531147,,neighbour_backfill,0.10247110292363852,,,,,,
Haiti,HTI,Security,0.846,0.8617805498502403,0.015780549850240355,,neighbour_backfill,0.10247110292363852,,,,,,
Haiti,HTI,Transport,0.869,0.8824237144829966,0.013423714482996618,,neighbour_backfill,0.10247110292363852,,,,,,
Haiti,HTI,Manual,0.335,0.4031432834442196,0.0681432834442196,,neighbour_backfill,0.10247110292363852,,,,,,
Haiti,HTI,Cleaning,0.485,0.5377726180056738,0.05277261800567379,,neighbour_backfill,0.10247110292363852,,,,,,
Haiti,HTI,Tech,0.32,0.3896803499880742,0.06968034998807421,,neighbour_backfill,0.10247110292363852,,,,,,
Haiti,HTI,ArmedForces,0.4,0.4,0.0,,neighbour_backfill,0.10247110292363852,,,,,,
Hungary,HUN,Food,0.895,0.895,0.0,220898.0,global_fallback,0.0,,33.8210847689483,33.8210847689483,,,global_fallback
Hungary,HUN,Health,0.819,0.819,0.0,269681.0,global_fallback,0.0,,33.8210847689483,33.8210847689483,,,global_fallback
Hungary,HUN,Retail,0.876,0.876,0.0,314871.0,global_fallback,0.0,,33.8210847689483,33.8210847689483,,,global_fallback
Hungary,HUN,Security,0.846,0.846,0.0,102087.0,global_fallback,0.0,,33.8210847689483,33.8210847689483,,,global_fallback
Hungary,HUN,Transport,0.869,0.869,0.0,257355.00000000003,global_fallback,0.0,,33.8210847689483,33.8210847689483,,,global_fallback
Hungary,HUN,Manual,0.335,0.335,0.0,1138828.0,global_fallback,0.0,,33.8210847689483,33.8210847689483,,,global_fallback
Hungary,HUN,Cleaning,0.485,0.485,0.0,175580.0,global_fallback,0.0,,33.8210847689483,33.8210847689483,,,global_fallback
Hungary,HUN,Tech,0.32,0.32,0.0,352204.0,global_fallback,0.0,,33.8210847689483,33.8210847689483,,,global_fallback
Hungary,HUN,ArmedForces,0.4,0.4,0.0,23585.0,global_fallback,0.0,,33.8210847689483,33.8210847689483,,,global_fallback
Indonesia,IDN,Food,0.895,0.895,0.0,39603865.0,global_fallback,0.0,,60.270507740441545,60.270507740441545,,,global_fallback
Indonesia,IDN,Health,0.819,0.819,0.0,2550793.0,global_fallback,0.0,,60.270507740441545,60.270507740441545,,,global_fallback
Indonesia,IDN,Retail,0.876,0.876,0.0,27194132.0,global_fallback,0.0,,60.270507740441545,60.270507740441545,,,global_fallback
Indonesia,IDN,Security,0.846,0.846,0.0,1863669.0,global_fallback,0.0,,60.270507740441545,60.270507740441545,,,global_fallback
Indonesia,IDN,Transport,0.869,0.869,0.0,5734924.0,global_fallback,0.0,,60.270507740441545,60.270507740441545,,,global_fallback
Indonesia,IDN,Manual,0.335,0.335,0.0,29268563.0,global_fallback,0.0,,60.270507740441545,60.270507740441545,,,global_fallback
Indonesia,IDN,Cleaning,0.485,0.485,0.0,6928436.0,global_fallback,0.0,,60.270507740441545,60.270507740441545,,,global_fallback
Indonesia,IDN,Tech,0.32,0.32,0.0,8199841.0,global_fallback,0.0,,60.270507740441545,60.270507740441545,,,global_fallback
Indonesia,IDN,ArmedForces,0.4,0.4,0.0,539969.0,global_fallback,0.0,,60.270507740441545,60.270507740441545,,,global_fallback
Isle of Man,IMN,Food,0.895,0.8966834389760175,0.0016834389760175261,,neighbour_backfill,0.016032752152547933,,,,,,
Isle of Man,IMN,Health,0.819,0.8219019281396112,0.0029019281396112095,,neighbour_backfill,0.016032752152547933,,,,,,
Isle of Man,IMN,Retail,0.876,0.877988061266916,0.0019880612669159747,,neighbour_backfill,0.016032752152547933,,,,,,
Isle of Man,IMN,Security,0.846,0.8484690438314924,0.002469043831492379,,neighbour_backfill,0.016032752152547933,,,,,,
Isle of Man,IMN,Transport,0.869,0.8711002905319838,0.002100290531983795,,neighbour_backfill,0.016032752152547933,,,,,,
Isle of Man,IMN,Manual,0.335,0.3456617801814444,0.010661780181444369,,neighbour_backfill,0.016032752152547933,,,,,,
Isle of Man,IMN,Cleaning,0.485,0.49325686735856217,0.008256867358562181,,neighbour_backfill,0.016032752152547933,,,,,,
Isle of Man,IMN,Tech,0.32,0.3309022714637326,0.010902271463732571,,neighbour_backfill,0.016032752152547933,,,,,,
Isle of Man,IMN,ArmedForces,0.4,0.4,0.0,,neighbour_backfill,0.016032752152547933,,,,,,
India,IND,Food,0.895,0.890618468425946,-0.004381531574053965,204185916.0,ilo_calibrated,0.004895566004529593,61.81,62.11408359605536,61.81000000000001,0.3040835960553565,7.105427357601002e-15,ok
India,IND,Health,0.819,0.8149905314422903,-0.004009468557709672,6092628.0,ilo_calibrated,0.004895566004529593,61.81,62.11408359605536,61.81000000000001,0.3040835960553565,7.105427357601002e-15,ok
India,IND,Retail,0.876,0.8717114841800321,-0.00428851581996792,44491924.0,ilo_calibrated,0.004895566004529593,61.81,62.11408359605536,61.81000000000001,0.3040835960553565,7.105427357601002e-15,ok
India,IND,Security,0.846,0.8418583511601679,-0.004141648839832035,5180325.0,ilo_calibrated,0.004895566004529593,61.81,62.11408359605536,61.81000000000001,0.3040835960553565,7.105427357601002e-15,ok
India,IND,Transport,0.869,0.8647457531420638,-0.004254246857936184,21690857.0,ilo_calibrated,0.004895566004529593,61.81,62.11408359605536,61.81000000000001,0.3040835960553565,7.105427357601002e-15,ok
India,IND,Manual,0.335,0.3333599853884826,-0.0016400146115174152,117039642.0,ilo_calibrated,0.004895566004529593,61.81,62.11408359605536,61.81000000000001,0.3040835960553565,7.105427357601002e-15,ok
India,IND,Cleaning,0.485,0.48262565048780315,-0.0023743495121968383,11089851.0,ilo_calibrated,0.004895566004529593,61.81,62.11408359605536,61.81000000000001,0.3040835960553565,7.105427357601002e-15,ok
India,IND,Tech,0.32,0.31843341887855053,-0.001566581121449473,16727011.0,ilo_calibrated,0.004895566004529593,61.81,62.11408359605536,61.81000000000001,0.3040835960553565,7.105427357601002e-15,ok
India,IND,ArmedForces,0.4,0.4,0.0,0.0,ilo_calibrated,0.004895566004529593,61.81,62.11408359605536,61.81000000000001,0.3040835960553565,7.105427357601002e-15,ok
Ireland,IRL,Food,0.895,0.895,0.0,167576.0,global_fallback,0.0,,32.52046468477114,32.52046468477114,,,global_fallback
Ireland,IRL,Health,0.819,0.819,0.0,318732.0,global_fallback,0.0,,32.52046468477114,32.52046468477114,,,global_fallback
Ireland,IRL,Retail,0.876,0.876,0.0,162391.0,global_fallback,0.0,,32.52046468477114,32.52046468477114,,,global_fallback
Ireland,IRL,Security,0.846,0.846,0.0,37946.0,global_fallback,0.0,,32.52046468477114,32.52046468477114,,,global_fallback
Ireland,IRL,Transport,0.869,0.869,0.0,77902.0,global_fallback,0.0,,32.52046468477114,32.52046468477114,,,global_fallback
Ireland,IRL,Manual,0.335,0.335,0.0,336758.0,global_fallback,0.0,,32.52046468477114,32.52046468477114,,,global_fallback
Ireland,IRL,Cleaning,0.485,0.485,0.0,75304.0,global_fallback,0.0,,32.52046468477114,32.52046468477114,,,global_fallback
Ireland,IRL,Tech,0.32,0.32,0.0,254443.0,global_fallback,0.0,,32.52046468477114,32.52046468477114,,,global_fallback
Ireland,IRL,ArmedForces,0.4,0.4,0.0,8416.0,global_fallback,0.0,,32.52046468477114,32.52046468477114,,,global_fallback
Iran,IRN,Food,0.895,0.8884842537919141,-0.006515746208085926,3278740.0,ilo_calibrated,0.007280163360989901,47.85,48.1953993104399,47.85,0.3453993104399018,0.0,ok
Iran,IRN,Health,0.819,0.8130375462073492,-0.0059624537926507015,593064.0,ilo_calibrated,0.007280163360989901,47.85,48.1953993104399,47.85,0.3453993104399018,0.0,ok
Iran,IRN,Retail,0.876,0.8696225768957728,-0.006377423104227176,2916991.0,ilo_calibrated,0.007280163360989901,47.85,48.1953993104399,47.85,0.3453993104399018,0.0,ok
Iran,IRN,Security,0.846,0.8398409817966025,-0.006159018203397482,300427.0,ilo_calibrated,0.007280163360989901,47.85,48.1953993104399,47.85,0.3453993104399018,0.0,ok
Iran,IRN,Transport,0.869,0.8626735380392998,-0.0063264619607001915,2557388.0,ilo_calibrated,0.007280163360989901,47.85,48.1953993104399,47.85,0.3453993104399018,0.0,ok
Iran,IRN,Manual,0.335,0.3325611452740684,-0.0024388547259316384,7436650.0,ilo_calibrated,0.007280163360989901,47.85,48.1953993104399,47.85,0.3453993104399018,0.0,ok
Iran,IRN,Cleaning,0.485,0.4814691207699199,-0.0035308792300801084,526822.0,ilo_calibrated,0.007280163360989901,47.85,48.1953993104399,47.85,0.3453993104399018,0.0,ok
Iran,IRN,Tech,0.32,0.3176703477244832,-0.0023296522755167914,997268.0,ilo_calibrated,0.007280163360989901,47.85,48.1953993104399,47.85,0.3453993104399018,0.0,ok
Iran,IRN,ArmedForces,0.4,0.4,0.0,456105.0,ilo_calibrated,0.007280163360989901,47.85,48.1953993104399,47.85,0.3453993104399018,0.0,ok
Iraq,IRQ,Food,0.895,0.895,0.0,787482.0,global_fallback,0.0,,49.65198560767438,49.65198560767438,,,global_fallback
Iraq,IRQ,Health,0.819,0.819,0.0,237197.0,global_fallback,0.0,,49.65198560767438,49.65198560767438,,,global_fallback
Iraq,IRQ,Retail,0.876,0.876,0.0,981028.0,global_fallback,0.0,,49.65198560767438,49.65198560767438,,,global_fallback
Iraq,IRQ,Security,0.846,0.846,0.0,752061.0,global_fallback,0.0,,49.65198560767438,49.65198560767438,,,global_fallback
Iraq,IRQ,Transport,0.869,0.869,0.0,870461.0,global_fallback,0.0,,49.65198560767438,49.65198560767438,,,global_fallback
Iraq,IRQ,Manual,0.335,0.335,0.0,1994964.0,global_fallback,0.0,,49.65198560767438,49.65198560767438,,,global_fallback
Iraq,IRQ,Cleaning,0.485,0.485,0.0,242452.0,global_fallback,0.0,,49.65198560767438,49.65198560767438,,,global_fallback
Iraq,IRQ,Tech,0.32,0.32,0.0,603063.0,global_fallback,0.0,,49.65198560767438,49.65198560767438,,,global_fallback
Iraq,IRQ,ArmedForces,0.4,0.4,0.0,443157.0,global_fallback,0.0,,49.65198560767438,49.65198560767438,,,global_fallback
Iceland,ISL,Food,0.895,0.895,0.0,9069.0,global_fallback,0.0,,31.986844028451717,31.986844028451717,,,global_fallback
Iceland,ISL,Health,0.819,0.819,0.0,25093.0,global_fallback,0.0,,31.986844028451717,31.986844028451717,,,global_fallback
Iceland,ISL,Retail,0.876,0.876,0.0,16140.999999999998,global_fallback,0.0,,31.986844028451717,31.986844028451717,,,global_fallback
Iceland,ISL,Security,0.846,0.846,0.0,3723.0,global_fallback,0.0,,31.986844028451717,31.986844028451717,,,global_fallback
Iceland,ISL,Transport,0.869,0.869,0.0,8684.0,global_fallback,0.0,,31.986844028451717,31.986844028451717,,,global_fallback
Iceland,ISL,Manual,0.335,0.335,0.0,28853.0,global_fallback,0.0,,31.986844028451717,31.986844028451717,,,global_fallback
Iceland,ISL,Cleaning,0.485,0.485,0.0,4130.0,global_fallback,0.0,,31.986844028451717,31.986844028451717,,,global_fallback
Iceland,ISL,Tech,0.32,0.32,0.0,16549.0,global_fallback,0.0,,31.986844028451717,31.986844028451717,,,global_fallback
Iceland,ISL,ArmedForces,0.4,0.4,0.0,0.0,global_fallback,0.0,,31.986844028451717,31.986844028451717,,,global_fallback
Israel,ISR,Food,0.895,0.8270369906872197,-0.06796300931278032,53678.0,ilo_calibrated,0.07593632325450315,23.97,25.939770822310702,23.969999999999995,1.9697708223107036,-3.552713678800501e-15,ok
Israel,ISR,Health,0.819,0.7568081512545619,-0.06219184874543804,484898.0,ilo_calibrated,0.07593632325450315,23.97,25.939770822310702,23.969999999999995,1.9697708223107036,-3.552713678800501e-15,ok
Israel,ISR,Retail,0.876,0.8094797808290553,-0.06652021917094475,206061.0,ilo_calibrated,0.07593632325450315,23.97,25.939770822310702,23.969999999999995,1.9697708223107036,-3.552713678800501e-15,ok
Israel,ISR,Security,0.846,0.7817578705266903,-0.06424212947330965,83615.0,ilo_calibrated,0.07593632325450315,23.97,25.939770822310702,23.969999999999995,1.9697708223107036,-3.552713678800501e-15,ok
Israel,ISR,Transport,0.869,0.8030113350918368,-0.06598866490816324,174546.0,ilo_calibrated,0.07593632325450315,23.97,25.939770822310702,23.969999999999995,1.9697708223107036,-3.552713678800501e-15,ok
Israel,ISR,Manual,0.335,0.3095613317097415,-0.025438668290258537,416627.0,ilo_calibrated,0.07593632325450315,23.97,25.939770822310702,23.969999999999995,1.9697708223107036,-3.552713678800501e-15,ok
Israel,ISR,Cleaning,0.485,0.44817088322156595,-0.036829116778434035,85483.0,ilo_calibrated,0.07593632325450315,23.97,25.939770822310702,23.969999999999995,1.9697708223107036,-3.552713678800501e-15,ok
Israel,ISR,Tech,0.32,0.295700376558559,-0.024299623441440987,277178.0,ilo_calibrated,0.07593632325450315,23.97,25.939770822310702,23.969999999999995,1.9697708223107036,-3.552713678800501e-15,ok
Israel,ISR,ArmedForces,0.4,0.4,0.0,0.0,ilo_calibrated,0.07593632325450315,23.97,25.939770822310702,23.969999999999995,1.9697708223107036,-3.552713678800501e-15,ok
Italy,ITA,Food,0.895,0.895,0.0,1012413.0,global_fallback,0.0,,33.86084070078699,33.86084070078699,,,global_fallback
Italy,ITA,Health,0.819,0.819,0.0,1937579.0,global_fallback,0.0,,33.86084070078699,33.86084070078699,,,global_fallback
Italy,ITA,Retail,0.876,0.876,0.0,1769001.0,global_fallback,0.0,,33.86084070078699,33.86084070078699,,,global_fallback
Italy,ITA,Security,0.846,0.846,0.0,294688.0,global_fallback,0.0,,33.86084070078699,33.86084070078699,,,global_fallback
Italy,ITA,Transport,0.869,0.869,0.0,741039.0,global_fallback,0.0,,33.86084070078699,33.86084070078699,,,global_fallback
Italy,ITA,Manual,0.335,0.335,0.0,4399478.0,global_fallback,0.0,,33.86084070078699,33.86084070078699,,,global_fallback
Italy,ITA,Cleaning,0.485,0.485,0.0,1421414.0,global_fallback,0.0,,33.86084070078699,33.86084070078699,,,global_fallback
Italy,ITA,Tech,0.32,0.32,0.0,2489861.0,global_fallback,0.0,,33.86084070078699,33.86084070078699,,,global_fallback
Italy,ITA,ArmedForces,0.4,0.4,0.0,221253.0,global_fallback,0.0,,33.86084070078699,33.86084070078699,,,global_fallback
Jamaica,JAM,Food,0.895,0.8043011015881826,-0.09069889841181744,,neighbour_backfill,0.10133955129811999,,,,,,
Jamaica,JAM,Health,0.819,0.7360029074868397,-0.08299709251316023,,neighbour_backfill,0.10133955129811999,,,,,,
Jamaica,JAM,Retail,0.876,0.7872265530628468,-0.08877344693715317,,neighbour_backfill,0.10133955129811999,,,,,,
Jamaica,JAM,Security,0.846,0.7602667396017905,-0.0857332603982095,,neighbour_backfill,0.10133955129811999,,,,,,
Jamaica,JAM,Transport,0.869,0.7809359299219337,-0.08806407007806627,,neighbour_backfill,0.10133955129811999,,,,,,
Jamaica,JAM,Manual,0.335,0.3010512503151298,-0.033948749684870216,,neighbour_backfill,0.10133955129811999,,,,,,
Jamaica,JAM,Cleaning,0.485,0.43585031762041176,-0.04914968237958822,,neighbour_backfill,0.10133955129811999,,,,,,
Jamaica,JAM,Tech,0.32,0.2875713435846016,-0.03242865641539838,,neighbour_backfill,0.10133955129811999,,,,,,
Jamaica,JAM,ArmedForces,0.4,0.4,0.0,,neighbour_backfill,0.10133955129811999,,,,,,
Jordan,JOR,Food,0.895,0.9118208673937426,0.016820867393742556,71657.0,ilo_calibrated,0.16019873708326252,48.29,42.497486461540035,48.29000000000001,-5.792513538459964,1.4210854715202004e-14,ok
Jordan,JOR,Health,0.819,0.8479959714120705,0.028995971412070554,84262.0,ilo_calibrated,0.16019873708326252,48.29,42.497486461540035,48.29000000000001,-5.792513538459964,1.4210854715202004e-14,ok
Jordan,JOR,Retail,0.876,0.8958646433983245,0.0198646433983245,201094.0,ilo_calibrated,0.16019873708326252,48.29,42.497486461540035,48.29000000000001,-5.792513538459964,1.4210854715202004e-14,ok
Jordan,JOR,Security,0.846,0.8706706055108224,0.024670605510822452,287620.0,ilo_calibrated,0.16019873708326252,48.29,42.497486461540035,48.29000000000001,-5.792513538459964,1.4210854715202004e-14,ok
Jordan,JOR,Transport,0.869,0.8899860345579074,0.020986034557907374,131640.0,ilo_calibrated,0.16019873708326252,48.29,42.497486461540035,48.29000000000001,-5.792513538459964,1.4210854715202004e-14,ok
Jordan,JOR,Manual,0.335,0.4415321601603696,0.1065321601603696,421025.0,ilo_calibrated,0.16019873708326252,48.29,42.497486461540035,48.29000000000001,-5.792513538459964,1.4210854715202004e-14,ok
Jordan,JOR,Cleaning,0.485,0.5675023495978802,0.08250234959788016,316803.0,ilo_calibrated,0.16019873708326252,48.29,42.497486461540035,48.29000000000001,-5.792513538459964,1.4210854715202004e-14,ok
Jordan,JOR,Tech,0.32,0.4289351412166185,0.10893514121661851,652084.0,ilo_calibrated,0.16019873708326252,48.29,42.497486461540035,48.29000000000001,-5.792513538459964,1.4210854715202004e-14,ok
Jordan,JOR,ArmedForces,0.4,0.4,0.0,0.0,ilo_calibrated,0.16019873708326252,48.29,42.497486461540035,48.29000000000001,-5.792513538459964,1.4210854715202004e-14,ok
Japan,JPN,Food,0.895,0.895,0.0,1955104.0,global_fallback,0.0,,33.88040725016243,33.88040725016243,,,global_fallback
Japan,JPN,Health,0.819,0.819,0.0,6382009.0,global_fallback,0.0,,33.88040725016243,33.88040725016243,,,global_fallback
Japan,JPN,Retail,0.876,0.876,0.0,3265367.0,global_fallback,0.0,,33.88040725016243,33.88040725016243,,,global_fallback
Japan,JPN,Security,0.846,0.846,0.0,1195358.0,global_fallback,0.0,,33.88040725016243,33.88040725016243,,,global_fallback
Japan,JPN,Transport,0.869,0.869,0.0,2143700.0,global_fallback,0.0,,33.88040725016243,33.88040725016243,,,global_fallback
Japan,JPN,Manual,0.335,0.335,0.0,13480741.0,global_fallback,0.0,,33.88040725016243,33.88040725016243,,,global_fallback
Japan,JPN,Cleaning,0.485,0.485,0.0,2801378.0,global_fallback,0.0,,33.88040725016243,33.88040725016243,,,global_fallback
Japan,JPN,Tech,0.32,0.32,0.0,12700665.0,global_fallback,0.0,,33.88040725016243,33.88040725016243,,,global_fallback
Japan,JPN,ArmedForces,0.4,0.4,0.0,0.0,global_fallback,0.0,,33.88040725016243,33.88040725016243,,,global_fallback
Kazakhstan,KAZ,Food,0.895,0.8501336647252817,-0.04486633527471828,,,0.050129983547171214,,,,,,
Kazakhstan,KAZ,Health,0.819,0.7779435434748667,-0.041056456525133234,,,0.050129983547171214,,,,,,
Kazakhstan,KAZ,Retail,0.876,0.832086134412678,-0.04391386558732202,,,0.050129983547171214,,,,,,
Kazakhstan,KAZ,Security,0.846,0.8035900339190931,-0.04240996608090686,,,0.050129983547171214,,,,,,
Kazakhstan,KAZ,Transport,0.869,0.8254370442975082,-0.0435629557024918,,,0.050129983547171214,,,,,,
Kazakhstan,KAZ,Manual,0.335,0.31820645551169763,-0.016793544488302392,,,0.050129983547171214,,,,,,
Kazakhstan,KAZ,Cleaning,0.485,0.46068695797962195,-0.02431304202037804,,,0.050129983547171214,,,,,,
Kazakhstan,KAZ,Tech,0.32,0.3039584052649052,-0.01604159473509481,,,0.050129983547171214,,,,,,
Kazakhstan,KAZ,ArmedForces,0.4,0.4,0.0,,,0.050129983547171214,,,,,,
Kenya,KEN,Food,0.895,0.9292231776152192,0.0342231776152192,7532471.0,ilo_calibrated,0.3259350249068493,62.94,56.63286428278869,62.940000000000005,-6.30713571721131,7.105427357601002e-15,ok
Kenya,KEN,Health,0.819,0.8779942395081397,0.058994239508139756,729258.0,ilo_calibrated,0.3259350249068493,62.94,56.63286428278869,62.940000000000005,-6.30713571721131,7.105427357601002e-15,ok
Kenya,KEN,Retail,0.876,0.9164159430884493,0.04041594308844931,557138.0,ilo_calibrated,0.3259350249068493,62.94,56.63286428278869,62.940000000000005,-6.30713571721131,7.105427357601002e-15,ok
Kenya,KEN,Security,0.846,0.8961939938356548,0.050193993835654815,56465.0,ilo_calibrated,0.3259350249068493,62.94,56.63286428278869,62.940000000000005,-6.30713571721131,7.105427357601002e-15,ok
Kenya,KEN,Transport,0.869,0.9116974882627973,0.04269748826279729,28877.0,ilo_calibrated,0.3259350249068493,62.94,56.63286428278869,62.940000000000005,-6.30713571721131,7.105427357601002e-15,ok
Kenya,KEN,Manual,0.335,0.5517467915630548,0.21674679156305482,1408626.0,ilo_calibrated,0.3259350249068493,62.94,56.63286428278869,62.940000000000005,-6.30713571721131,7.105427357601002e-15,ok
Kenya,KEN,Cleaning,0.485,0.6528565378270274,0.16785653782702736,1968365.0,ilo_calibrated,0.3259350249068493,62.94,56.63286428278869,62.940000000000005,-6.30713571721131,7.105427357601002e-15,ok
Kenya,KEN,Tech,0.32,0.5416358169366575,0.22163581693665751,423530.0,ilo_calibrated,0.3259350249068493,62.94,56.63286428278869,62.940000000000005,-6.30713571721131,7.105427357601002e-15,ok
Kenya,KEN,ArmedForces,0.4,0.4,0.0,72454.0,ilo_calibrated,0.3259350249068493,62.94,56.63286428278869,62.940000000000005,-6.30713571721131,7.105427357601002e-15,ok
Kyrgyz Republic,KGZ,Food,0.895,0.9017487113396139,0.006748711339613855,456246.0,ilo_calibrated,0.06427344132965572,53.75,51.8347158281542,53.74999999999998,-1.9152841718457978,-2.1316282072803006e-14,ok
Kyrgyz Republic,KGZ,Health,0.819,0.8306334928806677,0.011633492880667728,102339.0,ilo_calibrated,0.06427344132965572,53.75,51.8347158281542,53.74999999999998,-1.9152841718457978,-2.1316282072803006e-14,ok
Kyrgyz Republic,KGZ,Retail,0.876,0.8839699067248773,0.007969906724877296,250952.0,ilo_calibrated,0.06427344132965572,53.75,51.8347158281542,53.74999999999998,-1.9152841718457978,-2.1316282072803006e-14,ok
Kyrgyz Republic,KGZ,Security,0.846,0.855898109964767,0.009898109964767032,75516.0,ilo_calibrated,0.06427344132965572,53.75,51.8347158281542,53.74999999999998,-1.9152841718457978,-2.1316282072803006e-14,ok
Kyrgyz Republic,KGZ,Transport,0.869,0.8774198208141849,0.008419820814184908,244189.0,ilo_calibrated,0.06427344132965572,53.75,51.8347158281542,53.74999999999998,-1.9152841718457978,-2.1316282072803006e-14,ok
Kyrgyz Republic,KGZ,Manual,0.335,0.37774183848422105,0.04274183848422103,582242.0,ilo_calibrated,0.06427344132965572,53.75,51.8347158281542,53.74999999999998,-1.9152841718457978,-2.1316282072803006e-14,ok
Kyrgyz Republic,KGZ,Cleaning,0.485,0.5181008222847727,0.033100822284772735,180523.0,ilo_calibrated,0.06427344132965572,53.75,51.8347158281542,53.74999999999998,-1.9152841718457978,-2.1316282072803006e-14,ok
Kyrgyz Republic,KGZ,Tech,0.32,0.3637059401041659,0.0437059401041659,222071.0,ilo_calibrated,0.06427344132965572,53.75,51.8347158281542,53.74999999999998,-1.9152841718457978,-2.1316282072803006e-14,ok
Kyrgyz Republic,KGZ,ArmedForces,0.4,0.4,0.0,4286.0,ilo_calibrated,0.06427344132965572,53.75,51.8347158281542,53.74999999999998,-1.9152841718457978,-2.1316282072803006e-14,ok
Cambodia,KHM,Food,0.895,0.8325428755099068,-0.06245712449009322,3412419.0,ilo_calibrated,0.06978449663697561,58.05,62.3880051933681,58.05000000000001,4.3380051933681045,1.4210854715202004e-14,ok
Cambodia,KHM,Health,0.819,0.761846497254317,-0.05715350274568298,68542.0,ilo_calibrated,0.06978449663697561,58.05,62.3880051933681,58.05000000000001,4.3380051933681045,1.4210854715202004e-14,ok
Cambodia,KHM,Retail,0.876,0.8148687809460093,-0.06113121905399066,1657640.0,ilo_calibrated,0.06978449663697561,58.05,62.3880051933681,58.05000000000001,4.3380051933681045,1.4210854715202004e-14,ok
Cambodia,KHM,Security,0.846,0.7869623158451186,-0.05903768415488142,144301.0,ilo_calibrated,0.06978449663697561,58.05,62.3880051933681,58.05000000000001,4.3380051933681045,1.4210854715202004e-14,ok
Cambodia,KHM,Transport,0.869,0.8083572724224682,-0.06064272757753175,331926.0,ilo_calibrated,0.06978449663697561,58.05,62.3880051933681,58.05000000000001,4.3380051933681045,1.4210854715202004e-14,ok
Cambodia,KHM,Manual,0.335,0.3116221936266132,-0.023377806373386822,2763042.0,ilo_calibrated,0.06978449663697561,58.05,62.3880051933681,58.05000000000001,4.3380051933681045,1.4210854715202004e-14,ok
Cambodia,KHM,Cleaning,0.485,0.4511545191310668,-0.033845480868933187,130755.0,ilo_calibrated,0.06978449663697561,58.05,62.3880051933681,58.05000000000001,4.3380051933681045,1.4210854715202004e-14,ok
Cambodia,KHM,Tech,0.32,0.2976689610761678,-0.022331038923832203,321528.0,ilo_calibrated,0.06978449663697561,58.05,62.3880051933681,58.05000000000001,4.3380051933681045,1.4210854715202004e-14,ok
Cambodia,KHM,ArmedForces,0.4,0.4,0.0,54910.0,ilo_calibrated,0.06978449663697561,58.05,62.3880051933681,58.05000000000001,4.3380051933681045,1.4210854715202004e-14,ok
Kiribati,KIR,Food,0.895,0.926127784702986,0.03112778470298594,9365.0,ilo_calibrated,0.29645509240938955,60.15,52.06715153048318,60.14999999999999,-8.082848469516819,-7.105427357601002e-15,ok
Kiribati,KIR,Health,0.819,0.8726583717260995,0.05365837172609955,1078.0,ilo_calibrated,0.29645509240938955,60.15,52.06715153048318,60.14999999999999,-8.082848469516819,-7.105427357601002e-15,ok
Kiribati,KIR,Retail,0.876,0.9127604314587643,0.03676043145876429,4302.0,ilo_calibrated,0.29645509240938955,60.15,52.06715153048318,60.14999999999999,-8.082848469516819,-7.105427357601002e-15,ok
Kiribati,KIR,Security,0.846,0.891654084231046,0.045654084231046,2378.0,ilo_calibrated,0.29645509240938955,60.15,52.06715153048318,60.14999999999999,-8.082848469516819,-7.105427357601002e-15,ok
Kiribati,KIR,Transport,0.869,0.90783561710563,0.038835617105629994,1167.0,ilo_calibrated,0.29645509240938955,60.15,52.06715153048318,60.14999999999999,-8.082848469516819,-7.105427357601002e-15,ok
Kiribati,KIR,Manual,0.335,0.5321426364522441,0.1971426364522441,10131.0,ilo_calibrated,0.29645509240938955,60.15,52.06715153048318,60.14999999999999,-8.082848469516819,-7.105427357601002e-15,ok
Kiribati,KIR,Cleaning,0.485,0.6376743725908356,0.1526743725908356,1144.0,ilo_calibrated,0.29645509240938955,60.15,52.06715153048318,60.14999999999999,-8.082848469516819,-7.105427357601002e-15,ok
Kiribati,KIR,Tech,0.32,0.5215894628383849,0.20158946283838491,1795.0,ilo_calibrated,0.29645509240938955,60.15,52.06715153048318,60.14999999999999,-8.082848469516819,-7.105427357601002e-15,ok
Kiribati,KIR,ArmedForces,0.4,0.4,0.0,0.0,ilo_calibrated,0.29645509240938955,60.15,52.06715153048318,60.14999999999999,-8.082848469516819,-7.105427357601002e-15,ok
St. Kitts and Nevis,KNA,Food,0.895,0.9549699380516873,0.059969938051687266,,,0.5711422671589265,,,,,,
St. Kitts and Nevis,KNA,Health,0.819,0.9223767503557656,0.10337675035576566,,,0.5711422671589265,,,,,,
St. Kitts and Nevis,KNA,Retail,0.876,0.9468216411277068,0.07082164112770684,,,0.5711422671589265,,,,,,
St. Kitts and Nevis,KNA,Security,0.846,0.9339559091424746,0.08795590914247464,,,0.5711422671589265,,,,,,
St. Kitts and Nevis,KNA,Transport,0.869,0.9438196369978193,0.07481963699781935,,,0.5711422671589265,,,,,,
St. Kitts and Nevis,KNA,Manual,0.335,0.7148096076606861,0.3798096076606861,,,0.5711422671589265,,,,,,
St. Kitts and Nevis,KNA,Cleaning,0.485,0.7791382675868471,0.29413826758684714,,,0.5711422671589265,,,,,,
St. Kitts and Nevis,KNA,Tech,0.32,0.70837674166807,0.38837674166806996,,,0.5711422671589265,,,,,,
St. Kitts and Nevis,KNA,ArmedForces,0.4,0.4,0.0,,,0.5711422671589265,,,,,,
South Korea,KOR,Food,0.895,0.890618468425946,-0.004381531574053965,,,0.004895566004529593,,,,,,
South Korea,KOR,Health,0.819,0.8149905314422903,-0.004009468557709672,,,0.004895566004529593,,,,,,
South Korea,KOR,Retail,0.876,0.8717114841800321,-0.00428851581996792,,,0.004895566004529593,,,,,,
South Korea,KOR,Security,0.846,0.8418583511601679,-0.004141648839832035,,,0.004895566004529593,,,,,,
South Korea,KOR,Transport,0.869,0.8647457531420638,-0.004254246857936184,,,0.004895566004529593,,,,,,
South Korea,KOR,Manual,0.335,0.3333599853884826,-0.0016400146115174152,,,0.004895566004529593,,,,,,
South Korea,KOR,Cleaning,0.485,0.48262565048780315,-0.0023743495121968383,,,0.004895566004529593,,,,,,
South Korea,KOR,Tech,0.32,0.31843341887855053,-0.001566581121449473,,,0.004895566004529593,,,,,,
South Korea,KOR,ArmedForces,0.4,0.4,0.0,,,0.004895566004529593,,,,,,
Kuwait,KWT,Food,0.895,0.895,0.0,,global_fallback,0.0,,,,,,global_fallback
Kuwait,KWT,Health,0.819,0.819,0.0,,global_fallback,0.0,,,,,,global_fallback
Kuwait,KWT,Retail,0.876,0.876,0.0,,global_fallback,0.0,,,,,,global_fallback
Kuwait,KWT,Security,0.846,0.846,0.0,,global_fallback,0.0,,,,,,global_fallback
Kuwait,KWT,Transport,0.869,0.869,0.0,,global_fallback,0.0,,,,,,global_fallback
Kuwait,KWT,Manual,0.335,0.335,0.0,,global_fallback,0.0,,,,,,global_fallback
Kuwait,KWT,Cleaning,0.485,0.485,0.0,,global_fallback,0.0,,,,,,global_fallback
Kuwait,KWT,Tech,0.32,0.32,0.0,,global_fallback,0.0,,,,,,global_fallback
Kuwait,KWT,ArmedForces,0.4,0.4,0.0,,global_fallback,0.0,,,,,,global_fallback
Laos,LAO,Food,0.895,0.6692135435141373,-0.2257864564858627,2264558.0,ilo_calibrated,0.2522753703752656,56.96,75.72656641953958,56.96,18.76656641953958,0.0,ok
Laos,LAO,Health,0.819,0.6123864716626575,-0.20661352833734248,12379.0,ilo_calibrated,0.2522753703752656,56.96,75.72656641953958,56.96,18.76656641953958,0.0,ok
Laos,LAO,Retail,0.876,0.6550067755512673,-0.2209932244487327,370300.0,ilo_calibrated,0.2522753703752656,56.96,75.72656641953958,56.96,18.76656641953958,0.0,ok
Laos,LAO,Security,0.846,0.6325750366625252,-0.21342496333747474,28374.0,ilo_calibrated,0.2522753703752656,56.96,75.72656641953958,56.96,18.76656641953958,0.0,ok
Laos,LAO,Transport,0.869,0.6497727031438942,-0.21922729685610576,54053.0,ilo_calibrated,0.2522753703752656,56.96,75.72656641953958,56.96,18.76656641953958,0.0,ok
Laos,LAO,Manual,0.335,0.25048775092428605,-0.08451224907571397,451623.0,ilo_calibrated,0.2522753703752656,56.96,75.72656641953958,56.96,18.76656641953958,0.0,ok
Laos,LAO,Cleaning,0.485,0.3626464453679962,-0.12235355463200381,42097.0,ilo_calibrated,0.2522753703752656,56.96,75.72656641953958,56.96,18.76656641953958,0.0,ok
Laos,LAO,Tech,0.32,0.23927188147991502,-0.08072811852008499,20387.0,ilo_calibrated,0.2522753703752656,56.96,75.72656641953958,56.96,18.76656641953958,0.0,ok
Laos,LAO,ArmedForces,0.4,0.4,0.0,117328.0,ilo_calibrated,0.2522753703752656,56.96,75.72656641953958,56.96,18.76656641953958,0.0,ok
Lebanon,LBN,Food,0.895,0.7442179732701363,-0.15078202672986374,68137.0,ilo_calibrated,0.1684715382456579,34.99,41.71767925729211,34.99,6.72767925729211,0.0,ok
Lebanon,LBN,Health,0.819,0.6810218101768062,-0.13797818982319376,68453.0,ilo_calibrated,0.1684715382456579,34.99,41.71767925729211,34.99,6.72767925729211,0.0,ok
Lebanon,LBN,Retail,0.876,0.7284189324968037,-0.14758106750319633,160417.0,ilo_calibrated,0.1684715382456579,34.99,41.71767925729211,34.99,6.72767925729211,0.0,ok
Lebanon,LBN,Security,0.846,0.7034730786441734,-0.14252692135582656,57929.0,ilo_calibrated,0.1684715382456579,34.99,41.71767925729211,34.99,6.72767925729211,0.0,ok
Lebanon,LBN,Transport,0.869,0.7225982332645233,-0.14640176673547667,128596.0,ilo_calibrated,0.1684715382456579,34.99,41.71767925729211,34.99,6.72767925729211,0.0,ok
Lebanon,LBN,Manual,0.335,0.27856203468770463,-0.05643796531229539,331492.0,ilo_calibrated,0.1684715382456579,34.99,41.71767925729211,34.99,6.72767925729211,0.0,ok
Lebanon,LBN,Cleaning,0.485,0.40329130395085594,-0.08170869604914405,152953.0,ilo_calibrated,0.1684715382456579,34.99,41.71767925729211,34.99,6.72767925729211,0.0,ok
Lebanon,LBN,Tech,0.32,0.2660891077613895,-0.05391089223861051,103946.0,ilo_calibrated,0.1684715382456579,34.99,41.71767925729211,34.99,6.72767925729211,0.0,ok
Lebanon,LBN,ArmedForces,0.4,0.4,0.0,71126.0,ilo_calibrated,0.1684715382456579,34.99,41.71767925729211,34.99,6.72767925729211,0.0,ok
Liberia,LBR,Food,0.895,1.0,0.10499999999999998,237833.0,ilo_calibrated,1.0,68.48,40.29219975959124,51.38463084498659,-28.187800240408762,-17.095369155013415,infeasible_clipped
Liberia,LBR,Health,0.819,1.0,0.18100000000000005,15263.0,ilo_calibrated,1.0,68.48,40.29219975959124,51.38463084498659,-28.187800240408762,-17.095369155013415,infeasible_clipped
Liberia,LBR,Retail,0.876,1.0,0.124,132613.0,ilo_calibrated,1.0,68.48,40.29219975959124,51.38463084498659,-28.187800240408762,-17.095369155013415,infeasible_clipped
Liberia,LBR,Security,0.846,1.0,0.15400000000000003,20405.0,ilo_calibrated,1.0,68.48,40.29219975959124,51.38463084498659,-28.187800240408762,-17.095369155013415,infeasible_clipped
Liberia,LBR,Transport,0.869,1.0,0.131,20658.0,ilo_calibrated,1.0,68.48,40.29219975959124,51.38463084498659,-28.187800240408762,-17.095369155013415,infeasible_clipped
Liberia,LBR,Manual,0.335,1.0,0.665,45677.0,ilo_calibrated,1.0,68.48,40.29219975959124,51.38463084498659,-28.187800240408762,-17.095369155013415,infeasible_clipped
Liberia,LBR,Cleaning,0.485,1.0,0.515,29264.0,ilo_calibrated,1.0,68.48,40.29219975959124,51.38463084498659,-28.187800240408762,-17.095369155013415,infeasible_clipped
Liberia,LBR,Tech,0.32,1.0,0.6799999999999999,28415.0,ilo_calibrated,1.0,68.48,40.29219975959124,51.38463084498659,-28.187800240408762,-17.095369155013415,infeasible_clipped
Liberia,LBR,ArmedForces,0.4,0.4,0.0,4134.0,ilo_calibrated,1.0,68.48,40.29219975959124,51.38463084498659,-28.187800240408762,-17.095369155013415,infeasible_clipped
Libya,LBY,Food,0.895,0.8681457138286907,-0.02685428617130936,,neighbour_backfill,0.07386718937744773,,,,,,
Libya,LBY,Health,0.819,0.7977596202213766,-0.021240379778623364,,neighbour_backfill,0.07386718937744773,,,,,,
Libya,LBY,Retail,0.876,0.8505491904268622,-0.025450809573137834,,neighbour_backfill,0.07386718937744773,,,,,,
Libya,LBY,Security,0.846,0.8227652061081856,-0.023234793891814376,,neighbour_backfill,0.07386718937744773,,,,,,
Libya,LBY,Transport,0.869,0.8440662607525042,-0.024933739247495756,,neighbour_backfill,0.07386718937744773,,,,,,
Libya,LBY,Manual,0.335,0.3495113398800614,0.014511339880061369,,neighbour_backfill,0.07386718937744773,,,,,,
Libya,LBY,Cleaning,0.485,0.48843126147344423,0.003431261473444247,,neighbour_backfill,0.07386718937744773,,,,,,
Libya,LBY,Tech,0.32,0.33561934772072305,0.015619347720723042,,neighbour_backfill,0.07386718937744773,,,,,,
Libya,LBY,ArmedForces,0.4,0.4,0.0,,neighbour_backfill,0.07386718937744773,,,,,,
St. Lucia,LCA,Food,0.895,0.9549699380516873,0.059969938051687266,,,0.5711422671589265,,,,,,
St. Lucia,LCA,Health,0.819,0.9223767503557656,0.10337675035576566,,,0.5711422671589265,,,,,,
St. Lucia,LCA,Retail,0.876,0.9468216411277068,0.07082164112770684,,,0.5711422671589265,,,,,,
St. Lucia,LCA,Security,0.846,0.9339559091424746,0.08795590914247464,,,0.5711422671589265,,,,,,
St. Lucia,LCA,Transport,0.869,0.9438196369978193,0.07481963699781935,,,0.5711422671589265,,,,,,
St. Lucia,LCA,Manual,0.335,0.7148096076606861,0.3798096076606861,,,0.5711422671589265,,,,,,
St. Lucia,LCA,Cleaning,0.485,0.7791382675868471,0.29413826758684714,,,0.5711422671589265,,,,,,
St. Lucia,LCA,Tech,0.32,0.70837674166807,0.38837674166806996,,,0.5711422671589265,,,,,,
St. Lucia,LCA,ArmedForces,0.4,0.4,0.0,,,0.5711422671589265,,,,,,
Liechtenstein,LIE,Food,0.895,0.8086034489763045,-0.08639655102369548,,neighbour_backfill,0.09653245924435251,,,,,,
Liechtenstein,LIE,Health,0.819,0.7399399158788753,-0.07906008412112464,,neighbour_backfill,0.09653245924435251,,,,,,
Liechtenstein,LIE,Retail,0.876,0.7914375657019472,-0.08456243429805277,,neighbour_backfill,0.09653245924435251,,,,,,
Liechtenstein,LIE,Security,0.846,0.7643335394792777,-0.08166646052072224,,neighbour_backfill,0.09653245924435251,,,,,,
Liechtenstein,LIE,Transport,0.869,0.7851132929166577,-0.08388670708334234,,neighbour_backfill,0.09653245924435251,,,,,,
Liechtenstein,LIE,Manual,0.335,0.3026616261531419,-0.032338373846858115,,neighbour_backfill,0.09653245924435251,,,,,,
Liechtenstein,LIE,Cleaning,0.485,0.438181757266489,-0.046818242733510984,,neighbour_backfill,0.09653245924435251,,,,,,
Liechtenstein,LIE,Tech,0.32,0.2891096130418072,-0.030890386958192795,,neighbour_backfill,0.09653245924435251,,,,,,
Liechtenstein,LIE,ArmedForces,0.4,0.4,0.0,,neighbour_backfill,0.09653245924435251,,,,,,
Sri Lanka,LKA,Food,0.895,0.8196936847447133,-0.07530631525528675,2044430.0,ilo_calibrated,0.08414113436344883,46.5,50.75121398828705,46.5,4.2512139882870486,0.0,ok
Sri Lanka,LKA,Health,0.819,0.7500884109563354,-0.06891158904366457,146948.0,ilo_calibrated,0.08414113436344883,46.5,50.75121398828705,46.5,4.2512139882870486,0.0,ok
Sri Lanka,LKA,Retail,0.876,0.8022923662976188,-0.0737076337023812,672290.0,ilo_calibrated,0.08414113436344883,46.5,50.75121398828705,46.5,4.2512139882870486,0.0,ok
Sri Lanka,LKA,Security,0.846,0.7748166003285223,-0.07118339967147769,134852.0,ilo_calibrated,0.08414113436344883,46.5,50.75121398828705,46.5,4.2512139882870486,0.0,ok
Sri Lanka,LKA,Transport,0.869,0.795881354238163,-0.07311864576183702,499914.0,ilo_calibrated,0.08414113436344883,46.5,50.75121398828705,46.5,4.2512139882870486,0.0,ok
Sri Lanka,LKA,Manual,0.335,0.30681271998824466,-0.028187280011755356,1952562.0,ilo_calibrated,0.08414113436344883,46.5,50.75121398828705,46.5,4.2512139882870486,0.0,ok
Sri Lanka,LKA,Cleaning,0.485,0.44419154983372733,-0.04080845016627266,548969.0,ilo_calibrated,0.08414113436344883,46.5,50.75121398828705,46.5,4.2512139882870486,0.0,ok
Sri Lanka,LKA,Tech,0.32,0.29307483700369635,-0.026925162996303653,339735.0,ilo_calibrated,0.08414113436344883,46.5,50.75121398828705,46.5,4.2512139882870486,0.0,ok
Sri Lanka,LKA,ArmedForces,0.4,0.4,0.0,46119.0,ilo_calibrated,0.08414113436344883,46.5,50.75121398828705,46.5,4.2512139882870486,0.0,ok
Lesotho,LSO,Food,0.895,0.8677536699641432,-0.02724633003585686,210874.0,ilo_calibrated,0.030442826855705957,57.01,58.79508522841712,57.00999999999996,1.785085228417124,-3.552713678800501e-14,ok
Lesotho,LSO,Health,0.819,0.7940673248051767,-0.02493267519482323,12004.0,ilo_calibrated,0.030442826855705957,57.01,58.79508522841712,57.00999999999996,1.785085228417124,-3.552713678800501e-14,ok
Lesotho,LSO,Retail,0.876,0.8493320836744016,-0.026667916325598395,57603.0,ilo_calibrated,0.030442826855705957,57.01,58.79508522841712,57.00999999999996,1.785085228417124,-3.552713678800501e-14,ok
Lesotho,LSO,Security,0.846,0.8202453684800727,-0.025754631519927296,18363.0,ilo_calibrated,0.030442826855705957,57.01,58.79508522841712,57.00999999999996,1.785085228417124,-3.552713678800501e-14,ok
Lesotho,LSO,Transport,0.869,0.8425451834623915,-0.026454816537608505,22558.0,ilo_calibrated,0.030442826855705957,57.01,58.79508522841712,57.00999999999996,1.785085228417124,-3.552713678800501e-14,ok
Lesotho,LSO,Manual,0.335,0.3248016530033385,-0.0101983469966615,139134.0,ilo_calibrated,0.030442826855705957,57.01,58.79508522841712,57.00999999999996,1.785085228417124,-3.552713678800501e-14,ok
Lesotho,LSO,Cleaning,0.485,0.4702352289749826,-0.014764771025017387,76270.0,ilo_calibrated,0.030442826855705957,57.01,58.79508522841712,57.00999999999996,1.785085228417124,-3.552713678800501e-14,ok
Lesotho,LSO,Tech,0.32,0.3102582954061741,-0.009741704593825895,33460.0,ilo_calibrated,0.030442826855705957,57.01,58.79508522841712,57.00999999999996,1.785085228417124,-3.552713678800501e-14,ok
Lesotho,LSO,ArmedForces,0.4,0.4,0.0,2546.0,ilo_calibrated,0.030442826855705957,57.01,58.79508522841712,57.00999999999996,1.785085228417124,-3.552713678800501e-14,ok
Lithuania,LTU,Food,0.895,0.895,0.0,57684.0,global_fallback,0.0,,31.90086468909774,31.90086468909774,,,global_fallback
Lithuania,LTU,Health,0.819,0.819,0.0,93774.0,global_fallback,0.0,,31.90086468909774,31.90086468909774,,,global_fallback
Lithuania,LTU,Retail,0.876,0.876,0.0,80098.0,global_fallback,0.0,,31.90086468909774,31.90086468909774,,,global_fallback
Lithuania,LTU,Security,0.846,0.846,0.0,15829.0,global_fallback,0.0,,31.90086468909774,31.90086468909774,,,global_fallback
Lithuania,LTU,Transport,0.869,0.869,0.0,91628.0,global_fallback,0.0,,31.90086468909774,31.90086468909774,,,global_fallback
Lithuania,LTU,Manual,0.335,0.335,0.0,291198.0,global_fallback,0.0,,31.90086468909774,31.90086468909774,,,global_fallback
Lithuania,LTU,Cleaning,0.485,0.485,0.0,76759.0,global_fallback,0.0,,31.90086468909774,31.90086468909774,,,global_fallback
Lithuania,LTU,Tech,0.32,0.32,0.0,98317.0,global_fallback,0.0,,31.90086468909774,31.90086468909774,,,global_fallback
Lithuania,LTU,ArmedForces,0.4,0.4,0.0,4678.0,global_fallback,0.0,,31.90086468909774,31.90086468909774,,,global_fallback
Luxembourg,LUX,Food,0.895,0.895,0.0,6950.0,global_fallback,0.0,,19.983032070152102,19.983032070152102,,,global_fallback
Luxembourg,LUX,Health,0.819,0.819,0.0,20777.0,global_fallback,0.0,,19.983032070152102,19.983032070152102,,,global_fallback
Luxembourg,LUX,Retail,0.876,0.876,0.0,7823.0,global_fallback,0.0,,19.983032070152102,19.983032070152102,,,global_fallback
Luxembourg,LUX,Security,0.846,0.846,0.0,3996.0,global_fallback,0.0,,19.983032070152102,19.983032070152102,,,global_fallback
Luxembourg,LUX,Transport,0.869,0.869,0.0,9873.0,global_fallback,0.0,,19.983032070152102,19.983032070152102,,,global_fallback
Luxembourg,LUX,Manual,0.335,0.335,0.0,22070.0,global_fallback,0.0,,19.983032070152102,19.983032070152102,,,global_fallback
Luxembourg,LUX,Cleaning,0.485,0.485,0.0,18486.0,global_fallback,0.0,,19.983032070152102,19.983032070152102,,,global_fallback
Luxembourg,LUX,Tech,0.32,0.32,0.0,17622.0,global_fallback,0.0,,19.983032070152102,19.983032070152102,,,global_fallback
Luxembourg,LUX,ArmedForces,0.4,0.4,0.0,594.0,global_fallback,0.0,,19.983032070152102,19.983032070152102,,,global_fallback
Latvia,LVA,Food,0.895,0.895,0.0,34876.0,global_fallback,0.0,,31.925043067459423,31.925043067459423,,,global_fallback
Latvia,LVA,Health,0.819,0.819,0.0,56358.0,global_fallback,0.0,,31.925043067459423,31.925043067459423,,,global_fallback
Latvia,LVA,Retail,0.876,0.876,0.0,47840.0,global_fallback,0.0,,31.925043067459423,31.925043067459423,,,global_fallback
Latvia,LVA,Security,0.846,0.846,0.0,14236.0,global_fallback,0.0,,31.925043067459423,31.925043067459423,,,global_fallback
Latvia,LVA,Transport,0.869,0.869,0.0,60292.0,global_fallback,0.0,,31.925043067459423,31.925043067459423,,,global_fallback
Latvia,LVA,Manual,0.335,0.335,0.0,166825.0,global_fallback,0.0,,31.925043067459423,31.925043067459423,,,global_fallback
Latvia,LVA,Cleaning,0.485,0.485,0.0,41722.0,global_fallback,0.0,,31.925043067459423,31.925043067459423,,,global_fallback
Latvia,LVA,Tech,0.32,0.32,0.0,64976.0,global_fallback,0.0,,31.925043067459423,31.925043067459423,,,global_fallback
Latvia,LVA,ArmedForces,0.4,0.4,0.0,8663.0,global_fallback,0.0,,31.925043067459423,31.925043067459423,,,global_fallback
Macau,MAC,Food,0.895,0.890618468425946,-0.004381531574053965,,,0.004895566004529593,,,,,,
Macau,MAC,Health,0.819,0.8149905314422903,-0.004009468557709672,,,0.004895566004529593,,,,,,
Macau,MAC,Retail,0.876,0.8717114841800321,-0.00428851581996792,,,0.004895566004529593,,,,,,
Macau,MAC,Security,0.846,0.8418583511601679,-0.004141648839832035,,,0.004895566004529593,,,,,,
Macau,MAC,Transport,0.869,0.8647457531420638,-0.004254246857936184,,,0.004895566004529593,,,,,,
Macau,MAC,Manual,0.335,0.3333599853884826,-0.0016400146115174152,,,0.004895566004529593,,,,,,
Macau,MAC,Cleaning,0.485,0.48262565048780315,-0.0023743495121968383,,,0.004895566004529593,,,,,,
Macau,MAC,Tech,0.32,0.31843341887855053,-0.001566581121449473,,,0.004895566004529593,,,,,,
Macau,MAC,ArmedForces,0.4,0.4,0.0,,,0.004895566004529593,,,,,,
Saint-Martin,MAF,Food,0.895,0.9549699380516873,0.059969938051687266,,neighbour_backfill,0.5711422671589265,,,,,,
Saint-Martin,MAF,Health,0.819,0.9223767503557656,0.10337675035576566,,neighbour_backfill,0.5711422671589265,,,,,,
Saint-Martin,MAF,Retail,0.876,0.9468216411277068,0.07082164112770684,,neighbour_backfill,0.5711422671589265,,,,,,
Saint-Martin,MAF,Security,0.846,0.9339559091424746,0.08795590914247464,,neighbour_backfill,0.5711422671589265,,,,,,
Saint-Martin,MAF,Transport,0.869,0.9438196369978193,0.07481963699781935,,neighbour_backfill,0.5711422671589265,,,,,,
Saint-Martin,MAF,Manual,0.335,0.7148096076606861,0.3798096076606861,,neighbour_backfill,0.5711422671589265,,,,,,
Saint-Martin,MAF,Cleaning,0.485,0.7791382675868471,0.29413826758684714,,neighbour_backfill,0.5711422671589265,,,,,,
Saint-Martin,MAF,Tech,0.32,0.70837674166807,0.38837674166806996,,neighbour_backfill,0.5711422671589265,,,,,,
Saint-Martin,MAF,ArmedForces,0.4,0.4,0.0,,neighbour_backfill,0.5711422671589265,,,,,,
Morocco,MAR,Food,0.895,0.8681457138286907,-0.02685428617130936,,neighbour_backfill,0.07386718937744773,,,,,,
Morocco,MAR,Health,0.819,0.7977596202213766,-0.021240379778623364,,neighbour_backfill,0.07386718937744773,,,,,,
Morocco,MAR,Retail,0.876,0.8505491904268622,-0.025450809573137834,,neighbour_backfill,0.07386718937744773,,,,,,
Morocco,MAR,Security,0.846,0.8227652061081856,-0.023234793891814376,,neighbour_backfill,0.07386718937744773,,,,,,
Morocco,MAR,Transport,0.869,0.8440662607525042,-0.024933739247495756,,neighbour_backfill,0.07386718937744773,,,,,,
Morocco,MAR,Manual,0.335,0.3495113398800614,0.014511339880061369,,neighbour_backfill,0.07386718937744773,,,,,,
Morocco,MAR,Cleaning,0.485,0.48843126147344423,0.003431261473444247,,neighbour_backfill,0.07386718937744773,,,,,,
Morocco,MAR,Tech,0.32,0.33561934772072305,0.015619347720723042,,neighbour_backfill,0.07386718937744773,,,,,,
Morocco,MAR,ArmedForces,0.4,0.4,0.0,,neighbour_backfill,0.07386718937744773,,,,,,
Monaco,MCO,Food,0.895,0.8086034489763045,-0.08639655102369548,,neighbour_backfill,0.09653245924435251,,,,,,
Monaco,MCO,Health,0.819,0.7399399158788753,-0.07906008412112464,,neighbour_backfill,0.09653245924435251,,,,,,
Monaco,MCO,Retail,0.876,0.7914375657019472,-0.08456243429805277,,neighbour_backfill,0.09653245924435251,,,,,,
Monaco,MCO,Security,0.846,0.7643335394792777,-0.08166646052072224,,neighbour_backfill,0.09653245924435251,,,,,,
Monaco,MCO,Transport,0.869,0.7851132929166577,-0.08388670708334234,,neighbour_backfill,0.09653245924435251,,,,,,
Monaco,MCO,Manual,0.335,0.3026616261531419,-0.032338373846858115,,neighbour_backfill,0.09653245924435251,,,,,,
Monaco,MCO,Cleaning,0.485,0.438181757266489,-0.046818242733510984,,neighbour_backfill,0.09653245924435251,,,,,,
Monaco,MCO,Tech,0.32,0.2891096130418072,-0.030890386958192795,,neighbour_backfill,0.09653245924435251,,,,,,
Monaco,MCO,ArmedForces,0.4,0.4,0.0,,neighbour_backfill,0.09653245924435251,,,,,,
Moldova,MDA,Food,0.895,0.8364024665068817,-0.05859753349311836,,neighbour_backfill,0.0854778658538433,,,,,,
Moldova,MDA,Health,0.819,0.7668987843117737,-0.05210121568822623,,neighbour_backfill,0.0854778658538433,,,,,,
Moldova,MDA,Retail,0.876,0.8190265459581046,-0.056973454041895355,,neighbour_backfill,0.0854778658538433,,,,,,
Moldova,MDA,Security,0.846,0.7915908819337201,-0.054409118066279905,,neighbour_backfill,0.0854778658538433,,,,,,
Moldova,MDA,Transport,0.869,0.8126248910190816,-0.056375108980918354,,neighbour_backfill,0.0854778658538433,,,,,,
Moldova,MDA,Manual,0.335,0.32427007138503394,-0.010729928614966078,,neighbour_backfill,0.0854778658538433,,,,,,
Moldova,MDA,Cleaning,0.485,0.4614483915069574,-0.02355160849304261,,neighbour_backfill,0.0854778658538433,,,,,,
Moldova,MDA,Tech,0.32,0.3105522393728416,-0.009447760627158408,,neighbour_backfill,0.0854778658538433,,,,,,
Moldova,MDA,ArmedForces,0.4,0.4,0.0,,neighbour_backfill,0.0854778658538433,,,,,,
Madagascar,MDG,Food,0.895,0.9549699380516873,0.059969938051687266,8326554.0,ilo_calibrated,0.5711422671589265,86.82,75.71440188840576,86.82000000000002,-11.105598111594233,2.842170943040401e-14,ok
Madagascar,MDG,Health,0.819,0.9223767503557656,0.10337675035576566,56804.0,ilo_calibrated,0.5711422671589265,86.82,75.71440188840576,86.82000000000002,-11.105598111594233,2.842170943040401e-14,ok
Madagascar,MDG,Retail,0.876,0.9468216411277068,0.07082164112770684,654887.0,ilo_calibrated,0.5711422671589265,86.82,75.71440188840576,86.82000000000002,-11.105598111594233,2.842170943040401e-14,ok
Madagascar,MDG,Security,0.846,0.9339559091424746,0.08795590914247464,0.0,ilo_calibrated,0.5711422671589265,86.82,75.71440188840576,86.82000000000002,-11.105598111594233,2.842170943040401e-14,ok
Madagascar,MDG,Transport,0.869,0.9438196369978193,0.07481963699781935,108825.0,ilo_calibrated,0.5711422671589265,86.82,75.71440188840576,86.82000000000002,-11.105598111594233,2.842170943040401e-14,ok
Madagascar,MDG,Manual,0.335,0.7148096076606861,0.3798096076606861,1363687.0,ilo_calibrated,0.5711422671589265,86.82,75.71440188840576,86.82000000000002,-11.105598111594233,2.842170943040401e-14,ok
Madagascar,MDG,Cleaning,0.485,0.7791382675868471,0.29413826758684714,673325.0,ilo_calibrated,0.5711422671589265,86.82,75.71440188840576,86.82000000000002,-11.105598111594233,2.842170943040401e-14,ok
Madagascar,MDG,Tech,0.32,0.70837674166807,0.38837674166806996,112323.0,ilo_calibrated,0.5711422671589265,86.82,75.71440188840576,86.82000000000002,-11.105598111594233,2.842170943040401e-14,ok
Madagascar,MDG,ArmedForces,0.4,0.4,0.0,21369.0,ilo_calibrated,0.5711422671589265,86.82,75.71440188840576,86.82000000000002,-11.105598111594233,2.842170943040401e-14,ok
Maldives,MDV,Food,0.895,0.816252339192559,-0.078747660807441,42086.0,ilo_calibrated,0.08798621319267154,38.61,42.28552942091751,38.61,3.6755294209175133,0.0,ok
Maldives,MDV,Health,0.819,0.746939291395202,-0.07206070860479796,7793.0,ilo_calibrated,0.08798621319267154,38.61,42.28552942091751,38.61,3.6755294209175133,0.0,ok
Maldives,MDV,Retail,0.876,0.7989240772432198,-0.07707592275678021,11896.0,ilo_calibrated,0.08798621319267154,38.61,42.28552942091751,38.61,3.6755294209175133,0.0,ok
Maldives,MDV,Security,0.846,0.7715636636389999,-0.07443633636100011,5032.0,ilo_calibrated,0.08798621319267154,38.61,42.28552942091751,38.61,3.6755294209175133,0.0,ok
Maldives,MDV,Transport,0.869,0.7925399807355684,-0.07646001926443158,5415.0,ilo_calibrated,0.08798621319267154,38.61,42.28552942091751,38.61,3.6755294209175133,0.0,ok
Maldives,MDV,Manual,0.335,0.30552461858045504,-0.029475381419544977,19999.0,ilo_calibrated,0.08798621319267154,38.61,42.28552942091751,38.61,3.6755294209175133,0.0,ok
Maldives,MDV,Cleaning,0.485,0.4423266866015543,-0.04267331339844571,12270.0,ilo_calibrated,0.08798621319267154,38.61,42.28552942091751,38.61,3.6755294209175133,0.0,ok
Maldives,MDV,Tech,0.32,0.29184441177834514,-0.02815558822165487,13933.0,ilo_calibrated,0.08798621319267154,38.61,42.28552942091751,38.61,3.6755294209175133,0.0,ok
Maldives,MDV,ArmedForces,0.4,0.4,0.0,2466.0,ilo_calibrated,0.08798621319267154,38.61,42.28552942091751,38.61,3.6755294209175133,0.0,ok
Mexico,MEX,Food,0.895,0.9350972954439601,0.040097295443960124,7754289.0,ilo_calibrated,0.3818790042281917,58.69,47.54807939929704,58.69,-11.14192060070296,0.0,ok
Mexico,MEX,Health,0.819,0.8881200997653027,0.06912009976530276,1826919.0,ilo_calibrated,0.3818790042281917,58.69,47.54807939929704,58.69,-11.14192060070296,0.0,ok
Mexico,MEX,Retail,0.876,0.9233529965242958,0.04735299652429581,9169741.0,ilo_calibrated,0.3818790042281917,58.69,47.54807939929704,58.69,-11.14192060070296,0.0,ok
Mexico,MEX,Security,0.846,0.9048093666511415,0.05880936665114156,746819.0,ilo_calibrated,0.3818790042281917,58.69,47.54807939929704,58.69,-11.14192060070296,0.0,ok
Mexico,MEX,Transport,0.869,0.9190261495538932,0.05002614955389317,3560750.0,ilo_calibrated,0.3818790042281917,58.69,47.54807939929704,58.69,-11.14192060070296,0.0,ok
Mexico,MEX,Manual,0.335,0.5889495378117475,0.2539495378117475,14377743.0,ilo_calibrated,0.3818790042281917,58.69,47.54807939929704,58.69,-11.14192060070296,0.0,ok
Mexico,MEX,Cleaning,0.485,0.6816676871775187,0.1966676871775187,3541979.0,ilo_calibrated,0.3818790042281917,58.69,47.54807939929704,58.69,-11.14192060070296,0.0,ok
Mexico,MEX,Tech,0.32,0.5796777228751704,0.2596777228751704,4493131.0,ilo_calibrated,0.3818790042281917,58.69,47.54807939929704,58.69,-11.14192060070296,0.0,ok
Mexico,MEX,ArmedForces,0.4,0.4,0.0,81178.0,ilo_calibrated,0.3818790042281917,58.69,47.54807939929704,58.69,-11.14192060070296,0.0,ok
Marshall Islands,MHL,Food,0.895,0.8045869607743004,-0.09041303922569965,1595.0,ilo_calibrated,0.10102015555944094,37.88,42.08660792951542,37.88,4.206607929515414,0.0,ok
Marshall Islands,MHL,Health,0.819,0.7362644925968178,-0.08273550740318214,622.0,ilo_calibrated,0.10102015555944094,37.88,42.08660792951542,37.88,4.206607929515414,0.0,ok
Marshall Islands,MHL,Retail,0.876,0.7875063437299297,-0.08849365627007033,862.0,ilo_calibrated,0.10102015555944094,37.88,42.08660792951542,37.88,4.206607929515414,0.0,ok
Marshall Islands,MHL,Security,0.846,0.7605369483967129,-0.08546305160328704,781.0,ilo_calibrated,0.10102015555944094,37.88,42.08660792951542,37.88,4.206607929515414,0.0,ok
Marshall Islands,MHL,Transport,0.869,0.7812134848188458,-0.08778651518115421,523.0,ilo_calibrated,0.10102015555944094,37.88,42.08660792951542,37.88,4.206607929515414,0.0,ok
Marshall Islands,MHL,Manual,0.335,0.30115824788758727,-0.03384175211241275,2346.0,ilo_calibrated,0.10102015555944094,37.88,42.08660792951542,37.88,4.206607929515414,0.0,ok
Marshall Islands,MHL,Cleaning,0.485,0.43600522455367113,-0.04899477544632885,667.0,ilo_calibrated,0.10102015555944094,37.88,42.08660792951542,37.88,4.206607929515414,0.0,ok
Marshall Islands,MHL,Tech,0.32,0.2876735502209789,-0.032326449779021105,882.0,ilo_calibrated,0.10102015555944094,37.88,42.08660792951542,37.88,4.206607929515414,0.0,ok
Marshall Islands,MHL,ArmedForces,0.4,0.4,0.0,139.0,ilo_calibrated,0.10102015555944094,37.88,42.08660792951542,37.88,4.206607929515414,0.0,ok
North Macedonia,MKD,Food,0.895,0.9160286523735299,0.02102865237352991,57457.0,ilo_calibrated,0.20027287974790434,45.74,40.23706692218468,45.74000000000001,-5.502933077815321,7.105427357601002e-15,ok
North Macedonia,MKD,Health,0.819,0.8552493912343706,0.036249391234370654,41931.0,ilo_calibrated,0.20027287974790434,45.74,40.23706692218468,45.74000000000001,-5.502933077815321,7.105427357601002e-15,ok
North Macedonia,MKD,Retail,0.876,0.9008338370887401,0.024833837088740096,62666.0,ilo_calibrated,0.20027287974790434,45.74,40.23706692218468,45.74000000000001,-5.502933077815321,7.105427357601002e-15,ok
North Macedonia,MKD,Security,0.846,0.8768420234811772,0.03084202348117726,19518.0,ilo_calibrated,0.20027287974790434,45.74,40.23706692218468,45.74000000000001,-5.502933077815321,7.105427357601002e-15,ok
North Macedonia,MKD,Transport,0.869,0.8952357472469754,0.026235747246975416,34828.0,ilo_calibrated,0.20027287974790434,45.74,40.23706692218468,45.74000000000001,-5.502933077815321,7.105427357601002e-15,ok
North Macedonia,MKD,Manual,0.335,0.4681814650323564,0.1331814650323564,153864.0,ilo_calibrated,0.20027287974790434,45.74,40.23706692218468,45.74000000000001,-5.502933077815321,7.105427357601002e-15,ok
North Macedonia,MKD,Cleaning,0.485,0.5881405330701708,0.10314053307017079,37776.0,ilo_calibrated,0.20027287974790434,45.74,40.23706692218468,45.74000000000001,-5.502933077815321,7.105427357601002e-15,ok
North Macedonia,MKD,Tech,0.32,0.456185558228575,0.13618555822857498,58765.0,ilo_calibrated,0.20027287974790434,45.74,40.23706692218468,45.74000000000001,-5.502933077815321,7.105427357601002e-15,ok
North Macedonia,MKD,ArmedForces,0.4,0.4,0.0,7855.0,ilo_calibrated,0.20027287974790434,45.74,40.23706692218468,45.74000000000001,-5.502933077815321,7.105427357601002e-15,ok
Mali,MLI,Food,0.895,0.895,0.0,4239257.0,global_fallback,0.0,,77.76703257050323,77.76703257050323,,,global_fallback
Mali,MLI,Health,0.819,0.819,0.0,51015.0,global_fallback,0.0,,77.76703257050323,77.76703257050323,,,global_fallback
Mali,MLI,Retail,0.876,0.876,0.0,888553.0,global_fallback,0.0,,77.76703257050323,77.76703257050323,,,global_fallback
Mali,MLI,Security,0.846,0.846,0.0,56852.0,global_fallback,0.0,,77.76703257050323,77.76703257050323,,,global_fallback
Mali,MLI,Transport,0.869,0.869,0.0,101257.0,global_fallback,0.0,,77.76703257050323,77.76703257050323,,,global_fallback
Mali,MLI,Manual,0.335,0.335,0.0,500338.0,global_fallback,0.0,,77.76703257050323,77.76703257050323,,,global_fallback
Mali,MLI,Cleaning,0.485,0.485,0.0,134747.0,global_fallback,0.0,,77.76703257050323,77.76703257050323,,,global_fallback
Mali,MLI,Tech,0.32,0.32,0.0,319977.0,global_fallback,0.0,,77.76703257050323,77.76703257050323,,,global_fallback
Mali,MLI,ArmedForces,0.4,0.4,0.0,11846.0,global_fallback,0.0,,77.76703257050323,77.76703257050323,,,global_fallback
Malta,MLT,Food,0.895,0.8086034489763045,-0.08639655102369548,,neighbour_backfill,0.09653245924435251,,,,,,
Malta,MLT,Health,0.819,0.7399399158788753,-0.07906008412112464,,neighbour_backfill,0.09653245924435251,,,,,,
Malta,MLT,Retail,0.876,0.7914375657019472,-0.08456243429805277,,neighbour_backfill,0.09653245924435251,,,,,,
Malta,MLT,Security,0.846,0.7643335394792777,-0.08166646052072224,,neighbour_backfill,0.09653245924435251,,,,,,
Malta,MLT,Transport,0.869,0.7851132929166577,-0.08388670708334234,,neighbour_backfill,0.09653245924435251,,,,,,
Malta,MLT,Manual,0.335,0.3026616261531419,-0.032338373846858115,,neighbour_backfill,0.09653245924435251,,,,,,
Malta,MLT,Cleaning,0.485,0.438181757266489,-0.046818242733510984,,neighbour_backfill,0.09653245924435251,,,,,,
Malta,MLT,Tech,0.32,0.2891096130418072,-0.030890386958192795,,neighbour_backfill,0.09653245924435251,,,,,,
Malta,MLT,ArmedForces,0.4,0.4,0.0,,neighbour_backfill,0.09653245924435251,,,,,,
Myanmar,MMR,Food,0.895,0.9193908824116325,0.024390882411632453,9787693.0,ilo_calibrated,0.23229411820602336,75.0,69.75397704690575,75.00000000000001,-5.246022953094254,1.4210854715202004e-14,ok
Myanmar,MMR,Health,0.819,0.8610452353952902,0.04204523539529026,91035.0,ilo_calibrated,0.23229411820602336,75.0,69.75397704690575,75.00000000000001,-5.246022953094254,1.4210854715202004e-14,ok
Myanmar,MMR,Retail,0.876,0.9048044706575469,0.028804470657546877,4084621.0,ilo_calibrated,0.23229411820602336,75.0,69.75397704690575,75.00000000000001,-5.246022953094254,1.4210854715202004e-14,ok
Myanmar,MMR,Security,0.846,0.8817732942037275,0.035773294203727546,125266.0,ilo_calibrated,0.23229411820602336,75.0,69.75397704690575,75.00000000000001,-5.246022953094254,1.4210854715202004e-14,ok
Myanmar,MMR,Transport,0.869,0.899430529484989,0.030430529484989033,1069868.0,ilo_calibrated,0.23229411820602336,75.0,69.75397704690575,75.00000000000001,-5.246022953094254,1.4210854715202004e-14,ok
Myanmar,MMR,Manual,0.335,0.4894755886070056,0.15447558860700555,3261081.0,ilo_calibrated,0.23229411820602336,75.0,69.75397704690575,75.00000000000001,-5.246022953094254,1.4210854715202004e-14,ok
Myanmar,MMR,Cleaning,0.485,0.604631470876102,0.11963147087610204,1852854.0,ilo_calibrated,0.23229411820602336,75.0,69.75397704690575,75.00000000000001,-5.246022953094254,1.4210854715202004e-14,ok
Myanmar,MMR,Tech,0.32,0.4779600003800959,0.1579600003800959,290385.0,ilo_calibrated,0.23229411820602336,75.0,69.75397704690575,75.00000000000001,-5.246022953094254,1.4210854715202004e-14,ok
Myanmar,MMR,ArmedForces,0.4,0.4,0.0,12825.0,ilo_calibrated,0.23229411820602336,75.0,69.75397704690575,75.00000000000001,-5.246022953094254,1.4210854715202004e-14,ok
Montenegro,MNE,Food,0.895,0.895,0.0,23064.0,global_fallback,0.0,,40.91798653184134,40.91798653184134,,,global_fallback
Montenegro,MNE,Health,0.819,0.819,0.0,14926.0,global_fallback,0.0,,40.91798653184134,40.91798653184134,,,global_fallback
Montenegro,MNE,Retail,0.876,0.876,0.0,34057.0,global_fallback,0.0,,40.91798653184134,40.91798653184134,,,global_fallback
Montenegro,MNE,Security,0.846,0.846,0.0,10548.0,global_fallback,0.0,,40.91798653184134,40.91798653184134,,,global_fallback
Montenegro,MNE,Transport,0.869,0.869,0.0,16886.0,global_fallback,0.0,,40.91798653184134,40.91798653184134,,,global_fallback
Montenegro,MNE,Manual,0.335,0.335,0.0,34608.0,global_fallback,0.0,,40.91798653184134,40.91798653184134,,,global_fallback
Montenegro,MNE,Cleaning,0.485,0.485,0.0,11168.0,global_fallback,0.0,,40.91798653184134,40.91798653184134,,,global_fallback
Montenegro,MNE,Tech,0.32,0.32,0.0,31426.0,global_fallback,0.0,,40.91798653184134,40.91798653184134,,,global_fallback
Montenegro,MNE,ArmedForces,0.4,0.4,0.0,1261.0,global_fallback,0.0,,40.91798653184134,40.91798653184134,,,global_fallback
Mongolia,MNG,Food,0.895,0.9119823722325497,0.016982372232549725,359410.0,ilo_calibrated,0.1617368784052356,55.9,52.356599125430826,55.89999999999999,-3.5434008745691727,-7.105427357601002e-15,ok
Mongolia,MNG,Health,0.819,0.8482743749913476,0.029274374991347663,55654.0,ilo_calibrated,0.1617368784052356,55.9,52.356599125430826,55.89999999999999,-3.5434008745691727,-7.105427357601002e-15,ok
Mongolia,MNG,Retail,0.876,0.8960553729222492,0.020055372922249237,102673.0,ilo_calibrated,0.1617368784052356,55.9,52.356599125430826,55.89999999999999,-3.5434008745691727,-7.105427357601002e-15,ok
Mongolia,MNG,Security,0.846,0.8709074792744063,0.024907479274406286,19345.0,ilo_calibrated,0.1617368784052356,55.9,52.356599125430826,55.89999999999999,-3.5434008745691727,-7.105427357601002e-15,ok
Mongolia,MNG,Transport,0.869,0.8901875310710858,0.02118753107108584,109159.0,ilo_calibrated,0.1617368784052356,55.9,52.356599125430826,55.89999999999999,-3.5434008745691727,-7.105427357601002e-15,ok
Mongolia,MNG,Manual,0.335,0.44255502413948167,0.10755502413948165,188666.0,ilo_calibrated,0.1617368784052356,55.9,52.356599125430826,55.89999999999999,-3.5434008745691727,-7.105427357601002e-15,ok
Mongolia,MNG,Cleaning,0.485,0.5682944923786963,0.08329449237869635,61944.0,ilo_calibrated,0.1617368784052356,55.9,52.356599125430826,55.89999999999999,-3.5434008745691727,-7.105427357601002e-15,ok
Mongolia,MNG,Tech,0.32,0.42998107731556023,0.10998107731556023,78524.0,ilo_calibrated,0.1617368784052356,55.9,52.356599125430826,55.89999999999999,-3.5434008745691727,-7.105427357601002e-15,ok
Mongolia,MNG,ArmedForces,0.4,0.4,0.0,7147.0,ilo_calibrated,0.1617368784052356,55.9,52.356599125430826,55.89999999999999,-3.5434008745691727,-7.105427357601002e-15,ok
Northern Mariana Islands,MNP,Food,0.895,0.7924409214729352,-0.1025590785270648,,neighbour_backfill,0.11459114919225129,,,,,,
Northern Mariana Islands,MNP,Health,0.819,0.7251498488115461,-0.09385015118845386,,neighbour_backfill,0.11459114919225129,,,,,,
Northern Mariana Islands,MNP,Retail,0.876,0.7756181533075878,-0.10038184669241224,,neighbour_backfill,0.11459114919225129,,,,,,
Northern Mariana Islands,MNP,Security,0.846,0.7490558877833554,-0.09694411221664456,,neighbour_backfill,0.11459114919225129,,,,,,
Northern Mariana Islands,MNP,Transport,0.869,0.7694202913519336,-0.09957970864806642,,neighbour_backfill,0.11459114919225129,,,,,,
Northern Mariana Islands,MNP,Manual,0.335,0.29661196502059584,-0.038388034979404184,,neighbour_backfill,0.11459114919225129,,,,,,
Northern Mariana Islands,MNP,Cleaning,0.485,0.4294232926417581,-0.055576707358241884,,neighbour_backfill,0.11459114919225129,,,,,,
Northern Mariana Islands,MNP,Tech,0.32,0.2833308322584796,-0.0366691677415204,,neighbour_backfill,0.11459114919225129,,,,,,
Northern Mariana Islands,MNP,ArmedForces,0.4,0.4,0.0,,neighbour_backfill,0.11459114919225129,,,,,,
Mozambique,MOZ,Food,0.895,0.9415881735764687,0.04658817357646872,8966501.0,ilo_calibrated,0.44369689120446393,86.93,79.9359012655477,86.92999999999995,-6.994098734452308,-5.684341886080802e-14,ok
Mozambique,MOZ,Health,0.819,0.899309137308008,0.08030913730800804,74413.0,ilo_calibrated,0.44369689120446393,86.93,79.9359012655477,86.92999999999995,-6.994098734452308,-5.684341886080802e-14,ok
Mozambique,MOZ,Retail,0.876,0.9310184145093535,0.05501841450935352,1010998.0,ilo_calibrated,0.44369689120446393,86.93,79.9359012655477,86.92999999999995,-6.994098734452308,-5.684341886080802e-14,ok
Mozambique,MOZ,Security,0.846,0.9143293212454875,0.06832932124548752,203538.0,ilo_calibrated,0.44369689120446393,86.93,79.9359012655477,86.92999999999995,-6.994098734452308,-5.684341886080802e-14,ok
Mozambique,MOZ,Transport,0.869,0.9271242927477847,0.058124292747784745,161876.0,ilo_calibrated,0.44369689120446393,86.93,79.9359012655477,86.92999999999995,-6.994098734452308,-5.684341886080802e-14,ok
Mozambique,MOZ,Manual,0.335,0.6300584326509686,0.2950584326509686,856205.0,ilo_calibrated,0.44369689120446393,86.93,79.9359012655477,86.92999999999995,-6.994098734452308,-5.684341886080802e-14,ok
Mozambique,MOZ,Cleaning,0.485,0.7135038989702989,0.22850389897029888,274863.0,ilo_calibrated,0.44369689120446393,86.93,79.9359012655477,86.92999999999995,-6.994098734452308,-5.684341886080802e-14,ok
Mozambique,MOZ,Tech,0.32,0.6217138860190354,0.3017138860190354,115329.0,ilo_calibrated,0.44369689120446393,86.93,79.9359012655477,86.92999999999995,-6.994098734452308,-5.684341886080802e-14,ok
Mozambique,MOZ,ArmedForces,0.4,0.4,0.0,15352.0,ilo_calibrated,0.44369689120446393,86.93,79.9359012655477,86.92999999999995,-6.994098734452308,-5.684341886080802e-14,ok
Mauritania,MRT,Food,0.895,0.9012811695972721,0.006281169597272096,,neighbour_backfill,0.05982066283116299,,,,,,
Mauritania,MRT,Health,0.819,0.8298275399724404,0.010827539972440459,,neighbour_backfill,0.05982066283116299,,,,,,
Mauritania,MRT,Retail,0.876,0.8834177621910642,0.007417762191064159,,neighbour_backfill,0.05982066283116299,,,,,,
Mauritania,MRT,Security,0.846,0.855212382075999,0.00921238207599906,,neighbour_backfill,0.05982066283116299,,,,,,
Mauritania,MRT,Transport,0.869,0.8768365068308823,0.007836506830882328,,neighbour_backfill,0.05982066283116299,,,,,,
Mauritania,MRT,Manual,0.335,0.3747807407827234,0.03978074078272337,,neighbour_backfill,0.05982066283116299,,,,,,
Mauritania,MRT,Cleaning,0.485,0.5158076413580489,0.03080764135804892,,neighbour_backfill,0.05982066283116299,,,,,,
Mauritania,MRT,Tech,0.32,0.3606780507251908,0.04067805072519082,,neighbour_backfill,0.05982066283116299,,,,,,
Mauritania,MRT,ArmedForces,0.4,0.4,0.0,,neighbour_backfill,0.05982066283116299,,,,,,
Mauritius,MUS,Food,0.895,0.895,0.0,34976.0,global_fallback,0.0,,39.28817558076716,39.28817558076716,,,global_fallback
Mauritius,MUS,Health,0.819,0.819,0.0,21568.0,global_fallback,0.0,,39.28817558076716,39.28817558076716,,,global_fallback
Mauritius,MUS,Retail,0.876,0.876,0.0,52978.0,global_fallback,0.0,,39.28817558076716,39.28817558076716,,,global_fallback
Mauritius,MUS,Security,0.846,0.846,0.0,25484.0,global_fallback,0.0,,39.28817558076716,39.28817558076716,,,global_fallback
Mauritius,MUS,Transport,0.869,0.869,0.0,30605.0,global_fallback,0.0,,39.28817558076716,39.28817558076716,,,global_fallback
Mauritius,MUS,Manual,0.335,0.335,0.0,101477.0,global_fallback,0.0,,39.28817558076716,39.28817558076716,,,global_fallback
Mauritius,MUS,Cleaning,0.485,0.485,0.0,48191.0,global_fallback,0.0,,39.28817558076716,39.28817558076716,,,global_fallback
Mauritius,MUS,Tech,0.32,0.32,0.0,53963.0,global_fallback,0.0,,39.28817558076716,39.28817558076716,,,global_fallback
Mauritius,MUS,ArmedForces,0.4,0.4,0.0,0.0,global_fallback,0.0,,39.28817558076716,39.28817558076716,,,global_fallback
Malawi,MWI,Food,0.895,0.8639702132817885,-0.03102978671821155,,neighbour_backfill,0.28254551097256253,,,,,,
Malawi,MWI,Health,0.819,0.8094436721157032,-0.009556327884296723,,neighbour_backfill,0.28254551097256253,,,,,,
Malawi,MWI,Retail,0.876,0.8503385779902672,-0.02566142200973276,,neighbour_backfill,0.28254551097256253,,,,,,
Malawi,MWI,Security,0.846,0.828814943319444,-0.01718505668055592,,neighbour_backfill,0.28254551097256253,,,,,,
Malawi,MWI,Transport,0.869,0.8453163965670751,-0.02368360343292486,,neighbour_backfill,0.28254551097256253,,,,,,
Malawi,MWI,Manual,0.335,0.4621956994264236,0.12719569942642356,,neighbour_backfill,0.28254551097256253,,,,,,
Malawi,MWI,Cleaning,0.485,0.5698138727805391,0.08481387278053909,,neighbour_backfill,0.28254551097256253,,,,,,
Malawi,MWI,Tech,0.32,0.45143388209101193,0.13143388209101192,,neighbour_backfill,0.28254551097256253,,,,,,
Malawi,MWI,ArmedForces,0.4,0.4,0.0,,neighbour_backfill,0.28254551097256253,,,,,,
Malaysia,MYS,Food,0.895,0.8686532022319547,-0.02634679776804527,,neighbour_backfill,0.029437762869324265,,,,,,
Malaysia,MYS,Health,0.819,0.7948904722100233,-0.02410952778997666,,neighbour_backfill,0.029437762869324265,,,,,,
Malaysia,MYS,Retail,0.876,0.8502125197264719,-0.025787480273528063,,neighbour_backfill,0.029437762869324265,,,,,,
Malaysia,MYS,Security,0.846,0.8210956526125516,-0.0249043473874484,,neighbour_backfill,0.029437762869324265,,,,,,
Malaysia,MYS,Transport,0.869,0.8434185840665571,-0.025581415933442875,,neighbour_backfill,0.029437762869324265,,,,,,
Malaysia,MYS,Manual,0.335,0.3251383494387764,-0.009861650561223623,,neighbour_backfill,0.029437762869324265,,,,,,
Malaysia,MYS,Cleaning,0.485,0.4707226850083777,-0.01427731499162227,,neighbour_backfill,0.029437762869324265,,,,,,
Malaysia,MYS,Tech,0.32,0.3105799158818162,-0.009420084118183791,,neighbour_backfill,0.029437762869324265,,,,,,
Malaysia,MYS,ArmedForces,0.4,0.4,0.0,,neighbour_backfill,0.029437762869324265,,,,,,
Namibia,NAM,Food,0.895,0.895,0.0,152122.0,global_fallback,0.0,,43.69084434740257,43.69084434740257,,,global_fallback
Namibia,NAM,Health,0.819,0.819,0.0,12703.0,global_fallback,0.0,,43.69084434740257,43.69084434740257,,,global_fallback
Namibia,NAM,Retail,0.876,0.876,0.0,25019.0,global_fallback,0.0,,43.69084434740257,43.69084434740257,,,global_fallback
Namibia,NAM,Security,0.846,0.846,0.0,0.0,global_fallback,0.0,,43.69084434740257,43.69084434740257,,,global_fallback
Namibia,NAM,Transport,0.869,0.869,0.0,26141.0,global_fallback,0.0,,43.69084434740257,43.69084434740257,,,global_fallback
Namibia,NAM,Manual,0.335,0.335,0.0,112085.0,global_fallback,0.0,,43.69084434740257,43.69084434740257,,,global_fallback
Namibia,NAM,Cleaning,0.485,0.485,0.0,113020.0,global_fallback,0.0,,43.69084434740257,43.69084434740257,,,global_fallback
Namibia,NAM,Tech,0.32,0.32,0.0,81944.0,global_fallback,0.0,,43.69084434740257,43.69084434740257,,,global_fallback
Namibia,NAM,ArmedForces,0.4,0.4,0.0,14969.0,global_fallback,0.0,,43.69084434740257,43.69084434740257,,,global_fallback
New Caledonia,NCL,Food,0.895,0.7890316797035789,-0.10596832029642111,,neighbour_backfill,0.11840035787309618,,,,,,
New Caledonia,NCL,Health,0.819,0.7220301069019341,-0.0969698930980658,,neighbour_backfill,0.11840035787309618,,,,,,
New Caledonia,NCL,Retail,0.876,0.7722812865031677,-0.10371871349683226,,neighbour_backfill,0.11840035787309618,,,,,,
New Caledonia,NCL,Security,0.846,0.7458332972393605,-0.10016670276063944,,neighbour_backfill,0.11840035787309618,,,,,,
New Caledonia,NCL,Transport,0.869,0.7661100890082794,-0.10288991099172062,,neighbour_backfill,0.11840035787309618,,,,,,
New Caledonia,NCL,Manual,0.335,0.29533588011251277,-0.03966411988748725,,neighbour_backfill,0.11840035787309618,,,,,,
New Caledonia,NCL,Cleaning,0.485,0.42757582643154834,-0.05742417356845164,,neighbour_backfill,0.11840035787309618,,,,,,
New Caledonia,NCL,Tech,0.32,0.2821118854806092,-0.03788811451939078,,neighbour_backfill,0.11840035787309618,,,,,,
New Caledonia,NCL,ArmedForces,0.4,0.4,0.0,,neighbour_backfill,0.11840035787309618,,,,,,
Niger,NER,Food,0.895,0.9012811695972721,0.006281169597272096,604251.0,ilo_calibrated,0.05982066283116299,62.28,60.820891100986266,62.28,-1.459108899013735,0.0,ok
Niger,NER,Health,0.819,0.8298275399724404,0.010827539972440459,67838.0,ilo_calibrated,0.05982066283116299,62.28,60.820891100986266,62.28,-1.459108899013735,0.0,ok
Niger,NER,Retail,0.876,0.8834177621910642,0.007417762191064159,492704.0,ilo_calibrated,0.05982066283116299,62.28,60.820891100986266,62.28,-1.459108899013735,0.0,ok
Niger,NER,Security,0.846,0.855212382075999,0.00921238207599906,17019.0,ilo_calibrated,0.05982066283116299,62.28,60.820891100986266,62.28,-1.459108899013735,0.0,ok
Niger,NER,Transport,0.869,0.8768365068308823,0.007836506830882328,48896.0,ilo_calibrated,0.05982066283116299,62.28,60.820891100986266,62.28,-1.459108899013735,0.0,ok
Niger,NER,Manual,0.335,0.3747807407827234,0.03978074078272337,378415.0,ilo_calibrated,0.05982066283116299,62.28,60.820891100986266,62.28,-1.459108899013735,0.0,ok
Niger,NER,Cleaning,0.485,0.5158076413580489,0.03080764135804892,84977.0,ilo_calibrated,0.05982066283116299,62.28,60.820891100986266,62.28,-1.459108899013735,0.0,ok
Niger,NER,Tech,0.32,0.3606780507251908,0.04067805072519082,113571.0,ilo_calibrated,0.05982066283116299,62.28,60.820891100986266,62.28,-1.459108899013735,0.0,ok
Niger,NER,ArmedForces,0.4,0.4,0.0,9184.0,ilo_calibrated,0.05982066283116299,62.28,60.820891100986266,62.28,-1.459108899013735,0.0,ok
Nigeria,NGA,Food,0.895,1.0,0.10499999999999998,24541695.0,ilo_calibrated,1.0,63.05,46.669493588410404,62.90180985304652,-16.380506411589593,-0.14819014695347477,infeasible_clipped
Nigeria,NGA,Health,0.819,1.0,0.18100000000000005,1118570.0,ilo_calibrated,1.0,63.05,46.669493588410404,62.90180985304652,-16.380506411589593,-0.14819014695347477,infeasible_clipped
Nigeria,NGA,Retail,0.876,1.0,0.124,1855402.0,ilo_calibrated,1.0,63.05,46.669493588410404,62.90180985304652,-16.380506411589593,-0.14819014695347477,infeasible_clipped
Nigeria,NGA,Security,0.846,1.0,0.15400000000000003,86570.0,ilo_calibrated,1.0,63.05,46.669493588410404,62.90180985304652,-16.380506411589593,-0.14819014695347477,infeasible_clipped
Nigeria,NGA,Transport,0.869,1.0,0.131,2457201.0,ilo_calibrated,1.0,63.05,46.669493588410404,62.90180985304652,-16.380506411589593,-0.14819014695347477,infeasible_clipped
Nigeria,NGA,Manual,0.335,1.0,0.665,7511255.0,ilo_calibrated,1.0,63.05,46.669493588410404,62.90180985304652,-16.380506411589593,-0.14819014695347477,infeasible_clipped
Nigeria,NGA,Cleaning,0.485,1.0,0.515,522825.0,ilo_calibrated,1.0,63.05,46.669493588410404,62.90180985304652,-16.380506411589593,-0.14819014695347477,infeasible_clipped
Nigeria,NGA,Tech,0.32,1.0,0.6799999999999999,2978350.0,ilo_calibrated,1.0,63.05,46.669493588410404,62.90180985304652,-16.380506411589593,-0.14819014695347477,infeasible_clipped
Nigeria,NGA,ArmedForces,0.4,0.4,0.0,341268.0,ilo_calibrated,1.0,63.05,46.669493588410404,62.90180985304652,-16.380506411589593,-0.14819014695347477,infeasible_clipped
Nicaragua,NIC,Food,0.895,0.8794886601358677,-0.015511339864132334,,neighbour_backfill,0.1251975928860489,,,,,,
Nicaragua,NIC,Health,0.819,0.8130036771952073,-0.005996322804792675,,neighbour_backfill,0.1251975928860489,,,,,,
Nicaragua,NIC,Retail,0.876,0.8628674144007027,-0.013132585599297308,,neighbour_backfill,0.1251975928860489,,,,,,
Nicaragua,NIC,Security,0.846,0.8366233421872841,-0.009376657812715905,,neighbour_backfill,0.1251975928860489,,,,,,
Nicaragua,NIC,Transport,0.869,0.8567437975509048,-0.0122562024490952,,neighbour_backfill,0.1251975928860489,,,,,,
Nicaragua,NIC,Manual,0.335,0.38959931215205507,0.054599312152055046,,neighbour_backfill,0.1251975928860489,,,,,,
Nicaragua,NIC,Cleaning,0.485,0.5208196732191478,0.03581967321914781,,neighbour_backfill,0.1251975928860489,,,,,,
Nicaragua,NIC,Tech,0.32,0.3764772760453458,0.0564772760453458,,neighbour_backfill,0.1251975928860489,,,,,,
Nicaragua,NIC,ArmedForces,0.4,0.4,0.0,,neighbour_backfill,0.1251975928860489,,,,,,
Netherlands,NLD,Food,0.895,0.895,0.0,246180.0,global_fallback,0.0,,28.96668677796554,28.96668677796554,,,global_fallback
Netherlands,NLD,Health,0.819,0.819,0.0,1126876.0,global_fallback,0.0,,28.96668677796554,28.96668677796554,,,global_fallback
Netherlands,NLD,Retail,0.876,0.876,0.0,661586.0,global_fallback,0.0,,28.96668677796554,28.96668677796554,,,global_fallback
Netherlands,NLD,Security,0.846,0.846,0.0,102636.0,global_fallback,0.0,,28.96668677796554,28.96668677796554,,,global_fallback
Netherlands,NLD,Transport,0.869,0.869,0.0,280171.0,global_fallback,0.0,,28.96668677796554,28.96668677796554,,,global_fallback
Netherlands,NLD,Manual,0.335,0.335,0.0,1118314.0,global_fallback,0.0,,28.96668677796554,28.96668677796554,,,global_fallback
Netherlands,NLD,Cleaning,0.485,0.485,0.0,271279.0,global_fallback,0.0,,28.96668677796554,28.96668677796554,,,global_fallback
Netherlands,NLD,Tech,0.32,0.32,0.0,825962.0,global_fallback,0.0,,28.96668677796554,28.96668677796554,,,global_fallback
Netherlands,NLD,ArmedForces,0.4,0.4,0.0,27360.0,global_fallback,0.0,,28.96668677796554,28.96668677796554,,,global_fallback
Norway,NOR,Food,0.895,0.895,0.0,63896.0,global_fallback,0.0,,32.839238909861024,32.839238909861024,,,global_fallback
Norway,NOR,Health,0.819,0.819,0.0,486334.0,global_fallback,0.0,,32.839238909861024,32.839238909861024,,,global_fallback
Norway,NOR,Retail,0.876,0.876,0.0,178778.0,global_fallback,0.0,,32.839238909861024,32.839238909861024,,,global_fallback
Norway,NOR,Security,0.846,0.846,0.0,22004.0,global_fallback,0.0,,32.839238909861024,32.839238909861024,,,global_fallback
Norway,NOR,Transport,0.869,0.869,0.0,93505.0,global_fallback,0.0,,32.839238909861024,32.839238909861024,,,global_fallback
Norway,NOR,Manual,0.335,0.335,0.0,330857.0,global_fallback,0.0,,32.839238909861024,32.839238909861024,,,global_fallback
Norway,NOR,Cleaning,0.485,0.485,0.0,74321.0,global_fallback,0.0,,32.839238909861024,32.839238909861024,,,global_fallback
Norway,NOR,Tech,0.32,0.32,0.0,271108.0,global_fallback,0.0,,32.839238909861024,32.839238909861024,,,global_fallback
Norway,NOR,ArmedForces,0.4,0.4,0.0,9973.0,global_fallback,0.0,,32.839238909861024,32.839238909861024,,,global_fallback
Nepal,NPL,Food,0.895,0.8078452116499615,-0.08715478835003854,1830757.0,ilo_calibrated,0.09737965178775254,51.37,56.90117702610505,51.36999999999998,5.5311770261050555,-1.4210854715202004e-14,ok
Nepal,NPL,Health,0.819,0.7392460651858306,-0.07975393481416937,159241.0,ilo_calibrated,0.09737965178775254,51.37,56.90117702610505,51.36999999999998,5.5311770261050555,-1.4210854715202004e-14,ok
Nepal,NPL,Retail,0.876,0.7906954250339288,-0.08530457496607124,1375632.0,ilo_calibrated,0.09737965178775254,51.37,56.90117702610505,51.36999999999998,5.5311770261050555,-1.4210854715202004e-14,ok
Nepal,NPL,Security,0.846,0.7636168145875614,-0.08238318541243861,65414.0,ilo_calibrated,0.09737965178775254,51.37,56.90117702610505,51.36999999999998,5.5311770261050555,-1.4210854715202004e-14,ok
Nepal,NPL,Transport,0.869,0.784377082596443,-0.08462291740355699,261841.99999999997,ilo_calibrated,0.09737965178775254,51.37,56.90117702610505,51.36999999999998,5.5311770261050555,-1.4210854715202004e-14,ok
Nepal,NPL,Manual,0.335,0.3023778166511029,-0.032622183348897105,2144347.0,ilo_calibrated,0.09737965178775254,51.37,56.90117702610505,51.36999999999998,5.5311770261050555,-1.4210854715202004e-14,ok
Nepal,NPL,Cleaning,0.485,0.43777086888294,-0.04722913111706001,246582.0,ilo_calibrated,0.09737965178775254,51.37,56.90117702610505,51.36999999999998,5.5311770261050555,-1.4210854715202004e-14,ok
Nepal,NPL,Tech,0.32,0.2888385114279192,-0.031161488572080787,334176.0,ilo_calibrated,0.09737965178775254,51.37,56.90117702610505,51.36999999999998,5.5311770261050555,-1.4210854715202004e-14,ok
Nepal,NPL,ArmedForces,0.4,0.4,0.0,18687.0,ilo_calibrated,0.09737965178775254,51.37,56.90117702610505,51.36999999999998,5.5311770261050555,-1.4210854715202004e-14,ok
Nauru,NRU,Food,0.895,0.895,0.0,35.0,global_fallback,0.0,,18.266928780049426,18.266928780049426,,,global_fallback
Nauru,NRU,Health,0.819,0.819,0.0,88.0,global_fallback,0.0,,18.266928780049426,18.266928780049426,,,global_fallback
Nauru,NRU,Retail,0.876,0.876,0.0,44.0,global_fallback,0.0,,18.266928780049426,18.266928780049426,,,global_fallback
Nauru,NRU,Security,0.846,0.846,0.0,519.0,global_fallback,0.0,,18.266928780049426,18.266928780049426,,,global_fallback
Nauru,NRU,Transport,0.869,0.869,0.0,54.0,global_fallback,0.0,,18.266928780049426,18.266928780049426,,,global_fallback
Nauru,NRU,Manual,0.335,0.335,0.0,303.0,global_fallback,0.0,,18.266928780049426,18.266928780049426,,,global_fallback
Nauru,NRU,Cleaning,0.485,0.485,0.0,115.0,global_fallback,0.0,,18.266928780049426,18.266928780049426,,,global_fallback
Nauru,NRU,Tech,0.32,0.32,0.0,87.0,global_fallback,0.0,,18.266928780049426,18.266928780049426,,,global_fallback
Nauru,NRU,ArmedForces,0.4,0.4,0.0,0.0,global_fallback,0.0,,18.266928780049426,18.266928780049426,,,global_fallback
New Zealand,NZL,Food,0.895,0.698660810391359,-0.19633918960864105,,neighbour_backfill,0.21937339621077212,,,,,,
New Zealand,NZL,Health,0.819,0.6393331885033776,-0.17966681149662234,,neighbour_backfill,0.21937339621077212,,,,,,
New Zealand,NZL,Retail,0.876,0.6838289049193637,-0.19217109508063634,,neighbour_backfill,0.21937339621077212,,,,,,
New Zealand,NZL,Security,0.846,0.6604101068056868,-0.18558989319431318,,neighbour_backfill,0.21937339621077212,,,,,,
New Zealand,NZL,Transport,0.869,0.678364518692839,-0.19063548130716101,,neighbour_backfill,0.21937339621077212,,,,,,
New Zealand,NZL,Manual,0.335,0.26150991226939135,-0.07349008773060867,,neighbour_backfill,0.21937339621077212,,,,,,
New Zealand,NZL,Cleaning,0.485,0.3786039028377755,-0.10639609716222448,,neighbour_backfill,0.21937339621077212,,,,,,
New Zealand,NZL,Tech,0.32,0.24980051321255292,-0.07019948678744709,,neighbour_backfill,0.21937339621077212,,,,,,
New Zealand,NZL,ArmedForces,0.4,0.4,0.0,,neighbour_backfill,0.21937339621077212,,,,,,
Oman,OMN,Food,0.895,0.895,0.0,,global_fallback,0.0,,,,,,global_fallback
Oman,OMN,Health,0.819,0.819,0.0,,global_fallback,0.0,,,,,,global_fallback
Oman,OMN,Retail,0.876,0.876,0.0,,global_fallback,0.0,,,,,,global_fallback
Oman,OMN,Security,0.846,0.846,0.0,,global_fallback,0.0,,,,,,global_fallback
Oman,OMN,Transport,0.869,0.869,0.0,,global_fallback,0.0,,,,,,global_fallback
Oman,OMN,Manual,0.335,0.335,0.0,,global_fallback,0.0,,,,,,global_fallback
Oman,OMN,Cleaning,0.485,0.485,0.0,,global_fallback,0.0,,,,,,global_fallback
Oman,OMN,Tech,0.32,0.32,0.0,,global_fallback,0.0,,,,,,global_fallback
Oman,OMN,ArmedForces,0.4,0.4,0.0,,global_fallback,0.0,,,,,,global_fallback
Pakistan,PAK,Food,0.895,0.9007401419541519,0.005740141954151845,22927975.0,ilo_calibrated,0.05466801861096958,63.42,61.93484827954322,63.42,-1.4851517204567841,0.0,ok
Pakistan,PAK,Health,0.819,0.8288949113685854,0.009894911368585446,817799.0,ilo_calibrated,0.05466801861096958,63.42,61.93484827954322,63.42,-1.4851517204567841,0.0,ok
Pakistan,PAK,Retail,0.876,0.8827788343077603,0.006778834307760273,7549873.0,ilo_calibrated,0.05466801861096958,63.42,61.93484827954322,63.42,-1.4851517204567841,0.0,ok
Pakistan,PAK,Security,0.846,0.8544188748660893,0.008418874866089276,863578.0,ilo_calibrated,0.05466801861096958,63.42,61.93484827954322,63.42,-1.4851517204567841,0.0,ok
Pakistan,PAK,Transport,0.869,0.876161510438037,0.007161510438037033,3232638.0,ilo_calibrated,0.05466801861096958,63.42,61.93484827954322,63.42,-1.4851517204567841,0.0,ok
Pakistan,PAK,Manual,0.335,0.3713542323762948,0.03635423237629476,15837880.0,ilo_calibrated,0.05466801861096958,63.42,61.93484827954322,63.42,-1.4851517204567841,0.0,ok
Pakistan,PAK,Cleaning,0.485,0.5131540295846493,0.0281540295846493,1756471.0,ilo_calibrated,0.05466801861096958,63.42,61.93484827954322,63.42,-1.4851517204567841,0.0,ok
Pakistan,PAK,Tech,0.32,0.3571742526554593,0.03717425265545932,1858942.0,ilo_calibrated,0.05466801861096958,63.42,61.93484827954322,63.42,-1.4851517204567841,0.0,ok
Pakistan,PAK,ArmedForces,0.4,0.4,0.0,220418.0,ilo_calibrated,0.05466801861096958,63.42,61.93484827954322,63.42,-1.4851517204567841,0.0,ok
Panama,PAN,Food,0.895,0.8128778811678603,-0.08212211883213971,354112.0,ilo_calibrated,0.09175655735434608,45.92,50.55913188455071,45.919999999999995,4.639131884550707,-7.105427357601002e-15,ok
Panama,PAN,Health,0.819,0.7438513795267905,-0.07514862047320947,101882.0,ilo_calibrated,0.09175655735434608,45.92,50.55913188455071,45.919999999999995,4.639131884550707,-7.105427357601002e-15,ok
Panama,PAN,Retail,0.876,0.7956212557575928,-0.08037874424240721,65200.0,ilo_calibrated,0.09175655735434608,45.92,50.55913188455071,45.919999999999995,4.639131884550707,-7.105427357601002e-15,ok
Panama,PAN,Security,0.846,0.7683739524782232,-0.07762604752177682,205040.0,ilo_calibrated,0.09175655735434608,45.92,50.55913188455071,45.919999999999995,4.639131884550707,-7.105427357601002e-15,ok
Panama,PAN,Transport,0.869,0.7892635516590732,-0.07973644834092675,133774.0,ilo_calibrated,0.09175655735434608,45.92,50.55913188455071,45.919999999999995,4.639131884550707,-7.105427357601002e-15,ok
Panama,PAN,Manual,0.335,0.30426155328629406,-0.030738446713705958,357047.0,ilo_calibrated,0.09175655735434608,45.92,50.55913188455071,45.919999999999995,4.639131884550707,-7.105427357601002e-15,ok
Panama,PAN,Cleaning,0.485,0.44049806968314215,-0.04450193031685784,138058.0,ilo_calibrated,0.09175655735434608,45.92,50.55913188455071,45.919999999999995,4.639131884550707,-7.105427357601002e-15,ok
Panama,PAN,Tech,0.32,0.29063790164660924,-0.029362098353390764,121122.0,ilo_calibrated,0.09175655735434608,45.92,50.55913188455071,45.919999999999995,4.639131884550707,-7.105427357601002e-15,ok
Panama,PAN,ArmedForces,0.4,0.4,0.0,0.0,ilo_calibrated,0.09175655735434608,45.92,50.55913188455071,45.919999999999995,4.639131884550707,-7.105427357601002e-15,ok
Peru,PER,Food,0.895,0.895,0.0,4652990.0,global_fallback,0.0,,58.21640881928191,58.21640881928191,,,global_fallback
Peru,PER,Health,0.819,0.819,0.0,511730.0,global_fallback,0.0,,58.21640881928191,58.21640881928191,,,global_fallback
Peru,PER,Retail,0.876,0.876,0.0,2727137.0,global_fallback,0.0,,58.21640881928191,58.21640881928191,,,global_fallback
Peru,PER,Security,0.846,0.846,0.0,134122.0,global_fallback,0.0,,58.21640881928191,58.21640881928191,,,global_fallback
Peru,PER,Transport,0.869,0.869,0.0,1260739.0,global_fallback,0.0,,58.21640881928191,58.21640881928191,,,global_fallback
Peru,PER,Manual,0.335,0.335,0.0,2755375.0,global_fallback,0.0,,58.21640881928191,58.21640881928191,,,global_fallback
Peru,PER,Cleaning,0.485,0.485,0.0,1360036.0,global_fallback,0.0,,58.21640881928191,58.21640881928191,,,global_fallback
Peru,PER,Tech,0.32,0.32,0.0,1523015.0,global_fallback,0.0,,58.21640881928191,58.21640881928191,,,global_fallback
Peru,PER,ArmedForces,0.4,0.4,0.0,125309.0,global_fallback,0.0,,58.21640881928191,58.21640881928191,,,global_fallback
Philippines,PHL,Food,0.895,0.8061640506059617,-0.08883594939403827,10634265.0,ilo_calibrated,0.0992580440156853,50.47,56.023049850864524,50.46999999999999,5.553049850864525,-7.105427357601002e-15,ok
Philippines,PHL,Health,0.819,0.7377076619511537,-0.08129233804884628,1257529.0,ilo_calibrated,0.0992580440156853,50.47,56.023049850864524,50.46999999999999,5.553049850864525,-7.105427357601002e-15,ok
Philippines,PHL,Retail,0.876,0.7890499534422597,-0.0869500465577403,7629564.0,ilo_calibrated,0.0992580440156853,50.47,56.023049850864524,50.46999999999999,5.553049850864525,-7.105427357601002e-15,ok
Philippines,PHL,Security,0.846,0.7620276947627302,-0.08397230523726973,1079975.0,ilo_calibrated,0.0992580440156853,50.47,56.023049850864524,50.46999999999999,5.553049850864525,-7.105427357601002e-15,ok
Philippines,PHL,Transport,0.869,0.7827447597503695,-0.0862552402496305,2916785.0,ilo_calibrated,0.0992580440156853,50.47,56.023049850864524,50.46999999999999,5.553049850864525,-7.105427357601002e-15,ok
Philippines,PHL,Manual,0.335,0.3017485552547455,-0.033251444745254544,8914845.0,ilo_calibrated,0.0992580440156853,50.47,56.023049850864524,50.46999999999999,5.553049850864525,-7.105427357601002e-15,ok
Philippines,PHL,Cleaning,0.485,0.43685984865239263,-0.04814015134760735,2761404.0,ilo_calibrated,0.0992580440156853,50.47,56.023049850864524,50.46999999999999,5.553049850864525,-7.105427357601002e-15,ok
Philippines,PHL,Tech,0.32,0.2882374259149807,-0.03176257408501931,1996533.0,ilo_calibrated,0.0992580440156853,50.47,56.023049850864524,50.46999999999999,5.553049850864525,-7.105427357601002e-15,ok
Philippines,PHL,ArmedForces,0.4,0.4,0.0,88764.0,ilo_calibrated,0.0992580440156853,50.47,56.023049850864524,50.46999999999999,5.553049850864525,-7.105427357601002e-15,ok
Palau,PLW,Food,0.895,0.7958501632422913,-0.09914983675770872,599.0,ilo_calibrated,0.1107819405114064,31.67,35.61556095499684,31.669999999999998,3.945560954996836,-3.552713678800501e-15,ok
Palau,PLW,Health,0.819,0.728269590721158,-0.0907304092788419,368.0,ilo_calibrated,0.1107819405114064,31.67,35.61556095499684,31.669999999999998,3.945560954996836,-3.552713678800501e-15,ok
Palau,PLW,Retail,0.876,0.778955020112008,-0.09704497988799199,636.0,ilo_calibrated,0.1107819405114064,31.67,35.61556095499684,31.669999999999998,3.945560954996836,-3.552713678800501e-15,ok
Palau,PLW,Security,0.846,0.7522784783273502,-0.0937215216726498,561.0,ilo_calibrated,0.1107819405114064,31.67,35.61556095499684,31.669999999999998,3.945560954996836,-3.552713678800501e-15,ok
Palau,PLW,Transport,0.869,0.7727304936955878,-0.09626950630441222,245.0,ilo_calibrated,0.1107819405114064,31.67,35.61556095499684,31.669999999999998,3.945560954996836,-3.552713678800501e-15,ok
Palau,PLW,Manual,0.335,0.29788804992867884,-0.037111950071321176,1337.0,ilo_calibrated,0.1107819405114064,31.67,35.61556095499684,31.669999999999998,3.945560954996836,-3.552713678800501e-15,ok
Palau,PLW,Cleaning,0.485,0.43127075885196786,-0.053729241148032125,906.0,ilo_calibrated,0.1107819405114064,31.67,35.61556095499684,31.669999999999998,3.945560954996836,-3.552713678800501e-15,ok
Palau,PLW,Tech,0.32,0.2845497790363499,-0.03545022096365008,1256.0,ilo_calibrated,0.1107819405114064,31.67,35.61556095499684,31.669999999999998,3.945560954996836,-3.552713678800501e-15,ok
Palau,PLW,ArmedForces,0.4,0.4,0.0,0.0,ilo_calibrated,0.1107819405114064,31.67,35.61556095499684,31.669999999999998,3.945560954996836,-3.552713678800501e-15,ok
Papua New Guinea,PNG,Food,0.895,0.895,0.0,1708128.0,global_fallback,0.0,,69.6883799466598,69.6883799466598,,,global_fallback
Papua New Guinea,PNG,Health,0.819,0.819,0.0,76925.0,global_fallback,0.0,,69.6883799466598,69.6883799466598,,,global_fallback
Papua New Guinea,PNG,Retail,0.876,0.876,0.0,1024311.0,global_fallback,0.0,,69.6883799466598,69.6883799466598,,,global_fallback
Papua New Guinea,PNG,Security,0.846,0.846,0.0,89798.0,global_fallback,0.0,,69.6883799466598,69.6883799466598,,,global_fallback
Papua New Guinea,PNG,Transport,0.869,0.869,0.0,80647.0,global_fallback,0.0,,69.6883799466598,69.6883799466598,,,global_fallback
Papua New Guinea,PNG,Manual,0.335,0.335,0.0,330357.0,global_fallback,0.0,,69.6883799466598,69.6883799466598,,,global_fallback
Papua New Guinea,PNG,Cleaning,0.485,0.485,0.0,52377.0,global_fallback,0.0,,69.6883799466598,69.6883799466598,,,global_fallback
Papua New Guinea,PNG,Tech,0.32,0.32,0.0,45384.0,global_fallback,0.0,,69.6883799466598,69.6883799466598,,,global_fallback
Papua New Guinea,PNG,ArmedForces,0.4,0.4,0.0,6472.0,global_fallback,0.0,,69.6883799466598,69.6883799466598,,,global_fallback
Poland,POL,Food,0.895,0.895,0.0,1241211.0,global_fallback,0.0,,33.341885308901105,33.341885308901105,,,global_fallback
Poland,POL,Health,0.819,0.819,0.0,1067547.0,global_fallback,0.0,,33.341885308901105,33.341885308901105,,,global_fallback
Poland,POL,Retail,0.876,0.876,0.0,1183246.0,global_fallback,0.0,,33.341885308901105,33.341885308901105,,,global_fallback
Poland,POL,Security,0.846,0.846,0.0,229548.0,global_fallback,0.0,,33.341885308901105,33.341885308901105,,,global_fallback
Poland,POL,Transport,0.869,0.869,0.0,952935.0,global_fallback,0.0,,33.341885308901105,33.341885308901105,,,global_fallback
Poland,POL,Manual,0.335,0.335,0.0,3251607.0,global_fallback,0.0,,33.341885308901105,33.341885308901105,,,global_fallback
Poland,POL,Cleaning,0.485,0.485,0.0,413539.0,global_fallback,0.0,,33.341885308901105,33.341885308901105,,,global_fallback
Poland,POL,Tech,0.32,0.32,0.0,1200738.0,global_fallback,0.0,,33.341885308901105,33.341885308901105,,,global_fallback
Poland,POL,ArmedForces,0.4,0.4,0.0,152544.0,global_fallback,0.0,,33.341885308901105,33.341885308901105,,,global_fallback
Puerto Rico,PRI,Food,0.895,0.8085894913780214,-0.08641050862197863,,neighbour_backfill,0.09654805432623303,,,,,,
Puerto Rico,PRI,Health,0.819,0.7399271435068151,-0.07907285649318485,,neighbour_backfill,0.09654805432623303,,,,,,
Puerto Rico,PRI,Retail,0.876,0.7914239044102198,-0.08457609558978019,,neighbour_backfill,0.09654805432623303,,,,,,
Puerto Rico,PRI,Security,0.846,0.7643203460400068,-0.08167965395999321,,neighbour_backfill,0.09654805432623303,,,,,,
Puerto Rico,PRI,Transport,0.869,0.7850997407905035,-0.08390025920949651,,neighbour_backfill,0.09654805432623303,,,,,,
Puerto Rico,PRI,Manual,0.335,0.30265640180071196,-0.03234359819928806,,neighbour_backfill,0.09654805432623303,,,,,,
Puerto Rico,PRI,Cleaning,0.485,0.43817419365177696,-0.04682580634822303,,neighbour_backfill,0.09654805432623303,,,,,,
Puerto Rico,PRI,Tech,0.32,0.28910462261560543,-0.030895377384394573,,neighbour_backfill,0.09654805432623303,,,,,,
Puerto Rico,PRI,ArmedForces,0.4,0.4,0.0,,neighbour_backfill,0.09654805432623303,,,,,,
North Korea,PRK,Food,0.895,0.794302212962885,-0.10069778703711507,,neighbour_backfill,0.24228474429064448,,,,,,
North Korea,PRK,Health,0.819,0.7367158535289738,-0.08228414647102611,,neighbour_backfill,0.24228474429064448,,,,,,
North Korea,PRK,Retail,0.876,0.779905623104407,-0.09609437689559297,,neighbour_backfill,0.24228474429064448,,,,,,
North Korea,PRK,Security,0.846,0.7571741654331263,-0.08882583456687365,,neighbour_backfill,0.24228474429064448,,,,,,
North Korea,PRK,Transport,0.869,0.7746016163144416,-0.09439838368555842,,neighbour_backfill,0.24228474429064448,,,,,,
North Korea,PRK,Manual,0.335,0.36998166976564584,0.03498166976564582,,neighbour_backfill,0.24228474429064448,,,,,,
North Korea,PRK,Cleaning,0.485,0.4836389581220491,-0.001361041877950886,,neighbour_backfill,0.24228474429064448,,,,,,
North Korea,PRK,Tech,0.32,0.3586159409300055,0.03861594093000548,,neighbour_backfill,0.24228474429064448,,,,,,
North Korea,PRK,ArmedForces,0.4,0.4,0.0,,neighbour_backfill,0.24228474429064448,,,,,,
Portugal,PRT,Food,0.895,0.7859502932680703,-0.10904970673192971,311527.0,ilo_calibrated,0.12184324774517283,32.05,36.47259397657142,32.04999999999999,4.42259397657142,-7.105427357601002e-15,ok
Portugal,PRT,Health,0.819,0.7192103800967034,-0.0997896199032966,509661.0,ilo_calibrated,0.12184324774517283,32.05,36.47259397657142,32.04999999999999,4.42259397657142,-7.105427357601002e-15,ok
Portugal,PRT,Retail,0.876,0.7692653149752285,-0.10673468502477146,373263.0,ilo_calibrated,0.12184324774517283,32.05,36.47259397657142,32.04999999999999,4.42259397657142,-7.105427357601002e-15,ok
Portugal,PRT,Security,0.846,0.7429206124075838,-0.1030793875924162,106353.0,ilo_calibrated,0.12184324774517283,32.05,36.47259397657142,32.04999999999999,4.42259397657142,-7.105427357601002e-15,ok
Portugal,PRT,Transport,0.869,0.7631182177094448,-0.10588178229055523,210617.0,ilo_calibrated,0.12184324774517283,32.05,36.47259397657142,32.04999999999999,4.42259397657142,-7.105427357601002e-15,ok
Portugal,PRT,Manual,0.335,0.2941825120053671,-0.04081748799463292,933264.0,ilo_calibrated,0.12184324774517283,32.05,36.47259397657142,32.04999999999999,4.42259397657142,-7.105427357601002e-15,ok
Portugal,PRT,Cleaning,0.485,0.42590602484359114,-0.05909397515640885,268459.0,ilo_calibrated,0.12184324774517283,32.05,36.47259397657142,32.04999999999999,4.42259397657142,-7.105427357601002e-15,ok
Portugal,PRT,Tech,0.32,0.28101016072154467,-0.03898983927845534,348719.0,ilo_calibrated,0.12184324774517283,32.05,36.47259397657142,32.04999999999999,4.42259397657142,-7.105427357601002e-15,ok
Portugal,PRT,ArmedForces,0.4,0.4,0.0,22330.0,ilo_calibrated,0.12184324774517283,32.05,36.47259397657142,32.04999999999999,4.42259397657142,-7.105427357601002e-15,ok
Paraguay,PRY,Food,0.895,0.8769285295087593,-0.018071470491240693,,neighbour_backfill,0.020191587141051074,,,,,,
Paraguay,PRY,Health,0.819,0.8024630901314791,-0.016536909868520855,,neighbour_backfill,0.020191587141051074,,,,,,
Paraguay,PRY,Retail,0.876,0.8583121696644392,-0.01768783033556076,,neighbour_backfill,0.020191587141051074,,,,,,
Paraguay,PRY,Security,0.846,0.8289179172786707,-0.017082082721329273,,neighbour_backfill,0.020191587141051074,,,,,,
Paraguay,PRY,Transport,0.869,0.8514535107744265,-0.017546489225573447,,neighbour_backfill,0.020191587141051074,,,,,,
Paraguay,PRY,Manual,0.335,0.32823581830774795,-0.006764181692252069,,neighbour_backfill,0.020191587141051074,,,,,,
Paraguay,PRY,Cleaning,0.485,0.4752070802365902,-0.009792919763409791,,neighbour_backfill,0.020191587141051074,,,,,,
Paraguay,PRY,Tech,0.32,0.3135386921148636,-0.00646130788513638,,neighbour_backfill,0.020191587141051074,,,,,,
Paraguay,PRY,ArmedForces,0.4,0.4,0.0,,neighbour_backfill,0.020191587141051074,,,,,,
Palestine,PSE,Food,0.895,0.7849041651438309,-0.11009583485616914,50479.0,ilo_calibrated,0.1230121059845465,39.35,44.57881196730121,39.35,5.228811967301212,0.0,ok
Palestine,PSE,Health,0.819,0.7182530851986564,-0.10074691480134357,25341.0,ilo_calibrated,0.1230121059845465,39.35,44.57881196730121,39.35,5.228811967301212,0.0,ok
Palestine,PSE,Retail,0.876,0.7682413951575373,-0.10775860484246269,95032.0,ilo_calibrated,0.1230121059845465,39.35,44.57881196730121,39.35,5.228811967301212,0.0,ok
Palestine,PSE,Security,0.846,0.7419317583370737,-0.10406824166292628,7795.0,ilo_calibrated,0.1230121059845465,39.35,44.57881196730121,39.35,5.228811967301212,0.0,ok
Palestine,PSE,Transport,0.869,0.7621024798994291,-0.10689752010057085,49956.0,ilo_calibrated,0.1230121059845465,39.35,44.57881196730121,39.35,5.228811967301212,0.0,ok
Palestine,PSE,Manual,0.335,0.29379094449517695,-0.04120905550482307,195131.0,ilo_calibrated,0.1230121059845465,39.35,44.57881196730121,39.35,5.228811967301212,0.0,ok
Palestine,PSE,Cleaning,0.485,0.42533912859749495,-0.059660871402505034,32525.0,ilo_calibrated,0.1230121059845465,39.35,44.57881196730121,39.35,5.228811967301212,0.0,ok
Palestine,PSE,Tech,0.32,0.28063612608494515,-0.03936387391505486,31162.0,ilo_calibrated,0.1230121059845465,39.35,44.57881196730121,39.35,5.228811967301212,0.0,ok
Palestine,PSE,ArmedForces,0.4,0.4,0.0,35383.0,ilo_calibrated,0.1230121059845465,39.35,44.57881196730121,39.35,5.228811967301212,0.0,ok
French Polynesia,PYF,Food,0.895,0.7890316797035789,-0.10596832029642111,,neighbour_backfill,0.11840035787309618,,,,,,
French Polynesia,PYF,Health,0.819,0.7220301069019341,-0.0969698930980658,,neighbour_backfill,0.11840035787309618,,,,,,
French Polynesia,PYF,Retail,0.876,0.7722812865031677,-0.10371871349683226,,neighbour_backfill,0.11840035787309618,,,,,,
French Polynesia,PYF,Security,0.846,0.7458332972393605,-0.10016670276063944,,neighbour_backfill,0.11840035787309618,,,,,,
French Polynesia,PYF,Transport,0.869,0.7661100890082794,-0.10288991099172062,,neighbour_backfill,0.11840035787309618,,,,,,
French Polynesia,PYF,Manual,0.335,0.29533588011251277,-0.03966411988748725,,neighbour_backfill,0.11840035787309618,,,,,,
French Polynesia,PYF,Cleaning,0.485,0.42757582643154834,-0.05742417356845164,,neighbour_backfill,0.11840035787309618,,,,,,
French Polynesia,PYF,Tech,0.32,0.2821118854806092,-0.03788811451939078,,neighbour_backfill,0.11840035787309618,,,,,,
French Polynesia,PYF,ArmedForces,0.4,0.4,0.0,,neighbour_backfill,0.11840035787309618,,,,,,
Qatar,QAT,Food,0.895,0.895,0.0,,global_fallback,0.0,,,,,,global_fallback
Qatar,QAT,Health,0.819,0.819,0.0,,global_fallback,0.0,,,,,,global_fallback
Qatar,QAT,Retail,0.876,0.876,0.0,,global_fallback,0.0,,,,,,global_fallback
Qatar,QAT,Security,0.846,0.846,0.0,,global_fallback,0.0,,,,,,global_fallback
Qatar,QAT,Transport,0.869,0.869,0.0,,global_fallback,0.0,,,,,,global_fallback
Qatar,QAT,Manual,0.335,0.335,0.0,,global_fallback,0.0,,,,,,global_fallback
Qatar,QAT,Cleaning,0.485,0.485,0.0,,global_fallback,0.0,,,,,,global_fallback
Qatar,QAT,Tech,0.32,0.32,0.0,,global_fallback,0.0,,,,,,global_fallback
Qatar,QAT,ArmedForces,0.4,0.4,0.0,,global_fallback,0.0,,,,,,global_fallback
Romania,ROU,Food,0.895,0.895,0.0,1361368.0,global_fallback,0.0,,51.37935870660304,51.37935870660304,,,global_fallback
Romania,ROU,Health,0.819,0.819,0.0,452047.0,global_fallback,0.0,,51.37935870660304,51.37935870660304,,,global_fallback
Romania,ROU,Retail,0.876,0.876,0.0,732326.0,global_fallback,0.0,,51.37935870660304,51.37935870660304,,,global_fallback
Romania,ROU,Security,0.846,0.846,0.0,209041.0,global_fallback,0.0,,51.37935870660304,51.37935870660304,,,global_fallback
Romania,ROU,Transport,0.869,0.869,0.0,635227.0,global_fallback,0.0,,51.37935870660304,51.37935870660304,,,global_fallback
Romania,ROU,Manual,0.335,0.335,0.0,2149765.0,global_fallback,0.0,,51.37935870660304,51.37935870660304,,,global_fallback
Romania,ROU,Cleaning,0.485,0.485,0.0,262917.0,global_fallback,0.0,,51.37935870660304,51.37935870660304,,,global_fallback
Romania,ROU,Tech,0.32,0.32,0.0,402070.0,global_fallback,0.0,,51.37935870660304,51.37935870660304,,,global_fallback
Romania,ROU,ArmedForces,0.4,0.4,0.0,47517.0,global_fallback,0.0,,51.37935870660304,51.37935870660304,,,global_fallback
Russia,RUS,Food,0.895,0.9097002366969169,0.01470023669691689,1731960.0,ilo_calibrated,0.14000225425635188,39.77,36.30972843156027,39.77,-3.4602715684397296,0.0,ok
Russia,RUS,Health,0.819,0.8443404080203997,0.02534040802039972,5582502.0,ilo_calibrated,0.14000225425635188,39.77,36.30972843156027,39.77,-3.4602715684397296,0.0,ok
Russia,RUS,Retail,0.876,0.8933602795277876,0.017360279527787625,5211362.0,ilo_calibrated,0.14000225425635188,39.77,36.30972843156027,39.77,-3.4602715684397296,0.0,ok
Russia,RUS,Security,0.846,0.8675603471554781,0.021560347155478166,2204311.0,ilo_calibrated,0.14000225425635188,39.77,36.30972843156027,39.77,-3.4602715684397296,0.0,ok
Russia,RUS,Transport,0.869,0.8873402953075821,0.018340295307582077,6695223.0,ilo_calibrated,0.14000225425635188,39.77,36.30972843156027,39.77,-3.4602715684397296,0.0,ok
Russia,RUS,Manual,0.335,0.428101499080474,0.09310149908047399,12522906.0,ilo_calibrated,0.14000225425635188,39.77,36.30972843156027,39.77,-3.4602715684397296,0.0,ok
Russia,RUS,Cleaning,0.485,0.5571011609420212,0.07210116094202124,3578734.0,ilo_calibrated,0.14000225425635188,39.77,36.30972843156027,39.77,-3.4602715684397296,0.0,ok
Russia,RUS,Tech,0.32,0.41520153289431927,0.09520153289431926,7174428.0,ilo_calibrated,0.14000225425635188,39.77,36.30972843156027,39.77,-3.4602715684397296,0.0,ok
Russia,RUS,ArmedForces,0.4,0.4,0.0,0.0,ilo_calibrated,0.14000225425635188,39.77,36.30972843156027,39.77,-3.4602715684397296,0.0,ok
Rwanda,RWA,Food,0.895,0.895,0.0,1995281.0,global_fallback,0.0,,74.5461356262527,74.5461356262527,,,global_fallback
Rwanda,RWA,Health,0.819,0.819,0.0,44642.0,global_fallback,0.0,,74.5461356262527,74.5461356262527,,,global_fallback
Rwanda,RWA,Retail,0.876,0.876,0.0,557910.0,global_fallback,0.0,,74.5461356262527,74.5461356262527,,,global_fallback
Rwanda,RWA,Security,0.846,0.846,0.0,78974.0,global_fallback,0.0,,74.5461356262527,74.5461356262527,,,global_fallback
Rwanda,RWA,Transport,0.869,0.869,0.0,120995.0,global_fallback,0.0,,74.5461356262527,74.5461356262527,,,global_fallback
Rwanda,RWA,Manual,0.335,0.335,0.0,966186.0,global_fallback,0.0,,74.5461356262527,74.5461356262527,,,global_fallback
Rwanda,RWA,Cleaning,0.485,0.485,0.0,571013.0,global_fallback,0.0,,74.5461356262527,74.5461356262527,,,global_fallback
Rwanda,RWA,Tech,0.32,0.32,0.0,212703.0,global_fallback,0.0,,74.5461356262527,74.5461356262527,,,global_fallback
Rwanda,RWA,ArmedForces,0.4,0.4,0.0,25144.0,global_fallback,0.0,,74.5461356262527,74.5461356262527,,,global_fallback
Saudi Arabia,SAU,Food,0.895,0.895,0.0,,global_fallback,0.0,,,,,,global_fallback
Saudi Arabia,SAU,Health,0.819,0.819,0.0,,global_fallback,0.0,,,,,,global_fallback
Saudi Arabia,SAU,Retail,0.876,0.876,0.0,,global_fallback,0.0,,,,,,global_fallback
Saudi Arabia,SAU,Security,0.846,0.846,0.0,,global_fallback,0.0,,,,,,global_fallback
Saudi Arabia,SAU,Transport,0.869,0.869,0.0,,global_fallback,0.0,,,,,,global_fallback
Saudi Arabia,SAU,Manual,0.335,0.335,0.0,,global_fallback,0.0,,,,,,global_fallback
Saudi Arabia,SAU,Cleaning,0.485,0.485,0.0,,global_fallback,0.0,,,,,,global_fallback
Saudi Arabia,SAU,Tech,0.32,0.32,0.0,,global_fallback,0.0,,,,,,global_fallback
Saudi Arabia,SAU,ArmedForces,0.4,0.4,0.0,,global_fallback,0.0,,,,,,global_fallback
Sudan,SDN,Food,0.895,0.895,0.0,3354360.0,global_fallback,0.0,,62.46430181202116,62.46430181202116,,,global_fallback
Sudan,SDN,Health,0.819,0.819,0.0,138383.0,global_fallback,0.0,,62.46430181202116,62.46430181202116,,,global_fallback
Sudan,SDN,Retail,0.876,0.876,0.0,1712499.0,global_fallback,0.0,,62.46430181202116,62.46430181202116,,,global_fallback
Sudan,SDN,Security,0.846,0.846,0.0,70878.0,global_fallback,0.0,,62.46430181202116,62.46430181202116,,,global_fallback
Sudan,SDN,Transport,0.869,0.869,0.0,256028.00000000003,global_fallback,0.0,,62.46430181202116,62.46430181202116,,,global_fallback
Sudan,SDN,Manual,0.335,0.335,0.0,1195061.0,global_fallback,0.0,,62.46430181202116,62.46430181202116,,,global_fallback
Sudan,SDN,Cleaning,0.485,0.485,0.0,329830.0,global_fallback,0.0,,62.46430181202116,62.46430181202116,,,global_fallback
Sudan,SDN,Tech,0.32,0.32,0.0,289414.0,global_fallback,0.0,,62.46430181202116,62.46430181202116,,,global_fallback
Sudan,SDN,ArmedForces,0.4,0.4,0.0,267604.0,global_fallback,0.0,,62.46430181202116,62.46430181202116,,,global_fallback
Senegal,SEN,Food,0.895,0.895,0.0,1763714.0,global_fallback,0.0,,66.06757144222857,66.06757144222857,,,global_fallback
Senegal,SEN,Health,0.819,0.819,0.0,60023.0,global_fallback,0.0,,66.06757144222857,66.06757144222857,,,global_fallback
Senegal,SEN,Retail,0.876,0.876,0.0,1221963.0,global_fallback,0.0,,66.06757144222857,66.06757144222857,,,global_fallback
Senegal,SEN,Security,0.846,0.846,0.0,54033.0,global_fallback,0.0,,66.06757144222857,66.06757144222857,,,global_fallback
Senegal,SEN,Transport,0.869,0.869,0.0,176969.0,global_fallback,0.0,,66.06757144222857,66.06757144222857,,,global_fallback
Senegal,SEN,Manual,0.335,0.335,0.0,1030500.0,global_fallback,0.0,,66.06757144222857,66.06757144222857,,,global_fallback
Senegal,SEN,Cleaning,0.485,0.485,0.0,304928.0,global_fallback,0.0,,66.06757144222857,66.06757144222857,,,global_fallback
Senegal,SEN,Tech,0.32,0.32,0.0,446487.0,global_fallback,0.0,,66.06757144222857,66.06757144222857,,,global_fallback
Senegal,SEN,ArmedForces,0.4,0.4,0.0,11870.0,global_fallback,0.0,,66.06757144222857,66.06757144222857,,,global_fallback
Singapore,SGP,Food,0.895,0.895,0.0,42378.0,global_fallback,0.0,,5.090509592556456,5.090509592556456,,,global_fallback
Singapore,SGP,Health,0.819,0.819,0.0,95622.0,global_fallback,0.0,,5.090509592556456,5.090509592556456,,,global_fallback
Singapore,SGP,Retail,0.876,0.876,0.0,106642.0,global_fallback,0.0,,5.090509592556456,5.090509592556456,,,global_fallback
Singapore,SGP,Security,0.846,0.846,0.0,40384.0,global_fallback,0.0,,5.090509592556456,5.090509592556456,,,global_fallback
Singapore,SGP,Transport,0.869,0.869,0.0,112416.0,global_fallback,0.0,,5.090509592556456,5.090509592556456,,,global_fallback
Singapore,SGP,Manual,0.335,0.335,0.0,100607.0,global_fallback,0.0,,5.090509592556456,5.090509592556456,,,global_fallback
Singapore,SGP,Cleaning,0.485,0.485,0.0,96275.0,global_fallback,0.0,,5.090509592556456,5.090509592556456,,,global_fallback
Singapore,SGP,Tech,0.32,0.32,0.0,184647.0,global_fallback,0.0,,5.090509592556456,5.090509592556456,,,global_fallback
Singapore,SGP,ArmedForces,0.4,0.4,0.0,0.0,global_fallback,0.0,,5.090509592556456,5.090509592556456,,,global_fallback
Solomon Islands,SLB,Food,0.895,0.8785969788767287,-0.0164030211232713,,neighbour_backfill,0.17327278879618588,59.34,,,,,
Solomon Islands,SLB,Health,0.819,0.8157657108252387,-0.003234289174761207,,neighbour_backfill,0.17327278879618588,59.34,,,,,
Solomon Islands,SLB,Retail,0.876,0.8628891618638561,-0.013110838136143887,,neighbour_backfill,0.17327278879618588,59.34,,,,,
Solomon Islands,SLB,Security,0.846,0.8380873455277418,-0.007912654472258196,,neighbour_backfill,0.17327278879618588,59.34,,,,,
Solomon Islands,SLB,Transport,0.869,0.8571020713854294,-0.011897928614570619,,neighbour_backfill,0.17327278879618588,59.34,,,,,
Solomon Islands,SLB,Manual,0.335,0.4156297406025927,0.0806297406025927,,neighbour_backfill,0.17327278879618588,59.34,,,,,
Solomon Islands,SLB,Cleaning,0.485,0.5396388222831648,0.054638822283164856,,neighbour_backfill,0.17327278879618588,59.34,,,,,
Solomon Islands,SLB,Tech,0.32,0.40322883243453544,0.08322883243453544,,neighbour_backfill,0.17327278879618588,59.34,,,,,
Solomon Islands,SLB,ArmedForces,0.4,0.4,0.0,,neighbour_backfill,0.17327278879618588,59.34,,,,,
Sierra Leone,SLE,Food,0.895,0.9429577385662353,0.04795773856623531,1181537.0,ilo_calibrated,0.45674036729747897,83.21,75.03795336812766,83.21000000000002,-8.172046631872334,2.842170943040401e-14,ok
Sierra Leone,SLE,Health,0.819,0.9016700064808436,0.08267000648084366,29989.0,ilo_calibrated,0.45674036729747897,83.21,75.03795336812766,83.21000000000002,-8.172046631872334,2.842170943040401e-14,ok
Sierra Leone,SLE,Retail,0.876,0.9326358055448873,0.05663580554488734,703626.0,ilo_calibrated,0.45674036729747897,83.21,75.03795336812766,83.21000000000002,-8.172046631872334,2.842170943040401e-14,ok
Sierra Leone,SLE,Security,0.846,0.9163380165638118,0.07033801656381178,34859.0,ilo_calibrated,0.45674036729747897,83.21,75.03795336812766,83.21000000000002,-8.172046631872334,2.842170943040401e-14,ok
Sierra Leone,SLE,Transport,0.869,0.9288329881159697,0.05983298811596971,93590.0,ilo_calibrated,0.45674036729747897,83.21,75.03795336812766,83.21000000000002,-8.172046631872334,2.842170943040401e-14,ok
Sierra Leone,SLE,Manual,0.335,0.6387323442528235,0.3037323442528235,248942.0,ilo_calibrated,0.45674036729747897,83.21,75.03795336812766,83.21000000000002,-8.172046631872334,2.842170943040401e-14,ok
Sierra Leone,SLE,Cleaning,0.485,0.7202212891582016,0.23522128915820162,9340.0,ilo_calibrated,0.45674036729747897,83.21,75.03795336812766,83.21000000000002,-8.172046631872334,2.842170943040401e-14,ok
Sierra Leone,SLE,Tech,0.32,0.6305834497622858,0.31058344976228575,81023.0,ilo_calibrated,0.45674036729747897,83.21,75.03795336812766,83.21000000000002,-8.172046631872334,2.842170943040401e-14,ok
Sierra Leone,SLE,ArmedForces,0.4,0.4,0.0,13396.0,ilo_calibrated,0.45674036729747897,83.21,75.03795336812766,83.21000000000002,-8.172046631872334,2.842170943040401e-14,ok
El Salvador,SLV,Food,0.895,0.8180557210904054,-0.07694427890959465,445427.0,ilo_calibrated,0.08597126135150245,50.23,54.934882953812725,50.23,4.704882953812728,0.0,ok
El Salvador,SLV,Health,0.819,0.7485895369531195,-0.07041046304688048,107249.0,ilo_calibrated,0.08597126135150245,50.23,54.934882953812725,50.23,4.704882953812728,0.0,ok
El Salvador,SLV,Retail,0.876,0.8006891750560838,-0.07531082494391617,608267.0,ilo_calibrated,0.08597126135150245,50.23,54.934882953812725,50.23,4.704882953812728,0.0,ok
El Salvador,SLV,Security,0.846,0.7732683128966289,-0.07273168710337108,96216.0,ilo_calibrated,0.08597126135150245,50.23,54.934882953812725,50.23,4.704882953812728,0.0,ok
El Salvador,SLV,Transport,0.869,0.7942909738855444,-0.07470902611445562,118698.0,ilo_calibrated,0.08597126135150245,50.23,54.934882953812725,50.23,4.704882953812728,0.0,ok
El Salvador,SLV,Manual,0.335,0.3061996274472467,-0.028800372552753306,665780.0,ilo_calibrated,0.08597126135150245,50.23,54.934882953812725,50.23,4.704882953812728,0.0,ok
El Salvador,SLV,Cleaning,0.485,0.4433039382445213,-0.041696061755478686,227514.0,ilo_calibrated,0.08597126135150245,50.23,54.934882953812725,50.23,4.704882953812728,0.0,ok
El Salvador,SLV,Tech,0.32,0.29248919636751924,-0.027510803632480763,235481.0,ilo_calibrated,0.08597126135150245,50.23,54.934882953812725,50.23,4.704882953812728,0.0,ok
El Salvador,SLV,ArmedForces,0.4,0.4,0.0,15371.0,ilo_calibrated,0.08597126135150245,50.23,54.934882953812725,50.23,4.704882953812728,0.0,ok
San Marino,SMR,Food,0.895,0.8086034489763044,-0.08639655102369559,,neighbour_backfill,0.09653245924435251,,,,,,
San Marino,SMR,Health,0.819,0.7399399158788752,-0.07906008412112475,,neighbour_backfill,0.09653245924435251,,,,,,
San Marino,SMR,Retail,0.876,0.7914375657019472,-0.08456243429805277,,neighbour_backfill,0.09653245924435251,,,,,,
San Marino,SMR,Security,0.846,0.7643335394792777,-0.08166646052072224,,neighbour_backfill,0.09653245924435251,,,,,,
San Marino,SMR,Transport,0.869,0.7851132929166577,-0.08388670708334234,,neighbour_backfill,0.09653245924435251,,,,,,
San Marino,SMR,Manual,0.335,0.3026616261531419,-0.032338373846858115,,neighbour_backfill,0.09653245924435251,,,,,,
San Marino,SMR,Cleaning,0.485,0.438181757266489,-0.046818242733510984,,neighbour_backfill,0.09653245924435251,,,,,,
San Marino,SMR,Tech,0.32,0.2891096130418072,-0.030890386958192795,,neighbour_backfill,0.09653245924435251,,,,,,
San Marino,SMR,ArmedForces,0.4,0.4,0.0,,neighbour_backfill,0.09653245924435251,,,,,,
Somalia,SOM,Food,0.895,0.895,0.0,133124.0,global_fallback,0.0,,42.88968792794462,42.88968792794462,,,global_fallback
Somalia,SOM,Health,0.819,0.819,0.0,57318.0,global_fallback,0.0,,42.88968792794462,42.88968792794462,,,global_fallback
Somalia,SOM,Retail,0.876,0.876,0.0,47510.0,global_fallback,0.0,,42.88968792794462,42.88968792794462,,,global_fallback
Somalia,SOM,Security,0.846,0.846,0.0,5151.0,global_fallback,0.0,,42.88968792794462,42.88968792794462,,,global_fallback
Somalia,SOM,Transport,0.869,0.869,0.0,44735.0,global_fallback,0.0,,42.88968792794462,42.88968792794462,,,global_fallback
Somalia,SOM,Manual,0.335,0.335,0.0,85580.0,global_fallback,0.0,,42.88968792794462,42.88968792794462,,,global_fallback
Somalia,SOM,Cleaning,0.485,0.485,0.0,307530.0,global_fallback,0.0,,42.88968792794462,42.88968792794462,,,global_fallback
Somalia,SOM,Tech,0.32,0.32,0.0,19112.0,global_fallback,0.0,,42.88968792794462,42.88968792794462,,,global_fallback
Somalia,SOM,ArmedForces,0.4,0.4,0.0,23866.0,global_fallback,0.0,,42.88968792794462,42.88968792794462,,,global_fallback
Serbia,SRB,Food,0.895,0.9026491584752644,0.007649158475264373,573587.0,ilo_calibrated,0.07284912833585148,45.77,44.010284359883926,45.77000000000002,-1.7597156401160774,1.4210854715202004e-14,ok
Serbia,SRB,Health,0.819,0.832185692228789,0.01318569222878907,162803.0,ilo_calibrated,0.07284912833585148,45.77,44.010284359883926,45.77000000000002,-1.7597156401160774,1.4210854715202004e-14,ok
Serbia,SRB,Retail,0.876,0.8850332919136455,0.009033291913645547,230903.0,ilo_calibrated,0.07284912833585148,45.77,44.010284359883926,45.77000000000002,-1.7597156401160774,1.4210854715202004e-14,ok
Serbia,SRB,Security,0.846,0.8572187657637211,0.011218765763721161,68651.0,ilo_calibrated,0.07284912833585148,45.77,44.010284359883926,45.77000000000002,-1.7597156401160774,1.4210854715202004e-14,ok
Serbia,SRB,Transport,0.869,0.8785432358119966,0.009543235811996564,149748.0,ilo_calibrated,0.07284912833585148,45.77,44.010284359883926,45.77000000000002,-1.7597156401160774,1.4210854715202004e-14,ok
Serbia,SRB,Manual,0.335,0.3834446703433413,0.04844467034334127,587644.0,ilo_calibrated,0.07284912833585148,45.77,44.010284359883926,45.77000000000002,-1.7597156401160774,1.4210854715202004e-14,ok
Serbia,SRB,Cleaning,0.485,0.5225173010929635,0.03751730109296347,105090.0,ilo_calibrated,0.07284912833585148,45.77,44.010284359883926,45.77000000000002,-1.7597156401160774,1.4210854715202004e-14,ok
Serbia,SRB,Tech,0.32,0.369537407268379,0.04953740726837902,228891.0,ilo_calibrated,0.07284912833585148,45.77,44.010284359883926,45.77000000000002,-1.7597156401160774,1.4210854715202004e-14,ok
Serbia,SRB,ArmedForces,0.4,0.4,0.0,16269.0,ilo_calibrated,0.07284912833585148,45.77,44.010284359883926,45.77000000000002,-1.7597156401160774,1.4210854715202004e-14,ok
South Sudan,SSD,Food,0.895,0.9012811695972721,0.006281169597272096,,,0.05982066283116299,,,,,,
South Sudan,SSD,Health,0.819,0.8298275399724404,0.010827539972440459,,,0.05982066283116299,,,,,,
South Sudan,SSD,Retail,0.876,0.8834177621910642,0.007417762191064159,,,0.05982066283116299,,,,,,
South Sudan,SSD,Security,0.846,0.855212382075999,0.00921238207599906,,,0.05982066283116299,,,,,,
South Sudan,SSD,Transport,0.869,0.8768365068308823,0.007836506830882328,,,0.05982066283116299,,,,,,
South Sudan,SSD,Manual,0.335,0.3747807407827234,0.03978074078272337,,,0.05982066283116299,,,,,,
South Sudan,SSD,Cleaning,0.485,0.5158076413580489,0.03080764135804892,,,0.05982066283116299,,,,,,
South Sudan,SSD,Tech,0.32,0.3606780507251908,0.04067805072519082,,,0.05982066283116299,,,,,,
South Sudan,SSD,ArmedForces,0.4,0.4,0.0,,,0.05982066283116299,,,,,,
Sao Tome and Principe,STP,Food,0.895,0.895,0.0,2813.0,global_fallback,0.0,,53.51752552837805,53.51752552837805,,,global_fallback
Sao Tome and Principe,STP,Health,0.819,0.819,0.0,1059.0,global_fallback,0.0,,53.51752552837805,53.51752552837805,,,global_fallback
Sao Tome and Principe,STP,Retail,0.876,0.876,0.0,4010.0,global_fallback,0.0,,53.51752552837805,53.51752552837805,,,global_fallback
Sao Tome and Principe,STP,Security,0.846,0.846,0.0,1241.0,global_fallback,0.0,,53.51752552837805,53.51752552837805,,,global_fallback
Sao Tome and Principe,STP,Transport,0.869,0.869,0.0,982.0,global_fallback,0.0,,53.51752552837805,53.51752552837805,,,global_fallback
Sao Tome and Principe,STP,Manual,0.335,0.335,0.0,3681.0,global_fallback,0.0,,53.51752552837805,53.51752552837805,,,global_fallback
Sao Tome and Principe,STP,Cleaning,0.485,0.485,0.0,1108.0,global_fallback,0.0,,53.51752552837805,53.51752552837805,,,global_fallback
Sao Tome and Principe,STP,Tech,0.32,0.32,0.0,2017.0,global_fallback,0.0,,53.51752552837805,53.51752552837805,,,global_fallback
Sao Tome and Principe,STP,ArmedForces,0.4,0.4,0.0,128.0,global_fallback,0.0,,53.51752552837805,53.51752552837805,,,global_fallback
Suriname,SUR,Food,0.895,0.9074811575679997,0.012481157567999723,17084.0,ilo_calibrated,0.11886816731428321,46.14,42.97976022901609,46.14000000000001,-3.160239770983914,7.105427357601002e-15,ok
Suriname,SUR,Health,0.819,0.8405151382838852,0.021515138283885293,7818.0,ilo_calibrated,0.11886816731428321,46.14,42.97976022901609,46.14000000000001,-3.160239770983914,7.105427357601002e-15,ok
Suriname,SUR,Retail,0.876,0.8907396527469711,0.014739652746971088,16813.0,ilo_calibrated,0.11886816731428321,46.14,42.97976022901609,46.14000000000001,-3.160239770983914,7.105427357601002e-15,ok
Suriname,SUR,Security,0.846,0.8643056977663995,0.018305697766399565,11260.0,ilo_calibrated,0.11886816731428321,46.14,42.97976022901609,46.14000000000001,-3.160239770983914,7.105427357601002e-15,ok
Suriname,SUR,Transport,0.869,0.8845717299181711,0.015571729918171129,12791.0,ilo_calibrated,0.11886816731428321,46.14,42.97976022901609,46.14000000000001,-3.160239770983914,7.105427357601002e-15,ok
Suriname,SUR,Manual,0.335,0.41404733126399834,0.07904733126399832,35409.0,ilo_calibrated,0.11886816731428321,46.14,42.97976022901609,46.14000000000001,-3.160239770983914,7.105427357601002e-15,ok
Suriname,SUR,Cleaning,0.485,0.5462171061668558,0.06121710616685583,13971.0,ilo_calibrated,0.11886816731428321,46.14,42.97976022901609,46.14000000000001,-3.160239770983914,7.105427357601002e-15,ok
Suriname,SUR,Tech,0.32,0.40083035377371257,0.08083035377371256,16152.0,ilo_calibrated,0.11886816731428321,46.14,42.97976022901609,46.14000000000001,-3.160239770983914,7.105427357601002e-15,ok
Suriname,SUR,ArmedForces,0.4,0.4,0.0,1638.0,ilo_calibrated,0.11886816731428321,46.14,42.97976022901609,46.14000000000001,-3.160239770983914,7.105427357601002e-15,ok
Slovakia,SVK,Food,0.895,0.8989420275702114,0.003942027570211337,49687.0,ilo_calibrated,0.037543119716298985,34.58,33.52312642335407,34.58,-1.056873576645927,0.0,ok
Slovakia,SVK,Health,0.819,0.82579530466865,0.006795304668650082,199387.0,ilo_calibrated,0.037543119716298985,34.58,33.52312642335407,34.58,-1.056873576645927,0.0,ok
Slovakia,SVK,Retail,0.876,0.880655346844821,0.004655346844821051,196868.0,ilo_calibrated,0.037543119716298985,34.58,33.52312642335407,34.58,-1.056873576645927,0.0,ok
Slovakia,SVK,Security,0.846,0.85178164043631,0.0057816404363100204,44828.0,ilo_calibrated,0.037543119716298985,34.58,33.52312642335407,34.58,-1.056873576645927,0.0,ok
Slovakia,SVK,Transport,0.869,0.8739181486828351,0.004918148682835133,134880.0,ilo_calibrated,0.037543119716298985,34.58,33.52312642335407,34.58,-1.056873576645927,0.0,ok
Slovakia,SVK,Manual,0.335,0.35996617461133884,0.02496617461133882,625637.0,ilo_calibrated,0.037543119716298985,34.58,33.52312642335407,34.58,-1.056873576645927,0.0,ok
Slovakia,SVK,Cleaning,0.485,0.504334706653894,0.01933470665389403,68585.0,ilo_calibrated,0.037543119716298985,34.58,33.52312642335407,34.58,-1.056873576645927,0.0,ok
Slovakia,SVK,Tech,0.32,0.3455293214070833,0.025529321407083305,283589.0,ilo_calibrated,0.037543119716298985,34.58,33.52312642335407,34.58,-1.056873576645927,0.0,ok
Slovakia,SVK,ArmedForces,0.4,0.4,0.0,14275.0,ilo_calibrated,0.037543119716298985,34.58,33.52312642335407,34.58,-1.056873576645927,0.0,ok
Slovenia,SVN,Food,0.895,0.895,0.0,49367.0,global_fallback,0.0,,32.92081373782704,32.92081373782704,,,global_fallback
Slovenia,SVN,Health,0.819,0.819,0.0,69828.0,global_fallback,0.0,,32.92081373782704,32.92081373782704,,,global_fallback
Slovenia,SVN,Retail,0.876,0.876,0.0,56092.0,global_fallback,0.0,,32.92081373782704,32.92081373782704,,,global_fallback
Slovenia,SVN,Security,0.846,0.846,0.0,13456.0,global_fallback,0.0,,32.92081373782704,32.92081373782704,,,global_fallback
Slovenia,SVN,Transport,0.869,0.869,0.0,40382.0,global_fallback,0.0,,32.92081373782704,32.92081373782704,,,global_fallback
Slovenia,SVN,Manual,0.335,0.335,0.0,225717.0,global_fallback,0.0,,32.92081373782704,32.92081373782704,,,global_fallback
Slovenia,SVN,Cleaning,0.485,0.485,0.0,43415.0,global_fallback,0.0,,32.92081373782704,32.92081373782704,,,global_fallback
Slovenia,SVN,Tech,0.32,0.32,0.0,91130.0,global_fallback,0.0,,32.92081373782704,32.92081373782704,,,global_fallback
Slovenia,SVN,ArmedForces,0.4,0.4,0.0,7239.0,global_fallback,0.0,,32.92081373782704,32.92081373782704,,,global_fallback
Sweden,SWE,Food,0.895,0.895,0.0,157474.0,global_fallback,0.0,,29.255271274491307,29.255271274491307,,,global_fallback
Sweden,SWE,Health,0.819,0.819,0.0,760771.0,global_fallback,0.0,,29.255271274491307,29.255271274491307,,,global_fallback
Sweden,SWE,Retail,0.876,0.876,0.0,219759.0,global_fallback,0.0,,29.255271274491307,29.255271274491307,,,global_fallback
Sweden,SWE,Security,0.846,0.846,0.0,45877.0,global_fallback,0.0,,29.255271274491307,29.255271274491307,,,global_fallback
Sweden,SWE,Transport,0.869,0.869,0.0,185462.0,global_fallback,0.0,,29.255271274491307,29.255271274491307,,,global_fallback
Sweden,SWE,Manual,0.335,0.335,0.0,584789.0,global_fallback,0.0,,29.255271274491307,29.255271274491307,,,global_fallback
Sweden,SWE,Cleaning,0.485,0.485,0.0,95343.0,global_fallback,0.0,,29.255271274491307,29.255271274491307,,,global_fallback
Sweden,SWE,Tech,0.32,0.32,0.0,484650.0,global_fallback,0.0,,29.255271274491307,29.255271274491307,,,global_fallback
Sweden,SWE,ArmedForces,0.4,0.4,0.0,18120.0,global_fallback,0.0,,29.255271274491307,29.255271274491307,,,global_fallback
Eswatini,SWZ,Food,0.895,0.770827171994306,-0.12417282800569407,46779.0,ilo_calibrated,0.1387405899504962,49.25,57.157591412995515,49.25000000000001,7.907591412995515,7.105427357601002e-15,ok
Eswatini,SWZ,Health,0.819,0.7053714568305436,-0.11362854316945636,7237.0,ilo_calibrated,0.1387405899504962,49.25,57.157591412995515,49.25000000000001,7.907591412995515,7.105427357601002e-15,ok
Eswatini,SWZ,Retail,0.876,0.7544632432033653,-0.12153675679663467,34760.0,ilo_calibrated,0.1387405899504962,49.25,57.157591412995515,49.25000000000001,7.907591412995515,7.105427357601002e-15,ok
Eswatini,SWZ,Security,0.846,0.7286254609018802,-0.11737453909811979,11145.0,ilo_calibrated,0.1387405899504962,49.25,57.157591412995515,49.25000000000001,7.907591412995515,7.105427357601002e-15,ok
Eswatini,SWZ,Transport,0.869,0.7484344273330188,-0.1205655726669812,12484.0,ilo_calibrated,0.1387405899504962,49.25,57.157591412995515,49.25000000000001,7.907591412995515,7.105427357601002e-15,ok
Eswatini,SWZ,Manual,0.335,0.2885219023665838,-0.046478097633416204,38245.0,ilo_calibrated,0.1387405899504962,49.25,57.157591412995515,49.25000000000001,7.907591412995515,7.105427357601002e-15,ok
Eswatini,SWZ,Cleaning,0.485,0.4177108138740093,-0.06728918612599066,24416.0,ilo_calibrated,0.1387405899504962,49.25,57.157591412995515,49.25000000000001,7.907591412995515,7.105427357601002e-15,ok
Eswatini,SWZ,Tech,0.32,0.27560301121584124,-0.044396988784158764,14650.0,ilo_calibrated,0.1387405899504962,49.25,57.157591412995515,49.25000000000001,7.907591412995515,7.105427357601002e-15,ok
Eswatini,SWZ,ArmedForces,0.4,0.4,0.0,909.0,ilo_calibrated,0.1387405899504962,49.25,57.157591412995515,49.25000000000001,7.907591412995515,7.105427357601002e-15,ok
Sint Maarten,SXM,Food,0.895,0.8547146198667627,-0.04028538013323735,,,0.2577275260926028,,,,,,
Sint Maarten,SXM,Health,0.819,0.7983019118498005,-0.020698088150199467,,,0.2577275260926028,,,,,,
Sint Maarten,SXM,Retail,0.876,0.8406114428625221,-0.035388557137477905,,,0.2577275260926028,,,,,,
Sint Maarten,SXM,Security,0.846,0.8183432686453002,-0.027656731354699815,,,0.2577275260926028,,,,,,
Sint Maarten,SXM,Transport,0.869,0.8354155355451702,-0.033584464454829766,,,0.2577275260926028,,,,,,
Sint Maarten,SXM,Manual,0.335,0.4390420344786203,0.10404203447862026,,,0.2577275260926028,,,,,,
Sint Maarten,SXM,Cleaning,0.485,0.5503829055647298,0.06538290556472981,,,0.2577275260926028,,,,,,
Sint Maarten,SXM,Tech,0.32,0.4279079473700092,0.1079079473700092,,,0.2577275260926028,,,,,,
Sint Maarten,SXM,ArmedForces,0.4,0.4,0.0,,,0.2577275260926028,,,,,,
Seychelles,SYC,Food,0.895,0.909840635300146,0.01484063530014601,3000.0,ilo_calibrated,0.14133938381091463,43.67,40.387306281793435,43.67,-3.2826937182065663,0.0,ok
Seychelles,SYC,Health,0.819,0.8445824284697755,0.025582428469775542,5964.0,ilo_calibrated,0.14133938381091463,43.67,40.387306281793435,43.67,-3.2826937182065663,0.0,ok
Seychelles,SYC,Retail,0.876,0.8935260835925534,0.017526083592553365,2708.0,ilo_calibrated,0.14133938381091463,43.67,40.387306281793435,43.67,-3.2826937182065663,0.0,ok
Seychelles,SYC,Security,0.846,0.8677662651068808,0.021766265106880844,2458.0,ilo_calibrated,0.14133938381091463,43.67,40.387306281793435,43.67,-3.2826937182065663,0.0,ok
Seychelles,SYC,Transport,0.869,0.8875154592792298,0.018515459279229818,3148.0,ilo_calibrated,0.14133938381091463,43.67,40.387306281793435,43.67,-3.2826937182065663,0.0,ok
Seychelles,SYC,Manual,0.335,0.42899069023425823,0.09399069023425821,6077.0,ilo_calibrated,0.14133938381091463,43.67,40.387306281793435,43.67,-3.2826937182065663,0.0,ok
Seychelles,SYC,Cleaning,0.485,0.557789782662621,0.07278978266262104,4495.0,ilo_calibrated,0.14133938381091463,43.67,40.387306281793435,43.67,-3.2826937182065663,0.0,ok
Seychelles,SYC,Tech,0.32,0.41611078099142196,0.09611078099142195,4268.0,ilo_calibrated,0.14133938381091463,43.67,40.387306281793435,43.67,-3.2826937182065663,0.0,ok
Seychelles,SYC,ArmedForces,0.4,0.4,0.0,363.0,ilo_calibrated,0.14133938381091463,43.67,40.387306281793435,43.67,-3.2826937182065663,0.0,ok
Syria,SYR,Food,0.895,0.8280194203319394,-0.06698057966806059,,neighbour_backfill,0.1643351376644602,,,,,,
Syria,SYR,Health,0.819,0.7645088907944384,-0.05449110920556155,,neighbour_backfill,0.1643351376644602,,,,,,
Syria,SYR,Retail,0.876,0.8121417879475641,-0.06385821205243591,,neighbour_backfill,0.1643351376644602,,,,,,
Syria,SYR,Security,0.846,0.7870718420774979,-0.058928157922502056,,neighbour_backfill,0.1643351376644602,,,,,,
Syria,SYR,Transport,0.869,0.8062921339112153,-0.06270786608878465,,neighbour_backfill,0.1643351376644602,,,,,,
Syria,SYR,Manual,0.335,0.3600470974240371,0.0250470974240371,,neighbour_backfill,0.1643351376644602,,,,,,
Syria,SYR,Cleaning,0.485,0.485396826774368,0.00039682677436803093,,neighbour_backfill,0.1643351376644602,,,,,,
Syria,SYR,Tech,0.32,0.34751212448900404,0.02751212448900403,,neighbour_backfill,0.1643351376644602,,,,,,
Syria,SYR,ArmedForces,0.4,0.4,0.0,,neighbour_backfill,0.1643351376644602,,,,,,
Turks and Caicos Islands,TCA,Food,0.895,0.8045869607743004,-0.09041303922569965,,,0.10102015555944094,,,,,,
Turks and Caicos Islands,TCA,Health,0.819,0.7362644925968178,-0.08273550740318214,,,0.10102015555944094,,,,,,
Turks and Caicos Islands,TCA,Retail,0.876,0.7875063437299297,-0.08849365627007033,,,0.10102015555944094,,,,,,
Turks and Caicos Islands,TCA,Security,0.846,0.7605369483967129,-0.08546305160328704,,,0.10102015555944094,,,,,,
Turks and Caicos Islands,TCA,Transport,0.869,0.7812134848188458,-0.08778651518115421,,,0.10102015555944094,,,,,,
Turks and Caicos Islands,TCA,Manual,0.335,0.30115824788758727,-0.03384175211241275,,,0.10102015555944094,,,,,,
Turks and Caicos Islands,TCA,Cleaning,0.485,0.43600522455367113,-0.04899477544632885,,,0.10102015555944094,,,,,,
Turks and Caicos Islands,TCA,Tech,0.32,0.2876735502209789,-0.032326449779021105,,,0.10102015555944094,,,,,,
Turks and Caicos Islands,TCA,ArmedForces,0.4,0.4,0.0,,,0.10102015555944094,,,,,,
Chad,TCD,Food,0.895,0.9012811695972721,0.006281169597272096,,neighbour_backfill,0.05982066283116299,,,,,,
Chad,TCD,Health,0.819,0.8298275399724404,0.010827539972440459,,neighbour_backfill,0.05982066283116299,,,,,,
Chad,TCD,Retail,0.876,0.8834177621910642,0.007417762191064159,,neighbour_backfill,0.05982066283116299,,,,,,
Chad,TCD,Security,0.846,0.855212382075999,0.00921238207599906,,neighbour_backfill,0.05982066283116299,,,,,,
Chad,TCD,Transport,0.869,0.8768365068308823,0.007836506830882328,,neighbour_backfill,0.05982066283116299,,,,,,
Chad,TCD,Manual,0.335,0.3747807407827234,0.03978074078272337,,neighbour_backfill,0.05982066283116299,,,,,,
Chad,TCD,Cleaning,0.485,0.5158076413580489,0.03080764135804892,,neighbour_backfill,0.05982066283116299,,,,,,
Chad,TCD,Tech,0.32,0.3606780507251908,0.04067805072519082,,neighbour_backfill,0.05982066283116299,,,,,,
Chad,TCD,ArmedForces,0.4,0.4,0.0,,neighbour_backfill,0.05982066283116299,,,,,,
Togo,TGO,Food,0.895,0.7799734723083389,-0.1150265276916611,1366194.0,ilo_calibrated,0.12852125999068273,63.47,72.81133279491921,63.470000000000006,9.34133279491921,7.105427357601002e-15,ok
Togo,TGO,Health,0.819,0.7137410880676308,-0.10525891193236914,40387.0,ilo_calibrated,0.12852125999068273,63.47,72.81133279491921,63.470000000000006,9.34133279491921,7.105427357601002e-15,ok
Togo,TGO,Retail,0.876,0.7634153762481619,-0.11258462375183809,920900.0,ilo_calibrated,0.12852125999068273,63.47,72.81133279491921,63.470000000000006,9.34133279491921,7.105427357601002e-15,ok
Togo,TGO,Security,0.846,0.7372710140478823,-0.10872898595211766,26532.0,ilo_calibrated,0.12852125999068273,63.47,72.81133279491921,63.470000000000006,9.34133279491921,7.105427357601002e-15,ok
Togo,TGO,Transport,0.869,0.7573150250680967,-0.11168497493190332,112089.0,ilo_calibrated,0.12852125999068273,63.47,72.81133279491921,63.470000000000006,9.34133279491921,7.105427357601002e-15,ok
Togo,TGO,Manual,0.335,0.2919453779031213,-0.043054622096878714,466584.0,ilo_calibrated,0.12852125999068273,63.47,72.81133279491921,63.470000000000006,9.34133279491921,7.105427357601002e-15,ok
Togo,TGO,Cleaning,0.485,0.4226671889045189,-0.06233281109548111,124422.0,ilo_calibrated,0.12852125999068273,63.47,72.81133279491921,63.470000000000006,9.34133279491921,7.105427357601002e-15,ok
Togo,TGO,Tech,0.32,0.2788731968029815,-0.0411268031970185,144304.0,ilo_calibrated,0.12852125999068273,63.47,72.81133279491921,63.470000000000006,9.34133279491921,7.105427357601002e-15,ok
Togo,TGO,ArmedForces,0.4,0.4,0.0,10779.0,ilo_calibrated,0.12852125999068273,63.47,72.81133279491921,63.470000000000006,9.34133279491921,7.105427357601002e-15,ok
Thailand,THA,Food,0.895,0.8686532022319547,-0.02634679776804527,11741187.0,ilo_calibrated,0.029437762869324265,56.39,58.09832994266897,56.38999999999999,1.7083299426689678,-7.105427357601002e-15,ok
Thailand,THA,Health,0.819,0.7948904722100233,-0.02410952778997666,721547.0,ilo_calibrated,0.029437762869324265,56.39,58.09832994266897,56.38999999999999,1.7083299426689678,-7.105427357601002e-15,ok
Thailand,THA,Retail,0.876,0.8502125197264719,-0.025787480273528063,6109102.0,ilo_calibrated,0.029437762869324265,56.39,58.09832994266897,56.38999999999999,1.7083299426689678,-7.105427357601002e-15,ok
Thailand,THA,Security,0.846,0.8210956526125516,-0.0249043473874484,586891.0,ilo_calibrated,0.029437762869324265,56.39,58.09832994266897,56.38999999999999,1.7083299426689678,-7.105427357601002e-15,ok
Thailand,THA,Transport,0.869,0.8434185840665571,-0.025581415933442875,2095647.0,ilo_calibrated,0.029437762869324265,56.39,58.09832994266897,56.38999999999999,1.7083299426689678,-7.105427357601002e-15,ok
Thailand,THA,Manual,0.335,0.3251383494387764,-0.009861650561223623,8033469.0,ilo_calibrated,0.029437762869324265,56.39,58.09832994266897,56.38999999999999,1.7083299426689678,-7.105427357601002e-15,ok
Thailand,THA,Cleaning,0.485,0.4707226850083777,-0.01427731499162227,1544271.0,ilo_calibrated,0.029437762869324265,56.39,58.09832994266897,56.38999999999999,1.7083299426689678,-7.105427357601002e-15,ok
Thailand,THA,Tech,0.32,0.3105799158818162,-0.009420084118183791,2786566.0,ilo_calibrated,0.029437762869324265,56.39,58.09832994266897,56.38999999999999,1.7083299426689678,-7.105427357601002e-15,ok
Thailand,THA,ArmedForces,0.4,0.4,0.0,66087.0,ilo_calibrated,0.029437762869324265,56.39,58.09832994266897,56.38999999999999,1.7083299426689678,-7.105427357601002e-15,ok
Tajikistan,TJK,Food,0.895,0.895,0.0,400691.0,global_fallback,0.0,,50.77094681664397,50.77094681664397,,,global_fallback
Tajikistan,TJK,Health,0.819,0.819,0.0,76904.0,global_fallback,0.0,,50.77094681664397,50.77094681664397,,,global_fallback
Tajikistan,TJK,Retail,0.876,0.876,0.0,214631.0,global_fallback,0.0,,50.77094681664397,50.77094681664397,,,global_fallback
Tajikistan,TJK,Security,0.846,0.846,0.0,47016.0,global_fallback,0.0,,50.77094681664397,50.77094681664397,,,global_fallback
Tajikistan,TJK,Transport,0.869,0.869,0.0,157320.0,global_fallback,0.0,,50.77094681664397,50.77094681664397,,,global_fallback
Tajikistan,TJK,Manual,0.335,0.335,0.0,545639.0,global_fallback,0.0,,50.77094681664397,50.77094681664397,,,global_fallback
Tajikistan,TJK,Cleaning,0.485,0.485,0.0,300613.0,global_fallback,0.0,,50.77094681664397,50.77094681664397,,,global_fallback
Tajikistan,TJK,Tech,0.32,0.32,0.0,103801.0,global_fallback,0.0,,50.77094681664397,50.77094681664397,,,global_fallback
Tajikistan,TJK,ArmedForces,0.4,0.4,0.0,7345.0,global_fallback,0.0,,50.77094681664397,50.77094681664397,,,global_fallback
Turkmenistan,TKM,Food,0.895,0.8501336647252817,-0.04486633527471828,,,0.050129983547171214,,,,,,
Turkmenistan,TKM,Health,0.819,0.7779435434748667,-0.041056456525133234,,,0.050129983547171214,,,,,,
Turkmenistan,TKM,Retail,0.876,0.832086134412678,-0.04391386558732202,,,0.050129983547171214,,,,,,
Turkmenistan,TKM,Security,0.846,0.8035900339190931,-0.04240996608090686,,,0.050129983547171214,,,,,,
Turkmenistan,TKM,Transport,0.869,0.8254370442975082,-0.0435629557024918,,,0.050129983547171214,,,,,,
Turkmenistan,TKM,Manual,0.335,0.31820645551169763,-0.016793544488302392,,,0.050129983547171214,,,,,,
Turkmenistan,TKM,Cleaning,0.485,0.46068695797962195,-0.02431304202037804,,,0.050129983547171214,,,,,,
Turkmenistan,TKM,Tech,0.32,0.3039584052649052,-0.01604159473509481,,,0.050129983547171214,,,,,,
Turkmenistan,TKM,ArmedForces,0.4,0.4,0.0,,,0.050129983547171214,,,,,,
Timor-Leste,TLS,Food,0.895,0.8748225708409599,-0.020177429159040083,199524.0,ilo_calibrated,0.022544613585519645,66.09,67.60733176484634,66.09,1.5173317648463325,0.0,ok
Timor-Leste,TLS,Health,0.819,0.8005359614734594,-0.01846403852654055,3324.0,ilo_calibrated,0.022544613585519645,66.09,67.60733176484634,66.09,1.5173317648463325,0.0,ok
Timor-Leste,TLS,Retail,0.876,0.8562509184990849,-0.019749081500915144,52672.0,ilo_calibrated,0.022544613585519645,66.09,67.60733176484634,66.09,1.5173317648463325,0.0,ok
Timor-Leste,TLS,Security,0.846,0.8269272569066504,-0.01907274309334961,5475.0,ilo_calibrated,0.022544613585519645,66.09,67.60733176484634,66.09,1.5173317648463325,0.0,ok
Timor-Leste,TLS,Transport,0.869,0.8494087307941834,-0.019591269205816553,27887.0,ilo_calibrated,0.022544613585519645,66.09,67.60733176484634,66.09,1.5173317648463325,0.0,ok
Timor-Leste,TLS,Manual,0.335,0.32744755444885093,-0.0075524455511490896,18223.0,ilo_calibrated,0.022544613585519645,66.09,67.60733176484634,66.09,1.5173317648463325,0.0,ok
Timor-Leste,TLS,Cleaning,0.485,0.47406586241102294,-0.010934137588977044,14738.0,ilo_calibrated,0.022544613585519645,66.09,67.60733176484634,66.09,1.5173317648463325,0.0,ok
Timor-Leste,TLS,Tech,0.32,0.31278572365263374,-0.007214276347366266,3321.0,ilo_calibrated,0.022544613585519645,66.09,67.60733176484634,66.09,1.5173317648463325,0.0,ok
Timor-Leste,TLS,ArmedForces,0.4,0.4,0.0,3054.0,ilo_calibrated,0.022544613585519645,66.09,67.60733176484634,66.09,1.5173317648463325,0.0,ok
Tonga,TON,Food,0.895,0.7701264381259453,-0.12487356187405474,7862.0,ilo_calibrated,0.1395235328201729,38.2,44.336606657403486,38.199999999999996,6.136606657403483,-7.105427357601002e-15,ok
Tonga,TON,Health,0.819,0.7047302266202783,-0.11426977337972166,813.0,ilo_calibrated,0.1395235328201729,38.2,44.336606657403486,38.199999999999996,6.136606657403483,-7.105427357601002e-15,ok
Tonga,TON,Retail,0.876,0.7537773852495285,-0.12222261475047147,2234.0,ilo_calibrated,0.1395235328201729,38.2,44.336606657403486,38.199999999999996,6.136606657403483,-7.105427357601002e-15,ok
Tonga,TON,Security,0.846,0.7279630912341337,-0.11803690876586626,1002.9999999999999,ilo_calibrated,0.1395235328201729,38.2,44.336606657403486,38.199999999999996,6.136606657403483,-7.105427357601002e-15,ok
Tonga,TON,Transport,0.869,0.7477540499792698,-0.12124595002073024,817.0,ilo_calibrated,0.1395235328201729,38.2,44.336606657403486,38.199999999999996,6.136606657403483,-7.105427357601002e-15,ok
Tonga,TON,Manual,0.335,0.28825961650524207,-0.04674038349475795,7481.0,ilo_calibrated,0.1395235328201729,38.2,44.336606657403486,38.199999999999996,6.136606657403483,-7.105427357601002e-15,ok
Tonga,TON,Cleaning,0.485,0.4173310865822161,-0.06766891341778386,726.0,ilo_calibrated,0.1395235328201729,38.2,44.336606657403486,38.199999999999996,6.136606657403483,-7.105427357601002e-15,ok
Tonga,TON,Tech,0.32,0.27535246949754466,-0.044647530502455346,1515.0,ilo_calibrated,0.1395235328201729,38.2,44.336606657403486,38.199999999999996,6.136606657403483,-7.105427357601002e-15,ok
Tonga,TON,ArmedForces,0.4,0.4,0.0,293.0,ilo_calibrated,0.1395235328201729,38.2,44.336606657403486,38.199999999999996,6.136606657403483,-7.105427357601002e-15,ok
Trinidad and Tobago,TTO,Food,0.895,0.895,0.0,23645.0,global_fallback,0.0,,30.52468345780504,30.52468345780504,,,global_fallback
Trinidad and Tobago,TTO,Health,0.819,0.819,0.0,16102.0,global_fallback,0.0,,30.52468345780504,30.52468345780504,,,global_fallback
Trinidad and Tobago,TTO,Retail,0.876,0.876,0.0,33016.0,global_fallback,0.0,,30.52468345780504,30.52468345780504,,,global_fallback
Trinidad and Tobago,TTO,Security,0.846,0.846,0.0,0.0,global_fallback,0.0,,30.52468345780504,30.52468345780504,,,global_fallback
Trinidad and Tobago,TTO,Transport,0.869,0.869,0.0,27063.0,global_fallback,0.0,,30.52468345780504,30.52468345780504,,,global_fallback
Trinidad and Tobago,TTO,Manual,0.335,0.335,0.0,118410.0,global_fallback,0.0,,30.52468345780504,30.52468345780504,,,global_fallback
Trinidad and Tobago,TTO,Cleaning,0.485,0.485,0.0,69342.0,global_fallback,0.0,,30.52468345780504,30.52468345780504,,,global_fallback
Trinidad and Tobago,TTO,Tech,0.32,0.32,0.0,45500.0,global_fallback,0.0,,30.52468345780504,30.52468345780504,,,global_fallback
Trinidad and Tobago,TTO,ArmedForces,0.4,0.4,0.0,4495.0,global_fallback,0.0,,30.52468345780504,30.52468345780504,,,global_fallback
Tunisia,TUN,Food,0.895,0.9011829536106373,0.006182953610637254,475701.0,ilo_calibrated,0.058885272482259554,48.39,46.507412784650754,48.38999999999999,-1.882587215349247,-7.105427357601002e-15,ok
Tunisia,TUN,Health,0.819,0.829658234319289,0.010658234319289028,96101.0,ilo_calibrated,0.058885272482259554,48.39,46.507412784650754,48.38999999999999,-1.882587215349247,-7.105427357601002e-15,ok
Tunisia,TUN,Retail,0.876,0.8833017737878002,0.00730177378780017,338417.0,ilo_calibrated,0.058885272482259554,48.39,46.507412784650754,48.38999999999999,-1.882587215349247,-7.105427357601002e-15,ok
Tunisia,TUN,Security,0.846,0.855068331962268,0.009068331962267973,179412.0,ilo_calibrated,0.058885272482259554,48.39,46.507412784650754,48.38999999999999,-1.882587215349247,-7.105427357601002e-15,ok
Tunisia,TUN,Transport,0.869,0.876713970695176,0.007713970695175987,199574.0,ilo_calibrated,0.058885272482259554,48.39,46.507412784650754,48.38999999999999,-1.882587215349247,-7.105427357601002e-15,ok
Tunisia,TUN,Manual,0.335,0.37415870620070263,0.03915870620070261,1132443.0,ilo_calibrated,0.058885272482259554,48.39,46.507412784650754,48.38999999999999,-1.882587215349247,-7.105427357601002e-15,ok
Tunisia,TUN,Cleaning,0.485,0.5153259153283637,0.030325915328363706,153876.0,ilo_calibrated,0.058885272482259554,48.39,46.507412784650754,48.38999999999999,-1.882587215349247,-7.105427357601002e-15,ok
Tunisia,TUN,Tech,0.32,0.3600419852879365,0.04004198528793651,197419.0,ilo_calibrated,0.058885272482259554,48.39,46.507412784650754,48.38999999999999,-1.882587215349247,-7.105427357601002e-15,ok
Tunisia,TUN,ArmedForces,0.4,0.4,0.0,0.0,ilo_calibrated,0.058885272482259554,48.39,46.507412784650754,48.38999999999999,-1.882587215349247,-7.105427357601002e-15,ok
Türkiye,TUR,Food,0.895,0.8966841628794473,0.0016841628794472818,5349879.0,ilo_calibrated,0.016039646470927014,47.16,46.72712515674655,47.16,-0.43287484325344394,0.0,ok
Türkiye,TUR,Health,0.819,0.8219031760112377,0.002903176011237796,1845007.0,ilo_calibrated,0.016039646470927014,47.16,46.72712515674655,47.16,-0.43287484325344394,0.0,ok
Türkiye,TUR,Retail,0.876,0.8779889161623949,0.001988916162394938,2983115.0,ilo_calibrated,0.016039646470927014,47.16,46.72712515674655,47.16,-0.43287484325344394,0.0,ok
Türkiye,TUR,Security,0.846,0.8484701055565227,0.002470105556522717,1028239.0,ilo_calibrated,0.016039646470927014,47.16,46.72712515674655,47.16,-0.43287484325344394,0.0,ok
Türkiye,TUR,Transport,0.869,0.8711011936876915,0.0021011936876914605,1812405.0,ilo_calibrated,0.016039646470927014,47.16,46.72712515674655,47.16,-0.43287484325344394,0.0,ok
Türkiye,TUR,Manual,0.335,0.3456663649031665,0.01066636490316647,7024932.0,ilo_calibrated,0.016039646470927014,47.16,46.72712515674655,47.16,-0.43287484325344394,0.0,ok
Türkiye,TUR,Cleaning,0.485,0.4932604179325274,0.008260417932527409,1521925.0,ilo_calibrated,0.016039646470927014,47.16,46.72712515674655,47.16,-0.43287484325344394,0.0,ok
Türkiye,TUR,Tech,0.32,0.33090695960023037,0.01090695960023036,2480555.0,ilo_calibrated,0.016039646470927014,47.16,46.72712515674655,47.16,-0.43287484325344394,0.0,ok
Türkiye,TUR,ArmedForces,0.4,0.4,0.0,0.0,ilo_calibrated,0.016039646470927014,47.16,46.72712515674655,47.16,-0.43287484325344394,0.0,ok
Tuvalu,TUV,Food,0.895,1.0,0.10499999999999998,188.0,ilo_calibrated,1.0,55.37,29.66424940698068,50.796340223653004,-25.705750593019317,-4.573659776346993,infeasible_clipped
Tuvalu,TUV,Health,0.819,1.0,0.18100000000000005,144.0,ilo_calibrated,1.0,55.37,29.66424940698068,50.796340223653004,-25.705750593019317,-4.573659776346993,infeasible_clipped
Tuvalu,TUV,Retail,0.876,1.0,0.124,132.0,ilo_calibrated,1.0,55.37,29.66424940698068,50.796340223653004,-25.705750593019317,-4.573659776346993,infeasible_clipped
Tuvalu,TUV,Security,0.846,1.0,0.15400000000000003,143.0,ilo_calibrated,1.0,55.37,29.66424940698068,50.796340223653004,-25.705750593019317,-4.573659776346993,infeasible_clipped
Tuvalu,TUV,Transport,0.869,1.0,0.131,79.0,ilo_calibrated,1.0,55.37,29.66424940698068,50.796340223653004,-25.705750593019317,-4.573659776346993,infeasible_clipped
Tuvalu,TUV,Manual,0.335,1.0,0.665,562.0,ilo_calibrated,1.0,55.37,29.66424940698068,50.796340223653004,-25.705750593019317,-4.573659776346993,infeasible_clipped
Tuvalu,TUV,Cleaning,0.485,1.0,0.515,93.0,ilo_calibrated,1.0,55.37,29.66424940698068,50.796340223653004,-25.705750593019317,-4.573659776346993,infeasible_clipped
Tuvalu,TUV,Tech,0.32,1.0,0.6799999999999999,158.0,ilo_calibrated,1.0,55.37,29.66424940698068,50.796340223653004,-25.705750593019317,-4.573659776346993,infeasible_clipped
Tuvalu,TUV,ArmedForces,0.4,0.4,0.0,0.0,ilo_calibrated,1.0,55.37,29.66424940698068,50.796340223653004,-25.705750593019317,-4.573659776346993,infeasible_clipped
Tanzania,TZA,Food,0.895,0.895,0.0,16361718.0,global_fallback,0.0,,71.1911925310183,71.1911925310183,,,global_fallback
Tanzania,TZA,Health,0.819,0.819,0.0,1646053.0,global_fallback,0.0,,71.1911925310183,71.1911925310183,,,global_fallback
Tanzania,TZA,Retail,0.876,0.876,0.0,34921.0,global_fallback,0.0,,71.1911925310183,71.1911925310183,,,global_fallback
Tanzania,TZA,Security,0.846,0.846,0.0,0.0,global_fallback,0.0,,71.1911925310183,71.1911925310183,,,global_fallback
Tanzania,TZA,Transport,0.869,0.869,0.0,350237.0,global_fallback,0.0,,71.1911925310183,71.1911925310183,,,global_fallback
Tanzania,TZA,Manual,0.335,0.335,0.0,2834269.0,global_fallback,0.0,,71.1911925310183,71.1911925310183,,,global_fallback
Tanzania,TZA,Cleaning,0.485,0.485,0.0,1568740.0,global_fallback,0.0,,71.1911925310183,71.1911925310183,,,global_fallback
Tanzania,TZA,Tech,0.32,0.32,0.0,1522560.0,global_fallback,0.0,,71.1911925310183,71.1911925310183,,,global_fallback
Tanzania,TZA,ArmedForces,0.4,0.4,0.0,44843.0,global_fallback,0.0,,71.1911925310183,71.1911925310183,,,global_fallback
Uganda,UGA,Food,0.895,0.8310528789729201,-0.06394712102707989,12025402.0,ilo_calibrated,0.07144929723696081,73.26,78.88944848840906,73.25999999999998,5.629448488409054,-2.842170943040401e-14,ok
Uganda,UGA,Health,0.819,0.760483025562929,-0.058516974437070934,207325.0,ilo_calibrated,0.07144929723696081,73.26,78.88944848840906,73.25999999999998,5.629448488409054,-2.842170943040401e-14,ok
Uganda,UGA,Retail,0.876,0.8134104156204224,-0.06258958437957762,1972130.0,ilo_calibrated,0.07144929723696081,73.26,78.88944848840906,73.25999999999998,5.629448488409054,-2.842170943040401e-14,ok
Uganda,UGA,Security,0.846,0.7855538945375311,-0.06044610546246887,184223.0,ilo_calibrated,0.07144929723696081,73.26,78.88944848840906,73.25999999999998,5.629448488409054,-2.842170943040401e-14,ok
Uganda,UGA,Transport,0.869,0.806910560701081,-0.06208943929891897,616227.0,ilo_calibrated,0.07144929723696081,73.26,78.88944848840906,73.25999999999998,5.629448488409054,-2.842170943040401e-14,ok
Uganda,UGA,Manual,0.335,0.31106448542561815,-0.023935514574381866,1430230.0,ilo_calibrated,0.07144929723696081,73.26,78.88944848840906,73.25999999999998,5.629448488409054,-2.842170943040401e-14,ok
Uganda,UGA,Cleaning,0.485,0.450347090840074,-0.03465290915992597,359843.0,ilo_calibrated,0.07144929723696081,73.26,78.88944848840906,73.25999999999998,5.629448488409054,-2.842170943040401e-14,ok
Uganda,UGA,Tech,0.32,0.2971362248841726,-0.022863775115827434,478126.0,ilo_calibrated,0.07144929723696081,73.26,78.88944848840906,73.25999999999998,5.629448488409054,-2.842170943040401e-14,ok
Uganda,UGA,ArmedForces,0.4,0.4,0.0,44938.0,ilo_calibrated,0.07144929723696081,73.26,78.88944848840906,73.25999999999998,5.629448488409054,-2.842170943040401e-14,ok
Ukraine,UKR,Food,0.895,0.7584336105148508,-0.1365663894851492,1624119.0,ilo_calibrated,0.15258814467614432,33.87,39.9687587413512,33.87,6.0987587413512045,0.0,ok
Ukraine,UKR,Health,0.819,0.6940303095102377,-0.12496969048976225,857108.0,ilo_calibrated,0.15258814467614432,33.87,39.9687587413512,33.87,6.0987587413512045,0.0,ok
Ukraine,UKR,Retail,0.876,0.7423327852636975,-0.1336672147363025,1321231.0,ilo_calibrated,0.15258814467614432,33.87,39.9687587413512,33.87,6.0987587413512045,0.0,ok
Ukraine,UKR,Security,0.846,0.7169104296039819,-0.1290895703960181,0.0,ilo_calibrated,0.15258814467614432,33.87,39.9687587413512,33.87,6.0987587413512045,0.0,ok
Ukraine,UKR,Transport,0.869,0.7364009022764305,-0.13259909772356948,1243464.0,ilo_calibrated,0.15258814467614432,33.87,39.9687587413512,33.87,6.0987587413512045,0.0,ok
Ukraine,UKR,Manual,0.335,0.2838829715334917,-0.05111702846650834,3167823.0,ilo_calibrated,0.15258814467614432,33.87,39.9687587413512,33.87,6.0987587413512045,0.0,ok
Ukraine,UKR,Cleaning,0.485,0.41099474983206996,-0.07400525016793003,564472.0,ilo_calibrated,0.15258814467614432,33.87,39.9687587413512,33.87,6.0987587413512045,0.0,ok
Ukraine,UKR,Tech,0.32,0.2711717937036338,-0.048828206296366194,1699777.0,ilo_calibrated,0.15258814467614432,33.87,39.9687587413512,33.87,6.0987587413512045,0.0,ok
Ukraine,UKR,ArmedForces,0.4,0.4,0.0,0.0,ilo_calibrated,0.15258814467614432,33.87,39.9687587413512,33.87,6.0987587413512045,0.0,ok
Uruguay,URY,Food,0.895,0.8868537132098838,-0.008146286790116197,143909.0,ilo_calibrated,0.009101996413537658,42.88,43.271588520623695,42.87999999999999,0.3915885206236922,-1.4210854715202004e-14,ok
Uruguay,URY,Health,0.819,0.8115454649373126,-0.00745453506268734,127822.0,ilo_calibrated,0.009101996413537658,42.88,43.271588520623695,42.87999999999999,0.3915885206236922,-1.4210854715202004e-14,ok
Uruguay,URY,Retail,0.876,0.8680266511417409,-0.007973348858259066,186674.0,ilo_calibrated,0.009101996413537658,42.88,43.271588520623695,42.87999999999999,0.3915885206236922,-1.4210854715202004e-14,ok
Uruguay,URY,Security,0.846,0.838299711034147,-0.007700288965852953,49065.0,ilo_calibrated,0.009101996413537658,42.88,43.271588520623695,42.87999999999999,0.3915885206236922,-1.4210854715202004e-14,ok
Uruguay,URY,Transport,0.869,0.8610903651166357,-0.00790963488336427,102218.0,ilo_calibrated,0.009101996413537658,42.88,43.271588520623695,42.87999999999999,0.3915885206236922,-1.4210854715202004e-14,ok
Uruguay,URY,Manual,0.335,0.3319508312014649,-0.003049168798535118,332940.0,ilo_calibrated,0.009101996413537658,42.88,43.271588520623695,42.87999999999999,0.3915885206236922,-1.4210854715202004e-14,ok
Uruguay,URY,Cleaning,0.485,0.4805855317394342,-0.004414468260565796,146929.0,ilo_calibrated,0.009101996413537658,42.88,43.271588520623695,42.87999999999999,0.3915885206236922,-1.4210854715202004e-14,ok
Uruguay,URY,Tech,0.32,0.31708736114766795,-0.002912638852332061,116799.0,ilo_calibrated,0.009101996413537658,42.88,43.271588520623695,42.87999999999999,0.3915885206236922,-1.4210854715202004e-14,ok
Uruguay,URY,ArmedForces,0.4,0.4,0.0,10830.0,ilo_calibrated,0.009101996413537658,42.88,43.271588520623695,42.87999999999999,0.3915885206236922,-1.4210854715202004e-14,ok
United States,USA,Food,0.895,0.8568908249959207,-0.03810917500407929,4446990.0,ilo_calibrated,0.042580083803440624,29.58,30.895534445856676,29.580000000000005,1.3155344458566773,7.105427357601002e-15,ok
United States,USA,Health,0.819,0.7841269113649821,-0.03487308863501781,18510302.0,ilo_calibrated,0.042580083803440624,29.58,30.895534445856676,29.580000000000005,1.3155344458566773,7.105427357601002e-15,ok
United States,USA,Retail,0.876,0.8386998465881861,-0.03730015341181392,9450435.0,ilo_calibrated,0.042580083803440624,29.58,30.895534445856676,29.580000000000005,1.3155344458566773,7.105427357601002e-15,ok
United States,USA,Security,0.846,0.8099772491022892,-0.03602275089771079,2182184.0,ilo_calibrated,0.042580083803440624,29.58,30.895534445856676,29.580000000000005,1.3155344458566773,7.105427357601002e-15,ok
United States,USA,Transport,0.869,0.8319979071748101,-0.03700209282518985,6543289.0,ilo_calibrated,0.042580083803440624,29.58,30.895534445856676,29.580000000000005,1.3155344458566773,7.105427357601002e-15,ok
United States,USA,Manual,0.335,0.3207356719258474,-0.014264328074152621,23949996.0,ilo_calibrated,0.042580083803440624,29.58,30.895534445856676,29.580000000000005,1.3155344458566773,7.105427357601002e-15,ok
United States,USA,Cleaning,0.485,0.4643486593553313,-0.02065134064466867,5063361.0,ilo_calibrated,0.042580083803440624,29.58,30.895534445856676,29.580000000000005,1.3155344458566773,7.105427357601002e-15,ok
United States,USA,Tech,0.32,0.306374373182899,-0.013625626817101,13808640.0,ilo_calibrated,0.042580083803440624,29.58,30.895534445856676,29.580000000000005,1.3155344458566773,7.105427357601002e-15,ok
United States,USA,ArmedForces,0.4,0.4,0.0,0.0,ilo_calibrated,0.042580083803440624,29.58,30.895534445856676,29.580000000000005,1.3155344458566773,7.105427357601002e-15,ok
Uzbekistan,UZB,Food,0.895,0.9017487113396139,0.006748711339613855,,neighbour_backfill,0.054844469474666056,,,,,,
Uzbekistan,UZB,Health,0.819,0.8306334928806677,0.011633492880667728,,neighbour_backfill,0.054844469474666056,,,,,,
Uzbekistan,UZB,Retail,0.876,0.8839699067248773,0.007969906724877296,,neighbour_backfill,0.054844469474666056,,,,,,
Uzbekistan,UZB,Security,0.846,0.855898109964767,0.009898109964767032,,neighbour_backfill,0.054844469474666056,,,,,,
Uzbekistan,UZB,Transport,0.869,0.8774198208141849,0.008419820814184908,,neighbour_backfill,0.054844469474666056,,,,,,
Uzbekistan,UZB,Manual,0.335,0.37774183848422105,0.04274183848422103,,neighbour_backfill,0.054844469474666056,,,,,,
Uzbekistan,UZB,Cleaning,0.485,0.5181008222847727,0.033100822284772735,,neighbour_backfill,0.054844469474666056,,,,,,
Uzbekistan,UZB,Tech,0.32,0.3637059401041659,0.0437059401041659,,neighbour_backfill,0.054844469474666056,,,,,,
Uzbekistan,UZB,ArmedForces,0.4,0.4,0.0,,neighbour_backfill,0.054844469474666056,,,,,,
St. Vincent and the Grenadines,VCT,Food,0.895,0.9549699380516873,0.059969938051687266,,,0.5711422671589265,,,,,,
St. Vincent and the Grenadines,VCT,Health,0.819,0.9223767503557656,0.10337675035576566,,,0.5711422671589265,,,,,,
St. Vincent and the Grenadines,VCT,Retail,0.876,0.9468216411277068,0.07082164112770684,,,0.5711422671589265,,,,,,
St. Vincent and the Grenadines,VCT,Security,0.846,0.9339559091424746,0.08795590914247464,,,0.5711422671589265,,,,,,
St. Vincent and the Grenadines,VCT,Transport,0.869,0.9438196369978193,0.07481963699781935,,,0.5711422671589265,,,,,,
St. Vincent and the Grenadines,VCT,Manual,0.335,0.7148096076606861,0.3798096076606861,,,0.5711422671589265,,,,,,
St. Vincent and the Grenadines,VCT,Cleaning,0.485,0.7791382675868471,0.29413826758684714,,,0.5711422671589265,,,,,,
St. Vincent and the Grenadines,VCT,Tech,0.32,0.70837674166807,0.38837674166806996,,,0.5711422671589265,,,,,,
St. Vincent and the Grenadines,VCT,ArmedForces,0.4,0.4,0.0,,,0.5711422671589265,,,,,,
Venezuela,VEN,Food,0.895,0.8534776562250682,-0.0415223437749318,,neighbour_backfill,0.04639368019545452,,,,,,
Venezuela,VEN,Health,0.819,0.7810035759199226,-0.03799642408007731,,neighbour_backfill,0.04639368019545452,,,,,,
Venezuela,VEN,Retail,0.876,0.8353591361487819,-0.04064086385121812,,neighbour_backfill,0.04639368019545452,,,,,,
Venezuela,VEN,Security,0.846,0.8067509465546454,-0.039249053445354565,,neighbour_backfill,0.04639368019545452,,,,,,
Venezuela,VEN,Transport,0.869,0.82868389191015,-0.04031610808984998,,neighbour_backfill,0.04639368019545452,,,,,,
Venezuela,VEN,Manual,0.335,0.31945811713452277,-0.015541882865477252,,neighbour_backfill,0.04639368019545452,,,,,,
Venezuela,VEN,Cleaning,0.485,0.46249906510520455,-0.022500934894795432,,neighbour_backfill,0.04639368019545452,,,,,,
Venezuela,VEN,Tech,0.32,0.30515402233745453,-0.014845977662545473,,neighbour_backfill,0.04639368019545452,,,,,,
Venezuela,VEN,ArmedForces,0.4,0.4,0.0,,neighbour_backfill,0.04639368019545452,,,,,,
British Virgin Islands,VGB,Food,0.895,0.8045869607743004,-0.09041303922569965,,,0.10102015555944094,,,,,,
British Virgin Islands,VGB,Health,0.819,0.7362644925968178,-0.08273550740318214,,,0.10102015555944094,,,,,,
British Virgin Islands,VGB,Retail,0.876,0.7875063437299297,-0.08849365627007033,,,0.10102015555944094,,,,,,
British Virgin Islands,VGB,Security,0.846,0.7605369483967129,-0.08546305160328704,,,0.10102015555944094,,,,,,
British Virgin Islands,VGB,Transport,0.869,0.7812134848188458,-0.08778651518115421,,,0.10102015555944094,,,,,,
British Virgin Islands,VGB,Manual,0.335,0.30115824788758727,-0.03384175211241275,,,0.10102015555944094,,,,,,
British Virgin Islands,VGB,Cleaning,0.485,0.43600522455367113,-0.04899477544632885,,,0.10102015555944094,,,,,,
British Virgin Islands,VGB,Tech,0.32,0.2876735502209789,-0.032326449779021105,,,0.10102015555944094,,,,,,
British Virgin Islands,VGB,ArmedForces,0.4,0.4,0.0,,,0.10102015555944094,,,,,,
United States Virgin Islands,VIR,Food,0.895,0.8045869607743004,-0.09041303922569965,,,0.10102015555944094,,,,,,
United States Virgin Islands,VIR,Health,0.819,0.7362644925968178,-0.08273550740318214,,,0.10102015555944094,,,,,,
United States Virgin Islands,VIR,Retail,0.876,0.7875063437299297,-0.08849365627007033,,,0.10102015555944094,,,,,,
United States Virgin Islands,VIR,Security,0.846,0.7605369483967129,-0.08546305160328704,,,0.10102015555944094,,,,,,
United States Virgin Islands,VIR,Transport,0.869,0.7812134848188458,-0.08778651518115421,,,0.10102015555944094,,,,,,
United States Virgin Islands,VIR,Manual,0.335,0.30115824788758727,-0.03384175211241275,,,0.10102015555944094,,,,,,
United States Virgin Islands,VIR,Cleaning,0.485,0.43600522455367113,-0.04899477544632885,,,0.10102015555944094,,,,,,
United States Virgin Islands,VIR,Tech,0.32,0.2876735502209789,-0.032326449779021105,,,0.10102015555944094,,,,,,
United States Virgin Islands,VIR,ArmedForces,0.4,0.4,0.0,,,0.10102015555944094,,,,,,
Vietnam,VNM,Food,0.895,0.895,0.0,16261529.0,global_fallback,0.0,,56.84381666839956,56.84381666839956,,,global_fallback
Vietnam,VNM,Health,0.819,0.819,0.0,695586.0,global_fallback,0.0,,56.84381666839956,56.84381666839956,,,global_fallback
Vietnam,VNM,Retail,0.876,0.876,0.0,7957366.0,global_fallback,0.0,,56.84381666839956,56.84381666839956,,,global_fallback
Vietnam,VNM,Security,0.846,0.846,0.0,381621.0,global_fallback,0.0,,56.84381666839956,56.84381666839956,,,global_fallback
Vietnam,VNM,Transport,0.869,0.869,0.0,2018102.0,global_fallback,0.0,,56.84381666839956,56.84381666839956,,,global_fallback
Vietnam,VNM,Manual,0.335,0.335,0.0,16161300.0,global_fallback,0.0,,56.84381666839956,56.84381666839956,,,global_fallback
Vietnam,VNM,Cleaning,0.485,0.485,0.0,1405486.0,global_fallback,0.0,,56.84381666839956,56.84381666839956,,,global_fallback
Vietnam,VNM,Tech,0.32,0.32,0.0,2679942.0,global_fallback,0.0,,56.84381666839956,56.84381666839956,,,global_fallback
Vietnam,VNM,ArmedForces,0.4,0.4,0.0,287246.0,global_fallback,0.0,,56.84381666839956,56.84381666839956,,,global_fallback
Vanuatu,VUT,Food,0.895,0.8330719715351012,-0.061928028464898865,32104.0,ilo_calibrated,0.06919332789374182,54.51,58.536034598699906,54.510000000000005,4.026034598699908,7.105427357601002e-15,ok
Vanuatu,VUT,Health,0.819,0.7623306644550254,-0.05666933554497455,1227.0,ilo_calibrated,0.06919332789374182,54.51,58.536034598699906,54.510000000000005,4.026034598699908,7.105427357601002e-15,ok
Vanuatu,VUT,Retail,0.876,0.8153866447650822,-0.06061335523491784,6301.0,ilo_calibrated,0.06919332789374182,54.51,58.536034598699906,54.510000000000005,4.026034598699908,7.105427357601002e-15,ok
Vanuatu,VUT,Security,0.846,0.7874624446018944,-0.05853755539810557,1680.0,ilo_calibrated,0.06919332789374182,54.51,58.536034598699906,54.510000000000005,4.026034598699908,7.105427357601002e-15,ok
Vanuatu,VUT,Transport,0.869,0.8088709980603384,-0.06012900193966164,1895.0,ilo_calibrated,0.06919332789374182,54.51,58.536034598699906,54.510000000000005,4.026034598699908,7.105427357601002e-15,ok
Vanuatu,VUT,Manual,0.335,0.31182023515559654,-0.023179764844403483,6478.0,ilo_calibrated,0.06919332789374182,54.51,58.536034598699906,54.510000000000005,4.026034598699908,7.105427357601002e-15,ok
Vanuatu,VUT,Cleaning,0.485,0.45144123597153524,-0.03355876402846475,4192.0,ilo_calibrated,0.06919332789374182,54.51,58.536034598699906,54.510000000000005,4.026034598699908,7.105427357601002e-15,ok
Vanuatu,VUT,Tech,0.32,0.29785813507400266,-0.022141864925997345,4998.0,ilo_calibrated,0.06919332789374182,54.51,58.536034598699906,54.510000000000005,4.026034598699908,7.105427357601002e-15,ok
Vanuatu,VUT,ArmedForces,0.4,0.4,0.0,665.0,ilo_calibrated,0.06919332789374182,54.51,58.536034598699906,54.510000000000005,4.026034598699908,7.105427357601002e-15,ok
Samoa,WSM,Food,0.895,0.7890316797035789,-0.10596832029642111,17811.0,ilo_calibrated,0.11840035787309618,48.91,55.478697656911635,48.91,6.568697656911638,0.0,ok
Samoa,WSM,Health,0.819,0.7220301069019341,-0.0969698930980658,1320.0,ilo_calibrated,0.11840035787309618,48.91,55.478697656911635,48.91,6.568697656911638,0.0,ok
Samoa,WSM,Retail,0.876,0.7722812865031677,-0.10371871349683226,5119.0,ilo_calibrated,0.11840035787309618,48.91,55.478697656911635,48.91,6.568697656911638,0.0,ok
Samoa,WSM,Security,0.846,0.7458332972393605,-0.10016670276063944,1763.0,ilo_calibrated,0.11840035787309618,48.91,55.478697656911635,48.91,6.568697656911638,0.0,ok
Samoa,WSM,Transport,0.869,0.7661100890082794,-0.10288991099172062,2766.0,ilo_calibrated,0.11840035787309618,48.91,55.478697656911635,48.91,6.568697656911638,0.0,ok
Samoa,WSM,Manual,0.335,0.29533588011251277,-0.03966411988748725,8439.0,ilo_calibrated,0.11840035787309618,48.91,55.478697656911635,48.91,6.568697656911638,0.0,ok
Samoa,WSM,Cleaning,0.485,0.42757582643154834,-0.05742417356845164,828.0,ilo_calibrated,0.11840035787309618,48.91,55.478697656911635,48.91,6.568697656911638,0.0,ok
Samoa,WSM,Tech,0.32,0.2821118854806092,-0.03788811451939078,2652.0,ilo_calibrated,0.11840035787309618,48.91,55.478697656911635,48.91,6.568697656911638,0.0,ok
Samoa,WSM,ArmedForces,0.4,0.4,0.0,0.0,ilo_calibrated,0.11840035787309618,48.91,55.478697656911635,48.91,6.568697656911638,0.0,ok
Kosovo,XKX,Food,0.895,0.8788184266661311,-0.016181573333868937,17890.0,ilo_calibrated,0.018079970205440145,40.5,41.24572141427193,40.49999999999999,0.7457214142719266,-7.105427357601002e-15,ok
Kosovo,XKX,Health,0.819,0.8041925044017445,-0.014807495598255449,22910.0,ilo_calibrated,0.018079970205440145,40.5,41.24572141427193,40.49999999999999,0.7457214142719266,-7.105427357601002e-15,ok
Kosovo,XKX,Retail,0.876,0.8601619461000344,-0.01583805389996562,64009.0,ilo_calibrated,0.018079970205440145,40.5,41.24572141427193,40.49999999999999,0.7457214142719266,-7.105427357601002e-15,ok
Kosovo,XKX,Security,0.846,0.8307043452061976,-0.015295654793802349,21138.0,ilo_calibrated,0.018079970205440145,40.5,41.24572141427193,40.49999999999999,0.7457214142719266,-7.105427357601002e-15,ok
Kosovo,XKX,Transport,0.869,0.8532885058914725,-0.015711494108527457,19098.0,ilo_calibrated,0.018079970205440145,40.5,41.24572141427193,40.49999999999999,0.7457214142719266,-7.105427357601002e-15,ok
Kosovo,XKX,Manual,0.335,0.32894320998117754,-0.006056790018822478,89498.0,ilo_calibrated,0.018079970205440145,40.5,41.24572141427193,40.49999999999999,0.7457214142719266,-7.105427357601002e-15,ok
Kosovo,XKX,Cleaning,0.485,0.4762312144503615,-0.008768785549638503,28591.0,ilo_calibrated,0.018079970205440145,40.5,41.24572141427193,40.49999999999999,0.7457214142719266,-7.105427357601002e-15,ok
Kosovo,XKX,Tech,0.32,0.31421440953425916,-0.005785590465740842,35981.0,ilo_calibrated,0.018079970205440145,40.5,41.24572141427193,40.49999999999999,0.7457214142719266,-7.105427357601002e-15,ok
Kosovo,XKX,ArmedForces,0.4,0.4,0.0,0.0,ilo_calibrated,0.018079970205440145,40.5,41.24572141427193,40.49999999999999,0.7457214142719266,-7.105427357601002e-15,ok
Yemen,YEM,Food,0.895,0.895,0.0,,global_fallback,0.0,,,,,,global_fallback
Yemen,YEM,Health,0.819,0.819,0.0,,global_fallback,0.0,,,,,,global_fallback
Yemen,YEM,Retail,0.876,0.876,0.0,,global_fallback,0.0,,,,,,global_fallback
Yemen,YEM,Security,0.846,0.846,0.0,,global_fallback,0.0,,,,,,global_fallback
Yemen,YEM,Transport,0.869,0.869,0.0,,global_fallback,0.0,,,,,,global_fallback
Yemen,YEM,Manual,0.335,0.335,0.0,,global_fallback,0.0,,,,,,global_fallback
Yemen,YEM,Cleaning,0.485,0.485,0.0,,global_fallback,0.0,,,,,,global_fallback
Yemen,YEM,Tech,0.32,0.32,0.0,,global_fallback,0.0,,,,,,global_fallback
Yemen,YEM,ArmedForces,0.4,0.4,0.0,,global_fallback,0.0,,,,,,global_fallback
South Africa,ZAF,Food,0.895,0.895,0.0,1246246.0,global_fallback,0.0,,35.5211200596743,35.5211200596743,,,global_fallback
South Africa,ZAF,Health,0.819,0.819,0.0,442366.0,global_fallback,0.0,,35.5211200596743,35.5211200596743,,,global_fallback
South Africa,ZAF,Retail,0.876,0.876,0.0,603871.0,global_fallback,0.0,,35.5211200596743,35.5211200596743,,,global_fallback
South Africa,ZAF,Security,0.846,0.846,0.0,0.0,global_fallback,0.0,,35.5211200596743,35.5211200596743,,,global_fallback
South Africa,ZAF,Transport,0.869,0.869,0.0,955882.0,global_fallback,0.0,,35.5211200596743,35.5211200596743,,,global_fallback
South Africa,ZAF,Manual,0.335,0.335,0.0,3441931.0,global_fallback,0.0,,35.5211200596743,35.5211200596743,,,global_fallback
South Africa,ZAF,Cleaning,0.485,0.485,0.0,2652260.0,global_fallback,0.0,,35.5211200596743,35.5211200596743,,,global_fallback
South Africa,ZAF,Tech,0.32,0.32,0.0,2492973.0,global_fallback,0.0,,35.5211200596743,35.5211200596743,,,global_fallback
South Africa,ZAF,ArmedForces,0.4,0.4,0.0,23613.0,global_fallback,0.0,,35.5211200596743,35.5211200596743,,,global_fallback
Zambia,ZMB,Food,0.895,0.7863522529871082,-0.10864774701289182,3726849.0,ilo_calibrated,0.12139413074066115,62.02,70.5731227430976,62.02000000000001,8.553122743097596,7.105427357601002e-15,ok
Zambia,ZMB,Health,0.819,0.7195782069233985,-0.09942179307660148,91523.0,ilo_calibrated,0.12139413074066115,62.02,70.5731227430976,62.02000000000001,8.553122743097596,7.105427357601002e-15,ok
Zambia,ZMB,Retail,0.876,0.7696587414711809,-0.10634125852881915,765213.0,ilo_calibrated,0.12139413074066115,62.02,70.5731227430976,62.02000000000001,8.553122743097596,7.105427357601002e-15,ok
Zambia,ZMB,Security,0.846,0.7433005653934006,-0.10269943460659936,116599.0,ilo_calibrated,0.12139413074066115,62.02,70.5731227430976,62.02000000000001,8.553122743097596,7.105427357601002e-15,ok
Zambia,ZMB,Transport,0.869,0.7635085003863654,-0.10549149961363458,191152.0,ilo_calibrated,0.12139413074066115,62.02,70.5731227430976,62.02000000000001,8.553122743097596,7.105427357601002e-15,ok
Zambia,ZMB,Manual,0.335,0.29433296620187854,-0.04066703379812148,579633.0,ilo_calibrated,0.12139413074066115,62.02,70.5731227430976,62.02000000000001,8.553122743097596,7.105427357601002e-15,ok
Zambia,ZMB,Cleaning,0.485,0.4261238465907793,-0.0588761534092207,252440.0,ilo_calibrated,0.12139413074066115,62.02,70.5731227430976,62.02000000000001,8.553122743097596,7.105427357601002e-15,ok
Zambia,ZMB,Tech,0.32,0.2811538781629884,-0.03884612183701158,316262.0,ilo_calibrated,0.12139413074066115,62.02,70.5731227430976,62.02000000000001,8.553122743097596,7.105427357601002e-15,ok
Zambia,ZMB,ArmedForces,0.4,0.4,0.0,19548.0,ilo_calibrated,0.12139413074066115,62.02,70.5731227430976,62.02000000000001,8.553122743097596,7.105427357601002e-15,ok
Zimbabwe,ZWE,Food,0.895,0.8825943988402781,-0.01240560115972189,3003561.0,ilo_calibrated,0.013861006882370786,69.57,70.54709352507307,69.57,0.977093525073073,0.0,ok
Zimbabwe,ZWE,Health,0.819,0.8076478353633383,-0.011352164636661666,56001.0,ilo_calibrated,0.013861006882370786,69.57,70.54709352507307,69.57,0.977093525073073,0.0,ok
Zimbabwe,ZWE,Retail,0.876,0.8638577579710431,-0.012142242028956862,660122.0,ilo_calibrated,0.013861006882370786,69.57,70.54709352507307,69.57,0.977093525073073,0.0,ok
Zimbabwe,ZWE,Security,0.846,0.8342735881775143,-0.011726411822485683,134555.0,ilo_calibrated,0.013861006882370786,69.57,70.54709352507307,69.57,0.977093525073073,0.0,ok
Zimbabwe,ZWE,Transport,0.869,0.8569547850192197,-0.012045214980780261,93138.0,ilo_calibrated,0.013861006882370786,69.57,70.54709352507307,69.57,0.977093525073073,0.0,ok
Zimbabwe,ZWE,Manual,0.335,0.3303565626944058,-0.004643437305594245,628910.0,ilo_calibrated,0.013861006882370786,69.57,70.54709352507307,69.57,0.977093525073073,0.0,ok
Zimbabwe,ZWE,Cleaning,0.485,0.4782774116620502,-0.006722588337949809,221262.0,ilo_calibrated,0.013861006882370786,69.57,70.54709352507307,69.57,0.977093525073073,0.0,ok
Zimbabwe,ZWE,Tech,0.32,0.31556447779764135,-0.004435522202358655,218121.0,ilo_calibrated,0.013861006882370786,69.57,70.54709352507307,69.57,0.977093525073073,0.0,ok
Zimbabwe,ZWE,ArmedForces,0.4,0.4,0.0,7576.0,ilo_calibrated,0.013861006882370786,69.57,70.54709352507307,69.57,0.977093525073073,0.0,ok
