,0,1,2,3,4,5,6,7,8,9,10,11,12,13,14,15,16,17,18,19,20,21,22,23,24,25,26,27,28,29,30,31,32,33,34,35,36,37,38,39,40,41,42,43,44,45,46,47,48,49,50,51,52,53,54
Aruba,5687,12647,0,0.0+/-0,0.0+/-0,0.0+/-0,0.0+/-0,0.0+/-0,0.0+/-0,0.0+/-0,0.0+/-0,0.0+/-0,0.0+/-0,0.0+/-0,0.0+/-0,0.0+/-0,0.0+/-0,0.0+/-0,0.0+/-0,0.0+/-0,0.0+/-0,0.0+/-0,0.0+/-0,0.0+/-0,0.0+/-0,0.0+/-0,0.0+/-0,0.0+/-0,0.0+/-0,0.0+/-0,0.0+/-0,0.0+/-0,0.0+/-0,0.0+/-0,0.0+/-0,0.0+/-0,0.0+/-0,0.0+/-0,0.0+/-0,0.0+/-0,0.0+/-0,0.0+/-0,0.0+/-0,0.0+/-0,0.0+/-0,0.0+/-0,0.0+/-0,0.0+/-0,0.0+/-0,0.0+/-0,0.0+/-0,0.0+/-0,0.0+/-0,0.0+/-0,0.0+/-0
Afghanistan,839122,1865189,0,0.0+/-0,0.0+/-0,0.0+/-0,0.0+/-0,0.0+/-0,0.0+/-0,0.0+/-0,0.0+/-0,0.0+/-0,0.0+/-0,0.0+/-0,0.0+/-0,0.0+/-0,0.0+/-0,0.0+/-0,0.0+/-0,0.0+/-0,0.0+/-0,0.0+/-0,0.0+/-0,0.0+/-0,0.0+/-0,0.0+/-0,0.0+/-0,0.0+/-0,0.0+/-0,0.0+/-0,0.0+/-0,0.0+/-0,0.0+/-0,0.0+/-0,0.0+/-0,0.0+/-0,0.0+/-0,0.0+/-0,0.0+/-0,0.0+/-0,0.0+/-0,0.0+/-0,0.0+/-0,0.0+/-0,0.0+/-0,0.0+/-0,0.0+/-0,0.0+/-0,0.0+/-0,0.0+/-0,0.0+/-0,0.0+/-0,0.0+/-0,0.0+/-0,0.0+/-0
Angola,995453,3426263,0,0.0+/-0,0.0+/-0,0.0+/-0,0.0+/-0,0.0+/-0,0.0+/-0,0.0+/-0,0.0+/-0,0.0+/-0,0.0+/-0,0.0+/-0,0.0+/-0,0.0+/-0,0.0+/-0,0.0+/-0,0.0+/-0,0.0+/-0,0.0+/-0,0.0+/-0,0.0+/-0,0.0+/-0,0.0+/-0,0.0+/-0,0.0+/-0,0.0+/-0,0.0+/-0,0.0+/-0,0.0+/-0,0.0+/-0,0.0+/-0,0.0+/-0,0.0+/-0,0.0+/-0,0.0+/-0,0.0+/-0,0.0+/-0,0.0+/-0,0.0+/-0,0.0+/-0,0.0+/-0,0.0+/-0,0.0+/-0,0.0+/-0,0.0+/-0,0.0+/-0,0.0+/-0,0.0+/-0,0.0+/-0,0.0+/-0,0.0+/-0,0.0+/-0,0.0+/-0
Albania,166947,330799,0,0.0+/-0,0.0+/-0,0.0+/-0,0.0+/-0,0.0+/-0,0.0+/-0,0.0+/-0,0.0+/-0,0.0+/-0,0.0+/-0,0.0+/-0,0.0+/-0,0.0+/-0,0.0+/-0,0.0+/-0,0.0+/-0,0.0+/-0,0.0+/-0,0.0+/-0,0.0+/-0,0.0+/-0,0.0+/-0,0.0+/-0,0.0+/-0,0.0+/-0,0.0+/-0,0.0+/-0,0.0+/-0,0.0+/-0,0.0+/-0,0.0+/-0,0.0+/-0,0.0+/-0,0.0+/-0,0.0+/-0,0.0+/-0,0.0+/-0,0.0+/-0,0.0+/-0,0.0+/-0,0.0+/-0,0.0+/-0,0.0+/-0,0.0+/-0,0.0+/-0,0.0+/-0,0.0+/-0,0.0+/-0,0.0+/-0,0.0+/-0,0.0+/-0,0.0+/-0
Andorra,3390,10195,0,0,0,0.0+/-0,0.0+/-0,0.0+/-0,0.0+/-0,0.0+/-0,0.0+/-0,0.0+/-0,0.0+/-0,0.0+/-0,0.0+/-0,0.0+/-0,0.0+/-0,0.0+/-0,0.0+/-0,0.0+/-0,0.0+/-0,0.0+/-0,0.0+/-0,0.0+/-0,0.0+/-0,0.0+/-0,0.0+/-0,0.0+/-0,0.0+/-0,0.0+/-0,0.0+/-0,0.0+/-0,0.0+/-0,0.0+/-0,0.0+/-0,0.0+/-0,0.0+/-0,0.0+/-0,0.0+/-0,0.0+/-0,0.0+/-0,0.0+/-0,0.0+/-0,0.0+/-0,0.0+/-0,0.0+/-0,0.0+/-0,0.0+/-0,0.0+/-0,0.0+/-0,0.0+/-0,0.0+/-0,0.0+/-0,0.0+/-0,0.0+/-0
United Arab Emirates,497441,1321723,0,0,0,0,0,(7.4+/-1.1)e+05,(1.48+/-0.22)e+06,(2.22+/-0.33)e+06,(3.0+/-0.4)e+06,(3.7+/-0.5)e+06,(4.4+/-0.7)e+06,(5.2+/-0.8)e+06,(5.9+/-0.9)e+06,(6.7+/-1.0)e+06,(7.4+/-1.1)e+06,(8.2+/-1.2)e+06,(8.9+/-1.3)e+06,(9.6+/-1.4)e+06,(1.04+/-0.15)e+07,(1.11+/-0.16)e+07,(1.19+/-0.17)e+07,(1.26+/-0.19)e+07,(1.33+/-0.20)e+07,(1.41+/-0.21)e+07,(1.48+/-0.22)e+07,(1.56+/-0.23)e+07,(1.63+/-0.24)e+07,(1.71+/-0.25)e+07,(1.78+/-0.26)e+07,(1.85+/-0.27)e+07,(1.93+/-0.28)e+07,(2.00+/-0.29)e+07,(2.08+/-0.31)e+07,(2.15+/-0.32)e+07,(2.22+/-0.33)e+07,(2.30+/-0.34)e+07,(2.37+/-0.35)e+07,(2.4+/-0.4)e+07,(2.5+/-0.4)e+07,(2.6+/-0.4)e+07,(2.7+/-0.4)e+07,(2.7+/-0.4)e+07,(2.8+/-0.4)e+07,(2.9+/-0.4)e+07,(3.0+/-0.4)e+07,(3.0+/-0.4)e+07,(3.1+/-0.5)e+07,(3.2+/-0.5)e+07,(3.3+/-0.5)e+07,(3.3+/-0.5)e+07,(3.4+/-0.5)e+07,(3.5+/-0.5)e+07,(3.6+/-0.5)e+07
Argentina,1655955,5592191,0,0,0,0,0,0,0,(1.20+/-0.18)e+06,(2.41+/-0.35)e+06,(3.6+/-0.5)e+06,(4.8+/-0.7)e+06,(6.0+/-0.9)e+06,(7.2+/-1.1)e+06,(8.4+/-1.2)e+06,(9.6+/-1.4)e+06,(1.08+/-0.16)e+07,(1.20+/-0.18)e+07,(1.32+/-0.19)e+07,(1.44+/-0.21)e+07,(1.56+/-0.23)e+07,(1.69+/-0.25)e+07,(1.81+/-0.27)e+07,(1.93+/-0.28)e+07,(2.05+/-0.30)e+07,(2.17+/-0.32)e+07,(2.29+/-0.34)e+07,(2.41+/-0.35)e+07,(2.5+/-0.4)e+07,(2.6+/-0.4)e+07,(2.8+/-0.4)e+07,(2.9+/-0.4)e+07,(3.0+/-0.4)e+07,(3.1+/-0.5)e+07,(3.3+/-0.5)e+07,(3.4+/-0.5)e+07,(3.5+/-0.5)e+07,(3.6+/-0.5)e+07,(3.7+/-0.5)e+07,(3.9+/-0.6)e+07,(4.0+/-0.6)e+07,(4.1+/-0.6)e+07,(4.2+/-0.6)e+07,(4.3+/-0.6)e+07,(4.5+/-0.7)e+07,(4.6+/-0.7)e+07,(4.7+/-0.7)e+07,(4.8+/-0.7)e+07,(4.9+/-0.7)e+07,(5.1+/-0.7)e+07,(5.2+/-0.8)e+07,(5.3+/-0.8)e+07,(5.4+/-0.8)e+07,(5.5+/-0.8)e+07
Armenia,168185,326666,0,0.0+/-0,0.0+/-0,0.0+/-0,0.0+/-0,0.0+/-0,0.0+/-0,0.0+/-0,0.0+/-0,0.0+/-0,0.0+/-0,0.0+/-0,0.0+/-0,0.0+/-0,0.0+/-0,0.0+/-0,0.0+/-0,0.0+/-0,0.0+/-0,0.0+/-0,0.0+/-0,0.0+/-0,0.0+/-0,0.0+/-0,0.0+/-0,0.0+/-0,0.0+/-0,0.0+/-0,0.0+/-0,0.0+/-0,0.0+/-0,0.0+/-0,0.0+/-0,0.0+/-0,0.0+/-0,0.0+/-0,0.0+/-0,0.0+/-0,0.0+/-0,0.0+/-0,0.0+/-0,0.0+/-0,0.0+/-0,0.0+/-0,0.0+/-0,0.0+/-0,0.0+/-0,0.0+/-0,0.0+/-0,0.0+/-0,0.0+/-0,0.0+/-0,0.0+/-0
American Samoa,5225,11863,0,0.0+/-0,0.0+/-0,0.0+/-0,0.0+/-0,0.0+/-0,0.0+/-0,0.0+/-0,0.0+/-0,0.0+/-0,0.0+/-0,0.0+/-0,0.0+/-0,0.0+/-0,0.0+/-0,0.0+/-0,0.0+/-0,0.0+/-0,0.0+/-0,0.0+/-0,0.0+/-0,0.0+/-0,0.0+/-0,0.0+/-0,0.0+/-0,0.0+/-0,0.0+/-0,0.0+/-0,0.0+/-0,0.0+/-0,0.0+/-0,0.0+/-0,0.0+/-0,0.0+/-0,0.0+/-0,0.0+/-0,0.0+/-0,0.0+/-0,0.0+/-0,0.0+/-0,0.0+/-0,0.0+/-0,0.0+/-0,0.0+/-0,0.0+/-0,0.0+/-0,0.0+/-0,0.0+/-0,0.0+/-0,0.0+/-0,0.0+/-0,0.0+/-0,0.0+/-0
Antigua and Barbuda,6491,9391,0,0.0+/-0,0.0+/-0,0.0+/-0,0.0+/-0,0.0+/-0,0.0+/-0,0.0+/-0,0.0+/-0,0.0+/-0,0.0+/-0,0.0+/-0,0.0+/-0,0.0+/-0,0.0+/-0,0.0+/-0,0.0+/-0,0.0+/-0,0.0+/-0,0.0+/-0,0.0+/-0,0.0+/-0,0.0+/-0,0.0+/-0,0.0+/-0,0.0+/-0,0.0+/-0,0.0+/-0,0.0+/-0,0.0+/-0,0.0+/-0,0.0+/-0,0.0+/-0,0.0+/-0,0.0+/-0,0.0+/-0,0.0+/-0,0.0+/-0,0.0+/-0,0.0+/-0,0.0+/-0,0.0+/-0,0.0+/-0,0.0+/-0,0.0+/-0,0.0+/-0,0.0+/-0,0.0+/-0,0.0+/-0,0.0+/-0,0.0+/-0,0.0+/-0,0.0+/-0
Australia,1252233,3065197,0,0,0,0,(1.30+/-0.19)e+06,(2.6+/-0.4)e+06,(3.9+/-0.6)e+06,(5.2+/-0.8)e+06,(6.5+/-1.0)e+06,(7.8+/-1.1)e+06,(9.1+/-1.3)e+06,(1.04+/-0.15)e+07,(1.17+/-0.17)e+07,(1.30+/-0.19)e+07,(1.43+/-0.21)e+07,(1.56+/-0.23)e+07,(1.69+/-0.25)e+07,(1.82+/-0.27)e+07,(1.95+/-0.29)e+07,(2.08+/-0.31)e+07,(2.21+/-0.33)e+07,(2.34+/-0.34)e+07,(2.5+/-0.4)e+07,(2.6+/-0.4)e+07,(2.7+/-0.4)e+07,(2.9+/-0.4)e+07,(3.0+/-0.4)e+07,(3.1+/-0.5)e+07,(3.3+/-0.5)e+07,(3.4+/-0.5)e+07,(3.5+/-0.5)e+07,(3.6+/-0.5)e+07,(3.8+/-0.6)e+07,(3.9+/-0.6)e+07,(4.0+/-0.6)e+07,(4.2+/-0.6)e+07,(4.3+/-0.6)e+07,(4.4+/-0.7)e+07,(4.6+/-0.7)e+07,(4.7+/-0.7)e+07,(4.8+/-0.7)e+07,(4.9+/-0.7)e+07,(5.1+/-0.7)e+07,(5.2+/-0.8)e+07,(5.3+/-0.8)e+07,(5.5+/-0.8)e+07,(5.6+/-0.8)e+07,(5.7+/-0.8)e+07,(5.9+/-0.9)e+07,(6.0+/-0.9)e+07,(6.1+/-0.9)e+07,(6.2+/-0.9)e+07,(6.4+/-0.9)e+07
Austria,406402,994600,0,0,0,0,0,(1.10+/-0.16)e+06,(2.20+/-0.32)e+06,(3.3+/-0.5)e+06,(4.4+/-0.6)e+06,(5.5+/-0.8)e+06,(6.6+/-1.0)e+06,(7.7+/-1.1)e+06,(8.8+/-1.3)e+06,(9.9+/-1.5)e+06,(1.10+/-0.16)e+07,(1.21+/-0.18)e+07,(1.32+/-0.19)e+07,(1.43+/-0.21)e+07,(1.54+/-0.23)e+07,(1.65+/-0.24)e+07,(1.76+/-0.26)e+07,(1.87+/-0.28)e+07,(1.98+/-0.29)e+07,(2.09+/-0.31)e+07,(2.20+/-0.32)e+07,(2.31+/-0.34)e+07,(2.4+/-0.4)e+07,(2.5+/-0.4)e+07,(2.6+/-0.4)e+07,(2.8+/-0.4)e+07,(2.9+/-0.4)e+07,(3.0+/-0.4)e+07,(3.1+/-0.5)e+07,(3.2+/-0.5)e+07,(3.3+/-0.5)e+07,(3.4+/-0.5)e+07,(3.5+/-0.5)e+07,(3.6+/-0.5)e+07,(3.7+/-0.6)e+07,(3.9+/-0.6)e+07,(4.0+/-0.6)e+07,(4.1+/-0.6)e+07,(4.2+/-0.6)e+07,(4.3+/-0.6)e+07,(4.4+/-0.6)e+07,(4.5+/-0.7)e+07,(4.6+/-0.7)e+07,(4.7+/-0.7)e+07,(4.8+/-0.7)e+07,(5.0+/-0.7)e+07,(5.1+/-0.7)e+07,(5.2+/-0.8)e+07,(5.3+/-0.8)e+07
Azerbaijan,506530,959882,0,(4.0+/-0.6)e+04,(8.1+/-1.2)e+04,(1.21+/-0.18)e+05,(1.61+/-0.24)e+05,(2.01+/-0.30)e+05,(2.4+/-0.4)e+05,(2.8+/-0.4)e+05,(3.2+/-0.5)e+05,(3.6+/-0.5)e+05,(4.0+/-0.6)e+05,(4.4+/-0.7)e+05,(4.8+/-0.7)e+05,(5.2+/-0.8)e+05,(5.6+/-0.8)e+05,(6.0+/-0.9)e+05,(6.4+/-0.9)e+05,(6.8+/-1.0)e+05,(7.2+/-1.1)e+05,(7.7+/-1.1)e+05,(8.1+/-1.2)e+05,(8.5+/-1.2)e+05,(8.9+/-1.3)e+05,(9.3+/-1.4)e+05,(9.7+/-1.4)e+05,(1.01+/-0.15)e+06,(1.05+/-0.15)e+06,(1.09+/-0.16)e+06,(1.13+/-0.17)e+06,(1.17+/-0.17)e+06,(1.21+/-0.18)e+06,(1.25+/-0.18)e+06,(1.29+/-0.19)e+06,(1.33+/-0.20)e+06,(1.37+/-0.20)e+06,(1.41+/-0.21)e+06,(1.45+/-0.21)e+06,(1.49+/-0.22)e+06,(1.53+/-0.23)e+06,(1.57+/-0.23)e+06,(1.61+/-0.24)e+06,(1.65+/-0.24)e+06,(1.69+/-0.25)e+06,(1.73+/-0.25)e+06,(1.77+/-0.26)e+06,(1.81+/-0.27)e+06,(1.85+/-0.27)e+06,(1.89+/-0.28)e+06,(1.93+/-0.28)e+06,(1.97+/-0.29)e+06,(2.01+/-0.30)e+06,(2.05+/-0.30)e+06,(2.09+/-0.31)e+06
Burundi,131681,354859,0,0.0+/-0,0.0+/-0,0.0+/-0,0.0+/-0,0.0+/-0,0.0+/-0,0.0+/-0,0.0+/-0,0.0+/-0,0.0+/-0,0.0+/-0,0.0+/-0,0.0+/-0,0.0+/-0,0.0+/-0,0.0+/-0,0.0+/-0,0.0+/-0,0.0+/-0,0.0+/-0,0.0+/-0,0.0+/-0,0.0+/-0,0.0+/-0,0.0+/-0,0.0+/-0,0.0+/-0,0.0+/-0,0.0+/-0,0.0+/-0,0.0+/-0,0.0+/-0,0.0+/-0,0.0+/-0,0.0+/-0,0.0+/-0,0.0+/-0,0.0+/-0,0.0+/-0,0.0+/-0,0.0+/-0,0.0+/-0,0.0+/-0,0.0+/-0,0.0+/-0,0.0+/-0,0.0+/-0,0.0+/-0,0.0+/-0,0.0+/-0,0.0+/-0,0.0+/-0
Belgium,416422,1013834,0,0,0,0,0,0,0,0,(7.6+/-1.1)e+05,(1.52+/-0.22)e+06,(2.28+/-0.34)e+06,(3.0+/-0.4)e+06,(3.8+/-0.6)e+06,(4.6+/-0.7)e+06,(5.3+/-0.8)e+06,(6.1+/-0.9)e+06,(6.8+/-1.0)e+06,(7.6+/-1.1)e+06,(8.4+/-1.2)e+06,(9.1+/-1.3)e+06,(9.9+/-1.5)e+06,(1.06+/-0.16)e+07,(1.14+/-0.17)e+07,(1.22+/-0.18)e+07,(1.29+/-0.19)e+07,(1.37+/-0.20)e+07,(1.44+/-0.21)e+07,(1.52+/-0.22)e+07,(1.59+/-0.23)e+07,(1.67+/-0.25)e+07,(1.75+/-0.26)e+07,(1.82+/-0.27)e+07,(1.90+/-0.28)e+07,(1.97+/-0.29)e+07,(2.05+/-0.30)e+07,(2.13+/-0.31)e+07,(2.20+/-0.32)e+07,(2.28+/-0.34)e+07,(2.35+/-0.35)e+07,(2.4+/-0.4)e+07,(2.5+/-0.4)e+07,(2.6+/-0.4)e+07,(2.7+/-0.4)e+07,(2.7+/-0.4)e+07,(2.8+/-0.4)e+07,(2.9+/-0.4)e+07,(3.0+/-0.4)e+07,(3.0+/-0.4)e+07,(3.1+/-0.5)e+07,(3.2+/-0.5)e+07,(3.3+/-0.5)e+07,(3.3+/-0.5)e+07,(3.4+/-0.5)e+07
Benin,859152,2164082,0,0.0+/-0,0.0+/-0,0.0+/-0,0.0+/-0,0.0+/-0,0.0+/-0,0.0+/-0,0.0+/-0,0.0+/-0,0.0+/-0,0.0+/-0,0.0+/-0,0.0+/-0,0.0+/-0,0.0+/-0,0.0+/-0,0.0+/-0,0.0+/-0,0.0+/-0,0.0+/-0,0.0+/-0,0.0+/-0,0.0+/-0,0.0+/-0,0.0+/-0,0.0+/-0,0.0+/-0,0.0+/-0,0.0+/-0,0.0+/-0,0.0+/-0,0.0+/-0,0.0+/-0,0.0+/-0,0.0+/-0,0.0+/-0,0.0+/-0,0.0+/-0,0.0+/-0,0.0+/-0,0.0+/-0,0.0+/-0,0.0+/-0,0.0+/-0,0.0+/-0,0.0+/-0,0.0+/-0,0.0+/-0,0.0+/-0,0.0+/-0,0.0+/-0,0.0+/-0
Burkina Faso,260028,1074758,0,0.0+/-0,0.0+/-0,0.0+/-0,0.0+/-0,0.0+/-0,0.0+/-0,0.0+/-0,0.0+/-0,0.0+/-0,0.0+/-0,0.0+/-0,0.0+/-0,0.0+/-0,0.0+/-0,0.0+/-0,0.0+/-0,0.0+/-0,0.0+/-0,0.0+/-0,0.0+/-0,0.0+/-0,0.0+/-0,0.0+/-0,0.0+/-0,0.0+/-0,0.0+/-0,0.0+/-0,0.0+/-0,0.0+/-0,0.0+/-0,0.0+/-0,0.0+/-0,0.0+/-0,0.0+/-0,0.0+/-0,0.0+/-0,0.0+/-0,0.0+/-0,0.0+/-0,0.0+/-0,0.0+/-0,0.0+/-0,0.0+/-0,0.0+/-0,0.0+/-0,0.0+/-0,0.0+/-0,0.0+/-0,0.0+/-0,0.0+/-0,0.0+/-0,0.0+/-0
Bangladesh,13873723,22932196,0,(9.4+/-1.4)e+05,(1.88+/-0.28)e+06,(2.8+/-0.4)e+06,(3.8+/-0.6)e+06,(4.7+/-0.7)e+06,(5.6+/-0.8)e+06,(6.6+/-1.0)e+06,(7.5+/-1.1)e+06,(8.5+/-1.2)e+06,(9.4+/-1.4)e+06,(1.04+/-0.15)e+07,(1.13+/-0.17)e+07,(1.22+/-0.18)e+07,(1.32+/-0.19)e+07,(1.41+/-0.21)e+07,(1.51+/-0.22)e+07,(1.60+/-0.24)e+07,(1.69+/-0.25)e+07,(1.79+/-0.26)e+07,(1.88+/-0.28)e+07,(1.98+/-0.29)e+07,(2.07+/-0.30)e+07,(2.16+/-0.32)e+07,(2.26+/-0.33)e+07,(2.35+/-0.35)e+07,(2.4+/-0.4)e+07,(2.5+/-0.4)e+07,(2.6+/-0.4)e+07,(2.7+/-0.4)e+07,(2.8+/-0.4)e+07,(2.9+/-0.4)e+07,(3.0+/-0.4)e+07,(3.1+/-0.5)e+07,(3.2+/-0.5)e+07,(3.3+/-0.5)e+07,(3.4+/-0.5)e+07,(3.5+/-0.5)e+07,(3.6+/-0.5)e+07,(3.7+/-0.5)e+07,(3.8+/-0.6)e+07,(3.9+/-0.6)e+07,(4.0+/-0.6)e+07,(4.0+/-0.6)e+07,(4.1+/-0.6)e+07,(4.2+/-0.6)e+07,(4.3+/-0.6)e+07,(4.4+/-0.7)e+07,(4.5+/-0.7)e+07,(4.6+/-0.7)e+07,(4.7+/-0.7)e+07,(4.8+/-0.7)e+07,(4.9+/-0.7)e+07
Bulgaria,299042,727033,0,0,0,0,0,0,(1.24+/-0.18)e+05,(2.5+/-0.4)e+05,(3.7+/-0.5)e+05,(5.0+/-0.7)e+05,(6.2+/-0.9)e+05,(7.5+/-1.1)e+05,(8.7+/-1.3)e+05,(1.00+/-0.15)e+06,(1.12+/-0.16)e+06,(1.24+/-0.18)e+06,(1.37+/-0.20)e+06,(1.49+/-0.22)e+06,(1.62+/-0.24)e+06,(1.74+/-0.26)e+06,(1.87+/-0.27)e+06,(1.99+/-0.29)e+06,(2.12+/-0.31)e+06,(2.24+/-0.33)e+06,(2.36+/-0.35)e+06,(2.5+/-0.4)e+06,(2.6+/-0.4)e+06,(2.7+/-0.4)e+06,(2.9+/-0.4)e+06,(3.0+/-0.4)e+06,(3.1+/-0.5)e+06,(3.2+/-0.5)e+06,(3.4+/-0.5)e+06,(3.5+/-0.5)e+06,(3.6+/-0.5)e+06,(3.7+/-0.5)e+06,(3.9+/-0.6)e+06,(4.0+/-0.6)e+06,(4.1+/-0.6)e+06,(4.2+/-0.6)e+06,(4.4+/-0.6)e+06,(4.5+/-0.7)e+06,(4.6+/-0.7)e+06,(4.7+/-0.7)e+06,(4.9+/-0.7)e+06,(5.0+/-0.7)e+06,(5.1+/-0.8)e+06,(5.2+/-0.8)e+06,(5.4+/-0.8)e+06,(5.5+/-0.8)e+06,(5.6+/-0.8)e+06,(5.7+/-0.8)e+06,(5.8+/-0.9)e+06
Bahrain,64057,170202,0,0,0,0,0,0,0,(1.13+/-0.17)e+05,(2.26+/-0.33)e+05,(3.4+/-0.5)e+05,(4.5+/-0.7)e+05,(5.7+/-0.8)e+05,(6.8+/-1.0)e+05,(7.9+/-1.2)e+05,(9.1+/-1.3)e+05,(1.02+/-0.15)e+06,(1.13+/-0.17)e+06,(1.25+/-0.18)e+06,(1.36+/-0.20)e+06,(1.47+/-0.22)e+06,(1.59+/-0.23)e+06,(1.70+/-0.25)e+06,(1.81+/-0.27)e+06,(1.93+/-0.28)e+06,(2.04+/-0.30)e+06,(2.15+/-0.32)e+06,(2.26+/-0.33)e+06,(2.38+/-0.35)e+06,(2.5+/-0.4)e+06,(2.6+/-0.4)e+06,(2.7+/-0.4)e+06,(2.8+/-0.4)e+06,(2.9+/-0.4)e+06,(3.1+/-0.5)e+06,(3.2+/-0.5)e+06,(3.3+/-0.5)e+06,(3.4+/-0.5)e+06,(3.5+/-0.5)e+06,(3.6+/-0.5)e+06,(3.7+/-0.6)e+06,(3.9+/-0.6)e+06,(4.0+/-0.6)e+06,(4.1+/-0.6)e+06,(4.2+/-0.6)e+06,(4.3+/-0.6)e+06,(4.4+/-0.7)e+06,(4.5+/-0.7)e+06,(4.6+/-0.7)e+06,(4.8+/-0.7)e+06,(4.9+/-0.7)e+06,(5.0+/-0.7)e+06,(5.1+/-0.8)e+06,(5.2+/-0.8)e+06
Bahamas,21812,58451,0,0.0+/-0,0.0+/-0,0.0+/-0,0.0+/-0,0.0+/-0,0.0+/-0,0.0+/-0,0.0+/-0,0.0+/-0,0.0+/-0,0.0+/-0,0.0+/-0,0.0+/-0,0.0+/-0,0.0+/-0,0.0+/-0,0.0+/-0,0.0+/-0,0.0+/-0,0.0+/-0,0.0+/-0,0.0+/-0,0.0+/-0,0.0+/-0,0.0+/-0,0.0+/-0,0.0+/-0,0.0+/-0,0.0+/-0,0.0+/-0,0.0+/-0,0.0+/-0,0.0+/-0,0.0+/-0,0.0+/-0,0.0+/-0,0.0+/-0,0.0+/-0,0.0+/-0,0.0+/-0,0.0+/-0,0.0+/-0,0.0+/-0,0.0+/-0,0.0+/-0,0.0+/-0,0.0+/-0,0.0+/-0,0.0+/-0,0.0+/-0,0.0+/-0,0.0+/-0
Bosnia and Herzegovina,130616,301676,0,0,0,0,0,0,0,0,(3.9+/-0.6)e+04,(7.9+/-1.2)e+04,(1.18+/-0.17)e+05,(1.57+/-0.23)e+05,(1.97+/-0.29)e+05,(2.36+/-0.35)e+05,(2.8+/-0.4)e+05,(3.1+/-0.5)e+05,(3.5+/-0.5)e+05,(3.9+/-0.6)e+05,(4.3+/-0.6)e+05,(4.7+/-0.7)e+05,(5.1+/-0.8)e+05,(5.5+/-0.8)e+05,(5.9+/-0.9)e+05,(6.3+/-0.9)e+05,(6.7+/-1.0)e+05,(7.1+/-1.0)e+05,(7.5+/-1.1)e+05,(7.9+/-1.2)e+05,(8.3+/-1.2)e+05,(8.7+/-1.3)e+05,(9.0+/-1.3)e+05,(9.4+/-1.4)e+05,(9.8+/-1.4)e+05,(1.02+/-0.15)e+06,(1.06+/-0.16)e+06,(1.10+/-0.16)e+06,(1.14+/-0.17)e+06,(1.18+/-0.17)e+06,(1.22+/-0.18)e+06,(1.26+/-0.19)e+06,(1.30+/-0.19)e+06,(1.34+/-0.20)e+06,(1.38+/-0.20)e+06,(1.42+/-0.21)e+06,(1.46+/-0.21)e+06,(1.49+/-0.22)e+06,(1.53+/-0.23)e+06,(1.57+/-0.23)e+06,(1.61+/-0.24)e+06,(1.65+/-0.24)e+06,(1.69+/-0.25)e+06,(1.73+/-0.25)e+06,(1.77+/-0.26)e+06
Belarus,487570,993888,0,0,0,0,0,0,0,(1.86+/-0.27)e+05,(3.7+/-0.5)e+05,(5.6+/-0.8)e+05,(7.4+/-1.1)e+05,(9.3+/-1.4)e+05,(1.12+/-0.16)e+06,(1.30+/-0.19)e+06,(1.49+/-0.22)e+06,(1.68+/-0.25)e+06,(1.86+/-0.27)e+06,(2.05+/-0.30)e+06,(2.23+/-0.33)e+06,(2.4+/-0.4)e+06,(2.6+/-0.4)e+06,(2.8+/-0.4)e+06,(3.0+/-0.4)e+06,(3.2+/-0.5)e+06,(3.4+/-0.5)e+06,(3.5+/-0.5)e+06,(3.7+/-0.5)e+06,(3.9+/-0.6)e+06,(4.1+/-0.6)e+06,(4.3+/-0.6)e+06,(4.5+/-0.7)e+06,(4.7+/-0.7)e+06,(4.8+/-0.7)e+06,(5.0+/-0.7)e+06,(5.2+/-0.8)e+06,(5.4+/-0.8)e+06,(5.6+/-0.8)e+06,(5.8+/-0.8)e+06,(6.0+/-0.9)e+06,(6.1+/-0.9)e+06,(6.3+/-0.9)e+06,(6.5+/-1.0)e+06,(6.7+/-1.0)e+06,(6.9+/-1.0)e+06,(7.1+/-1.0)e+06,(7.3+/-1.1)e+06,(7.4+/-1.1)e+06,(7.6+/-1.1)e+06,(7.8+/-1.2)e+06,(8.0+/-1.2)e+06,(8.2+/-1.2)e+06,(8.4+/-1.2)e+06,(8.6+/-1.3)e+06
Belize,21166,54685,0,0.0+/-0,0.0+/-0,0.0+/-0,0.0+/-0,0.0+/-0,0.0+/-0,0.0+/-0,0.0+/-0,0.0+/-0,0.0+/-0,0.0+/-0,0.0+/-0,0.0+/-0,0.0+/-0,0.0+/-0,0.0+/-0,0.0+/-0,0.0+/-0,0.0+/-0,0.0+/-0,0.0+/-0,0.0+/-0,0.0+/-0,0.0+/-0,0.0+/-0,0.0+/-0,0.0+/-0,0.0+/-0,0.0+/-0,0.0+/-0,0.0+/-0,0.0+/-0,0.0+/-0,0.0+/-0,0.0+/-0,0.0+/-0,0.0+/-0,0.0+/-0,0.0+/-0,0.0+/-0,0.0+/-0,0.0+/-0,0.0+/-0,0.0+/-0,0.0+/-0,0.0+/-0,0.0+/-0,0.0+/-0,0.0+/-0,0.0+/-0,0.0+/-0,0.0+/-0
Bermuda,5387,11979,0,0.0+/-0,0.0+/-0,0.0+/-0,0.0+/-0,0.0+/-0,0.0+/-0,0.0+/-0,0.0+/-0,0.0+/-0,0.0+/-0,0.0+/-0,0.0+/-0,0.0+/-0,0.0+/-0,0.0+/-0,0.0+/-0,0.0+/-0,0.0+/-0,0.0+/-0,0.0+/-0,0.0+/-0,0.0+/-0,0.0+/-0,0.0+/-0,0.0+/-0,0.0+/-0,0.0+/-0,0.0+/-0,0.0+/-0,0.0+/-0,0.0+/-0,0.0+/-0,0.0+/-0,0.0+/-0,0.0+/-0,0.0+/-0,0.0+/-0,0.0+/-0,0.0+/-0,0.0+/-0,0.0+/-0,0.0+/-0,0.0+/-0,0.0+/-0,0.0+/-0,0.0+/-0,0.0+/-0,0.0+/-0,0.0+/-0,0.0+/-0,0.0+/-0,0.0+/-0
Bolivia,942619,2122108,0,(4.2+/-0.6)e+04,(8.3+/-1.2)e+04,(1.25+/-0.18)e+05,(1.66+/-0.24)e+05,(2.08+/-0.31)e+05,(2.5+/-0.4)e+05,(2.9+/-0.4)e+05,(3.3+/-0.5)e+05,(3.7+/-0.6)e+05,(4.2+/-0.6)e+05,(4.6+/-0.7)e+05,(5.0+/-0.7)e+05,(5.4+/-0.8)e+05,(5.8+/-0.9)e+05,(6.2+/-0.9)e+05,(6.6+/-1.0)e+05,(7.1+/-1.0)e+05,(7.5+/-1.1)e+05,(7.9+/-1.2)e+05,(8.3+/-1.2)e+05,(8.7+/-1.3)e+05,(9.1+/-1.3)e+05,(9.6+/-1.4)e+05,(1.00+/-0.15)e+06,(1.04+/-0.15)e+06,(1.08+/-0.16)e+06,(1.12+/-0.17)e+06,(1.16+/-0.17)e+06,(1.20+/-0.18)e+06,(1.25+/-0.18)e+06,(1.29+/-0.19)e+06,(1.33+/-0.20)e+06,(1.37+/-0.20)e+06,(1.41+/-0.21)e+06,(1.45+/-0.21)e+06,(1.50+/-0.22)e+06,(1.54+/-0.23)e+06,(1.58+/-0.23)e+06,(1.62+/-0.24)e+06,(1.66+/-0.24)e+06,(1.70+/-0.25)e+06,(1.74+/-0.26)e+06,(1.79+/-0.26)e+06,(1.83+/-0.27)e+06,(1.87+/-0.28)e+06,(1.91+/-0.28)e+06,(1.95+/-0.29)e+06,(1.99+/-0.29)e+06,(2.04+/-0.30)e+06,(2.08+/-0.31)e+06,(2.12+/-0.31)e+06,(2.16+/-0.32)e+06
Brazil,10082462,28084922,0,0,0,0,0,0,(3.7+/-0.5)e+06,(7.4+/-1.1)e+06,(1.10+/-0.16)e+07,(1.47+/-0.22)e+07,(1.84+/-0.27)e+07,(2.21+/-0.33)e+07,(2.6+/-0.4)e+07,(2.9+/-0.4)e+07,(3.3+/-0.5)e+07,(3.7+/-0.5)e+07,(4.0+/-0.6)e+07,(4.4+/-0.7)e+07,(4.8+/-0.7)e+07,(5.2+/-0.8)e+07,(5.5+/-0.8)e+07,(5.9+/-0.9)e+07,(6.3+/-0.9)e+07,(6.6+/-1.0)e+07,(7.0+/-1.0)e+07,(7.4+/-1.1)e+07,(7.7+/-1.1)e+07,(8.1+/-1.2)e+07,(8.5+/-1.2)e+07,(8.8+/-1.3)e+07,(9.2+/-1.4)e+07,(9.6+/-1.4)e+07,(9.9+/-1.5)e+07,(1.03+/-0.15)e+08,(1.07+/-0.16)e+08,(1.10+/-0.16)e+08,(1.14+/-0.17)e+08,(1.18+/-0.17)e+08,(1.21+/-0.18)e+08,(1.25+/-0.18)e+08,(1.29+/-0.19)e+08,(1.33+/-0.20)e+08,(1.36+/-0.20)e+08,(1.40+/-0.21)e+08,(1.44+/-0.21)e+08,(1.47+/-0.22)e+08,(1.51+/-0.22)e+08,(1.55+/-0.23)e+08,(1.58+/-0.23)e+08,(1.62+/-0.24)e+08,(1.66+/-0.24)e+08,(1.69+/-0.25)e+08,(1.73+/-0.25)e+08
Barbados,12210,32688,0,0.0+/-0,0.0+/-0,0.0+/-0,0.0+/-0,0.0+/-0,0.0+/-0,0.0+/-0,0.0+/-0,0.0+/-0,0.0+/-0,0.0+/-0,0.0+/-0,0.0+/-0,0.0+/-0,0.0+/-0,0.0+/-0,0.0+/-0,0.0+/-0,0.0+/-0,0.0+/-0,0.0+/-0,0.0+/-0,0.0+/-0,0.0+/-0,0.0+/-0,0.0+/-0,0.0+/-0,0.0+/-0,0.0+/-0,0.0+/-0,0.0+/-0,0.0+/-0,0.0+/-0,0.0+/-0,0.0+/-0,0.0+/-0,0.0+/-0,0.0+/-0,0.0+/-0,0.0+/-0,0.0+/-0,0.0+/-0,0.0+/-0,0.0+/-0,0.0+/-0,0.0+/-0,0.0+/-0,0.0+/-0,0.0+/-0,0.0+/-0,0.0+/-0,0.0+/-0
Brunei Darussalam,19748,52562,0,0.0+/-0,0.0+/-0,0.0+/-0,0.0+/-0,0.0+/-0,0.0+/-0,0.0+/-0,0.0+/-0,0.0+/-0,0.0+/-0,0.0+/-0,0.0+/-0,0.0+/-0,0.0+/-0,0.0+/-0,0.0+/-0,0.0+/-0,0.0+/-0,0.0+/-0,0.0+/-0,0.0+/-0,0.0+/-0,0.0+/-0,0.0+/-0,0.0+/-0,0.0+/-0,0.0+/-0,0.0+/-0,0.0+/-0,0.0+/-0,0.0+/-0,0.0+/-0,0.0+/-0,0.0+/-0,0.0+/-0,0.0+/-0,0.0+/-0,0.0+/-0,0.0+/-0,0.0+/-0,0.0+/-0,0.0+/-0,0.0+/-0,0.0+/-0,0.0+/-0,0.0+/-0,0.0+/-0,0.0+/-0,0.0+/-0,0.0+/-0,0.0+/-0,0.0+/-0
Bhutan,70084,94333,0,0.0+/-0,0.0+/-0,0.0+/-0,0.0+/-0,0.0+/-0,0.0+/-0,0.0+/-0,0.0+/-0,0.0+/-0,0.0+/-0,0.0+/-0,0.0+/-0,0.0+/-0,0.0+/-0,0.0+/-0,0.0+/-0,0.0+/-0,0.0+/-0,0.0+/-0,0.0+/-0,0.0+/-0,0.0+/-0,0.0+/-0,0.0+/-0,0.0+/-0,0.0+/-0,0.0+/-0,0.0+/-0,0.0+/-0,0.0+/-0,0.0+/-0,0.0+/-0,0.0+/-0,0.0+/-0,0.0+/-0,0.0+/-0,0.0+/-0,0.0+/-0,0.0+/-0,0.0+/-0,0.0+/-0,0.0+/-0,0.0+/-0,0.0+/-0,0.0+/-0,0.0+/-0,0.0+/-0,0.0+/-0,0.0+/-0,0.0+/-0,0.0+/-0,0.0+/-0
Botswana,103490,263100,0,0.0+/-0,0.0+/-0,0.0+/-0,0.0+/-0,0.0+/-0,0.0+/-0,0.0+/-0,0.0+/-0,0.0+/-0,0.0+/-0,0.0+/-0,0.0+/-0,0.0+/-0,0.0+/-0,0.0+/-0,0.0+/-0,0.0+/-0,0.0+/-0,0.0+/-0,0.0+/-0,0.0+/-0,0.0+/-0,0.0+/-0,0.0+/-0,0.0+/-0,0.0+/-0,0.0+/-0,0.0+/-0,0.0+/-0,0.0+/-0,0.0+/-0,0.0+/-0,0.0+/-0,0.0+/-0,0.0+/-0,0.0+/-0,0.0+/-0,0.0+/-0,0.0+/-0,0.0+/-0,0.0+/-0,0.0+/-0,0.0+/-0,0.0+/-0,0.0+/-0,0.0+/-0,0.0+/-0,0.0+/-0,0.0+/-0,0.0+/-0,0.0+/-0,0.0+/-0
Central African Republic,184454,587339,0,0.0+/-0,0.0+/-0,0.0+/-0,0.0+/-0,0.0+/-0,0.0+/-0,0.0+/-0,0.0+/-0,0.0+/-0,0.0+/-0,0.0+/-0,0.0+/-0,0.0+/-0,0.0+/-0,0.0+/-0,0.0+/-0,0.0+/-0,0.0+/-0,0.0+/-0,0.0+/-0,0.0+/-0,0.0+/-0,0.0+/-0,0.0+/-0,0.0+/-0,0.0+/-0,0.0+/-0,0.0+/-0,0.0+/-0,0.0+/-0,0.0+/-0,0.0+/-0,0.0+/-0,0.0+/-0,0.0+/-0,0.0+/-0,0.0+/-0,0.0+/-0,0.0+/-0,0.0+/-0,0.0+/-0,0.0+/-0,0.0+/-0,0.0+/-0,0.0+/-0,0.0+/-0,0.0+/-0,0.0+/-0,0.0+/-0,0.0+/-0,0.0+/-0,0.0+/-0
Canada,1957736,4628920,0,0,(2.39+/-0.35)e+06,(4.8+/-0.7)e+06,(7.2+/-1.1)e+06,(9.6+/-1.4)e+06,(1.19+/-0.18)e+07,(1.43+/-0.21)e+07,(1.67+/-0.25)e+07,(1.91+/-0.28)e+07,(2.15+/-0.32)e+07,(2.39+/-0.35)e+07,(2.6+/-0.4)e+07,(2.9+/-0.4)e+07,(3.1+/-0.5)e+07,(3.3+/-0.5)e+07,(3.6+/-0.5)e+07,(3.8+/-0.6)e+07,(4.1+/-0.6)e+07,(4.3+/-0.6)e+07,(4.5+/-0.7)e+07,(4.8+/-0.7)e+07,(5.0+/-0.7)e+07,(5.3+/-0.8)e+07,(5.5+/-0.8)e+07,(5.7+/-0.8)e+07,(6.0+/-0.9)e+07,(6.2+/-0.9)e+07,(6.5+/-0.9)e+07,(6.7+/-1.0)e+07,(6.9+/-1.0)e+07,(7.2+/-1.1)e+07,(7.4+/-1.1)e+07,(7.6+/-1.1)e+07,(7.9+/-1.2)e+07,(8.1+/-1.2)e+07,(8.4+/-1.2)e+07,(8.6+/-1.3)e+07,(8.8+/-1.3)e+07,(9.1+/-1.3)e+07,(9.3+/-1.4)e+07,(9.6+/-1.4)e+07,(9.8+/-1.4)e+07,(1.00+/-0.15)e+08,(1.03+/-0.15)e+08,(1.05+/-0.15)e+08,(1.08+/-0.16)e+08,(1.10+/-0.16)e+08,(1.12+/-0.17)e+08,(1.15+/-0.17)e+08,(1.17+/-0.17)e+08,(1.19+/-0.18)e+08,(1.22+/-0.18)e+08
Switzerland,426586,940745,0,(1.44+/-0.21)e+06,(2.9+/-0.4)e+06,(4.3+/-0.6)e+06,(5.8+/-0.8)e+06,(7.2+/-1.1)e+06,(8.6+/-1.3)e+06,(1.01+/-0.15)e+07,(1.15+/-0.17)e+07,(1.29+/-0.19)e+07,(1.44+/-0.21)e+07,(1.58+/-0.23)e+07,(1.73+/-0.25)e+07,(1.87+/-0.28)e+07,(2.01+/-0.30)e+07,(2.16+/-0.32)e+07,(2.30+/-0.34)e+07,(2.4+/-0.4)e+07,(2.6+/-0.4)e+07,(2.7+/-0.4)e+07,(2.9+/-0.4)e+07,(3.0+/-0.4)e+07,(3.2+/-0.5)e+07,(3.3+/-0.5)e+07,(3.5+/-0.5)e+07,(3.6+/-0.5)e+07,(3.7+/-0.6)e+07,(3.9+/-0.6)e+07,(4.0+/-0.6)e+07,(4.2+/-0.6)e+07,(4.3+/-0.6)e+07,(4.5+/-0.7)e+07,(4.6+/-0.7)e+07,(4.7+/-0.7)e+07,(4.9+/-0.7)e+07,(5.0+/-0.7)e+07,(5.2+/-0.8)e+07,(5.3+/-0.8)e+07,(5.5+/-0.8)e+07,(5.6+/-0.8)e+07,(5.8+/-0.8)e+07,(5.9+/-0.9)e+07,(6.0+/-0.9)e+07,(6.2+/-0.9)e+07,(6.3+/-0.9)e+07,(6.5+/-1.0)e+07,(6.6+/-1.0)e+07,(6.8+/-1.0)e+07,(6.9+/-1.0)e+07,(7.0+/-1.0)e+07,(7.2+/-1.1)e+07,(7.3+/-1.1)e+07,(7.5+/-1.1)e+07
Chile,928567,2511683,0,0,0,0,0,0,0,(3.5+/-0.5)e+05,(6.9+/-1.0)e+05,(1.04+/-0.15)e+06,(1.38+/-0.20)e+06,(1.73+/-0.25)e+06,(2.07+/-0.31)e+06,(2.4+/-0.4)e+06,(2.8+/-0.4)e+06,(3.1+/-0.5)e+06,(3.5+/-0.5)e+06,(3.8+/-0.6)e+06,(4.1+/-0.6)e+06,(4.5+/-0.7)e+06,(4.8+/-0.7)e+06,(5.2+/-0.8)e+06,(5.5+/-0.8)e+06,(5.9+/-0.9)e+06,(6.2+/-0.9)e+06,(6.6+/-1.0)e+06,(6.9+/-1.0)e+06,(7.3+/-1.1)e+06,(7.6+/-1.1)e+06,(7.9+/-1.2)e+06,(8.3+/-1.2)e+06,(8.6+/-1.3)e+06,(9.0+/-1.3)e+06,(9.3+/-1.4)e+06,(9.7+/-1.4)e+06,(1.00+/-0.15)e+07,(1.04+/-0.15)e+07,(1.07+/-0.16)e+07,(1.11+/-0.16)e+07,(1.14+/-0.17)e+07,(1.18+/-0.17)e+07,(1.21+/-0.18)e+07,(1.24+/-0.18)e+07,(1.28+/-0.19)e+07,(1.31+/-0.19)e+07,(1.35+/-0.20)e+07,(1.38+/-0.20)e+07,(1.42+/-0.21)e+07,(1.45+/-0.21)e+07,(1.49+/-0.22)e+07,(1.52+/-0.22)e+07,(1.56+/-0.23)e+07,(1.59+/-0.23)e+07
China,88697526,188501997,0,(5.8+/-0.9)e+07,(1.20+/-0.18)e+08,(1.87+/-0.28)e+08,(2.6+/-0.4)e+08,(3.3+/-0.5)e+08,(4.1+/-0.6)e+08,(4.9+/-0.7)e+08,(5.8+/-0.8)e+08,(6.6+/-1.0)e+08,(7.4+/-1.1)e+08,(8.3+/-1.2)e+08,(9.1+/-1.3)e+08,(9.9+/-1.5)e+08,(1.08+/-0.16)e+09,(1.16+/-0.17)e+09,(1.24+/-0.18)e+09,(1.32+/-0.20)e+09,(1.41+/-0.21)e+09,(1.49+/-0.22)e+09,(1.57+/-0.23)e+09,(1.66+/-0.24)e+09,(1.74+/-0.26)e+09,(1.82+/-0.27)e+09,(1.91+/-0.28)e+09,(1.99+/-0.29)e+09,(2.07+/-0.31)e+09,(2.16+/-0.32)e+09,(2.24+/-0.33)e+09,(2.32+/-0.34)e+09,(2.40+/-0.35)e+09,(2.5+/-0.4)e+09,(2.6+/-0.4)e+09,(2.7+/-0.4)e+09,(2.7+/-0.4)e+09,(2.8+/-0.4)e+09,(2.9+/-0.4)e+09,(3.0+/-0.4)e+09,(3.1+/-0.5)e+09,(3.2+/-0.5)e+09,(3.2+/-0.5)e+09,(3.3+/-0.5)e+09,(3.4+/-0.5)e+09,(3.5+/-0.5)e+09,(3.6+/-0.5)e+09,(3.7+/-0.5)e+09,(3.7+/-0.5)e+09,(3.8+/-0.6)e+09,(3.9+/-0.6)e+09,(4.0+/-0.6)e+09,(4.1+/-0.6)e+09,(4.1+/-0.6)e+09,(4.2+/-0.6)e+09
Côte d'Ivoire,2193679,4540653,0,0.0+/-0,0.0+/-0,0.0+/-0,0.0+/-0,0.0+/-0,0.0+/-0,0.0+/-0,0.0+/-0,0.0+/-0,0.0+/-0,0.0+/-0,0.0+/-0,0.0+/-0,0.0+/-0,0.0+/-0,0.0+/-0,0.0+/-0,0.0+/-0,0.0+/-0,0.0+/-0,0.0+/-0,0.0+/-0,0.0+/-0,0.0+/-0,0.0+/-0,0.0+/-0,0.0+/-0,0.0+/-0,0.0+/-0,0.0+/-0,0.0+/-0,0.0+/-0,0.0+/-0,0.0+/-0,0.0+/-0,0.0+/-0,0.0+/-0,0.0+/-0,0.0+/-0,0.0+/-0,0.0+/-0,0.0+/-0,0.0+/-0,0.0+/-0,0.0+/-0,0.0+/-0,0.0+/-0,0.0+/-0,0.0+/-0,0.0+/-0,0.0+/-0,0.0+/-0
Cameroon,418763,984245,0,0.0+/-0,0.0+/-0,0.0+/-0,0.0+/-0,0.0+/-0,0.0+/-0,0.0+/-0,0.0+/-0,0.0+/-0,0.0+/-0,0.0+/-0,0.0+/-0,0.0+/-0,0.0+/-0,0.0+/-0,0.0+/-0,0.0+/-0,0.0+/-0,0.0+/-0,0.0+/-0,0.0+/-0,0.0+/-0,0.0+/-0,0.0+/-0,0.0+/-0,0.0+/-0,0.0+/-0,0.0+/-0,0.0+/-0,0.0+/-0,0.0+/-0,0.0+/-0,0.0+/-0,0.0+/-0,0.0+/-0,0.0+/-0,0.0+/-0,0.0+/-0,0.0+/-0,0.0+/-0,0.0+/-0,0.0+/-0,0.0+/-0,0.0+/-0,0.0+/-0,0.0+/-0,0.0+/-0,0.0+/-0,0.0+/-0,0.0+/-0,0.0+/-0,0.0+/-0
DR Congo,5898687,8414717,0,0.0+/-0,0.0+/-0,0.0+/-0,0.0+/-0,0.0+/-0,0.0+/-0,0.0+/-0,0.0+/-0,0.0+/-0,0.0+/-0,0.0+/-0,0.0+/-0,0.0+/-0,0.0+/-0,0.0+/-0,0.0+/-0,0.0+/-0,0.0+/-0,0.0+/-0,0.0+/-0,0.0+/-0,0.0+/-0,0.0+/-0,0.0+/-0,0.0+/-0,0.0+/-0,0.0+/-0,0.0+/-0,0.0+/-0,0.0+/-0,0.0+/-0,0.0+/-0,0.0+/-0,0.0+/-0,0.0+/-0,0.0+/-0,0.0+/-0,0.0+/-0,0.0+/-0,0.0+/-0,0.0+/-0,0.0+/-0,0.0+/-0,0.0+/-0,0.0+/-0,0.0+/-0,0.0+/-0,0.0+/-0,0.0+/-0,0.0+/-0,0.0+/-0,0.0+/-0
Congo Republic,96579,226997,0,0.0+/-0,0.0+/-0,0.0+/-0,0.0+/-0,0.0+/-0,0.0+/-0,0.0+/-0,0.0+/-0,0.0+/-0,0.0+/-0,0.0+/-0,0.0+/-0,0.0+/-0,0.0+/-0,0.0+/-0,0.0+/-0,0.0+/-0,0.0+/-0,0.0+/-0,0.0+/-0,0.0+/-0,0.0+/-0,0.0+/-0,0.0+/-0,0.0+/-0,0.0+/-0,0.0+/-0,0.0+/-0,0.0+/-0,0.0+/-0,0.0+/-0,0.0+/-0,0.0+/-0,0.0+/-0,0.0+/-0,0.0+/-0,0.0+/-0,0.0+/-0,0.0+/-0,0.0+/-0,0.0+/-0,0.0+/-0,0.0+/-0,0.0+/-0,0.0+/-0,0.0+/-0,0.0+/-0,0.0+/-0,0.0+/-0,0.0+/-0,0.0+/-0,0.0+/-0
Colombia,2455746,6729973,0,0,0,0,0,0,0,(4.5+/-0.7)e+05,(8.9+/-1.3)e+05,(1.34+/-0.20)e+06,(1.78+/-0.26)e+06,(2.23+/-0.33)e+06,(2.7+/-0.4)e+06,(3.1+/-0.5)e+06,(3.6+/-0.5)e+06,(4.0+/-0.6)e+06,(4.5+/-0.7)e+06,(4.9+/-0.7)e+06,(5.3+/-0.8)e+06,(5.8+/-0.9)e+06,(6.2+/-0.9)e+06,(6.7+/-1.0)e+06,(7.1+/-1.0)e+06,(7.6+/-1.1)e+06,(8.0+/-1.2)e+06,(8.5+/-1.2)e+06,(8.9+/-1.3)e+06,(9.4+/-1.4)e+06,(9.8+/-1.4)e+06,(1.02+/-0.15)e+07,(1.07+/-0.16)e+07,(1.11+/-0.16)e+07,(1.16+/-0.17)e+07,(1.20+/-0.18)e+07,(1.25+/-0.18)e+07,(1.29+/-0.19)e+07,(1.34+/-0.20)e+07,(1.38+/-0.20)e+07,(1.43+/-0.21)e+07,(1.47+/-0.22)e+07,(1.51+/-0.22)e+07,(1.56+/-0.23)e+07,(1.60+/-0.24)e+07,(1.65+/-0.24)e+07,(1.69+/-0.25)e+07,(1.74+/-0.26)e+07,(1.78+/-0.26)e+07,(1.83+/-0.27)e+07,(1.87+/-0.28)e+07,(1.91+/-0.28)e+07,(1.96+/-0.29)e+07,(2.00+/-0.30)e+07,(2.05+/-0.30)e+07
Comoros,30567,61629,0,0.0+/-0,0.0+/-0,0.0+/-0,0.0+/-0,0.0+/-0,0.0+/-0,0.0+/-0,0.0+/-0,0.0+/-0,0.0+/-0,0.0+/-0,0.0+/-0,0.0+/-0,0.0+/-0,0.0+/-0,0.0+/-0,0.0+/-0,0.0+/-0,0.0+/-0,0.0+/-0,0.0+/-0,0.0+/-0,0.0+/-0,0.0+/-0,0.0+/-0,0.0+/-0,0.0+/-0,0.0+/-0,0.0+/-0,0.0+/-0,0.0+/-0,0.0+/-0,0.0+/-0,0.0+/-0,0.0+/-0,0.0+/-0,0.0+/-0,0.0+/-0,0.0+/-0,0.0+/-0,0.0+/-0,0.0+/-0,0.0+/-0,0.0+/-0,0.0+/-0,0.0+/-0,0.0+/-0,0.0+/-0,0.0+/-0,0.0+/-0,0.0+/-0,0.0+/-0
Cabo Verde,22719,57036,0,0.0+/-0,0.0+/-0,0.0+/-0,0.0+/-0,0.0+/-0,0.0+/-0,0.0+/-0,0.0+/-0,0.0+/-0,0.0+/-0,0.0+/-0,0.0+/-0,0.0+/-0,0.0+/-0,0.0+/-0,0.0+/-0,0.0+/-0,0.0+/-0,0.0+/-0,0.0+/-0,0.0+/-0,0.0+/-0,0.0+/-0,0.0+/-0,0.0+/-0,0.0+/-0,0.0+/-0,0.0+/-0,0.0+/-0,0.0+/-0,0.0+/-0,0.0+/-0,0.0+/-0,0.0+/-0,0.0+/-0,0.0+/-0,0.0+/-0,0.0+/-0,0.0+/-0,0.0+/-0,0.0+/-0,0.0+/-0,0.0+/-0,0.0+/-0,0.0+/-0,0.0+/-0,0.0+/-0,0.0+/-0,0.0+/-0,0.0+/-0,0.0+/-0,0.0+/-0
Costa Rica,211236,570927,0,0,0,0,0,0,0,(1.40+/-0.21)e+05,(2.8+/-0.4)e+05,(4.2+/-0.6)e+05,(5.6+/-0.8)e+05,(7.0+/-1.0)e+05,(8.4+/-1.2)e+05,(9.8+/-1.4)e+05,(1.12+/-0.16)e+06,(1.26+/-0.19)e+06,(1.40+/-0.21)e+06,(1.54+/-0.23)e+06,(1.68+/-0.25)e+06,(1.82+/-0.27)e+06,(1.96+/-0.29)e+06,(2.10+/-0.31)e+06,(2.24+/-0.33)e+06,(2.38+/-0.35)e+06,(2.5+/-0.4)e+06,(2.7+/-0.4)e+06,(2.8+/-0.4)e+06,(2.9+/-0.4)e+06,(3.1+/-0.5)e+06,(3.2+/-0.5)e+06,(3.4+/-0.5)e+06,(3.5+/-0.5)e+06,(3.6+/-0.5)e+06,(3.8+/-0.6)e+06,(3.9+/-0.6)e+06,(4.1+/-0.6)e+06,(4.2+/-0.6)e+06,(4.3+/-0.6)e+06,(4.5+/-0.7)e+06,(4.6+/-0.7)e+06,(4.8+/-0.7)e+06,(4.9+/-0.7)e+06,(5.0+/-0.7)e+06,(5.2+/-0.8)e+06,(5.3+/-0.8)e+06,(5.5+/-0.8)e+06,(5.6+/-0.8)e+06,(5.7+/-0.8)e+06,(5.9+/-0.9)e+06,(6.0+/-0.9)e+06,(6.2+/-0.9)e+06,(6.3+/-0.9)e+06,(6.4+/-0.9)e+06
Cuba,332951,1018354,0,(1.14+/-0.17)e+05,(2.27+/-0.33)e+05,(3.4+/-0.5)e+05,(4.5+/-0.7)e+05,(5.7+/-0.8)e+05,(6.8+/-1.0)e+05,(7.9+/-1.2)e+05,(9.1+/-1.3)e+05,(1.02+/-0.15)e+06,(1.14+/-0.17)e+06,(1.25+/-0.18)e+06,(1.36+/-0.20)e+06,(1.48+/-0.22)e+06,(1.59+/-0.23)e+06,(1.70+/-0.25)e+06,(1.82+/-0.27)e+06,(1.93+/-0.28)e+06,(2.04+/-0.30)e+06,(2.16+/-0.32)e+06,(2.27+/-0.33)e+06,(2.38+/-0.35)e+06,(2.5+/-0.4)e+06,(2.6+/-0.4)e+06,(2.7+/-0.4)e+06,(2.8+/-0.4)e+06,(3.0+/-0.4)e+06,(3.1+/-0.5)e+06,(3.2+/-0.5)e+06,(3.3+/-0.5)e+06,(3.4+/-0.5)e+06,(3.5+/-0.5)e+06,(3.6+/-0.5)e+06,(3.7+/-0.6)e+06,(3.9+/-0.6)e+06,(4.0+/-0.6)e+06,(4.1+/-0.6)e+06,(4.2+/-0.6)e+06,(4.3+/-0.6)e+06,(4.4+/-0.7)e+06,(4.5+/-0.7)e+06,(4.7+/-0.7)e+06,(4.8+/-0.7)e+06,(4.9+/-0.7)e+06,(5.0+/-0.7)e+06,(5.1+/-0.8)e+06,(5.2+/-0.8)e+06,(5.3+/-0.8)e+06,(5.5+/-0.8)e+06,(5.6+/-0.8)e+06,(5.7+/-0.8)e+06,(5.8+/-0.9)e+06,(5.9+/-0.9)e+06
Curaçao,7335,16311,0,0.0+/-0,0.0+/-0,0.0+/-0,0.0+/-0,0.0+/-0,0.0+/-0,0.0+/-0,0.0+/-0,0.0+/-0,0.0+/-0,0.0+/-0,0.0+/-0,0.0+/-0,0.0+/-0,0.0+/-0,0.0+/-0,0.0+/-0,0.0+/-0,0.0+/-0,0.0+/-0,0.0+/-0,0.0+/-0,0.0+/-0,0.0+/-0,0.0+/-0,0.0+/-0,0.0+/-0,0.0+/-0,0.0+/-0,0.0+/-0,0.0+/-0,0.0+/-0,0.0+/-0,0.0+/-0,0.0+/-0,0.0+/-0,0.0+/-0,0.0+/-0,0.0+/-0,0.0+/-0,0.0+/-0,0.0+/-0,0.0+/-0,0.0+/-0,0.0+/-0,0.0+/-0,0.0+/-0,0.0+/-0,0.0+/-0,0.0+/-0,0.0+/-0,0.0+/-0
Cayman Islands,6197,13780,0,0.0+/-0,0.0+/-0,0.0+/-0,0.0+/-0,0.0+/-0,0.0+/-0,0.0+/-0,0.0+/-0,0.0+/-0,0.0+/-0,0.0+/-0,0.0+/-0,0.0+/-0,0.0+/-0,0.0+/-0,0.0+/-0,0.0+/-0,0.0+/-0,0.0+/-0,0.0+/-0,0.0+/-0,0.0+/-0,0.0+/-0,0.0+/-0,0.0+/-0,0.0+/-0,0.0+/-0,0.0+/-0,0.0+/-0,0.0+/-0,0.0+/-0,0.0+/-0,0.0+/-0,0.0+/-0,0.0+/-0,0.0+/-0,0.0+/-0,0.0+/-0,0.0+/-0,0.0+/-0,0.0+/-0,0.0+/-0,0.0+/-0,0.0+/-0,0.0+/-0,0.0+/-0,0.0+/-0,0.0+/-0,0.0+/-0,0.0+/-0,0.0+/-0,0.0+/-0
Cyprus,51821,155844,0,0.0+/-0,0.0+/-0,0.0+/-0,0.0+/-0,0.0+/-0,0.0+/-0,0.0+/-0,0.0+/-0,0.0+/-0,0.0+/-0,0.0+/-0,0.0+/-0,0.0+/-0,0.0+/-0,0.0+/-0,0.0+/-0,0.0+/-0,0.0+/-0,0.0+/-0,0.0+/-0,0.0+/-0,0.0+/-0,0.0+/-0,0.0+/-0,0.0+/-0,0.0+/-0,0.0+/-0,0.0+/-0,0.0+/-0,0.0+/-0,0.0+/-0,0.0+/-0,0.0+/-0,0.0+/-0,0.0+/-0,0.0+/-0,0.0+/-0,0.0+/-0,0.0+/-0,0.0+/-0,0.0+/-0,0.0+/-0,0.0+/-0,0.0+/-0,0.0+/-0,0.0+/-0,0.0+/-0,0.0+/-0,0.0+/-0,0.0+/-0,0.0+/-0,0.0+/-0
Czechia,518320,1099518,0,0,0,0,(9.8+/-1.4)e+05,(1.96+/-0.29)e+06,(2.9+/-0.4)e+06,(3.9+/-0.6)e+06,(4.9+/-0.7)e+06,(5.9+/-0.9)e+06,(6.9+/-1.0)e+06,(7.9+/-1.2)e+06,(8.8+/-1.3)e+06,(9.8+/-1.4)e+06,(1.08+/-0.16)e+07,(1.18+/-0.17)e+07,(1.28+/-0.19)e+07,(1.37+/-0.20)e+07,(1.47+/-0.22)e+07,(1.57+/-0.23)e+07,(1.67+/-0.25)e+07,(1.77+/-0.26)e+07,(1.87+/-0.27)e+07,(1.96+/-0.29)e+07,(2.06+/-0.30)e+07,(2.16+/-0.32)e+07,(2.26+/-0.33)e+07,(2.36+/-0.35)e+07,(2.5+/-0.4)e+07,(2.6+/-0.4)e+07,(2.7+/-0.4)e+07,(2.7+/-0.4)e+07,(2.8+/-0.4)e+07,(2.9+/-0.4)e+07,(3.0+/-0.4)e+07,(3.1+/-0.5)e+07,(3.2+/-0.5)e+07,(3.3+/-0.5)e+07,(3.4+/-0.5)e+07,(3.5+/-0.5)e+07,(3.6+/-0.5)e+07,(3.7+/-0.5)e+07,(3.8+/-0.6)e+07,(3.9+/-0.6)e+07,(4.0+/-0.6)e+07,(4.1+/-0.6)e+07,(4.2+/-0.6)e+07,(4.3+/-0.6)e+07,(4.4+/-0.7)e+07,(4.5+/-0.7)e+07,(4.6+/-0.7)e+07,(4.7+/-0.7)e+07,(4.8+/-0.7)e+07
Germany,3977563,8775365,0,(1.05+/-0.15)e+07,(2.17+/-0.32)e+07,(3.4+/-0.5)e+07,(4.6+/-0.7)e+07,(6.0+/-0.9)e+07,(7.4+/-1.1)e+07,(8.9+/-1.3)e+07,(1.04+/-0.15)e+08,(1.19+/-0.18)e+08,(1.34+/-0.20)e+08,(1.49+/-0.22)e+08,(1.64+/-0.24)e+08,(1.79+/-0.26)e+08,(1.94+/-0.29)e+08,(2.09+/-0.31)e+08,(2.24+/-0.33)e+08,(2.39+/-0.35)e+08,(2.5+/-0.4)e+08,(2.7+/-0.4)e+08,(2.8+/-0.4)e+08,(3.0+/-0.4)e+08,(3.1+/-0.5)e+08,(3.3+/-0.5)e+08,(3.4+/-0.5)e+08,(3.6+/-0.5)e+08,(3.7+/-0.5)e+08,(3.9+/-0.6)e+08,(4.0+/-0.6)e+08,(4.2+/-0.6)e+08,(4.3+/-0.6)e+08,(4.5+/-0.7)e+08,(4.6+/-0.7)e+08,(4.8+/-0.7)e+08,(4.9+/-0.7)e+08,(5.1+/-0.7)e+08,(5.2+/-0.8)e+08,(5.4+/-0.8)e+08,(5.5+/-0.8)e+08,(5.7+/-0.8)e+08,(5.8+/-0.9)e+08,(6.0+/-0.9)e+08,(6.1+/-0.9)e+08,(6.3+/-0.9)e+08,(6.4+/-0.9)e+08,(6.6+/-1.0)e+08,(6.7+/-1.0)e+08,(6.9+/-1.0)e+08,(7.0+/-1.0)e+08,(7.2+/-1.1)e+08,(7.3+/-1.1)e+08,(7.5+/-1.1)e+08,(7.6+/-1.1)e+08
Djibouti,21697,52090,0,0.0+/-0,0.0+/-0,0.0+/-0,0.0+/-0,0.0+/-0,0.0+/-0,0.0+/-0,0.0+/-0,0.0+/-0,0.0+/-0,0.0+/-0,0.0+/-0,0.0+/-0,0.0+/-0,0.0+/-0,0.0+/-0,0.0+/-0,0.0+/-0,0.0+/-0,0.0+/-0,0.0+/-0,0.0+/-0,0.0+/-0,0.0+/-0,0.0+/-0,0.0+/-0,0.0+/-0,0.0+/-0,0.0+/-0,0.0+/-0,0.0+/-0,0.0+/-0,0.0+/-0,0.0+/-0,0.0+/-0,0.0+/-0,0.0+/-0,0.0+/-0,0.0+/-0,0.0+/-0,0.0+/-0,0.0+/-0,0.0+/-0,0.0+/-0,0.0+/-0,0.0+/-0,0.0+/-0,0.0+/-0,0.0+/-0,0.0+/-0,0.0+/-0,0.0+/-0
Dominica,4551,6584,0,0.0+/-0,0.0+/-0,0.0+/-0,0.0+/-0,0.0+/-0,0.0+/-0,0.0+/-0,0.0+/-0,0.0+/-0,0.0+/-0,0.0+/-0,0.0+/-0,0.0+/-0,0.0+/-0,0.0+/-0,0.0+/-0,0.0+/-0,0.0+/-0,0.0+/-0,0.0+/-0,0.0+/-0,0.0+/-0,0.0+/-0,0.0+/-0,0.0+/-0,0.0+/-0,0.0+/-0,0.0+/-0,0.0+/-0,0.0+/-0,0.0+/-0,0.0+/-0,0.0+/-0,0.0+/-0,0.0+/-0,0.0+/-0,0.0+/-0,0.0+/-0,0.0+/-0,0.0+/-0,0.0+/-0,0.0+/-0,0.0+/-0,0.0+/-0,0.0+/-0,0.0+/-0,0.0+/-0,0.0+/-0,0.0+/-0,0.0+/-0,0.0+/-0,0.0+/-0
Denmark,272482,695015,0,0,0,0,(9.0+/-1.3)e+05,(1.80+/-0.26)e+06,(2.7+/-0.4)e+06,(3.6+/-0.5)e+06,(4.5+/-0.7)e+06,(5.4+/-0.8)e+06,(6.3+/-0.9)e+06,(7.2+/-1.1)e+06,(8.1+/-1.2)e+06,(9.0+/-1.3)e+06,(9.9+/-1.5)e+06,(1.08+/-0.16)e+07,(1.17+/-0.17)e+07,(1.26+/-0.19)e+07,(1.35+/-0.20)e+07,(1.44+/-0.21)e+07,(1.53+/-0.23)e+07,(1.62+/-0.24)e+07,(1.71+/-0.25)e+07,(1.80+/-0.26)e+07,(1.89+/-0.28)e+07,(1.98+/-0.29)e+07,(2.07+/-0.30)e+07,(2.16+/-0.32)e+07,(2.25+/-0.33)e+07,(2.34+/-0.34)e+07,(2.4+/-0.4)e+07,(2.5+/-0.4)e+07,(2.6+/-0.4)e+07,(2.7+/-0.4)e+07,(2.8+/-0.4)e+07,(2.9+/-0.4)e+07,(3.0+/-0.4)e+07,(3.1+/-0.5)e+07,(3.1+/-0.5)e+07,(3.2+/-0.5)e+07,(3.3+/-0.5)e+07,(3.4+/-0.5)e+07,(3.5+/-0.5)e+07,(3.6+/-0.5)e+07,(3.7+/-0.5)e+07,(3.8+/-0.6)e+07,(3.9+/-0.6)e+07,(4.0+/-0.6)e+07,(4.0+/-0.6)e+07,(4.1+/-0.6)e+07,(4.2+/-0.6)e+07,(4.3+/-0.6)e+07,(4.4+/-0.6)e+07
Dominican Republic,370630,1133600,0,(1.67+/-0.25)e+05,(3.3+/-0.5)e+05,(5.0+/-0.7)e+05,(6.7+/-1.0)e+05,(8.4+/-1.2)e+05,(1.00+/-0.15)e+06,(1.17+/-0.17)e+06,(1.34+/-0.20)e+06,(1.51+/-0.22)e+06,(1.67+/-0.25)e+06,(1.84+/-0.27)e+06,(2.01+/-0.30)e+06,(2.18+/-0.32)e+06,(2.34+/-0.34)e+06,(2.5+/-0.4)e+06,(2.7+/-0.4)e+06,(2.8+/-0.4)e+06,(3.0+/-0.4)e+06,(3.2+/-0.5)e+06,(3.3+/-0.5)e+06,(3.5+/-0.5)e+06,(3.7+/-0.5)e+06,(3.8+/-0.6)e+06,(4.0+/-0.6)e+06,(4.2+/-0.6)e+06,(4.4+/-0.6)e+06,(4.5+/-0.7)e+06,(4.7+/-0.7)e+06,(4.9+/-0.7)e+06,(5.0+/-0.7)e+06,(5.2+/-0.8)e+06,(5.4+/-0.8)e+06,(5.5+/-0.8)e+06,(5.7+/-0.8)e+06,(5.9+/-0.9)e+06,(6.0+/-0.9)e+06,(6.2+/-0.9)e+06,(6.4+/-0.9)e+06,(6.5+/-1.0)e+06,(6.7+/-1.0)e+06,(6.9+/-1.0)e+06,(7.0+/-1.0)e+06,(7.2+/-1.1)e+06,(7.4+/-1.1)e+06,(7.5+/-1.1)e+06,(7.7+/-1.1)e+06,(7.9+/-1.2)e+06,(8.0+/-1.2)e+06,(8.2+/-1.2)e+06,(8.4+/-1.2)e+06,(8.5+/-1.3)e+06,(8.7+/-1.3)e+06
Algeria,1588147,3256383,0,0,0,0,0,0,0,0,(2.41+/-0.35)e+05,(4.8+/-0.7)e+05,(7.2+/-1.1)e+05,(9.6+/-1.4)e+05,(1.20+/-0.18)e+06,(1.44+/-0.21)e+06,(1.68+/-0.25)e+06,(1.93+/-0.28)e+06,(2.17+/-0.32)e+06,(2.41+/-0.35)e+06,(2.6+/-0.4)e+06,(2.9+/-0.4)e+06,(3.1+/-0.5)e+06,(3.4+/-0.5)e+06,(3.6+/-0.5)e+06,(3.9+/-0.6)e+06,(4.1+/-0.6)e+06,(4.3+/-0.6)e+06,(4.6+/-0.7)e+06,(4.8+/-0.7)e+06,(5.1+/-0.7)e+06,(5.3+/-0.8)e+06,(5.5+/-0.8)e+06,(5.8+/-0.9)e+06,(6.0+/-0.9)e+06,(6.3+/-0.9)e+06,(6.5+/-1.0)e+06,(6.7+/-1.0)e+06,(7.0+/-1.0)e+06,(7.2+/-1.1)e+06,(7.5+/-1.1)e+06,(7.7+/-1.1)e+06,(7.9+/-1.2)e+06,(8.2+/-1.2)e+06,(8.4+/-1.2)e+06,(8.7+/-1.3)e+06,(8.9+/-1.3)e+06,(9.1+/-1.3)e+06,(9.4+/-1.4)e+06,(9.6+/-1.4)e+06,(9.9+/-1.5)e+06,(1.01+/-0.15)e+07,(1.03+/-0.15)e+07,(1.06+/-0.16)e+07,(1.08+/-0.16)e+07
Ecuador,1111154,2461923,0,(1.43+/-0.21)e+05,(2.9+/-0.4)e+05,(4.3+/-0.6)e+05,(5.7+/-0.8)e+05,(7.2+/-1.1)e+05,(8.6+/-1.3)e+05,(1.00+/-0.15)e+06,(1.15+/-0.17)e+06,(1.29+/-0.19)e+06,(1.43+/-0.21)e+06,(1.57+/-0.23)e+06,(1.72+/-0.25)e+06,(1.86+/-0.27)e+06,(2.00+/-0.30)e+06,(2.15+/-0.32)e+06,(2.29+/-0.34)e+06,(2.4+/-0.4)e+06,(2.6+/-0.4)e+06,(2.7+/-0.4)e+06,(2.9+/-0.4)e+06,(3.0+/-0.4)e+06,(3.1+/-0.5)e+06,(3.3+/-0.5)e+06,(3.4+/-0.5)e+06,(3.6+/-0.5)e+06,(3.7+/-0.5)e+06,(3.9+/-0.6)e+06,(4.0+/-0.6)e+06,(4.2+/-0.6)e+06,(4.3+/-0.6)e+06,(4.4+/-0.7)e+06,(4.6+/-0.7)e+06,(4.7+/-0.7)e+06,(4.9+/-0.7)e+06,(5.0+/-0.7)e+06,(5.2+/-0.8)e+06,(5.3+/-0.8)e+06,(5.4+/-0.8)e+06,(5.6+/-0.8)e+06,(5.7+/-0.8)e+06,(5.9+/-0.9)e+06,(6.0+/-0.9)e+06,(6.2+/-0.9)e+06,(6.3+/-0.9)e+06,(6.4+/-0.9)e+06,(6.6+/-1.0)e+06,(6.7+/-1.0)e+06,(6.9+/-1.0)e+06,(7.0+/-1.0)e+06,(7.2+/-1.1)e+06,(7.3+/-1.1)e+06,(7.4+/-1.1)e+06
Egypt,4017634,8766084,0,0,0,0,0,0,(7.2+/-1.1)e+05,(1.44+/-0.21)e+06,(2.17+/-0.32)e+06,(2.9+/-0.4)e+06,(3.6+/-0.5)e+06,(4.3+/-0.6)e+06,(5.1+/-0.7)e+06,(5.8+/-0.9)e+06,(6.5+/-1.0)e+06,(7.2+/-1.1)e+06,(7.9+/-1.2)e+06,(8.7+/-1.3)e+06,(9.4+/-1.4)e+06,(1.01+/-0.15)e+07,(1.08+/-0.16)e+07,(1.16+/-0.17)e+07,(1.23+/-0.18)e+07,(1.30+/-0.19)e+07,(1.37+/-0.20)e+07,(1.44+/-0.21)e+07,(1.52+/-0.22)e+07,(1.59+/-0.23)e+07,(1.66+/-0.24)e+07,(1.73+/-0.26)e+07,(1.81+/-0.27)e+07,(1.88+/-0.28)e+07,(1.95+/-0.29)e+07,(2.02+/-0.30)e+07,(2.10+/-0.31)e+07,(2.17+/-0.32)e+07,(2.24+/-0.33)e+07,(2.31+/-0.34)e+07,(2.38+/-0.35)e+07,(2.5+/-0.4)e+07,(2.5+/-0.4)e+07,(2.6+/-0.4)e+07,(2.7+/-0.4)e+07,(2.7+/-0.4)e+07,(2.8+/-0.4)e+07,(2.9+/-0.4)e+07,(3.0+/-0.4)e+07,(3.0+/-0.4)e+07,(3.1+/-0.5)e+07,(3.2+/-0.5)e+07,(3.3+/-0.5)e+07,(3.3+/-0.5)e+07,(3.4+/-0.5)e+07
Eritrea,142865,365012,0,0.0+/-0,0.0+/-0,0.0+/-0,0.0+/-0,0.0+/-0,0.0+/-0,0.0+/-0,0.0+/-0,0.0+/-0,0.0+/-0,0.0+/-0,0.0+/-0,0.0+/-0,0.0+/-0,0.0+/-0,0.0+/-0,0.0+/-0,0.0+/-0,0.0+/-0,0.0+/-0,0.0+/-0,0.0+/-0,0.0+/-0,0.0+/-0,0.0+/-0,0.0+/-0,0.0+/-0,0.0+/-0,0.0+/-0,0.0+/-0,0.0+/-0,0.0+/-0,0.0+/-0,0.0+/-0,0.0+/-0,0.0+/-0,0.0+/-0,0.0+/-0,0.0+/-0,0.0+/-0,0.0+/-0,0.0+/-0,0.0+/-0,0.0+/-0,0.0+/-0,0.0+/-0,0.0+/-0,0.0+/-0,0.0+/-0,0.0+/-0,0.0+/-0,0.0+/-0
Spain,2101587,5688408,0,0,0,0,0,0,(2.23+/-0.33)e+06,(4.5+/-0.7)e+06,(6.7+/-1.0)e+06,(8.9+/-1.3)e+06,(1.12+/-0.16)e+07,(1.34+/-0.20)e+07,(1.56+/-0.23)e+07,(1.79+/-0.26)e+07,(2.01+/-0.30)e+07,(2.23+/-0.33)e+07,(2.5+/-0.4)e+07,(2.7+/-0.4)e+07,(2.9+/-0.4)e+07,(3.1+/-0.5)e+07,(3.3+/-0.5)e+07,(3.6+/-0.5)e+07,(3.8+/-0.6)e+07,(4.0+/-0.6)e+07,(4.2+/-0.6)e+07,(4.5+/-0.7)e+07,(4.7+/-0.7)e+07,(4.9+/-0.7)e+07,(5.1+/-0.8)e+07,(5.4+/-0.8)e+07,(5.6+/-0.8)e+07,(5.8+/-0.9)e+07,(6.0+/-0.9)e+07,(6.2+/-0.9)e+07,(6.5+/-1.0)e+07,(6.7+/-1.0)e+07,(6.9+/-1.0)e+07,(7.1+/-1.1)e+07,(7.4+/-1.1)e+07,(7.6+/-1.1)e+07,(7.8+/-1.1)e+07,(8.0+/-1.2)e+07,(8.3+/-1.2)e+07,(8.5+/-1.2)e+07,(8.7+/-1.3)e+07,(8.9+/-1.3)e+07,(9.2+/-1.3)e+07,(9.4+/-1.4)e+07,(9.6+/-1.4)e+07,(9.8+/-1.4)e+07,(1.00+/-0.15)e+08,(1.03+/-0.15)e+08,(1.05+/-0.15)e+08
Estonia,57266,132048,0,0,0,0,0,0,0,(5.8+/-0.9)e+04,(1.16+/-0.17)e+05,(1.74+/-0.26)e+05,(2.32+/-0.34)e+05,(2.9+/-0.4)e+05,(3.5+/-0.5)e+05,(4.1+/-0.6)e+05,(4.6+/-0.7)e+05,(5.2+/-0.8)e+05,(5.8+/-0.9)e+05,(6.4+/-0.9)e+05,(7.0+/-1.0)e+05,(7.5+/-1.1)e+05,(8.1+/-1.2)e+05,(8.7+/-1.3)e+05,(9.3+/-1.4)e+05,(9.9+/-1.5)e+05,(1.05+/-0.15)e+06,(1.10+/-0.16)e+06,(1.16+/-0.17)e+06,(1.22+/-0.18)e+06,(1.28+/-0.19)e+06,(1.34+/-0.20)e+06,(1.39+/-0.21)e+06,(1.45+/-0.21)e+06,(1.51+/-0.22)e+06,(1.57+/-0.23)e+06,(1.63+/-0.24)e+06,(1.68+/-0.25)e+06,(1.74+/-0.26)e+06,(1.80+/-0.27)e+06,(1.86+/-0.27)e+06,(1.92+/-0.28)e+06,(1.97+/-0.29)e+06,(2.03+/-0.30)e+06,(2.09+/-0.31)e+06,(2.15+/-0.32)e+06,(2.21+/-0.32)e+06,(2.26+/-0.33)e+06,(2.32+/-0.34)e+06,(2.38+/-0.35)e+06,(2.4+/-0.4)e+06,(2.5+/-0.4)e+06,(2.6+/-0.4)e+06,(2.6+/-0.4)e+06,(2.7+/-0.4)e+06
Ethiopia,4055151,9709374,0,0.0+/-0,0.0+/-0,0.0+/-0,0.0+/-0,0.0+/-0,0.0+/-0,0.0+/-0,0.0+/-0,0.0+/-0,0.0+/-0,0.0+/-0,0.0+/-0,0.0+/-0,0.0+/-0,0.0+/-0,0.0+/-0,0.0+/-0,0.0+/-0,0.0+/-0,0.0+/-0,0.0+/-0,0.0+/-0,0.0+/-0,0.0+/-0,0.0+/-0,0.0+/-0,0.0+/-0,0.0+/-0,0.0+/-0,0.0+/-0,0.0+/-0,0.0+/-0,0.0+/-0,0.0+/-0,0.0+/-0,0.0+/-0,0.0+/-0,0.0+/-0,0.0+/-0,0.0+/-0,0.0+/-0,0.0+/-0,0.0+/-0,0.0+/-0,0.0+/-0,0.0+/-0,0.0+/-0,0.0+/-0,0.0+/-0,0.0+/-0,0.0+/-0,0.0+/-0
Finland,261533,611424,0,0,0,0,0,(5.7+/-0.8)e+05,(1.14+/-0.17)e+06,(1.70+/-0.25)e+06,(2.27+/-0.33)e+06,(2.8+/-0.4)e+06,(3.4+/-0.5)e+06,(4.0+/-0.6)e+06,(4.5+/-0.7)e+06,(5.1+/-0.8)e+06,(5.7+/-0.8)e+06,(6.2+/-0.9)e+06,(6.8+/-1.0)e+06,(7.4+/-1.1)e+06,(7.9+/-1.2)e+06,(8.5+/-1.3)e+06,(9.1+/-1.3)e+06,(9.6+/-1.4)e+06,(1.02+/-0.15)e+07,(1.08+/-0.16)e+07,(1.14+/-0.17)e+07,(1.19+/-0.18)e+07,(1.25+/-0.18)e+07,(1.31+/-0.19)e+07,(1.36+/-0.20)e+07,(1.42+/-0.21)e+07,(1.48+/-0.22)e+07,(1.53+/-0.23)e+07,(1.59+/-0.23)e+07,(1.65+/-0.24)e+07,(1.70+/-0.25)e+07,(1.76+/-0.26)e+07,(1.82+/-0.27)e+07,(1.87+/-0.28)e+07,(1.93+/-0.28)e+07,(1.99+/-0.29)e+07,(2.04+/-0.30)e+07,(2.10+/-0.31)e+07,(2.16+/-0.32)e+07,(2.21+/-0.33)e+07,(2.27+/-0.33)e+07,(2.33+/-0.34)e+07,(2.38+/-0.35)e+07,(2.4+/-0.4)e+07,(2.5+/-0.4)e+07,(2.6+/-0.4)e+07,(2.6+/-0.4)e+07,(2.7+/-0.4)e+07,(2.7+/-0.4)e+07
Fiji,40990,80032,0,0.0+/-0,0.0+/-0,0.0+/-0,0.0+/-0,0.0+/-0,0.0+/-0,0.0+/-0,0.0+/-0,0.0+/-0,0.0+/-0,0.0+/-0,0.0+/-0,0.0+/-0,0.0+/-0,0.0+/-0,0.0+/-0,0.0+/-0,0.0+/-0,0.0+/-0,0.0+/-0,0.0+/-0,0.0+/-0,0.0+/-0,0.0+/-0,0.0+/-0,0.0+/-0,0.0+/-0,0.0+/-0,0.0+/-0,0.0+/-0,0.0+/-0,0.0+/-0,0.0+/-0,0.0+/-0,0.0+/-0,0.0+/-0,0.0+/-0,0.0+/-0,0.0+/-0,0.0+/-0,0.0+/-0,0.0+/-0,0.0+/-0,0.0+/-0,0.0+/-0,0.0+/-0,0.0+/-0,0.0+/-0,0.0+/-0,0.0+/-0,0.0+/-0,0.0+/-0
France,2805822,6251274,0,(3.7+/-0.5)e+06,(7.7+/-1.1)e+06,(1.19+/-0.18)e+07,(1.64+/-0.24)e+07,(2.12+/-0.31)e+07,(2.6+/-0.4)e+07,(3.2+/-0.5)e+07,(3.7+/-0.5)e+07,(4.2+/-0.6)e+07,(4.7+/-0.7)e+07,(5.3+/-0.8)e+07,(5.8+/-0.9)e+07,(6.3+/-0.9)e+07,(6.9+/-1.0)e+07,(7.4+/-1.1)e+07,(7.9+/-1.2)e+07,(8.4+/-1.2)e+07,(9.0+/-1.3)e+07,(9.5+/-1.4)e+07,(1.00+/-0.15)e+08,(1.06+/-0.16)e+08,(1.11+/-0.16)e+08,(1.16+/-0.17)e+08,(1.22+/-0.18)e+08,(1.27+/-0.19)e+08,(1.32+/-0.19)e+08,(1.37+/-0.20)e+08,(1.43+/-0.21)e+08,(1.48+/-0.22)e+08,(1.53+/-0.23)e+08,(1.59+/-0.23)e+08,(1.64+/-0.24)e+08,(1.69+/-0.25)e+08,(1.74+/-0.26)e+08,(1.80+/-0.26)e+08,(1.85+/-0.27)e+08,(1.90+/-0.28)e+08,(1.96+/-0.29)e+08,(2.01+/-0.30)e+08,(2.06+/-0.30)e+08,(2.12+/-0.31)e+08,(2.17+/-0.32)e+08,(2.22+/-0.33)e+08,(2.27+/-0.33)e+08,(2.33+/-0.34)e+08,(2.38+/-0.35)e+08,(2.4+/-0.4)e+08,(2.5+/-0.4)e+08,(2.5+/-0.4)e+08,(2.6+/-0.4)e+08,(2.6+/-0.4)e+08,(2.7+/-0.4)e+08
Faroe Islands,2701,6623,0,0.0+/-0,0.0+/-0,0.0+/-0,0.0+/-0,0.0+/-0,0.0+/-0,0.0+/-0,0.0+/-0,0.0+/-0,0.0+/-0,0.0+/-0,0.0+/-0,0.0+/-0,0.0+/-0,0.0+/-0,0.0+/-0,0.0+/-0,0.0+/-0,0.0+/-0,0.0+/-0,0.0+/-0,0.0+/-0,0.0+/-0,0.0+/-0,0.0+/-0,0.0+/-0,0.0+/-0,0.0+/-0,0.0+/-0,0.0+/-0,0.0+/-0,0.0+/-0,0.0+/-0,0.0+/-0,0.0+/-0,0.0+/-0,0.0+/-0,0.0+/-0,0.0+/-0,0.0+/-0,0.0+/-0,0.0+/-0,0.0+/-0,0.0+/-0,0.0+/-0,0.0+/-0,0.0+/-0,0.0+/-0,0.0+/-0,0.0+/-0,0.0+/-0,0.0+/-0
"Micronesia, Fed. Sts.",1393,3337,0,0.0+/-0,0.0+/-0,0.0+/-0,0.0+/-0,0.0+/-0,0.0+/-0,0.0+/-0,0.0+/-0,0.0+/-0,0.0+/-0,0.0+/-0,0.0+/-0,0.0+/-0,0.0+/-0,0.0+/-0,0.0+/-0,0.0+/-0,0.0+/-0,0.0+/-0,0.0+/-0,0.0+/-0,0.0+/-0,0.0+/-0,0.0+/-0,0.0+/-0,0.0+/-0,0.0+/-0,0.0+/-0,0.0+/-0,0.0+/-0,0.0+/-0,0.0+/-0,0.0+/-0,0.0+/-0,0.0+/-0,0.0+/-0,0.0+/-0,0.0+/-0,0.0+/-0,0.0+/-0,0.0+/-0,0.0+/-0,0.0+/-0,0.0+/-0,0.0+/-0,0.0+/-0,0.0+/-0,0.0+/-0,0.0+/-0,0.0+/-0,0.0+/-0,0.0+/-0
Gabon,41176,124758,0,0.0+/-0,0.0+/-0,0.0+/-0,0.0+/-0,0.0+/-0,0.0+/-0,0.0+/-0,0.0+/-0,0.0+/-0,0.0+/-0,0.0+/-0,0.0+/-0,0.0+/-0,0.0+/-0,0.0+/-0,0.0+/-0,0.0+/-0,0.0+/-0,0.0+/-0,0.0+/-0,0.0+/-0,0.0+/-0,0.0+/-0,0.0+/-0,0.0+/-0,0.0+/-0,0.0+/-0,0.0+/-0,0.0+/-0,0.0+/-0,0.0+/-0,0.0+/-0,0.0+/-0,0.0+/-0,0.0+/-0,0.0+/-0,0.0+/-0,0.0+/-0,0.0+/-0,0.0+/-0,0.0+/-0,0.0+/-0,0.0+/-0,0.0+/-0,0.0+/-0,0.0+/-0,0.0+/-0,0.0+/-0,0.0+/-0,0.0+/-0,0.0+/-0,0.0+/-0
United Kingdom,2713922,6872878,0,(3.5+/-0.5)e+06,(7.2+/-1.1)e+06,(1.12+/-0.17)e+07,(1.55+/-0.23)e+07,(2.00+/-0.29)e+07,(2.5+/-0.4)e+07,(3.0+/-0.4)e+07,(3.5+/-0.5)e+07,(4.0+/-0.6)e+07,(4.5+/-0.7)e+07,(5.0+/-0.7)e+07,(5.5+/-0.8)e+07,(6.0+/-0.9)e+07,(6.5+/-1.0)e+07,(7.0+/-1.0)e+07,(7.5+/-1.1)e+07,(8.0+/-1.2)e+07,(8.5+/-1.2)e+07,(9.0+/-1.3)e+07,(9.5+/-1.4)e+07,(1.00+/-0.15)e+08,(1.05+/-0.15)e+08,(1.09+/-0.16)e+08,(1.14+/-0.17)e+08,(1.19+/-0.18)e+08,(1.24+/-0.18)e+08,(1.29+/-0.19)e+08,(1.34+/-0.20)e+08,(1.39+/-0.21)e+08,(1.44+/-0.21)e+08,(1.49+/-0.22)e+08,(1.54+/-0.23)e+08,(1.59+/-0.23)e+08,(1.64+/-0.24)e+08,(1.69+/-0.25)e+08,(1.74+/-0.26)e+08,(1.79+/-0.26)e+08,(1.84+/-0.27)e+08,(1.89+/-0.28)e+08,(1.94+/-0.29)e+08,(1.99+/-0.29)e+08,(2.04+/-0.30)e+08,(2.09+/-0.31)e+08,(2.14+/-0.32)e+08,(2.19+/-0.32)e+08,(2.24+/-0.33)e+08,(2.29+/-0.34)e+08,(2.34+/-0.34)e+08,(2.39+/-0.35)e+08,(2.4+/-0.4)e+08,(2.5+/-0.4)e+08,(2.5+/-0.4)e+08
Georgia,184651,349917,0,0,0,0,0,(3.5+/-0.5)e+04,(7.0+/-1.0)e+04,(1.05+/-0.16)e+05,(1.41+/-0.21)e+05,(1.76+/-0.26)e+05,(2.11+/-0.31)e+05,(2.5+/-0.4)e+05,(2.8+/-0.4)e+05,(3.2+/-0.5)e+05,(3.5+/-0.5)e+05,(3.9+/-0.6)e+05,(4.2+/-0.6)e+05,(4.6+/-0.7)e+05,(4.9+/-0.7)e+05,(5.3+/-0.8)e+05,(5.6+/-0.8)e+05,(6.0+/-0.9)e+05,(6.3+/-0.9)e+05,(6.7+/-1.0)e+05,(7.0+/-1.0)e+05,(7.4+/-1.1)e+05,(7.7+/-1.1)e+05,(8.1+/-1.2)e+05,(8.4+/-1.2)e+05,(8.8+/-1.3)e+05,(9.1+/-1.3)e+05,(9.5+/-1.4)e+05,(9.8+/-1.4)e+05,(1.02+/-0.15)e+06,(1.05+/-0.16)e+06,(1.09+/-0.16)e+06,(1.12+/-0.17)e+06,(1.16+/-0.17)e+06,(1.19+/-0.18)e+06,(1.23+/-0.18)e+06,(1.27+/-0.19)e+06,(1.30+/-0.19)e+06,(1.34+/-0.20)e+06,(1.37+/-0.20)e+06,(1.41+/-0.21)e+06,(1.44+/-0.21)e+06,(1.48+/-0.22)e+06,(1.51+/-0.22)e+06,(1.55+/-0.23)e+06,(1.58+/-0.23)e+06,(1.62+/-0.24)e+06,(1.65+/-0.24)e+06,(1.69+/-0.25)e+06
Ghana,1483971,3651190,0,0.0+/-0,0.0+/-0,0.0+/-0,0.0+/-0,0.0+/-0,0.0+/-0,0.0+/-0,0.0+/-0,0.0+/-0,0.0+/-0,0.0+/-0,0.0+/-0,0.0+/-0,0.0+/-0,0.0+/-0,0.0+/-0,0.0+/-0,0.0+/-0,0.0+/-0,0.0+/-0,0.0+/-0,0.0+/-0,0.0+/-0,0.0+/-0,0.0+/-0,0.0+/-0,0.0+/-0,0.0+/-0,0.0+/-0,0.0+/-0,0.0+/-0,0.0+/-0,0.0+/-0,0.0+/-0,0.0+/-0,0.0+/-0,0.0+/-0,0.0+/-0,0.0+/-0,0.0+/-0,0.0+/-0,0.0+/-0,0.0+/-0,0.0+/-0,0.0+/-0,0.0+/-0,0.0+/-0,0.0+/-0,0.0+/-0,0.0+/-0,0.0+/-0,0.0+/-0
Gibraltar,1812,5450,0,0.0+/-0,0.0+/-0,0.0+/-0,0.0+/-0,0.0+/-0,0.0+/-0,0.0+/-0,0.0+/-0,0.0+/-0,0.0+/-0,0.0+/-0,0.0+/-0,0.0+/-0,0.0+/-0,0.0+/-0,0.0+/-0,0.0+/-0,0.0+/-0,0.0+/-0,0.0+/-0,0.0+/-0,0.0+/-0,0.0+/-0,0.0+/-0,0.0+/-0,0.0+/-0,0.0+/-0,0.0+/-0,0.0+/-0,0.0+/-0,0.0+/-0,0.0+/-0,0.0+/-0,0.0+/-0,0.0+/-0,0.0+/-0,0.0+/-0,0.0+/-0,0.0+/-0,0.0+/-0,0.0+/-0,0.0+/-0,0.0+/-0,0.0+/-0,0.0+/-0,0.0+/-0,0.0+/-0,0.0+/-0,0.0+/-0,0.0+/-0,0.0+/-0,0.0+/-0
Guinea,281983,1283366,0,0.0+/-0,0.0+/-0,0.0+/-0,0.0+/-0,0.0+/-0,0.0+/-0,0.0+/-0,0.0+/-0,0.0+/-0,0.0+/-0,0.0+/-0,0.0+/-0,0.0+/-0,0.0+/-0,0.0+/-0,0.0+/-0,0.0+/-0,0.0+/-0,0.0+/-0,0.0+/-0,0.0+/-0,0.0+/-0,0.0+/-0,0.0+/-0,0.0+/-0,0.0+/-0,0.0+/-0,0.0+/-0,0.0+/-0,0.0+/-0,0.0+/-0,0.0+/-0,0.0+/-0,0.0+/-0,0.0+/-0,0.0+/-0,0.0+/-0,0.0+/-0,0.0+/-0,0.0+/-0,0.0+/-0,0.0+/-0,0.0+/-0,0.0+/-0,0.0+/-0,0.0+/-0,0.0+/-0,0.0+/-0,0.0+/-0,0.0+/-0,0.0+/-0,0.0+/-0
Gambia,76039,247158,0,0.0+/-0,0.0+/-0,0.0+/-0,0.0+/-0,0.0+/-0,0.0+/-0,0.0+/-0,0.0+/-0,0.0+/-0,0.0+/-0,0.0+/-0,0.0+/-0,0.0+/-0,0.0+/-0,0.0+/-0,0.0+/-0,0.0+/-0,0.0+/-0,0.0+/-0,0.0+/-0,0.0+/-0,0.0+/-0,0.0+/-0,0.0+/-0,0.0+/-0,0.0+/-0,0.0+/-0,0.0+/-0,0.0+/-0,0.0+/-0,0.0+/-0,0.0+/-0,0.0+/-0,0.0+/-0,0.0+/-0,0.0+/-0,0.0+/-0,0.0+/-0,0.0+/-0,0.0+/-0,0.0+/-0,0.0+/-0,0.0+/-0,0.0+/-0,0.0+/-0,0.0+/-0,0.0+/-0,0.0+/-0,0.0+/-0,0.0+/-0,0.0+/-0,0.0+/-0
Guinea-Bissau,58968,160983,0,0.0+/-0,0.0+/-0,0.0+/-0,0.0+/-0,0.0+/-0,0.0+/-0,0.0+/-0,0.0+/-0,0.0+/-0,0.0+/-0,0.0+/-0,0.0+/-0,0.0+/-0,0.0+/-0,0.0+/-0,0.0+/-0,0.0+/-0,0.0+/-0,0.0+/-0,0.0+/-0,0.0+/-0,0.0+/-0,0.0+/-0,0.0+/-0,0.0+/-0,0.0+/-0,0.0+/-0,0.0+/-0,0.0+/-0,0.0+/-0,0.0+/-0,0.0+/-0,0.0+/-0,0.0+/-0,0.0+/-0,0.0+/-0,0.0+/-0,0.0+/-0,0.0+/-0,0.0+/-0,0.0+/-0,0.0+/-0,0.0+/-0,0.0+/-0,0.0+/-0,0.0+/-0,0.0+/-0,0.0+/-0,0.0+/-0,0.0+/-0,0.0+/-0,0.0+/-0
Equatorial Guinea,46011,131247,0,0.0+/-0,0.0+/-0,0.0+/-0,0.0+/-0,0.0+/-0,0.0+/-0,0.0+/-0,0.0+/-0,0.0+/-0,0.0+/-0,0.0+/-0,0.0+/-0,0.0+/-0,0.0+/-0,0.0+/-0,0.0+/-0,0.0+/-0,0.0+/-0,0.0+/-0,0.0+/-0,0.0+/-0,0.0+/-0,0.0+/-0,0.0+/-0,0.0+/-0,0.0+/-0,0.0+/-0,0.0+/-0,0.0+/-0,0.0+/-0,0.0+/-0,0.0+/-0,0.0+/-0,0.0+/-0,0.0+/-0,0.0+/-0,0.0+/-0,0.0+/-0,0.0+/-0,0.0+/-0,0.0+/-0,0.0+/-0,0.0+/-0,0.0+/-0,0.0+/-0,0.0+/-0,0.0+/-0,0.0+/-0,0.0+/-0,0.0+/-0,0.0+/-0,0.0+/-0
Greece,460221,1163586,0,0,0,0,0,0,0,(2.5+/-0.4)e+05,(5.0+/-0.7)e+05,(7.5+/-1.1)e+05,(1.00+/-0.15)e+06,(1.25+/-0.18)e+06,(1.50+/-0.22)e+06,(1.75+/-0.26)e+06,(2.00+/-0.29)e+06,(2.24+/-0.33)e+06,(2.5+/-0.4)e+06,(2.7+/-0.4)e+06,(3.0+/-0.4)e+06,(3.2+/-0.5)e+06,(3.5+/-0.5)e+06,(3.7+/-0.6)e+06,(4.0+/-0.6)e+06,(4.2+/-0.6)e+06,(4.5+/-0.7)e+06,(4.7+/-0.7)e+06,(5.0+/-0.7)e+06,(5.2+/-0.8)e+06,(5.5+/-0.8)e+06,(5.7+/-0.8)e+06,(6.0+/-0.9)e+06,(6.2+/-0.9)e+06,(6.5+/-1.0)e+06,(6.7+/-1.0)e+06,(7.0+/-1.0)e+06,(7.2+/-1.1)e+06,(7.5+/-1.1)e+06,(7.7+/-1.1)e+06,(8.0+/-1.2)e+06,(8.2+/-1.2)e+06,(8.5+/-1.2)e+06,(8.7+/-1.3)e+06,(9.0+/-1.3)e+06,(9.2+/-1.4)e+06,(9.5+/-1.4)e+06,(9.7+/-1.4)e+06,(1.00+/-0.15)e+07,(1.02+/-0.15)e+07,(1.05+/-0.15)e+07,(1.07+/-0.16)e+07,(1.10+/-0.16)e+07,(1.12+/-0.17)e+07,(1.15+/-0.17)e+07
Grenada,3919,9654,0,0.0+/-0,0.0+/-0,0.0+/-0,0.0+/-0,0.0+/-0,0.0+/-0,0.0+/-0,0.0+/-0,0.0+/-0,0.0+/-0,0.0+/-0,0.0+/-0,0.0+/-0,0.0+/-0,0.0+/-0,0.0+/-0,0.0+/-0,0.0+/-0,0.0+/-0,0.0+/-0,0.0+/-0,0.0+/-0,0.0+/-0,0.0+/-0,0.0+/-0,0.0+/-0,0.0+/-0,0.0+/-0,0.0+/-0,0.0+/-0,0.0+/-0,0.0+/-0,0.0+/-0,0.0+/-0,0.0+/-0,0.0+/-0,0.0+/-0,0.0+/-0,0.0+/-0,0.0+/-0,0.0+/-0,0.0+/-0,0.0+/-0,0.0+/-0,0.0+/-0,0.0+/-0,0.0+/-0,0.0+/-0,0.0+/-0,0.0+/-0,0.0+/-0,0.0+/-0
Greenland,2432,5963,0,0.0+/-0,0.0+/-0,0.0+/-0,0.0+/-0,0.0+/-0,0.0+/-0,0.0+/-0,0.0+/-0,0.0+/-0,0.0+/-0,0.0+/-0,0.0+/-0,0.0+/-0,0.0+/-0,0.0+/-0,0.0+/-0,0.0+/-0,0.0+/-0,0.0+/-0,0.0+/-0,0.0+/-0,0.0+/-0,0.0+/-0,0.0+/-0,0.0+/-0,0.0+/-0,0.0+/-0,0.0+/-0,0.0+/-0,0.0+/-0,0.0+/-0,0.0+/-0,0.0+/-0,0.0+/-0,0.0+/-0,0.0+/-0,0.0+/-0,0.0+/-0,0.0+/-0,0.0+/-0,0.0+/-0,0.0+/-0,0.0+/-0,0.0+/-0,0.0+/-0,0.0+/-0,0.0+/-0,0.0+/-0,0.0+/-0,0.0+/-0,0.0+/-0,0.0+/-0
Guatemala,766164,2169325,0,0,0,0,0,0,0,0,(1.53+/-0.23)e+05,(3.1+/-0.5)e+05,(4.6+/-0.7)e+05,(6.1+/-0.9)e+05,(7.7+/-1.1)e+05,(9.2+/-1.4)e+05,(1.07+/-0.16)e+06,(1.23+/-0.18)e+06,(1.38+/-0.20)e+06,(1.53+/-0.23)e+06,(1.69+/-0.25)e+06,(1.84+/-0.27)e+06,(1.99+/-0.29)e+06,(2.15+/-0.32)e+06,(2.30+/-0.34)e+06,(2.5+/-0.4)e+06,(2.6+/-0.4)e+06,(2.8+/-0.4)e+06,(2.9+/-0.4)e+06,(3.1+/-0.5)e+06,(3.2+/-0.5)e+06,(3.4+/-0.5)e+06,(3.5+/-0.5)e+06,(3.7+/-0.5)e+06,(3.8+/-0.6)e+06,(4.0+/-0.6)e+06,(4.1+/-0.6)e+06,(4.3+/-0.6)e+06,(4.4+/-0.7)e+06,(4.6+/-0.7)e+06,(4.8+/-0.7)e+06,(4.9+/-0.7)e+06,(5.1+/-0.7)e+06,(5.2+/-0.8)e+06,(5.4+/-0.8)e+06,(5.5+/-0.8)e+06,(5.7+/-0.8)e+06,(5.8+/-0.9)e+06,(6.0+/-0.9)e+06,(6.1+/-0.9)e+06,(6.3+/-0.9)e+06,(6.4+/-0.9)e+06,(6.6+/-1.0)e+06,(6.7+/-1.0)e+06,(6.9+/-1.0)e+06
Guam,6787,16244,0,0.0+/-0,0.0+/-0,0.0+/-0,0.0+/-0,0.0+/-0,0.0+/-0,0.0+/-0,0.0+/-0,0.0+/-0,0.0+/-0,0.0+/-0,0.0+/-0,0.0+/-0,0.0+/-0,0.0+/-0,0.0+/-0,0.0+/-0,0.0+/-0,0.0+/-0,0.0+/-0,0.0+/-0,0.0+/-0,0.0+/-0,0.0+/-0,0.0+/-0,0.0+/-0,0.0+/-0,0.0+/-0,0.0+/-0,0.0+/-0,0.0+/-0,0.0+/-0,0.0+/-0,0.0+/-0,0.0+/-0,0.0+/-0,0.0+/-0,0.0+/-0,0.0+/-0,0.0+/-0,0.0+/-0,0.0+/-0,0.0+/-0,0.0+/-0,0.0+/-0,0.0+/-0,0.0+/-0,0.0+/-0,0.0+/-0,0.0+/-0,0.0+/-0,0.0+/-0
Guyana,30642,79318,0,0.0+/-0,0.0+/-0,0.0+/-0,0.0+/-0,0.0+/-0,0.0+/-0,0.0+/-0,0.0+/-0,0.0+/-0,0.0+/-0,0.0+/-0,0.0+/-0,0.0+/-0,0.0+/-0,0.0+/-0,0.0+/-0,0.0+/-0,0.0+/-0,0.0+/-0,0.0+/-0,0.0+/-0,0.0+/-0,0.0+/-0,0.0+/-0,0.0+/-0,0.0+/-0,0.0+/-0,0.0+/-0,0.0+/-0,0.0+/-0,0.0+/-0,0.0+/-0,0.0+/-0,0.0+/-0,0.0+/-0,0.0+/-0,0.0+/-0,0.0+/-0,0.0+/-0,0.0+/-0,0.0+/-0,0.0+/-0,0.0+/-0,0.0+/-0,0.0+/-0,0.0+/-0,0.0+/-0,0.0+/-0,0.0+/-0,0.0+/-0,0.0+/-0,0.0+/-0
Hong Kong,244432,529912,0,0.0+/-0,0.0+/-0,0.0+/-0,0.0+/-0,0.0+/-0,0.0+/-0,0.0+/-0,0.0+/-0,0.0+/-0,0.0+/-0,0.0+/-0,0.0+/-0,0.0+/-0,0.0+/-0,0.0+/-0,0.0+/-0,0.0+/-0,0.0+/-0,0.0+/-0,0.0+/-0,0.0+/-0,0.0+/-0,0.0+/-0,0.0+/-0,0.0+/-0,0.0+/-0,0.0+/-0,0.0+/-0,0.0+/-0,0.0+/-0,0.0+/-0,0.0+/-0,0.0+/-0,0.0+/-0,0.0+/-0,0.0+/-0,0.0+/-0,0.0+/-0,0.0+/-0,0.0+/-0,0.0+/-0,0.0+/-0,0.0+/-0,0.0+/-0,0.0+/-0,0.0+/-0,0.0+/-0,0.0+/-0,0.0+/-0,0.0+/-0,0.0+/-0,0.0+/-0
Honduras,460836,1258058,0,(4.6+/-0.7)e+04,(9.2+/-1.4)e+04,(1.39+/-0.20)e+05,(1.85+/-0.27)e+05,(2.31+/-0.34)e+05,(2.8+/-0.4)e+05,(3.2+/-0.5)e+05,(3.7+/-0.5)e+05,(4.2+/-0.6)e+05,(4.6+/-0.7)e+05,(5.1+/-0.7)e+05,(5.5+/-0.8)e+05,(6.0+/-0.9)e+05,(6.5+/-1.0)e+05,(6.9+/-1.0)e+05,(7.4+/-1.1)e+05,(7.9+/-1.2)e+05,(8.3+/-1.2)e+05,(8.8+/-1.3)e+05,(9.2+/-1.4)e+05,(9.7+/-1.4)e+05,(1.02+/-0.15)e+06,(1.06+/-0.16)e+06,(1.11+/-0.16)e+06,(1.16+/-0.17)e+06,(1.20+/-0.18)e+06,(1.25+/-0.18)e+06,(1.29+/-0.19)e+06,(1.34+/-0.20)e+06,(1.39+/-0.20)e+06,(1.43+/-0.21)e+06,(1.48+/-0.22)e+06,(1.53+/-0.22)e+06,(1.57+/-0.23)e+06,(1.62+/-0.24)e+06,(1.66+/-0.24)e+06,(1.71+/-0.25)e+06,(1.76+/-0.26)e+06,(1.80+/-0.27)e+06,(1.85+/-0.27)e+06,(1.89+/-0.28)e+06,(1.94+/-0.29)e+06,(1.99+/-0.29)e+06,(2.03+/-0.30)e+06,(2.08+/-0.31)e+06,(2.13+/-0.31)e+06,(2.17+/-0.32)e+06,(2.22+/-0.33)e+06,(2.26+/-0.33)e+06,(2.31+/-0.34)e+06,(2.36+/-0.35)e+06,(2.40+/-0.35)e+06
Croatia,158487,364581,0,0,0,0,0,0,0,0,(1.11+/-0.16)e+05,(2.22+/-0.33)e+05,(3.3+/-0.5)e+05,(4.4+/-0.7)e+05,(5.6+/-0.8)e+05,(6.7+/-1.0)e+05,(7.8+/-1.1)e+05,(8.9+/-1.3)e+05,(1.00+/-0.15)e+06,(1.11+/-0.16)e+06,(1.22+/-0.18)e+06,(1.33+/-0.20)e+06,(1.44+/-0.21)e+06,(1.56+/-0.23)e+06,(1.67+/-0.25)e+06,(1.78+/-0.26)e+06,(1.89+/-0.28)e+06,(2.00+/-0.29)e+06,(2.11+/-0.31)e+06,(2.22+/-0.33)e+06,(2.33+/-0.34)e+06,(2.4+/-0.4)e+06,(2.6+/-0.4)e+06,(2.7+/-0.4)e+06,(2.8+/-0.4)e+06,(2.9+/-0.4)e+06,(3.0+/-0.4)e+06,(3.1+/-0.5)e+06,(3.2+/-0.5)e+06,(3.3+/-0.5)e+06,(3.4+/-0.5)e+06,(3.6+/-0.5)e+06,(3.7+/-0.5)e+06,(3.8+/-0.6)e+06,(3.9+/-0.6)e+06,(4.0+/-0.6)e+06,(4.1+/-0.6)e+06,(4.2+/-0.6)e+06,(4.3+/-0.6)e+06,(4.4+/-0.7)e+06,(4.6+/-0.7)e+06,(4.7+/-0.7)e+06,(4.8+/-0.7)e+06,(4.9+/-0.7)e+06,(5.0+/-0.7)e+06
Haiti,565864,1544778,0,0.0+/-0,0.0+/-0,0.0+/-0,0.0+/-0,0.0+/-0,0.0+/-0,0.0+/-0,0.0+/-0,0.0+/-0,0.0+/-0,0.0+/-0,0.0+/-0,0.0+/-0,0.0+/-0,0.0+/-0,0.0+/-0,0.0+/-0,0.0+/-0,0.0+/-0,0.0+/-0,0.0+/-0,0.0+/-0,0.0+/-0,0.0+/-0,0.0+/-0,0.0+/-0,0.0+/-0,0.0+/-0,0.0+/-0,0.0+/-0,0.0+/-0,0.0+/-0,0.0+/-0,0.0+/-0,0.0+/-0,0.0+/-0,0.0+/-0,0.0+/-0,0.0+/-0,0.0+/-0,0.0+/-0,0.0+/-0,0.0+/-0,0.0+/-0,0.0+/-0,0.0+/-0,0.0+/-0,0.0+/-0,0.0+/-0,0.0+/-0,0.0+/-0,0.0+/-0
Hungary,449458,990582,0,0,0,0,0,(4.9+/-0.7)e+05,(9.8+/-1.4)e+05,(1.47+/-0.22)e+06,(1.95+/-0.29)e+06,(2.4+/-0.4)e+06,(2.9+/-0.4)e+06,(3.4+/-0.5)e+06,(3.9+/-0.6)e+06,(4.4+/-0.6)e+06,(4.9+/-0.7)e+06,(5.4+/-0.8)e+06,(5.9+/-0.9)e+06,(6.4+/-0.9)e+06,(6.8+/-1.0)e+06,(7.3+/-1.1)e+06,(7.8+/-1.2)e+06,(8.3+/-1.2)e+06,(8.8+/-1.3)e+06,(9.3+/-1.4)e+06,(9.8+/-1.4)e+06,(1.03+/-0.15)e+07,(1.07+/-0.16)e+07,(1.12+/-0.17)e+07,(1.17+/-0.17)e+07,(1.22+/-0.18)e+07,(1.27+/-0.19)e+07,(1.32+/-0.19)e+07,(1.37+/-0.20)e+07,(1.42+/-0.21)e+07,(1.47+/-0.22)e+07,(1.51+/-0.22)e+07,(1.56+/-0.23)e+07,(1.61+/-0.24)e+07,(1.66+/-0.24)e+07,(1.71+/-0.25)e+07,(1.76+/-0.26)e+07,(1.81+/-0.27)e+07,(1.86+/-0.27)e+07,(1.91+/-0.28)e+07,(1.95+/-0.29)e+07,(2.00+/-0.29)e+07,(2.05+/-0.30)e+07,(2.10+/-0.31)e+07,(2.15+/-0.32)e+07,(2.20+/-0.32)e+07,(2.25+/-0.33)e+07,(2.30+/-0.34)e+07,(2.34+/-0.35)e+07
Indonesia,17637316,44160362,0,0,0,0,0,(3.5+/-0.5)e+06,(6.9+/-1.0)e+06,(1.04+/-0.15)e+07,(1.38+/-0.20)e+07,(1.73+/-0.25)e+07,(2.07+/-0.30)e+07,(2.4+/-0.4)e+07,(2.8+/-0.4)e+07,(3.1+/-0.5)e+07,(3.5+/-0.5)e+07,(3.8+/-0.6)e+07,(4.1+/-0.6)e+07,(4.5+/-0.7)e+07,(4.8+/-0.7)e+07,(5.2+/-0.8)e+07,(5.5+/-0.8)e+07,(5.9+/-0.9)e+07,(6.2+/-0.9)e+07,(6.6+/-1.0)e+07,(6.9+/-1.0)e+07,(7.2+/-1.1)e+07,(7.6+/-1.1)e+07,(7.9+/-1.2)e+07,(8.3+/-1.2)e+07,(8.6+/-1.3)e+07,(9.0+/-1.3)e+07,(9.3+/-1.4)e+07,(9.7+/-1.4)e+07,(1.00+/-0.15)e+08,(1.04+/-0.15)e+08,(1.07+/-0.16)e+08,(1.10+/-0.16)e+08,(1.14+/-0.17)e+08,(1.17+/-0.17)e+08,(1.21+/-0.18)e+08,(1.24+/-0.18)e+08,(1.28+/-0.19)e+08,(1.31+/-0.19)e+08,(1.35+/-0.20)e+08,(1.38+/-0.20)e+08,(1.41+/-0.21)e+08,(1.45+/-0.21)e+08,(1.48+/-0.22)e+08,(1.52+/-0.22)e+08,(1.55+/-0.23)e+08,(1.59+/-0.23)e+08,(1.62+/-0.24)e+08,(1.66+/-0.24)e+08
Isle of Man,2802,7097,0,0.0+/-0,0.0+/-0,0.0+/-0,0.0+/-0,0.0+/-0,0.0+/-0,0.0+/-0,0.0+/-0,0.0+/-0,0.0+/-0,0.0+/-0,0.0+/-0,0.0+/-0,0.0+/-0,0.0+/-0,0.0+/-0,0.0+/-0,0.0+/-0,0.0+/-0,0.0+/-0,0.0+/-0,0.0+/-0,0.0+/-0,0.0+/-0,0.0+/-0,0.0+/-0,0.0+/-0,0.0+/-0,0.0+/-0,0.0+/-0,0.0+/-0,0.0+/-0,0.0+/-0,0.0+/-0,0.0+/-0,0.0+/-0,0.0+/-0,0.0+/-0,0.0+/-0,0.0+/-0,0.0+/-0,0.0+/-0,0.0+/-0,0.0+/-0,0.0+/-0,0.0+/-0,0.0+/-0,0.0+/-0,0.0+/-0,0.0+/-0,0.0+/-0,0.0+/-0
India,96752402,158953942,0,0,0,(6.6+/-1.0)e+06,(1.32+/-0.19)e+07,(1.97+/-0.29)e+07,(2.6+/-0.4)e+07,(3.3+/-0.5)e+07,(3.9+/-0.6)e+07,(4.6+/-0.7)e+07,(5.3+/-0.8)e+07,(5.9+/-0.9)e+07,(6.6+/-1.0)e+07,(7.2+/-1.1)e+07,(7.9+/-1.2)e+07,(8.6+/-1.3)e+07,(9.2+/-1.4)e+07,(9.9+/-1.5)e+07,(1.05+/-0.15)e+08,(1.12+/-0.16)e+08,(1.18+/-0.17)e+08,(1.25+/-0.18)e+08,(1.32+/-0.19)e+08,(1.38+/-0.20)e+08,(1.45+/-0.21)e+08,(1.51+/-0.22)e+08,(1.58+/-0.23)e+08,(1.64+/-0.24)e+08,(1.71+/-0.25)e+08,(1.78+/-0.26)e+08,(1.84+/-0.27)e+08,(1.91+/-0.28)e+08,(1.97+/-0.29)e+08,(2.04+/-0.30)e+08,(2.11+/-0.31)e+08,(2.17+/-0.32)e+08,(2.24+/-0.33)e+08,(2.30+/-0.34)e+08,(2.37+/-0.35)e+08,(2.4+/-0.4)e+08,(2.5+/-0.4)e+08,(2.6+/-0.4)e+08,(2.6+/-0.4)e+08,(2.7+/-0.4)e+08,(2.8+/-0.4)e+08,(2.8+/-0.4)e+08,(2.9+/-0.4)e+08,(3.0+/-0.4)e+08,(3.0+/-0.4)e+08,(3.1+/-0.5)e+08,(3.2+/-0.5)e+08,(3.2+/-0.5)e+08,(3.3+/-0.5)e+08
Ireland,241598,604978,0,0,0,0,0,0,0,0,(1.73+/-0.25)e+06,(3.5+/-0.5)e+06,(5.2+/-0.8)e+06,(6.9+/-1.0)e+06,(8.6+/-1.3)e+06,(1.04+/-0.15)e+07,(1.21+/-0.18)e+07,(1.38+/-0.20)e+07,(1.56+/-0.23)e+07,(1.73+/-0.25)e+07,(1.90+/-0.28)e+07,(2.07+/-0.31)e+07,(2.25+/-0.33)e+07,(2.4+/-0.4)e+07,(2.6+/-0.4)e+07,(2.8+/-0.4)e+07,(2.9+/-0.4)e+07,(3.1+/-0.5)e+07,(3.3+/-0.5)e+07,(3.5+/-0.5)e+07,(3.6+/-0.5)e+07,(3.8+/-0.6)e+07,(4.0+/-0.6)e+07,(4.1+/-0.6)e+07,(4.3+/-0.6)e+07,(4.5+/-0.7)e+07,(4.7+/-0.7)e+07,(4.8+/-0.7)e+07,(5.0+/-0.7)e+07,(5.2+/-0.8)e+07,(5.4+/-0.8)e+07,(5.5+/-0.8)e+07,(5.7+/-0.8)e+07,(5.9+/-0.9)e+07,(6.0+/-0.9)e+07,(6.2+/-0.9)e+07,(6.4+/-0.9)e+07,(6.6+/-1.0)e+07,(6.7+/-1.0)e+07,(6.9+/-1.0)e+07,(7.1+/-1.0)e+07,(7.3+/-1.1)e+07,(7.4+/-1.1)e+07,(7.6+/-1.1)e+07,(7.8+/-1.1)e+07
Iran,3169421,7101985,0,0,0,0,0,0,0,(8.7+/-1.3)e+05,(1.74+/-0.26)e+06,(2.6+/-0.4)e+06,(3.5+/-0.5)e+06,(4.4+/-0.6)e+06,(5.2+/-0.8)e+06,(6.1+/-0.9)e+06,(7.0+/-1.0)e+06,(7.8+/-1.2)e+06,(8.7+/-1.3)e+06,(9.6+/-1.4)e+06,(1.05+/-0.15)e+07,(1.13+/-0.17)e+07,(1.22+/-0.18)e+07,(1.31+/-0.19)e+07,(1.39+/-0.21)e+07,(1.48+/-0.22)e+07,(1.57+/-0.23)e+07,(1.66+/-0.24)e+07,(1.74+/-0.26)e+07,(1.83+/-0.27)e+07,(1.92+/-0.28)e+07,(2.00+/-0.30)e+07,(2.09+/-0.31)e+07,(2.18+/-0.32)e+07,(2.27+/-0.33)e+07,(2.35+/-0.35)e+07,(2.4+/-0.4)e+07,(2.5+/-0.4)e+07,(2.6+/-0.4)e+07,(2.7+/-0.4)e+07,(2.8+/-0.4)e+07,(2.9+/-0.4)e+07,(3.0+/-0.4)e+07,(3.1+/-0.4)e+07,(3.1+/-0.5)e+07,(3.2+/-0.5)e+07,(3.3+/-0.5)e+07,(3.4+/-0.5)e+07,(3.5+/-0.5)e+07,(3.6+/-0.5)e+07,(3.7+/-0.5)e+07,(3.7+/-0.6)e+07,(3.8+/-0.6)e+07,(3.9+/-0.6)e+07,(4.0+/-0.6)e+07
Iraq,1542174,3358641,0,(7.1+/-1.0)e+04,(1.41+/-0.21)e+05,(2.12+/-0.31)e+05,(2.8+/-0.4)e+05,(3.5+/-0.5)e+05,(4.2+/-0.6)e+05,(4.9+/-0.7)e+05,(5.7+/-0.8)e+05,(6.4+/-0.9)e+05,(7.1+/-1.0)e+05,(7.8+/-1.1)e+05,(8.5+/-1.2)e+05,(9.2+/-1.4)e+05,(9.9+/-1.5)e+05,(1.06+/-0.16)e+06,(1.13+/-0.17)e+06,(1.20+/-0.18)e+06,(1.27+/-0.19)e+06,(1.34+/-0.20)e+06,(1.41+/-0.21)e+06,(1.48+/-0.22)e+06,(1.55+/-0.23)e+06,(1.62+/-0.24)e+06,(1.70+/-0.25)e+06,(1.77+/-0.26)e+06,(1.84+/-0.27)e+06,(1.91+/-0.28)e+06,(1.98+/-0.29)e+06,(2.05+/-0.30)e+06,(2.12+/-0.31)e+06,(2.19+/-0.32)e+06,(2.26+/-0.33)e+06,(2.33+/-0.34)e+06,(2.40+/-0.35)e+06,(2.5+/-0.4)e+06,(2.5+/-0.4)e+06,(2.6+/-0.4)e+06,(2.7+/-0.4)e+06,(2.8+/-0.4)e+06,(2.8+/-0.4)e+06,(2.9+/-0.4)e+06,(3.0+/-0.4)e+06,(3.0+/-0.4)e+06,(3.1+/-0.5)e+06,(3.2+/-0.5)e+06,(3.2+/-0.5)e+06,(3.3+/-0.5)e+06,(3.4+/-0.5)e+06,(3.5+/-0.5)e+06,(3.5+/-0.5)e+06,(3.6+/-0.5)e+06,(3.7+/-0.5)e+06
Iceland,20807,51010,0,0,0,0,(4.4+/-0.6)e+04,(8.8+/-1.3)e+04,(1.31+/-0.19)e+05,(1.75+/-0.26)e+05,(2.19+/-0.32)e+05,(2.6+/-0.4)e+05,(3.1+/-0.5)e+05,(3.5+/-0.5)e+05,(3.9+/-0.6)e+05,(4.4+/-0.6)e+05,(4.8+/-0.7)e+05,(5.3+/-0.8)e+05,(5.7+/-0.8)e+05,(6.1+/-0.9)e+05,(6.6+/-1.0)e+05,(7.0+/-1.0)e+05,(7.4+/-1.1)e+05,(7.9+/-1.2)e+05,(8.3+/-1.2)e+05,(8.8+/-1.3)e+05,(9.2+/-1.4)e+05,(9.6+/-1.4)e+05,(1.01+/-0.15)e+06,(1.05+/-0.15)e+06,(1.09+/-0.16)e+06,(1.14+/-0.17)e+06,(1.18+/-0.17)e+06,(1.23+/-0.18)e+06,(1.27+/-0.19)e+06,(1.31+/-0.19)e+06,(1.36+/-0.20)e+06,(1.40+/-0.21)e+06,(1.44+/-0.21)e+06,(1.49+/-0.22)e+06,(1.53+/-0.23)e+06,(1.58+/-0.23)e+06,(1.62+/-0.24)e+06,(1.66+/-0.24)e+06,(1.71+/-0.25)e+06,(1.75+/-0.26)e+06,(1.79+/-0.26)e+06,(1.84+/-0.27)e+06,(1.88+/-0.28)e+06,(1.93+/-0.28)e+06,(1.97+/-0.29)e+06,(2.01+/-0.30)e+06,(2.06+/-0.30)e+06,(2.10+/-0.31)e+06,(2.14+/-0.32)e+06
Israel,327135,802751,0,0,(9.5+/-1.4)e+05,(1.90+/-0.28)e+06,(2.9+/-0.4)e+06,(3.8+/-0.6)e+06,(4.8+/-0.7)e+06,(5.7+/-0.8)e+06,(6.7+/-1.0)e+06,(7.6+/-1.1)e+06,(8.6+/-1.3)e+06,(9.5+/-1.4)e+06,(1.05+/-0.15)e+07,(1.14+/-0.17)e+07,(1.24+/-0.18)e+07,(1.33+/-0.20)e+07,(1.43+/-0.21)e+07,(1.52+/-0.22)e+07,(1.62+/-0.24)e+07,(1.71+/-0.25)e+07,(1.81+/-0.27)e+07,(1.90+/-0.28)e+07,(2.00+/-0.29)e+07,(2.09+/-0.31)e+07,(2.19+/-0.32)e+07,(2.28+/-0.34)e+07,(2.38+/-0.35)e+07,(2.5+/-0.4)e+07,(2.6+/-0.4)e+07,(2.7+/-0.4)e+07,(2.8+/-0.4)e+07,(2.9+/-0.4)e+07,(2.9+/-0.4)e+07,(3.0+/-0.4)e+07,(3.1+/-0.5)e+07,(3.2+/-0.5)e+07,(3.3+/-0.5)e+07,(3.4+/-0.5)e+07,(3.5+/-0.5)e+07,(3.6+/-0.5)e+07,(3.7+/-0.5)e+07,(3.8+/-0.6)e+07,(3.9+/-0.6)e+07,(4.0+/-0.6)e+07,(4.1+/-0.6)e+07,(4.2+/-0.6)e+07,(4.3+/-0.6)e+07,(4.4+/-0.6)e+07,(4.5+/-0.7)e+07,(4.6+/-0.7)e+07,(4.7+/-0.7)e+07,(4.8+/-0.7)e+07,(4.8+/-0.7)e+07
Italy,2171257,5413727,0,0,(5.8+/-0.8)e+06,(1.15+/-0.17)e+07,(1.73+/-0.25)e+07,(2.31+/-0.34)e+07,(2.9+/-0.4)e+07,(3.5+/-0.5)e+07,(4.0+/-0.6)e+07,(4.6+/-0.7)e+07,(5.2+/-0.8)e+07,(5.8+/-0.8)e+07,(6.3+/-0.9)e+07,(6.9+/-1.0)e+07,(7.5+/-1.1)e+07,(8.1+/-1.2)e+07,(8.6+/-1.3)e+07,(9.2+/-1.4)e+07,(9.8+/-1.4)e+07,(1.04+/-0.15)e+08,(1.10+/-0.16)e+08,(1.15+/-0.17)e+08,(1.21+/-0.18)e+08,(1.27+/-0.19)e+08,(1.33+/-0.20)e+08,(1.38+/-0.20)e+08,(1.44+/-0.21)e+08,(1.50+/-0.22)e+08,(1.56+/-0.23)e+08,(1.61+/-0.24)e+08,(1.67+/-0.25)e+08,(1.73+/-0.25)e+08,(1.79+/-0.26)e+08,(1.85+/-0.27)e+08,(1.90+/-0.28)e+08,(1.96+/-0.29)e+08,(2.02+/-0.30)e+08,(2.08+/-0.31)e+08,(2.13+/-0.31)e+08,(2.19+/-0.32)e+08,(2.25+/-0.33)e+08,(2.31+/-0.34)e+08,(2.36+/-0.35)e+08,(2.4+/-0.4)e+08,(2.5+/-0.4)e+08,(2.5+/-0.4)e+08,(2.6+/-0.4)e+08,(2.7+/-0.4)e+08,(2.7+/-0.4)e+08,(2.8+/-0.4)e+08,(2.8+/-0.4)e+08,(2.9+/-0.4)e+08,(2.9+/-0.4)e+08
Jamaica,123034,332889,0,0,0,0,0,0,0,0,0.0+/-0,0.0+/-0,0.0+/-0,0.0+/-0,0.0+/-0,0.0+/-0,0.0+/-0,0.0+/-0,0.0+/-0,0.0+/-0,0.0+/-0,0.0+/-0,0.0+/-0,0.0+/-0,0.0+/-0,0.0+/-0,0.0+/-0,0.0+/-0,0.0+/-0,0.0+/-0,0.0+/-0,0.0+/-0,0.0+/-0,0.0+/-0,0.0+/-0,0.0+/-0,0.0+/-0,0.0+/-0,0.0+/-0,0.0+/-0,0.0+/-0,0.0+/-0,0.0+/-0,0.0+/-0,0.0+/-0,0.0+/-0,0.0+/-0,0.0+/-0,0.0+/-0,0.0+/-0,0.0+/-0,0.0+/-0,0.0+/-0,0.0+/-0,0.0+/-0
Jordan,306243,815628,0,(8.4+/-1.2)e+04,(1.68+/-0.25)e+05,(2.5+/-0.4)e+05,(3.4+/-0.5)e+05,(4.2+/-0.6)e+05,(5.0+/-0.7)e+05,(5.9+/-0.9)e+05,(6.7+/-1.0)e+05,(7.5+/-1.1)e+05,(8.4+/-1.2)e+05,(9.2+/-1.4)e+05,(1.01+/-0.15)e+06,(1.09+/-0.16)e+06,(1.17+/-0.17)e+06,(1.26+/-0.19)e+06,(1.34+/-0.20)e+06,(1.42+/-0.21)e+06,(1.51+/-0.22)e+06,(1.59+/-0.23)e+06,(1.68+/-0.25)e+06,(1.76+/-0.26)e+06,(1.84+/-0.27)e+06,(1.93+/-0.28)e+06,(2.01+/-0.30)e+06,(2.09+/-0.31)e+06,(2.18+/-0.32)e+06,(2.26+/-0.33)e+06,(2.35+/-0.35)e+06,(2.4+/-0.4)e+06,(2.5+/-0.4)e+06,(2.6+/-0.4)e+06,(2.7+/-0.4)e+06,(2.8+/-0.4)e+06,(2.8+/-0.4)e+06,(2.9+/-0.4)e+06,(3.0+/-0.4)e+06,(3.1+/-0.5)e+06,(3.2+/-0.5)e+06,(3.3+/-0.5)e+06,(3.4+/-0.5)e+06,(3.4+/-0.5)e+06,(3.5+/-0.5)e+06,(3.6+/-0.5)e+06,(3.7+/-0.5)e+06,(3.8+/-0.6)e+06,(3.9+/-0.6)e+06,(3.9+/-0.6)e+06,(4.0+/-0.6)e+06,(4.1+/-0.6)e+06,(4.2+/-0.6)e+06,(4.3+/-0.6)e+06,(4.4+/-0.6)e+06
Japan,5360183,15020688,0,(1.02+/-0.15)e+07,(2.12+/-0.31)e+07,(3.3+/-0.5)e+07,(4.5+/-0.7)e+07,(5.8+/-0.9)e+07,(7.2+/-1.1)e+07,(8.7+/-1.3)e+07,(1.01+/-0.15)e+08,(1.16+/-0.17)e+08,(1.31+/-0.19)e+08,(1.45+/-0.21)e+08,(1.60+/-0.24)e+08,(1.74+/-0.26)e+08,(1.89+/-0.28)e+08,(2.04+/-0.30)e+08,(2.18+/-0.32)e+08,(2.33+/-0.34)e+08,(2.5+/-0.4)e+08,(2.6+/-0.4)e+08,(2.8+/-0.4)e+08,(2.9+/-0.4)e+08,(3.1+/-0.5)e+08,(3.2+/-0.5)e+08,(3.3+/-0.5)e+08,(3.5+/-0.5)e+08,(3.6+/-0.5)e+08,(3.8+/-0.6)e+08,(3.9+/-0.6)e+08,(4.1+/-0.6)e+08,(4.2+/-0.6)e+08,(4.4+/-0.6)e+08,(4.5+/-0.7)e+08,(4.7+/-0.7)e+08,(4.8+/-0.7)e+08,(5.0+/-0.7)e+08,(5.1+/-0.8)e+08,(5.2+/-0.8)e+08,(5.4+/-0.8)e+08,(5.5+/-0.8)e+08,(5.7+/-0.8)e+08,(5.8+/-0.9)e+08,(6.0+/-0.9)e+08,(6.1+/-0.9)e+08,(6.3+/-0.9)e+08,(6.4+/-0.9)e+08,(6.6+/-1.0)e+08,(6.7+/-1.0)e+08,(6.9+/-1.0)e+08,(7.0+/-1.0)e+08,(7.1+/-1.1)e+08,(7.3+/-1.1)e+08,(7.4+/-1.1)e+08
Kazakhstan,1039296,1969480,0,0,0,0,0,(4.3+/-0.6)e+05,(8.6+/-1.3)e+05,(1.28+/-0.19)e+06,(1.71+/-0.25)e+06,(2.14+/-0.31)e+06,(2.6+/-0.4)e+06,(3.0+/-0.4)e+06,(3.4+/-0.5)e+06,(3.9+/-0.6)e+06,(4.3+/-0.6)e+06,(4.7+/-0.7)e+06,(5.1+/-0.8)e+06,(5.6+/-0.8)e+06,(6.0+/-0.9)e+06,(6.4+/-0.9)e+06,(6.8+/-1.0)e+06,(7.3+/-1.1)e+06,(7.7+/-1.1)e+06,(8.1+/-1.2)e+06,(8.6+/-1.3)e+06,(9.0+/-1.3)e+06,(9.4+/-1.4)e+06,(9.8+/-1.4)e+06,(1.03+/-0.15)e+07,(1.07+/-0.16)e+07,(1.11+/-0.16)e+07,(1.16+/-0.17)e+07,(1.20+/-0.18)e+07,(1.24+/-0.18)e+07,(1.28+/-0.19)e+07,(1.33+/-0.20)e+07,(1.37+/-0.20)e+07,(1.41+/-0.21)e+07,(1.45+/-0.21)e+07,(1.50+/-0.22)e+07,(1.54+/-0.23)e+07,(1.58+/-0.23)e+07,(1.63+/-0.24)e+07,(1.67+/-0.25)e+07,(1.71+/-0.25)e+07,(1.75+/-0.26)e+07,(1.80+/-0.26)e+07,(1.84+/-0.27)e+07,(1.88+/-0.28)e+07,(1.93+/-0.28)e+07,(1.97+/-0.29)e+07,(2.01+/-0.30)e+07,(2.05+/-0.30)e+07
Kenya,3465888,5334131,0,0.0+/-0,0.0+/-0,0.0+/-0,0.0+/-0,0.0+/-0,0.0+/-0,0.0+/-0,0.0+/-0,0.0+/-0,0.0+/-0,0.0+/-0,0.0+/-0,0.0+/-0,0.0+/-0,0.0+/-0,0.0+/-0,0.0+/-0,0.0+/-0,0.0+/-0,0.0+/-0,0.0+/-0,0.0+/-0,0.0+/-0,0.0+/-0,0.0+/-0,0.0+/-0,0.0+/-0,0.0+/-0,0.0+/-0,0.0+/-0,0.0+/-0,0.0+/-0,0.0+/-0,0.0+/-0,0.0+/-0,0.0+/-0,0.0+/-0,0.0+/-0,0.0+/-0,0.0+/-0,0.0+/-0,0.0+/-0,0.0+/-0,0.0+/-0,0.0+/-0,0.0+/-0,0.0+/-0,0.0+/-0,0.0+/-0,0.0+/-0,0.0+/-0,0.0+/-0
Kyrgyzstan,391908,843923,0,0,0,0,0,0,0,0,0.0+/-0,0.0+/-0,0.0+/-0,0.0+/-0,0.0+/-0,0.0+/-0,0.0+/-0,0.0+/-0,0.0+/-0,0.0+/-0,0.0+/-0,0.0+/-0,0.0+/-0,0.0+/-0,0.0+/-0,0.0+/-0,0.0+/-0,0.0+/-0,0.0+/-0,0.0+/-0,0.0+/-0,0.0+/-0,0.0+/-0,0.0+/-0,0.0+/-0,0.0+/-0,0.0+/-0,0.0+/-0,0.0+/-0,0.0+/-0,0.0+/-0,0.0+/-0,0.0+/-0,0.0+/-0,0.0+/-0,0.0+/-0,0.0+/-0,0.0+/-0,0.0+/-0,0.0+/-0,0.0+/-0,0.0+/-0,0.0+/-0,0.0+/-0,0.0+/-0
Cambodia,1147751,2767705,0,(9.6+/-1.4)e+04,(1.92+/-0.28)e+05,(2.9+/-0.4)e+05,(3.8+/-0.6)e+05,(4.8+/-0.7)e+05,(5.8+/-0.8)e+05,(6.7+/-1.0)e+05,(7.7+/-1.1)e+05,(8.7+/-1.3)e+05,(9.6+/-1.4)e+05,(1.06+/-0.16)e+06,(1.15+/-0.17)e+06,(1.25+/-0.18)e+06,(1.35+/-0.20)e+06,(1.44+/-0.21)e+06,(1.54+/-0.23)e+06,(1.63+/-0.24)e+06,(1.73+/-0.25)e+06,(1.83+/-0.27)e+06,(1.92+/-0.28)e+06,(2.02+/-0.30)e+06,(2.11+/-0.31)e+06,(2.21+/-0.33)e+06,(2.31+/-0.34)e+06,(2.40+/-0.35)e+06,(2.5+/-0.4)e+06,(2.6+/-0.4)e+06,(2.7+/-0.4)e+06,(2.8+/-0.4)e+06,(2.9+/-0.4)e+06,(3.0+/-0.4)e+06,(3.1+/-0.5)e+06,(3.2+/-0.5)e+06,(3.3+/-0.5)e+06,(3.4+/-0.5)e+06,(3.5+/-0.5)e+06,(3.6+/-0.5)e+06,(3.7+/-0.5)e+06,(3.7+/-0.6)e+06,(3.8+/-0.6)e+06,(3.9+/-0.6)e+06,(4.0+/-0.6)e+06,(4.1+/-0.6)e+06,(4.2+/-0.6)e+06,(4.3+/-0.6)e+06,(4.4+/-0.7)e+06,(4.5+/-0.7)e+06,(4.6+/-0.7)e+06,(4.7+/-0.7)e+06,(4.8+/-0.7)e+06,(4.9+/-0.7)e+06,(5.0+/-0.7)e+06
Kiribati,4290,10517,0,0.0+/-0,0.0+/-0,0.0+/-0,0.0+/-0,0.0+/-0,0.0+/-0,0.0+/-0,0.0+/-0,0.0+/-0,0.0+/-0,0.0+/-0,0.0+/-0,0.0+/-0,0.0+/-0,0.0+/-0,0.0+/-0,0.0+/-0,0.0+/-0,0.0+/-0,0.0+/-0,0.0+/-0,0.0+/-0,0.0+/-0,0.0+/-0,0.0+/-0,0.0+/-0,0.0+/-0,0.0+/-0,0.0+/-0,0.0+/-0,0.0+/-0,0.0+/-0,0.0+/-0,0.0+/-0,0.0+/-0,0.0+/-0,0.0+/-0,0.0+/-0,0.0+/-0,0.0+/-0,0.0+/-0,0.0+/-0,0.0+/-0,0.0+/-0,0.0+/-0,0.0+/-0,0.0+/-0,0.0+/-0,0.0+/-0,0.0+/-0,0.0+/-0,0.0+/-0
St. Kitts and Nevis,3047,4408,0,0.0+/-0,0.0+/-0,0.0+/-0,0.0+/-0,0.0+/-0,0.0+/-0,0.0+/-0,0.0+/-0,0.0+/-0,0.0+/-0,0.0+/-0,0.0+/-0,0.0+/-0,0.0+/-0,0.0+/-0,0.0+/-0,0.0+/-0,0.0+/-0,0.0+/-0,0.0+/-0,0.0+/-0,0.0+/-0,0.0+/-0,0.0+/-0,0.0+/-0,0.0+/-0,0.0+/-0,0.0+/-0,0.0+/-0,0.0+/-0,0.0+/-0,0.0+/-0,0.0+/-0,0.0+/-0,0.0+/-0,0.0+/-0,0.0+/-0,0.0+/-0,0.0+/-0,0.0+/-0,0.0+/-0,0.0+/-0,0.0+/-0,0.0+/-0,0.0+/-0,0.0+/-0,0.0+/-0,0.0+/-0,0.0+/-0,0.0+/-0,0.0+/-0,0.0+/-0
South Korea,2848710,6830689,0,0,0,(6.4+/-0.9)e+06,(1.29+/-0.19)e+07,(1.93+/-0.28)e+07,(2.6+/-0.4)e+07,(3.2+/-0.5)e+07,(3.9+/-0.6)e+07,(4.5+/-0.7)e+07,(5.1+/-0.8)e+07,(5.8+/-0.9)e+07,(6.4+/-0.9)e+07,(7.1+/-1.0)e+07,(7.7+/-1.1)e+07,(8.4+/-1.2)e+07,(9.0+/-1.3)e+07,(9.7+/-1.4)e+07,(1.03+/-0.15)e+08,(1.09+/-0.16)e+08,(1.16+/-0.17)e+08,(1.22+/-0.18)e+08,(1.29+/-0.19)e+08,(1.35+/-0.20)e+08,(1.42+/-0.21)e+08,(1.48+/-0.22)e+08,(1.54+/-0.23)e+08,(1.61+/-0.24)e+08,(1.67+/-0.25)e+08,(1.74+/-0.26)e+08,(1.80+/-0.27)e+08,(1.87+/-0.27)e+08,(1.93+/-0.28)e+08,(1.99+/-0.29)e+08,(2.06+/-0.30)e+08,(2.12+/-0.31)e+08,(2.19+/-0.32)e+08,(2.25+/-0.33)e+08,(2.32+/-0.34)e+08,(2.38+/-0.35)e+08,(2.4+/-0.4)e+08,(2.5+/-0.4)e+08,(2.6+/-0.4)e+08,(2.6+/-0.4)e+08,(2.7+/-0.4)e+08,(2.8+/-0.4)e+08,(2.8+/-0.4)e+08,(2.9+/-0.4)e+08,(3.0+/-0.4)e+08,(3.0+/-0.4)e+08,(3.1+/-0.5)e+08,(3.2+/-0.5)e+08,(3.2+/-0.5)e+08
Kuwait,210483,559262,0,0,0,0,0,0,0,0,(1.32+/-0.19)e+05,(2.6+/-0.4)e+05,(4.0+/-0.6)e+05,(5.3+/-0.8)e+05,(6.6+/-1.0)e+05,(7.9+/-1.2)e+05,(9.3+/-1.4)e+05,(1.06+/-0.16)e+06,(1.19+/-0.18)e+06,(1.32+/-0.19)e+06,(1.46+/-0.21)e+06,(1.59+/-0.23)e+06,(1.72+/-0.25)e+06,(1.85+/-0.27)e+06,(1.98+/-0.29)e+06,(2.12+/-0.31)e+06,(2.25+/-0.33)e+06,(2.38+/-0.35)e+06,(2.5+/-0.4)e+06,(2.6+/-0.4)e+06,(2.8+/-0.4)e+06,(2.9+/-0.4)e+06,(3.0+/-0.4)e+06,(3.2+/-0.5)e+06,(3.3+/-0.5)e+06,(3.4+/-0.5)e+06,(3.6+/-0.5)e+06,(3.7+/-0.5)e+06,(3.8+/-0.6)e+06,(4.0+/-0.6)e+06,(4.1+/-0.6)e+06,(4.2+/-0.6)e+06,(4.4+/-0.6)e+06,(4.5+/-0.7)e+06,(4.6+/-0.7)e+06,(4.8+/-0.7)e+06,(4.9+/-0.7)e+06,(5.0+/-0.7)e+06,(5.2+/-0.8)e+06,(5.3+/-0.8)e+06,(5.4+/-0.8)e+06,(5.6+/-0.8)e+06,(5.7+/-0.8)e+06,(5.8+/-0.9)e+06,(6.0+/-0.9)e+06
Laos,511234,859914,0,0.0+/-0,0.0+/-0,0.0+/-0,0.0+/-0,0.0+/-0,0.0+/-0,0.0+/-0,0.0+/-0,0.0+/-0,0.0+/-0,0.0+/-0,0.0+/-0,0.0+/-0,0.0+/-0,0.0+/-0,0.0+/-0,0.0+/-0,0.0+/-0,0.0+/-0,0.0+/-0,0.0+/-0,0.0+/-0,0.0+/-0,0.0+/-0,0.0+/-0,0.0+/-0,0.0+/-0,0.0+/-0,0.0+/-0,0.0+/-0,0.0+/-0,0.0+/-0,0.0+/-0,0.0+/-0,0.0+/-0,0.0+/-0,0.0+/-0,0.0+/-0,0.0+/-0,0.0+/-0,0.0+/-0,0.0+/-0,0.0+/-0,0.0+/-0,0.0+/-0,0.0+/-0,0.0+/-0,0.0+/-0,0.0+/-0,0.0+/-0,0.0+/-0,0.0+/-0
Lebanon,175131,484188,0,0.0+/-0,0.0+/-0,0.0+/-0,0.0+/-0,0.0+/-0,0.0+/-0,0.0+/-0,0.0+/-0,0.0+/-0,0.0+/-0,0.0+/-0,0.0+/-0,0.0+/-0,0.0+/-0,0.0+/-0,0.0+/-0,0.0+/-0,0.0+/-0,0.0+/-0,0.0+/-0,0.0+/-0,0.0+/-0,0.0+/-0,0.0+/-0,0.0+/-0,0.0+/-0,0.0+/-0,0.0+/-0,0.0+/-0,0.0+/-0,0.0+/-0,0.0+/-0,0.0+/-0,0.0+/-0,0.0+/-0,0.0+/-0,0.0+/-0,0.0+/-0,0.0+/-0,0.0+/-0,0.0+/-0,0.0+/-0,0.0+/-0,0.0+/-0,0.0+/-0,0.0+/-0,0.0+/-0,0.0+/-0,0.0+/-0,0.0+/-0,0.0+/-0,0.0+/-0
Liberia,148824,436151,0,0.0+/-0,0.0+/-0,0.0+/-0,0.0+/-0,0.0+/-0,0.0+/-0,0.0+/-0,0.0+/-0,0.0+/-0,0.0+/-0,0.0+/-0,0.0+/-0,0.0+/-0,0.0+/-0,0.0+/-0,0.0+/-0,0.0+/-0,0.0+/-0,0.0+/-0,0.0+/-0,0.0+/-0,0.0+/-0,0.0+/-0,0.0+/-0,0.0+/-0,0.0+/-0,0.0+/-0,0.0+/-0,0.0+/-0,0.0+/-0,0.0+/-0,0.0+/-0,0.0+/-0,0.0+/-0,0.0+/-0,0.0+/-0,0.0+/-0,0.0+/-0,0.0+/-0,0.0+/-0,0.0+/-0,0.0+/-0,0.0+/-0,0.0+/-0,0.0+/-0,0.0+/-0,0.0+/-0,0.0+/-0,0.0+/-0,0.0+/-0,0.0+/-0,0.0+/-0
Libya,307911,644830,0,0.0+/-0,0.0+/-0,0.0+/-0,0.0+/-0,0.0+/-0,0.0+/-0,0.0+/-0,0.0+/-0,0.0+/-0,0.0+/-0,0.0+/-0,0.0+/-0,0.0+/-0,0.0+/-0,0.0+/-0,0.0+/-0,0.0+/-0,0.0+/-0,0.0+/-0,0.0+/-0,0.0+/-0,0.0+/-0,0.0+/-0,0.0+/-0,0.0+/-0,0.0+/-0,0.0+/-0,0.0+/-0,0.0+/-0,0.0+/-0,0.0+/-0,0.0+/-0,0.0+/-0,0.0+/-0,0.0+/-0,0.0+/-0,0.0+/-0,0.0+/-0,0.0+/-0,0.0+/-0,0.0+/-0,0.0+/-0,0.0+/-0,0.0+/-0,0.0+/-0,0.0+/-0,0.0+/-0,0.0+/-0,0.0+/-0,0.0+/-0,0.0+/-0,0.0+/-0
St. Lucia,14228,20582,0,0.0+/-0,0.0+/-0,0.0+/-0,0.0+/-0,0.0+/-0,0.0+/-0,0.0+/-0,0.0+/-0,0.0+/-0,0.0+/-0,0.0+/-0,0.0+/-0,0.0+/-0,0.0+/-0,0.0+/-0,0.0+/-0,0.0+/-0,0.0+/-0,0.0+/-0,0.0+/-0,0.0+/-0,0.0+/-0,0.0+/-0,0.0+/-0,0.0+/-0,0.0+/-0,0.0+/-0,0.0+/-0,0.0+/-0,0.0+/-0,0.0+/-0,0.0+/-0,0.0+/-0,0.0+/-0,0.0+/-0,0.0+/-0,0.0+/-0,0.0+/-0,0.0+/-0,0.0+/-0,0.0+/-0,0.0+/-0,0.0+/-0,0.0+/-0,0.0+/-0,0.0+/-0,0.0+/-0,0.0+/-0,0.0+/-0,0.0+/-0,0.0+/-0,0.0+/-0
Liechtenstein,1395,4196,0,0,0,0,0,0,0,(3.2+/-0.5)e+04,(6.4+/-0.9)e+04,(9.6+/-1.4)e+04,(1.27+/-0.19)e+05,(1.59+/-0.23)e+05,(1.91+/-0.28)e+05,(2.23+/-0.33)e+05,(2.5+/-0.4)e+05,(2.9+/-0.4)e+05,(3.2+/-0.5)e+05,(3.5+/-0.5)e+05,(3.8+/-0.6)e+05,(4.1+/-0.6)e+05,(4.5+/-0.7)e+05,(4.8+/-0.7)e+05,(5.1+/-0.8)e+05,(5.4+/-0.8)e+05,(5.7+/-0.8)e+05,(6.1+/-0.9)e+05,(6.4+/-0.9)e+05,(6.7+/-1.0)e+05,(7.0+/-1.0)e+05,(7.3+/-1.1)e+05,(7.6+/-1.1)e+05,(8.0+/-1.2)e+05,(8.3+/-1.2)e+05,(8.6+/-1.3)e+05,(8.9+/-1.3)e+05,(9.2+/-1.4)e+05,(9.6+/-1.4)e+05,(9.9+/-1.5)e+05,(1.02+/-0.15)e+06,(1.05+/-0.15)e+06,(1.08+/-0.16)e+06,(1.11+/-0.16)e+06,(1.15+/-0.17)e+06,(1.18+/-0.17)e+06,(1.21+/-0.18)e+06,(1.24+/-0.18)e+06,(1.27+/-0.19)e+06,(1.31+/-0.19)e+06,(1.34+/-0.20)e+06,(1.37+/-0.20)e+06,(1.40+/-0.21)e+06,(1.43+/-0.21)e+06,(1.47+/-0.22)e+06
Sri Lanka,997155,1920691,0,0,0,0,0,0,(1.86+/-0.27)e+05,(3.7+/-0.5)e+05,(5.6+/-0.8)e+05,(7.5+/-1.1)e+05,(9.3+/-1.4)e+05,(1.12+/-0.16)e+06,(1.31+/-0.19)e+06,(1.49+/-0.22)e+06,(1.68+/-0.25)e+06,(1.86+/-0.27)e+06,(2.05+/-0.30)e+06,(2.24+/-0.33)e+06,(2.4+/-0.4)e+06,(2.6+/-0.4)e+06,(2.8+/-0.4)e+06,(3.0+/-0.4)e+06,(3.2+/-0.5)e+06,(3.4+/-0.5)e+06,(3.5+/-0.5)e+06,(3.7+/-0.5)e+06,(3.9+/-0.6)e+06,(4.1+/-0.6)e+06,(4.3+/-0.6)e+06,(4.5+/-0.7)e+06,(4.7+/-0.7)e+06,(4.8+/-0.7)e+06,(5.0+/-0.7)e+06,(5.2+/-0.8)e+06,(5.4+/-0.8)e+06,(5.6+/-0.8)e+06,(5.8+/-0.9)e+06,(6.0+/-0.9)e+06,(6.2+/-0.9)e+06,(6.3+/-0.9)e+06,(6.5+/-1.0)e+06,(6.7+/-1.0)e+06,(6.9+/-1.0)e+06,(7.1+/-1.0)e+06,(7.3+/-1.1)e+06,(7.5+/-1.1)e+06,(7.6+/-1.1)e+06,(7.8+/-1.2)e+06,(8.0+/-1.2)e+06,(8.2+/-1.2)e+06,(8.4+/-1.2)e+06,(8.6+/-1.3)e+06,(8.8+/-1.3)e+06
Lesotho,62094,175504,0,0.0+/-0,0.0+/-0,0.0+/-0,0.0+/-0,0.0+/-0,0.0+/-0,0.0+/-0,0.0+/-0,0.0+/-0,0.0+/-0,0.0+/-0,0.0+/-0,0.0+/-0,0.0+/-0,0.0+/-0,0.0+/-0,0.0+/-0,0.0+/-0,0.0+/-0,0.0+/-0,0.0+/-0,0.0+/-0,0.0+/-0,0.0+/-0,0.0+/-0,0.0+/-0,0.0+/-0,0.0+/-0,0.0+/-0,0.0+/-0,0.0+/-0,0.0+/-0,0.0+/-0,0.0+/-0,0.0+/-0,0.0+/-0,0.0+/-0,0.0+/-0,0.0+/-0,0.0+/-0,0.0+/-0,0.0+/-0,0.0+/-0,0.0+/-0,0.0+/-0,0.0+/-0,0.0+/-0,0.0+/-0,0.0+/-0,0.0+/-0,0.0+/-0,0.0+/-0
Lithuania,121780,283456,0,0,0,0,0,0,0,0,(1.25+/-0.18)e+05,(2.5+/-0.4)e+05,(3.7+/-0.6)e+05,(5.0+/-0.7)e+05,(6.2+/-0.9)e+05,(7.5+/-1.1)e+05,(8.7+/-1.3)e+05,(1.00+/-0.15)e+06,(1.12+/-0.17)e+06,(1.25+/-0.18)e+06,(1.37+/-0.20)e+06,(1.50+/-0.22)e+06,(1.62+/-0.24)e+06,(1.75+/-0.26)e+06,(1.87+/-0.28)e+06,(2.00+/-0.29)e+06,(2.12+/-0.31)e+06,(2.25+/-0.33)e+06,(2.37+/-0.35)e+06,(2.5+/-0.4)e+06,(2.6+/-0.4)e+06,(2.7+/-0.4)e+06,(2.9+/-0.4)e+06,(3.0+/-0.4)e+06,(3.1+/-0.5)e+06,(3.2+/-0.5)e+06,(3.4+/-0.5)e+06,(3.5+/-0.5)e+06,(3.6+/-0.5)e+06,(3.7+/-0.6)e+06,(3.9+/-0.6)e+06,(4.0+/-0.6)e+06,(4.1+/-0.6)e+06,(4.2+/-0.6)e+06,(4.4+/-0.6)e+06,(4.5+/-0.7)e+06,(4.6+/-0.7)e+06,(4.7+/-0.7)e+06,(4.9+/-0.7)e+06,(5.0+/-0.7)e+06,(5.1+/-0.8)e+06,(5.2+/-0.8)e+06,(5.4+/-0.8)e+06,(5.5+/-0.8)e+06,(5.6+/-0.8)e+06
Luxembourg,17868,43118,0,0,0,0,0,0,0,0,(3.1+/-0.5)e+04,(6.3+/-0.9)e+04,(9.4+/-1.4)e+04,(1.26+/-0.19)e+05,(1.57+/-0.23)e+05,(1.89+/-0.28)e+05,(2.20+/-0.32)e+05,(2.5+/-0.4)e+05,(2.8+/-0.4)e+05,(3.1+/-0.5)e+05,(3.5+/-0.5)e+05,(3.8+/-0.6)e+05,(4.1+/-0.6)e+05,(4.4+/-0.6)e+05,(4.7+/-0.7)e+05,(5.0+/-0.7)e+05,(5.3+/-0.8)e+05,(5.7+/-0.8)e+05,(6.0+/-0.9)e+05,(6.3+/-0.9)e+05,(6.6+/-1.0)e+05,(6.9+/-1.0)e+05,(7.2+/-1.1)e+05,(7.6+/-1.1)e+05,(7.9+/-1.2)e+05,(8.2+/-1.2)e+05,(8.5+/-1.3)e+05,(8.8+/-1.3)e+05,(9.1+/-1.3)e+05,(9.4+/-1.4)e+05,(9.8+/-1.4)e+05,(1.01+/-0.15)e+06,(1.04+/-0.15)e+06,(1.07+/-0.16)e+06,(1.10+/-0.16)e+06,(1.13+/-0.17)e+06,(1.16+/-0.17)e+06,(1.20+/-0.18)e+06,(1.23+/-0.18)e+06,(1.26+/-0.19)e+06,(1.29+/-0.19)e+06,(1.32+/-0.19)e+06,(1.35+/-0.20)e+06,(1.38+/-0.20)e+06,(1.42+/-0.21)e+06
Latvia,74314,173511,0,0,0,0,(6.8+/-1.0)e+04,(1.35+/-0.20)e+05,(2.03+/-0.30)e+05,(2.7+/-0.4)e+05,(3.4+/-0.5)e+05,(4.1+/-0.6)e+05,(4.7+/-0.7)e+05,(5.4+/-0.8)e+05,(6.1+/-0.9)e+05,(6.8+/-1.0)e+05,(7.4+/-1.1)e+05,(8.1+/-1.2)e+05,(8.8+/-1.3)e+05,(9.5+/-1.4)e+05,(1.02+/-0.15)e+06,(1.08+/-0.16)e+06,(1.15+/-0.17)e+06,(1.22+/-0.18)e+06,(1.29+/-0.19)e+06,(1.35+/-0.20)e+06,(1.42+/-0.21)e+06,(1.49+/-0.22)e+06,(1.56+/-0.23)e+06,(1.62+/-0.24)e+06,(1.69+/-0.25)e+06,(1.76+/-0.26)e+06,(1.83+/-0.27)e+06,(1.89+/-0.28)e+06,(1.96+/-0.29)e+06,(2.03+/-0.30)e+06,(2.10+/-0.31)e+06,(2.17+/-0.32)e+06,(2.23+/-0.33)e+06,(2.30+/-0.34)e+06,(2.37+/-0.35)e+06,(2.4+/-0.4)e+06,(2.5+/-0.4)e+06,(2.6+/-0.4)e+06,(2.6+/-0.4)e+06,(2.7+/-0.4)e+06,(2.8+/-0.4)e+06,(2.8+/-0.4)e+06,(2.9+/-0.4)e+06,(3.0+/-0.4)e+06,(3.0+/-0.4)e+06,(3.1+/-0.5)e+06,(3.2+/-0.5)e+06,(3.2+/-0.5)e+06,(3.3+/-0.5)e+06
Macau,24315,52715,0,0.0+/-0,0.0+/-0,0.0+/-0,0.0+/-0,0.0+/-0,0.0+/-0,0.0+/-0,0.0+/-0,0.0+/-0,0.0+/-0,0.0+/-0,0.0+/-0,0.0+/-0,0.0+/-0,0.0+/-0,0.0+/-0,0.0+/-0,0.0+/-0,0.0+/-0,0.0+/-0,0.0+/-0,0.0+/-0,0.0+/-0,0.0+/-0,0.0+/-0,0.0+/-0,0.0+/-0,0.0+/-0,0.0+/-0,0.0+/-0,0.0+/-0,0.0+/-0,0.0+/-0,0.0+/-0,0.0+/-0,0.0+/-0,0.0+/-0,0.0+/-0,0.0+/-0,0.0+/-0,0.0+/-0,0.0+/-0,0.0+/-0,0.0+/-0,0.0+/-0,0.0+/-0,0.0+/-0,0.0+/-0,0.0+/-0,0.0+/-0,0.0+/-0,0.0+/-0
Saint-Martin,0,0,0,0.0+/-0,0.0+/-0,0.0+/-0,0.0+/-0,0.0+/-0,0.0+/-0,0.0+/-0,0.0+/-0,0.0+/-0,0.0+/-0,0.0+/-0,0.0+/-0,0.0+/-0,0.0+/-0,0.0+/-0,0.0+/-0,0.0+/-0,0.0+/-0,0.0+/-0,0.0+/-0,0.0+/-0,0.0+/-0,0.0+/-0,0.0+/-0,0.0+/-0,0.0+/-0,0.0+/-0,0.0+/-0,0.0+/-0,0.0+/-0,0.0+/-0,0.0+/-0,0.0+/-0,0.0+/-0,0.0+/-0,0.0+/-0,0.0+/-0,0.0+/-0,0.0+/-0,0.0+/-0,0.0+/-0,0.0+/-0,0.0+/-0,0.0+/-0,0.0+/-0,0.0+/-0,0.0+/-0,0.0+/-0,0.0+/-0,0.0+/-0,0.0+/-0,0.0+/-0
Morocco,1491819,3124178,0,0,0,0,0,0,0,0,(2.28+/-0.34)e+05,(4.6+/-0.7)e+05,(6.9+/-1.0)e+05,(9.1+/-1.3)e+05,(1.14+/-0.17)e+06,(1.37+/-0.20)e+06,(1.60+/-0.24)e+06,(1.83+/-0.27)e+06,(2.06+/-0.30)e+06,(2.28+/-0.34)e+06,(2.5+/-0.4)e+06,(2.7+/-0.4)e+06,(3.0+/-0.4)e+06,(3.2+/-0.5)e+06,(3.4+/-0.5)e+06,(3.7+/-0.5)e+06,(3.9+/-0.6)e+06,(4.1+/-0.6)e+06,(4.3+/-0.6)e+06,(4.6+/-0.7)e+06,(4.8+/-0.7)e+06,(5.0+/-0.7)e+06,(5.3+/-0.8)e+06,(5.5+/-0.8)e+06,(5.7+/-0.8)e+06,(5.9+/-0.9)e+06,(6.2+/-0.9)e+06,(6.4+/-0.9)e+06,(6.6+/-1.0)e+06,(6.9+/-1.0)e+06,(7.1+/-1.0)e+06,(7.3+/-1.1)e+06,(7.5+/-1.1)e+06,(7.8+/-1.1)e+06,(8.0+/-1.2)e+06,(8.2+/-1.2)e+06,(8.5+/-1.2)e+06,(8.7+/-1.3)e+06,(8.9+/-1.3)e+06,(9.1+/-1.3)e+06,(9.4+/-1.4)e+06,(9.6+/-1.4)e+06,(9.8+/-1.4)e+06,(1.01+/-0.15)e+07,(1.03+/-0.15)e+07
Monaco,5260,15819,0,0,0,0,0,0,0.0+/-0,0.0+/-0,0.0+/-0,0.0+/-0,0.0+/-0,0.0+/-0,0.0+/-0,0.0+/-0,0.0+/-0,0.0+/-0,0.0+/-0,0.0+/-0,0.0+/-0,0.0+/-0,0.0+/-0,0.0+/-0,0.0+/-0,0.0+/-0,0.0+/-0,0.0+/-0,0.0+/-0,0.0+/-0,0.0+/-0,0.0+/-0,0.0+/-0,0.0+/-0,0.0+/-0,0.0+/-0,0.0+/-0,0.0+/-0,0.0+/-0,0.0+/-0,0.0+/-0,0.0+/-0,0.0+/-0,0.0+/-0,0.0+/-0,0.0+/-0,0.0+/-0,0.0+/-0,0.0+/-0,0.0+/-0,0.0+/-0,0.0+/-0,0.0+/-0,0.0+/-0,0.0+/-0
Moldova,142321,289251,0,0.0+/-0,0.0+/-0,0.0+/-0,0.0+/-0,0.0+/-0,0.0+/-0,0.0+/-0,0.0+/-0,0.0+/-0,0.0+/-0,0.0+/-0,0.0+/-0,0.0+/-0,0.0+/-0,0.0+/-0,0.0+/-0,0.0+/-0,0.0+/-0,0.0+/-0,0.0+/-0,0.0+/-0,0.0+/-0,0.0+/-0,0.0+/-0,0.0+/-0,0.0+/-0,0.0+/-0,0.0+/-0,0.0+/-0,0.0+/-0,0.0+/-0,0.0+/-0,0.0+/-0,0.0+/-0,0.0+/-0,0.0+/-0,0.0+/-0,0.0+/-0,0.0+/-0,0.0+/-0,0.0+/-0,0.0+/-0,0.0+/-0,0.0+/-0,0.0+/-0,0.0+/-0,0.0+/-0,0.0+/-0,0.0+/-0,0.0+/-0,0.0+/-0,0.0+/-0
Madagascar,2301603,3329482,0,0.0+/-0,0.0+/-0,0.0+/-0,0.0+/-0,0.0+/-0,0.0+/-0,0.0+/-0,0.0+/-0,0.0+/-0,0.0+/-0,0.0+/-0,0.0+/-0,0.0+/-0,0.0+/-0,0.0+/-0,0.0+/-0,0.0+/-0,0.0+/-0,0.0+/-0,0.0+/-0,0.0+/-0,0.0+/-0,0.0+/-0,0.0+/-0,0.0+/-0,0.0+/-0,0.0+/-0,0.0+/-0,0.0+/-0,0.0+/-0,0.0+/-0,0.0+/-0,0.0+/-0,0.0+/-0,0.0+/-0,0.0+/-0,0.0+/-0,0.0+/-0,0.0+/-0,0.0+/-0,0.0+/-0,0.0+/-0,0.0+/-0,0.0+/-0,0.0+/-0,0.0+/-0,0.0+/-0,0.0+/-0,0.0+/-0,0.0+/-0,0.0+/-0,0.0+/-0
Maldives,18586,45085,0,0.0+/-0,0.0+/-0,0.0+/-0,0.0+/-0,0.0+/-0,0.0+/-0,0.0+/-0,0.0+/-0,0.0+/-0,0.0+/-0,0.0+/-0,0.0+/-0,0.0+/-0,0.0+/-0,0.0+/-0,0.0+/-0,0.0+/-0,0.0+/-0,0.0+/-0,0.0+/-0,0.0+/-0,0.0+/-0,0.0+/-0,0.0+/-0,0.0+/-0,0.0+/-0,0.0+/-0,0.0+/-0,0.0+/-0,0.0+/-0,0.0+/-0,0.0+/-0,0.0+/-0,0.0+/-0,0.0+/-0,0.0+/-0,0.0+/-0,0.0+/-0,0.0+/-0,0.0+/-0,0.0+/-0,0.0+/-0,0.0+/-0,0.0+/-0,0.0+/-0,0.0+/-0,0.0+/-0,0.0+/-0,0.0+/-0,0.0+/-0,0.0+/-0,0.0+/-0
Mexico,5068324,16223128,0,0,0,0,(5.0+/-0.7)e+06,(1.01+/-0.15)e+07,(1.51+/-0.22)e+07,(2.02+/-0.30)e+07,(2.5+/-0.4)e+07,(3.0+/-0.4)e+07,(3.5+/-0.5)e+07,(4.0+/-0.6)e+07,(4.5+/-0.7)e+07,(5.0+/-0.7)e+07,(5.6+/-0.8)e+07,(6.1+/-0.9)e+07,(6.6+/-1.0)e+07,(7.1+/-1.0)e+07,(7.6+/-1.1)e+07,(8.1+/-1.2)e+07,(8.6+/-1.3)e+07,(9.1+/-1.3)e+07,(9.6+/-1.4)e+07,(1.01+/-0.15)e+08,(1.06+/-0.16)e+08,(1.11+/-0.16)e+08,(1.16+/-0.17)e+08,(1.21+/-0.18)e+08,(1.26+/-0.19)e+08,(1.31+/-0.19)e+08,(1.36+/-0.20)e+08,(1.41+/-0.21)e+08,(1.46+/-0.22)e+08,(1.51+/-0.22)e+08,(1.57+/-0.23)e+08,(1.62+/-0.24)e+08,(1.67+/-0.25)e+08,(1.72+/-0.25)e+08,(1.77+/-0.26)e+08,(1.82+/-0.27)e+08,(1.87+/-0.28)e+08,(1.92+/-0.28)e+08,(1.97+/-0.29)e+08,(2.02+/-0.30)e+08,(2.07+/-0.30)e+08,(2.12+/-0.31)e+08,(2.17+/-0.32)e+08,(2.22+/-0.33)e+08,(2.27+/-0.33)e+08,(2.32+/-0.34)e+08,(2.37+/-0.35)e+08,(2.4+/-0.4)e+08,(2.5+/-0.4)e+08
Marshall Islands,1412,3140,0,0.0+/-0,0.0+/-0,0.0+/-0,0.0+/-0,0.0+/-0,0.0+/-0,0.0+/-0,0.0+/-0,0.0+/-0,0.0+/-0,0.0+/-0,0.0+/-0,0.0+/-0,0.0+/-0,0.0+/-0,0.0+/-0,0.0+/-0,0.0+/-0,0.0+/-0,0.0+/-0,0.0+/-0,0.0+/-0,0.0+/-0,0.0+/-0,0.0+/-0,0.0+/-0,0.0+/-0,0.0+/-0,0.0+/-0,0.0+/-0,0.0+/-0,0.0+/-0,0.0+/-0,0.0+/-0,0.0+/-0,0.0+/-0,0.0+/-0,0.0+/-0,0.0+/-0,0.0+/-0,0.0+/-0,0.0+/-0,0.0+/-0,0.0+/-0,0.0+/-0,0.0+/-0,0.0+/-0,0.0+/-0,0.0+/-0,0.0+/-0,0.0+/-0,0.0+/-0
North Macedonia,79840,183353,0,0,0,0,0,0,0.0+/-0,0.0+/-0,0.0+/-0,0.0+/-0,0.0+/-0,0.0+/-0,0.0+/-0,0.0+/-0,0.0+/-0,0.0+/-0,0.0+/-0,0.0+/-0,0.0+/-0,0.0+/-0,0.0+/-0,0.0+/-0,0.0+/-0,0.0+/-0,0.0+/-0,0.0+/-0,0.0+/-0,0.0+/-0,0.0+/-0,0.0+/-0,0.0+/-0,0.0+/-0,0.0+/-0,0.0+/-0,0.0+/-0,0.0+/-0,0.0+/-0,0.0+/-0,0.0+/-0,0.0+/-0,0.0+/-0,0.0+/-0,0.0+/-0,0.0+/-0,0.0+/-0,0.0+/-0,0.0+/-0,0.0+/-0,0.0+/-0,0.0+/-0,0.0+/-0,0.0+/-0,0.0+/-0
Mali,1278787,2383211,0,0.0+/-0,0.0+/-0,0.0+/-0,0.0+/-0,0.0+/-0,0.0+/-0,0.0+/-0,0.0+/-0,0.0+/-0,0.0+/-0,0.0+/-0,0.0+/-0,0.0+/-0,0.0+/-0,0.0+/-0,0.0+/-0,0.0+/-0,0.0+/-0,0.0+/-0,0.0+/-0,0.0+/-0,0.0+/-0,0.0+/-0,0.0+/-0,0.0+/-0,0.0+/-0,0.0+/-0,0.0+/-0,0.0+/-0,0.0+/-0,0.0+/-0,0.0+/-0,0.0+/-0,0.0+/-0,0.0+/-0,0.0+/-0,0.0+/-0,0.0+/-0,0.0+/-0,0.0+/-0,0.0+/-0,0.0+/-0,0.0+/-0,0.0+/-0,0.0+/-0,0.0+/-0,0.0+/-0,0.0+/-0,0.0+/-0,0.0+/-0,0.0+/-0,0.0+/-0
Malta,25920,69035,0,0.0+/-0,0.0+/-0,0.0+/-0,0.0+/-0,0.0+/-0,0.0+/-0,0.0+/-0,0.0+/-0,0.0+/-0,0.0+/-0,0.0+/-0,0.0+/-0,0.0+/-0,0.0+/-0,0.0+/-0,0.0+/-0,0.0+/-0,0.0+/-0,0.0+/-0,0.0+/-0,0.0+/-0,0.0+/-0,0.0+/-0,0.0+/-0,0.0+/-0,0.0+/-0,0.0+/-0,0.0+/-0,0.0+/-0,0.0+/-0,0.0+/-0,0.0+/-0,0.0+/-0,0.0+/-0,0.0+/-0,0.0+/-0,0.0+/-0,0.0+/-0,0.0+/-0,0.0+/-0,0.0+/-0,0.0+/-0,0.0+/-0,0.0+/-0,0.0+/-0,0.0+/-0,0.0+/-0,0.0+/-0,0.0+/-0,0.0+/-0,0.0+/-0,0.0+/-0
Myanmar,3595557,7248499,0,0,0,0,0,0,0,(1.67+/-0.25)e+05,(3.3+/-0.5)e+05,(5.0+/-0.7)e+05,(6.7+/-1.0)e+05,(8.3+/-1.2)e+05,(1.00+/-0.15)e+06,(1.17+/-0.17)e+06,(1.33+/-0.20)e+06,(1.50+/-0.22)e+06,(1.67+/-0.25)e+06,(1.83+/-0.27)e+06,(2.00+/-0.29)e+06,(2.17+/-0.32)e+06,(2.33+/-0.34)e+06,(2.5+/-0.4)e+06,(2.7+/-0.4)e+06,(2.8+/-0.4)e+06,(3.0+/-0.4)e+06,(3.2+/-0.5)e+06,(3.3+/-0.5)e+06,(3.5+/-0.5)e+06,(3.7+/-0.5)e+06,(3.8+/-0.6)e+06,(4.0+/-0.6)e+06,(4.2+/-0.6)e+06,(4.3+/-0.6)e+06,(4.5+/-0.7)e+06,(4.7+/-0.7)e+06,(4.8+/-0.7)e+06,(5.0+/-0.7)e+06,(5.2+/-0.8)e+06,(5.3+/-0.8)e+06,(5.5+/-0.8)e+06,(5.7+/-0.8)e+06,(5.8+/-0.9)e+06,(6.0+/-0.9)e+06,(6.2+/-0.9)e+06,(6.3+/-0.9)e+06,(6.5+/-1.0)e+06,(6.7+/-1.0)e+06,(6.8+/-1.0)e+06,(7.0+/-1.0)e+06,(7.2+/-1.1)e+06,(7.3+/-1.1)e+06,(7.5+/-1.1)e+06,(7.7+/-1.1)e+06
Montenegro,22908,59710,0,0,0,0,0,0.0+/-0,0.0+/-0,0.0+/-0,0.0+/-0,0.0+/-0,0.0+/-0,0.0+/-0,0.0+/-0,0.0+/-0,0.0+/-0,0.0+/-0,0.0+/-0,0.0+/-0,0.0+/-0,0.0+/-0,0.0+/-0,0.0+/-0,0.0+/-0,0.0+/-0,0.0+/-0,0.0+/-0,0.0+/-0,0.0+/-0,0.0+/-0,0.0+/-0,0.0+/-0,0.0+/-0,0.0+/-0,0.0+/-0,0.0+/-0,0.0+/-0,0.0+/-0,0.0+/-0,0.0+/-0,0.0+/-0,0.0+/-0,0.0+/-0,0.0+/-0,0.0+/-0,0.0+/-0,0.0+/-0,0.0+/-0,0.0+/-0,0.0+/-0,0.0+/-0,0.0+/-0,0.0+/-0,0.0+/-0
Mongolia,208980,367905,0,0,0,0,0,0,0,0,0.0+/-0,0.0+/-0,0.0+/-0,0.0+/-0,0.0+/-0,0.0+/-0,0.0+/-0,0.0+/-0,0.0+/-0,0.0+/-0,0.0+/-0,0.0+/-0,0.0+/-0,0.0+/-0,0.0+/-0,0.0+/-0,0.0+/-0,0.0+/-0,0.0+/-0,0.0+/-0,0.0+/-0,0.0+/-0,0.0+/-0,0.0+/-0,0.0+/-0,0.0+/-0,0.0+/-0,0.0+/-0,0.0+/-0,0.0+/-0,0.0+/-0,0.0+/-0,0.0+/-0,0.0+/-0,0.0+/-0,0.0+/-0,0.0+/-0,0.0+/-0,0.0+/-0,0.0+/-0,0.0+/-0,0.0+/-0,0.0+/-0,0.0+/-0,0.0+/-0
Northern Mariana Islands,2009,4808,0,0.0+/-0,0.0+/-0,0.0+/-0,0.0+/-0,0.0+/-0,0.0+/-0,0.0+/-0,0.0+/-0,0.0+/-0,0.0+/-0,0.0+/-0,0.0+/-0,0.0+/-0,0.0+/-0,0.0+/-0,0.0+/-0,0.0+/-0,0.0+/-0,0.0+/-0,0.0+/-0,0.0+/-0,0.0+/-0,0.0+/-0,0.0+/-0,0.0+/-0,0.0+/-0,0.0+/-0,0.0+/-0,0.0+/-0,0.0+/-0,0.0+/-0,0.0+/-0,0.0+/-0,0.0+/-0,0.0+/-0,0.0+/-0,0.0+/-0,0.0+/-0,0.0+/-0,0.0+/-0,0.0+/-0,0.0+/-0,0.0+/-0,0.0+/-0,0.0+/-0,0.0+/-0,0.0+/-0,0.0+/-0,0.0+/-0,0.0+/-0,0.0+/-0,0.0+/-0
Mozambique,482534,1612664,0,0.0+/-0,0.0+/-0,0.0+/-0,0.0+/-0,0.0+/-0,0.0+/-0,0.0+/-0,0.0+/-0,0.0+/-0,0.0+/-0,0.0+/-0,0.0+/-0,0.0+/-0,0.0+/-0,0.0+/-0,0.0+/-0,0.0+/-0,0.0+/-0,0.0+/-0,0.0+/-0,0.0+/-0,0.0+/-0,0.0+/-0,0.0+/-0,0.0+/-0,0.0+/-0,0.0+/-0,0.0+/-0,0.0+/-0,0.0+/-0,0.0+/-0,0.0+/-0,0.0+/-0,0.0+/-0,0.0+/-0,0.0+/-0,0.0+/-0,0.0+/-0,0.0+/-0,0.0+/-0,0.0+/-0,0.0+/-0,0.0+/-0,0.0+/-0,0.0+/-0,0.0+/-0,0.0+/-0,0.0+/-0,0.0+/-0,0.0+/-0,0.0+/-0,0.0+/-0
Mauritania,111595,355340,0,0.0+/-0,0.0+/-0,0.0+/-0,0.0+/-0,0.0+/-0,0.0+/-0,0.0+/-0,0.0+/-0,0.0+/-0,0.0+/-0,0.0+/-0,0.0+/-0,0.0+/-0,0.0+/-0,0.0+/-0,0.0+/-0,0.0+/-0,0.0+/-0,0.0+/-0,0.0+/-0,0.0+/-0,0.0+/-0,0.0+/-0,0.0+/-0,0.0+/-0,0.0+/-0,0.0+/-0,0.0+/-0,0.0+/-0,0.0+/-0,0.0+/-0,0.0+/-0,0.0+/-0,0.0+/-0,0.0+/-0,0.0+/-0,0.0+/-0,0.0+/-0,0.0+/-0,0.0+/-0,0.0+/-0,0.0+/-0,0.0+/-0,0.0+/-0,0.0+/-0,0.0+/-0,0.0+/-0,0.0+/-0,0.0+/-0,0.0+/-0,0.0+/-0,0.0+/-0
Mauritius,52459,136836,0,0.0+/-0,0.0+/-0,0.0+/-0,0.0+/-0,0.0+/-0,0.0+/-0,0.0+/-0,0.0+/-0,0.0+/-0,0.0+/-0,0.0+/-0,0.0+/-0,0.0+/-0,0.0+/-0,0.0+/-0,0.0+/-0,0.0+/-0,0.0+/-0,0.0+/-0,0.0+/-0,0.0+/-0,0.0+/-0,0.0+/-0,0.0+/-0,0.0+/-0,0.0+/-0,0.0+/-0,0.0+/-0,0.0+/-0,0.0+/-0,0.0+/-0,0.0+/-0,0.0+/-0,0.0+/-0,0.0+/-0,0.0+/-0,0.0+/-0,0.0+/-0,0.0+/-0,0.0+/-0,0.0+/-0,0.0+/-0,0.0+/-0,0.0+/-0,0.0+/-0,0.0+/-0,0.0+/-0,0.0+/-0,0.0+/-0,0.0+/-0,0.0+/-0,0.0+/-0
Malawi,891114,1581897,0,0.0+/-0,0.0+/-0,0.0+/-0,0.0+/-0,0.0+/-0,0.0+/-0,0.0+/-0,0.0+/-0,0.0+/-0,0.0+/-0,0.0+/-0,0.0+/-0,0.0+/-0,0.0+/-0,0.0+/-0,0.0+/-0,0.0+/-0,0.0+/-0,0.0+/-0,0.0+/-0,0.0+/-0,0.0+/-0,0.0+/-0,0.0+/-0,0.0+/-0,0.0+/-0,0.0+/-0,0.0+/-0,0.0+/-0,0.0+/-0,0.0+/-0,0.0+/-0,0.0+/-0,0.0+/-0,0.0+/-0,0.0+/-0,0.0+/-0,0.0+/-0,0.0+/-0,0.0+/-0,0.0+/-0,0.0+/-0,0.0+/-0,0.0+/-0,0.0+/-0,0.0+/-0,0.0+/-0,0.0+/-0,0.0+/-0,0.0+/-0,0.0+/-0,0.0+/-0
Malaysia,2276171,5220294,0,0,0,(1.43+/-0.21)e+06,(2.9+/-0.4)e+06,(4.3+/-0.6)e+06,(5.7+/-0.8)e+06,(7.2+/-1.1)e+06,(8.6+/-1.3)e+06,(1.00+/-0.15)e+07,(1.14+/-0.17)e+07,(1.29+/-0.19)e+07,(1.43+/-0.21)e+07,(1.57+/-0.23)e+07,(1.72+/-0.25)e+07,(1.86+/-0.27)e+07,(2.00+/-0.29)e+07,(2.15+/-0.32)e+07,(2.29+/-0.34)e+07,(2.4+/-0.4)e+07,(2.6+/-0.4)e+07,(2.7+/-0.4)e+07,(2.9+/-0.4)e+07,(3.0+/-0.4)e+07,(3.1+/-0.5)e+07,(3.3+/-0.5)e+07,(3.4+/-0.5)e+07,(3.6+/-0.5)e+07,(3.7+/-0.5)e+07,(3.9+/-0.6)e+07,(4.0+/-0.6)e+07,(4.1+/-0.6)e+07,(4.3+/-0.6)e+07,(4.4+/-0.7)e+07,(4.6+/-0.7)e+07,(4.7+/-0.7)e+07,(4.9+/-0.7)e+07,(5.0+/-0.7)e+07,(5.1+/-0.8)e+07,(5.3+/-0.8)e+07,(5.4+/-0.8)e+07,(5.6+/-0.8)e+07,(5.7+/-0.8)e+07,(5.9+/-0.9)e+07,(6.0+/-0.9)e+07,(6.2+/-0.9)e+07,(6.3+/-0.9)e+07,(6.4+/-0.9)e+07,(6.6+/-1.0)e+07,(6.7+/-1.0)e+07,(6.9+/-1.0)e+07,(7.0+/-1.0)e+07,(7.2+/-1.1)e+07
Namibia,112612,234706,0,0.0+/-0,0.0+/-0,0.0+/-0,0.0+/-0,0.0+/-0,0.0+/-0,0.0+/-0,0.0+/-0,0.0+/-0,0.0+/-0,0.0+/-0,0.0+/-0,0.0+/-0,0.0+/-0,0.0+/-0,0.0+/-0,0.0+/-0,0.0+/-0,0.0+/-0,0.0+/-0,0.0+/-0,0.0+/-0,0.0+/-0,0.0+/-0,0.0+/-0,0.0+/-0,0.0+/-0,0.0+/-0,0.0+/-0,0.0+/-0,0.0+/-0,0.0+/-0,0.0+/-0,0.0+/-0,0.0+/-0,0.0+/-0,0.0+/-0,0.0+/-0,0.0+/-0,0.0+/-0,0.0+/-0,0.0+/-0,0.0+/-0,0.0+/-0,0.0+/-0,0.0+/-0,0.0+/-0,0.0+/-0,0.0+/-0,0.0+/-0,0.0+/-0,0.0+/-0
New Caledonia,12232,27772,0,0.0+/-0,0.0+/-0,0.0+/-0,0.0+/-0,0.0+/-0,0.0+/-0,0.0+/-0,0.0+/-0,0.0+/-0,0.0+/-0,0.0+/-0,0.0+/-0,0.0+/-0,0.0+/-0,0.0+/-0,0.0+/-0,0.0+/-0,0.0+/-0,0.0+/-0,0.0+/-0,0.0+/-0,0.0+/-0,0.0+/-0,0.0+/-0,0.0+/-0,0.0+/-0,0.0+/-0,0.0+/-0,0.0+/-0,0.0+/-0,0.0+/-0,0.0+/-0,0.0+/-0,0.0+/-0,0.0+/-0,0.0+/-0,0.0+/-0,0.0+/-0,0.0+/-0,0.0+/-0,0.0+/-0,0.0+/-0,0.0+/-0,0.0+/-0,0.0+/-0,0.0+/-0,0.0+/-0,0.0+/-0,0.0+/-0,0.0+/-0,0.0+/-0,0.0+/-0
Niger,968387,3083531,0,0.0+/-0,0.0+/-0,0.0+/-0,0.0+/-0,0.0+/-0,0.0+/-0,0.0+/-0,0.0+/-0,0.0+/-0,0.0+/-0,0.0+/-0,0.0+/-0,0.0+/-0,0.0+/-0,0.0+/-0,0.0+/-0,0.0+/-0,0.0+/-0,0.0+/-0,0.0+/-0,0.0+/-0,0.0+/-0,0.0+/-0,0.0+/-0,0.0+/-0,0.0+/-0,0.0+/-0,0.0+/-0,0.0+/-0,0.0+/-0,0.0+/-0,0.0+/-0,0.0+/-0,0.0+/-0,0.0+/-0,0.0+/-0,0.0+/-0,0.0+/-0,0.0+/-0,0.0+/-0,0.0+/-0,0.0+/-0,0.0+/-0,0.0+/-0,0.0+/-0,0.0+/-0,0.0+/-0,0.0+/-0,0.0+/-0,0.0+/-0,0.0+/-0,0.0+/-0
Nigeria,4263092,10019800,0,(5.4+/-0.8)e+05,(1.07+/-0.16)e+06,(1.61+/-0.24)e+06,(2.14+/-0.32)e+06,(2.7+/-0.4)e+06,(3.2+/-0.5)e+06,(3.8+/-0.6)e+06,(4.3+/-0.6)e+06,(4.8+/-0.7)e+06,(5.4+/-0.8)e+06,(5.9+/-0.9)e+06,(6.4+/-0.9)e+06,(7.0+/-1.0)e+06,(7.5+/-1.1)e+06,(8.0+/-1.2)e+06,(8.6+/-1.3)e+06,(9.1+/-1.3)e+06,(9.6+/-1.4)e+06,(1.02+/-0.15)e+07,(1.07+/-0.16)e+07,(1.13+/-0.17)e+07,(1.18+/-0.17)e+07,(1.23+/-0.18)e+07,(1.29+/-0.19)e+07,(1.34+/-0.20)e+07,(1.39+/-0.21)e+07,(1.45+/-0.21)e+07,(1.50+/-0.22)e+07,(1.55+/-0.23)e+07,(1.61+/-0.24)e+07,(1.66+/-0.24)e+07,(1.71+/-0.25)e+07,(1.77+/-0.26)e+07,(1.82+/-0.27)e+07,(1.88+/-0.28)e+07,(1.93+/-0.28)e+07,(1.98+/-0.29)e+07,(2.04+/-0.30)e+07,(2.09+/-0.31)e+07,(2.14+/-0.32)e+07,(2.20+/-0.32)e+07,(2.25+/-0.33)e+07,(2.30+/-0.34)e+07,(2.36+/-0.35)e+07,(2.41+/-0.35)e+07,(2.5+/-0.4)e+07,(2.5+/-0.4)e+07,(2.6+/-0.4)e+07,(2.6+/-0.4)e+07,(2.7+/-0.4)e+07,(2.7+/-0.4)e+07,(2.8+/-0.4)e+07
Nicaragua,336127,959984,0,0.0+/-0,0.0+/-0,0.0+/-0,0.0+/-0,0.0+/-0,0.0+/-0,0.0+/-0,0.0+/-0,0.0+/-0,0.0+/-0,0.0+/-0,0.0+/-0,0.0+/-0,0.0+/-0,0.0+/-0,0.0+/-0,0.0+/-0,0.0+/-0,0.0+/-0,0.0+/-0,0.0+/-0,0.0+/-0,0.0+/-0,0.0+/-0,0.0+/-0,0.0+/-0,0.0+/-0,0.0+/-0,0.0+/-0,0.0+/-0,0.0+/-0,0.0+/-0,0.0+/-0,0.0+/-0,0.0+/-0,0.0+/-0,0.0+/-0,0.0+/-0,0.0+/-0,0.0+/-0,0.0+/-0,0.0+/-0,0.0+/-0,0.0+/-0,0.0+/-0,0.0+/-0,0.0+/-0,0.0+/-0,0.0+/-0,0.0+/-0,0.0+/-0,0.0+/-0
Netherlands,783042,2016480,0,0,(2.05+/-0.30)e+06,(4.1+/-0.6)e+06,(6.1+/-0.9)e+06,(8.2+/-1.2)e+06,(1.02+/-0.15)e+07,(1.23+/-0.18)e+07,(1.43+/-0.21)e+07,(1.64+/-0.24)e+07,(1.84+/-0.27)e+07,(2.05+/-0.30)e+07,(2.25+/-0.33)e+07,(2.5+/-0.4)e+07,(2.7+/-0.4)e+07,(2.9+/-0.4)e+07,(3.1+/-0.5)e+07,(3.3+/-0.5)e+07,(3.5+/-0.5)e+07,(3.7+/-0.5)e+07,(3.9+/-0.6)e+07,(4.1+/-0.6)e+07,(4.3+/-0.6)e+07,(4.5+/-0.7)e+07,(4.7+/-0.7)e+07,(4.9+/-0.7)e+07,(5.1+/-0.8)e+07,(5.3+/-0.8)e+07,(5.5+/-0.8)e+07,(5.7+/-0.8)e+07,(5.9+/-0.9)e+07,(6.1+/-0.9)e+07,(6.3+/-0.9)e+07,(6.5+/-1.0)e+07,(6.7+/-1.0)e+07,(7.0+/-1.0)e+07,(7.2+/-1.1)e+07,(7.4+/-1.1)e+07,(7.6+/-1.1)e+07,(7.8+/-1.1)e+07,(8.0+/-1.2)e+07,(8.2+/-1.2)e+07,(8.4+/-1.2)e+07,(8.6+/-1.3)e+07,(8.8+/-1.3)e+07,(9.0+/-1.3)e+07,(9.2+/-1.4)e+07,(9.4+/-1.4)e+07,(9.6+/-1.4)e+07,(9.8+/-1.4)e+07,(1.00+/-0.15)e+08,(1.02+/-0.15)e+08,(1.04+/-0.15)e+08
Norway,284062,681265,0,(3.0+/-0.4)e+05,(5.9+/-0.9)e+05,(8.9+/-1.3)e+05,(1.19+/-0.17)e+06,(1.48+/-0.22)e+06,(1.78+/-0.26)e+06,(2.08+/-0.31)e+06,(2.37+/-0.35)e+06,(2.7+/-0.4)e+06,(3.0+/-0.4)e+06,(3.3+/-0.5)e+06,(3.6+/-0.5)e+06,(3.9+/-0.6)e+06,(4.2+/-0.6)e+06,(4.4+/-0.7)e+06,(4.7+/-0.7)e+06,(5.0+/-0.7)e+06,(5.3+/-0.8)e+06,(5.6+/-0.8)e+06,(5.9+/-0.9)e+06,(6.2+/-0.9)e+06,(6.5+/-1.0)e+06,(6.8+/-1.0)e+06,(7.1+/-1.0)e+06,(7.4+/-1.1)e+06,(7.7+/-1.1)e+06,(8.0+/-1.2)e+06,(8.3+/-1.2)e+06,(8.6+/-1.3)e+06,(8.9+/-1.3)e+06,(9.2+/-1.4)e+06,(9.5+/-1.4)e+06,(9.8+/-1.4)e+06,(1.01+/-0.15)e+07,(1.04+/-0.15)e+07,(1.07+/-0.16)e+07,(1.10+/-0.16)e+07,(1.13+/-0.17)e+07,(1.16+/-0.17)e+07,(1.19+/-0.17)e+07,(1.22+/-0.18)e+07,(1.25+/-0.18)e+07,(1.27+/-0.19)e+07,(1.30+/-0.19)e+07,(1.33+/-0.20)e+07,(1.36+/-0.20)e+07,(1.39+/-0.21)e+07,(1.42+/-0.21)e+07,(1.45+/-0.21)e+07,(1.48+/-0.22)e+07,(1.51+/-0.22)e+07,(1.54+/-0.23)e+07
Nepal,861976,2433128,0,0,0,0,0,0,0,0,0.0+/-0,0.0+/-0,0.0+/-0,0.0+/-0,0.0+/-0,0.0+/-0,0.0+/-0,0.0+/-0,0.0+/-0,0.0+/-0,0.0+/-0,0.0+/-0,0.0+/-0,0.0+/-0,0.0+/-0,0.0+/-0,0.0+/-0,0.0+/-0,0.0+/-0,0.0+/-0,0.0+/-0,0.0+/-0,0.0+/-0,0.0+/-0,0.0+/-0,0.0+/-0,0.0+/-0,0.0+/-0,0.0+/-0,0.0+/-0,0.0+/-0,0.0+/-0,0.0+/-0,0.0+/-0,0.0+/-0,0.0+/-0,0.0+/-0,0.0+/-0,0.0+/-0,0.0+/-0,0.0+/-0,0.0+/-0,0.0+/-0,0.0+/-0,0.0+/-0
Nauru,593,936,0,0.0+/-0,0.0+/-0,0.0+/-0,0.0+/-0,0.0+/-0,0.0+/-0,0.0+/-0,0.0+/-0,0.0+/-0,0.0+/-0,0.0+/-0,0.0+/-0,0.0+/-0,0.0+/-0,0.0+/-0,0.0+/-0,0.0+/-0,0.0+/-0,0.0+/-0,0.0+/-0,0.0+/-0,0.0+/-0,0.0+/-0,0.0+/-0,0.0+/-0,0.0+/-0,0.0+/-0,0.0+/-0,0.0+/-0,0.0+/-0,0.0+/-0,0.0+/-0,0.0+/-0,0.0+/-0,0.0+/-0,0.0+/-0,0.0+/-0,0.0+/-0,0.0+/-0,0.0+/-0,0.0+/-0,0.0+/-0,0.0+/-0,0.0+/-0,0.0+/-0,0.0+/-0,0.0+/-0,0.0+/-0,0.0+/-0,0.0+/-0,0.0+/-0,0.0+/-0
New Zealand,262212,641840,0,0,0,0,0,(3.1+/-0.4)e+05,(6.1+/-0.9)e+05,(9.2+/-1.3)e+05,(1.22+/-0.18)e+06,(1.53+/-0.22)e+06,(1.83+/-0.27)e+06,(2.14+/-0.31)e+06,(2.4+/-0.4)e+06,(2.7+/-0.4)e+06,(3.1+/-0.4)e+06,(3.4+/-0.5)e+06,(3.7+/-0.5)e+06,(4.0+/-0.6)e+06,(4.3+/-0.6)e+06,(4.6+/-0.7)e+06,(4.9+/-0.7)e+06,(5.2+/-0.8)e+06,(5.5+/-0.8)e+06,(5.8+/-0.9)e+06,(6.1+/-0.9)e+06,(6.4+/-0.9)e+06,(6.7+/-1.0)e+06,(7.0+/-1.0)e+06,(7.3+/-1.1)e+06,(7.6+/-1.1)e+06,(7.9+/-1.2)e+06,(8.2+/-1.2)e+06,(8.6+/-1.3)e+06,(8.9+/-1.3)e+06,(9.2+/-1.3)e+06,(9.5+/-1.4)e+06,(9.8+/-1.4)e+06,(1.01+/-0.15)e+07,(1.04+/-0.15)e+07,(1.07+/-0.16)e+07,(1.10+/-0.16)e+07,(1.13+/-0.17)e+07,(1.16+/-0.17)e+07,(1.19+/-0.18)e+07,(1.22+/-0.18)e+07,(1.25+/-0.18)e+07,(1.28+/-0.19)e+07,(1.31+/-0.19)e+07,(1.34+/-0.20)e+07,(1.37+/-0.20)e+07,(1.40+/-0.21)e+07,(1.44+/-0.21)e+07,(1.47+/-0.22)e+07
Oman,189434,503336,0,(5.0+/-0.7)e+04,(9.9+/-1.5)e+04,(1.49+/-0.22)e+05,(1.98+/-0.29)e+05,(2.5+/-0.4)e+05,(3.0+/-0.4)e+05,(3.5+/-0.5)e+05,(4.0+/-0.6)e+05,(4.5+/-0.7)e+05,(5.0+/-0.7)e+05,(5.5+/-0.8)e+05,(6.0+/-0.9)e+05,(6.5+/-0.9)e+05,(6.9+/-1.0)e+05,(7.4+/-1.1)e+05,(7.9+/-1.2)e+05,(8.4+/-1.2)e+05,(8.9+/-1.3)e+05,(9.4+/-1.4)e+05,(9.9+/-1.5)e+05,(1.04+/-0.15)e+06,(1.09+/-0.16)e+06,(1.14+/-0.17)e+06,(1.19+/-0.18)e+06,(1.24+/-0.18)e+06,(1.29+/-0.19)e+06,(1.34+/-0.20)e+06,(1.39+/-0.20)e+06,(1.44+/-0.21)e+06,(1.49+/-0.22)e+06,(1.54+/-0.23)e+06,(1.59+/-0.23)e+06,(1.64+/-0.24)e+06,(1.69+/-0.25)e+06,(1.74+/-0.26)e+06,(1.79+/-0.26)e+06,(1.84+/-0.27)e+06,(1.89+/-0.28)e+06,(1.94+/-0.28)e+06,(1.98+/-0.29)e+06,(2.03+/-0.30)e+06,(2.08+/-0.31)e+06,(2.13+/-0.31)e+06,(2.18+/-0.32)e+06,(2.23+/-0.33)e+06,(2.28+/-0.34)e+06,(2.33+/-0.34)e+06,(2.38+/-0.35)e+06,(2.4+/-0.4)e+06,(2.5+/-0.4)e+06,(2.5+/-0.4)e+06,(2.6+/-0.4)e+06
Pakistan,13610987,23964313,0,0,0,0,0,(6.0+/-0.9)e+05,(1.20+/-0.18)e+06,(1.80+/-0.27)e+06,(2.40+/-0.35)e+06,(3.0+/-0.4)e+06,(3.6+/-0.5)e+06,(4.2+/-0.6)e+06,(4.8+/-0.7)e+06,(5.4+/-0.8)e+06,(6.0+/-0.9)e+06,(6.6+/-1.0)e+06,(7.2+/-1.1)e+06,(7.8+/-1.1)e+06,(8.4+/-1.2)e+06,(9.0+/-1.3)e+06,(9.6+/-1.4)e+06,(1.02+/-0.15)e+07,(1.08+/-0.16)e+07,(1.14+/-0.17)e+07,(1.20+/-0.18)e+07,(1.26+/-0.19)e+07,(1.32+/-0.19)e+07,(1.38+/-0.20)e+07,(1.44+/-0.21)e+07,(1.50+/-0.22)e+07,(1.56+/-0.23)e+07,(1.62+/-0.24)e+07,(1.68+/-0.25)e+07,(1.74+/-0.26)e+07,(1.80+/-0.27)e+07,(1.86+/-0.27)e+07,(1.92+/-0.28)e+07,(1.98+/-0.29)e+07,(2.04+/-0.30)e+07,(2.10+/-0.31)e+07,(2.16+/-0.32)e+07,(2.22+/-0.33)e+07,(2.28+/-0.34)e+07,(2.34+/-0.34)e+07,(2.40+/-0.35)e+07,(2.5+/-0.4)e+07,(2.5+/-0.4)e+07,(2.6+/-0.4)e+07,(2.6+/-0.4)e+07,(2.7+/-0.4)e+07,(2.8+/-0.4)e+07,(2.8+/-0.4)e+07,(2.9+/-0.4)e+07
Panama,264625,496450,0,0,0,0,0,0,0,(4.7+/-0.7)e+04,(9.5+/-1.4)e+04,(1.42+/-0.21)e+05,(1.89+/-0.28)e+05,(2.36+/-0.35)e+05,(2.8+/-0.4)e+05,(3.3+/-0.5)e+05,(3.8+/-0.6)e+05,(4.3+/-0.6)e+05,(4.7+/-0.7)e+05,(5.2+/-0.8)e+05,(5.7+/-0.8)e+05,(6.1+/-0.9)e+05,(6.6+/-1.0)e+05,(7.1+/-1.0)e+05,(7.6+/-1.1)e+05,(8.0+/-1.2)e+05,(8.5+/-1.3)e+05,(9.0+/-1.3)e+05,(9.5+/-1.4)e+05,(9.9+/-1.5)e+05,(1.04+/-0.15)e+06,(1.09+/-0.16)e+06,(1.13+/-0.17)e+06,(1.18+/-0.17)e+06,(1.23+/-0.18)e+06,(1.28+/-0.19)e+06,(1.32+/-0.19)e+06,(1.37+/-0.20)e+06,(1.42+/-0.21)e+06,(1.47+/-0.22)e+06,(1.51+/-0.22)e+06,(1.56+/-0.23)e+06,(1.61+/-0.24)e+06,(1.65+/-0.24)e+06,(1.70+/-0.25)e+06,(1.75+/-0.26)e+06,(1.80+/-0.26)e+06,(1.84+/-0.27)e+06,(1.89+/-0.28)e+06,(1.94+/-0.29)e+06,(1.99+/-0.29)e+06,(2.03+/-0.30)e+06,(2.08+/-0.31)e+06,(2.13+/-0.31)e+06,(2.18+/-0.32)e+06
Peru,2038823,5460905,0,0,0,0,0,0,(4.2+/-0.6)e+05,(8.4+/-1.2)e+05,(1.26+/-0.18)e+06,(1.67+/-0.25)e+06,(2.09+/-0.31)e+06,(2.5+/-0.4)e+06,(2.9+/-0.4)e+06,(3.3+/-0.5)e+06,(3.8+/-0.6)e+06,(4.2+/-0.6)e+06,(4.6+/-0.7)e+06,(5.0+/-0.7)e+06,(5.4+/-0.8)e+06,(5.9+/-0.9)e+06,(6.3+/-0.9)e+06,(6.7+/-1.0)e+06,(7.1+/-1.0)e+06,(7.5+/-1.1)e+06,(8.0+/-1.2)e+06,(8.4+/-1.2)e+06,(8.8+/-1.3)e+06,(9.2+/-1.4)e+06,(9.6+/-1.4)e+06,(1.00+/-0.15)e+07,(1.05+/-0.15)e+07,(1.09+/-0.16)e+07,(1.13+/-0.17)e+07,(1.17+/-0.17)e+07,(1.21+/-0.18)e+07,(1.26+/-0.18)e+07,(1.30+/-0.19)e+07,(1.34+/-0.20)e+07,(1.38+/-0.20)e+07,(1.42+/-0.21)e+07,(1.47+/-0.22)e+07,(1.51+/-0.22)e+07,(1.55+/-0.23)e+07,(1.59+/-0.23)e+07,(1.63+/-0.24)e+07,(1.67+/-0.25)e+07,(1.72+/-0.25)e+07,(1.76+/-0.26)e+07,(1.80+/-0.27)e+07,(1.84+/-0.27)e+07,(1.88+/-0.28)e+07,(1.93+/-0.28)e+07,(1.97+/-0.29)e+07
Philippines,5941640,14391766,0,0,0,0,0,(9.3+/-1.4)e+05,(1.85+/-0.27)e+06,(2.8+/-0.4)e+06,(3.7+/-0.5)e+06,(4.6+/-0.7)e+06,(5.6+/-0.8)e+06,(6.5+/-1.0)e+06,(7.4+/-1.1)e+06,(8.3+/-1.2)e+06,(9.3+/-1.4)e+06,(1.02+/-0.15)e+07,(1.11+/-0.16)e+07,(1.20+/-0.18)e+07,(1.30+/-0.19)e+07,(1.39+/-0.20)e+07,(1.48+/-0.22)e+07,(1.58+/-0.23)e+07,(1.67+/-0.25)e+07,(1.76+/-0.26)e+07,(1.85+/-0.27)e+07,(1.95+/-0.29)e+07,(2.04+/-0.30)e+07,(2.13+/-0.31)e+07,(2.22+/-0.33)e+07,(2.32+/-0.34)e+07,(2.41+/-0.35)e+07,(2.5+/-0.4)e+07,(2.6+/-0.4)e+07,(2.7+/-0.4)e+07,(2.8+/-0.4)e+07,(2.9+/-0.4)e+07,(3.0+/-0.4)e+07,(3.1+/-0.5)e+07,(3.2+/-0.5)e+07,(3.2+/-0.5)e+07,(3.3+/-0.5)e+07,(3.4+/-0.5)e+07,(3.5+/-0.5)e+07,(3.6+/-0.5)e+07,(3.7+/-0.5)e+07,(3.8+/-0.6)e+07,(3.9+/-0.6)e+07,(4.0+/-0.6)e+07,(4.1+/-0.6)e+07,(4.2+/-0.6)e+07,(4.3+/-0.6)e+07,(4.4+/-0.6)e+07,(4.4+/-0.7)e+07
Palau,650,1648,0,0.0+/-0,0.0+/-0,0.0+/-0,0.0+/-0,0.0+/-0,0.0+/-0,0.0+/-0,0.0+/-0,0.0+/-0,0.0+/-0,0.0+/-0,0.0+/-0,0.0+/-0,0.0+/-0,0.0+/-0,0.0+/-0,0.0+/-0,0.0+/-0,0.0+/-0,0.0+/-0,0.0+/-0,0.0+/-0,0.0+/-0,0.0+/-0,0.0+/-0,0.0+/-0,0.0+/-0,0.0+/-0,0.0+/-0,0.0+/-0,0.0+/-0,0.0+/-0,0.0+/-0,0.0+/-0,0.0+/-0,0.0+/-0,0.0+/-0,0.0+/-0,0.0+/-0,0.0+/-0,0.0+/-0,0.0+/-0,0.0+/-0,0.0+/-0,0.0+/-0,0.0+/-0,0.0+/-0,0.0+/-0,0.0+/-0,0.0+/-0,0.0+/-0,0.0+/-0
Papua New Guinea,439394,1098616,0,0.0+/-0,0.0+/-0,0.0+/-0,0.0+/-0,0.0+/-0,0.0+/-0,0.0+/-0,0.0+/-0,0.0+/-0,0.0+/-0,0.0+/-0,0.0+/-0,0.0+/-0,0.0+/-0,0.0+/-0,0.0+/-0,0.0+/-0,0.0+/-0,0.0+/-0,0.0+/-0,0.0+/-0,0.0+/-0,0.0+/-0,0.0+/-0,0.0+/-0,0.0+/-0,0.0+/-0,0.0+/-0,0.0+/-0,0.0+/-0,0.0+/-0,0.0+/-0,0.0+/-0,0.0+/-0,0.0+/-0,0.0+/-0,0.0+/-0,0.0+/-0,0.0+/-0,0.0+/-0,0.0+/-0,0.0+/-0,0.0+/-0,0.0+/-0,0.0+/-0,0.0+/-0,0.0+/-0,0.0+/-0,0.0+/-0,0.0+/-0,0.0+/-0,0.0+/-0
Poland,1633472,3520858,0,0,0,0,0,(1.76+/-0.26)e+06,(3.5+/-0.5)e+06,(5.3+/-0.8)e+06,(7.0+/-1.0)e+06,(8.8+/-1.3)e+06,(1.05+/-0.16)e+07,(1.23+/-0.18)e+07,(1.41+/-0.21)e+07,(1.58+/-0.23)e+07,(1.76+/-0.26)e+07,(1.93+/-0.28)e+07,(2.11+/-0.31)e+07,(2.28+/-0.34)e+07,(2.5+/-0.4)e+07,(2.6+/-0.4)e+07,(2.8+/-0.4)e+07,(3.0+/-0.4)e+07,(3.2+/-0.5)e+07,(3.3+/-0.5)e+07,(3.5+/-0.5)e+07,(3.7+/-0.5)e+07,(3.9+/-0.6)e+07,(4.0+/-0.6)e+07,(4.2+/-0.6)e+07,(4.4+/-0.6)e+07,(4.6+/-0.7)e+07,(4.7+/-0.7)e+07,(4.9+/-0.7)e+07,(5.1+/-0.8)e+07,(5.3+/-0.8)e+07,(5.4+/-0.8)e+07,(5.6+/-0.8)e+07,(5.8+/-0.9)e+07,(6.0+/-0.9)e+07,(6.2+/-0.9)e+07,(6.3+/-0.9)e+07,(6.5+/-1.0)e+07,(6.7+/-1.0)e+07,(6.9+/-1.0)e+07,(7.0+/-1.0)e+07,(7.2+/-1.1)e+07,(7.4+/-1.1)e+07,(7.6+/-1.1)e+07,(7.7+/-1.1)e+07,(7.9+/-1.2)e+07,(8.1+/-1.2)e+07,(8.3+/-1.2)e+07,(8.4+/-1.2)e+07
Puerto Rico,98939,231442,0,0.0+/-0,0.0+/-0,0.0+/-0,0.0+/-0,0.0+/-0,0.0+/-0,0.0+/-0,0.0+/-0,0.0+/-0,0.0+/-0,0.0+/-0,0.0+/-0,0.0+/-0,0.0+/-0,0.0+/-0,0.0+/-0,0.0+/-0,0.0+/-0,0.0+/-0,0.0+/-0,0.0+/-0,0.0+/-0,0.0+/-0,0.0+/-0,0.0+/-0,0.0+/-0,0.0+/-0,0.0+/-0,0.0+/-0,0.0+/-0,0.0+/-0,0.0+/-0,0.0+/-0,0.0+/-0,0.0+/-0,0.0+/-0,0.0+/-0,0.0+/-0,0.0+/-0,0.0+/-0,0.0+/-0,0.0+/-0,0.0+/-0,0.0+/-0,0.0+/-0,0.0+/-0,0.0+/-0,0.0+/-0,0.0+/-0,0.0+/-0,0.0+/-0,0.0+/-0
North Korea,2397225,4765321,0,0.0+/-0,0.0+/-0,0.0+/-0,0.0+/-0,0.0+/-0,0.0+/-0,0.0+/-0,0.0+/-0,0.0+/-0,0.0+/-0,0.0+/-0,0.0+/-0,0.0+/-0,0.0+/-0,0.0+/-0,0.0+/-0,0.0+/-0,0.0+/-0,0.0+/-0,0.0+/-0,0.0+/-0,0.0+/-0,0.0+/-0,0.0+/-0,0.0+/-0,0.0+/-0,0.0+/-0,0.0+/-0,0.0+/-0,0.0+/-0,0.0+/-0,0.0+/-0,0.0+/-0,0.0+/-0,0.0+/-0,0.0+/-0,0.0+/-0,0.0+/-0,0.0+/-0,0.0+/-0,0.0+/-0,0.0+/-0,0.0+/-0,0.0+/-0,0.0+/-0,0.0+/-0,0.0+/-0,0.0+/-0,0.0+/-0,0.0+/-0,0.0+/-0,0.0+/-0
Portugal,466661,1180704,0,0,0,0,(5.0+/-0.7)e+05,(1.00+/-0.15)e+06,(1.50+/-0.22)e+06,(2.00+/-0.29)e+06,(2.5+/-0.4)e+06,(3.0+/-0.4)e+06,(3.5+/-0.5)e+06,(4.0+/-0.6)e+06,(4.5+/-0.7)e+06,(5.0+/-0.7)e+06,(5.5+/-0.8)e+06,(6.0+/-0.9)e+06,(6.5+/-1.0)e+06,(7.0+/-1.0)e+06,(7.5+/-1.1)e+06,(8.0+/-1.2)e+06,(8.5+/-1.3)e+06,(9.0+/-1.3)e+06,(9.5+/-1.4)e+06,(1.00+/-0.15)e+07,(1.05+/-0.15)e+07,(1.10+/-0.16)e+07,(1.15+/-0.17)e+07,(1.20+/-0.18)e+07,(1.25+/-0.18)e+07,(1.30+/-0.19)e+07,(1.35+/-0.20)e+07,(1.40+/-0.21)e+07,(1.45+/-0.21)e+07,(1.50+/-0.22)e+07,(1.55+/-0.23)e+07,(1.60+/-0.24)e+07,(1.65+/-0.24)e+07,(1.70+/-0.25)e+07,(1.75+/-0.26)e+07,(1.80+/-0.27)e+07,(1.85+/-0.27)e+07,(1.90+/-0.28)e+07,(1.95+/-0.29)e+07,(2.00+/-0.29)e+07,(2.05+/-0.30)e+07,(2.10+/-0.31)e+07,(2.15+/-0.32)e+07,(2.20+/-0.32)e+07,(2.25+/-0.33)e+07,(2.30+/-0.34)e+07,(2.35+/-0.35)e+07,(2.40+/-0.35)e+07,(2.5+/-0.4)e+07
Paraguay,395619,990098,0,0,0,0,0,0,0,0,(8.7+/-1.3)e+04,(1.73+/-0.25)e+05,(2.6+/-0.4)e+05,(3.5+/-0.5)e+05,(4.3+/-0.6)e+05,(5.2+/-0.8)e+05,(6.1+/-0.9)e+05,(6.9+/-1.0)e+05,(7.8+/-1.1)e+05,(8.7+/-1.3)e+05,(9.5+/-1.4)e+05,(1.04+/-0.15)e+06,(1.12+/-0.17)e+06,(1.21+/-0.18)e+06,(1.30+/-0.19)e+06,(1.38+/-0.20)e+06,(1.47+/-0.22)e+06,(1.56+/-0.23)e+06,(1.64+/-0.24)e+06,(1.73+/-0.25)e+06,(1.82+/-0.27)e+06,(1.90+/-0.28)e+06,(1.99+/-0.29)e+06,(2.08+/-0.31)e+06,(2.16+/-0.32)e+06,(2.25+/-0.33)e+06,(2.34+/-0.34)e+06,(2.4+/-0.4)e+06,(2.5+/-0.4)e+06,(2.6+/-0.4)e+06,(2.7+/-0.4)e+06,(2.8+/-0.4)e+06,(2.9+/-0.4)e+06,(2.9+/-0.4)e+06,(3.0+/-0.4)e+06,(3.1+/-0.5)e+06,(3.2+/-0.5)e+06,(3.3+/-0.5)e+06,(3.4+/-0.5)e+06,(3.5+/-0.5)e+06,(3.5+/-0.5)e+06,(3.6+/-0.5)e+06,(3.7+/-0.5)e+06,(3.8+/-0.6)e+06,(3.9+/-0.6)e+06
Palestine,0,0,0,0.0+/-0,0.0+/-0,0.0+/-0,0.0+/-0,0.0+/-0,0.0+/-0,0.0+/-0,0.0+/-0,0.0+/-0,0.0+/-0,0.0+/-0,0.0+/-0,0.0+/-0,0.0+/-0,0.0+/-0,0.0+/-0,0.0+/-0,0.0+/-0,0.0+/-0,0.0+/-0,0.0+/-0,0.0+/-0,0.0+/-0,0.0+/-0,0.0+/-0,0.0+/-0,0.0+/-0,0.0+/-0,0.0+/-0,0.0+/-0,0.0+/-0,0.0+/-0,0.0+/-0,0.0+/-0,0.0+/-0,0.0+/-0,0.0+/-0,0.0+/-0,0.0+/-0,0.0+/-0,0.0+/-0,0.0+/-0,0.0+/-0,0.0+/-0,0.0+/-0,0.0+/-0,0.0+/-0,0.0+/-0,0.0+/-0,0.0+/-0,0.0+/-0,0.0+/-0
French Polynesia,11111,25228,0,0.0+/-0,0.0+/-0,0.0+/-0,0.0+/-0,0.0+/-0,0.0+/-0,0.0+/-0,0.0+/-0,0.0+/-0,0.0+/-0,0.0+/-0,0.0+/-0,0.0+/-0,0.0+/-0,0.0+/-0,0.0+/-0,0.0+/-0,0.0+/-0,0.0+/-0,0.0+/-0,0.0+/-0,0.0+/-0,0.0+/-0,0.0+/-0,0.0+/-0,0.0+/-0,0.0+/-0,0.0+/-0,0.0+/-0,0.0+/-0,0.0+/-0,0.0+/-0,0.0+/-0,0.0+/-0,0.0+/-0,0.0+/-0,0.0+/-0,0.0+/-0,0.0+/-0,0.0+/-0,0.0+/-0,0.0+/-0,0.0+/-0,0.0+/-0,0.0+/-0,0.0+/-0,0.0+/-0,0.0+/-0,0.0+/-0,0.0+/-0,0.0+/-0,0.0+/-0
Qatar,148741,395212,0,0,0,0,0,(2.5+/-0.4)e+05,(4.9+/-0.7)e+05,(7.4+/-1.1)e+05,(9.9+/-1.5)e+05,(1.23+/-0.18)e+06,(1.48+/-0.22)e+06,(1.72+/-0.25)e+06,(1.97+/-0.29)e+06,(2.22+/-0.33)e+06,(2.5+/-0.4)e+06,(2.7+/-0.4)e+06,(3.0+/-0.4)e+06,(3.2+/-0.5)e+06,(3.4+/-0.5)e+06,(3.7+/-0.5)e+06,(3.9+/-0.6)e+06,(4.2+/-0.6)e+06,(4.4+/-0.7)e+06,(4.7+/-0.7)e+06,(4.9+/-0.7)e+06,(5.2+/-0.8)e+06,(5.4+/-0.8)e+06,(5.7+/-0.8)e+06,(5.9+/-0.9)e+06,(6.2+/-0.9)e+06,(6.4+/-0.9)e+06,(6.6+/-1.0)e+06,(6.9+/-1.0)e+06,(7.1+/-1.1)e+06,(7.4+/-1.1)e+06,(7.6+/-1.1)e+06,(7.9+/-1.2)e+06,(8.1+/-1.2)e+06,(8.4+/-1.2)e+06,(8.6+/-1.3)e+06,(8.9+/-1.3)e+06,(9.1+/-1.3)e+06,(9.4+/-1.4)e+06,(9.6+/-1.4)e+06,(9.9+/-1.5)e+06,(1.01+/-0.15)e+07,(1.03+/-0.15)e+07,(1.06+/-0.16)e+07,(1.08+/-0.16)e+07,(1.11+/-0.16)e+07,(1.13+/-0.17)e+07,(1.16+/-0.17)e+07,(1.18+/-0.17)e+07
Romania,970407,2033630,0,0,0,0,0,0,(5.4+/-0.8)e+05,(1.08+/-0.16)e+06,(1.62+/-0.24)e+06,(2.15+/-0.32)e+06,(2.7+/-0.4)e+06,(3.2+/-0.5)e+06,(3.8+/-0.6)e+06,(4.3+/-0.6)e+06,(4.8+/-0.7)e+06,(5.4+/-0.8)e+06,(5.9+/-0.9)e+06,(6.5+/-1.0)e+06,(7.0+/-1.0)e+06,(7.5+/-1.1)e+06,(8.1+/-1.2)e+06,(8.6+/-1.3)e+06,(9.2+/-1.3)e+06,(9.7+/-1.4)e+06,(1.02+/-0.15)e+07,(1.08+/-0.16)e+07,(1.13+/-0.17)e+07,(1.18+/-0.17)e+07,(1.24+/-0.18)e+07,(1.29+/-0.19)e+07,(1.35+/-0.20)e+07,(1.40+/-0.21)e+07,(1.45+/-0.21)e+07,(1.51+/-0.22)e+07,(1.56+/-0.23)e+07,(1.62+/-0.24)e+07,(1.67+/-0.25)e+07,(1.72+/-0.25)e+07,(1.78+/-0.26)e+07,(1.83+/-0.27)e+07,(1.88+/-0.28)e+07,(1.94+/-0.29)e+07,(1.99+/-0.29)e+07,(2.05+/-0.30)e+07,(2.10+/-0.31)e+07,(2.15+/-0.32)e+07,(2.21+/-0.33)e+07,(2.26+/-0.33)e+07,(2.32+/-0.34)e+07,(2.37+/-0.35)e+07,(2.4+/-0.4)e+07,(2.5+/-0.4)e+07,(2.5+/-0.4)e+07
Russia,7329959,15420169,0,0,0,0,0,0,(3.0+/-0.4)e+06,(6.1+/-0.9)e+06,(9.1+/-1.3)e+06,(1.22+/-0.18)e+07,(1.52+/-0.22)e+07,(1.82+/-0.27)e+07,(2.13+/-0.31)e+07,(2.4+/-0.4)e+07,(2.7+/-0.4)e+07,(3.0+/-0.4)e+07,(3.3+/-0.5)e+07,(3.6+/-0.5)e+07,(4.0+/-0.6)e+07,(4.3+/-0.6)e+07,(4.6+/-0.7)e+07,(4.9+/-0.7)e+07,(5.2+/-0.8)e+07,(5.5+/-0.8)e+07,(5.8+/-0.9)e+07,(6.1+/-0.9)e+07,(6.4+/-0.9)e+07,(6.7+/-1.0)e+07,(7.0+/-1.0)e+07,(7.3+/-1.1)e+07,(7.6+/-1.1)e+07,(7.9+/-1.2)e+07,(8.2+/-1.2)e+07,(8.5+/-1.3)e+07,(8.8+/-1.3)e+07,(9.1+/-1.3)e+07,(9.4+/-1.4)e+07,(9.7+/-1.4)e+07,(1.00+/-0.15)e+08,(1.03+/-0.15)e+08,(1.06+/-0.16)e+08,(1.09+/-0.16)e+08,(1.12+/-0.17)e+08,(1.15+/-0.17)e+08,(1.19+/-0.17)e+08,(1.22+/-0.18)e+08,(1.25+/-0.18)e+08,(1.28+/-0.19)e+08,(1.31+/-0.19)e+08,(1.34+/-0.20)e+08,(1.37+/-0.20)e+08,(1.40+/-0.21)e+08,(1.43+/-0.21)e+08
Rwanda,539820,1447426,0,0.0+/-0,0.0+/-0,0.0+/-0,0.0+/-0,0.0+/-0,0.0+/-0,0.0+/-0,0.0+/-0,0.0+/-0,0.0+/-0,0.0+/-0,0.0+/-0,0.0+/-0,0.0+/-0,0.0+/-0,0.0+/-0,0.0+/-0,0.0+/-0,0.0+/-0,0.0+/-0,0.0+/-0,0.0+/-0,0.0+/-0,0.0+/-0,0.0+/-0,0.0+/-0,0.0+/-0,0.0+/-0,0.0+/-0,0.0+/-0,0.0+/-0,0.0+/-0,0.0+/-0,0.0+/-0,0.0+/-0,0.0+/-0,0.0+/-0,0.0+/-0,0.0+/-0,0.0+/-0,0.0+/-0,0.0+/-0,0.0+/-0,0.0+/-0,0.0+/-0,0.0+/-0,0.0+/-0,0.0+/-0,0.0+/-0,0.0+/-0,0.0+/-0,0.0+/-0
Saudi Arabia,1206769,3206437,0,0,0,0,0,(2.15+/-0.32)e+06,(4.3+/-0.6)e+06,(6.5+/-0.9)e+06,(8.6+/-1.3)e+06,(1.08+/-0.16)e+07,(1.29+/-0.19)e+07,(1.51+/-0.22)e+07,(1.72+/-0.25)e+07,(1.94+/-0.28)e+07,(2.15+/-0.32)e+07,(2.37+/-0.35)e+07,(2.6+/-0.4)e+07,(2.8+/-0.4)e+07,(3.0+/-0.4)e+07,(3.2+/-0.5)e+07,(3.4+/-0.5)e+07,(3.7+/-0.5)e+07,(3.9+/-0.6)e+07,(4.1+/-0.6)e+07,(4.3+/-0.6)e+07,(4.5+/-0.7)e+07,(4.7+/-0.7)e+07,(4.9+/-0.7)e+07,(5.2+/-0.8)e+07,(5.4+/-0.8)e+07,(5.6+/-0.8)e+07,(5.8+/-0.9)e+07,(6.0+/-0.9)e+07,(6.2+/-0.9)e+07,(6.5+/-0.9)e+07,(6.7+/-1.0)e+07,(6.9+/-1.0)e+07,(7.1+/-1.0)e+07,(7.3+/-1.1)e+07,(7.5+/-1.1)e+07,(7.7+/-1.1)e+07,(8.0+/-1.2)e+07,(8.2+/-1.2)e+07,(8.4+/-1.2)e+07,(8.6+/-1.3)e+07,(8.8+/-1.3)e+07,(9.0+/-1.3)e+07,(9.2+/-1.4)e+07,(9.5+/-1.4)e+07,(9.7+/-1.4)e+07,(9.9+/-1.5)e+07,(1.01+/-0.15)e+08,(1.03+/-0.15)e+08
Sudan,1134699,3228939,0,0.0+/-0,0.0+/-0,0.0+/-0,0.0+/-0,0.0+/-0,0.0+/-0,0.0+/-0,0.0+/-0,0.0+/-0,0.0+/-0,0.0+/-0,0.0+/-0,0.0+/-0,0.0+/-0,0.0+/-0,0.0+/-0,0.0+/-0,0.0+/-0,0.0+/-0,0.0+/-0,0.0+/-0,0.0+/-0,0.0+/-0,0.0+/-0,0.0+/-0,0.0+/-0,0.0+/-0,0.0+/-0,0.0+/-0,0.0+/-0,0.0+/-0,0.0+/-0,0.0+/-0,0.0+/-0,0.0+/-0,0.0+/-0,0.0+/-0,0.0+/-0,0.0+/-0,0.0+/-0,0.0+/-0,0.0+/-0,0.0+/-0,0.0+/-0,0.0+/-0,0.0+/-0,0.0+/-0,0.0+/-0,0.0+/-0,0.0+/-0,0.0+/-0,0.0+/-0
Senegal,661803,1927494,0,0.0+/-0,0.0+/-0,0.0+/-0,0.0+/-0,0.0+/-0,0.0+/-0,0.0+/-0,0.0+/-0,0.0+/-0,0.0+/-0,0.0+/-0,0.0+/-0,0.0+/-0,0.0+/-0,0.0+/-0,0.0+/-0,0.0+/-0,0.0+/-0,0.0+/-0,0.0+/-0,0.0+/-0,0.0+/-0,0.0+/-0,0.0+/-0,0.0+/-0,0.0+/-0,0.0+/-0,0.0+/-0,0.0+/-0,0.0+/-0,0.0+/-0,0.0+/-0,0.0+/-0,0.0+/-0,0.0+/-0,0.0+/-0,0.0+/-0,0.0+/-0,0.0+/-0,0.0+/-0,0.0+/-0,0.0+/-0,0.0+/-0,0.0+/-0,0.0+/-0,0.0+/-0,0.0+/-0,0.0+/-0,0.0+/-0,0.0+/-0,0.0+/-0,0.0+/-0
Singapore,47289,120726,0,0,0,0,0,(1.16+/-0.17)e+06,(2.33+/-0.34)e+06,(3.5+/-0.5)e+06,(4.7+/-0.7)e+06,(5.8+/-0.9)e+06,(7.0+/-1.0)e+06,(8.2+/-1.2)e+06,(9.3+/-1.4)e+06,(1.05+/-0.15)e+07,(1.16+/-0.17)e+07,(1.28+/-0.19)e+07,(1.40+/-0.21)e+07,(1.51+/-0.22)e+07,(1.63+/-0.24)e+07,(1.75+/-0.26)e+07,(1.86+/-0.27)e+07,(1.98+/-0.29)e+07,(2.10+/-0.31)e+07,(2.21+/-0.33)e+07,(2.33+/-0.34)e+07,(2.4+/-0.4)e+07,(2.6+/-0.4)e+07,(2.7+/-0.4)e+07,(2.8+/-0.4)e+07,(2.9+/-0.4)e+07,(3.0+/-0.4)e+07,(3.1+/-0.5)e+07,(3.3+/-0.5)e+07,(3.4+/-0.5)e+07,(3.5+/-0.5)e+07,(3.6+/-0.5)e+07,(3.7+/-0.5)e+07,(3.8+/-0.6)e+07,(4.0+/-0.6)e+07,(4.1+/-0.6)e+07,(4.2+/-0.6)e+07,(4.3+/-0.6)e+07,(4.4+/-0.7)e+07,(4.5+/-0.7)e+07,(4.7+/-0.7)e+07,(4.8+/-0.7)e+07,(4.9+/-0.7)e+07,(5.0+/-0.7)e+07,(5.1+/-0.8)e+07,(5.2+/-0.8)e+07,(5.4+/-0.8)e+07,(5.5+/-0.8)e+07,(5.6+/-0.8)e+07
Solomon Islands,47626,103659,0,0.0+/-0,0.0+/-0,0.0+/-0,0.0+/-0,0.0+/-0,0.0+/-0,0.0+/-0,0.0+/-0,0.0+/-0,0.0+/-0,0.0+/-0,0.0+/-0,0.0+/-0,0.0+/-0,0.0+/-0,0.0+/-0,0.0+/-0,0.0+/-0,0.0+/-0,0.0+/-0,0.0+/-0,0.0+/-0,0.0+/-0,0.0+/-0,0.0+/-0,0.0+/-0,0.0+/-0,0.0+/-0,0.0+/-0,0.0+/-0,0.0+/-0,0.0+/-0,0.0+/-0,0.0+/-0,0.0+/-0,0.0+/-0,0.0+/-0,0.0+/-0,0.0+/-0,0.0+/-0,0.0+/-0,0.0+/-0,0.0+/-0,0.0+/-0,0.0+/-0,0.0+/-0,0.0+/-0,0.0+/-0,0.0+/-0,0.0+/-0,0.0+/-0,0.0+/-0
Sierra Leone,303372,862222,0,0.0+/-0,0.0+/-0,0.0+/-0,0.0+/-0,0.0+/-0,0.0+/-0,0.0+/-0,0.0+/-0,0.0+/-0,0.0+/-0,0.0+/-0,0.0+/-0,0.0+/-0,0.0+/-0,0.0+/-0,0.0+/-0,0.0+/-0,0.0+/-0,0.0+/-0,0.0+/-0,0.0+/-0,0.0+/-0,0.0+/-0,0.0+/-0,0.0+/-0,0.0+/-0,0.0+/-0,0.0+/-0,0.0+/-0,0.0+/-0,0.0+/-0,0.0+/-0,0.0+/-0,0.0+/-0,0.0+/-0,0.0+/-0,0.0+/-0,0.0+/-0,0.0+/-0,0.0+/-0,0.0+/-0,0.0+/-0,0.0+/-0,0.0+/-0,0.0+/-0,0.0+/-0,0.0+/-0,0.0+/-0,0.0+/-0,0.0+/-0,0.0+/-0,0.0+/-0
El Salvador,303202,912179,0,(4.5+/-0.7)e+04,(9.0+/-1.3)e+04,(1.35+/-0.20)e+05,(1.80+/-0.26)e+05,(2.25+/-0.33)e+05,(2.7+/-0.4)e+05,(3.1+/-0.5)e+05,(3.6+/-0.5)e+05,(4.0+/-0.6)e+05,(4.5+/-0.7)e+05,(4.9+/-0.7)e+05,(5.4+/-0.8)e+05,(5.8+/-0.9)e+05,(6.3+/-0.9)e+05,(6.7+/-1.0)e+05,(7.2+/-1.1)e+05,(7.6+/-1.1)e+05,(8.1+/-1.2)e+05,(8.5+/-1.3)e+05,(9.0+/-1.3)e+05,(9.4+/-1.4)e+05,(9.9+/-1.5)e+05,(1.03+/-0.15)e+06,(1.08+/-0.16)e+06,(1.12+/-0.17)e+06,(1.17+/-0.17)e+06,(1.21+/-0.18)e+06,(1.26+/-0.19)e+06,(1.30+/-0.19)e+06,(1.35+/-0.20)e+06,(1.39+/-0.20)e+06,(1.44+/-0.21)e+06,(1.48+/-0.22)e+06,(1.53+/-0.22)e+06,(1.57+/-0.23)e+06,(1.62+/-0.24)e+06,(1.66+/-0.24)e+06,(1.71+/-0.25)e+06,(1.75+/-0.26)e+06,(1.80+/-0.26)e+06,(1.84+/-0.27)e+06,(1.89+/-0.28)e+06,(1.93+/-0.28)e+06,(1.98+/-0.29)e+06,(2.02+/-0.30)e+06,(2.07+/-0.30)e+06,(2.11+/-0.31)e+06,(2.16+/-0.32)e+06,(2.20+/-0.32)e+06,(2.25+/-0.33)e+06,(2.29+/-0.34)e+06,(2.34+/-0.34)e+06
San Marino,1044,3139,0,0.0+/-0,0.0+/-0,0.0+/-0,0.0+/-0,0.0+/-0,0.0+/-0,0.0+/-0,0.0+/-0,0.0+/-0,0.0+/-0,0.0+/-0,0.0+/-0,0.0+/-0,0.0+/-0,0.0+/-0,0.0+/-0,0.0+/-0,0.0+/-0,0.0+/-0,0.0+/-0,0.0+/-0,0.0+/-0,0.0+/-0,0.0+/-0,0.0+/-0,0.0+/-0,0.0+/-0,0.0+/-0,0.0+/-0,0.0+/-0,0.0+/-0,0.0+/-0,0.0+/-0,0.0+/-0,0.0+/-0,0.0+/-0,0.0+/-0,0.0+/-0,0.0+/-0,0.0+/-0,0.0+/-0,0.0+/-0,0.0+/-0,0.0+/-0,0.0+/-0,0.0+/-0,0.0+/-0,0.0+/-0,0.0+/-0,0.0+/-0,0.0+/-0,0.0+/-0
Somalia,281663,676191,0,0.0+/-0,0.0+/-0,0.0+/-0,0.0+/-0,0.0+/-0,0.0+/-0,0.0+/-0,0.0+/-0,0.0+/-0,0.0+/-0,0.0+/-0,0.0+/-0,0.0+/-0,0.0+/-0,0.0+/-0,0.0+/-0,0.0+/-0,0.0+/-0,0.0+/-0,0.0+/-0,0.0+/-0,0.0+/-0,0.0+/-0,0.0+/-0,0.0+/-0,0.0+/-0,0.0+/-0,0.0+/-0,0.0+/-0,0.0+/-0,0.0+/-0,0.0+/-0,0.0+/-0,0.0+/-0,0.0+/-0,0.0+/-0,0.0+/-0,0.0+/-0,0.0+/-0,0.0+/-0,0.0+/-0,0.0+/-0,0.0+/-0,0.0+/-0,0.0+/-0,0.0+/-0,0.0+/-0,0.0+/-0,0.0+/-0,0.0+/-0,0.0+/-0,0.0+/-0
Serbia,355555,696769,0,(1.09+/-0.16)e+05,(2.18+/-0.32)e+05,(3.3+/-0.5)e+05,(4.4+/-0.6)e+05,(5.4+/-0.8)e+05,(6.5+/-1.0)e+05,(7.6+/-1.1)e+05,(8.7+/-1.3)e+05,(9.8+/-1.4)e+05,(1.09+/-0.16)e+06,(1.20+/-0.18)e+06,(1.31+/-0.19)e+06,(1.42+/-0.21)e+06,(1.52+/-0.22)e+06,(1.63+/-0.24)e+06,(1.74+/-0.26)e+06,(1.85+/-0.27)e+06,(1.96+/-0.29)e+06,(2.07+/-0.30)e+06,(2.18+/-0.32)e+06,(2.29+/-0.34)e+06,(2.40+/-0.35)e+06,(2.5+/-0.4)e+06,(2.6+/-0.4)e+06,(2.7+/-0.4)e+06,(2.8+/-0.4)e+06,(2.9+/-0.4)e+06,(3.0+/-0.4)e+06,(3.2+/-0.5)e+06,(3.3+/-0.5)e+06,(3.4+/-0.5)e+06,(3.5+/-0.5)e+06,(3.6+/-0.5)e+06,(3.7+/-0.5)e+06,(3.8+/-0.6)e+06,(3.9+/-0.6)e+06,(4.0+/-0.6)e+06,(4.1+/-0.6)e+06,(4.2+/-0.6)e+06,(4.4+/-0.6)e+06,(4.5+/-0.7)e+06,(4.6+/-0.7)e+06,(4.7+/-0.7)e+06,(4.8+/-0.7)e+06,(4.9+/-0.7)e+06,(5.0+/-0.7)e+06,(5.1+/-0.8)e+06,(5.2+/-0.8)e+06,(5.3+/-0.8)e+06,(5.4+/-0.8)e+06,(5.6+/-0.8)e+06,(5.7+/-0.8)e+06
South Sudan,466066,1344648,0,0.0+/-0,0.0+/-0,0.0+/-0,0.0+/-0,0.0+/-0,0.0+/-0,0.0+/-0,0.0+/-0,0.0+/-0,0.0+/-0,0.0+/-0,0.0+/-0,0.0+/-0,0.0+/-0,0.0+/-0,0.0+/-0,0.0+/-0,0.0+/-0,0.0+/-0,0.0+/-0,0.0+/-0,0.0+/-0,0.0+/-0,0.0+/-0,0.0+/-0,0.0+/-0,0.0+/-0,0.0+/-0,0.0+/-0,0.0+/-0,0.0+/-0,0.0+/-0,0.0+/-0,0.0+/-0,0.0+/-0,0.0+/-0,0.0+/-0,0.0+/-0,0.0+/-0,0.0+/-0,0.0+/-0,0.0+/-0,0.0+/-0,0.0+/-0,0.0+/-0,0.0+/-0,0.0+/-0,0.0+/-0,0.0+/-0,0.0+/-0,0.0+/-0,0.0+/-0
Sao Tome and Principe,3634,10716,0,0.0+/-0,0.0+/-0,0.0+/-0,0.0+/-0,0.0+/-0,0.0+/-0,0.0+/-0,0.0+/-0,0.0+/-0,0.0+/-0,0.0+/-0,0.0+/-0,0.0+/-0,0.0+/-0,0.0+/-0,0.0+/-0,0.0+/-0,0.0+/-0,0.0+/-0,0.0+/-0,0.0+/-0,0.0+/-0,0.0+/-0,0.0+/-0,0.0+/-0,0.0+/-0,0.0+/-0,0.0+/-0,0.0+/-0,0.0+/-0,0.0+/-0,0.0+/-0,0.0+/-0,0.0+/-0,0.0+/-0,0.0+/-0,0.0+/-0,0.0+/-0,0.0+/-0,0.0+/-0,0.0+/-0,0.0+/-0,0.0+/-0,0.0+/-0,0.0+/-0,0.0+/-0,0.0+/-0,0.0+/-0,0.0+/-0,0.0+/-0,0.0+/-0,0.0+/-0
Suriname,26262,61042,0,0,0,0,0,0,0,0,0.0+/-0,0.0+/-0,0.0+/-0,0.0+/-0,0.0+/-0,0.0+/-0,0.0+/-0,0.0+/-0,0.0+/-0,0.0+/-0,0.0+/-0,0.0+/-0,0.0+/-0,0.0+/-0,0.0+/-0,0.0+/-0,0.0+/-0,0.0+/-0,0.0+/-0,0.0+/-0,0.0+/-0,0.0+/-0,0.0+/-0,0.0+/-0,0.0+/-0,0.0+/-0,0.0+/-0,0.0+/-0,0.0+/-0,0.0+/-0,0.0+/-0,0.0+/-0,0.0+/-0,0.0+/-0,0.0+/-0,0.0+/-0,0.0+/-0,0.0+/-0,0.0+/-0,0.0+/-0,0.0+/-0,0.0+/-0,0.0+/-0,0.0+/-0,0.0+/-0
Slovakia,257541,589943,0,0,0,0,0,0,(3.5+/-0.5)e+05,(7.0+/-1.0)e+05,(1.05+/-0.16)e+06,(1.41+/-0.21)e+06,(1.76+/-0.26)e+06,(2.11+/-0.31)e+06,(2.5+/-0.4)e+06,(2.8+/-0.4)e+06,(3.2+/-0.5)e+06,(3.5+/-0.5)e+06,(3.9+/-0.6)e+06,(4.2+/-0.6)e+06,(4.6+/-0.7)e+06,(4.9+/-0.7)e+06,(5.3+/-0.8)e+06,(5.6+/-0.8)e+06,(6.0+/-0.9)e+06,(6.3+/-0.9)e+06,(6.7+/-1.0)e+06,(7.0+/-1.0)e+06,(7.4+/-1.1)e+06,(7.7+/-1.1)e+06,(8.1+/-1.2)e+06,(8.4+/-1.2)e+06,(8.8+/-1.3)e+06,(9.1+/-1.3)e+06,(9.5+/-1.4)e+06,(9.8+/-1.4)e+06,(1.02+/-0.15)e+07,(1.05+/-0.16)e+07,(1.09+/-0.16)e+07,(1.12+/-0.17)e+07,(1.16+/-0.17)e+07,(1.19+/-0.18)e+07,(1.23+/-0.18)e+07,(1.26+/-0.19)e+07,(1.30+/-0.19)e+07,(1.34+/-0.20)e+07,(1.37+/-0.20)e+07,(1.41+/-0.21)e+07,(1.44+/-0.21)e+07,(1.48+/-0.22)e+07,(1.51+/-0.22)e+07,(1.55+/-0.23)e+07,(1.58+/-0.23)e+07,(1.62+/-0.24)e+07,(1.65+/-0.24)e+07
Slovenia,92398,209737,0,(1.28+/-0.19)e+05,(2.6+/-0.4)e+05,(3.8+/-0.6)e+05,(5.1+/-0.8)e+05,(6.4+/-0.9)e+05,(7.7+/-1.1)e+05,(9.0+/-1.3)e+05,(1.02+/-0.15)e+06,(1.15+/-0.17)e+06,(1.28+/-0.19)e+06,(1.41+/-0.21)e+06,(1.54+/-0.23)e+06,(1.66+/-0.24)e+06,(1.79+/-0.26)e+06,(1.92+/-0.28)e+06,(2.05+/-0.30)e+06,(2.18+/-0.32)e+06,(2.30+/-0.34)e+06,(2.4+/-0.4)e+06,(2.6+/-0.4)e+06,(2.7+/-0.4)e+06,(2.8+/-0.4)e+06,(2.9+/-0.4)e+06,(3.1+/-0.5)e+06,(3.2+/-0.5)e+06,(3.3+/-0.5)e+06,(3.5+/-0.5)e+06,(3.6+/-0.5)e+06,(3.7+/-0.5)e+06,(3.8+/-0.6)e+06,(4.0+/-0.6)e+06,(4.1+/-0.6)e+06,(4.2+/-0.6)e+06,(4.4+/-0.6)e+06,(4.5+/-0.7)e+06,(4.6+/-0.7)e+06,(4.7+/-0.7)e+06,(4.9+/-0.7)e+06,(5.0+/-0.7)e+06,(5.1+/-0.8)e+06,(5.2+/-0.8)e+06,(5.4+/-0.8)e+06,(5.5+/-0.8)e+06,(5.6+/-0.8)e+06,(5.8+/-0.8)e+06,(5.9+/-0.9)e+06,(6.0+/-0.9)e+06,(6.1+/-0.9)e+06,(6.3+/-0.9)e+06,(6.4+/-0.9)e+06,(6.5+/-1.0)e+06,(6.7+/-1.0)e+06
Sweden,488229,1110674,0,0,(1.32+/-0.19)e+06,(2.6+/-0.4)e+06,(4.0+/-0.6)e+06,(5.3+/-0.8)e+06,(6.6+/-1.0)e+06,(7.9+/-1.2)e+06,(9.3+/-1.4)e+06,(1.06+/-0.16)e+07,(1.19+/-0.18)e+07,(1.32+/-0.19)e+07,(1.45+/-0.21)e+07,(1.59+/-0.23)e+07,(1.72+/-0.25)e+07,(1.85+/-0.27)e+07,(1.98+/-0.29)e+07,(2.12+/-0.31)e+07,(2.25+/-0.33)e+07,(2.38+/-0.35)e+07,(2.5+/-0.4)e+07,(2.6+/-0.4)e+07,(2.8+/-0.4)e+07,(2.9+/-0.4)e+07,(3.0+/-0.4)e+07,(3.2+/-0.5)e+07,(3.3+/-0.5)e+07,(3.4+/-0.5)e+07,(3.6+/-0.5)e+07,(3.7+/-0.5)e+07,(3.8+/-0.6)e+07,(4.0+/-0.6)e+07,(4.1+/-0.6)e+07,(4.2+/-0.6)e+07,(4.4+/-0.6)e+07,(4.5+/-0.7)e+07,(4.6+/-0.7)e+07,(4.8+/-0.7)e+07,(4.9+/-0.7)e+07,(5.0+/-0.7)e+07,(5.2+/-0.8)e+07,(5.3+/-0.8)e+07,(5.4+/-0.8)e+07,(5.6+/-0.8)e+07,(5.7+/-0.8)e+07,(5.8+/-0.9)e+07,(6.0+/-0.9)e+07,(6.1+/-0.9)e+07,(6.2+/-0.9)e+07,(6.3+/-0.9)e+07,(6.5+/-1.0)e+07,(6.6+/-1.0)e+07,(6.7+/-1.0)e+07
Eswatini,42532,111713,0,0.0+/-0,0.0+/-0,0.0+/-0,0.0+/-0,0.0+/-0,0.0+/-0,0.0+/-0,0.0+/-0,0.0+/-0,0.0+/-0,0.0+/-0,0.0+/-0,0.0+/-0,0.0+/-0,0.0+/-0,0.0+/-0,0.0+/-0,0.0+/-0,0.0+/-0,0.0+/-0,0.0+/-0,0.0+/-0,0.0+/-0,0.0+/-0,0.0+/-0,0.0+/-0,0.0+/-0,0.0+/-0,0.0+/-0,0.0+/-0,0.0+/-0,0.0+/-0,0.0+/-0,0.0+/-0,0.0+/-0,0.0+/-0,0.0+/-0,0.0+/-0,0.0+/-0,0.0+/-0,0.0+/-0,0.0+/-0,0.0+/-0,0.0+/-0,0.0+/-0,0.0+/-0,0.0+/-0,0.0+/-0,0.0+/-0,0.0+/-0,0.0+/-0,0.0+/-0
Sint Maarten,2654,5064,0,0.0+/-0,0.0+/-0,0.0+/-0,0.0+/-0,0.0+/-0,0.0+/-0,0.0+/-0,0.0+/-0,0.0+/-0,0.0+/-0,0.0+/-0,0.0+/-0,0.0+/-0,0.0+/-0,0.0+/-0,0.0+/-0,0.0+/-0,0.0+/-0,0.0+/-0,0.0+/-0,0.0+/-0,0.0+/-0,0.0+/-0,0.0+/-0,0.0+/-0,0.0+/-0,0.0+/-0,0.0+/-0,0.0+/-0,0.0+/-0,0.0+/-0,0.0+/-0,0.0+/-0,0.0+/-0,0.0+/-0,0.0+/-0,0.0+/-0,0.0+/-0,0.0+/-0,0.0+/-0,0.0+/-0,0.0+/-0,0.0+/-0,0.0+/-0,0.0+/-0,0.0+/-0,0.0+/-0,0.0+/-0,0.0+/-0,0.0+/-0,0.0+/-0,0.0+/-0
Seychelles,10459,23812,0,0.0+/-0,0.0+/-0,0.0+/-0,0.0+/-0,0.0+/-0,0.0+/-0,0.0+/-0,0.0+/-0,0.0+/-0,0.0+/-0,0.0+/-0,0.0+/-0,0.0+/-0,0.0+/-0,0.0+/-0,0.0+/-0,0.0+/-0,0.0+/-0,0.0+/-0,0.0+/-0,0.0+/-0,0.0+/-0,0.0+/-0,0.0+/-0,0.0+/-0,0.0+/-0,0.0+/-0,0.0+/-0,0.0+/-0,0.0+/-0,0.0+/-0,0.0+/-0,0.0+/-0,0.0+/-0,0.0+/-0,0.0+/-0,0.0+/-0,0.0+/-0,0.0+/-0,0.0+/-0,0.0+/-0,0.0+/-0,0.0+/-0,0.0+/-0,0.0+/-0,0.0+/-0,0.0+/-0,0.0+/-0,0.0+/-0,0.0+/-0,0.0+/-0,0.0+/-0
Syria,702201,1752718,0,0.0+/-0,0.0+/-0,0.0+/-0,0.0+/-0,0.0+/-0,0.0+/-0,0.0+/-0,0.0+/-0,0.0+/-0,0.0+/-0,0.0+/-0,0.0+/-0,0.0+/-0,0.0+/-0,0.0+/-0,0.0+/-0,0.0+/-0,0.0+/-0,0.0+/-0,0.0+/-0,0.0+/-0,0.0+/-0,0.0+/-0,0.0+/-0,0.0+/-0,0.0+/-0,0.0+/-0,0.0+/-0,0.0+/-0,0.0+/-0,0.0+/-0,0.0+/-0,0.0+/-0,0.0+/-0,0.0+/-0,0.0+/-0,0.0+/-0,0.0+/-0,0.0+/-0,0.0+/-0,0.0+/-0,0.0+/-0,0.0+/-0,0.0+/-0,0.0+/-0,0.0+/-0,0.0+/-0,0.0+/-0,0.0+/-0,0.0+/-0,0.0+/-0,0.0+/-0
Turks and Caicos Islands,0,0,0,0.0+/-0,0.0+/-0,0.0+/-0,0.0+/-0,0.0+/-0,0.0+/-0,0.0+/-0,0.0+/-0,0.0+/-0,0.0+/-0,0.0+/-0,0.0+/-0,0.0+/-0,0.0+/-0,0.0+/-0,0.0+/-0,0.0+/-0,0.0+/-0,0.0+/-0,0.0+/-0,0.0+/-0,0.0+/-0,0.0+/-0,0.0+/-0,0.0+/-0,0.0+/-0,0.0+/-0,0.0+/-0,0.0+/-0,0.0+/-0,0.0+/-0,0.0+/-0,0.0+/-0,0.0+/-0,0.0+/-0,0.0+/-0,0.0+/-0,0.0+/-0,0.0+/-0,0.0+/-0,0.0+/-0,0.0+/-0,0.0+/-0,0.0+/-0,0.0+/-0,0.0+/-0,0.0+/-0,0.0+/-0,0.0+/-0,0.0+/-0,0.0+/-0,0.0+/-0
Chad,599152,1849986,0,0.0+/-0,0.0+/-0,0.0+/-0,0.0+/-0,0.0+/-0,0.0+/-0,0.0+/-0,0.0+/-0,0.0+/-0,0.0+/-0,0.0+/-0,0.0+/-0,0.0+/-0,0.0+/-0,0.0+/-0,0.0+/-0,0.0+/-0,0.0+/-0,0.0+/-0,0.0+/-0,0.0+/-0,0.0+/-0,0.0+/-0,0.0+/-0,0.0+/-0,0.0+/-0,0.0+/-0,0.0+/-0,0.0+/-0,0.0+/-0,0.0+/-0,0.0+/-0,0.0+/-0,0.0+/-0,0.0+/-0,0.0+/-0,0.0+/-0,0.0+/-0,0.0+/-0,0.0+/-0,0.0+/-0,0.0+/-0,0.0+/-0,0.0+/-0,0.0+/-0,0.0+/-0,0.0+/-0,0.0+/-0,0.0+/-0,0.0+/-0,0.0+/-0,0.0+/-0
Togo,354347,1108730,0,0.0+/-0,0.0+/-0,0.0+/-0,0.0+/-0,0.0+/-0,0.0+/-0,0.0+/-0,0.0+/-0,0.0+/-0,0.0+/-0,0.0+/-0,0.0+/-0,0.0+/-0,0.0+/-0,0.0+/-0,0.0+/-0,0.0+/-0,0.0+/-0,0.0+/-0,0.0+/-0,0.0+/-0,0.0+/-0,0.0+/-0,0.0+/-0,0.0+/-0,0.0+/-0,0.0+/-0,0.0+/-0,0.0+/-0,0.0+/-0,0.0+/-0,0.0+/-0,0.0+/-0,0.0+/-0,0.0+/-0,0.0+/-0,0.0+/-0,0.0+/-0,0.0+/-0,0.0+/-0,0.0+/-0,0.0+/-0,0.0+/-0,0.0+/-0,0.0+/-0,0.0+/-0,0.0+/-0,0.0+/-0,0.0+/-0,0.0+/-0,0.0+/-0,0.0+/-0
Thailand,5780808,11945257,0,0,0,0,(1.82+/-0.27)e+06,(3.6+/-0.5)e+06,(5.5+/-0.8)e+06,(7.3+/-1.1)e+06,(9.1+/-1.3)e+06,(1.09+/-0.16)e+07,(1.27+/-0.19)e+07,(1.45+/-0.21)e+07,(1.64+/-0.24)e+07,(1.82+/-0.27)e+07,(2.00+/-0.29)e+07,(2.18+/-0.32)e+07,(2.36+/-0.35)e+07,(2.5+/-0.4)e+07,(2.7+/-0.4)e+07,(2.9+/-0.4)e+07,(3.1+/-0.5)e+07,(3.3+/-0.5)e+07,(3.5+/-0.5)e+07,(3.6+/-0.5)e+07,(3.8+/-0.6)e+07,(4.0+/-0.6)e+07,(4.2+/-0.6)e+07,(4.4+/-0.6)e+07,(4.5+/-0.7)e+07,(4.7+/-0.7)e+07,(4.9+/-0.7)e+07,(5.1+/-0.7)e+07,(5.3+/-0.8)e+07,(5.5+/-0.8)e+07,(5.6+/-0.8)e+07,(5.8+/-0.9)e+07,(6.0+/-0.9)e+07,(6.2+/-0.9)e+07,(6.4+/-0.9)e+07,(6.5+/-1.0)e+07,(6.7+/-1.0)e+07,(6.9+/-1.0)e+07,(7.1+/-1.0)e+07,(7.3+/-1.1)e+07,(7.5+/-1.1)e+07,(7.6+/-1.1)e+07,(7.8+/-1.2)e+07,(8.0+/-1.2)e+07,(8.2+/-1.2)e+07,(8.4+/-1.2)e+07,(8.5+/-1.3)e+07,(8.7+/-1.3)e+07,(8.9+/-1.3)e+07
Tajikistan,258092,625838,0,0,0,0,0,0,0,0,0.0+/-0,0.0+/-0,0.0+/-0,0.0+/-0,0.0+/-0,0.0+/-0,0.0+/-0,0.0+/-0,0.0+/-0,0.0+/-0,0.0+/-0,0.0+/-0,0.0+/-0,0.0+/-0,0.0+/-0,0.0+/-0,0.0+/-0,0.0+/-0,0.0+/-0,0.0+/-0,0.0+/-0,0.0+/-0,0.0+/-0,0.0+/-0,0.0+/-0,0.0+/-0,0.0+/-0,0.0+/-0,0.0+/-0,0.0+/-0,0.0+/-0,0.0+/-0,0.0+/-0,0.0+/-0,0.0+/-0,0.0+/-0,0.0+/-0,0.0+/-0,0.0+/-0,0.0+/-0,0.0+/-0,0.0+/-0,0.0+/-0,0.0+/-0,0.0+/-0
Turkmenistan,246202,466556,0,0,0,0,0,0,(3.6+/-0.5)e+04,(7.2+/-1.1)e+04,(1.09+/-0.16)e+05,(1.45+/-0.21)e+05,(1.81+/-0.27)e+05,(2.17+/-0.32)e+05,(2.5+/-0.4)e+05,(2.9+/-0.4)e+05,(3.3+/-0.5)e+05,(3.6+/-0.5)e+05,(4.0+/-0.6)e+05,(4.3+/-0.6)e+05,(4.7+/-0.7)e+05,(5.1+/-0.7)e+05,(5.4+/-0.8)e+05,(5.8+/-0.9)e+05,(6.1+/-0.9)e+05,(6.5+/-1.0)e+05,(6.9+/-1.0)e+05,(7.2+/-1.1)e+05,(7.6+/-1.1)e+05,(8.0+/-1.2)e+05,(8.3+/-1.2)e+05,(8.7+/-1.3)e+05,(9.0+/-1.3)e+05,(9.4+/-1.4)e+05,(9.8+/-1.4)e+05,(1.01+/-0.15)e+06,(1.05+/-0.15)e+06,(1.09+/-0.16)e+06,(1.12+/-0.17)e+06,(1.16+/-0.17)e+06,(1.19+/-0.18)e+06,(1.23+/-0.18)e+06,(1.27+/-0.19)e+06,(1.30+/-0.19)e+06,(1.34+/-0.20)e+06,(1.37+/-0.20)e+06,(1.41+/-0.21)e+06,(1.45+/-0.21)e+06,(1.48+/-0.22)e+06,(1.52+/-0.22)e+06,(1.56+/-0.23)e+06,(1.59+/-0.23)e+06,(1.63+/-0.24)e+06,(1.66+/-0.24)e+06,(1.70+/-0.25)e+06
Timor-Leste,65995,135910,0,0,0,0,0,0.0+/-0,0.0+/-0,0.0+/-0,0.0+/-0,0.0+/-0,0.0+/-0,0.0+/-0,0.0+/-0,0.0+/-0,0.0+/-0,0.0+/-0,0.0+/-0,0.0+/-0,0.0+/-0,0.0+/-0,0.0+/-0,0.0+/-0,0.0+/-0,0.0+/-0,0.0+/-0,0.0+/-0,0.0+/-0,0.0+/-0,0.0+/-0,0.0+/-0,0.0+/-0,0.0+/-0,0.0+/-0,0.0+/-0,0.0+/-0,0.0+/-0,0.0+/-0,0.0+/-0,0.0+/-0,0.0+/-0,0.0+/-0,0.0+/-0,0.0+/-0,0.0+/-0,0.0+/-0,0.0+/-0,0.0+/-0,0.0+/-0,0.0+/-0,0.0+/-0,0.0+/-0,0.0+/-0,0.0+/-0
Tonga,2571,6573,0,0.0+/-0,0.0+/-0,0.0+/-0,0.0+/-0,0.0+/-0,0.0+/-0,0.0+/-0,0.0+/-0,0.0+/-0,0.0+/-0,0.0+/-0,0.0+/-0,0.0+/-0,0.0+/-0,0.0+/-0,0.0+/-0,0.0+/-0,0.0+/-0,0.0+/-0,0.0+/-0,0.0+/-0,0.0+/-0,0.0+/-0,0.0+/-0,0.0+/-0,0.0+/-0,0.0+/-0,0.0+/-0,0.0+/-0,0.0+/-0,0.0+/-0,0.0+/-0,0.0+/-0,0.0+/-0,0.0+/-0,0.0+/-0,0.0+/-0,0.0+/-0,0.0+/-0,0.0+/-0,0.0+/-0,0.0+/-0,0.0+/-0,0.0+/-0,0.0+/-0,0.0+/-0,0.0+/-0,0.0+/-0,0.0+/-0,0.0+/-0,0.0+/-0,0.0+/-0
Trinidad and Tobago,38998,108609,0,0,0,0,0,0,0,0,(7.3+/-1.1)e+04,(1.46+/-0.22)e+05,(2.19+/-0.32)e+05,(2.9+/-0.4)e+05,(3.7+/-0.5)e+05,(4.4+/-0.6)e+05,(5.1+/-0.8)e+05,(5.8+/-0.9)e+05,(6.6+/-1.0)e+05,(7.3+/-1.1)e+05,(8.0+/-1.2)e+05,(8.8+/-1.3)e+05,(9.5+/-1.4)e+05,(1.02+/-0.15)e+06,(1.10+/-0.16)e+06,(1.17+/-0.17)e+06,(1.24+/-0.18)e+06,(1.32+/-0.19)e+06,(1.39+/-0.20)e+06,(1.46+/-0.22)e+06,(1.53+/-0.23)e+06,(1.61+/-0.24)e+06,(1.68+/-0.25)e+06,(1.75+/-0.26)e+06,(1.83+/-0.27)e+06,(1.90+/-0.28)e+06,(1.97+/-0.29)e+06,(2.05+/-0.30)e+06,(2.12+/-0.31)e+06,(2.19+/-0.32)e+06,(2.27+/-0.33)e+06,(2.34+/-0.34)e+06,(2.4+/-0.4)e+06,(2.5+/-0.4)e+06,(2.6+/-0.4)e+06,(2.6+/-0.4)e+06,(2.7+/-0.4)e+06,(2.8+/-0.4)e+06,(2.9+/-0.4)e+06,(2.9+/-0.4)e+06,(3.0+/-0.4)e+06,(3.1+/-0.5)e+06,(3.1+/-0.5)e+06,(3.2+/-0.5)e+06,(3.3+/-0.5)e+06
Tunisia,507490,1040573,0,0,0,0,0,0,0,(8.4+/-1.2)e+04,(1.67+/-0.25)e+05,(2.5+/-0.4)e+05,(3.3+/-0.5)e+05,(4.2+/-0.6)e+05,(5.0+/-0.7)e+05,(5.8+/-0.9)e+05,(6.7+/-1.0)e+05,(7.5+/-1.1)e+05,(8.4+/-1.2)e+05,(9.2+/-1.4)e+05,(1.00+/-0.15)e+06,(1.09+/-0.16)e+06,(1.17+/-0.17)e+06,(1.25+/-0.18)e+06,(1.34+/-0.20)e+06,(1.42+/-0.21)e+06,(1.50+/-0.22)e+06,(1.59+/-0.23)e+06,(1.67+/-0.25)e+06,(1.75+/-0.26)e+06,(1.84+/-0.27)e+06,(1.92+/-0.28)e+06,(2.01+/-0.30)e+06,(2.09+/-0.31)e+06,(2.17+/-0.32)e+06,(2.26+/-0.33)e+06,(2.34+/-0.34)e+06,(2.4+/-0.4)e+06,(2.5+/-0.4)e+06,(2.6+/-0.4)e+06,(2.7+/-0.4)e+06,(2.8+/-0.4)e+06,(2.8+/-0.4)e+06,(2.9+/-0.4)e+06,(3.0+/-0.4)e+06,(3.1+/-0.5)e+06,(3.2+/-0.5)e+06,(3.3+/-0.5)e+06,(3.3+/-0.5)e+06,(3.4+/-0.5)e+06,(3.5+/-0.5)e+06,(3.6+/-0.5)e+06,(3.7+/-0.5)e+06,(3.8+/-0.6)e+06,(3.8+/-0.6)e+06
Türkiye,4166398,9173902,0,0.0+/-0,0.0+/-0,0.0+/-0,0.0+/-0,0.0+/-0,0.0+/-0,0.0+/-0,0.0+/-0,0.0+/-0,0.0+/-0,0.0+/-0,0.0+/-0,0.0+/-0,0.0+/-0,0.0+/-0,0.0+/-0,0.0+/-0,0.0+/-0,0.0+/-0,0.0+/-0,0.0+/-0,0.0+/-0,0.0+/-0,0.0+/-0,0.0+/-0,0.0+/-0,0.0+/-0,0.0+/-0,0.0+/-0,0.0+/-0,0.0+/-0,0.0+/-0,0.0+/-0,0.0+/-0,0.0+/-0,0.0+/-0,0.0+/-0,0.0+/-0,0.0+/-0,0.0+/-0,0.0+/-0,0.0+/-0,0.0+/-0,0.0+/-0,0.0+/-0,0.0+/-0,0.0+/-0,0.0+/-0,0.0+/-0,0.0+/-0,0.0+/-0,0.0+/-0
Tuvalu,761,1568,0,0.0+/-0,0.0+/-0,0.0+/-0,0.0+/-0,0.0+/-0,0.0+/-0,0.0+/-0,0.0+/-0,0.0+/-0,0.0+/-0,0.0+/-0,0.0+/-0,0.0+/-0,0.0+/-0,0.0+/-0,0.0+/-0,0.0+/-0,0.0+/-0,0.0+/-0,0.0+/-0,0.0+/-0,0.0+/-0,0.0+/-0,0.0+/-0,0.0+/-0,0.0+/-0,0.0+/-0,0.0+/-0,0.0+/-0,0.0+/-0,0.0+/-0,0.0+/-0,0.0+/-0,0.0+/-0,0.0+/-0,0.0+/-0,0.0+/-0,0.0+/-0,0.0+/-0,0.0+/-0,0.0+/-0,0.0+/-0,0.0+/-0,0.0+/-0,0.0+/-0,0.0+/-0,0.0+/-0,0.0+/-0,0.0+/-0,0.0+/-0,0.0+/-0,0.0+/-0
Tanzania,7540315,9433518,0,0.0+/-0,0.0+/-0,0.0+/-0,0.0+/-0,0.0+/-0,0.0+/-0,0.0+/-0,0.0+/-0,0.0+/-0,0.0+/-0,0.0+/-0,0.0+/-0,0.0+/-0,0.0+/-0,0.0+/-0,0.0+/-0,0.0+/-0,0.0+/-0,0.0+/-0,0.0+/-0,0.0+/-0,0.0+/-0,0.0+/-0,0.0+/-0,0.0+/-0,0.0+/-0,0.0+/-0,0.0+/-0,0.0+/-0,0.0+/-0,0.0+/-0,0.0+/-0,0.0+/-0,0.0+/-0,0.0+/-0,0.0+/-0,0.0+/-0,0.0+/-0,0.0+/-0,0.0+/-0,0.0+/-0,0.0+/-0,0.0+/-0,0.0+/-0,0.0+/-0,0.0+/-0,0.0+/-0,0.0+/-0,0.0+/-0,0.0+/-0,0.0+/-0,0.0+/-0
Uganda,1791039,4099647,0,0.0+/-0,0.0+/-0,0.0+/-0,0.0+/-0,0.0+/-0,0.0+/-0,0.0+/-0,0.0+/-0,0.0+/-0,0.0+/-0,0.0+/-0,0.0+/-0,0.0+/-0,0.0+/-0,0.0+/-0,0.0+/-0,0.0+/-0,0.0+/-0,0.0+/-0,0.0+/-0,0.0+/-0,0.0+/-0,0.0+/-0,0.0+/-0,0.0+/-0,0.0+/-0,0.0+/-0,0.0+/-0,0.0+/-0,0.0+/-0,0.0+/-0,0.0+/-0,0.0+/-0,0.0+/-0,0.0+/-0,0.0+/-0,0.0+/-0,0.0+/-0,0.0+/-0,0.0+/-0,0.0+/-0,0.0+/-0,0.0+/-0,0.0+/-0,0.0+/-0,0.0+/-0,0.0+/-0,0.0+/-0,0.0+/-0,0.0+/-0,0.0+/-0,0.0+/-0
Ukraine,2283244,5142901,0,0,0,0,0,0,0,0,(1.61+/-0.24)e+05,(3.2+/-0.5)e+05,(4.8+/-0.7)e+05,(6.5+/-1.0)e+05,(8.1+/-1.2)e+05,(9.7+/-1.4)e+05,(1.13+/-0.17)e+06,(1.29+/-0.19)e+06,(1.45+/-0.21)e+06,(1.61+/-0.24)e+06,(1.78+/-0.26)e+06,(1.94+/-0.29)e+06,(2.10+/-0.31)e+06,(2.26+/-0.33)e+06,(2.4+/-0.4)e+06,(2.6+/-0.4)e+06,(2.7+/-0.4)e+06,(2.9+/-0.4)e+06,(3.1+/-0.5)e+06,(3.2+/-0.5)e+06,(3.4+/-0.5)e+06,(3.6+/-0.5)e+06,(3.7+/-0.5)e+06,(3.9+/-0.6)e+06,(4.0+/-0.6)e+06,(4.2+/-0.6)e+06,(4.4+/-0.6)e+06,(4.5+/-0.7)e+06,(4.7+/-0.7)e+06,(4.8+/-0.7)e+06,(5.0+/-0.7)e+06,(5.2+/-0.8)e+06,(5.3+/-0.8)e+06,(5.5+/-0.8)e+06,(5.7+/-0.8)e+06,(5.8+/-0.9)e+06,(6.0+/-0.9)e+06,(6.1+/-0.9)e+06,(6.3+/-0.9)e+06,(6.5+/-1.0)e+06,(6.6+/-1.0)e+06,(6.8+/-1.0)e+06,(6.9+/-1.0)e+06,(7.1+/-1.0)e+06,(7.3+/-1.1)e+06
Uruguay,166060,443160,0,0,0,0,0,0,0,(8.3+/-1.2)e+04,(1.67+/-0.25)e+05,(2.5+/-0.4)e+05,(3.3+/-0.5)e+05,(4.2+/-0.6)e+05,(5.0+/-0.7)e+05,(5.8+/-0.9)e+05,(6.7+/-1.0)e+05,(7.5+/-1.1)e+05,(8.3+/-1.2)e+05,(9.2+/-1.4)e+05,(1.00+/-0.15)e+06,(1.08+/-0.16)e+06,(1.17+/-0.17)e+06,(1.25+/-0.18)e+06,(1.33+/-0.20)e+06,(1.42+/-0.21)e+06,(1.50+/-0.22)e+06,(1.58+/-0.23)e+06,(1.67+/-0.25)e+06,(1.75+/-0.26)e+06,(1.84+/-0.27)e+06,(1.92+/-0.28)e+06,(2.00+/-0.29)e+06,(2.09+/-0.31)e+06,(2.17+/-0.32)e+06,(2.25+/-0.33)e+06,(2.34+/-0.34)e+06,(2.4+/-0.4)e+06,(2.5+/-0.4)e+06,(2.6+/-0.4)e+06,(2.7+/-0.4)e+06,(2.8+/-0.4)e+06,(2.8+/-0.4)e+06,(2.9+/-0.4)e+06,(3.0+/-0.4)e+06,(3.1+/-0.5)e+06,(3.2+/-0.5)e+06,(3.3+/-0.5)e+06,(3.3+/-0.5)e+06,(3.4+/-0.5)e+06,(3.5+/-0.5)e+06,(3.6+/-0.5)e+06,(3.7+/-0.5)e+06,(3.8+/-0.6)e+06,(3.8+/-0.6)e+06
United States,14875379,35171707,0,(3.1+/-0.5)e+07,(6.5+/-1.0)e+07,(1.00+/-0.15)e+08,(1.38+/-0.20)e+08,(1.78+/-0.26)e+08,(2.20+/-0.32)e+08,(2.6+/-0.4)e+08,(3.1+/-0.5)e+08,(3.5+/-0.5)e+08,(4.0+/-0.6)e+08,(4.4+/-0.7)e+08,(4.9+/-0.7)e+08,(5.3+/-0.8)e+08,(5.8+/-0.8)e+08,(6.2+/-0.9)e+08,(6.7+/-1.0)e+08,(7.1+/-1.0)e+08,(7.5+/-1.1)e+08,(8.0+/-1.2)e+08,(8.4+/-1.2)e+08,(8.9+/-1.3)e+08,(9.3+/-1.4)e+08,(9.8+/-1.4)e+08,(1.02+/-0.15)e+09,(1.07+/-0.16)e+09,(1.11+/-0.16)e+09,(1.16+/-0.17)e+09,(1.20+/-0.18)e+09,(1.24+/-0.18)e+09,(1.29+/-0.19)e+09,(1.33+/-0.20)e+09,(1.38+/-0.20)e+09,(1.42+/-0.21)e+09,(1.47+/-0.22)e+09,(1.51+/-0.22)e+09,(1.56+/-0.23)e+09,(1.60+/-0.24)e+09,(1.65+/-0.24)e+09,(1.69+/-0.25)e+09,(1.73+/-0.26)e+09,(1.78+/-0.26)e+09,(1.82+/-0.27)e+09,(1.87+/-0.27)e+09,(1.91+/-0.28)e+09,(1.96+/-0.29)e+09,(2.00+/-0.29)e+09,(2.05+/-0.30)e+09,(2.09+/-0.31)e+09,(2.13+/-0.31)e+09,(2.18+/-0.32)e+09,(2.22+/-0.33)e+09,(2.27+/-0.33)e+09
Uzbekistan,1513290,3015363,0,0,0,0,0,0,0,(2.19+/-0.32)e+05,(4.4+/-0.6)e+05,(6.6+/-1.0)e+05,(8.8+/-1.3)e+05,(1.09+/-0.16)e+06,(1.31+/-0.19)e+06,(1.53+/-0.23)e+06,(1.75+/-0.26)e+06,(1.97+/-0.29)e+06,(2.19+/-0.32)e+06,(2.41+/-0.35)e+06,(2.6+/-0.4)e+06,(2.8+/-0.4)e+06,(3.1+/-0.5)e+06,(3.3+/-0.5)e+06,(3.5+/-0.5)e+06,(3.7+/-0.5)e+06,(3.9+/-0.6)e+06,(4.2+/-0.6)e+06,(4.4+/-0.6)e+06,(4.6+/-0.7)e+06,(4.8+/-0.7)e+06,(5.0+/-0.7)e+06,(5.3+/-0.8)e+06,(5.5+/-0.8)e+06,(5.7+/-0.8)e+06,(5.9+/-0.9)e+06,(6.1+/-0.9)e+06,(6.3+/-0.9)e+06,(6.6+/-1.0)e+06,(6.8+/-1.0)e+06,(7.0+/-1.0)e+06,(7.2+/-1.1)e+06,(7.4+/-1.1)e+06,(7.7+/-1.1)e+06,(7.9+/-1.2)e+06,(8.1+/-1.2)e+06,(8.3+/-1.2)e+06,(8.5+/-1.3)e+06,(8.8+/-1.3)e+06,(9.0+/-1.3)e+06,(9.2+/-1.4)e+06,(9.4+/-1.4)e+06,(9.6+/-1.4)e+06,(9.9+/-1.5)e+06,(1.01+/-0.15)e+07
St. Vincent and the Grenadines,7267,10513,0,0.0+/-0,0.0+/-0,0.0+/-0,0.0+/-0,0.0+/-0,0.0+/-0,0.0+/-0,0.0+/-0,0.0+/-0,0.0+/-0,0.0+/-0,0.0+/-0,0.0+/-0,0.0+/-0,0.0+/-0,0.0+/-0,0.0+/-0,0.0+/-0,0.0+/-0,0.0+/-0,0.0+/-0,0.0+/-0,0.0+/-0,0.0+/-0,0.0+/-0,0.0+/-0,0.0+/-0,0.0+/-0,0.0+/-0,0.0+/-0,0.0+/-0,0.0+/-0,0.0+/-0,0.0+/-0,0.0+/-0,0.0+/-0,0.0+/-0,0.0+/-0,0.0+/-0,0.0+/-0,0.0+/-0,0.0+/-0,0.0+/-0,0.0+/-0,0.0+/-0,0.0+/-0,0.0+/-0,0.0+/-0,0.0+/-0,0.0+/-0,0.0+/-0,0.0+/-0
Venezuela,1204305,3030983,0,0.0+/-0,0.0+/-0,0.0+/-0,0.0+/-0,0.0+/-0,0.0+/-0,0.0+/-0,0.0+/-0,0.0+/-0,0.0+/-0,0.0+/-0,0.0+/-0,0.0+/-0,0.0+/-0,0.0+/-0,0.0+/-0,0.0+/-0,0.0+/-0,0.0+/-0,0.0+/-0,0.0+/-0,0.0+/-0,0.0+/-0,0.0+/-0,0.0+/-0,0.0+/-0,0.0+/-0,0.0+/-0,0.0+/-0,0.0+/-0,0.0+/-0,0.0+/-0,0.0+/-0,0.0+/-0,0.0+/-0,0.0+/-0,0.0+/-0,0.0+/-0,0.0+/-0,0.0+/-0,0.0+/-0,0.0+/-0,0.0+/-0,0.0+/-0,0.0+/-0,0.0+/-0,0.0+/-0,0.0+/-0,0.0+/-0,0.0+/-0,0.0+/-0,0.0+/-0
British Virgin Islands,2241,4984,0,0.0+/-0,0.0+/-0,0.0+/-0,0.0+/-0,0.0+/-0,0.0+/-0,0.0+/-0,0.0+/-0,0.0+/-0,0.0+/-0,0.0+/-0,0.0+/-0,0.0+/-0,0.0+/-0,0.0+/-0,0.0+/-0,0.0+/-0,0.0+/-0,0.0+/-0,0.0+/-0,0.0+/-0,0.0+/-0,0.0+/-0,0.0+/-0,0.0+/-0,0.0+/-0,0.0+/-0,0.0+/-0,0.0+/-0,0.0+/-0,0.0+/-0,0.0+/-0,0.0+/-0,0.0+/-0,0.0+/-0,0.0+/-0,0.0+/-0,0.0+/-0,0.0+/-0,0.0+/-0,0.0+/-0,0.0+/-0,0.0+/-0,0.0+/-0,0.0+/-0,0.0+/-0,0.0+/-0,0.0+/-0,0.0+/-0,0.0+/-0,0.0+/-0,0.0+/-0
United States Virgin Islands,4808,10693,0,0.0+/-0,0.0+/-0,0.0+/-0,0.0+/-0,0.0+/-0,0.0+/-0,0.0+/-0,0.0+/-0,0.0+/-0,0.0+/-0,0.0+/-0,0.0+/-0,0.0+/-0,0.0+/-0,0.0+/-0,0.0+/-0,0.0+/-0,0.0+/-0,0.0+/-0,0.0+/-0,0.0+/-0,0.0+/-0,0.0+/-0,0.0+/-0,0.0+/-0,0.0+/-0,0.0+/-0,0.0+/-0,0.0+/-0,0.0+/-0,0.0+/-0,0.0+/-0,0.0+/-0,0.0+/-0,0.0+/-0,0.0+/-0,0.0+/-0,0.0+/-0,0.0+/-0,0.0+/-0,0.0+/-0,0.0+/-0,0.0+/-0,0.0+/-0,0.0+/-0,0.0+/-0,0.0+/-0,0.0+/-0,0.0+/-0,0.0+/-0,0.0+/-0,0.0+/-0
Vietnam,6133712,14432256,0,0,0,0,0,0,(1.28+/-0.19)e+06,(2.6+/-0.4)e+06,(3.8+/-0.6)e+06,(5.1+/-0.8)e+06,(6.4+/-0.9)e+06,(7.7+/-1.1)e+06,(8.9+/-1.3)e+06,(1.02+/-0.15)e+07,(1.15+/-0.17)e+07,(1.28+/-0.19)e+07,(1.40+/-0.21)e+07,(1.53+/-0.23)e+07,(1.66+/-0.24)e+07,(1.79+/-0.26)e+07,(1.91+/-0.28)e+07,(2.04+/-0.30)e+07,(2.17+/-0.32)e+07,(2.30+/-0.34)e+07,(2.4+/-0.4)e+07,(2.6+/-0.4)e+07,(2.7+/-0.4)e+07,(2.8+/-0.4)e+07,(2.9+/-0.4)e+07,(3.1+/-0.5)e+07,(3.2+/-0.5)e+07,(3.3+/-0.5)e+07,(3.4+/-0.5)e+07,(3.6+/-0.5)e+07,(3.7+/-0.5)e+07,(3.8+/-0.6)e+07,(4.0+/-0.6)e+07,(4.1+/-0.6)e+07,(4.2+/-0.6)e+07,(4.3+/-0.6)e+07,(4.5+/-0.7)e+07,(4.6+/-0.7)e+07,(4.7+/-0.7)e+07,(4.8+/-0.7)e+07,(5.0+/-0.7)e+07,(5.1+/-0.8)e+07,(5.2+/-0.8)e+07,(5.4+/-0.8)e+07,(5.5+/-0.8)e+07,(5.6+/-0.8)e+07,(5.7+/-0.8)e+07,(5.9+/-0.9)e+07,(6.0+/-0.9)e+07
Vanuatu,12036,24404,0,0.0+/-0,0.0+/-0,0.0+/-0,0.0+/-0,0.0+/-0,0.0+/-0,0.0+/-0,0.0+/-0,0.0+/-0,0.0+/-0,0.0+/-0,0.0+/-0,0.0+/-0,0.0+/-0,0.0+/-0,0.0+/-0,0.0+/-0,0.0+/-0,0.0+/-0,0.0+/-0,0.0+/-0,0.0+/-0,0.0+/-0,0.0+/-0,0.0+/-0,0.0+/-0,0.0+/-0,0.0+/-0,0.0+/-0,0.0+/-0,0.0+/-0,0.0+/-0,0.0+/-0,0.0+/-0,0.0+/-0,0.0+/-0,0.0+/-0,0.0+/-0,0.0+/-0,0.0+/-0,0.0+/-0,0.0+/-0,0.0+/-0,0.0+/-0,0.0+/-0,0.0+/-0,0.0+/-0,0.0+/-0,0.0+/-0,0.0+/-0,0.0+/-0,0.0+/-0
Samoa,5341,12126,0,0.0+/-0,0.0+/-0,0.0+/-0,0.0+/-0,0.0+/-0,0.0+/-0,0.0+/-0,0.0+/-0,0.0+/-0,0.0+/-0,0.0+/-0,0.0+/-0,0.0+/-0,0.0+/-0,0.0+/-0,0.0+/-0,0.0+/-0,0.0+/-0,0.0+/-0,0.0+/-0,0.0+/-0,0.0+/-0,0.0+/-0,0.0+/-0,0.0+/-0,0.0+/-0,0.0+/-0,0.0+/-0,0.0+/-0,0.0+/-0,0.0+/-0,0.0+/-0,0.0+/-0,0.0+/-0,0.0+/-0,0.0+/-0,0.0+/-0,0.0+/-0,0.0+/-0,0.0+/-0,0.0+/-0,0.0+/-0,0.0+/-0,0.0+/-0,0.0+/-0,0.0+/-0,0.0+/-0,0.0+/-0,0.0+/-0,0.0+/-0,0.0+/-0,0.0+/-0
Kosovo,39632,119820,0,0.0+/-0,0.0+/-0,0.0+/-0,0.0+/-0,0.0+/-0,0.0+/-0,0.0+/-0,0.0+/-0,0.0+/-0,0.0+/-0,0.0+/-0,0.0+/-0,0.0+/-0,0.0+/-0,0.0+/-0,0.0+/-0,0.0+/-0,0.0+/-0,0.0+/-0,0.0+/-0,0.0+/-0,0.0+/-0,0.0+/-0,0.0+/-0,0.0+/-0,0.0+/-0,0.0+/-0,0.0+/-0,0.0+/-0,0.0+/-0,0.0+/-0,0.0+/-0,0.0+/-0,0.0+/-0,0.0+/-0,0.0+/-0,0.0+/-0,0.0+/-0,0.0+/-0,0.0+/-0,0.0+/-0,0.0+/-0,0.0+/-0,0.0+/-0,0.0+/-0,0.0+/-0,0.0+/-0,0.0+/-0,0.0+/-0,0.0+/-0,0.0+/-0,0.0+/-0
Yemen,660210,1719841,0,0.0+/-0,0.0+/-0,0.0+/-0,0.0+/-0,0.0+/-0,0.0+/-0,0.0+/-0,0.0+/-0,0.0+/-0,0.0+/-0,0.0+/-0,0.0+/-0,0.0+/-0,0.0+/-0,0.0+/-0,0.0+/-0,0.0+/-0,0.0+/-0,0.0+/-0,0.0+/-0,0.0+/-0,0.0+/-0,0.0+/-0,0.0+/-0,0.0+/-0,0.0+/-0,0.0+/-0,0.0+/-0,0.0+/-0,0.0+/-0,0.0+/-0,0.0+/-0,0.0+/-0,0.0+/-0,0.0+/-0,0.0+/-0,0.0+/-0,0.0+/-0,0.0+/-0,0.0+/-0,0.0+/-0,0.0+/-0,0.0+/-0,0.0+/-0,0.0+/-0,0.0+/-0,0.0+/-0,0.0+/-0,0.0+/-0,0.0+/-0,0.0+/-0,0.0+/-0
South Africa,1719256,4888429,0,0,0,0,(6.9+/-1.0)e+05,(1.38+/-0.20)e+06,(2.06+/-0.30)e+06,(2.8+/-0.4)e+06,(3.4+/-0.5)e+06,(4.1+/-0.6)e+06,(4.8+/-0.7)e+06,(5.5+/-0.8)e+06,(6.2+/-0.9)e+06,(6.9+/-1.0)e+06,(7.6+/-1.1)e+06,(8.3+/-1.2)e+06,(8.9+/-1.3)e+06,(9.6+/-1.4)e+06,(1.03+/-0.15)e+07,(1.10+/-0.16)e+07,(1.17+/-0.17)e+07,(1.24+/-0.18)e+07,(1.31+/-0.19)e+07,(1.38+/-0.20)e+07,(1.44+/-0.21)e+07,(1.51+/-0.22)e+07,(1.58+/-0.23)e+07,(1.65+/-0.24)e+07,(1.72+/-0.25)e+07,(1.79+/-0.26)e+07,(1.86+/-0.27)e+07,(1.93+/-0.28)e+07,(2.00+/-0.29)e+07,(2.06+/-0.30)e+07,(2.13+/-0.31)e+07,(2.20+/-0.32)e+07,(2.27+/-0.33)e+07,(2.34+/-0.34)e+07,(2.41+/-0.35)e+07,(2.5+/-0.4)e+07,(2.5+/-0.4)e+07,(2.6+/-0.4)e+07,(2.7+/-0.4)e+07,(2.8+/-0.4)e+07,(2.8+/-0.4)e+07,(2.9+/-0.4)e+07,(3.0+/-0.4)e+07,(3.0+/-0.4)e+07,(3.1+/-0.5)e+07,(3.2+/-0.5)e+07,(3.2+/-0.5)e+07,(3.3+/-0.5)e+07,(3.4+/-0.5)e+07
Zambia,375049,1184594,0,0.0+/-0,0.0+/-0,0.0+/-0,0.0+/-0,0.0+/-0,0.0+/-0,0.0+/-0,0.0+/-0,0.0+/-0,0.0+/-0,0.0+/-0,0.0+/-0,0.0+/-0,0.0+/-0,0.0+/-0,0.0+/-0,0.0+/-0,0.0+/-0,0.0+/-0,0.0+/-0,0.0+/-0,0.0+/-0,0.0+/-0,0.0+/-0,0.0+/-0,0.0+/-0,0.0+/-0,0.0+/-0,0.0+/-0,0.0+/-0,0.0+/-0,0.0+/-0,0.0+/-0,0.0+/-0,0.0+/-0,0.0+/-0,0.0+/-0,0.0+/-0,0.0+/-0,0.0+/-0,0.0+/-0,0.0+/-0,0.0+/-0,0.0+/-0,0.0+/-0,0.0+/-0,0.0+/-0,0.0+/-0,0.0+/-0,0.0+/-0,0.0+/-0,0.0+/-0
Zimbabwe,387577,1055573,0,0.0+/-0,0.0+/-0,0.0+/-0,0.0+/-0,0.0+/-0,0.0+/-0,0.0+/-0,0.0+/-0,0.0+/-0,0.0+/-0,0.0+/-0,0.0+/-0,0.0+/-0,0.0+/-0,0.0+/-0,0.0+/-0,0.0+/-0,0.0+/-0,0.0+/-0,0.0+/-0,0.0+/-0,0.0+/-0,0.0+/-0,0.0+/-0,0.0+/-0,0.0+/-0,0.0+/-0,0.0+/-0,0.0+/-0,0.0+/-0,0.0+/-0,0.0+/-0,0.0+/-0,0.0+/-0,0.0+/-0,0.0+/-0,0.0+/-0,0.0+/-0,0.0+/-0,0.0+/-0,0.0+/-0,0.0+/-0,0.0+/-0,0.0+/-0,0.0+/-0,0.0+/-0,0.0+/-0,0.0+/-0,0.0+/-0,0.0+/-0,0.0+/-0,0.0+/-0
Australia and New Zealand,1514445,3707037,0,0,0,0,(1.30+/-0.19)e+06,(2.9+/-0.4)e+06,(4.5+/-0.6)e+06,(6.1+/-0.8)e+06,(7.7+/-1.0)e+06,(9.3+/-1.2)e+06,(1.09+/-0.14)e+07,(1.25+/-0.16)e+07,(1.41+/-0.18)e+07,(1.58+/-0.20)e+07,(1.74+/-0.22)e+07,(1.90+/-0.24)e+07,(2.06+/-0.25)e+07,(2.22+/-0.27)e+07,(2.38+/-0.29)e+07,(2.54+/-0.31)e+07,(2.70+/-0.33)e+07,(2.86+/-0.35)e+07,(3.0+/-0.4)e+07,(3.2+/-0.4)e+07,(3.3+/-0.4)e+07,(3.5+/-0.4)e+07,(3.7+/-0.5)e+07,(3.8+/-0.5)e+07,(4.0+/-0.5)e+07,(4.1+/-0.5)e+07,(4.3+/-0.5)e+07,(4.5+/-0.5)e+07,(4.6+/-0.6)e+07,(4.8+/-0.6)e+07,(4.9+/-0.6)e+07,(5.1+/-0.6)e+07,(5.3+/-0.6)e+07,(5.4+/-0.7)e+07,(5.6+/-0.7)e+07,(5.8+/-0.7)e+07,(5.9+/-0.7)e+07,(6.1+/-0.7)e+07,(6.2+/-0.8)e+07,(6.4+/-0.8)e+07,(6.6+/-0.8)e+07,(6.7+/-0.8)e+07,(6.9+/-0.8)e+07,(7.0+/-0.9)e+07,(7.2+/-0.9)e+07,(7.4+/-0.9)e+07,(7.5+/-0.9)e+07,(7.7+/-0.9)e+07,(7.8+/-1.0)e+07
Caribbean,1632863,4585422,0,(2.81+/-0.30)e+05,(5.6+/-0.6)e+05,(8.4+/-0.9)e+05,(1.12+/-0.12)e+06,(1.40+/-0.15)e+06,(1.69+/-0.18)e+06,(1.97+/-0.21)e+06,(2.32+/-0.24)e+06,(2.67+/-0.27)e+06,(3.03+/-0.30)e+06,(3.38+/-0.33)e+06,(3.7+/-0.4)e+06,(4.1+/-0.4)e+06,(4.4+/-0.4)e+06,(4.8+/-0.5)e+06,(5.2+/-0.5)e+06,(5.5+/-0.5)e+06,(5.9+/-0.5)e+06,(6.2+/-0.6)e+06,(6.6+/-0.6)e+06,(6.9+/-0.6)e+06,(7.3+/-0.7)e+06,(7.6+/-0.7)e+06,(8.0+/-0.7)e+06,(8.3+/-0.8)e+06,(8.7+/-0.8)e+06,(9.0+/-0.8)e+06,(9.4+/-0.9)e+06,(9.8+/-0.9)e+06,(1.01+/-0.09)e+07,(1.05+/-0.10)e+07,(1.08+/-0.10)e+07,(1.12+/-0.10)e+07,(1.15+/-0.11)e+07,(1.19+/-0.11)e+07,(1.22+/-0.11)e+07,(1.26+/-0.11)e+07,(1.29+/-0.12)e+07,(1.33+/-0.12)e+07,(1.36+/-0.12)e+07,(1.40+/-0.13)e+07,(1.44+/-0.13)e+07,(1.47+/-0.13)e+07,(1.51+/-0.14)e+07,(1.54+/-0.14)e+07,(1.58+/-0.14)e+07,(1.61+/-0.15)e+07,(1.65+/-0.15)e+07,(1.68+/-0.15)e+07,(1.72+/-0.16)e+07,(1.75+/-0.16)e+07,(1.79+/-0.16)e+07
Central America,7431680,22644736,0,(9.1+/-0.9)e+04,(1.82+/-0.19)e+05,(2.73+/-0.28)e+05,(5.4+/-0.7)e+06,(1.06+/-0.15)e+07,(1.57+/-0.22)e+07,(2.10+/-0.30)e+07,(2.7+/-0.4)e+07,(3.2+/-0.4)e+07,(3.7+/-0.5)e+07,(4.3+/-0.6)e+07,(4.8+/-0.7)e+07,(5.4+/-0.7)e+07,(5.9+/-0.8)e+07,(6.5+/-0.9)e+07,(7.0+/-1.0)e+07,(7.6+/-1.0)e+07,(8.1+/-1.1)e+07,(8.7+/-1.2)e+07,(9.2+/-1.3)e+07,(9.8+/-1.3)e+07,(1.03+/-0.14)e+08,(1.09+/-0.15)e+08,(1.14+/-0.16)e+08,(1.20+/-0.16)e+08,(1.25+/-0.17)e+08,(1.31+/-0.18)e+08,(1.36+/-0.19)e+08,(1.42+/-0.19)e+08,(1.47+/-0.20)e+08,(1.53+/-0.21)e+08,(1.58+/-0.22)e+08,(1.64+/-0.22)e+08,(1.69+/-0.23)e+08,(1.75+/-0.24)e+08,(1.80+/-0.25)e+08,(1.85+/-0.25)e+08,(1.91+/-0.26)e+08,(1.96+/-0.27)e+08,(2.02+/-0.28)e+08,(2.07+/-0.28)e+08,(2.13+/-0.29)e+08,(2.18+/-0.30)e+08,(2.24+/-0.31)e+08,(2.29+/-0.31)e+08,(2.35+/-0.32)e+08,(2.40+/-0.33)e+08,(2.46+/-0.33)e+08,(2.51+/-0.34)e+08,(2.57+/-0.35)e+08,(2.6+/-0.4)e+08,(2.7+/-0.4)e+08
Central Asia,3448788,6921160,0,0,0,0,0,(4.3+/-0.6)e+05,(8.9+/-1.3)e+05,(1.58+/-0.19)e+06,(2.26+/-0.26)e+06,(2.94+/-0.33)e+06,(3.6+/-0.4)e+06,(4.3+/-0.5)e+06,(5.0+/-0.5)e+06,(5.7+/-0.6)e+06,(6.4+/-0.7)e+06,(7.0+/-0.8)e+06,(7.7+/-0.8)e+06,(8.4+/-0.9)e+06,(9.1+/-1.0)e+06,(9.8+/-1.0)e+06,(1.05+/-0.11)e+07,(1.11+/-0.12)e+07,(1.18+/-0.12)e+07,(1.25+/-0.13)e+07,(1.32+/-0.14)e+07,(1.39+/-0.15)e+07,(1.46+/-0.15)e+07,(1.52+/-0.16)e+07,(1.59+/-0.17)e+07,(1.66+/-0.17)e+07,(1.73+/-0.18)e+07,(1.80+/-0.19)e+07,(1.87+/-0.20)e+07,(1.93+/-0.20)e+07,(2.00+/-0.21)e+07,(2.07+/-0.22)e+07,(2.14+/-0.22)e+07,(2.21+/-0.23)e+07,(2.27+/-0.24)e+07,(2.34+/-0.25)e+07,(2.41+/-0.25)e+07,(2.48+/-0.26)e+07,(2.55+/-0.27)e+07,(2.62+/-0.27)e+07,(2.68+/-0.28)e+07,(2.75+/-0.29)e+07,(2.82+/-0.30)e+07,(2.89+/-0.30)e+07,(2.96+/-0.31)e+07,(3.03+/-0.32)e+07,(3.09+/-0.32)e+07,(3.16+/-0.33)e+07,(3.23+/-0.34)e+07
Eastern Africa,22967547,41803383,0,0.0+/-0,0.0+/-0,0.0+/-0,0.0+/-0,0.0+/-0,0.0+/-0,0.0+/-0,0.0+/-0,0.0+/-0,0.0+/-0,0.0+/-0,0.0+/-0,0.0+/-0,0.0+/-0,0.0+/-0,0.0+/-0,0.0+/-0,0.0+/-0,0.0+/-0,0.0+/-0,0.0+/-0,0.0+/-0,0.0+/-0,0.0+/-0,0.0+/-0,0.0+/-0,0.0+/-0,0.0+/-0,0.0+/-0,0.0+/-0,0.0+/-0,0.0+/-0,0.0+/-0,0.0+/-0,0.0+/-0,0.0+/-0,0.0+/-0,0.0+/-0,0.0+/-0,0.0+/-0,0.0+/-0,0.0+/-0,0.0+/-0,0.0+/-0,0.0+/-0,0.0+/-0,0.0+/-0,0.0+/-0,0.0+/-0,0.0+/-0,0.0+/-0,0.0+/-0
Eastern Asia,99781371,216069227,0,(6.8+/-0.9)e+07,(1.42+/-0.18)e+08,(2.26+/-0.28)e+08,(3.2+/-0.4)e+08,(4.1+/-0.5)e+08,(5.1+/-0.6)e+08,(6.1+/-0.7)e+08,(7.2+/-0.9)e+08,(8.2+/-1.0)e+08,(9.3+/-1.1)e+08,(1.03+/-0.12)e+09,(1.13+/-0.14)e+09,(1.24+/-0.15)e+09,(1.34+/-0.16)e+09,(1.45+/-0.17)e+09,(1.55+/-0.19)e+09,(1.65+/-0.20)e+09,(1.76+/-0.21)e+09,(1.86+/-0.22)e+09,(1.97+/-0.24)e+09,(2.07+/-0.25)e+09,(2.17+/-0.26)e+09,(2.28+/-0.27)e+09,(2.38+/-0.29)e+09,(2.49+/-0.30)e+09,(2.59+/-0.31)e+09,(2.70+/-0.32)e+09,(2.80+/-0.34)e+09,(2.90+/-0.35)e+09,(3.0+/-0.4)e+09,(3.1+/-0.4)e+09,(3.2+/-0.4)e+09,(3.3+/-0.4)e+09,(3.4+/-0.4)e+09,(3.5+/-0.4)e+09,(3.6+/-0.4)e+09,(3.7+/-0.4)e+09,(3.8+/-0.5)e+09,(3.9+/-0.5)e+09,(4.0+/-0.5)e+09,(4.2+/-0.5)e+09,(4.3+/-0.5)e+09,(4.4+/-0.5)e+09,(4.5+/-0.5)e+09,(4.6+/-0.5)e+09,(4.7+/-0.6)e+09,(4.8+/-0.6)e+09,(4.9+/-0.6)e+09,(5.0+/-0.6)e+09,(5.1+/-0.6)e+09,(5.2+/-0.6)e+09,(5.3+/-0.6)e+09
Eastern Europe,14371334,30807773,0,0.0+/-0,0.0+/-0,0.0+/-0,(9.8+/-1.4)e+05,(4.2+/-0.4)e+06,(1.15+/-0.08)e+07,(1.90+/-0.13)e+07,(2.66+/-0.19)e+07,(3.42+/-0.24)e+07,(4.18+/-0.30)e+07,(4.95+/-0.35)e+07,(5.7+/-0.4)e+07,(6.5+/-0.5)e+07,(7.2+/-0.5)e+07,(8.0+/-0.6)e+07,(8.8+/-0.6)e+07,(9.5+/-0.7)e+07,(1.03+/-0.07)e+08,(1.11+/-0.08)e+08,(1.18+/-0.08)e+08,(1.26+/-0.09)e+08,(1.33+/-0.10)e+08,(1.41+/-0.10)e+08,(1.49+/-0.11)e+08,(1.56+/-0.11)e+08,(1.64+/-0.12)e+08,(1.72+/-0.12)e+08,(1.79+/-0.13)e+08,(1.87+/-0.13)e+08,(1.94+/-0.14)e+08,(2.02+/-0.15)e+08,(2.10+/-0.15)e+08,(2.17+/-0.16)e+08,(2.25+/-0.16)e+08,(2.33+/-0.17)e+08,(2.40+/-0.17)e+08,(2.48+/-0.18)e+08,(2.55+/-0.18)e+08,(2.63+/-0.19)e+08,(2.71+/-0.19)e+08,(2.78+/-0.20)e+08,(2.86+/-0.21)e+08,(2.94+/-0.21)e+08,(3.01+/-0.22)e+08,(3.09+/-0.22)e+08,(3.16+/-0.23)e+08,(3.24+/-0.23)e+08,(3.32+/-0.24)e+08,(3.39+/-0.24)e+08,(3.47+/-0.25)e+08,(3.55+/-0.26)e+08,(3.62+/-0.26)e+08
Melanesia,552278,1334483,0,0.0+/-0,0.0+/-0,0.0+/-0,0.0+/-0,0.0+/-0,0.0+/-0,0.0+/-0,0.0+/-0,0.0+/-0,0.0+/-0,0.0+/-0,0.0+/-0,0.0+/-0,0.0+/-0,0.0+/-0,0.0+/-0,0.0+/-0,0.0+/-0,0.0+/-0,0.0+/-0,0.0+/-0,0.0+/-0,0.0+/-0,0.0+/-0,0.0+/-0,0.0+/-0,0.0+/-0,0.0+/-0,0.0+/-0,0.0+/-0,0.0+/-0,0.0+/-0,0.0+/-0,0.0+/-0,0.0+/-0,0.0+/-0,0.0+/-0,0.0+/-0,0.0+/-0,0.0+/-0,0.0+/-0,0.0+/-0,0.0+/-0,0.0+/-0,0.0+/-0,0.0+/-0,0.0+/-0,0.0+/-0,0.0+/-0,0.0+/-0,0.0+/-0,0.0+/-0
Micronesia,16541,39694,0,0.0+/-0,0.0+/-0,0.0+/-0,0.0+/-0,0.0+/-0,0.0+/-0,0.0+/-0,0.0+/-0,0.0+/-0,0.0+/-0,0.0+/-0,0.0+/-0,0.0+/-0,0.0+/-0,0.0+/-0,0.0+/-0,0.0+/-0,0.0+/-0,0.0+/-0,0.0+/-0,0.0+/-0,0.0+/-0,0.0+/-0,0.0+/-0,0.0+/-0,0.0+/-0,0.0+/-0,0.0+/-0,0.0+/-0,0.0+/-0,0.0+/-0,0.0+/-0,0.0+/-0,0.0+/-0,0.0+/-0,0.0+/-0,0.0+/-0,0.0+/-0,0.0+/-0,0.0+/-0,0.0+/-0,0.0+/-0,0.0+/-0,0.0+/-0,0.0+/-0,0.0+/-0,0.0+/-0,0.0+/-0,0.0+/-0,0.0+/-0,0.0+/-0,0.0+/-0
Middle Africa,8283909,15756268,0,0.0+/-0,0.0+/-0,0.0+/-0,0.0+/-0,0.0+/-0,0.0+/-0,0.0+/-0,0.0+/-0,0.0+/-0,0.0+/-0,0.0+/-0,0.0+/-0,0.0+/-0,0.0+/-0,0.0+/-0,0.0+/-0,0.0+/-0,0.0+/-0,0.0+/-0,0.0+/-0,0.0+/-0,0.0+/-0,0.0+/-0,0.0+/-0,0.0+/-0,0.0+/-0,0.0+/-0,0.0+/-0,0.0+/-0,0.0+/-0,0.0+/-0,0.0+/-0,0.0+/-0,0.0+/-0,0.0+/-0,0.0+/-0,0.0+/-0,0.0+/-0,0.0+/-0,0.0+/-0,0.0+/-0,0.0+/-0,0.0+/-0,0.0+/-0,0.0+/-0,0.0+/-0,0.0+/-0,0.0+/-0,0.0+/-0,0.0+/-0,0.0+/-0,0.0+/-0
Northern Africa,9047700,20060987,0,0.0+/-0,0.0+/-0,0.0+/-0,0.0+/-0,0.0+/-0,(7.2+/-1.1)e+05,(1.53+/-0.21)e+06,(2.80+/-0.32)e+06,(4.1+/-0.4)e+06,(5.4+/-0.6)e+06,(6.6+/-0.7)e+06,(7.9+/-0.8)e+06,(9.2+/-0.9)e+06,(1.05+/-0.10)e+07,(1.17+/-0.11)e+07,(1.30+/-0.13)e+07,(1.43+/-0.14)e+07,(1.56+/-0.15)e+07,(1.68+/-0.16)e+07,(1.81+/-0.17)e+07,(1.94+/-0.18)e+07,(2.07+/-0.20)e+07,(2.19+/-0.21)e+07,(2.32+/-0.22)e+07,(2.45+/-0.23)e+07,(2.58+/-0.24)e+07,(2.70+/-0.25)e+07,(2.83+/-0.27)e+07,(2.96+/-0.28)e+07,(3.09+/-0.29)e+07,(3.21+/-0.30)e+07,(3.34+/-0.31)e+07,(3.47+/-0.33)e+07,(3.60+/-0.34)e+07,(3.72+/-0.35)e+07,(3.9+/-0.4)e+07,(4.0+/-0.4)e+07,(4.1+/-0.4)e+07,(4.2+/-0.4)e+07,(4.4+/-0.4)e+07,(4.5+/-0.4)e+07,(4.6+/-0.4)e+07,(4.7+/-0.4)e+07,(4.9+/-0.5)e+07,(5.0+/-0.5)e+07,(5.1+/-0.5)e+07,(5.3+/-0.5)e+07,(5.4+/-0.5)e+07,(5.5+/-0.5)e+07,(5.6+/-0.5)e+07,(5.8+/-0.5)e+07,(5.9+/-0.5)e+07
Northern America,16840934,39818569,0,(3.1+/-0.5)e+07,(6.7+/-1.0)e+07,(1.05+/-0.15)e+08,(1.45+/-0.20)e+08,(1.88+/-0.26)e+08,(2.32+/-0.32)e+08,(2.8+/-0.4)e+08,(3.3+/-0.5)e+08,(3.7+/-0.5)e+08,(4.2+/-0.6)e+08,(4.7+/-0.7)e+08,(5.1+/-0.7)e+08,(5.6+/-0.8)e+08,(6.1+/-0.9)e+08,(6.5+/-0.9)e+08,(7.0+/-1.0)e+08,(7.5+/-1.0)e+08,(8.0+/-1.1)e+08,(8.4+/-1.2)e+08,(8.9+/-1.2)e+08,(9.4+/-1.3)e+08,(9.8+/-1.4)e+08,(1.03+/-0.14)e+09,(1.08+/-0.15)e+09,(1.12+/-0.16)e+09,(1.17+/-0.16)e+09,(1.22+/-0.17)e+09,(1.26+/-0.18)e+09,(1.31+/-0.18)e+09,(1.36+/-0.19)e+09,(1.41+/-0.20)e+09,(1.45+/-0.20)e+09,(1.50+/-0.21)e+09,(1.55+/-0.22)e+09,(1.59+/-0.22)e+09,(1.64+/-0.23)e+09,(1.69+/-0.24)e+09,(1.73+/-0.24)e+09,(1.78+/-0.25)e+09,(1.83+/-0.26)e+09,(1.87+/-0.26)e+09,(1.92+/-0.27)e+09,(1.97+/-0.28)e+09,(2.02+/-0.28)e+09,(2.06+/-0.29)e+09,(2.11+/-0.30)e+09,(2.16+/-0.30)e+09,(2.20+/-0.31)e+09,(2.25+/-0.31)e+09,(2.30+/-0.32)e+09,(2.34+/-0.33)e+09,(2.39+/-0.33)e+09
Northern Europe,4541496,11229979,0,(3.8+/-0.5)e+06,(9.1+/-1.1)e+06,(1.48+/-0.17)e+07,(2.16+/-0.24)e+07,(2.93+/-0.31)e+07,(3.7+/-0.4)e+07,(4.5+/-0.5)e+07,(5.6+/-0.5)e+07,(6.6+/-0.6)e+07,(7.6+/-0.7)e+07,(8.6+/-0.8)e+07,(9.6+/-0.9)e+07,(1.06+/-0.09)e+08,(1.16+/-0.10)e+08,(1.26+/-0.11)e+08,(1.36+/-0.12)e+08,(1.46+/-0.13)e+08,(1.57+/-0.13)e+08,(1.67+/-0.14)e+08,(1.77+/-0.15)e+08,(1.87+/-0.16)e+08,(1.97+/-0.17)e+08,(2.07+/-0.17)e+08,(2.17+/-0.18)e+08,(2.27+/-0.19)e+08,(2.37+/-0.20)e+08,(2.47+/-0.21)e+08,(2.58+/-0.22)e+08,(2.68+/-0.22)e+08,(2.78+/-0.23)e+08,(2.88+/-0.24)e+08,(2.98+/-0.25)e+08,(3.08+/-0.26)e+08,(3.18+/-0.26)e+08,(3.28+/-0.27)e+08,(3.38+/-0.28)e+08,(3.48+/-0.29)e+08,(3.59+/-0.30)e+08,(3.69+/-0.31)e+08,(3.79+/-0.31)e+08,(3.89+/-0.32)e+08,(3.99+/-0.33)e+08,(4.09+/-0.34)e+08,(4.19+/-0.35)e+08,(4.29+/-0.35)e+08,(4.4+/-0.4)e+08,(4.5+/-0.4)e+08,(4.6+/-0.4)e+08,(4.7+/-0.4)e+08,(4.8+/-0.4)e+08,(4.9+/-0.4)e+08,(5.0+/-0.4)e+08
Polynesia,25602,58294,0,0.0+/-0,0.0+/-0,0.0+/-0,0.0+/-0,0.0+/-0,0.0+/-0,0.0+/-0,0.0+/-0,0.0+/-0,0.0+/-0,0.0+/-0,0.0+/-0,0.0+/-0,0.0+/-0,0.0+/-0,0.0+/-0,0.0+/-0,0.0+/-0,0.0+/-0,0.0+/-0,0.0+/-0,0.0+/-0,0.0+/-0,0.0+/-0,0.0+/-0,0.0+/-0,0.0+/-0,0.0+/-0,0.0+/-0,0.0+/-0,0.0+/-0,0.0+/-0,0.0+/-0,0.0+/-0,0.0+/-0,0.0+/-0,0.0+/-0,0.0+/-0,0.0+/-0,0.0+/-0,0.0+/-0,0.0+/-0,0.0+/-0,0.0+/-0,0.0+/-0,0.0+/-0,0.0+/-0,0.0+/-0,0.0+/-0,0.0+/-0,0.0+/-0,0.0+/-0
South America,21038214,57568306,0,(1.85+/-0.22)e+05,(3.7+/-0.4)e+05,(5.5+/-0.7)e+05,(7.4+/-0.9)e+05,(9.2+/-1.1)e+05,(5.2+/-0.6)e+06,(1.16+/-0.11)e+07,(1.80+/-0.17)e+07,(2.45+/-0.23)e+07,(3.09+/-0.28)e+07,(3.74+/-0.34)e+07,(4.4+/-0.4)e+07,(5.0+/-0.5)e+07,(5.7+/-0.5)e+07,(6.3+/-0.6)e+07,(7.0+/-0.6)e+07,(7.6+/-0.7)e+07,(8.3+/-0.7)e+07,(8.9+/-0.8)e+07,(9.5+/-0.9)e+07,(1.02+/-0.09)e+08,(1.08+/-0.10)e+08,(1.15+/-0.10)e+08,(1.21+/-0.11)e+08,(1.28+/-0.12)e+08,(1.34+/-0.12)e+08,(1.41+/-0.13)e+08,(1.47+/-0.13)e+08,(1.53+/-0.14)e+08,(1.60+/-0.14)e+08,(1.66+/-0.15)e+08,(1.73+/-0.16)e+08,(1.79+/-0.16)e+08,(1.86+/-0.17)e+08,(1.92+/-0.17)e+08,(1.99+/-0.18)e+08,(2.05+/-0.19)e+08,(2.11+/-0.19)e+08,(2.18+/-0.20)e+08,(2.24+/-0.20)e+08,(2.31+/-0.21)e+08,(2.37+/-0.21)e+08,(2.44+/-0.22)e+08,(2.50+/-0.23)e+08,(2.57+/-0.23)e+08,(2.63+/-0.24)e+08,(2.70+/-0.24)e+08,(2.76+/-0.25)e+08,(2.82+/-0.25)e+08,(2.89+/-0.26)e+08,(2.95+/-0.27)e+08,(3.02+/-0.27)e+08
South-eastern Asia,43157221,101335251,0,(9.6+/-1.4)e+04,(1.92+/-0.28)e+05,(1.72+/-0.21)e+06,(5.1+/-0.5)e+06,(1.39+/-0.10)e+07,(2.41+/-0.16)e+07,(3.44+/-0.23)e+07,(4.48+/-0.29)e+07,(5.5+/-0.4)e+07,(6.5+/-0.4)e+07,(7.6+/-0.5)e+07,(8.6+/-0.6)e+07,(9.6+/-0.6)e+07,(1.07+/-0.07)e+08,(1.17+/-0.08)e+08,(1.27+/-0.08)e+08,(1.38+/-0.09)e+08,(1.48+/-0.10)e+08,(1.58+/-0.10)e+08,(1.69+/-0.11)e+08,(1.79+/-0.12)e+08,(1.89+/-0.12)e+08,(2.00+/-0.13)e+08,(2.10+/-0.14)e+08,(2.20+/-0.14)e+08,(2.31+/-0.15)e+08,(2.41+/-0.16)e+08,(2.51+/-0.16)e+08,(2.62+/-0.17)e+08,(2.72+/-0.18)e+08,(2.82+/-0.18)e+08,(2.93+/-0.19)e+08,(3.03+/-0.20)e+08,(3.13+/-0.20)e+08,(3.24+/-0.21)e+08,(3.34+/-0.22)e+08,(3.44+/-0.23)e+08,(3.55+/-0.23)e+08,(3.65+/-0.24)e+08,(3.75+/-0.25)e+08,(3.86+/-0.25)e+08,(3.96+/-0.26)e+08,(4.06+/-0.27)e+08,(4.17+/-0.27)e+08,(4.27+/-0.28)e+08,(4.37+/-0.29)e+08,(4.48+/-0.29)e+08,(4.58+/-0.30)e+08,(4.68+/-0.31)e+08,(4.79+/-0.31)e+08,(4.89+/-0.32)e+08,(4.99+/-0.33)e+08
Southern Africa,2039984,5673452,0,0.0+/-0,0.0+/-0,0.0+/-0,(6.9+/-1.0)e+05,(1.38+/-0.20)e+06,(2.06+/-0.30)e+06,(2.8+/-0.4)e+06,(3.4+/-0.5)e+06,(4.1+/-0.6)e+06,(4.8+/-0.7)e+06,(5.5+/-0.8)e+06,(6.2+/-0.9)e+06,(6.9+/-1.0)e+06,(7.6+/-1.1)e+06,(8.3+/-1.2)e+06,(8.9+/-1.3)e+06,(9.6+/-1.4)e+06,(1.03+/-0.15)e+07,(1.10+/-0.16)e+07,(1.17+/-0.17)e+07,(1.24+/-0.18)e+07,(1.31+/-0.19)e+07,(1.38+/-0.20)e+07,(1.44+/-0.21)e+07,(1.51+/-0.22)e+07,(1.58+/-0.23)e+07,(1.65+/-0.24)e+07,(1.72+/-0.25)e+07,(1.79+/-0.26)e+07,(1.86+/-0.27)e+07,(1.93+/-0.28)e+07,(2.00+/-0.29)e+07,(2.06+/-0.30)e+07,(2.13+/-0.31)e+07,(2.20+/-0.32)e+07,(2.27+/-0.33)e+07,(2.34+/-0.34)e+07,(2.41+/-0.35)e+07,(2.5+/-0.4)e+07,(2.5+/-0.4)e+07,(2.6+/-0.4)e+07,(2.7+/-0.4)e+07,(2.8+/-0.4)e+07,(2.8+/-0.4)e+07,(2.9+/-0.4)e+07,(3.0+/-0.4)e+07,(3.0+/-0.4)e+07,(3.1+/-0.5)e+07,(3.2+/-0.5)e+07,(3.2+/-0.5)e+07,(3.3+/-0.5)e+07,(3.4+/-0.5)e+07
Southern Asia,130193456,219310862,0,(9.4+/-1.4)e+05,(1.88+/-0.28)e+06,(9.4+/-1.1)e+06,(1.69+/-0.20)e+07,(2.50+/-0.30)e+07,(3.3+/-0.4)e+07,(4.3+/-0.5)e+07,(5.2+/-0.6)e+07,(6.1+/-0.7)e+07,(7.0+/-0.8)e+07,(7.9+/-0.9)e+07,(8.8+/-1.0)e+07,(9.8+/-1.1)e+07,(1.07+/-0.12)e+08,(1.16+/-0.13)e+08,(1.25+/-0.14)e+08,(1.34+/-0.15)e+08,(1.43+/-0.16)e+08,(1.53+/-0.17)e+08,(1.62+/-0.18)e+08,(1.71+/-0.19)e+08,(1.80+/-0.20)e+08,(1.89+/-0.21)e+08,(1.99+/-0.22)e+08,(2.08+/-0.23)e+08,(2.17+/-0.24)e+08,(2.26+/-0.25)e+08,(2.35+/-0.26)e+08,(2.44+/-0.27)e+08,(2.54+/-0.28)e+08,(2.63+/-0.29)e+08,(2.72+/-0.30)e+08,(2.81+/-0.31)e+08,(2.90+/-0.32)e+08,(3.00+/-0.33)e+08,(3.09+/-0.34)e+08,(3.18+/-0.35)e+08,(3.3+/-0.4)e+08,(3.4+/-0.4)e+08,(3.5+/-0.4)e+08,(3.5+/-0.4)e+08,(3.6+/-0.4)e+08,(3.7+/-0.4)e+08,(3.8+/-0.4)e+08,(3.9+/-0.4)e+08,(4.0+/-0.4)e+08,(4.1+/-0.4)e+08,(4.2+/-0.5)e+08,(4.3+/-0.5)e+08,(4.4+/-0.5)e+08,(4.5+/-0.5)e+08,(4.6+/-0.5)e+08
Southern Europe,6278275,15800689,0,(2.37+/-0.25)e+05,(6.2+/-0.9)e+06,(1.22+/-0.17)e+07,(1.87+/-0.25)e+07,(2.53+/-0.34)e+07,(3.4+/-0.4)e+07,(4.3+/-0.5)e+07,(5.2+/-0.6)e+07,(6.1+/-0.7)e+07,(7.0+/-0.8)e+07,(8.0+/-0.9)e+07,(8.9+/-1.0)e+07,(9.8+/-1.1)e+07,(1.07+/-0.11)e+08,(1.16+/-0.12)e+08,(1.25+/-0.13)e+08,(1.34+/-0.14)e+08,(1.43+/-0.15)e+08,(1.53+/-0.16)e+08,(1.62+/-0.17)e+08,(1.71+/-0.18)e+08,(1.80+/-0.19)e+08,(1.89+/-0.20)e+08,(1.98+/-0.21)e+08,(2.07+/-0.21)e+08,(2.17+/-0.22)e+08,(2.26+/-0.23)e+08,(2.35+/-0.24)e+08,(2.44+/-0.25)e+08,(2.53+/-0.26)e+08,(2.62+/-0.27)e+08,(2.71+/-0.28)e+08,(2.81+/-0.29)e+08,(2.90+/-0.30)e+08,(2.99+/-0.31)e+08,(3.08+/-0.32)e+08,(3.17+/-0.32)e+08,(3.26+/-0.33)e+08,(3.35+/-0.34)e+08,(3.44+/-0.35)e+08,(3.5+/-0.4)e+08,(3.6+/-0.4)e+08,(3.7+/-0.4)e+08,(3.8+/-0.4)e+08,(3.9+/-0.4)e+08,(4.0+/-0.4)e+08,(4.1+/-0.4)e+08,(4.2+/-0.4)e+08,(4.3+/-0.4)e+08,(4.4+/-0.4)e+08,(4.4+/-0.5)e+08,(4.5+/-0.5)e+08
Western Africa,13326746,33355705,0,(5.4+/-0.8)e+05,(1.07+/-0.16)e+06,(1.61+/-0.24)e+06,(2.14+/-0.32)e+06,(2.7+/-0.4)e+06,(3.2+/-0.5)e+06,(3.8+/-0.6)e+06,(4.3+/-0.6)e+06,(4.8+/-0.7)e+06,(5.4+/-0.8)e+06,(5.9+/-0.9)e+06,(6.4+/-0.9)e+06,(7.0+/-1.0)e+06,(7.5+/-1.1)e+06,(8.0+/-1.2)e+06,(8.6+/-1.3)e+06,(9.1+/-1.3)e+06,(9.6+/-1.4)e+06,(1.02+/-0.15)e+07,(1.07+/-0.16)e+07,(1.13+/-0.17)e+07,(1.18+/-0.17)e+07,(1.23+/-0.18)e+07,(1.29+/-0.19)e+07,(1.34+/-0.20)e+07,(1.39+/-0.21)e+07,(1.45+/-0.21)e+07,(1.50+/-0.22)e+07,(1.55+/-0.23)e+07,(1.61+/-0.24)e+07,(1.66+/-0.24)e+07,(1.71+/-0.25)e+07,(1.77+/-0.26)e+07,(1.82+/-0.27)e+07,(1.88+/-0.28)e+07,(1.93+/-0.28)e+07,(1.98+/-0.29)e+07,(2.04+/-0.30)e+07,(2.09+/-0.31)e+07,(2.14+/-0.32)e+07,(2.20+/-0.32)e+07,(2.25+/-0.33)e+07,(2.30+/-0.34)e+07,(2.36+/-0.35)e+07,(2.41+/-0.35)e+07,(2.5+/-0.4)e+07,(2.5+/-0.4)e+07,(2.6+/-0.4)e+07,(2.6+/-0.4)e+07,(2.7+/-0.4)e+07,(2.7+/-0.4)e+07,(2.8+/-0.4)e+07
Western Asia,11107604,26056150,0,(2.44+/-0.19)e+05,(1.44+/-0.14)e+06,(2.63+/-0.29)e+06,(3.8+/-0.4)e+06,(8.2+/-0.7)e+06,(1.26+/-0.10)e+07,(1.70+/-0.13)e+07,(2.17+/-0.17)e+07,(2.63+/-0.20)e+07,(3.09+/-0.24)e+07,(3.55+/-0.28)e+07,(4.01+/-0.31)e+07,(4.47+/-0.35)e+07,(4.9+/-0.4)e+07,(5.4+/-0.4)e+07,(5.9+/-0.5)e+07,(6.3+/-0.5)e+07,(6.8+/-0.5)e+07,(7.2+/-0.6)e+07,(7.7+/-0.6)e+07,(8.2+/-0.6)e+07,(8.6+/-0.7)e+07,(9.1+/-0.7)e+07,(9.5+/-0.7)e+07,(1.00+/-0.08)e+08,(1.05+/-0.08)e+08,(1.09+/-0.09)e+08,(1.14+/-0.09)e+08,(1.19+/-0.09)e+08,(1.23+/-0.10)e+08,(1.28+/-0.10)e+08,(1.32+/-0.10)e+08,(1.37+/-0.11)e+08,(1.42+/-0.11)e+08,(1.46+/-0.12)e+08,(1.51+/-0.12)e+08,(1.55+/-0.12)e+08,(1.60+/-0.13)e+08,(1.65+/-0.13)e+08,(1.69+/-0.13)e+08,(1.74+/-0.14)e+08,(1.79+/-0.14)e+08,(1.83+/-0.14)e+08,(1.88+/-0.15)e+08,(1.92+/-0.15)e+08,(1.97+/-0.16)e+08,(2.02+/-0.16)e+08,(2.06+/-0.16)e+08,(2.11+/-0.17)e+08,(2.15+/-0.17)e+08,(2.20+/-0.17)e+08,(2.25+/-0.18)e+08
Western Europe,8840360,20055431,0,(1.56+/-0.16)e+07,(3.43+/-0.34)e+07,(5.4+/-0.5)e+07,(7.5+/-0.7)e+07,(9.7+/-0.9)e+07,(1.21+/-0.12)e+08,(1.46+/-0.14)e+08,(1.72+/-0.16)e+08,(1.98+/-0.19)e+08,(2.23+/-0.21)e+08,(2.49+/-0.24)e+08,(2.74+/-0.26)e+08,(3.00+/-0.28)e+08,(3.26+/-0.31)e+08,(3.51+/-0.33)e+08,(3.77+/-0.35)e+08,(4.0+/-0.4)e+08,(4.3+/-0.4)e+08,(4.5+/-0.4)e+08,(4.8+/-0.4)e+08,(5.1+/-0.5)e+08,(5.3+/-0.5)e+08,(5.6+/-0.5)e+08,(5.8+/-0.5)e+08,(6.1+/-0.6)e+08,(6.3+/-0.6)e+08,(6.6+/-0.6)e+08,(6.9+/-0.6)e+08,(7.1+/-0.7)e+08,(7.4+/-0.7)e+08,(7.6+/-0.7)e+08,(7.9+/-0.7)e+08,(8.1+/-0.8)e+08,(8.4+/-0.8)e+08,(8.6+/-0.8)e+08,(8.9+/-0.8)e+08,(9.2+/-0.9)e+08,(9.4+/-0.9)e+08,(9.7+/-0.9)e+08,(9.9+/-0.9)e+08,(1.02+/-0.09)e+09,(1.04+/-0.10)e+09,(1.07+/-0.10)e+09,(1.10+/-0.10)e+09,(1.12+/-0.10)e+09,(1.15+/-0.11)e+09,(1.17+/-0.11)e+09,(1.20+/-0.11)e+09,(1.22+/-0.11)e+09,(1.25+/-0.12)e+09,(1.28+/-0.12)e+09,(1.30+/-0.12)e+09
Global,426438348,893992858,0,(1.22+/-0.10)e+08,(2.64+/-0.21)e+08,(4.29+/-0.32)e+08,(6.1+/-0.4)e+08,(8.2+/-0.6)e+08,(1.05+/-0.07)e+09,(1.29+/-0.09)e+09,(1.54+/-0.10)e+09,(1.78+/-0.11)e+09,(2.02+/-0.13)e+09,(2.27+/-0.14)e+09,(2.51+/-0.16)e+09,(2.76+/-0.17)e+09,(3.00+/-0.19)e+09,(3.25+/-0.20)e+09,(3.49+/-0.22)e+09,(3.74+/-0.23)e+09,(3.98+/-0.24)e+09,(4.23+/-0.26)e+09,(4.47+/-0.27)e+09,(4.72+/-0.29)e+09,(4.96+/-0.30)e+09,(5.21+/-0.32)e+09,(5.45+/-0.33)e+09,(5.70+/-0.35)e+09,(5.9+/-0.4)e+09,(6.2+/-0.4)e+09,(6.4+/-0.4)e+09,(6.7+/-0.4)e+09,(6.9+/-0.4)e+09,(7.2+/-0.4)e+09,(7.4+/-0.4)e+09,(7.7+/-0.5)e+09,(7.9+/-0.5)e+09,(8.1+/-0.5)e+09,(8.4+/-0.5)e+09,(8.6+/-0.5)e+09,(8.9+/-0.5)e+09,(9.1+/-0.5)e+09,(9.4+/-0.6)e+09,(9.6+/-0.6)e+09,(9.9+/-0.6)e+09,(1.01+/-0.06)e+10,(1.03+/-0.06)e+10,(1.06+/-0.06)e+10,(1.08+/-0.06)e+10,(1.11+/-0.07)e+10,(1.13+/-0.07)e+10,(1.16+/-0.07)e+10,(1.18+/-0.07)e+10,(1.21+/-0.07)e+10,(1.23+/-0.07)e+10
