,0,1,2,3,4,5,6,7,8,9,10,11,12,13,14,15,16,17,18,19,20,21,22,23,24,25,26,27,28,29,30,31,32,33,34,35,36,37,38,39,40,41,42,43,44,45,46,47,48,49,50,51,52,53,54
Aruba,5687,12647,0.0,0.0+/-0,0.0+/-0,0.0+/-0,1.2+/-0.4,1.2+/-0.4,1.2+/-0.4,1.2+/-0.4,1.2+/-0.4,1.2+/-0.4,1.2+/-0.4,1.2+/-0.4,1.2+/-0.4,1.2+/-0.4,1.2+/-0.4,1.2+/-0.4,1.2+/-0.4,1.2+/-0.4,1.2+/-0.4,1.2+/-0.4,1.2+/-0.4,1.2+/-0.4,1.2+/-0.4,1.2+/-0.4,1.2+/-0.4,1.2+/-0.4,1.2+/-0.4,1.2+/-0.4,1.2+/-0.4,1.2+/-0.4,1.2+/-0.4,1.2+/-0.4,1.2+/-0.4,1.2+/-0.4,1.2+/-0.4,1.2+/-0.4,1.2+/-0.4,1.2+/-0.4,1.2+/-0.4,1.2+/-0.4,1.2+/-0.4,1.2+/-0.4,1.2+/-0.4,1.2+/-0.4,1.2+/-0.4,1.2+/-0.4,1.2+/-0.4,1.2+/-0.4,1.2+/-0.4,1.2+/-0.4,1.2+/-0.4,1.2+/-0.4,1.2+/-0.4
Afghanistan,839122,1865189,0.0,0.0031+/-0.0016,0.007+/-0.004,0.012+/-0.006,0.026+/-0.010,0.036+/-0.015,0.056+/-0.025,0.066+/-0.031,0.073+/-0.034,0.08+/-0.04,0.08+/-0.04,0.08+/-0.04,0.08+/-0.04,0.08+/-0.04,0.08+/-0.04,0.08+/-0.04,0.08+/-0.04,0.08+/-0.04,0.08+/-0.04,0.08+/-0.04,0.08+/-0.04,0.08+/-0.04,0.08+/-0.04,0.08+/-0.04,0.08+/-0.04,0.08+/-0.04,0.08+/-0.04,0.08+/-0.04,0.08+/-0.04,0.08+/-0.04,0.08+/-0.04,0.08+/-0.04,0.08+/-0.04,0.08+/-0.04,0.08+/-0.04,0.08+/-0.04,0.08+/-0.04,0.08+/-0.04,0.08+/-0.04,0.08+/-0.04,0.08+/-0.04,0.08+/-0.04,0.08+/-0.04,0.08+/-0.04,0.08+/-0.04,0.08+/-0.04,0.08+/-0.04,0.08+/-0.04,0.08+/-0.04,0.08+/-0.04,0.08+/-0.04,0.08+/-0.04,0.08+/-0.04
Angola,995453,3426263,0.0,0.0+/-0,0.0+/-0,0.0+/-0,0.0066+/-0.0023,0.0066+/-0.0023,0.0066+/-0.0023,0.0066+/-0.0023,0.0066+/-0.0023,0.0066+/-0.0023,0.0066+/-0.0023,0.0066+/-0.0023,0.0066+/-0.0023,0.0066+/-0.0023,0.0066+/-0.0023,0.0066+/-0.0023,0.0066+/-0.0023,0.0066+/-0.0023,0.0066+/-0.0023,0.0066+/-0.0023,0.0066+/-0.0023,0.0066+/-0.0023,0.0066+/-0.0023,0.0066+/-0.0023,0.0066+/-0.0023,0.0066+/-0.0023,0.0066+/-0.0023,0.0066+/-0.0023,0.0066+/-0.0023,0.0066+/-0.0023,0.0066+/-0.0023,0.0066+/-0.0023,0.0066+/-0.0023,0.0066+/-0.0023,0.0066+/-0.0023,0.0066+/-0.0023,0.0066+/-0.0023,0.0066+/-0.0023,0.0066+/-0.0023,0.0066+/-0.0023,0.0066+/-0.0023,0.0066+/-0.0023,0.0066+/-0.0023,0.0066+/-0.0023,0.0066+/-0.0023,0.0066+/-0.0023,0.0066+/-0.0023,0.0066+/-0.0023,0.0066+/-0.0023,0.0066+/-0.0023,0.0066+/-0.0023,0.0066+/-0.0023,0.0066+/-0.0023
Albania,166947,330799,0.0,0.018+/-0.010,0.041+/-0.022,0.07+/-0.04,0.15+/-0.06,0.21+/-0.09,0.33+/-0.15,0.39+/-0.18,0.43+/-0.20,0.46+/-0.22,0.48+/-0.23,0.50+/-0.24,0.50+/-0.24,0.50+/-0.24,0.50+/-0.24,0.50+/-0.24,0.50+/-0.24,0.50+/-0.24,0.50+/-0.24,0.50+/-0.24,0.50+/-0.24,0.50+/-0.24,0.50+/-0.24,0.50+/-0.24,0.50+/-0.24,0.50+/-0.24,0.50+/-0.24,0.50+/-0.24,0.50+/-0.24,0.50+/-0.24,0.50+/-0.24,0.50+/-0.24,0.50+/-0.24,0.50+/-0.24,0.50+/-0.24,0.50+/-0.24,0.50+/-0.24,0.50+/-0.24,0.50+/-0.24,0.50+/-0.24,0.50+/-0.24,0.50+/-0.24,0.50+/-0.24,0.50+/-0.24,0.50+/-0.24,0.50+/-0.24,0.50+/-0.24,0.50+/-0.24,0.50+/-0.24,0.50+/-0.24,0.50+/-0.24,0.50+/-0.24,0.50+/-0.24
Andorra,3390,10195,0.0,0.08+/-0.04,0.17+/-0.09,0.28+/-0.15,2.4+/-0.7,2.6+/-0.8,3.1+/-0.9,3.4+/-1.0,3.6+/-1.1,3.7+/-1.1,3.8+/-1.2,3.8+/-1.2,3.8+/-1.2,3.8+/-1.2,3.8+/-1.2,3.8+/-1.2,3.8+/-1.2,3.8+/-1.2,3.8+/-1.2,3.8+/-1.2,3.8+/-1.2,3.8+/-1.2,3.8+/-1.2,3.8+/-1.2,3.8+/-1.2,3.8+/-1.2,3.8+/-1.2,3.8+/-1.2,3.8+/-1.2,3.8+/-1.2,3.8+/-1.2,3.8+/-1.2,3.8+/-1.2,3.8+/-1.2,3.8+/-1.2,3.8+/-1.2,3.8+/-1.2,3.8+/-1.2,3.8+/-1.2,3.8+/-1.2,3.8+/-1.2,3.8+/-1.2,3.8+/-1.2,3.8+/-1.2,3.8+/-1.2,3.8+/-1.2,3.8+/-1.2,3.8+/-1.2,3.8+/-1.2,3.8+/-1.2,3.8+/-1.2,3.8+/-1.2,3.8+/-1.2
United Arab Emirates,497441,1321723,0.0,0.23+/-0.12,0.51+/-0.27,0.8+/-0.4,1.4+/-0.7,3.6+/-1.1,6.5+/-1.9,8.8+/-2.3,10.8+/-2.7,12.6+/-2.9,14.4+/-3.1,16.1+/-3.3,17.6+/-3.4,19.1+/-3.5,21+/-4,22+/-4,24+/-4,25+/-4,27+/-4,28+/-4,30+/-5,31+/-5,32+/-5,34+/-5,35+/-5,37+/-5,38+/-6,40+/-6,41+/-6,43+/-6,44+/-6,46+/-7,47+/-7,49+/-7,50+/-7,52+/-7,53+/-8,55+/-8,56+/-8,58+/-8,59+/-8,61+/-9,62+/-9,64+/-9,65+/-9,67+/-9,68+/-10,70+/-10,71+/-10,73+/-10,74+/-11,76+/-11,77+/-11
Argentina,1655955,5592191,0.0,0.12+/-0.06,0.28+/-0.15,0.46+/-0.24,0.8+/-0.4,1.2+/-0.6,2.0+/-1.0,3.2+/-1.2,4.2+/-1.4,5.1+/-1.5,6.0+/-1.6,6.8+/-1.7,7.6+/-1.7,8.3+/-1.8,9.0+/-1.8,9.7+/-1.9,10.5+/-1.9,11.2+/-2.0,11.9+/-2.1,12.6+/-2.1,13.4+/-2.2,14.1+/-2.3,14.8+/-2.4,15.5+/-2.4,16.3+/-2.5,17.0+/-2.6,17.7+/-2.7,18.5+/-2.8,19.2+/-2.9,19.9+/-2.9,20.6+/-3.0,21.4+/-3.1,22.1+/-3.2,22.8+/-3.3,23.5+/-3.4,24.3+/-3.5,25+/-4,26+/-4,26+/-4,27+/-4,28+/-4,29+/-4,29+/-4,30+/-4,31+/-4,32+/-4,32+/-5,33+/-5,34+/-5,34+/-5,35+/-5,36+/-5,37+/-5
Armenia,168185,326666,0.0,0.029+/-0.015,0.066+/-0.034,0.11+/-0.06,0.21+/-0.09,0.31+/-0.14,0.50+/-0.24,0.59+/-0.29,0.66+/-0.32,0.70+/-0.35,0.7+/-0.4,0.8+/-0.4,0.8+/-0.4,0.8+/-0.4,0.8+/-0.4,0.8+/-0.4,0.8+/-0.4,0.8+/-0.4,0.8+/-0.4,0.8+/-0.4,0.8+/-0.4,0.8+/-0.4,0.8+/-0.4,0.8+/-0.4,0.8+/-0.4,0.8+/-0.4,0.8+/-0.4,0.8+/-0.4,0.8+/-0.4,0.8+/-0.4,0.8+/-0.4,0.8+/-0.4,0.8+/-0.4,0.8+/-0.4,0.8+/-0.4,0.8+/-0.4,0.8+/-0.4,0.8+/-0.4,0.8+/-0.4,0.8+/-0.4,0.8+/-0.4,0.8+/-0.4,0.8+/-0.4,0.8+/-0.4,0.8+/-0.4,0.8+/-0.4,0.8+/-0.4,0.8+/-0.4,0.8+/-0.4,0.8+/-0.4,0.8+/-0.4,0.8+/-0.4,0.8+/-0.4
American Samoa,5225,11863,0.0,0.0+/-0,0.0+/-0,0.0+/-0,1.3+/-0.4,1.3+/-0.4,1.3+/-0.4,1.3+/-0.4,1.3+/-0.4,1.3+/-0.4,1.3+/-0.4,1.3+/-0.4,1.3+/-0.4,1.3+/-0.4,1.3+/-0.4,1.3+/-0.4,1.3+/-0.4,1.3+/-0.4,1.3+/-0.4,1.3+/-0.4,1.3+/-0.4,1.3+/-0.4,1.3+/-0.4,1.3+/-0.4,1.3+/-0.4,1.3+/-0.4,1.3+/-0.4,1.3+/-0.4,1.3+/-0.4,1.3+/-0.4,1.3+/-0.4,1.3+/-0.4,1.3+/-0.4,1.3+/-0.4,1.3+/-0.4,1.3+/-0.4,1.3+/-0.4,1.3+/-0.4,1.3+/-0.4,1.3+/-0.4,1.3+/-0.4,1.3+/-0.4,1.3+/-0.4,1.3+/-0.4,1.3+/-0.4,1.3+/-0.4,1.3+/-0.4,1.3+/-0.4,1.3+/-0.4,1.3+/-0.4,1.3+/-0.4,1.3+/-0.4,1.3+/-0.4
Antigua and Barbuda,6491,9391,0.0,0.015+/-0.008,0.034+/-0.018,0.056+/-0.029,1.1+/-0.4,1.2+/-0.4,1.3+/-0.4,1.3+/-0.4,1.3+/-0.4,1.4+/-0.4,1.4+/-0.4,1.4+/-0.4,1.4+/-0.4,1.4+/-0.4,1.4+/-0.4,1.4+/-0.4,1.4+/-0.4,1.4+/-0.4,1.4+/-0.4,1.4+/-0.4,1.4+/-0.4,1.4+/-0.4,1.4+/-0.4,1.4+/-0.4,1.4+/-0.4,1.4+/-0.4,1.4+/-0.4,1.4+/-0.4,1.4+/-0.4,1.4+/-0.4,1.4+/-0.4,1.4+/-0.4,1.4+/-0.4,1.4+/-0.4,1.4+/-0.4,1.4+/-0.4,1.4+/-0.4,1.4+/-0.4,1.4+/-0.4,1.4+/-0.4,1.4+/-0.4,1.4+/-0.4,1.4+/-0.4,1.4+/-0.4,1.4+/-0.4,1.4+/-0.4,1.4+/-0.4,1.4+/-0.4,1.4+/-0.4,1.4+/-0.4,1.4+/-0.4,1.4+/-0.4,1.4+/-0.4
Australia,1252233,3065197,0.0,0.15+/-0.08,0.33+/-0.17,0.55+/-0.29,8.0+/-2.3,9.5+/-2.4,11.5+/-2.6,13.0+/-2.8,14.4+/-2.9,15.6+/-3.0,16.8+/-3.1,18.0+/-3.2,19.1+/-3.3,20.1+/-3.3,21.1+/-3.4,22.2+/-3.5,23+/-4,24+/-4,25+/-4,26+/-4,27+/-4,28+/-4,29+/-4,30+/-4,32+/-4,33+/-4,34+/-5,35+/-5,36+/-5,37+/-5,38+/-5,39+/-5,40+/-5,41+/-5,42+/-6,43+/-6,44+/-6,45+/-6,46+/-6,47+/-6,48+/-6,49+/-7,50+/-7,51+/-7,52+/-7,53+/-7,54+/-7,55+/-7,56+/-7,57+/-8,59+/-8,60+/-8,61+/-8
Austria,406402,994600,0.0,0.39+/-0.21,0.9+/-0.5,1.5+/-0.8,2.4+/-1.2,6.4+/-1.9,11.6+/-3.3,16+/-4,19+/-5,23+/-5,26+/-5,29+/-6,32+/-6,34+/-6,37+/-7,40+/-7,42+/-7,45+/-7,48+/-8,51+/-8,53+/-8,56+/-9,59+/-9,61+/-9,64+/-9,67+/-10,69+/-10,72+/-11,75+/-11,78+/-11,80+/-12,83+/-12,86+/-12,88+/-13,91+/-13,94+/-13,97+/-14,99+/-14,102+/-15,105+/-15,107+/-15,110+/-16,113+/-16,116+/-16,118+/-17,121+/-17,124+/-18,126+/-18,129+/-18,132+/-19,135+/-19,137+/-19,140+/-20
Azerbaijan,506530,959882,0.0,0.096+/-0.014,0.196+/-0.030,0.30+/-0.05,0.43+/-0.07,0.56+/-0.10,0.75+/-0.15,0.88+/-0.18,0.99+/-0.20,1.10+/-0.22,1.20+/-0.24,1.29+/-0.25,1.37+/-0.25,1.45+/-0.26,1.53+/-0.27,1.61+/-0.28,1.69+/-0.28,1.77+/-0.29,1.85+/-0.30,1.93+/-0.31,2.01+/-0.32,2.09+/-0.32,2.17+/-0.33,2.25+/-0.34,2.33+/-0.35,2.4+/-0.4,2.5+/-0.4,2.6+/-0.4,2.6+/-0.4,2.7+/-0.4,2.8+/-0.4,2.9+/-0.4,3.0+/-0.4,3.0+/-0.4,3.1+/-0.5,3.2+/-0.5,3.3+/-0.5,3.4+/-0.5,3.4+/-0.5,3.5+/-0.5,3.6+/-0.5,3.7+/-0.5,3.8+/-0.5,3.8+/-0.5,3.9+/-0.6,4.0+/-0.6,4.1+/-0.6,4.2+/-0.6,4.2+/-0.6,4.3+/-0.6,4.4+/-0.6,4.5+/-0.6,4.6+/-0.6
Burundi,131681,354859,0.0,0.0+/-0,0.0+/-0,0.0+/-0,0.050+/-0.018,0.050+/-0.018,0.050+/-0.018,0.050+/-0.018,0.050+/-0.018,0.050+/-0.018,0.050+/-0.018,0.050+/-0.018,0.050+/-0.018,0.050+/-0.018,0.050+/-0.018,0.050+/-0.018,0.050+/-0.018,0.050+/-0.018,0.050+/-0.018,0.050+/-0.018,0.050+/-0.018,0.050+/-0.018,0.050+/-0.018,0.050+/-0.018,0.050+/-0.018,0.050+/-0.018,0.050+/-0.018,0.050+/-0.018,0.050+/-0.018,0.050+/-0.018,0.050+/-0.018,0.050+/-0.018,0.050+/-0.018,0.050+/-0.018,0.050+/-0.018,0.050+/-0.018,0.050+/-0.018,0.050+/-0.018,0.050+/-0.018,0.050+/-0.018,0.050+/-0.018,0.050+/-0.018,0.050+/-0.018,0.050+/-0.018,0.050+/-0.018,0.050+/-0.018,0.050+/-0.018,0.050+/-0.018,0.050+/-0.018,0.050+/-0.018,0.050+/-0.018,0.050+/-0.018,0.050+/-0.018
Belgium,416422,1013834,0.0,0.35+/-0.18,0.8+/-0.4,1.3+/-0.7,2.1+/-1.1,3.2+/-1.7,5.5+/-2.9,6.7+/-3.5,9+/-4,12+/-4,14+/-4,16+/-5,18+/-5,20+/-5,22+/-5,23+/-5,25+/-5,27+/-5,29+/-5,31+/-6,32+/-6,34+/-6,36+/-6,38+/-6,40+/-6,42+/-7,43+/-7,45+/-7,47+/-7,49+/-7,51+/-8,53+/-8,54+/-8,56+/-8,58+/-9,60+/-9,62+/-9,63+/-9,65+/-9,67+/-10,69+/-10,71+/-10,73+/-10,74+/-11,76+/-11,78+/-11,80+/-11,82+/-12,84+/-12,85+/-12,87+/-12,89+/-13,91+/-13
Benin,859152,2164082,0.0,0.0+/-0,0.0+/-0,0.0+/-0,0.0077+/-0.0027,0.0077+/-0.0027,0.0077+/-0.0027,0.0077+/-0.0027,0.0077+/-0.0027,0.0077+/-0.0027,0.0077+/-0.0027,0.0077+/-0.0027,0.0077+/-0.0027,0.0077+/-0.0027,0.0077+/-0.0027,0.0077+/-0.0027,0.0077+/-0.0027,0.0077+/-0.0027,0.0077+/-0.0027,0.0077+/-0.0027,0.0077+/-0.0027,0.0077+/-0.0027,0.0077+/-0.0027,0.0077+/-0.0027,0.0077+/-0.0027,0.0077+/-0.0027,0.0077+/-0.0027,0.0077+/-0.0027,0.0077+/-0.0027,0.0077+/-0.0027,0.0077+/-0.0027,0.0077+/-0.0027,0.0077+/-0.0027,0.0077+/-0.0027,0.0077+/-0.0027,0.0077+/-0.0027,0.0077+/-0.0027,0.0077+/-0.0027,0.0077+/-0.0027,0.0077+/-0.0027,0.0077+/-0.0027,0.0077+/-0.0027,0.0077+/-0.0027,0.0077+/-0.0027,0.0077+/-0.0027,0.0077+/-0.0027,0.0077+/-0.0027,0.0077+/-0.0027,0.0077+/-0.0027,0.0077+/-0.0027,0.0077+/-0.0027,0.0077+/-0.0027,0.0077+/-0.0027
Burkina Faso,260028,1074758,0.0,0.0+/-0,0.0+/-0,0.0+/-0,0.025+/-0.009,0.025+/-0.009,0.025+/-0.009,0.025+/-0.009,0.025+/-0.009,0.025+/-0.009,0.025+/-0.009,0.025+/-0.009,0.025+/-0.009,0.025+/-0.009,0.025+/-0.009,0.025+/-0.009,0.025+/-0.009,0.025+/-0.009,0.025+/-0.009,0.025+/-0.009,0.025+/-0.009,0.025+/-0.009,0.025+/-0.009,0.025+/-0.009,0.025+/-0.009,0.025+/-0.009,0.025+/-0.009,0.025+/-0.009,0.025+/-0.009,0.025+/-0.009,0.025+/-0.009,0.025+/-0.009,0.025+/-0.009,0.025+/-0.009,0.025+/-0.009,0.025+/-0.009,0.025+/-0.009,0.025+/-0.009,0.025+/-0.009,0.025+/-0.009,0.025+/-0.009,0.025+/-0.009,0.025+/-0.009,0.025+/-0.009,0.025+/-0.009,0.025+/-0.009,0.025+/-0.009,0.025+/-0.009,0.025+/-0.009,0.025+/-0.009,0.025+/-0.009,0.025+/-0.009,0.025+/-0.009
Bangladesh,13873723,22932196,0.0,0.080+/-0.012,0.164+/-0.025,0.25+/-0.04,0.47+/-0.07,0.58+/-0.09,0.73+/-0.13,0.84+/-0.15,0.93+/-0.17,1.02+/-0.18,1.10+/-0.19,1.18+/-0.20,1.25+/-0.21,1.32+/-0.21,1.39+/-0.22,1.45+/-0.23,1.52+/-0.23,1.59+/-0.24,1.66+/-0.25,1.73+/-0.25,1.79+/-0.26,1.86+/-0.27,1.93+/-0.28,2.00+/-0.29,2.07+/-0.29,2.13+/-0.30,2.20+/-0.31,2.27+/-0.32,2.34+/-0.33,2.40+/-0.34,2.47+/-0.34,2.54+/-0.35,2.6+/-0.4,2.7+/-0.4,2.7+/-0.4,2.8+/-0.4,2.9+/-0.4,2.9+/-0.4,3.0+/-0.4,3.1+/-0.4,3.2+/-0.4,3.2+/-0.4,3.3+/-0.5,3.4+/-0.5,3.4+/-0.5,3.5+/-0.5,3.6+/-0.5,3.6+/-0.5,3.7+/-0.5,3.8+/-0.5,3.8+/-0.5,3.9+/-0.5,4.0+/-0.5
Bulgaria,299042,727033,0.0,0.065+/-0.034,0.15+/-0.08,0.24+/-0.13,5.5+/-1.9,5.7+/-1.9,6.6+/-2.0,7.2+/-2.0,7.8+/-2.1,8.3+/-2.1,8.8+/-2.1,9.3+/-2.1,9.7+/-2.1,10.1+/-2.2,10.5+/-2.2,10.9+/-2.2,11.3+/-2.2,11.8+/-2.2,12.2+/-2.2,12.6+/-2.3,13.0+/-2.3,13.4+/-2.3,13.8+/-2.3,14.2+/-2.4,14.7+/-2.4,15.1+/-2.4,15.5+/-2.5,15.9+/-2.5,16.3+/-2.5,16.7+/-2.6,17.2+/-2.6,17.6+/-2.6,18.0+/-2.7,18.4+/-2.7,18.8+/-2.7,19.2+/-2.8,19.7+/-2.8,20.1+/-2.9,20.5+/-2.9,20.9+/-3.0,21.3+/-3.0,21.7+/-3.0,22.2+/-3.1,22.6+/-3.1,23.0+/-3.2,23.4+/-3.2,23.8+/-3.3,24.2+/-3.3,24.7+/-3.4,25.1+/-3.4,25.5+/-3.5,25.9+/-3.5,26+/-4
Bahrain,64057,170202,0.0,0.30+/-0.16,0.67+/-0.35,1.1+/-0.6,1.9+/-0.9,2.9+/-1.4,4.8+/-2.5,7.6+/-3.0,10.0+/-3.4,12+/-4,14+/-4,16+/-4,18+/-4,20+/-4,22+/-4,24+/-5,25+/-5,27+/-5,29+/-5,31+/-5,32+/-5,34+/-6,36+/-6,38+/-6,39+/-6,41+/-6,43+/-7,45+/-7,46+/-7,48+/-7,50+/-7,52+/-8,54+/-8,55+/-8,57+/-8,59+/-9,61+/-9,62+/-9,64+/-9,66+/-9,68+/-10,69+/-10,71+/-10,73+/-10,75+/-11,77+/-11,78+/-11,80+/-11,82+/-12,84+/-12,85+/-12,87+/-12,89+/-13
Bahamas,21812,58451,0.0,0.013+/-0.007,0.029+/-0.015,0.048+/-0.025,0.38+/-0.11,0.42+/-0.12,0.50+/-0.15,0.54+/-0.17,0.57+/-0.18,0.59+/-0.19,0.61+/-0.19,0.62+/-0.20,0.62+/-0.20,0.62+/-0.20,0.62+/-0.20,0.62+/-0.20,0.62+/-0.20,0.62+/-0.20,0.62+/-0.20,0.62+/-0.20,0.62+/-0.20,0.62+/-0.20,0.62+/-0.20,0.62+/-0.20,0.62+/-0.20,0.62+/-0.20,0.62+/-0.20,0.62+/-0.20,0.62+/-0.20,0.62+/-0.20,0.62+/-0.20,0.62+/-0.20,0.62+/-0.20,0.62+/-0.20,0.62+/-0.20,0.62+/-0.20,0.62+/-0.20,0.62+/-0.20,0.62+/-0.20,0.62+/-0.20,0.62+/-0.20,0.62+/-0.20,0.62+/-0.20,0.62+/-0.20,0.62+/-0.20,0.62+/-0.20,0.62+/-0.20,0.62+/-0.20,0.62+/-0.20,0.62+/-0.20,0.62+/-0.20,0.62+/-0.20,0.62+/-0.20
Bosnia and Herzegovina,130616,301676,0.0,0.055+/-0.028,0.12+/-0.06,0.20+/-0.11,5.5+/-1.9,5.7+/-1.9,6.0+/-2.0,6.2+/-2.0,6.6+/-2.0,7.0+/-2.0,7.4+/-2.0,7.7+/-2.1,8.0+/-2.1,8.3+/-2.1,8.6+/-2.1,8.9+/-2.1,9.2+/-2.1,9.5+/-2.1,9.8+/-2.1,10.1+/-2.1,10.4+/-2.1,10.7+/-2.1,11.0+/-2.2,11.3+/-2.2,11.6+/-2.2,11.9+/-2.2,12.2+/-2.2,12.5+/-2.2,12.8+/-2.3,13.1+/-2.3,13.4+/-2.3,13.7+/-2.3,14.0+/-2.3,14.3+/-2.4,14.6+/-2.4,14.9+/-2.4,15.2+/-2.4,15.5+/-2.4,15.8+/-2.5,16.1+/-2.5,16.5+/-2.5,16.8+/-2.5,17.1+/-2.6,17.4+/-2.6,17.7+/-2.6,18.0+/-2.7,18.3+/-2.7,18.6+/-2.7,18.9+/-2.7,19.2+/-2.8,19.5+/-2.8,19.8+/-2.8,20.1+/-2.9
Belarus,487570,993888,0.0,0.066+/-0.035,0.15+/-0.08,0.25+/-0.13,0.41+/-0.21,0.63+/-0.32,1.1+/-0.5,1.7+/-0.7,2.2+/-0.7,2.7+/-0.8,3.1+/-0.9,3.6+/-0.9,4.0+/-0.9,4.3+/-1.0,4.7+/-1.0,5.1+/-1.0,5.5+/-1.0,5.9+/-1.1,6.3+/-1.1,6.6+/-1.1,7.0+/-1.2,7.4+/-1.2,7.8+/-1.2,8.2+/-1.3,8.5+/-1.3,8.9+/-1.4,9.3+/-1.4,9.7+/-1.5,10.1+/-1.5,10.5+/-1.6,10.8+/-1.6,11.2+/-1.7,11.6+/-1.7,12.0+/-1.7,12.4+/-1.8,12.7+/-1.8,13.1+/-1.9,13.5+/-1.9,13.9+/-2.0,14.3+/-2.0,14.7+/-2.1,15.0+/-2.1,15.4+/-2.2,15.8+/-2.3,16.2+/-2.3,16.6+/-2.4,16.9+/-2.4,17.3+/-2.5,17.7+/-2.5,18.1+/-2.6,18.5+/-2.6,18.9+/-2.7,19.2+/-2.7
Belize,21166,54685,0.0,0.017+/-0.009,0.038+/-0.020,0.063+/-0.033,0.41+/-0.12,0.47+/-0.14,0.58+/-0.18,0.63+/-0.20,0.67+/-0.22,0.70+/-0.23,0.72+/-0.24,0.73+/-0.25,0.73+/-0.25,0.73+/-0.25,0.73+/-0.25,0.73+/-0.25,0.73+/-0.25,0.73+/-0.25,0.73+/-0.25,0.73+/-0.25,0.73+/-0.25,0.73+/-0.25,0.73+/-0.25,0.73+/-0.25,0.73+/-0.25,0.73+/-0.25,0.73+/-0.25,0.73+/-0.25,0.73+/-0.25,0.73+/-0.25,0.73+/-0.25,0.73+/-0.25,0.73+/-0.25,0.73+/-0.25,0.73+/-0.25,0.73+/-0.25,0.73+/-0.25,0.73+/-0.25,0.73+/-0.25,0.73+/-0.25,0.73+/-0.25,0.73+/-0.25,0.73+/-0.25,0.73+/-0.25,0.73+/-0.25,0.73+/-0.25,0.73+/-0.25,0.73+/-0.25,0.73+/-0.25,0.73+/-0.25,0.73+/-0.25,0.73+/-0.25,0.73+/-0.25
Bermuda,5387,11979,0.0,0.0+/-0,0.0+/-0,0.0+/-0,1.2+/-0.4,1.2+/-0.4,1.2+/-0.4,1.2+/-0.4,1.2+/-0.4,1.2+/-0.4,1.2+/-0.4,1.2+/-0.4,1.2+/-0.4,1.2+/-0.4,1.2+/-0.4,1.2+/-0.4,1.2+/-0.4,1.2+/-0.4,1.2+/-0.4,1.2+/-0.4,1.2+/-0.4,1.2+/-0.4,1.2+/-0.4,1.2+/-0.4,1.2+/-0.4,1.2+/-0.4,1.2+/-0.4,1.2+/-0.4,1.2+/-0.4,1.2+/-0.4,1.2+/-0.4,1.2+/-0.4,1.2+/-0.4,1.2+/-0.4,1.2+/-0.4,1.2+/-0.4,1.2+/-0.4,1.2+/-0.4,1.2+/-0.4,1.2+/-0.4,1.2+/-0.4,1.2+/-0.4,1.2+/-0.4,1.2+/-0.4,1.2+/-0.4,1.2+/-0.4,1.2+/-0.4,1.2+/-0.4,1.2+/-0.4,1.2+/-0.4,1.2+/-0.4,1.2+/-0.4,1.2+/-0.4
Bolivia,942619,2122108,0.0,0.053+/-0.008,0.108+/-0.017,0.165+/-0.026,0.24+/-0.04,0.31+/-0.05,0.41+/-0.08,0.48+/-0.10,0.55+/-0.11,0.60+/-0.12,0.66+/-0.13,0.71+/-0.14,0.75+/-0.14,0.80+/-0.14,0.84+/-0.15,0.89+/-0.15,0.93+/-0.15,0.97+/-0.16,1.02+/-0.16,1.06+/-0.17,1.11+/-0.17,1.15+/-0.18,1.20+/-0.18,1.24+/-0.19,1.28+/-0.19,1.33+/-0.20,1.37+/-0.20,1.42+/-0.21,1.46+/-0.21,1.50+/-0.22,1.55+/-0.23,1.59+/-0.23,1.64+/-0.24,1.68+/-0.24,1.72+/-0.25,1.77+/-0.25,1.81+/-0.26,1.86+/-0.27,1.90+/-0.27,1.94+/-0.28,1.99+/-0.28,2.03+/-0.29,2.08+/-0.30,2.12+/-0.30,2.16+/-0.31,2.21+/-0.31,2.25+/-0.32,2.30+/-0.33,2.34+/-0.33,2.38+/-0.34,2.43+/-0.34,2.47+/-0.35,2.5+/-0.4
Brazil,10082462,28084922,0.0,0.055+/-0.029,0.12+/-0.06,0.20+/-0.11,0.43+/-0.18,0.60+/-0.27,1.3+/-0.5,1.9+/-0.6,2.4+/-0.6,2.8+/-0.7,3.2+/-0.7,3.7+/-0.8,4.0+/-0.8,4.4+/-0.8,4.7+/-0.9,5.1+/-0.9,5.5+/-0.9,5.8+/-1.0,6.2+/-1.0,6.6+/-1.0,6.9+/-1.1,7.3+/-1.1,7.7+/-1.2,8.0+/-1.2,8.4+/-1.2,8.8+/-1.3,9.1+/-1.3,9.5+/-1.4,9.9+/-1.4,10.2+/-1.5,10.6+/-1.5,11.0+/-1.6,11.3+/-1.6,11.7+/-1.7,12.1+/-1.7,12.4+/-1.8,12.8+/-1.8,13.1+/-1.9,13.5+/-1.9,13.9+/-2.0,14.2+/-2.0,14.6+/-2.1,15.0+/-2.1,15.3+/-2.2,15.7+/-2.2,16.1+/-2.3,16.4+/-2.3,16.8+/-2.4,17.2+/-2.4,17.5+/-2.5,17.9+/-2.5,18.3+/-2.6,18.6+/-2.6
Barbados,12210,32688,0.0,0.060+/-0.032,0.14+/-0.07,0.23+/-0.12,0.90+/-0.27,1.10+/-0.35,1.5+/-0.5,1.7+/-0.6,1.8+/-0.7,1.9+/-0.7,2.0+/-0.8,2.0+/-0.8,2.0+/-0.8,2.0+/-0.8,2.0+/-0.8,2.0+/-0.8,2.0+/-0.8,2.0+/-0.8,2.0+/-0.8,2.0+/-0.8,2.0+/-0.8,2.0+/-0.8,2.0+/-0.8,2.0+/-0.8,2.0+/-0.8,2.0+/-0.8,2.0+/-0.8,2.0+/-0.8,2.0+/-0.8,2.0+/-0.8,2.0+/-0.8,2.0+/-0.8,2.0+/-0.8,2.0+/-0.8,2.0+/-0.8,2.0+/-0.8,2.0+/-0.8,2.0+/-0.8,2.0+/-0.8,2.0+/-0.8,2.0+/-0.8,2.0+/-0.8,2.0+/-0.8,2.0+/-0.8,2.0+/-0.8,2.0+/-0.8,2.0+/-0.8,2.0+/-0.8,2.0+/-0.8,2.0+/-0.8,2.0+/-0.8,2.0+/-0.8,2.0+/-0.8
Brunei Darussalam,19748,52562,0.0,0.15+/-0.08,0.35+/-0.18,0.58+/-0.30,5.0+/-1.6,5.5+/-1.7,6.5+/-2.0,7.0+/-2.2,7.4+/-2.3,7.6+/-2.4,7.8+/-2.5,7.9+/-2.5,7.9+/-2.5,7.9+/-2.5,7.9+/-2.5,7.9+/-2.5,7.9+/-2.5,7.9+/-2.5,7.9+/-2.5,7.9+/-2.5,7.9+/-2.5,7.9+/-2.5,7.9+/-2.5,7.9+/-2.5,7.9+/-2.5,7.9+/-2.5,7.9+/-2.5,7.9+/-2.5,7.9+/-2.5,7.9+/-2.5,7.9+/-2.5,7.9+/-2.5,7.9+/-2.5,7.9+/-2.5,7.9+/-2.5,7.9+/-2.5,7.9+/-2.5,7.9+/-2.5,7.9+/-2.5,7.9+/-2.5,7.9+/-2.5,7.9+/-2.5,7.9+/-2.5,7.9+/-2.5,7.9+/-2.5,7.9+/-2.5,7.9+/-2.5,7.9+/-2.5,7.9+/-2.5,7.9+/-2.5,7.9+/-2.5,7.9+/-2.5,7.9+/-2.5
Bhutan,70084,94333,0.0,0.0066+/-0.0035,0.015+/-0.008,0.025+/-0.013,0.13+/-0.04,0.16+/-0.05,0.20+/-0.06,0.22+/-0.07,0.24+/-0.08,0.25+/-0.09,0.25+/-0.09,0.26+/-0.09,0.26+/-0.09,0.26+/-0.09,0.26+/-0.09,0.26+/-0.09,0.26+/-0.09,0.26+/-0.09,0.26+/-0.09,0.26+/-0.09,0.26+/-0.09,0.26+/-0.09,0.26+/-0.09,0.26+/-0.09,0.26+/-0.09,0.26+/-0.09,0.26+/-0.09,0.26+/-0.09,0.26+/-0.09,0.26+/-0.09,0.26+/-0.09,0.26+/-0.09,0.26+/-0.09,0.26+/-0.09,0.26+/-0.09,0.26+/-0.09,0.26+/-0.09,0.26+/-0.09,0.26+/-0.09,0.26+/-0.09,0.26+/-0.09,0.26+/-0.09,0.26+/-0.09,0.26+/-0.09,0.26+/-0.09,0.26+/-0.09,0.26+/-0.09,0.26+/-0.09,0.26+/-0.09,0.26+/-0.09,0.26+/-0.09,0.26+/-0.09,0.26+/-0.09
Botswana,103490,263100,0.0,0.0+/-0,0.0+/-0,0.0+/-0,2.4+/-0.9,2.4+/-0.9,2.4+/-0.9,2.4+/-0.9,2.4+/-0.9,2.4+/-0.9,2.4+/-0.9,2.4+/-0.9,2.4+/-0.9,2.4+/-0.9,2.4+/-0.9,2.4+/-0.9,2.4+/-0.9,2.4+/-0.9,2.4+/-0.9,2.4+/-0.9,2.4+/-0.9,2.4+/-0.9,2.4+/-0.9,2.4+/-0.9,2.4+/-0.9,2.4+/-0.9,2.4+/-0.9,2.4+/-0.9,2.4+/-0.9,2.4+/-0.9,2.4+/-0.9,2.4+/-0.9,2.4+/-0.9,2.4+/-0.9,2.4+/-0.9,2.4+/-0.9,2.4+/-0.9,2.4+/-0.9,2.4+/-0.9,2.4+/-0.9,2.4+/-0.9,2.4+/-0.9,2.4+/-0.9,2.4+/-0.9,2.4+/-0.9,2.4+/-0.9,2.4+/-0.9,2.4+/-0.9,2.4+/-0.9,2.4+/-0.9,2.4+/-0.9,2.4+/-0.9,2.4+/-0.9
Central African Republic,184454,587339,0.0,0.0+/-0,0.0+/-0,0.0+/-0,0.036+/-0.013,0.036+/-0.013,0.036+/-0.013,0.036+/-0.013,0.036+/-0.013,0.036+/-0.013,0.036+/-0.013,0.036+/-0.013,0.036+/-0.013,0.036+/-0.013,0.036+/-0.013,0.036+/-0.013,0.036+/-0.013,0.036+/-0.013,0.036+/-0.013,0.036+/-0.013,0.036+/-0.013,0.036+/-0.013,0.036+/-0.013,0.036+/-0.013,0.036+/-0.013,0.036+/-0.013,0.036+/-0.013,0.036+/-0.013,0.036+/-0.013,0.036+/-0.013,0.036+/-0.013,0.036+/-0.013,0.036+/-0.013,0.036+/-0.013,0.036+/-0.013,0.036+/-0.013,0.036+/-0.013,0.036+/-0.013,0.036+/-0.013,0.036+/-0.013,0.036+/-0.013,0.036+/-0.013,0.036+/-0.013,0.036+/-0.013,0.036+/-0.013,0.036+/-0.013,0.036+/-0.013,0.036+/-0.013,0.036+/-0.013,0.036+/-0.013,0.036+/-0.013,0.036+/-0.013,0.036+/-0.013
Canada,1957736,4628920,0.0,0.15+/-0.08,1.56+/-0.25,3.0+/-0.5,5.1+/-0.7,6.8+/-1.0,9.0+/-1.5,10.7+/-1.9,12.3+/-2.1,13.7+/-2.3,15.1+/-2.5,16.5+/-2.7,17.7+/-2.8,18.9+/-2.9,20.2+/-3.1,21.4+/-3.2,22.6+/-3.3,23.8+/-3.5,25+/-4,26+/-4,27+/-4,29+/-4,30+/-4,31+/-4,32+/-5,34+/-5,35+/-5,36+/-5,37+/-5,38+/-5,40+/-6,41+/-6,42+/-6,43+/-6,45+/-6,46+/-6,47+/-7,48+/-7,49+/-7,51+/-7,52+/-7,53+/-7,54+/-8,56+/-8,57+/-8,58+/-8,59+/-8,60+/-8,62+/-9,63+/-9,64+/-9,65+/-9,67+/-9
Switzerland,426586,940745,0.0,4.1+/-0.6,8.4+/-1.3,12.9+/-2.1,18.0+/-3.1,24+/-4,32+/-7,38+/-8,43+/-9,47+/-10,52+/-11,56+/-11,59+/-11,63+/-12,66+/-12,69+/-12,73+/-13,76+/-13,80+/-13,83+/-14,86+/-14,90+/-14,93+/-15,96+/-15,100+/-15,103+/-16,107+/-16,110+/-17,113+/-17,117+/-17,120+/-18,123+/-18,127+/-19,130+/-19,133+/-20,137+/-20,140+/-20,144+/-21,147+/-21,150+/-22,154+/-22,157+/-23,160+/-23,164+/-24,167+/-24,171+/-24,174+/-25,177+/-25,181+/-26,184+/-26,187+/-27,191+/-27,194+/-28
Chile,928567,2511683,0.0,0.064+/-0.033,0.14+/-0.08,0.24+/-0.13,1.8+/-0.6,2.0+/-0.6,2.4+/-0.7,3.0+/-0.8,3.5+/-0.9,4.0+/-0.9,4.4+/-1.0,4.8+/-1.0,5.2+/-1.0,5.6+/-1.1,6.0+/-1.1,6.3+/-1.1,6.7+/-1.1,7.1+/-1.2,7.4+/-1.2,7.8+/-1.2,8.2+/-1.2,8.6+/-1.3,8.9+/-1.3,9.3+/-1.4,9.7+/-1.4,10.1+/-1.4,10.4+/-1.5,10.8+/-1.5,11.2+/-1.6,11.5+/-1.6,11.9+/-1.6,12.3+/-1.7,12.7+/-1.7,13.0+/-1.8,13.4+/-1.8,13.8+/-1.9,14.1+/-1.9,14.5+/-2.0,14.9+/-2.0,15.3+/-2.1,15.6+/-2.1,16.0+/-2.2,16.4+/-2.2,16.8+/-2.3,17.1+/-2.3,17.5+/-2.4,17.9+/-2.4,18.2+/-2.5,18.6+/-2.5,19.0+/-2.6,19.4+/-2.6,19.7+/-2.7,20.1+/-2.7
China,88697526,188501997,0.0,0.76+/-0.11,5.5+/-0.9,6.4+/-1.0,11.9+/-2.0,13.1+/-2.1,14.6+/-2.3,15.9+/-2.4,17.0+/-2.5,18.1+/-2.7,19.2+/-2.8,20.2+/-2.9,21.2+/-3.0,22.1+/-3.1,23.0+/-3.2,24.0+/-3.3,24.9+/-3.4,25.8+/-3.5,27+/-4,28+/-4,29+/-4,30+/-4,31+/-4,31+/-4,32+/-4,33+/-4,34+/-5,35+/-5,36+/-5,37+/-5,38+/-5,39+/-5,40+/-5,41+/-5,42+/-6,43+/-6,44+/-6,45+/-6,46+/-6,46+/-6,47+/-6,48+/-6,49+/-7,50+/-7,51+/-7,52+/-7,53+/-7,54+/-7,55+/-7,56+/-8,57+/-8,58+/-8,59+/-8
Côte d'Ivoire,2193679,4540653,0.0,0.0+/-0,0.0+/-0,0.0+/-0,0.0030+/-0.0011,0.0030+/-0.0011,0.0030+/-0.0011,0.0030+/-0.0011,0.0030+/-0.0011,0.0030+/-0.0011,0.0030+/-0.0011,0.0030+/-0.0011,0.0030+/-0.0011,0.0030+/-0.0011,0.0030+/-0.0011,0.0030+/-0.0011,0.0030+/-0.0011,0.0030+/-0.0011,0.0030+/-0.0011,0.0030+/-0.0011,0.0030+/-0.0011,0.0030+/-0.0011,0.0030+/-0.0011,0.0030+/-0.0011,0.0030+/-0.0011,0.0030+/-0.0011,0.0030+/-0.0011,0.0030+/-0.0011,0.0030+/-0.0011,0.0030+/-0.0011,0.0030+/-0.0011,0.0030+/-0.0011,0.0030+/-0.0011,0.0030+/-0.0011,0.0030+/-0.0011,0.0030+/-0.0011,0.0030+/-0.0011,0.0030+/-0.0011,0.0030+/-0.0011,0.0030+/-0.0011,0.0030+/-0.0011,0.0030+/-0.0011,0.0030+/-0.0011,0.0030+/-0.0011,0.0030+/-0.0011,0.0030+/-0.0011,0.0030+/-0.0011,0.0030+/-0.0011,0.0030+/-0.0011,0.0030+/-0.0011,0.0030+/-0.0011,0.0030+/-0.0011,0.0030+/-0.0011
Cameroon,418763,984245,0.0,0.0+/-0,0.0+/-0,0.0+/-0,0.016+/-0.006,0.016+/-0.006,0.016+/-0.006,0.016+/-0.006,0.016+/-0.006,0.016+/-0.006,0.016+/-0.006,0.016+/-0.006,0.016+/-0.006,0.016+/-0.006,0.016+/-0.006,0.016+/-0.006,0.016+/-0.006,0.016+/-0.006,0.016+/-0.006,0.016+/-0.006,0.016+/-0.006,0.016+/-0.006,0.016+/-0.006,0.016+/-0.006,0.016+/-0.006,0.016+/-0.006,0.016+/-0.006,0.016+/-0.006,0.016+/-0.006,0.016+/-0.006,0.016+/-0.006,0.016+/-0.006,0.016+/-0.006,0.016+/-0.006,0.016+/-0.006,0.016+/-0.006,0.016+/-0.006,0.016+/-0.006,0.016+/-0.006,0.016+/-0.006,0.016+/-0.006,0.016+/-0.006,0.016+/-0.006,0.016+/-0.006,0.016+/-0.006,0.016+/-0.006,0.016+/-0.006,0.016+/-0.006,0.016+/-0.006,0.016+/-0.006,0.016+/-0.006,0.016+/-0.006,0.016+/-0.006
DR Congo,5898687,8414717,0.0,0.0+/-0,0.0+/-0,0.0+/-0,0.0011+/-0.0004,0.0011+/-0.0004,0.0011+/-0.0004,0.0011+/-0.0004,0.0011+/-0.0004,0.0011+/-0.0004,0.0011+/-0.0004,0.0011+/-0.0004,0.0011+/-0.0004,0.0011+/-0.0004,0.0011+/-0.0004,0.0011+/-0.0004,0.0011+/-0.0004,0.0011+/-0.0004,0.0011+/-0.0004,0.0011+/-0.0004,0.0011+/-0.0004,0.0011+/-0.0004,0.0011+/-0.0004,0.0011+/-0.0004,0.0011+/-0.0004,0.0011+/-0.0004,0.0011+/-0.0004,0.0011+/-0.0004,0.0011+/-0.0004,0.0011+/-0.0004,0.0011+/-0.0004,0.0011+/-0.0004,0.0011+/-0.0004,0.0011+/-0.0004,0.0011+/-0.0004,0.0011+/-0.0004,0.0011+/-0.0004,0.0011+/-0.0004,0.0011+/-0.0004,0.0011+/-0.0004,0.0011+/-0.0004,0.0011+/-0.0004,0.0011+/-0.0004,0.0011+/-0.0004,0.0011+/-0.0004,0.0011+/-0.0004,0.0011+/-0.0004,0.0011+/-0.0004,0.0011+/-0.0004,0.0011+/-0.0004,0.0011+/-0.0004,0.0011+/-0.0004,0.0011+/-0.0004
Congo Republic,96579,226997,0.0,0.0+/-0,0.0+/-0,0.0+/-0,0.068+/-0.024,0.068+/-0.024,0.068+/-0.024,0.068+/-0.024,0.068+/-0.024,0.068+/-0.024,0.068+/-0.024,0.068+/-0.024,0.068+/-0.024,0.068+/-0.024,0.068+/-0.024,0.068+/-0.024,0.068+/-0.024,0.068+/-0.024,0.068+/-0.024,0.068+/-0.024,0.068+/-0.024,0.068+/-0.024,0.068+/-0.024,0.068+/-0.024,0.068+/-0.024,0.068+/-0.024,0.068+/-0.024,0.068+/-0.024,0.068+/-0.024,0.068+/-0.024,0.068+/-0.024,0.068+/-0.024,0.068+/-0.024,0.068+/-0.024,0.068+/-0.024,0.068+/-0.024,0.068+/-0.024,0.068+/-0.024,0.068+/-0.024,0.068+/-0.024,0.068+/-0.024,0.068+/-0.024,0.068+/-0.024,0.068+/-0.024,0.068+/-0.024,0.068+/-0.024,0.068+/-0.024,0.068+/-0.024,0.068+/-0.024,0.068+/-0.024,0.068+/-0.024,0.068+/-0.024,0.068+/-0.024
Colombia,2455746,6729973,0.0,0.031+/-0.016,0.07+/-0.04,0.12+/-0.06,0.41+/-0.13,0.51+/-0.17,0.71+/-0.27,1.00+/-0.32,1.2+/-0.4,1.5+/-0.4,1.7+/-0.4,1.9+/-0.4,2.1+/-0.4,2.3+/-0.5,2.5+/-0.5,2.6+/-0.5,2.8+/-0.5,3.0+/-0.5,3.2+/-0.5,3.4+/-0.5,3.5+/-0.6,3.7+/-0.6,3.9+/-0.6,4.1+/-0.6,4.3+/-0.6,4.4+/-0.7,4.6+/-0.7,4.8+/-0.7,5.0+/-0.7,5.2+/-0.7,5.4+/-0.8,5.5+/-0.8,5.7+/-0.8,5.9+/-0.8,6.1+/-0.9,6.3+/-0.9,6.4+/-0.9,6.6+/-0.9,6.8+/-0.9,7.0+/-1.0,7.2+/-1.0,7.3+/-1.0,7.5+/-1.0,7.7+/-1.1,7.9+/-1.1,8.1+/-1.1,8.3+/-1.1,8.4+/-1.2,8.6+/-1.2,8.8+/-1.2,9.0+/-1.2,9.2+/-1.3,9.3+/-1.3
Comoros,30567,61629,0.0,0.0+/-0,0.0+/-0,0.0+/-0,0.22+/-0.08,0.22+/-0.08,0.22+/-0.08,0.22+/-0.08,0.22+/-0.08,0.22+/-0.08,0.22+/-0.08,0.22+/-0.08,0.22+/-0.08,0.22+/-0.08,0.22+/-0.08,0.22+/-0.08,0.22+/-0.08,0.22+/-0.08,0.22+/-0.08,0.22+/-0.08,0.22+/-0.08,0.22+/-0.08,0.22+/-0.08,0.22+/-0.08,0.22+/-0.08,0.22+/-0.08,0.22+/-0.08,0.22+/-0.08,0.22+/-0.08,0.22+/-0.08,0.22+/-0.08,0.22+/-0.08,0.22+/-0.08,0.22+/-0.08,0.22+/-0.08,0.22+/-0.08,0.22+/-0.08,0.22+/-0.08,0.22+/-0.08,0.22+/-0.08,0.22+/-0.08,0.22+/-0.08,0.22+/-0.08,0.22+/-0.08,0.22+/-0.08,0.22+/-0.08,0.22+/-0.08,0.22+/-0.08,0.22+/-0.08,0.22+/-0.08,0.22+/-0.08,0.22+/-0.08,0.22+/-0.08
Cabo Verde,22719,57036,0.0,0.0+/-0,0.0+/-0,0.0+/-0,0.29+/-0.10,0.29+/-0.10,0.29+/-0.10,0.29+/-0.10,0.29+/-0.10,0.29+/-0.10,0.29+/-0.10,0.29+/-0.10,0.29+/-0.10,0.29+/-0.10,0.29+/-0.10,0.29+/-0.10,0.29+/-0.10,0.29+/-0.10,0.29+/-0.10,0.29+/-0.10,0.29+/-0.10,0.29+/-0.10,0.29+/-0.10,0.29+/-0.10,0.29+/-0.10,0.29+/-0.10,0.29+/-0.10,0.29+/-0.10,0.29+/-0.10,0.29+/-0.10,0.29+/-0.10,0.29+/-0.10,0.29+/-0.10,0.29+/-0.10,0.29+/-0.10,0.29+/-0.10,0.29+/-0.10,0.29+/-0.10,0.29+/-0.10,0.29+/-0.10,0.29+/-0.10,0.29+/-0.10,0.29+/-0.10,0.29+/-0.10,0.29+/-0.10,0.29+/-0.10,0.29+/-0.10,0.29+/-0.10,0.29+/-0.10,0.29+/-0.10,0.29+/-0.10,0.29+/-0.10,0.29+/-0.10
Costa Rica,211236,570927,0.0,0.11+/-0.06,0.24+/-0.13,0.40+/-0.21,0.68+/-0.34,1.0+/-0.5,1.7+/-0.9,2.7+/-1.1,3.6+/-1.2,4.5+/-1.3,5.3+/-1.4,6.0+/-1.5,6.7+/-1.5,7.4+/-1.6,8.0+/-1.6,8.7+/-1.7,9.3+/-1.7,10.0+/-1.8,10.7+/-1.8,11.3+/-1.9,12.0+/-2.0,12.6+/-2.0,13.3+/-2.1,14.0+/-2.2,14.6+/-2.2,15.3+/-2.3,16.0+/-2.4,16.6+/-2.5,17.3+/-2.6,17.9+/-2.6,18.6+/-2.7,19.3+/-2.8,19.9+/-2.9,20.6+/-3.0,21.2+/-3.1,21.9+/-3.2,22.6+/-3.2,23.2+/-3.3,23.9+/-3.4,24.6+/-3.5,25+/-4,26+/-4,27+/-4,27+/-4,28+/-4,29+/-4,29+/-4,30+/-4,31+/-4,31+/-4,32+/-5,33+/-5,33+/-5
Cuba,332951,1018354,0.0,0.41+/-0.06,0.84+/-0.13,1.29+/-0.21,1.81+/-0.30,2.4+/-0.4,3.2+/-0.7,3.8+/-0.8,4.3+/-0.9,4.7+/-1.0,5.2+/-1.0,5.6+/-1.1,5.9+/-1.1,6.2+/-1.1,6.6+/-1.2,6.9+/-1.2,7.3+/-1.2,7.6+/-1.3,8.0+/-1.3,8.3+/-1.3,8.6+/-1.4,9.0+/-1.4,9.3+/-1.4,9.7+/-1.5,10.0+/-1.5,10.3+/-1.6,10.7+/-1.6,11.0+/-1.6,11.4+/-1.7,11.7+/-1.7,12.0+/-1.8,12.4+/-1.8,12.7+/-1.9,13.1+/-1.9,13.4+/-1.9,13.8+/-2.0,14.1+/-2.0,14.4+/-2.1,14.8+/-2.1,15.1+/-2.2,15.5+/-2.2,15.8+/-2.3,16.1+/-2.3,16.5+/-2.4,16.8+/-2.4,17.2+/-2.4,17.5+/-2.5,17.8+/-2.5,18.2+/-2.6,18.5+/-2.6,18.9+/-2.7,19.2+/-2.7,19.5+/-2.8
Curaçao,7335,16311,0.0,0.0+/-0,0.0+/-0,0.0+/-0,0.90+/-0.32,0.90+/-0.32,0.90+/-0.32,0.90+/-0.32,0.90+/-0.32,0.90+/-0.32,0.90+/-0.32,0.90+/-0.32,0.90+/-0.32,0.90+/-0.32,0.90+/-0.32,0.90+/-0.32,0.90+/-0.32,0.90+/-0.32,0.90+/-0.32,0.90+/-0.32,0.90+/-0.32,0.90+/-0.32,0.90+/-0.32,0.90+/-0.32,0.90+/-0.32,0.90+/-0.32,0.90+/-0.32,0.90+/-0.32,0.90+/-0.32,0.90+/-0.32,0.90+/-0.32,0.90+/-0.32,0.90+/-0.32,0.90+/-0.32,0.90+/-0.32,0.90+/-0.32,0.90+/-0.32,0.90+/-0.32,0.90+/-0.32,0.90+/-0.32,0.90+/-0.32,0.90+/-0.32,0.90+/-0.32,0.90+/-0.32,0.90+/-0.32,0.90+/-0.32,0.90+/-0.32,0.90+/-0.32,0.90+/-0.32,0.90+/-0.32,0.90+/-0.32,0.90+/-0.32,0.90+/-0.32
Cayman Islands,6197,13780,0.0,0.0+/-0,0.0+/-0,0.0+/-0,1.1+/-0.4,1.1+/-0.4,1.1+/-0.4,1.1+/-0.4,1.1+/-0.4,1.1+/-0.4,1.1+/-0.4,1.1+/-0.4,1.1+/-0.4,1.1+/-0.4,1.1+/-0.4,1.1+/-0.4,1.1+/-0.4,1.1+/-0.4,1.1+/-0.4,1.1+/-0.4,1.1+/-0.4,1.1+/-0.4,1.1+/-0.4,1.1+/-0.4,1.1+/-0.4,1.1+/-0.4,1.1+/-0.4,1.1+/-0.4,1.1+/-0.4,1.1+/-0.4,1.1+/-0.4,1.1+/-0.4,1.1+/-0.4,1.1+/-0.4,1.1+/-0.4,1.1+/-0.4,1.1+/-0.4,1.1+/-0.4,1.1+/-0.4,1.1+/-0.4,1.1+/-0.4,1.1+/-0.4,1.1+/-0.4,1.1+/-0.4,1.1+/-0.4,1.1+/-0.4,1.1+/-0.4,1.1+/-0.4,1.1+/-0.4,1.1+/-0.4,1.1+/-0.4,1.1+/-0.4,1.1+/-0.4
Cyprus,51821,155844,0.0,0.057+/-0.030,0.13+/-0.07,0.21+/-0.11,0.47+/-0.18,0.65+/-0.28,1.0+/-0.5,1.2+/-0.6,1.3+/-0.6,1.4+/-0.7,1.5+/-0.7,1.5+/-0.7,1.5+/-0.7,1.5+/-0.7,1.5+/-0.7,1.5+/-0.7,1.5+/-0.7,1.5+/-0.7,1.5+/-0.7,1.5+/-0.7,1.5+/-0.7,1.5+/-0.7,1.5+/-0.7,1.5+/-0.7,1.5+/-0.7,1.5+/-0.7,1.5+/-0.7,1.5+/-0.7,1.5+/-0.7,1.5+/-0.7,1.5+/-0.7,1.5+/-0.7,1.5+/-0.7,1.5+/-0.7,1.5+/-0.7,1.5+/-0.7,1.5+/-0.7,1.5+/-0.7,1.5+/-0.7,1.5+/-0.7,1.5+/-0.7,1.5+/-0.7,1.5+/-0.7,1.5+/-0.7,1.5+/-0.7,1.5+/-0.7,1.5+/-0.7,1.5+/-0.7,1.5+/-0.7,1.5+/-0.7,1.5+/-0.7,1.5+/-0.7,1.5+/-0.7
Czechia,518320,1099518,0.0,0.26+/-0.14,0.59+/-0.31,1.0+/-0.5,7.9+/-1.9,10.6+/-2.1,14.2+/-2.8,17.0+/-3.3,19+/-4,22+/-4,24+/-4,26+/-4,28+/-5,30+/-5,32+/-5,34+/-5,36+/-5,37+/-5,39+/-6,41+/-6,43+/-6,45+/-6,47+/-7,49+/-7,51+/-7,53+/-7,55+/-7,56+/-8,58+/-8,60+/-8,62+/-8,64+/-9,66+/-9,68+/-9,70+/-9,72+/-10,73+/-10,75+/-10,77+/-10,79+/-11,81+/-11,83+/-11,85+/-12,87+/-12,89+/-12,90+/-12,92+/-13,94+/-13,96+/-13,98+/-13,100+/-14,102+/-14,104+/-14
Germany,3977563,8775365,0.0,3.0+/-0.4,22.2+/-3.4,26+/-4,32+/-5,37+/-5,43+/-6,49+/-7,53+/-8,58+/-9,62+/-9,66+/-10,70+/-10,74+/-11,77+/-11,81+/-12,85+/-12,89+/-13,92+/-13,96+/-14,100+/-14,104+/-15,107+/-15,111+/-16,115+/-16,119+/-17,122+/-17,126+/-18,130+/-18,134+/-19,138+/-19,141+/-20,145+/-20,149+/-21,153+/-21,156+/-22,160+/-22,164+/-23,168+/-23,171+/-24,175+/-25,179+/-25,183+/-26,186+/-26,190+/-27,194+/-27,198+/-28,201+/-28,205+/-29,209+/-29,213+/-30,216+/-31,220+/-31
Djibouti,21697,52090,0.0,0.0+/-0,0.0+/-0,0.0+/-0,0.30+/-0.11,0.30+/-0.11,0.30+/-0.11,0.30+/-0.11,0.30+/-0.11,0.30+/-0.11,0.30+/-0.11,0.30+/-0.11,0.30+/-0.11,0.30+/-0.11,0.30+/-0.11,0.30+/-0.11,0.30+/-0.11,0.30+/-0.11,0.30+/-0.11,0.30+/-0.11,0.30+/-0.11,0.30+/-0.11,0.30+/-0.11,0.30+/-0.11,0.30+/-0.11,0.30+/-0.11,0.30+/-0.11,0.30+/-0.11,0.30+/-0.11,0.30+/-0.11,0.30+/-0.11,0.30+/-0.11,0.30+/-0.11,0.30+/-0.11,0.30+/-0.11,0.30+/-0.11,0.30+/-0.11,0.30+/-0.11,0.30+/-0.11,0.30+/-0.11,0.30+/-0.11,0.30+/-0.11,0.30+/-0.11,0.30+/-0.11,0.30+/-0.11,0.30+/-0.11,0.30+/-0.11,0.30+/-0.11,0.30+/-0.11,0.30+/-0.11,0.30+/-0.11,0.30+/-0.11,0.30+/-0.11
Dominica,4551,6584,0.0,0.008+/-0.004,0.017+/-0.009,0.028+/-0.015,1.5+/-0.5,1.5+/-0.5,1.6+/-0.5,1.6+/-0.5,1.6+/-0.5,1.6+/-0.5,1.6+/-0.5,1.6+/-0.5,1.6+/-0.5,1.6+/-0.5,1.6+/-0.5,1.6+/-0.5,1.6+/-0.5,1.6+/-0.5,1.6+/-0.5,1.6+/-0.5,1.6+/-0.5,1.6+/-0.5,1.6+/-0.5,1.6+/-0.5,1.6+/-0.5,1.6+/-0.5,1.6+/-0.5,1.6+/-0.5,1.6+/-0.5,1.6+/-0.5,1.6+/-0.5,1.6+/-0.5,1.6+/-0.5,1.6+/-0.5,1.6+/-0.5,1.6+/-0.5,1.6+/-0.5,1.6+/-0.5,1.6+/-0.5,1.6+/-0.5,1.6+/-0.5,1.6+/-0.5,1.6+/-0.5,1.6+/-0.5,1.6+/-0.5,1.6+/-0.5,1.6+/-0.5,1.6+/-0.5,1.6+/-0.5,1.6+/-0.5,1.6+/-0.5,1.6+/-0.5,1.6+/-0.5
Denmark,272482,695015,0.0,0.47+/-0.24,1.1+/-0.5,1.8+/-0.9,6.6+/-1.6,11.5+/-2.5,18+/-4,23+/-5,27+/-6,31+/-6,35+/-7,39+/-7,42+/-8,45+/-8,49+/-8,52+/-8,55+/-9,58+/-9,62+/-10,65+/-10,68+/-10,72+/-11,75+/-11,78+/-11,82+/-12,85+/-12,88+/-13,91+/-13,95+/-14,98+/-14,101+/-14,105+/-15,108+/-15,111+/-16,115+/-16,118+/-17,121+/-17,124+/-18,128+/-18,131+/-19,134+/-19,138+/-19,141+/-20,144+/-20,148+/-21,151+/-21,154+/-22,158+/-22,161+/-23,164+/-23,167+/-24,171+/-24,174+/-25
Dominican Republic,370630,1133600,0.0,0.54+/-0.08,1.10+/-0.17,1.69+/-0.27,3.3+/-0.5,4.1+/-0.7,5.1+/-0.9,5.8+/-1.1,6.5+/-1.2,7.1+/-1.3,7.6+/-1.4,8.2+/-1.4,8.6+/-1.5,9.1+/-1.5,9.5+/-1.5,10.0+/-1.6,10.4+/-1.6,10.9+/-1.7,11.3+/-1.7,11.8+/-1.8,12.2+/-1.8,12.7+/-1.9,13.2+/-1.9,13.6+/-2.0,14.1+/-2.0,14.5+/-2.1,15.0+/-2.1,15.4+/-2.2,15.9+/-2.2,16.3+/-2.3,16.8+/-2.3,17.2+/-2.4,17.7+/-2.5,18.1+/-2.5,18.6+/-2.6,19.0+/-2.6,19.5+/-2.7,19.9+/-2.7,20.4+/-2.8,20.8+/-2.9,21.3+/-2.9,21.7+/-3.0,22.2+/-3.0,22.6+/-3.1,23.1+/-3.2,23.5+/-3.2,24.0+/-3.3,24.4+/-3.4,24.9+/-3.4,25.3+/-3.5,25.8+/-3.5,26+/-4,27+/-4
Algeria,1588147,3256383,0.0,0.027+/-0.014,0.062+/-0.032,0.10+/-0.05,0.17+/-0.09,0.26+/-0.13,0.44+/-0.23,0.52+/-0.27,0.74+/-0.30,0.93+/-0.33,1.12+/-0.35,1.3+/-0.4,1.4+/-0.4,1.6+/-0.4,1.7+/-0.4,1.9+/-0.4,2.1+/-0.4,2.2+/-0.4,2.4+/-0.4,2.5+/-0.4,2.7+/-0.5,2.8+/-0.5,3.0+/-0.5,3.1+/-0.5,3.3+/-0.5,3.4+/-0.5,3.6+/-0.6,3.7+/-0.6,3.9+/-0.6,4.0+/-0.6,4.2+/-0.6,4.3+/-0.6,4.5+/-0.7,4.6+/-0.7,4.8+/-0.7,4.9+/-0.7,5.1+/-0.7,5.2+/-0.8,5.4+/-0.8,5.5+/-0.8,5.7+/-0.8,5.8+/-0.8,6.0+/-0.9,6.1+/-0.9,6.3+/-0.9,6.4+/-0.9,6.6+/-0.9,6.8+/-1.0,6.9+/-1.0,7.1+/-1.0,7.2+/-1.0,7.4+/-1.0,7.5+/-1.1
Ecuador,1111154,2461923,0.0,0.153+/-0.023,0.31+/-0.05,0.48+/-0.07,0.67+/-0.11,0.88+/-0.15,1.16+/-0.23,1.37+/-0.28,1.56+/-0.31,1.72+/-0.34,1.9+/-0.4,2.0+/-0.4,2.2+/-0.4,2.3+/-0.4,2.4+/-0.4,2.6+/-0.4,2.7+/-0.4,2.8+/-0.5,2.9+/-0.5,3.1+/-0.5,3.2+/-0.5,3.3+/-0.5,3.5+/-0.5,3.6+/-0.5,3.7+/-0.6,3.8+/-0.6,4.0+/-0.6,4.1+/-0.6,4.2+/-0.6,4.4+/-0.6,4.5+/-0.7,4.6+/-0.7,4.7+/-0.7,4.9+/-0.7,5.0+/-0.7,5.1+/-0.7,5.3+/-0.8,5.4+/-0.8,5.5+/-0.8,5.6+/-0.8,5.8+/-0.8,5.9+/-0.8,6.0+/-0.9,6.2+/-0.9,6.3+/-0.9,6.4+/-0.9,6.5+/-0.9,6.7+/-0.9,6.8+/-1.0,6.9+/-1.0,7.1+/-1.0,7.2+/-1.0,7.3+/-1.0
Egypt,4017634,8766084,0.0,0.027+/-0.014,0.062+/-0.032,0.10+/-0.05,0.17+/-0.09,0.26+/-0.13,0.61+/-0.23,0.88+/-0.28,1.13+/-0.32,1.35+/-0.34,1.6+/-0.4,1.8+/-0.4,1.9+/-0.4,2.1+/-0.4,2.3+/-0.4,2.5+/-0.4,2.7+/-0.5,2.8+/-0.5,3.0+/-0.5,3.2+/-0.5,3.4+/-0.5,3.6+/-0.6,3.7+/-0.6,3.9+/-0.6,4.1+/-0.6,4.3+/-0.6,4.5+/-0.7,4.6+/-0.7,4.8+/-0.7,5.0+/-0.7,5.2+/-0.8,5.4+/-0.8,5.5+/-0.8,5.7+/-0.8,5.9+/-0.8,6.1+/-0.9,6.3+/-0.9,6.4+/-0.9,6.6+/-0.9,6.8+/-1.0,7.0+/-1.0,7.2+/-1.0,7.3+/-1.0,7.5+/-1.1,7.7+/-1.1,7.9+/-1.1,8.1+/-1.1,8.2+/-1.2,8.4+/-1.2,8.6+/-1.2,8.8+/-1.2,9.0+/-1.3,9.1+/-1.3
Eritrea,142865,365012,0.0,0.0+/-0,0.0+/-0,0.0+/-0,0.046+/-0.016,0.046+/-0.016,0.046+/-0.016,0.046+/-0.016,0.046+/-0.016,0.046+/-0.016,0.046+/-0.016,0.046+/-0.016,0.046+/-0.016,0.046+/-0.016,0.046+/-0.016,0.046+/-0.016,0.046+/-0.016,0.046+/-0.016,0.046+/-0.016,0.046+/-0.016,0.046+/-0.016,0.046+/-0.016,0.046+/-0.016,0.046+/-0.016,0.046+/-0.016,0.046+/-0.016,0.046+/-0.016,0.046+/-0.016,0.046+/-0.016,0.046+/-0.016,0.046+/-0.016,0.046+/-0.016,0.046+/-0.016,0.046+/-0.016,0.046+/-0.016,0.046+/-0.016,0.046+/-0.016,0.046+/-0.016,0.046+/-0.016,0.046+/-0.016,0.046+/-0.016,0.046+/-0.016,0.046+/-0.016,0.046+/-0.016,0.046+/-0.016,0.046+/-0.016,0.046+/-0.016,0.046+/-0.016,0.046+/-0.016,0.046+/-0.016,0.046+/-0.016,0.046+/-0.016,0.046+/-0.016
Spain,2101587,5688408,0.0,0.16+/-0.09,0.37+/-0.19,0.61+/-0.32,1.3+/-0.5,1.8+/-0.8,4.0+/-1.4,5.6+/-1.7,7.0+/-1.9,8.3+/-2.0,9.6+/-2.2,10.8+/-2.3,11.8+/-2.4,12.9+/-2.5,14.0+/-2.6,15.0+/-2.6,16.1+/-2.7,17.2+/-2.8,18.2+/-2.9,19.3+/-3.1,20.3+/-3.2,21.4+/-3.3,22.5+/-3.4,23.5+/-3.5,25+/-4,26+/-4,27+/-4,28+/-4,29+/-4,30+/-4,31+/-4,32+/-5,33+/-5,34+/-5,35+/-5,36+/-5,37+/-5,38+/-5,39+/-6,41+/-6,42+/-6,43+/-6,44+/-6,45+/-6,46+/-6,47+/-7,48+/-7,49+/-7,50+/-7,51+/-7,52+/-7,53+/-8,54+/-8
Estonia,57266,132048,0.0,0.17+/-0.09,0.39+/-0.20,0.65+/-0.34,1.2+/-0.5,1.7+/-0.8,2.8+/-1.4,4.4+/-1.7,5.8+/-1.9,7.1+/-2.1,8.3+/-2.3,9.5+/-2.4,10.5+/-2.4,11.6+/-2.5,12.6+/-2.6,13.6+/-2.6,14.6+/-2.7,15.6+/-2.8,16.6+/-2.9,17.6+/-3.0,18.7+/-3.1,19.7+/-3.2,20.7+/-3.3,21.7+/-3.4,22.7+/-3.5,24+/-4,25+/-4,26+/-4,27+/-4,28+/-4,29+/-4,30+/-4,31+/-4,32+/-5,33+/-5,34+/-5,35+/-5,36+/-5,37+/-5,38+/-5,39+/-6,40+/-6,41+/-6,42+/-6,43+/-6,44+/-6,45+/-6,46+/-7,47+/-7,48+/-7,49+/-7,50+/-7,51+/-7
Ethiopia,4055151,9709374,0.0,0.0+/-0,0.0+/-0,0.0+/-0,0.0016+/-0.0006,0.0016+/-0.0006,0.0016+/-0.0006,0.0016+/-0.0006,0.0016+/-0.0006,0.0016+/-0.0006,0.0016+/-0.0006,0.0016+/-0.0006,0.0016+/-0.0006,0.0016+/-0.0006,0.0016+/-0.0006,0.0016+/-0.0006,0.0016+/-0.0006,0.0016+/-0.0006,0.0016+/-0.0006,0.0016+/-0.0006,0.0016+/-0.0006,0.0016+/-0.0006,0.0016+/-0.0006,0.0016+/-0.0006,0.0016+/-0.0006,0.0016+/-0.0006,0.0016+/-0.0006,0.0016+/-0.0006,0.0016+/-0.0006,0.0016+/-0.0006,0.0016+/-0.0006,0.0016+/-0.0006,0.0016+/-0.0006,0.0016+/-0.0006,0.0016+/-0.0006,0.0016+/-0.0006,0.0016+/-0.0006,0.0016+/-0.0006,0.0016+/-0.0006,0.0016+/-0.0006,0.0016+/-0.0006,0.0016+/-0.0006,0.0016+/-0.0006,0.0016+/-0.0006,0.0016+/-0.0006,0.0016+/-0.0006,0.0016+/-0.0006,0.0016+/-0.0006,0.0016+/-0.0006,0.0016+/-0.0006,0.0016+/-0.0006,0.0016+/-0.0006,0.0016+/-0.0006
Finland,261533,611424,0.0,0.33+/-0.17,0.7+/-0.4,1.2+/-0.6,3.3+/-1.1,6.5+/-1.7,10.8+/-2.8,14.1+/-3.5,17+/-4,20+/-4,22+/-5,25+/-5,27+/-5,29+/-5,31+/-5,33+/-6,36+/-6,38+/-6,40+/-6,42+/-6,44+/-7,46+/-7,49+/-7,51+/-7,53+/-8,55+/-8,57+/-8,59+/-9,62+/-9,64+/-9,66+/-9,68+/-10,70+/-10,72+/-10,75+/-11,77+/-11,79+/-11,81+/-11,83+/-12,86+/-12,88+/-12,90+/-13,92+/-13,94+/-13,96+/-13,99+/-14,101+/-14,103+/-14,105+/-15,107+/-15,109+/-15,112+/-16,114+/-16
Fiji,40990,80032,0.0,0.024+/-0.013,0.055+/-0.028,0.09+/-0.05,0.31+/-0.09,0.38+/-0.13,0.54+/-0.21,0.62+/-0.25,0.68+/-0.27,0.71+/-0.29,0.74+/-0.31,0.77+/-0.32,0.77+/-0.32,0.77+/-0.32,0.77+/-0.32,0.77+/-0.32,0.77+/-0.32,0.77+/-0.32,0.77+/-0.32,0.77+/-0.32,0.77+/-0.32,0.77+/-0.32,0.77+/-0.32,0.77+/-0.32,0.77+/-0.32,0.77+/-0.32,0.77+/-0.32,0.77+/-0.32,0.77+/-0.32,0.77+/-0.32,0.77+/-0.32,0.77+/-0.32,0.77+/-0.32,0.77+/-0.32,0.77+/-0.32,0.77+/-0.32,0.77+/-0.32,0.77+/-0.32,0.77+/-0.32,0.77+/-0.32,0.77+/-0.32,0.77+/-0.32,0.77+/-0.32,0.77+/-0.32,0.77+/-0.32,0.77+/-0.32,0.77+/-0.32,0.77+/-0.32,0.77+/-0.32,0.77+/-0.32,0.77+/-0.32,0.77+/-0.32,0.77+/-0.32
France,2805822,6251274,0.0,1.53+/-0.22,11.1+/-1.7,13.0+/-2.0,15.3+/-2.2,17.6+/-2.6,20.8+/-3.1,23+/-4,26+/-4,28+/-4,30+/-5,32+/-5,34+/-5,36+/-5,38+/-6,40+/-6,42+/-6,43+/-6,45+/-7,47+/-7,49+/-7,51+/-7,53+/-8,55+/-8,57+/-8,59+/-8,60+/-9,62+/-9,64+/-9,66+/-9,68+/-10,70+/-10,72+/-10,74+/-10,76+/-11,77+/-11,79+/-11,81+/-12,83+/-12,85+/-12,87+/-12,89+/-13,91+/-13,93+/-13,94+/-13,96+/-14,98+/-14,100+/-14,102+/-14,104+/-15,106+/-15,108+/-15,110+/-16
Faroe Islands,2701,6623,0.0,0.0+/-0,0.0+/-0,0.0+/-0,2.4+/-0.9,2.4+/-0.9,2.4+/-0.9,2.4+/-0.9,2.4+/-0.9,2.4+/-0.9,2.4+/-0.9,2.4+/-0.9,2.4+/-0.9,2.4+/-0.9,2.4+/-0.9,2.4+/-0.9,2.4+/-0.9,2.4+/-0.9,2.4+/-0.9,2.4+/-0.9,2.4+/-0.9,2.4+/-0.9,2.4+/-0.9,2.4+/-0.9,2.4+/-0.9,2.4+/-0.9,2.4+/-0.9,2.4+/-0.9,2.4+/-0.9,2.4+/-0.9,2.4+/-0.9,2.4+/-0.9,2.4+/-0.9,2.4+/-0.9,2.4+/-0.9,2.4+/-0.9,2.4+/-0.9,2.4+/-0.9,2.4+/-0.9,2.4+/-0.9,2.4+/-0.9,2.4+/-0.9,2.4+/-0.9,2.4+/-0.9,2.4+/-0.9,2.4+/-0.9,2.4+/-0.9,2.4+/-0.9,2.4+/-0.9,2.4+/-0.9,2.4+/-0.9,2.4+/-0.9,2.4+/-0.9
"Micronesia, Fed. Sts.",1393,3337,0.0,0.0+/-0,0.0+/-0,0.0+/-0,4.7+/-1.7,4.7+/-1.7,4.7+/-1.7,4.7+/-1.7,4.7+/-1.7,4.7+/-1.7,4.7+/-1.7,4.7+/-1.7,4.7+/-1.7,4.7+/-1.7,4.7+/-1.7,4.7+/-1.7,4.7+/-1.7,4.7+/-1.7,4.7+/-1.7,4.7+/-1.7,4.7+/-1.7,4.7+/-1.7,4.7+/-1.7,4.7+/-1.7,4.7+/-1.7,4.7+/-1.7,4.7+/-1.7,4.7+/-1.7,4.7+/-1.7,4.7+/-1.7,4.7+/-1.7,4.7+/-1.7,4.7+/-1.7,4.7+/-1.7,4.7+/-1.7,4.7+/-1.7,4.7+/-1.7,4.7+/-1.7,4.7+/-1.7,4.7+/-1.7,4.7+/-1.7,4.7+/-1.7,4.7+/-1.7,4.7+/-1.7,4.7+/-1.7,4.7+/-1.7,4.7+/-1.7,4.7+/-1.7,4.7+/-1.7,4.7+/-1.7,4.7+/-1.7,4.7+/-1.7,4.7+/-1.7
Gabon,41176,124758,0.0,0.0+/-0,0.0+/-0,0.0+/-0,0.16+/-0.06,0.16+/-0.06,0.16+/-0.06,0.16+/-0.06,0.16+/-0.06,0.16+/-0.06,0.16+/-0.06,0.16+/-0.06,0.16+/-0.06,0.16+/-0.06,0.16+/-0.06,0.16+/-0.06,0.16+/-0.06,0.16+/-0.06,0.16+/-0.06,0.16+/-0.06,0.16+/-0.06,0.16+/-0.06,0.16+/-0.06,0.16+/-0.06,0.16+/-0.06,0.16+/-0.06,0.16+/-0.06,0.16+/-0.06,0.16+/-0.06,0.16+/-0.06,0.16+/-0.06,0.16+/-0.06,0.16+/-0.06,0.16+/-0.06,0.16+/-0.06,0.16+/-0.06,0.16+/-0.06,0.16+/-0.06,0.16+/-0.06,0.16+/-0.06,0.16+/-0.06,0.16+/-0.06,0.16+/-0.06,0.16+/-0.06,0.16+/-0.06,0.16+/-0.06,0.16+/-0.06,0.16+/-0.06,0.16+/-0.06,0.16+/-0.06,0.16+/-0.06,0.16+/-0.06,0.16+/-0.06
United Kingdom,2713922,6872878,0.0,1.49+/-0.22,10.8+/-1.7,12.6+/-1.9,14.7+/-2.2,17.0+/-2.5,20.1+/-3.1,22.6+/-3.5,25+/-4,27+/-4,29+/-4,31+/-5,33+/-5,35+/-5,37+/-5,39+/-6,40+/-6,42+/-6,44+/-6,46+/-7,48+/-7,50+/-7,51+/-7,53+/-8,55+/-8,57+/-8,59+/-8,61+/-9,62+/-9,64+/-9,66+/-9,68+/-10,70+/-10,72+/-10,73+/-10,75+/-11,77+/-11,79+/-11,81+/-11,83+/-12,84+/-12,86+/-12,88+/-13,90+/-13,92+/-13,94+/-13,95+/-14,97+/-14,99+/-14,101+/-14,103+/-15,105+/-15,107+/-15
Georgia,184651,349917,0.0,0.027+/-0.014,0.062+/-0.032,0.10+/-0.05,0.20+/-0.09,0.48+/-0.14,0.85+/-0.23,1.13+/-0.29,1.38+/-0.32,1.6+/-0.4,1.8+/-0.4,2.1+/-0.4,2.2+/-0.4,2.4+/-0.4,2.6+/-0.5,2.8+/-0.5,3.0+/-0.5,3.2+/-0.5,3.4+/-0.5,3.6+/-0.6,3.8+/-0.6,4.0+/-0.6,4.1+/-0.6,4.3+/-0.6,4.5+/-0.7,4.7+/-0.7,4.9+/-0.7,5.1+/-0.7,5.3+/-0.8,5.5+/-0.8,5.7+/-0.8,5.9+/-0.8,6.1+/-0.9,6.2+/-0.9,6.4+/-0.9,6.6+/-0.9,6.8+/-1.0,7.0+/-1.0,7.2+/-1.0,7.4+/-1.0,7.6+/-1.1,7.8+/-1.1,8.0+/-1.1,8.1+/-1.2,8.3+/-1.2,8.5+/-1.2,8.7+/-1.2,8.9+/-1.3,9.1+/-1.3,9.3+/-1.3,9.5+/-1.3,9.7+/-1.4,9.9+/-1.4
Ghana,1483971,3651190,0.0,0.0+/-0,0.0+/-0,0.0+/-0,0.0044+/-0.0016,0.0044+/-0.0016,0.0044+/-0.0016,0.0044+/-0.0016,0.0044+/-0.0016,0.0044+/-0.0016,0.0044+/-0.0016,0.0044+/-0.0016,0.0044+/-0.0016,0.0044+/-0.0016,0.0044+/-0.0016,0.0044+/-0.0016,0.0044+/-0.0016,0.0044+/-0.0016,0.0044+/-0.0016,0.0044+/-0.0016,0.0044+/-0.0016,0.0044+/-0.0016,0.0044+/-0.0016,0.0044+/-0.0016,0.0044+/-0.0016,0.0044+/-0.0016,0.0044+/-0.0016,0.0044+/-0.0016,0.0044+/-0.0016,0.0044+/-0.0016,0.0044+/-0.0016,0.0044+/-0.0016,0.0044+/-0.0016,0.0044+/-0.0016,0.0044+/-0.0016,0.0044+/-0.0016,0.0044+/-0.0016,0.0044+/-0.0016,0.0044+/-0.0016,0.0044+/-0.0016,0.0044+/-0.0016,0.0044+/-0.0016,0.0044+/-0.0016,0.0044+/-0.0016,0.0044+/-0.0016,0.0044+/-0.0016,0.0044+/-0.0016,0.0044+/-0.0016,0.0044+/-0.0016,0.0044+/-0.0016,0.0044+/-0.0016,0.0044+/-0.0016,0.0044+/-0.0016
Gibraltar,1812,5450,0.0,0.0+/-0,0.0+/-0,0.0+/-0,3.6+/-1.3,3.6+/-1.3,3.6+/-1.3,3.6+/-1.3,3.6+/-1.3,3.6+/-1.3,3.6+/-1.3,3.6+/-1.3,3.6+/-1.3,3.6+/-1.3,3.6+/-1.3,3.6+/-1.3,3.6+/-1.3,3.6+/-1.3,3.6+/-1.3,3.6+/-1.3,3.6+/-1.3,3.6+/-1.3,3.6+/-1.3,3.6+/-1.3,3.6+/-1.3,3.6+/-1.3,3.6+/-1.3,3.6+/-1.3,3.6+/-1.3,3.6+/-1.3,3.6+/-1.3,3.6+/-1.3,3.6+/-1.3,3.6+/-1.3,3.6+/-1.3,3.6+/-1.3,3.6+/-1.3,3.6+/-1.3,3.6+/-1.3,3.6+/-1.3,3.6+/-1.3,3.6+/-1.3,3.6+/-1.3,3.6+/-1.3,3.6+/-1.3,3.6+/-1.3,3.6+/-1.3,3.6+/-1.3,3.6+/-1.3,3.6+/-1.3,3.6+/-1.3,3.6+/-1.3,3.6+/-1.3
Guinea,281983,1283366,0.0,0.0+/-0,0.0+/-0,0.0+/-0,0.023+/-0.008,0.023+/-0.008,0.023+/-0.008,0.023+/-0.008,0.023+/-0.008,0.023+/-0.008,0.023+/-0.008,0.023+/-0.008,0.023+/-0.008,0.023+/-0.008,0.023+/-0.008,0.023+/-0.008,0.023+/-0.008,0.023+/-0.008,0.023+/-0.008,0.023+/-0.008,0.023+/-0.008,0.023+/-0.008,0.023+/-0.008,0.023+/-0.008,0.023+/-0.008,0.023+/-0.008,0.023+/-0.008,0.023+/-0.008,0.023+/-0.008,0.023+/-0.008,0.023+/-0.008,0.023+/-0.008,0.023+/-0.008,0.023+/-0.008,0.023+/-0.008,0.023+/-0.008,0.023+/-0.008,0.023+/-0.008,0.023+/-0.008,0.023+/-0.008,0.023+/-0.008,0.023+/-0.008,0.023+/-0.008,0.023+/-0.008,0.023+/-0.008,0.023+/-0.008,0.023+/-0.008,0.023+/-0.008,0.023+/-0.008,0.023+/-0.008,0.023+/-0.008,0.023+/-0.008,0.023+/-0.008
Gambia,76039,247158,0.0,0.0+/-0,0.0+/-0,0.0+/-0,0.087+/-0.031,0.087+/-0.031,0.087+/-0.031,0.087+/-0.031,0.087+/-0.031,0.087+/-0.031,0.087+/-0.031,0.087+/-0.031,0.087+/-0.031,0.087+/-0.031,0.087+/-0.031,0.087+/-0.031,0.087+/-0.031,0.087+/-0.031,0.087+/-0.031,0.087+/-0.031,0.087+/-0.031,0.087+/-0.031,0.087+/-0.031,0.087+/-0.031,0.087+/-0.031,0.087+/-0.031,0.087+/-0.031,0.087+/-0.031,0.087+/-0.031,0.087+/-0.031,0.087+/-0.031,0.087+/-0.031,0.087+/-0.031,0.087+/-0.031,0.087+/-0.031,0.087+/-0.031,0.087+/-0.031,0.087+/-0.031,0.087+/-0.031,0.087+/-0.031,0.087+/-0.031,0.087+/-0.031,0.087+/-0.031,0.087+/-0.031,0.087+/-0.031,0.087+/-0.031,0.087+/-0.031,0.087+/-0.031,0.087+/-0.031,0.087+/-0.031,0.087+/-0.031,0.087+/-0.031,0.087+/-0.031
Guinea-Bissau,58968,160983,0.0,0.0+/-0,0.0+/-0,0.0+/-0,0.11+/-0.04,0.11+/-0.04,0.11+/-0.04,0.11+/-0.04,0.11+/-0.04,0.11+/-0.04,0.11+/-0.04,0.11+/-0.04,0.11+/-0.04,0.11+/-0.04,0.11+/-0.04,0.11+/-0.04,0.11+/-0.04,0.11+/-0.04,0.11+/-0.04,0.11+/-0.04,0.11+/-0.04,0.11+/-0.04,0.11+/-0.04,0.11+/-0.04,0.11+/-0.04,0.11+/-0.04,0.11+/-0.04,0.11+/-0.04,0.11+/-0.04,0.11+/-0.04,0.11+/-0.04,0.11+/-0.04,0.11+/-0.04,0.11+/-0.04,0.11+/-0.04,0.11+/-0.04,0.11+/-0.04,0.11+/-0.04,0.11+/-0.04,0.11+/-0.04,0.11+/-0.04,0.11+/-0.04,0.11+/-0.04,0.11+/-0.04,0.11+/-0.04,0.11+/-0.04,0.11+/-0.04,0.11+/-0.04,0.11+/-0.04,0.11+/-0.04,0.11+/-0.04,0.11+/-0.04,0.11+/-0.04
Equatorial Guinea,46011,131247,0.0,0.0+/-0,0.0+/-0,0.0+/-0,0.14+/-0.05,0.14+/-0.05,0.14+/-0.05,0.14+/-0.05,0.14+/-0.05,0.14+/-0.05,0.14+/-0.05,0.14+/-0.05,0.14+/-0.05,0.14+/-0.05,0.14+/-0.05,0.14+/-0.05,0.14+/-0.05,0.14+/-0.05,0.14+/-0.05,0.14+/-0.05,0.14+/-0.05,0.14+/-0.05,0.14+/-0.05,0.14+/-0.05,0.14+/-0.05,0.14+/-0.05,0.14+/-0.05,0.14+/-0.05,0.14+/-0.05,0.14+/-0.05,0.14+/-0.05,0.14+/-0.05,0.14+/-0.05,0.14+/-0.05,0.14+/-0.05,0.14+/-0.05,0.14+/-0.05,0.14+/-0.05,0.14+/-0.05,0.14+/-0.05,0.14+/-0.05,0.14+/-0.05,0.14+/-0.05,0.14+/-0.05,0.14+/-0.05,0.14+/-0.05,0.14+/-0.05,0.14+/-0.05,0.14+/-0.05,0.14+/-0.05,0.14+/-0.05,0.14+/-0.05,0.14+/-0.05
Greece,460221,1163586,0.0,0.09+/-0.05,0.20+/-0.10,0.33+/-0.17,1.7+/-0.5,2.0+/-0.6,2.6+/-0.9,3.4+/-1.0,4.2+/-1.1,4.8+/-1.2,5.5+/-1.2,6.1+/-1.3,6.7+/-1.3,7.2+/-1.4,7.8+/-1.4,8.3+/-1.4,8.8+/-1.5,9.4+/-1.5,9.9+/-1.6,10.5+/-1.6,11.0+/-1.7,11.5+/-1.7,12.1+/-1.8,12.6+/-1.8,13.2+/-1.9,13.7+/-2.0,14.3+/-2.0,14.8+/-2.1,15.3+/-2.1,15.9+/-2.2,16.4+/-2.3,17.0+/-2.3,17.5+/-2.4,18.1+/-2.5,18.6+/-2.6,19.1+/-2.6,19.7+/-2.7,20.2+/-2.8,20.8+/-2.8,21.3+/-2.9,21.8+/-3.0,22.4+/-3.1,22.9+/-3.1,23.5+/-3.2,24.0+/-3.3,24.6+/-3.3,25.1+/-3.4,25.6+/-3.5,26+/-4,27+/-4,27+/-4,28+/-4,28+/-4
Grenada,3919,9654,0.0,0.025+/-0.013,0.055+/-0.029,0.09+/-0.05,1.8+/-0.6,1.9+/-0.6,2.1+/-0.6,2.1+/-0.6,2.2+/-0.7,2.2+/-0.7,2.3+/-0.7,2.3+/-0.7,2.3+/-0.7,2.3+/-0.7,2.3+/-0.7,2.3+/-0.7,2.3+/-0.7,2.3+/-0.7,2.3+/-0.7,2.3+/-0.7,2.3+/-0.7,2.3+/-0.7,2.3+/-0.7,2.3+/-0.7,2.3+/-0.7,2.3+/-0.7,2.3+/-0.7,2.3+/-0.7,2.3+/-0.7,2.3+/-0.7,2.3+/-0.7,2.3+/-0.7,2.3+/-0.7,2.3+/-0.7,2.3+/-0.7,2.3+/-0.7,2.3+/-0.7,2.3+/-0.7,2.3+/-0.7,2.3+/-0.7,2.3+/-0.7,2.3+/-0.7,2.3+/-0.7,2.3+/-0.7,2.3+/-0.7,2.3+/-0.7,2.3+/-0.7,2.3+/-0.7,2.3+/-0.7,2.3+/-0.7,2.3+/-0.7,2.3+/-0.7,2.3+/-0.7
Greenland,2432,5963,0.0,0.0+/-0,0.0+/-0,0.0+/-0,2.7+/-1.0,2.7+/-1.0,2.7+/-1.0,2.7+/-1.0,2.7+/-1.0,2.7+/-1.0,2.7+/-1.0,2.7+/-1.0,2.7+/-1.0,2.7+/-1.0,2.7+/-1.0,2.7+/-1.0,2.7+/-1.0,2.7+/-1.0,2.7+/-1.0,2.7+/-1.0,2.7+/-1.0,2.7+/-1.0,2.7+/-1.0,2.7+/-1.0,2.7+/-1.0,2.7+/-1.0,2.7+/-1.0,2.7+/-1.0,2.7+/-1.0,2.7+/-1.0,2.7+/-1.0,2.7+/-1.0,2.7+/-1.0,2.7+/-1.0,2.7+/-1.0,2.7+/-1.0,2.7+/-1.0,2.7+/-1.0,2.7+/-1.0,2.7+/-1.0,2.7+/-1.0,2.7+/-1.0,2.7+/-1.0,2.7+/-1.0,2.7+/-1.0,2.7+/-1.0,2.7+/-1.0,2.7+/-1.0,2.7+/-1.0,2.7+/-1.0,2.7+/-1.0,2.7+/-1.0,2.7+/-1.0
Guatemala,766164,2169325,0.0,0.036+/-0.019,0.08+/-0.04,0.13+/-0.07,0.41+/-0.13,0.53+/-0.19,0.76+/-0.30,0.9+/-0.4,1.2+/-0.4,1.4+/-0.4,1.7+/-0.5,1.9+/-0.5,2.1+/-0.5,2.3+/-0.5,2.5+/-0.5,2.7+/-0.5,2.9+/-0.5,3.1+/-0.6,3.3+/-0.6,3.5+/-0.6,3.7+/-0.6,3.9+/-0.6,4.1+/-0.6,4.3+/-0.7,4.5+/-0.7,4.7+/-0.7,4.9+/-0.7,5.1+/-0.8,5.3+/-0.8,5.5+/-0.8,5.7+/-0.8,5.9+/-0.8,6.1+/-0.9,6.3+/-0.9,6.5+/-0.9,6.7+/-1.0,6.9+/-1.0,7.1+/-1.0,7.3+/-1.0,7.5+/-1.1,7.7+/-1.1,7.9+/-1.1,8.1+/-1.1,8.3+/-1.2,8.5+/-1.2,8.7+/-1.2,8.9+/-1.2,9.1+/-1.3,9.3+/-1.3,9.5+/-1.3,9.7+/-1.4,9.9+/-1.4,10.1+/-1.4
Guam,6787,16244,0.0,0.0+/-0,0.0+/-0,0.0+/-0,0.97+/-0.34,0.97+/-0.34,0.97+/-0.34,0.97+/-0.34,0.97+/-0.34,0.97+/-0.34,0.97+/-0.34,0.97+/-0.34,0.97+/-0.34,0.97+/-0.34,0.97+/-0.34,0.97+/-0.34,0.97+/-0.34,0.97+/-0.34,0.97+/-0.34,0.97+/-0.34,0.97+/-0.34,0.97+/-0.34,0.97+/-0.34,0.97+/-0.34,0.97+/-0.34,0.97+/-0.34,0.97+/-0.34,0.97+/-0.34,0.97+/-0.34,0.97+/-0.34,0.97+/-0.34,0.97+/-0.34,0.97+/-0.34,0.97+/-0.34,0.97+/-0.34,0.97+/-0.34,0.97+/-0.34,0.97+/-0.34,0.97+/-0.34,0.97+/-0.34,0.97+/-0.34,0.97+/-0.34,0.97+/-0.34,0.97+/-0.34,0.97+/-0.34,0.97+/-0.34,0.97+/-0.34,0.97+/-0.34,0.97+/-0.34,0.97+/-0.34,0.97+/-0.34,0.97+/-0.34,0.97+/-0.34
Guyana,30642,79318,0.0,0.017+/-0.009,0.038+/-0.020,0.063+/-0.033,0.32+/-0.09,0.37+/-0.11,0.48+/-0.16,0.53+/-0.18,0.57+/-0.20,0.60+/-0.21,0.62+/-0.22,0.64+/-0.23,0.64+/-0.23,0.64+/-0.23,0.64+/-0.23,0.64+/-0.23,0.64+/-0.23,0.64+/-0.23,0.64+/-0.23,0.64+/-0.23,0.64+/-0.23,0.64+/-0.23,0.64+/-0.23,0.64+/-0.23,0.64+/-0.23,0.64+/-0.23,0.64+/-0.23,0.64+/-0.23,0.64+/-0.23,0.64+/-0.23,0.64+/-0.23,0.64+/-0.23,0.64+/-0.23,0.64+/-0.23,0.64+/-0.23,0.64+/-0.23,0.64+/-0.23,0.64+/-0.23,0.64+/-0.23,0.64+/-0.23,0.64+/-0.23,0.64+/-0.23,0.64+/-0.23,0.64+/-0.23,0.64+/-0.23,0.64+/-0.23,0.64+/-0.23,0.64+/-0.23,0.64+/-0.23,0.64+/-0.23,0.64+/-0.23,0.64+/-0.23,0.64+/-0.23
Hong Kong,244432,529912,0.0,0.0+/-0,0.0+/-0,0.0+/-0,5.7+/-2.1,5.7+/-2.1,5.7+/-2.1,5.7+/-2.1,5.7+/-2.1,5.7+/-2.1,5.7+/-2.1,5.7+/-2.1,5.7+/-2.1,5.7+/-2.1,5.7+/-2.1,5.7+/-2.1,5.7+/-2.1,5.7+/-2.1,5.7+/-2.1,5.7+/-2.1,5.7+/-2.1,5.7+/-2.1,5.7+/-2.1,5.7+/-2.1,5.7+/-2.1,5.7+/-2.1,5.7+/-2.1,5.7+/-2.1,5.7+/-2.1,5.7+/-2.1,5.7+/-2.1,5.7+/-2.1,5.7+/-2.1,5.7+/-2.1,5.7+/-2.1,5.7+/-2.1,5.7+/-2.1,5.7+/-2.1,5.7+/-2.1,5.7+/-2.1,5.7+/-2.1,5.7+/-2.1,5.7+/-2.1,5.7+/-2.1,5.7+/-2.1,5.7+/-2.1,5.7+/-2.1,5.7+/-2.1,5.7+/-2.1,5.7+/-2.1,5.7+/-2.1,5.7+/-2.1,5.7+/-2.1
Honduras,460836,1258058,0.0,0.121+/-0.018,0.25+/-0.04,0.38+/-0.06,0.54+/-0.09,0.71+/-0.13,0.95+/-0.20,1.12+/-0.23,1.27+/-0.26,1.40+/-0.29,1.52+/-0.30,1.65+/-0.32,1.75+/-0.33,1.85+/-0.34,1.95+/-0.35,2.05+/-0.35,2.1+/-0.4,2.2+/-0.4,2.3+/-0.4,2.4+/-0.4,2.5+/-0.4,2.6+/-0.4,2.7+/-0.4,2.8+/-0.4,2.9+/-0.4,3.1+/-0.5,3.2+/-0.5,3.3+/-0.5,3.4+/-0.5,3.5+/-0.5,3.6+/-0.5,3.7+/-0.5,3.8+/-0.5,3.9+/-0.6,4.0+/-0.6,4.1+/-0.6,4.2+/-0.6,4.3+/-0.6,4.4+/-0.6,4.5+/-0.6,4.6+/-0.7,4.7+/-0.7,4.8+/-0.7,4.9+/-0.7,5.0+/-0.7,5.1+/-0.7,5.2+/-0.7,5.3+/-0.7,5.4+/-0.8,5.5+/-0.8,5.6+/-0.8,5.7+/-0.8,5.8+/-0.8
Croatia,158487,364581,0.0,0.13+/-0.07,0.28+/-0.15,0.47+/-0.25,1.3+/-0.4,1.7+/-0.6,2.5+/-1.1,2.9+/-1.3,3.9+/-1.4,4.8+/-1.5,5.6+/-1.6,6.5+/-1.7,7.2+/-1.7,7.9+/-1.8,8.6+/-1.8,9.3+/-1.9,10.0+/-1.9,10.7+/-2.0,11.4+/-2.0,12.1+/-2.1,12.8+/-2.1,13.5+/-2.2,14.2+/-2.3,14.9+/-2.3,15.6+/-2.4,16.3+/-2.5,17.0+/-2.6,17.7+/-2.7,18.4+/-2.7,19.1+/-2.8,19.8+/-2.9,20.5+/-3.0,21.2+/-3.1,21.9+/-3.2,22.6+/-3.2,23.3+/-3.3,24.0+/-3.4,24.7+/-3.5,25+/-4,26+/-4,27+/-4,28+/-4,28+/-4,29+/-4,30+/-4,30+/-4,31+/-4,32+/-4,32+/-5,33+/-5,34+/-5,35+/-5,35+/-5
Haiti,565864,1544778,0.0,0.016+/-0.008,0.036+/-0.019,0.060+/-0.031,0.11+/-0.05,0.16+/-0.08,0.26+/-0.13,0.31+/-0.16,0.35+/-0.18,0.37+/-0.19,0.39+/-0.20,0.41+/-0.21,0.41+/-0.21,0.41+/-0.21,0.41+/-0.21,0.41+/-0.21,0.41+/-0.21,0.41+/-0.21,0.41+/-0.21,0.41+/-0.21,0.41+/-0.21,0.41+/-0.21,0.41+/-0.21,0.41+/-0.21,0.41+/-0.21,0.41+/-0.21,0.41+/-0.21,0.41+/-0.21,0.41+/-0.21,0.41+/-0.21,0.41+/-0.21,0.41+/-0.21,0.41+/-0.21,0.41+/-0.21,0.41+/-0.21,0.41+/-0.21,0.41+/-0.21,0.41+/-0.21,0.41+/-0.21,0.41+/-0.21,0.41+/-0.21,0.41+/-0.21,0.41+/-0.21,0.41+/-0.21,0.41+/-0.21,0.41+/-0.21,0.41+/-0.21,0.41+/-0.21,0.41+/-0.21,0.41+/-0.21,0.41+/-0.21,0.41+/-0.21,0.41+/-0.21
Hungary,449458,990582,0.0,0.16+/-0.08,0.36+/-0.19,0.60+/-0.31,1.6+/-0.6,3.2+/-0.8,5.4+/-1.4,7.0+/-1.7,8.4+/-1.9,9.7+/-2.1,11.0+/-2.2,12.3+/-2.4,13.4+/-2.5,14.5+/-2.5,15.5+/-2.6,16.6+/-2.7,17.7+/-2.8,18.8+/-3.0,19.9+/-3.1,21.0+/-3.2,22.1+/-3.3,23.1+/-3.4,24+/-4,25+/-4,26+/-4,27+/-4,29+/-4,30+/-4,31+/-4,32+/-5,33+/-5,34+/-5,35+/-5,36+/-5,37+/-5,38+/-5,39+/-6,41+/-6,42+/-6,43+/-6,44+/-6,45+/-6,46+/-6,47+/-7,48+/-7,49+/-7,50+/-7,51+/-7,52+/-7,54+/-8,55+/-8,56+/-8,57+/-8
Indonesia,17637316,44160362,0.0,0.026+/-0.014,0.059+/-0.031,0.10+/-0.05,1.3+/-0.4,1.5+/-0.4,1.9+/-0.5,2.2+/-0.5,2.4+/-0.5,2.7+/-0.5,2.9+/-0.6,3.1+/-0.6,3.3+/-0.6,3.5+/-0.6,3.7+/-0.6,3.9+/-0.6,4.1+/-0.6,4.3+/-0.7,4.5+/-0.7,4.7+/-0.7,4.9+/-0.7,5.1+/-0.7,5.3+/-0.7,5.5+/-0.8,5.7+/-0.8,5.9+/-0.8,6.1+/-0.8,6.3+/-0.9,6.4+/-0.9,6.6+/-0.9,6.8+/-0.9,7.0+/-0.9,7.2+/-1.0,7.4+/-1.0,7.6+/-1.0,7.8+/-1.0,8.0+/-1.1,8.2+/-1.1,8.4+/-1.1,8.6+/-1.1,8.8+/-1.2,9.0+/-1.2,9.2+/-1.2,9.4+/-1.2,9.6+/-1.3,9.8+/-1.3,10.0+/-1.3,10.2+/-1.3,10.4+/-1.4,10.6+/-1.4,10.8+/-1.4,10.9+/-1.5,11.1+/-1.5
Isle of Man,2802,7097,0.0,0.0+/-0,0.0+/-0,0.0+/-0,2.4+/-0.8,2.4+/-0.8,2.4+/-0.8,2.4+/-0.8,2.4+/-0.8,2.4+/-0.8,2.4+/-0.8,2.4+/-0.8,2.4+/-0.8,2.4+/-0.8,2.4+/-0.8,2.4+/-0.8,2.4+/-0.8,2.4+/-0.8,2.4+/-0.8,2.4+/-0.8,2.4+/-0.8,2.4+/-0.8,2.4+/-0.8,2.4+/-0.8,2.4+/-0.8,2.4+/-0.8,2.4+/-0.8,2.4+/-0.8,2.4+/-0.8,2.4+/-0.8,2.4+/-0.8,2.4+/-0.8,2.4+/-0.8,2.4+/-0.8,2.4+/-0.8,2.4+/-0.8,2.4+/-0.8,2.4+/-0.8,2.4+/-0.8,2.4+/-0.8,2.4+/-0.8,2.4+/-0.8,2.4+/-0.8,2.4+/-0.8,2.4+/-0.8,2.4+/-0.8,2.4+/-0.8,2.4+/-0.8,2.4+/-0.8,2.4+/-0.8,2.4+/-0.8,2.4+/-0.8,2.4+/-0.8
India,96752402,158953942,0.0,0.008+/-0.004,0.019+/-0.010,0.099+/-0.019,1.03+/-0.32,1.13+/-0.32,1.25+/-0.33,1.35+/-0.33,1.43+/-0.34,1.51+/-0.34,1.59+/-0.34,1.67+/-0.35,1.74+/-0.35,1.80+/-0.35,1.9+/-0.4,1.9+/-0.4,2.0+/-0.4,2.1+/-0.4,2.1+/-0.4,2.2+/-0.4,2.3+/-0.4,2.3+/-0.4,2.4+/-0.4,2.5+/-0.4,2.6+/-0.4,2.6+/-0.4,2.7+/-0.4,2.8+/-0.4,2.8+/-0.4,2.9+/-0.4,3.0+/-0.4,3.0+/-0.4,3.1+/-0.4,3.2+/-0.5,3.2+/-0.5,3.3+/-0.5,3.4+/-0.5,3.4+/-0.5,3.5+/-0.5,3.6+/-0.5,3.6+/-0.5,3.7+/-0.5,3.8+/-0.5,3.8+/-0.5,3.9+/-0.5,4.0+/-0.5,4.0+/-0.6,4.1+/-0.6,4.2+/-0.6,4.3+/-0.6,4.3+/-0.6,4.4+/-0.6,4.5+/-0.6
Ireland,241598,604978,0.0,1.3+/-0.7,3.0+/-1.6,5.0+/-2.6,8+/-4,12+/-6,21+/-11,25+/-13,35+/-15,44+/-16,53+/-17,62+/-18,69+/-18,76+/-18,83+/-19,90+/-19,97+/-20,105+/-20,112+/-21,119+/-21,126+/-22,133+/-23,140+/-23,148+/-24,155+/-25,162+/-26,169+/-26,176+/-27,183+/-28,190+/-29,198+/-30,205+/-31,212+/-31,219+/-32,226+/-33,233+/-34,241+/-35,(2.5+/-0.4)e+02,(2.5+/-0.4)e+02,(2.6+/-0.4)e+02,(2.7+/-0.4)e+02,(2.8+/-0.4)e+02,(2.8+/-0.4)e+02,(2.9+/-0.4)e+02,(3.0+/-0.4)e+02,(3.0+/-0.4)e+02,(3.1+/-0.4)e+02,(3.2+/-0.5)e+02,(3.3+/-0.5)e+02,(3.3+/-0.5)e+02,(3.4+/-0.5)e+02,(3.5+/-0.5)e+02,(3.6+/-0.5)e+02
Iran,3169421,7101985,0.0,0.047+/-0.025,0.11+/-0.06,0.18+/-0.09,0.28+/-0.15,0.44+/-0.23,0.7+/-0.4,1.2+/-0.5,1.5+/-0.5,1.9+/-0.6,2.2+/-0.6,2.6+/-0.6,2.8+/-0.7,3.1+/-0.7,3.4+/-0.7,3.7+/-0.7,3.9+/-0.7,4.2+/-0.8,4.5+/-0.8,4.8+/-0.8,5.0+/-0.8,5.3+/-0.9,5.6+/-0.9,5.9+/-0.9,6.1+/-1.0,6.4+/-1.0,6.7+/-1.0,7.0+/-1.0,7.2+/-1.1,7.5+/-1.1,7.8+/-1.1,8.1+/-1.2,8.3+/-1.2,8.6+/-1.3,8.9+/-1.3,9.2+/-1.3,9.4+/-1.4,9.7+/-1.4,10.0+/-1.4,10.3+/-1.5,10.5+/-1.5,10.8+/-1.5,11.1+/-1.6,11.4+/-1.6,11.6+/-1.7,11.9+/-1.7,12.2+/-1.7,12.5+/-1.8,12.7+/-1.8,13.0+/-1.8,13.3+/-1.9,13.6+/-1.9,13.8+/-2.0
Iraq,1542174,3358641,0.0,0.056+/-0.009,0.116+/-0.018,0.177+/-0.029,0.25+/-0.04,0.33+/-0.06,0.45+/-0.10,0.53+/-0.12,0.60+/-0.13,0.66+/-0.14,0.72+/-0.15,0.77+/-0.16,0.82+/-0.16,0.87+/-0.16,0.91+/-0.17,0.96+/-0.17,1.00+/-0.18,1.05+/-0.18,1.10+/-0.19,1.14+/-0.19,1.19+/-0.19,1.23+/-0.20,1.28+/-0.20,1.32+/-0.21,1.37+/-0.21,1.42+/-0.22,1.46+/-0.22,1.51+/-0.23,1.55+/-0.23,1.60+/-0.24,1.65+/-0.25,1.69+/-0.25,1.74+/-0.26,1.78+/-0.26,1.83+/-0.27,1.87+/-0.27,1.92+/-0.28,1.97+/-0.29,2.01+/-0.29,2.06+/-0.30,2.10+/-0.30,2.15+/-0.31,2.19+/-0.32,2.24+/-0.32,2.29+/-0.33,2.33+/-0.33,2.38+/-0.34,2.42+/-0.35,2.47+/-0.35,2.5+/-0.4,2.6+/-0.4,2.6+/-0.4,2.7+/-0.4
Iceland,20807,51010,0.0,0.28+/-0.15,0.64+/-0.33,1.1+/-0.6,4.1+/-0.9,7.2+/-1.5,11.1+/-2.5,14.1+/-3.1,16.9+/-3.5,19+/-4,22+/-4,24+/-4,26+/-5,28+/-5,31+/-5,33+/-5,35+/-5,37+/-6,39+/-6,41+/-6,43+/-6,45+/-7,47+/-7,49+/-7,52+/-7,54+/-8,56+/-8,58+/-8,60+/-9,62+/-9,64+/-9,66+/-9,68+/-10,71+/-10,73+/-10,75+/-11,77+/-11,79+/-11,81+/-11,83+/-12,85+/-12,87+/-12,89+/-13,92+/-13,94+/-13,96+/-14,98+/-14,100+/-14,102+/-14,104+/-15,106+/-15,108+/-15,110+/-16
Israel,327135,802751,0.0,0.37+/-0.20,3.7+/-0.6,7.2+/-1.1,15.4+/-2.4,19.5+/-3.0,25+/-4,29+/-5,33+/-5,36+/-6,40+/-6,43+/-7,46+/-7,49+/-7,52+/-8,55+/-8,57+/-8,60+/-9,63+/-9,66+/-9,69+/-10,72+/-10,75+/-10,78+/-11,81+/-11,84+/-11,86+/-12,89+/-12,92+/-13,95+/-13,98+/-13,101+/-14,104+/-14,107+/-15,110+/-15,113+/-15,116+/-16,118+/-16,121+/-17,124+/-17,127+/-17,130+/-18,133+/-18,136+/-19,139+/-19,142+/-20,145+/-20,148+/-20,150+/-21,153+/-21,156+/-22,159+/-22,162+/-22
Italy,2171257,5413727,0.0,0.32+/-0.17,3.4+/-0.5,6.5+/-1.0,10.7+/-1.6,14.4+/-2.2,19.1+/-3.3,23+/-4,26+/-5,29+/-5,32+/-5,35+/-6,38+/-6,41+/-6,43+/-7,46+/-7,49+/-7,51+/-8,54+/-8,57+/-8,59+/-9,62+/-9,65+/-9,67+/-10,70+/-10,73+/-10,75+/-11,78+/-11,81+/-11,83+/-12,86+/-12,89+/-12,91+/-13,94+/-13,96+/-14,99+/-14,102+/-14,104+/-15,107+/-15,110+/-15,112+/-16,115+/-16,118+/-17,120+/-17,123+/-17,126+/-18,128+/-18,131+/-18,134+/-19,136+/-19,139+/-20,142+/-20,144+/-20
Jamaica,123034,332889,0.0,0.025+/-0.013,0.056+/-0.029,0.09+/-0.05,0.20+/-0.08,0.28+/-0.12,0.44+/-0.20,0.52+/-0.25,0.58+/-0.28,0.62+/-0.30,0.65+/-0.31,0.67+/-0.32,0.67+/-0.32,0.67+/-0.32,0.67+/-0.32,0.67+/-0.32,0.67+/-0.32,0.67+/-0.32,0.67+/-0.32,0.67+/-0.32,0.67+/-0.32,0.67+/-0.32,0.67+/-0.32,0.67+/-0.32,0.67+/-0.32,0.67+/-0.32,0.67+/-0.32,0.67+/-0.32,0.67+/-0.32,0.67+/-0.32,0.67+/-0.32,0.67+/-0.32,0.67+/-0.32,0.67+/-0.32,0.67+/-0.32,0.67+/-0.32,0.67+/-0.32,0.67+/-0.32,0.67+/-0.32,0.67+/-0.32,0.67+/-0.32,0.67+/-0.32,0.67+/-0.32,0.67+/-0.32,0.67+/-0.32,0.67+/-0.32,0.67+/-0.32,0.67+/-0.32,0.67+/-0.32,0.67+/-0.32,0.67+/-0.32,0.67+/-0.32,0.67+/-0.32
Jordan,306243,815628,0.0,0.33+/-0.05,0.67+/-0.10,1.03+/-0.16,1.44+/-0.24,1.89+/-0.33,2.5+/-0.5,3.0+/-0.6,3.4+/-0.7,3.7+/-0.7,4.1+/-0.8,4.4+/-0.8,4.7+/-0.9,4.9+/-0.9,5.2+/-0.9,5.5+/-0.9,5.8+/-1.0,6.0+/-1.0,6.3+/-1.0,6.6+/-1.0,6.9+/-1.1,7.1+/-1.1,7.4+/-1.1,7.7+/-1.2,7.9+/-1.2,8.2+/-1.2,8.5+/-1.3,8.8+/-1.3,9.0+/-1.3,9.3+/-1.4,9.6+/-1.4,9.9+/-1.4,10.1+/-1.5,10.4+/-1.5,10.7+/-1.5,11.0+/-1.6,11.2+/-1.6,11.5+/-1.7,11.8+/-1.7,12.1+/-1.7,12.3+/-1.8,12.6+/-1.8,12.9+/-1.8,13.1+/-1.9,13.4+/-1.9,13.7+/-1.9,14.0+/-2.0,14.2+/-2.0,14.5+/-2.1,14.8+/-2.1,15.1+/-2.1,15.3+/-2.2,15.6+/-2.2
Japan,5360183,15020688,0.0,2.21+/-0.32,16.1+/-2.5,18.7+/-2.8,25.0+/-3.4,28+/-4,33+/-5,37+/-5,40+/-6,43+/-6,46+/-7,49+/-7,52+/-7,55+/-8,58+/-8,60+/-8,63+/-9,66+/-9,68+/-9,71+/-10,74+/-10,77+/-11,79+/-11,82+/-11,85+/-12,87+/-12,90+/-12,93+/-13,96+/-13,98+/-14,101+/-14,104+/-14,107+/-15,109+/-15,112+/-15,115+/-16,117+/-16,120+/-17,123+/-17,126+/-17,128+/-18,131+/-18,134+/-19,136+/-19,139+/-19,142+/-20,145+/-20,147+/-21,150+/-21,153+/-21,156+/-22,158+/-22,161+/-23
Kazakhstan,1039296,1969480,0.0,0.061+/-0.032,0.14+/-0.07,0.23+/-0.12,4.6+/-1.6,5.2+/-1.6,6.0+/-1.7,6.6+/-1.7,7.2+/-1.7,7.7+/-1.8,8.2+/-1.8,8.6+/-1.8,9.1+/-1.8,9.5+/-1.9,9.9+/-1.9,10.3+/-1.9,10.7+/-1.9,11.1+/-1.9,11.5+/-2.0,11.9+/-2.0,12.3+/-2.0,12.8+/-2.0,13.2+/-2.1,13.6+/-2.1,14.0+/-2.1,14.4+/-2.2,14.8+/-2.2,15.2+/-2.3,15.6+/-2.3,16.1+/-2.3,16.5+/-2.4,16.9+/-2.4,17.3+/-2.5,17.7+/-2.5,18.1+/-2.5,18.5+/-2.6,18.9+/-2.6,19.3+/-2.7,19.8+/-2.7,20.2+/-2.8,20.6+/-2.8,21.0+/-2.9,21.4+/-2.9,21.8+/-3.0,22.2+/-3.0,22.6+/-3.1,23.1+/-3.1,23.5+/-3.2,23.9+/-3.2,24.3+/-3.3,24.7+/-3.3,25.1+/-3.4,25.5+/-3.4
Kenya,3465888,5334131,0.0,0.0+/-0,0.0+/-0,0.0+/-0,0.0019+/-0.0007,0.0019+/-0.0007,0.0019+/-0.0007,0.0019+/-0.0007,0.0019+/-0.0007,0.0019+/-0.0007,0.0019+/-0.0007,0.0019+/-0.0007,0.0019+/-0.0007,0.0019+/-0.0007,0.0019+/-0.0007,0.0019+/-0.0007,0.0019+/-0.0007,0.0019+/-0.0007,0.0019+/-0.0007,0.0019+/-0.0007,0.0019+/-0.0007,0.0019+/-0.0007,0.0019+/-0.0007,0.0019+/-0.0007,0.0019+/-0.0007,0.0019+/-0.0007,0.0019+/-0.0007,0.0019+/-0.0007,0.0019+/-0.0007,0.0019+/-0.0007,0.0019+/-0.0007,0.0019+/-0.0007,0.0019+/-0.0007,0.0019+/-0.0007,0.0019+/-0.0007,0.0019+/-0.0007,0.0019+/-0.0007,0.0019+/-0.0007,0.0019+/-0.0007,0.0019+/-0.0007,0.0019+/-0.0007,0.0019+/-0.0007,0.0019+/-0.0007,0.0019+/-0.0007,0.0019+/-0.0007,0.0019+/-0.0007,0.0019+/-0.0007,0.0019+/-0.0007,0.0019+/-0.0007,0.0019+/-0.0007,0.0019+/-0.0007,0.0019+/-0.0007,0.0019+/-0.0007
Kyrgyzstan,391908,843923,0.0,0.008+/-0.004,0.019+/-0.010,0.031+/-0.016,0.76+/-0.27,0.79+/-0.27,0.84+/-0.27,0.87+/-0.28,0.89+/-0.28,0.90+/-0.28,0.91+/-0.29,0.92+/-0.29,0.92+/-0.29,0.92+/-0.29,0.92+/-0.29,0.92+/-0.29,0.92+/-0.29,0.92+/-0.29,0.92+/-0.29,0.92+/-0.29,0.92+/-0.29,0.92+/-0.29,0.92+/-0.29,0.92+/-0.29,0.92+/-0.29,0.92+/-0.29,0.92+/-0.29,0.92+/-0.29,0.92+/-0.29,0.92+/-0.29,0.92+/-0.29,0.92+/-0.29,0.92+/-0.29,0.92+/-0.29,0.92+/-0.29,0.92+/-0.29,0.92+/-0.29,0.92+/-0.29,0.92+/-0.29,0.92+/-0.29,0.92+/-0.29,0.92+/-0.29,0.92+/-0.29,0.92+/-0.29,0.92+/-0.29,0.92+/-0.29,0.92+/-0.29,0.92+/-0.29,0.92+/-0.29,0.92+/-0.29,0.92+/-0.29,0.92+/-0.29,0.92+/-0.29
Cambodia,1147751,2767705,0.0,0.102+/-0.016,0.208+/-0.033,0.32+/-0.05,0.87+/-0.18,1.02+/-0.19,1.22+/-0.23,1.36+/-0.26,1.48+/-0.27,1.59+/-0.29,1.70+/-0.30,1.80+/-0.32,1.88+/-0.32,1.97+/-0.33,2.05+/-0.33,2.14+/-0.34,2.22+/-0.35,2.30+/-0.35,2.4+/-0.4,2.5+/-0.4,2.6+/-0.4,2.6+/-0.4,2.7+/-0.4,2.8+/-0.4,2.9+/-0.4,3.0+/-0.4,3.1+/-0.4,3.1+/-0.4,3.2+/-0.4,3.3+/-0.5,3.4+/-0.5,3.5+/-0.5,3.6+/-0.5,3.6+/-0.5,3.7+/-0.5,3.8+/-0.5,3.9+/-0.5,4.0+/-0.5,4.1+/-0.5,4.1+/-0.6,4.2+/-0.6,4.3+/-0.6,4.4+/-0.6,4.5+/-0.6,4.6+/-0.6,4.6+/-0.6,4.7+/-0.6,4.8+/-0.6,4.9+/-0.7,5.0+/-0.7,5.1+/-0.7,5.2+/-0.7,5.2+/-0.7
Kiribati,4290,10517,0.0,0.0+/-0,0.0+/-0,0.0+/-0,1.5+/-0.5,1.5+/-0.5,1.5+/-0.5,1.5+/-0.5,1.5+/-0.5,1.5+/-0.5,1.5+/-0.5,1.5+/-0.5,1.5+/-0.5,1.5+/-0.5,1.5+/-0.5,1.5+/-0.5,1.5+/-0.5,1.5+/-0.5,1.5+/-0.5,1.5+/-0.5,1.5+/-0.5,1.5+/-0.5,1.5+/-0.5,1.5+/-0.5,1.5+/-0.5,1.5+/-0.5,1.5+/-0.5,1.5+/-0.5,1.5+/-0.5,1.5+/-0.5,1.5+/-0.5,1.5+/-0.5,1.5+/-0.5,1.5+/-0.5,1.5+/-0.5,1.5+/-0.5,1.5+/-0.5,1.5+/-0.5,1.5+/-0.5,1.5+/-0.5,1.5+/-0.5,1.5+/-0.5,1.5+/-0.5,1.5+/-0.5,1.5+/-0.5,1.5+/-0.5,1.5+/-0.5,1.5+/-0.5,1.5+/-0.5,1.5+/-0.5,1.5+/-0.5,1.5+/-0.5,1.5+/-0.5
St. Kitts and Nevis,3047,4408,0.0,0.025+/-0.013,0.057+/-0.030,0.09+/-0.05,2.3+/-0.8,2.4+/-0.8,2.6+/-0.8,2.6+/-0.8,2.7+/-0.8,2.7+/-0.8,2.8+/-0.8,2.8+/-0.8,2.8+/-0.8,2.8+/-0.8,2.8+/-0.8,2.8+/-0.8,2.8+/-0.8,2.8+/-0.8,2.8+/-0.8,2.8+/-0.8,2.8+/-0.8,2.8+/-0.8,2.8+/-0.8,2.8+/-0.8,2.8+/-0.8,2.8+/-0.8,2.8+/-0.8,2.8+/-0.8,2.8+/-0.8,2.8+/-0.8,2.8+/-0.8,2.8+/-0.8,2.8+/-0.8,2.8+/-0.8,2.8+/-0.8,2.8+/-0.8,2.8+/-0.8,2.8+/-0.8,2.8+/-0.8,2.8+/-0.8,2.8+/-0.8,2.8+/-0.8,2.8+/-0.8,2.8+/-0.8,2.8+/-0.8,2.8+/-0.8,2.8+/-0.8,2.8+/-0.8,2.8+/-0.8,2.8+/-0.8,2.8+/-0.8,2.8+/-0.8,2.8+/-0.8
South Korea,2848710,6830689,0.0,0.28+/-0.15,0.64+/-0.33,3.3+/-0.6,11.2+/-2.2,14.4+/-2.5,18.5+/-3.3,22+/-4,25+/-4,27+/-4,30+/-5,32+/-5,35+/-5,37+/-6,39+/-6,41+/-6,44+/-6,46+/-6,48+/-7,50+/-7,53+/-7,55+/-8,57+/-8,59+/-8,62+/-8,64+/-9,66+/-9,69+/-9,71+/-10,73+/-10,75+/-10,78+/-10,80+/-11,82+/-11,84+/-11,87+/-12,89+/-12,91+/-12,93+/-13,96+/-13,98+/-13,100+/-14,102+/-14,105+/-14,107+/-15,109+/-15,111+/-15,114+/-16,116+/-16,118+/-16,120+/-16,123+/-17,125+/-17
Kuwait,210483,559262,0.0,0.12+/-0.06,0.27+/-0.14,0.45+/-0.23,0.7+/-0.4,1.1+/-0.6,1.9+/-1.0,2.3+/-1.2,3.2+/-1.3,4.0+/-1.4,4.8+/-1.5,5.5+/-1.6,6.2+/-1.6,6.8+/-1.7,7.4+/-1.7,8.0+/-1.7,8.7+/-1.8,9.3+/-1.8,9.9+/-1.9,10.6+/-1.9,11.2+/-2.0,11.8+/-2.0,12.4+/-2.1,13.1+/-2.2,13.7+/-2.2,14.3+/-2.3,15.0+/-2.4,15.6+/-2.4,16.2+/-2.5,16.8+/-2.6,17.5+/-2.6,18.1+/-2.7,18.7+/-2.8,19.4+/-2.9,20.0+/-2.9,20.6+/-3.0,21.2+/-3.1,21.9+/-3.2,22.5+/-3.3,23.1+/-3.3,23.8+/-3.4,24.4+/-3.5,25+/-4,26+/-4,26+/-4,27+/-4,28+/-4,28+/-4,29+/-4,29+/-4,30+/-4,31+/-4,31+/-4
Laos,511234,859914,0.0,0.0054+/-0.0028,0.012+/-0.006,0.020+/-0.010,1.3+/-0.5,1.3+/-0.5,1.3+/-0.5,1.3+/-0.5,1.4+/-0.5,1.4+/-0.5,1.4+/-0.5,1.4+/-0.5,1.4+/-0.5,1.4+/-0.5,1.4+/-0.5,1.4+/-0.5,1.4+/-0.5,1.4+/-0.5,1.4+/-0.5,1.4+/-0.5,1.4+/-0.5,1.4+/-0.5,1.4+/-0.5,1.4+/-0.5,1.4+/-0.5,1.4+/-0.5,1.4+/-0.5,1.4+/-0.5,1.4+/-0.5,1.4+/-0.5,1.4+/-0.5,1.4+/-0.5,1.4+/-0.5,1.4+/-0.5,1.4+/-0.5,1.4+/-0.5,1.4+/-0.5,1.4+/-0.5,1.4+/-0.5,1.4+/-0.5,1.4+/-0.5,1.4+/-0.5,1.4+/-0.5,1.4+/-0.5,1.4+/-0.5,1.4+/-0.5,1.4+/-0.5,1.4+/-0.5,1.4+/-0.5,1.4+/-0.5,1.4+/-0.5,1.4+/-0.5,1.4+/-0.5
Lebanon,175131,484188,0.0,0.0036+/-0.0019,0.008+/-0.004,0.014+/-0.007,0.059+/-0.017,0.071+/-0.022,0.095+/-0.033,0.11+/-0.04,0.11+/-0.04,0.12+/-0.05,0.12+/-0.05,0.13+/-0.05,0.13+/-0.05,0.13+/-0.05,0.13+/-0.05,0.13+/-0.05,0.13+/-0.05,0.13+/-0.05,0.13+/-0.05,0.13+/-0.05,0.13+/-0.05,0.13+/-0.05,0.13+/-0.05,0.13+/-0.05,0.13+/-0.05,0.13+/-0.05,0.13+/-0.05,0.13+/-0.05,0.13+/-0.05,0.13+/-0.05,0.13+/-0.05,0.13+/-0.05,0.13+/-0.05,0.13+/-0.05,0.13+/-0.05,0.13+/-0.05,0.13+/-0.05,0.13+/-0.05,0.13+/-0.05,0.13+/-0.05,0.13+/-0.05,0.13+/-0.05,0.13+/-0.05,0.13+/-0.05,0.13+/-0.05,0.13+/-0.05,0.13+/-0.05,0.13+/-0.05,0.13+/-0.05,0.13+/-0.05,0.13+/-0.05,0.13+/-0.05,0.13+/-0.05
Liberia,148824,436151,0.0,0.0+/-0,0.0+/-0,0.0+/-0,0.044+/-0.016,0.044+/-0.016,0.044+/-0.016,0.044+/-0.016,0.044+/-0.016,0.044+/-0.016,0.044+/-0.016,0.044+/-0.016,0.044+/-0.016,0.044+/-0.016,0.044+/-0.016,0.044+/-0.016,0.044+/-0.016,0.044+/-0.016,0.044+/-0.016,0.044+/-0.016,0.044+/-0.016,0.044+/-0.016,0.044+/-0.016,0.044+/-0.016,0.044+/-0.016,0.044+/-0.016,0.044+/-0.016,0.044+/-0.016,0.044+/-0.016,0.044+/-0.016,0.044+/-0.016,0.044+/-0.016,0.044+/-0.016,0.044+/-0.016,0.044+/-0.016,0.044+/-0.016,0.044+/-0.016,0.044+/-0.016,0.044+/-0.016,0.044+/-0.016,0.044+/-0.016,0.044+/-0.016,0.044+/-0.016,0.044+/-0.016,0.044+/-0.016,0.044+/-0.016,0.044+/-0.016,0.044+/-0.016,0.044+/-0.016,0.044+/-0.016,0.044+/-0.016,0.044+/-0.016,0.044+/-0.016
Libya,307911,644830,0.0,0.0+/-0,0.0+/-0,0.0+/-0,0.021+/-0.008,0.021+/-0.008,0.021+/-0.008,0.021+/-0.008,0.021+/-0.008,0.021+/-0.008,0.021+/-0.008,0.021+/-0.008,0.021+/-0.008,0.021+/-0.008,0.021+/-0.008,0.021+/-0.008,0.021+/-0.008,0.021+/-0.008,0.021+/-0.008,0.021+/-0.008,0.021+/-0.008,0.021+/-0.008,0.021+/-0.008,0.021+/-0.008,0.021+/-0.008,0.021+/-0.008,0.021+/-0.008,0.021+/-0.008,0.021+/-0.008,0.021+/-0.008,0.021+/-0.008,0.021+/-0.008,0.021+/-0.008,0.021+/-0.008,0.021+/-0.008,0.021+/-0.008,0.021+/-0.008,0.021+/-0.008,0.021+/-0.008,0.021+/-0.008,0.021+/-0.008,0.021+/-0.008,0.021+/-0.008,0.021+/-0.008,0.021+/-0.008,0.021+/-0.008,0.021+/-0.008,0.021+/-0.008,0.021+/-0.008,0.021+/-0.008,0.021+/-0.008,0.021+/-0.008,0.021+/-0.008
St. Lucia,14228,20582,0.0,0.011+/-0.006,0.024+/-0.013,0.041+/-0.021,0.53+/-0.17,0.56+/-0.17,0.63+/-0.19,0.67+/-0.20,0.69+/-0.20,0.71+/-0.21,0.72+/-0.21,0.73+/-0.22,0.73+/-0.22,0.73+/-0.22,0.73+/-0.22,0.73+/-0.22,0.73+/-0.22,0.73+/-0.22,0.73+/-0.22,0.73+/-0.22,0.73+/-0.22,0.73+/-0.22,0.73+/-0.22,0.73+/-0.22,0.73+/-0.22,0.73+/-0.22,0.73+/-0.22,0.73+/-0.22,0.73+/-0.22,0.73+/-0.22,0.73+/-0.22,0.73+/-0.22,0.73+/-0.22,0.73+/-0.22,0.73+/-0.22,0.73+/-0.22,0.73+/-0.22,0.73+/-0.22,0.73+/-0.22,0.73+/-0.22,0.73+/-0.22,0.73+/-0.22,0.73+/-0.22,0.73+/-0.22,0.73+/-0.22,0.73+/-0.22,0.73+/-0.22,0.73+/-0.22,0.73+/-0.22,0.73+/-0.22,0.73+/-0.22,0.73+/-0.22,0.73+/-0.22
Liechtenstein,1395,4196,0.0,3.9+/-2.0,9+/-5,15+/-8,28+/-12,41+/-19,66+/-32,(1.0+/-0.4)e+02,(1.3+/-0.4)e+02,(1.6+/-0.5)e+02,(1.9+/-0.5)e+02,(2.2+/-0.5)e+02,(2.4+/-0.5)e+02,(2.6+/-0.6)e+02,(2.8+/-0.6)e+02,(3.1+/-0.6)e+02,(3.3+/-0.6)e+02,(3.5+/-0.6)e+02,(3.8+/-0.6)e+02,(4.0+/-0.7)e+02,(4.2+/-0.7)e+02,(4.4+/-0.7)e+02,(4.7+/-0.7)e+02,(4.9+/-0.8)e+02,(5.1+/-0.8)e+02,(5.4+/-0.8)e+02,(5.6+/-0.8)e+02,(5.8+/-0.9)e+02,(6.0+/-0.9)e+02,(6.3+/-0.9)e+02,(6.5+/-1.0)e+02,(6.7+/-1.0)e+02,(7.0+/-1.0)e+02,(7.2+/-1.0)e+02,(7.4+/-1.1)e+02,(7.6+/-1.1)e+02,(7.9+/-1.1)e+02,(8.1+/-1.2)e+02,(8.3+/-1.2)e+02,(8.6+/-1.2)e+02,(8.8+/-1.3)e+02,(9.0+/-1.3)e+02,(9.2+/-1.3)e+02,(9.5+/-1.3)e+02,(9.7+/-1.4)e+02,(9.9+/-1.4)e+02,(1.02+/-0.14)e+03,(1.04+/-0.15)e+03,(1.06+/-0.15)e+03,(1.08+/-0.15)e+03,(1.11+/-0.16)e+03,(1.13+/-0.16)e+03,(1.15+/-0.16)e+03
Sri Lanka,997155,1920691,0.0,0.029+/-0.015,0.065+/-0.034,0.11+/-0.06,0.48+/-0.15,0.58+/-0.18,0.95+/-0.27,1.23+/-0.31,1.49+/-0.35,1.7+/-0.4,1.9+/-0.4,2.2+/-0.4,2.3+/-0.4,2.5+/-0.5,2.7+/-0.5,2.9+/-0.5,3.1+/-0.5,3.3+/-0.5,3.5+/-0.5,3.7+/-0.6,3.8+/-0.6,4.0+/-0.6,4.2+/-0.6,4.4+/-0.6,4.6+/-0.7,4.8+/-0.7,5.0+/-0.7,5.1+/-0.7,5.3+/-0.7,5.5+/-0.8,5.7+/-0.8,5.9+/-0.8,6.1+/-0.8,6.3+/-0.9,6.5+/-0.9,6.6+/-0.9,6.8+/-0.9,7.0+/-1.0,7.2+/-1.0,7.4+/-1.0,7.6+/-1.0,7.8+/-1.1,8.0+/-1.1,8.1+/-1.1,8.3+/-1.1,8.5+/-1.2,8.7+/-1.2,8.9+/-1.2,9.1+/-1.2,9.3+/-1.3,9.4+/-1.3,9.6+/-1.3,9.8+/-1.4
Lesotho,62094,175504,0.0,0.0+/-0,0.0+/-0,0.0+/-0,0.11+/-0.04,0.11+/-0.04,0.11+/-0.04,0.11+/-0.04,0.11+/-0.04,0.11+/-0.04,0.11+/-0.04,0.11+/-0.04,0.11+/-0.04,0.11+/-0.04,0.11+/-0.04,0.11+/-0.04,0.11+/-0.04,0.11+/-0.04,0.11+/-0.04,0.11+/-0.04,0.11+/-0.04,0.11+/-0.04,0.11+/-0.04,0.11+/-0.04,0.11+/-0.04,0.11+/-0.04,0.11+/-0.04,0.11+/-0.04,0.11+/-0.04,0.11+/-0.04,0.11+/-0.04,0.11+/-0.04,0.11+/-0.04,0.11+/-0.04,0.11+/-0.04,0.11+/-0.04,0.11+/-0.04,0.11+/-0.04,0.11+/-0.04,0.11+/-0.04,0.11+/-0.04,0.11+/-0.04,0.11+/-0.04,0.11+/-0.04,0.11+/-0.04,0.11+/-0.04,0.11+/-0.04,0.11+/-0.04,0.11+/-0.04,0.11+/-0.04,0.11+/-0.04,0.11+/-0.04,0.11+/-0.04
Lithuania,121780,283456,0.0,0.19+/-0.10,0.43+/-0.23,0.7+/-0.4,1.2+/-0.6,1.8+/-0.9,3.1+/-1.6,3.7+/-1.9,5.2+/-2.1,6.5+/-2.3,7.7+/-2.4,9.0+/-2.6,10.0+/-2.6,11.0+/-2.7,12.0+/-2.7,13.1+/-2.8,14.1+/-2.8,15.1+/-2.9,16.1+/-3.0,17.2+/-3.1,18.2+/-3.2,19.2+/-3.3,20.2+/-3.4,21.3+/-3.5,22+/-4,23+/-4,24+/-4,25+/-4,26+/-4,27+/-4,28+/-4,29+/-4,30+/-5,32+/-5,33+/-5,34+/-5,35+/-5,36+/-5,37+/-5,38+/-5,39+/-6,40+/-6,41+/-6,42+/-6,43+/-6,44+/-6,45+/-6,46+/-7,47+/-7,48+/-7,49+/-7,50+/-7,51+/-7
Luxembourg,17868,43118,0.0,0.36+/-0.19,0.8+/-0.4,1.3+/-0.7,2.5+/-1.1,3.7+/-1.7,6.0+/-2.9,7.2+/-3.5,10+/-4,12+/-4,14+/-5,16+/-5,18+/-5,20+/-5,22+/-5,23+/-5,25+/-5,27+/-5,29+/-5,30+/-6,32+/-6,34+/-6,36+/-6,37+/-6,39+/-6,41+/-7,43+/-7,45+/-7,46+/-7,48+/-7,50+/-8,52+/-8,53+/-8,55+/-8,57+/-8,59+/-9,60+/-9,62+/-9,64+/-9,66+/-10,67+/-10,69+/-10,71+/-10,73+/-10,74+/-11,76+/-11,78+/-11,80+/-11,82+/-12,83+/-12,85+/-12,87+/-12,89+/-13
Latvia,74314,173511,0.0,0.13+/-0.07,0.29+/-0.15,0.48+/-0.25,1.8+/-0.4,3.1+/-0.7,4.8+/-1.1,6.2+/-1.4,7.4+/-1.6,8.5+/-1.7,9.6+/-1.9,10.6+/-2.0,11.5+/-2.1,12.4+/-2.2,13.3+/-2.2,14.2+/-2.3,15.1+/-2.4,16.1+/-2.5,17.0+/-2.6,17.9+/-2.7,18.8+/-2.8,19.7+/-2.9,20.6+/-3.1,21.5+/-3.2,22.4+/-3.3,23.3+/-3.4,24.3+/-3.5,25+/-4,26+/-4,27+/-4,28+/-4,29+/-4,30+/-4,31+/-4,32+/-4,32+/-5,33+/-5,34+/-5,35+/-5,36+/-5,37+/-5,38+/-5,39+/-5,40+/-6,41+/-6,42+/-6,42+/-6,43+/-6,44+/-6,45+/-6,46+/-7,47+/-7,48+/-7
Macau,24315,52715,0.0,0.0+/-0,0.0+/-0,0.0+/-0,0.27+/-0.10,0.27+/-0.10,0.27+/-0.10,0.27+/-0.10,0.27+/-0.10,0.27+/-0.10,0.27+/-0.10,0.27+/-0.10,0.27+/-0.10,0.27+/-0.10,0.27+/-0.10,0.27+/-0.10,0.27+/-0.10,0.27+/-0.10,0.27+/-0.10,0.27+/-0.10,0.27+/-0.10,0.27+/-0.10,0.27+/-0.10,0.27+/-0.10,0.27+/-0.10,0.27+/-0.10,0.27+/-0.10,0.27+/-0.10,0.27+/-0.10,0.27+/-0.10,0.27+/-0.10,0.27+/-0.10,0.27+/-0.10,0.27+/-0.10,0.27+/-0.10,0.27+/-0.10,0.27+/-0.10,0.27+/-0.10,0.27+/-0.10,0.27+/-0.10,0.27+/-0.10,0.27+/-0.10,0.27+/-0.10,0.27+/-0.10,0.27+/-0.10,0.27+/-0.10,0.27+/-0.10,0.27+/-0.10,0.27+/-0.10,0.27+/-0.10,0.27+/-0.10,0.27+/-0.10,0.27+/-0.10
Saint-Martin,0,0,0,0,0,0,0,0,0,0,0,0,0,0,0,0,0,0,0,0,0,0,0,0,0,0,0,0,0,0,0,0,0,0,0,0,0,0,0,0,0,0,0,0,0,0,0,0,0,0,0,0,0,0,0
Morocco,1491819,3124178,0.0,0.026+/-0.014,0.059+/-0.031,0.10+/-0.05,1.08+/-0.35,1.2+/-0.4,1.3+/-0.4,1.4+/-0.4,1.6+/-0.5,1.8+/-0.5,2.0+/-0.5,2.2+/-0.5,2.3+/-0.5,2.5+/-0.5,2.7+/-0.5,2.8+/-0.5,3.0+/-0.5,3.1+/-0.5,3.3+/-0.5,3.4+/-0.6,3.6+/-0.6,3.7+/-0.6,3.9+/-0.6,4.0+/-0.6,4.2+/-0.6,4.3+/-0.6,4.5+/-0.6,4.6+/-0.7,4.8+/-0.7,5.0+/-0.7,5.1+/-0.7,5.3+/-0.7,5.4+/-0.7,5.6+/-0.8,5.7+/-0.8,5.9+/-0.8,6.0+/-0.8,6.2+/-0.8,6.3+/-0.9,6.5+/-0.9,6.6+/-0.9,6.8+/-0.9,6.9+/-0.9,7.1+/-0.9,7.2+/-1.0,7.4+/-1.0,7.6+/-1.0,7.7+/-1.0,7.9+/-1.0,8.0+/-1.1,8.2+/-1.1,8.3+/-1.1,8.5+/-1.1
Monaco,5260,15819,0.0,0.0+/-0,0.0+/-0,0.0+/-0,1.3+/-0.4,1.3+/-0.4,1.3+/-0.4,1.3+/-0.4,1.3+/-0.4,1.3+/-0.4,1.3+/-0.4,1.3+/-0.4,1.3+/-0.4,1.3+/-0.4,1.3+/-0.4,1.3+/-0.4,1.3+/-0.4,1.3+/-0.4,1.3+/-0.4,1.3+/-0.4,1.3+/-0.4,1.3+/-0.4,1.3+/-0.4,1.3+/-0.4,1.3+/-0.4,1.3+/-0.4,1.3+/-0.4,1.3+/-0.4,1.3+/-0.4,1.3+/-0.4,1.3+/-0.4,1.3+/-0.4,1.3+/-0.4,1.3+/-0.4,1.3+/-0.4,1.3+/-0.4,1.3+/-0.4,1.3+/-0.4,1.3+/-0.4,1.3+/-0.4,1.3+/-0.4,1.3+/-0.4,1.3+/-0.4,1.3+/-0.4,1.3+/-0.4,1.3+/-0.4,1.3+/-0.4,1.3+/-0.4,1.3+/-0.4,1.3+/-0.4,1.3+/-0.4,1.3+/-0.4,1.3+/-0.4
Moldova,142321,289251,0.0,0.019+/-0.010,0.042+/-0.022,0.07+/-0.04,0.16+/-0.06,0.22+/-0.09,0.34+/-0.15,0.40+/-0.18,0.44+/-0.21,0.47+/-0.22,0.49+/-0.23,0.51+/-0.24,0.51+/-0.24,0.51+/-0.24,0.51+/-0.24,0.51+/-0.24,0.51+/-0.24,0.51+/-0.24,0.51+/-0.24,0.51+/-0.24,0.51+/-0.24,0.51+/-0.24,0.51+/-0.24,0.51+/-0.24,0.51+/-0.24,0.51+/-0.24,0.51+/-0.24,0.51+/-0.24,0.51+/-0.24,0.51+/-0.24,0.51+/-0.24,0.51+/-0.24,0.51+/-0.24,0.51+/-0.24,0.51+/-0.24,0.51+/-0.24,0.51+/-0.24,0.51+/-0.24,0.51+/-0.24,0.51+/-0.24,0.51+/-0.24,0.51+/-0.24,0.51+/-0.24,0.51+/-0.24,0.51+/-0.24,0.51+/-0.24,0.51+/-0.24,0.51+/-0.24,0.51+/-0.24,0.51+/-0.24,0.51+/-0.24,0.51+/-0.24,0.51+/-0.24
Madagascar,2301603,3329482,0.0,0.0+/-0,0.0+/-0,0.0+/-0,0.020+/-0.007,0.020+/-0.007,0.020+/-0.007,0.020+/-0.007,0.020+/-0.007,0.020+/-0.007,0.020+/-0.007,0.020+/-0.007,0.020+/-0.007,0.020+/-0.007,0.020+/-0.007,0.020+/-0.007,0.020+/-0.007,0.020+/-0.007,0.020+/-0.007,0.020+/-0.007,0.020+/-0.007,0.020+/-0.007,0.020+/-0.007,0.020+/-0.007,0.020+/-0.007,0.020+/-0.007,0.020+/-0.007,0.020+/-0.007,0.020+/-0.007,0.020+/-0.007,0.020+/-0.007,0.020+/-0.007,0.020+/-0.007,0.020+/-0.007,0.020+/-0.007,0.020+/-0.007,0.020+/-0.007,0.020+/-0.007,0.020+/-0.007,0.020+/-0.007,0.020+/-0.007,0.020+/-0.007,0.020+/-0.007,0.020+/-0.007,0.020+/-0.007,0.020+/-0.007,0.020+/-0.007,0.020+/-0.007,0.020+/-0.007,0.020+/-0.007,0.020+/-0.007,0.020+/-0.007,0.020+/-0.007
Maldives,18586,45085,0.0,0.014+/-0.007,0.032+/-0.017,0.054+/-0.028,0.44+/-0.13,0.49+/-0.14,0.58+/-0.17,0.63+/-0.19,0.66+/-0.20,0.68+/-0.21,0.70+/-0.22,0.71+/-0.22,0.71+/-0.22,0.71+/-0.22,0.71+/-0.22,0.71+/-0.22,0.71+/-0.22,0.71+/-0.22,0.71+/-0.22,0.71+/-0.22,0.71+/-0.22,0.71+/-0.22,0.71+/-0.22,0.71+/-0.22,0.71+/-0.22,0.71+/-0.22,0.71+/-0.22,0.71+/-0.22,0.71+/-0.22,0.71+/-0.22,0.71+/-0.22,0.71+/-0.22,0.71+/-0.22,0.71+/-0.22,0.71+/-0.22,0.71+/-0.22,0.71+/-0.22,0.71+/-0.22,0.71+/-0.22,0.71+/-0.22,0.71+/-0.22,0.71+/-0.22,0.71+/-0.22,0.71+/-0.22,0.71+/-0.22,0.71+/-0.22,0.71+/-0.22,0.71+/-0.22,0.71+/-0.22,0.71+/-0.22,0.71+/-0.22,0.71+/-0.22,0.71+/-0.22
Mexico,5068324,16223128,0.0,0.14+/-0.07,0.30+/-0.16,0.51+/-0.27,2.2+/-0.5,3.6+/-0.7,5.5+/-1.2,6.9+/-1.5,8.2+/-1.7,9.4+/-1.8,10.6+/-2.0,11.7+/-2.1,12.7+/-2.2,13.7+/-2.3,14.7+/-2.4,15.7+/-2.5,16.7+/-2.6,17.7+/-2.7,18.7+/-2.8,19.7+/-2.9,20.7+/-3.1,21.7+/-3.2,22.7+/-3.3,23.7+/-3.4,25+/-4,26+/-4,27+/-4,28+/-4,29+/-4,30+/-4,31+/-4,32+/-4,33+/-5,34+/-5,35+/-5,36+/-5,37+/-5,38+/-5,39+/-5,40+/-6,41+/-6,42+/-6,43+/-6,44+/-6,45+/-6,46+/-6,47+/-7,48+/-7,49+/-7,50+/-7,51+/-7,52+/-7,53+/-7
Marshall Islands,1412,3140,0.0,0.0+/-0,0.0+/-0,0.0+/-0,4.7+/-1.6,4.7+/-1.6,4.7+/-1.6,4.7+/-1.6,4.7+/-1.6,4.7+/-1.6,4.7+/-1.6,4.7+/-1.6,4.7+/-1.6,4.7+/-1.6,4.7+/-1.6,4.7+/-1.6,4.7+/-1.6,4.7+/-1.6,4.7+/-1.6,4.7+/-1.6,4.7+/-1.6,4.7+/-1.6,4.7+/-1.6,4.7+/-1.6,4.7+/-1.6,4.7+/-1.6,4.7+/-1.6,4.7+/-1.6,4.7+/-1.6,4.7+/-1.6,4.7+/-1.6,4.7+/-1.6,4.7+/-1.6,4.7+/-1.6,4.7+/-1.6,4.7+/-1.6,4.7+/-1.6,4.7+/-1.6,4.7+/-1.6,4.7+/-1.6,4.7+/-1.6,4.7+/-1.6,4.7+/-1.6,4.7+/-1.6,4.7+/-1.6,4.7+/-1.6,4.7+/-1.6,4.7+/-1.6,4.7+/-1.6,4.7+/-1.6,4.7+/-1.6,4.7+/-1.6,4.7+/-1.6
North Macedonia,79840,183353,0.0,0.044+/-0.023,0.10+/-0.05,0.17+/-0.09,3.8+/-1.3,3.9+/-1.3,4.2+/-1.4,4.4+/-1.4,4.5+/-1.4,4.5+/-1.4,4.6+/-1.4,4.6+/-1.4,4.6+/-1.4,4.6+/-1.4,4.6+/-1.4,4.6+/-1.4,4.6+/-1.4,4.6+/-1.4,4.6+/-1.4,4.6+/-1.4,4.6+/-1.4,4.6+/-1.4,4.6+/-1.4,4.6+/-1.4,4.6+/-1.4,4.6+/-1.4,4.6+/-1.4,4.6+/-1.4,4.6+/-1.4,4.6+/-1.4,4.6+/-1.4,4.6+/-1.4,4.6+/-1.4,4.6+/-1.4,4.6+/-1.4,4.6+/-1.4,4.6+/-1.4,4.6+/-1.4,4.6+/-1.4,4.6+/-1.4,4.6+/-1.4,4.6+/-1.4,4.6+/-1.4,4.6+/-1.4,4.6+/-1.4,4.6+/-1.4,4.6+/-1.4,4.6+/-1.4,4.6+/-1.4,4.6+/-1.4,4.6+/-1.4,4.6+/-1.4,4.6+/-1.4
Mali,1278787,2383211,0.0,0.0+/-0,0.0+/-0,0.0+/-0,0.0052+/-0.0018,0.0052+/-0.0018,0.0052+/-0.0018,0.0052+/-0.0018,0.0052+/-0.0018,0.0052+/-0.0018,0.0052+/-0.0018,0.0052+/-0.0018,0.0052+/-0.0018,0.0052+/-0.0018,0.0052+/-0.0018,0.0052+/-0.0018,0.0052+/-0.0018,0.0052+/-0.0018,0.0052+/-0.0018,0.0052+/-0.0018,0.0052+/-0.0018,0.0052+/-0.0018,0.0052+/-0.0018,0.0052+/-0.0018,0.0052+/-0.0018,0.0052+/-0.0018,0.0052+/-0.0018,0.0052+/-0.0018,0.0052+/-0.0018,0.0052+/-0.0018,0.0052+/-0.0018,0.0052+/-0.0018,0.0052+/-0.0018,0.0052+/-0.0018,0.0052+/-0.0018,0.0052+/-0.0018,0.0052+/-0.0018,0.0052+/-0.0018,0.0052+/-0.0018,0.0052+/-0.0018,0.0052+/-0.0018,0.0052+/-0.0018,0.0052+/-0.0018,0.0052+/-0.0018,0.0052+/-0.0018,0.0052+/-0.0018,0.0052+/-0.0018,0.0052+/-0.0018,0.0052+/-0.0018,0.0052+/-0.0018,0.0052+/-0.0018,0.0052+/-0.0018,0.0052+/-0.0018
Malta,25920,69035,0.0,0.10+/-0.05,0.23+/-0.12,0.39+/-0.20,0.88+/-0.34,1.2+/-0.5,1.9+/-0.9,2.2+/-1.0,2.5+/-1.2,2.6+/-1.2,2.8+/-1.3,2.9+/-1.4,2.9+/-1.4,2.9+/-1.4,2.9+/-1.4,2.9+/-1.4,2.9+/-1.4,2.9+/-1.4,2.9+/-1.4,2.9+/-1.4,2.9+/-1.4,2.9+/-1.4,2.9+/-1.4,2.9+/-1.4,2.9+/-1.4,2.9+/-1.4,2.9+/-1.4,2.9+/-1.4,2.9+/-1.4,2.9+/-1.4,2.9+/-1.4,2.9+/-1.4,2.9+/-1.4,2.9+/-1.4,2.9+/-1.4,2.9+/-1.4,2.9+/-1.4,2.9+/-1.4,2.9+/-1.4,2.9+/-1.4,2.9+/-1.4,2.9+/-1.4,2.9+/-1.4,2.9+/-1.4,2.9+/-1.4,2.9+/-1.4,2.9+/-1.4,2.9+/-1.4,2.9+/-1.4,2.9+/-1.4,2.9+/-1.4,2.9+/-1.4,2.9+/-1.4
Myanmar,3595557,7248499,0.0,0.007+/-0.004,0.016+/-0.008,0.027+/-0.014,0.059+/-0.023,0.082+/-0.035,0.13+/-0.06,0.20+/-0.07,0.26+/-0.08,0.32+/-0.09,0.37+/-0.09,0.43+/-0.10,0.47+/-0.10,0.52+/-0.11,0.57+/-0.11,0.61+/-0.11,0.66+/-0.12,0.70+/-0.12,0.75+/-0.12,0.80+/-0.13,0.84+/-0.13,0.89+/-0.14,0.94+/-0.14,0.98+/-0.15,1.03+/-0.15,1.07+/-0.16,1.12+/-0.17,1.17+/-0.17,1.21+/-0.18,1.26+/-0.18,1.31+/-0.19,1.35+/-0.19,1.40+/-0.20,1.45+/-0.21,1.49+/-0.21,1.54+/-0.22,1.58+/-0.23,1.63+/-0.23,1.68+/-0.24,1.72+/-0.24,1.77+/-0.25,1.82+/-0.26,1.86+/-0.26,1.91+/-0.27,1.96+/-0.28,2.00+/-0.28,2.05+/-0.29,2.09+/-0.30,2.14+/-0.30,2.19+/-0.31,2.23+/-0.31,2.28+/-0.32,2.33+/-0.33
Montenegro,22908,59710,0.0,0.020+/-0.010,0.045+/-0.024,0.08+/-0.04,0.41+/-0.12,0.47+/-0.14,0.60+/-0.19,0.67+/-0.22,0.71+/-0.24,0.74+/-0.26,0.77+/-0.27,0.79+/-0.28,0.79+/-0.28,0.79+/-0.28,0.79+/-0.28,0.79+/-0.28,0.79+/-0.28,0.79+/-0.28,0.79+/-0.28,0.79+/-0.28,0.79+/-0.28,0.79+/-0.28,0.79+/-0.28,0.79+/-0.28,0.79+/-0.28,0.79+/-0.28,0.79+/-0.28,0.79+/-0.28,0.79+/-0.28,0.79+/-0.28,0.79+/-0.28,0.79+/-0.28,0.79+/-0.28,0.79+/-0.28,0.79+/-0.28,0.79+/-0.28,0.79+/-0.28,0.79+/-0.28,0.79+/-0.28,0.79+/-0.28,0.79+/-0.28,0.79+/-0.28,0.79+/-0.28,0.79+/-0.28,0.79+/-0.28,0.79+/-0.28,0.79+/-0.28,0.79+/-0.28,0.79+/-0.28,0.79+/-0.28,0.79+/-0.28,0.79+/-0.28,0.79+/-0.28
Mongolia,208980,367905,0.0,0.011+/-0.006,0.025+/-0.013,0.042+/-0.022,1.9+/-0.7,2.0+/-0.7,2.0+/-0.7,2.1+/-0.7,2.1+/-0.7,2.1+/-0.7,2.1+/-0.7,2.1+/-0.7,2.1+/-0.7,2.1+/-0.7,2.1+/-0.7,2.1+/-0.7,2.1+/-0.7,2.1+/-0.7,2.1+/-0.7,2.1+/-0.7,2.1+/-0.7,2.1+/-0.7,2.1+/-0.7,2.1+/-0.7,2.1+/-0.7,2.1+/-0.7,2.1+/-0.7,2.1+/-0.7,2.1+/-0.7,2.1+/-0.7,2.1+/-0.7,2.1+/-0.7,2.1+/-0.7,2.1+/-0.7,2.1+/-0.7,2.1+/-0.7,2.1+/-0.7,2.1+/-0.7,2.1+/-0.7,2.1+/-0.7,2.1+/-0.7,2.1+/-0.7,2.1+/-0.7,2.1+/-0.7,2.1+/-0.7,2.1+/-0.7,2.1+/-0.7,2.1+/-0.7,2.1+/-0.7,2.1+/-0.7,2.1+/-0.7,2.1+/-0.7,2.1+/-0.7
Northern Mariana Islands,2009,4808,0.0,0.0+/-0,0.0+/-0,0.0+/-0,3.3+/-1.2,3.3+/-1.2,3.3+/-1.2,3.3+/-1.2,3.3+/-1.2,3.3+/-1.2,3.3+/-1.2,3.3+/-1.2,3.3+/-1.2,3.3+/-1.2,3.3+/-1.2,3.3+/-1.2,3.3+/-1.2,3.3+/-1.2,3.3+/-1.2,3.3+/-1.2,3.3+/-1.2,3.3+/-1.2,3.3+/-1.2,3.3+/-1.2,3.3+/-1.2,3.3+/-1.2,3.3+/-1.2,3.3+/-1.2,3.3+/-1.2,3.3+/-1.2,3.3+/-1.2,3.3+/-1.2,3.3+/-1.2,3.3+/-1.2,3.3+/-1.2,3.3+/-1.2,3.3+/-1.2,3.3+/-1.2,3.3+/-1.2,3.3+/-1.2,3.3+/-1.2,3.3+/-1.2,3.3+/-1.2,3.3+/-1.2,3.3+/-1.2,3.3+/-1.2,3.3+/-1.2,3.3+/-1.2,3.3+/-1.2,3.3+/-1.2,3.3+/-1.2,3.3+/-1.2,3.3+/-1.2
Mozambique,482534,1612664,0.0,0.0+/-0,0.0+/-0,0.0+/-0,0.014+/-0.005,0.014+/-0.005,0.014+/-0.005,0.014+/-0.005,0.014+/-0.005,0.014+/-0.005,0.014+/-0.005,0.014+/-0.005,0.014+/-0.005,0.014+/-0.005,0.014+/-0.005,0.014+/-0.005,0.014+/-0.005,0.014+/-0.005,0.014+/-0.005,0.014+/-0.005,0.014+/-0.005,0.014+/-0.005,0.014+/-0.005,0.014+/-0.005,0.014+/-0.005,0.014+/-0.005,0.014+/-0.005,0.014+/-0.005,0.014+/-0.005,0.014+/-0.005,0.014+/-0.005,0.014+/-0.005,0.014+/-0.005,0.014+/-0.005,0.014+/-0.005,0.014+/-0.005,0.014+/-0.005,0.014+/-0.005,0.014+/-0.005,0.014+/-0.005,0.014+/-0.005,0.014+/-0.005,0.014+/-0.005,0.014+/-0.005,0.014+/-0.005,0.014+/-0.005,0.014+/-0.005,0.014+/-0.005,0.014+/-0.005,0.014+/-0.005,0.014+/-0.005,0.014+/-0.005,0.014+/-0.005
Mauritania,111595,355340,0.0,0.0+/-0,0.0+/-0,0.0+/-0,0.059+/-0.021,0.059+/-0.021,0.059+/-0.021,0.059+/-0.021,0.059+/-0.021,0.059+/-0.021,0.059+/-0.021,0.059+/-0.021,0.059+/-0.021,0.059+/-0.021,0.059+/-0.021,0.059+/-0.021,0.059+/-0.021,0.059+/-0.021,0.059+/-0.021,0.059+/-0.021,0.059+/-0.021,0.059+/-0.021,0.059+/-0.021,0.059+/-0.021,0.059+/-0.021,0.059+/-0.021,0.059+/-0.021,0.059+/-0.021,0.059+/-0.021,0.059+/-0.021,0.059+/-0.021,0.059+/-0.021,0.059+/-0.021,0.059+/-0.021,0.059+/-0.021,0.059+/-0.021,0.059+/-0.021,0.059+/-0.021,0.059+/-0.021,0.059+/-0.021,0.059+/-0.021,0.059+/-0.021,0.059+/-0.021,0.059+/-0.021,0.059+/-0.021,0.059+/-0.021,0.059+/-0.021,0.059+/-0.021,0.059+/-0.021,0.059+/-0.021,0.059+/-0.021,0.059+/-0.021,0.059+/-0.021
Mauritius,52459,136836,0.0,0.0+/-0,0.0+/-0,0.0+/-0,1.4+/-0.5,1.4+/-0.5,1.4+/-0.5,1.4+/-0.5,1.4+/-0.5,1.4+/-0.5,1.4+/-0.5,1.4+/-0.5,1.4+/-0.5,1.4+/-0.5,1.4+/-0.5,1.4+/-0.5,1.4+/-0.5,1.4+/-0.5,1.4+/-0.5,1.4+/-0.5,1.4+/-0.5,1.4+/-0.5,1.4+/-0.5,1.4+/-0.5,1.4+/-0.5,1.4+/-0.5,1.4+/-0.5,1.4+/-0.5,1.4+/-0.5,1.4+/-0.5,1.4+/-0.5,1.4+/-0.5,1.4+/-0.5,1.4+/-0.5,1.4+/-0.5,1.4+/-0.5,1.4+/-0.5,1.4+/-0.5,1.4+/-0.5,1.4+/-0.5,1.4+/-0.5,1.4+/-0.5,1.4+/-0.5,1.4+/-0.5,1.4+/-0.5,1.4+/-0.5,1.4+/-0.5,1.4+/-0.5,1.4+/-0.5,1.4+/-0.5,1.4+/-0.5,1.4+/-0.5,1.4+/-0.5
Malawi,891114,1581897,0.0,0.0+/-0,0.0+/-0,0.0+/-0,0.0074+/-0.0026,0.0074+/-0.0026,0.0074+/-0.0026,0.0074+/-0.0026,0.0074+/-0.0026,0.0074+/-0.0026,0.0074+/-0.0026,0.0074+/-0.0026,0.0074+/-0.0026,0.0074+/-0.0026,0.0074+/-0.0026,0.0074+/-0.0026,0.0074+/-0.0026,0.0074+/-0.0026,0.0074+/-0.0026,0.0074+/-0.0026,0.0074+/-0.0026,0.0074+/-0.0026,0.0074+/-0.0026,0.0074+/-0.0026,0.0074+/-0.0026,0.0074+/-0.0026,0.0074+/-0.0026,0.0074+/-0.0026,0.0074+/-0.0026,0.0074+/-0.0026,0.0074+/-0.0026,0.0074+/-0.0026,0.0074+/-0.0026,0.0074+/-0.0026,0.0074+/-0.0026,0.0074+/-0.0026,0.0074+/-0.0026,0.0074+/-0.0026,0.0074+/-0.0026,0.0074+/-0.0026,0.0074+/-0.0026,0.0074+/-0.0026,0.0074+/-0.0026,0.0074+/-0.0026,0.0074+/-0.0026,0.0074+/-0.0026,0.0074+/-0.0026,0.0074+/-0.0026,0.0074+/-0.0026,0.0074+/-0.0026,0.0074+/-0.0026,0.0074+/-0.0026,0.0074+/-0.0026
Malaysia,2276171,5220294,0.0,0.07+/-0.04,0.17+/-0.09,0.91+/-0.17,3.7+/-0.8,4.5+/-0.9,5.6+/-1.0,6.5+/-1.1,7.3+/-1.2,8.0+/-1.3,8.8+/-1.4,9.5+/-1.5,10.1+/-1.5,10.7+/-1.6,11.4+/-1.6,12.0+/-1.7,12.6+/-1.8,13.2+/-1.8,13.9+/-1.9,14.5+/-2.0,15.1+/-2.1,15.8+/-2.1,16.4+/-2.2,17.0+/-2.3,17.6+/-2.4,18.3+/-2.5,18.9+/-2.5,19.5+/-2.6,20.1+/-2.7,20.8+/-2.8,21.4+/-2.9,22.0+/-2.9,22.7+/-3.0,23.3+/-3.1,23.9+/-3.2,24.5+/-3.3,25.2+/-3.4,25.8+/-3.5,26.4+/-3.5,27+/-4,28+/-4,28+/-4,29+/-4,30+/-4,30+/-4,31+/-4,31+/-4,32+/-4,33+/-4,33+/-5,34+/-5,35+/-5,35+/-5
Namibia,112612,234706,0.0,0.0+/-0,0.0+/-0,0.0+/-0,0.42+/-0.15,0.42+/-0.15,0.42+/-0.15,0.42+/-0.15,0.42+/-0.15,0.42+/-0.15,0.42+/-0.15,0.42+/-0.15,0.42+/-0.15,0.42+/-0.15,0.42+/-0.15,0.42+/-0.15,0.42+/-0.15,0.42+/-0.15,0.42+/-0.15,0.42+/-0.15,0.42+/-0.15,0.42+/-0.15,0.42+/-0.15,0.42+/-0.15,0.42+/-0.15,0.42+/-0.15,0.42+/-0.15,0.42+/-0.15,0.42+/-0.15,0.42+/-0.15,0.42+/-0.15,0.42+/-0.15,0.42+/-0.15,0.42+/-0.15,0.42+/-0.15,0.42+/-0.15,0.42+/-0.15,0.42+/-0.15,0.42+/-0.15,0.42+/-0.15,0.42+/-0.15,0.42+/-0.15,0.42+/-0.15,0.42+/-0.15,0.42+/-0.15,0.42+/-0.15,0.42+/-0.15,0.42+/-0.15,0.42+/-0.15,0.42+/-0.15,0.42+/-0.15,0.42+/-0.15,0.42+/-0.15
New Caledonia,12232,27772,0.0,0.0+/-0,0.0+/-0,0.0+/-0,11+/-4,11+/-4,11+/-4,11+/-4,11+/-4,11+/-4,11+/-4,11+/-4,11+/-4,11+/-4,11+/-4,11+/-4,11+/-4,11+/-4,11+/-4,11+/-4,11+/-4,11+/-4,11+/-4,11+/-4,11+/-4,11+/-4,11+/-4,11+/-4,11+/-4,11+/-4,11+/-4,11+/-4,11+/-4,11+/-4,11+/-4,11+/-4,11+/-4,11+/-4,11+/-4,11+/-4,11+/-4,11+/-4,11+/-4,11+/-4,11+/-4,11+/-4,11+/-4,11+/-4,11+/-4,11+/-4,11+/-4,11+/-4,11+/-4
Niger,968387,3083531,0.0,0.0+/-0,0.0+/-0,0.0+/-0,0.017+/-0.006,0.017+/-0.006,0.017+/-0.006,0.017+/-0.006,0.017+/-0.006,0.017+/-0.006,0.017+/-0.006,0.017+/-0.006,0.017+/-0.006,0.017+/-0.006,0.017+/-0.006,0.017+/-0.006,0.017+/-0.006,0.017+/-0.006,0.017+/-0.006,0.017+/-0.006,0.017+/-0.006,0.017+/-0.006,0.017+/-0.006,0.017+/-0.006,0.017+/-0.006,0.017+/-0.006,0.017+/-0.006,0.017+/-0.006,0.017+/-0.006,0.017+/-0.006,0.017+/-0.006,0.017+/-0.006,0.017+/-0.006,0.017+/-0.006,0.017+/-0.006,0.017+/-0.006,0.017+/-0.006,0.017+/-0.006,0.017+/-0.006,0.017+/-0.006,0.017+/-0.006,0.017+/-0.006,0.017+/-0.006,0.017+/-0.006,0.017+/-0.006,0.017+/-0.006,0.017+/-0.006,0.017+/-0.006,0.017+/-0.006,0.017+/-0.006,0.017+/-0.006,0.017+/-0.006,0.017+/-0.006
Nigeria,4263092,10019800,0.0,0.154+/-0.024,0.32+/-0.05,0.48+/-0.08,0.70+/-0.12,0.92+/-0.17,1.23+/-0.26,1.45+/-0.31,1.64+/-0.35,1.8+/-0.4,2.0+/-0.4,2.1+/-0.4,2.2+/-0.4,2.4+/-0.4,2.5+/-0.5,2.6+/-0.5,2.7+/-0.5,2.9+/-0.5,3.0+/-0.5,3.1+/-0.5,3.3+/-0.5,3.4+/-0.5,3.5+/-0.6,3.6+/-0.6,3.8+/-0.6,3.9+/-0.6,4.0+/-0.6,4.1+/-0.6,4.3+/-0.6,4.4+/-0.7,4.5+/-0.7,4.6+/-0.7,4.8+/-0.7,4.9+/-0.7,5.0+/-0.7,5.1+/-0.7,5.3+/-0.8,5.4+/-0.8,5.5+/-0.8,5.6+/-0.8,5.8+/-0.8,5.9+/-0.8,6.0+/-0.9,6.1+/-0.9,6.3+/-0.9,6.4+/-0.9,6.5+/-0.9,6.6+/-0.9,6.8+/-1.0,6.9+/-1.0,7.0+/-1.0,7.1+/-1.0,7.3+/-1.0
Nicaragua,336127,959984,0.0,0.013+/-0.007,0.030+/-0.016,0.050+/-0.026,0.10+/-0.04,0.14+/-0.07,0.23+/-0.11,0.28+/-0.13,0.31+/-0.15,0.33+/-0.16,0.34+/-0.17,0.36+/-0.18,0.36+/-0.18,0.36+/-0.18,0.36+/-0.18,0.36+/-0.18,0.36+/-0.18,0.36+/-0.18,0.36+/-0.18,0.36+/-0.18,0.36+/-0.18,0.36+/-0.18,0.36+/-0.18,0.36+/-0.18,0.36+/-0.18,0.36+/-0.18,0.36+/-0.18,0.36+/-0.18,0.36+/-0.18,0.36+/-0.18,0.36+/-0.18,0.36+/-0.18,0.36+/-0.18,0.36+/-0.18,0.36+/-0.18,0.36+/-0.18,0.36+/-0.18,0.36+/-0.18,0.36+/-0.18,0.36+/-0.18,0.36+/-0.18,0.36+/-0.18,0.36+/-0.18,0.36+/-0.18,0.36+/-0.18,0.36+/-0.18,0.36+/-0.18,0.36+/-0.18,0.36+/-0.18,0.36+/-0.18,0.36+/-0.18,0.36+/-0.18,0.36+/-0.18
Netherlands,783042,2016480,0.0,0.32+/-0.17,3.3+/-0.5,6.4+/-1.0,11.3+/-1.6,14.9+/-2.2,19.6+/-3.3,23+/-4,27+/-4,30+/-5,33+/-5,36+/-6,38+/-6,41+/-6,43+/-7,46+/-7,49+/-7,51+/-7,54+/-8,56+/-8,59+/-8,62+/-9,64+/-9,67+/-9,70+/-10,72+/-10,75+/-10,77+/-11,80+/-11,83+/-12,85+/-12,88+/-12,90+/-13,93+/-13,96+/-13,98+/-14,101+/-14,104+/-14,106+/-15,109+/-15,111+/-16,114+/-16,117+/-16,119+/-17,122+/-17,124+/-17,127+/-18,130+/-18,132+/-19,135+/-19,137+/-19,140+/-20,143+/-20
Norway,284062,681265,0.0,1.24+/-0.19,2.5+/-0.4,3.9+/-0.6,5.4+/-0.9,7.1+/-1.2,9.5+/-1.9,11.2+/-2.3,12.6+/-2.6,14.0+/-2.8,15.3+/-3.0,16.5+/-3.1,17.6+/-3.2,18.6+/-3.3,19.7+/-3.4,20.7+/-3.5,22+/-4,23+/-4,24+/-4,25+/-4,26+/-4,27+/-4,28+/-4,29+/-4,30+/-5,31+/-5,32+/-5,33+/-5,34+/-5,35+/-5,36+/-5,37+/-5,38+/-6,39+/-6,41+/-6,42+/-6,43+/-6,44+/-6,45+/-6,46+/-7,47+/-7,48+/-7,49+/-7,50+/-7,51+/-7,52+/-7,53+/-8,54+/-8,55+/-8,56+/-8,57+/-8,58+/-8,59+/-8
Nepal,861976,2433128,0.0,0.0040+/-0.0021,0.009+/-0.005,0.015+/-0.008,0.032+/-0.013,0.045+/-0.020,0.071+/-0.033,0.08+/-0.04,0.09+/-0.05,0.10+/-0.05,0.10+/-0.05,0.11+/-0.05,0.11+/-0.05,0.11+/-0.05,0.11+/-0.05,0.11+/-0.05,0.11+/-0.05,0.11+/-0.05,0.11+/-0.05,0.11+/-0.05,0.11+/-0.05,0.11+/-0.05,0.11+/-0.05,0.11+/-0.05,0.11+/-0.05,0.11+/-0.05,0.11+/-0.05,0.11+/-0.05,0.11+/-0.05,0.11+/-0.05,0.11+/-0.05,0.11+/-0.05,0.11+/-0.05,0.11+/-0.05,0.11+/-0.05,0.11+/-0.05,0.11+/-0.05,0.11+/-0.05,0.11+/-0.05,0.11+/-0.05,0.11+/-0.05,0.11+/-0.05,0.11+/-0.05,0.11+/-0.05,0.11+/-0.05,0.11+/-0.05,0.11+/-0.05,0.11+/-0.05,0.11+/-0.05,0.11+/-0.05,0.11+/-0.05,0.11+/-0.05,0.11+/-0.05
Nauru,593,936,0.0,0.0+/-0,0.0+/-0,0.0+/-0,11+/-4,11+/-4,11+/-4,11+/-4,11+/-4,11+/-4,11+/-4,11+/-4,11+/-4,11+/-4,11+/-4,11+/-4,11+/-4,11+/-4,11+/-4,11+/-4,11+/-4,11+/-4,11+/-4,11+/-4,11+/-4,11+/-4,11+/-4,11+/-4,11+/-4,11+/-4,11+/-4,11+/-4,11+/-4,11+/-4,11+/-4,11+/-4,11+/-4,11+/-4,11+/-4,11+/-4,11+/-4,11+/-4,11+/-4,11+/-4,11+/-4,11+/-4,11+/-4,11+/-4,11+/-4,11+/-4,11+/-4,11+/-4,11+/-4
New Zealand,262212,641840,0.0,0.17+/-0.09,0.38+/-0.20,0.63+/-0.33,2.0+/-0.6,3.7+/-0.9,6.0+/-1.5,7.7+/-1.8,9.2+/-2.0,10.6+/-2.2,12.0+/-2.4,13.3+/-2.5,14.5+/-2.6,15.7+/-2.7,16.8+/-2.8,18.0+/-2.9,19.2+/-3.0,20.3+/-3.2,21.5+/-3.3,22.7+/-3.4,23.8+/-3.5,25+/-4,26+/-4,27+/-4,28+/-4,30+/-4,31+/-4,32+/-5,33+/-5,34+/-5,35+/-5,37+/-5,38+/-5,39+/-5,40+/-6,41+/-6,42+/-6,44+/-6,45+/-6,46+/-6,47+/-7,48+/-7,49+/-7,51+/-7,52+/-7,53+/-7,54+/-8,55+/-8,56+/-8,58+/-8,59+/-8,60+/-8,61+/-9
Oman,189434,503336,0.0,0.37+/-0.07,0.76+/-0.15,1.18+/-0.24,1.7+/-0.4,2.3+/-0.5,3.3+/-0.9,3.9+/-1.1,4.4+/-1.2,4.8+/-1.3,5.2+/-1.4,5.5+/-1.4,5.8+/-1.4,6.1+/-1.5,6.3+/-1.5,6.6+/-1.5,6.8+/-1.5,7.1+/-1.5,7.4+/-1.5,7.6+/-1.5,7.9+/-1.6,8.1+/-1.6,8.4+/-1.6,8.7+/-1.6,8.9+/-1.6,9.2+/-1.7,9.5+/-1.7,9.7+/-1.7,10.0+/-1.7,10.2+/-1.8,10.5+/-1.8,10.8+/-1.8,11.0+/-1.8,11.3+/-1.9,11.6+/-1.9,11.8+/-1.9,12.1+/-1.9,12.3+/-2.0,12.6+/-2.0,12.9+/-2.0,13.1+/-2.1,13.4+/-2.1,13.6+/-2.1,13.9+/-2.1,14.2+/-2.2,14.4+/-2.2,14.7+/-2.2,15.0+/-2.3,15.2+/-2.3,15.5+/-2.3,15.7+/-2.4,16.0+/-2.4,16.3+/-2.4
Pakistan,13610987,23964313,0.0,0.0060+/-0.0032,0.014+/-0.007,0.023+/-0.012,0.24+/-0.08,0.31+/-0.08,0.39+/-0.09,0.45+/-0.10,0.51+/-0.11,0.56+/-0.11,0.62+/-0.11,0.67+/-0.12,0.71+/-0.12,0.75+/-0.12,0.80+/-0.13,0.84+/-0.13,0.89+/-0.13,0.93+/-0.14,0.97+/-0.14,1.02+/-0.15,1.06+/-0.15,1.11+/-0.16,1.15+/-0.16,1.19+/-0.17,1.24+/-0.17,1.28+/-0.18,1.33+/-0.18,1.37+/-0.19,1.42+/-0.19,1.46+/-0.20,1.50+/-0.20,1.55+/-0.21,1.59+/-0.21,1.64+/-0.22,1.68+/-0.22,1.72+/-0.23,1.77+/-0.24,1.81+/-0.24,1.86+/-0.25,1.90+/-0.25,1.94+/-0.26,1.99+/-0.26,2.03+/-0.27,2.08+/-0.28,2.12+/-0.28,2.17+/-0.29,2.21+/-0.29,2.25+/-0.30,2.30+/-0.31,2.34+/-0.31,2.39+/-0.32,2.43+/-0.32,2.47+/-0.33
Panama,264625,496450,0.0,0.030+/-0.016,0.067+/-0.035,0.11+/-0.06,0.20+/-0.09,0.30+/-0.15,0.50+/-0.25,0.77+/-0.30,1.02+/-0.34,1.2+/-0.4,1.5+/-0.4,1.7+/-0.4,1.8+/-0.4,2.0+/-0.4,2.2+/-0.4,2.4+/-0.5,2.6+/-0.5,2.7+/-0.5,2.9+/-0.5,3.1+/-0.5,3.3+/-0.5,3.5+/-0.6,3.6+/-0.6,3.8+/-0.6,4.0+/-0.6,4.2+/-0.6,4.3+/-0.7,4.5+/-0.7,4.7+/-0.7,4.9+/-0.7,5.1+/-0.7,5.2+/-0.8,5.4+/-0.8,5.6+/-0.8,5.8+/-0.8,6.0+/-0.9,6.1+/-0.9,6.3+/-0.9,6.5+/-0.9,6.7+/-1.0,6.8+/-1.0,7.0+/-1.0,7.2+/-1.0,7.4+/-1.0,7.6+/-1.1,7.7+/-1.1,7.9+/-1.1,8.1+/-1.1,8.3+/-1.2,8.5+/-1.2,8.6+/-1.2,8.8+/-1.2,9.0+/-1.3
Peru,2038823,5460905,0.0,0.031+/-0.016,0.07+/-0.04,0.12+/-0.06,0.19+/-0.10,0.29+/-0.15,0.69+/-0.26,1.00+/-0.31,1.3+/-0.4,1.5+/-0.4,1.8+/-0.4,2.0+/-0.4,2.2+/-0.5,2.4+/-0.5,2.6+/-0.5,2.8+/-0.5,3.0+/-0.5,3.2+/-0.5,3.4+/-0.6,3.6+/-0.6,3.9+/-0.6,4.1+/-0.6,4.3+/-0.7,4.5+/-0.7,4.7+/-0.7,4.9+/-0.7,5.1+/-0.8,5.3+/-0.8,5.5+/-0.8,5.7+/-0.8,5.9+/-0.9,6.1+/-0.9,6.3+/-0.9,6.5+/-0.9,6.7+/-1.0,6.9+/-1.0,7.1+/-1.0,7.3+/-1.0,7.6+/-1.1,7.8+/-1.1,8.0+/-1.1,8.2+/-1.2,8.4+/-1.2,8.6+/-1.2,8.8+/-1.2,9.0+/-1.3,9.2+/-1.3,9.4+/-1.3,9.6+/-1.4,9.8+/-1.4,10.0+/-1.4,10.2+/-1.4,10.4+/-1.5
Philippines,5941640,14391766,0.0,0.022+/-0.012,0.050+/-0.026,0.08+/-0.04,0.85+/-0.28,1.07+/-0.29,1.37+/-0.33,1.60+/-0.35,1.8+/-0.4,2.0+/-0.4,2.2+/-0.4,2.4+/-0.4,2.5+/-0.4,2.7+/-0.4,2.8+/-0.5,3.0+/-0.5,3.1+/-0.5,3.3+/-0.5,3.4+/-0.5,3.6+/-0.5,3.8+/-0.5,3.9+/-0.6,4.1+/-0.6,4.2+/-0.6,4.4+/-0.6,4.5+/-0.6,4.7+/-0.6,4.9+/-0.7,5.0+/-0.7,5.2+/-0.7,5.3+/-0.7,5.5+/-0.7,5.6+/-0.8,5.8+/-0.8,5.9+/-0.8,6.1+/-0.8,6.3+/-0.8,6.4+/-0.9,6.6+/-0.9,6.7+/-0.9,6.9+/-0.9,7.0+/-0.9,7.2+/-1.0,7.3+/-1.0,7.5+/-1.0,7.7+/-1.0,7.8+/-1.0,8.0+/-1.1,8.1+/-1.1,8.3+/-1.1,8.4+/-1.1,8.6+/-1.1,8.8+/-1.2
Palau,650,1648,0.0,0.0+/-0,0.0+/-0,0.0+/-0,10+/-4,10+/-4,10+/-4,10+/-4,10+/-4,10+/-4,10+/-4,10+/-4,10+/-4,10+/-4,10+/-4,10+/-4,10+/-4,10+/-4,10+/-4,10+/-4,10+/-4,10+/-4,10+/-4,10+/-4,10+/-4,10+/-4,10+/-4,10+/-4,10+/-4,10+/-4,10+/-4,10+/-4,10+/-4,10+/-4,10+/-4,10+/-4,10+/-4,10+/-4,10+/-4,10+/-4,10+/-4,10+/-4,10+/-4,10+/-4,10+/-4,10+/-4,10+/-4,10+/-4,10+/-4,10+/-4,10+/-4,10+/-4,10+/-4
Papua New Guinea,439394,1098616,0.0,0.0+/-0,0.0+/-0,0.0+/-0,0.015+/-0.005,0.015+/-0.005,0.015+/-0.005,0.015+/-0.005,0.015+/-0.005,0.015+/-0.005,0.015+/-0.005,0.015+/-0.005,0.015+/-0.005,0.015+/-0.005,0.015+/-0.005,0.015+/-0.005,0.015+/-0.005,0.015+/-0.005,0.015+/-0.005,0.015+/-0.005,0.015+/-0.005,0.015+/-0.005,0.015+/-0.005,0.015+/-0.005,0.015+/-0.005,0.015+/-0.005,0.015+/-0.005,0.015+/-0.005,0.015+/-0.005,0.015+/-0.005,0.015+/-0.005,0.015+/-0.005,0.015+/-0.005,0.015+/-0.005,0.015+/-0.005,0.015+/-0.005,0.015+/-0.005,0.015+/-0.005,0.015+/-0.005,0.015+/-0.005,0.015+/-0.005,0.015+/-0.005,0.015+/-0.005,0.015+/-0.005,0.015+/-0.005,0.015+/-0.005,0.015+/-0.005,0.015+/-0.005,0.015+/-0.005,0.015+/-0.005,0.015+/-0.005,0.015+/-0.005,0.015+/-0.005
Poland,1633472,3520858,0.0,0.16+/-0.09,0.37+/-0.19,0.62+/-0.32,6.7+/-2.2,8.3+/-2.3,10.4+/-2.5,12.1+/-2.7,13.5+/-2.9,14.8+/-3.0,16.1+/-3.1,17.3+/-3.2,18.4+/-3.3,19.5+/-3.3,20.6+/-3.4,21.6+/-3.5,23+/-4,24+/-4,25+/-4,26+/-4,27+/-4,28+/-4,29+/-4,30+/-4,31+/-4,32+/-4,33+/-5,35+/-5,36+/-5,37+/-5,38+/-5,39+/-5,40+/-5,41+/-5,42+/-6,43+/-6,44+/-6,45+/-6,46+/-6,47+/-6,49+/-6,50+/-7,51+/-7,52+/-7,53+/-7,54+/-7,55+/-7,56+/-7,57+/-8,58+/-8,59+/-8,60+/-8,61+/-8
Puerto Rico,98939,231442,0.0,0.0+/-0,0.0+/-0,0.0+/-0,0.067+/-0.024,0.067+/-0.024,0.067+/-0.024,0.067+/-0.024,0.067+/-0.024,0.067+/-0.024,0.067+/-0.024,0.067+/-0.024,0.067+/-0.024,0.067+/-0.024,0.067+/-0.024,0.067+/-0.024,0.067+/-0.024,0.067+/-0.024,0.067+/-0.024,0.067+/-0.024,0.067+/-0.024,0.067+/-0.024,0.067+/-0.024,0.067+/-0.024,0.067+/-0.024,0.067+/-0.024,0.067+/-0.024,0.067+/-0.024,0.067+/-0.024,0.067+/-0.024,0.067+/-0.024,0.067+/-0.024,0.067+/-0.024,0.067+/-0.024,0.067+/-0.024,0.067+/-0.024,0.067+/-0.024,0.067+/-0.024,0.067+/-0.024,0.067+/-0.024,0.067+/-0.024,0.067+/-0.024,0.067+/-0.024,0.067+/-0.024,0.067+/-0.024,0.067+/-0.024,0.067+/-0.024,0.067+/-0.024,0.067+/-0.024,0.067+/-0.024,0.067+/-0.024,0.067+/-0.024,0.067+/-0.024
North Korea,2397225,4765321,0.0,0.0+/-0,0.0+/-0,0.0+/-0,0.46+/-0.17,0.46+/-0.17,0.46+/-0.17,0.46+/-0.17,0.46+/-0.17,0.46+/-0.17,0.46+/-0.17,0.46+/-0.17,0.46+/-0.17,0.46+/-0.17,0.46+/-0.17,0.46+/-0.17,0.46+/-0.17,0.46+/-0.17,0.46+/-0.17,0.46+/-0.17,0.46+/-0.17,0.46+/-0.17,0.46+/-0.17,0.46+/-0.17,0.46+/-0.17,0.46+/-0.17,0.46+/-0.17,0.46+/-0.17,0.46+/-0.17,0.46+/-0.17,0.46+/-0.17,0.46+/-0.17,0.46+/-0.17,0.46+/-0.17,0.46+/-0.17,0.46+/-0.17,0.46+/-0.17,0.46+/-0.17,0.46+/-0.17,0.46+/-0.17,0.46+/-0.17,0.46+/-0.17,0.46+/-0.17,0.46+/-0.17,0.46+/-0.17,0.46+/-0.17,0.46+/-0.17,0.46+/-0.17,0.46+/-0.17,0.46+/-0.17,0.46+/-0.17,0.46+/-0.17,0.46+/-0.17
Portugal,466661,1180704,0.0,0.14+/-0.08,0.32+/-0.17,0.54+/-0.28,2.0+/-0.5,3.5+/-0.8,5.5+/-1.3,7.0+/-1.6,8.4+/-1.8,9.7+/-2.0,11.0+/-2.1,12.2+/-2.3,13.3+/-2.4,14.3+/-2.5,15.4+/-2.6,16.5+/-2.7,17.6+/-2.8,18.6+/-2.9,19.7+/-3.0,20.8+/-3.2,21.9+/-3.3,22.9+/-3.4,24.0+/-3.5,25+/-4,26+/-4,27+/-4,28+/-4,29+/-4,30+/-4,32+/-5,33+/-5,34+/-5,35+/-5,36+/-5,37+/-5,38+/-5,39+/-6,40+/-6,41+/-6,42+/-6,43+/-6,44+/-6,45+/-6,47+/-7,48+/-7,49+/-7,50+/-7,51+/-7,52+/-7,53+/-8,54+/-8,55+/-8,56+/-8
Paraguay,395619,990098,0.0,0.039+/-0.020,0.09+/-0.05,0.15+/-0.08,0.25+/-0.12,0.38+/-0.19,0.63+/-0.32,0.8+/-0.4,1.1+/-0.4,1.3+/-0.5,1.6+/-0.5,1.9+/-0.5,2.1+/-0.5,2.3+/-0.5,2.5+/-0.6,2.7+/-0.6,3.0+/-0.6,3.2+/-0.6,3.4+/-0.6,3.6+/-0.6,3.8+/-0.7,4.1+/-0.7,4.3+/-0.7,4.5+/-0.7,4.7+/-0.7,4.9+/-0.8,5.1+/-0.8,5.4+/-0.8,5.6+/-0.8,5.8+/-0.9,6.0+/-0.9,6.2+/-0.9,6.5+/-1.0,6.7+/-1.0,6.9+/-1.0,7.1+/-1.0,7.3+/-1.1,7.6+/-1.1,7.8+/-1.1,8.0+/-1.2,8.2+/-1.2,8.4+/-1.2,8.6+/-1.2,8.9+/-1.3,9.1+/-1.3,9.3+/-1.3,9.5+/-1.4,9.7+/-1.4,10.0+/-1.4,10.2+/-1.4,10.4+/-1.5,10.6+/-1.5,10.8+/-1.5
Palestine,0,0,0,0,0,0,0,0,0,0,0,0,0,0,0,0,0,0,0,0,0,0,0,0,0,0,0,0,0,0,0,0,0,0,0,0,0,0,0,0,0,0,0,0,0,0,0,0,0,0,0,0,0,0,0
French Polynesia,11111,25228,0.0,0.0+/-0,0.0+/-0,0.0+/-0,0.59+/-0.21,0.59+/-0.21,0.59+/-0.21,0.59+/-0.21,0.59+/-0.21,0.59+/-0.21,0.59+/-0.21,0.59+/-0.21,0.59+/-0.21,0.59+/-0.21,0.59+/-0.21,0.59+/-0.21,0.59+/-0.21,0.59+/-0.21,0.59+/-0.21,0.59+/-0.21,0.59+/-0.21,0.59+/-0.21,0.59+/-0.21,0.59+/-0.21,0.59+/-0.21,0.59+/-0.21,0.59+/-0.21,0.59+/-0.21,0.59+/-0.21,0.59+/-0.21,0.59+/-0.21,0.59+/-0.21,0.59+/-0.21,0.59+/-0.21,0.59+/-0.21,0.59+/-0.21,0.59+/-0.21,0.59+/-0.21,0.59+/-0.21,0.59+/-0.21,0.59+/-0.21,0.59+/-0.21,0.59+/-0.21,0.59+/-0.21,0.59+/-0.21,0.59+/-0.21,0.59+/-0.21,0.59+/-0.21,0.59+/-0.21,0.59+/-0.21,0.59+/-0.21,0.59+/-0.21,0.59+/-0.21
Qatar,148741,395212,0.0,0.25+/-0.13,0.56+/-0.29,0.9+/-0.5,1.5+/-0.8,4.0+/-1.2,7.3+/-2.1,9.8+/-2.6,12.0+/-2.9,14.0+/-3.2,16.0+/-3.5,18+/-4,20+/-4,21+/-4,23+/-4,25+/-4,26+/-4,28+/-5,29+/-5,31+/-5,33+/-5,34+/-5,36+/-5,38+/-6,39+/-6,41+/-6,43+/-6,44+/-6,46+/-7,48+/-7,49+/-7,51+/-7,53+/-8,54+/-8,56+/-8,58+/-8,59+/-8,61+/-9,63+/-9,64+/-9,66+/-9,68+/-10,69+/-10,71+/-10,73+/-10,74+/-11,76+/-11,77+/-11,79+/-11,81+/-11,82+/-12,84+/-12,86+/-12
Romania,970407,2033630,0.0,0.09+/-0.05,0.19+/-0.10,0.32+/-0.17,1.3+/-0.4,1.6+/-0.5,2.7+/-0.8,3.5+/-0.9,4.3+/-1.0,5.0+/-1.1,5.6+/-1.2,6.3+/-1.3,6.8+/-1.3,7.4+/-1.3,7.9+/-1.4,8.5+/-1.4,9.0+/-1.5,9.6+/-1.5,10.2+/-1.6,10.7+/-1.6,11.3+/-1.7,11.8+/-1.8,12.4+/-1.8,12.9+/-1.9,13.5+/-1.9,14.0+/-2.0,14.6+/-2.1,15.1+/-2.1,15.7+/-2.2,16.3+/-2.3,16.8+/-2.4,17.4+/-2.4,17.9+/-2.5,18.5+/-2.6,19.0+/-2.6,19.6+/-2.7,20.1+/-2.8,20.7+/-2.9,21.3+/-2.9,21.8+/-3.0,22.4+/-3.1,22.9+/-3.2,23.5+/-3.2,24.0+/-3.3,24.6+/-3.4,25.1+/-3.5,25.7+/-3.5,26+/-4,27+/-4,27+/-4,28+/-4,28+/-4,29+/-4
Russia,7329959,15420169,0.0,0.067+/-0.035,0.15+/-0.08,0.25+/-0.13,2.1+/-0.7,2.3+/-0.7,3.2+/-0.8,3.8+/-0.9,4.4+/-1.0,4.9+/-1.0,5.4+/-1.1,5.9+/-1.1,6.3+/-1.2,6.7+/-1.2,7.1+/-1.2,7.5+/-1.2,7.9+/-1.3,8.3+/-1.3,8.8+/-1.3,9.2+/-1.4,9.6+/-1.4,10.0+/-1.5,10.4+/-1.5,10.8+/-1.5,11.2+/-1.6,11.7+/-1.6,12.1+/-1.7,12.5+/-1.7,12.9+/-1.8,13.3+/-1.8,13.7+/-1.9,14.1+/-1.9,14.6+/-2.0,15.0+/-2.0,15.4+/-2.1,15.8+/-2.1,16.2+/-2.2,16.6+/-2.2,17.1+/-2.3,17.5+/-2.3,17.9+/-2.4,18.3+/-2.4,18.7+/-2.5,19.1+/-2.6,19.5+/-2.6,20.0+/-2.7,20.4+/-2.7,20.8+/-2.8,21.2+/-2.8,21.6+/-2.9,22.0+/-3.0,22.4+/-3.0,22.9+/-3.1
Rwanda,539820,1447426,0.0,0.0+/-0,0.0+/-0,0.0+/-0,0.012+/-0.004,0.012+/-0.004,0.012+/-0.004,0.012+/-0.004,0.012+/-0.004,0.012+/-0.004,0.012+/-0.004,0.012+/-0.004,0.012+/-0.004,0.012+/-0.004,0.012+/-0.004,0.012+/-0.004,0.012+/-0.004,0.012+/-0.004,0.012+/-0.004,0.012+/-0.004,0.012+/-0.004,0.012+/-0.004,0.012+/-0.004,0.012+/-0.004,0.012+/-0.004,0.012+/-0.004,0.012+/-0.004,0.012+/-0.004,0.012+/-0.004,0.012+/-0.004,0.012+/-0.004,0.012+/-0.004,0.012+/-0.004,0.012+/-0.004,0.012+/-0.004,0.012+/-0.004,0.012+/-0.004,0.012+/-0.004,0.012+/-0.004,0.012+/-0.004,0.012+/-0.004,0.012+/-0.004,0.012+/-0.004,0.012+/-0.004,0.012+/-0.004,0.012+/-0.004,0.012+/-0.004,0.012+/-0.004,0.012+/-0.004,0.012+/-0.004,0.012+/-0.004,0.012+/-0.004,0.012+/-0.004
Saudi Arabia,1206769,3206437,0.0,0.26+/-0.14,0.59+/-0.31,1.0+/-0.5,1.6+/-0.8,4.2+/-1.3,7.7+/-2.2,10.4+/-2.7,12.7+/-3.1,14.9+/-3.4,17+/-4,19+/-4,21+/-4,23+/-4,24+/-4,26+/-4,28+/-5,30+/-5,32+/-5,33+/-5,35+/-5,37+/-6,39+/-6,40+/-6,42+/-6,44+/-6,46+/-7,48+/-7,49+/-7,51+/-7,53+/-8,55+/-8,56+/-8,58+/-8,60+/-9,62+/-9,64+/-9,65+/-9,67+/-10,69+/-10,71+/-10,73+/-10,74+/-11,76+/-11,78+/-11,80+/-11,81+/-12,83+/-12,85+/-12,87+/-12,89+/-13,90+/-13,92+/-13
Sudan,1134699,3228939,0.0,0.0+/-0,0.0+/-0,0.0+/-0,0.0058+/-0.0020,0.0058+/-0.0020,0.0058+/-0.0020,0.0058+/-0.0020,0.0058+/-0.0020,0.0058+/-0.0020,0.0058+/-0.0020,0.0058+/-0.0020,0.0058+/-0.0020,0.0058+/-0.0020,0.0058+/-0.0020,0.0058+/-0.0020,0.0058+/-0.0020,0.0058+/-0.0020,0.0058+/-0.0020,0.0058+/-0.0020,0.0058+/-0.0020,0.0058+/-0.0020,0.0058+/-0.0020,0.0058+/-0.0020,0.0058+/-0.0020,0.0058+/-0.0020,0.0058+/-0.0020,0.0058+/-0.0020,0.0058+/-0.0020,0.0058+/-0.0020,0.0058+/-0.0020,0.0058+/-0.0020,0.0058+/-0.0020,0.0058+/-0.0020,0.0058+/-0.0020,0.0058+/-0.0020,0.0058+/-0.0020,0.0058+/-0.0020,0.0058+/-0.0020,0.0058+/-0.0020,0.0058+/-0.0020,0.0058+/-0.0020,0.0058+/-0.0020,0.0058+/-0.0020,0.0058+/-0.0020,0.0058+/-0.0020,0.0058+/-0.0020,0.0058+/-0.0020,0.0058+/-0.0020,0.0058+/-0.0020,0.0058+/-0.0020,0.0058+/-0.0020,0.0058+/-0.0020
Senegal,661803,1927494,0.0,0.0+/-0,0.0+/-0,0.0+/-0,0.088+/-0.033,0.088+/-0.033,0.088+/-0.033,0.088+/-0.033,0.088+/-0.033,0.088+/-0.033,0.088+/-0.033,0.088+/-0.033,0.088+/-0.033,0.088+/-0.033,0.088+/-0.033,0.088+/-0.033,0.088+/-0.033,0.088+/-0.033,0.088+/-0.033,0.088+/-0.033,0.088+/-0.033,0.088+/-0.033,0.088+/-0.033,0.088+/-0.033,0.088+/-0.033,0.088+/-0.033,0.088+/-0.033,0.088+/-0.033,0.088+/-0.033,0.088+/-0.033,0.088+/-0.033,0.088+/-0.033,0.088+/-0.033,0.088+/-0.033,0.088+/-0.033,0.088+/-0.033,0.088+/-0.033,0.088+/-0.033,0.088+/-0.033,0.088+/-0.033,0.088+/-0.033,0.088+/-0.033,0.088+/-0.033,0.088+/-0.033,0.088+/-0.033,0.088+/-0.033,0.088+/-0.033,0.088+/-0.033,0.088+/-0.033,0.088+/-0.033,0.088+/-0.033,0.088+/-0.033,0.088+/-0.033
Singapore,47289,120726,0.0,4.2+/-2.2,10+/-5,16+/-8,25+/-13,64+/-21,116+/-35,(1.5+/-0.4)e+02,(1.9+/-0.5)e+02,(2.2+/-0.5)e+02,(2.5+/-0.6)e+02,(2.8+/-0.6)e+02,(3.0+/-0.6)e+02,(3.3+/-0.6)e+02,(3.5+/-0.7)e+02,(3.8+/-0.7)e+02,(4.0+/-0.7)e+02,(4.3+/-0.7)e+02,(4.5+/-0.7)e+02,(4.8+/-0.8)e+02,(5.0+/-0.8)e+02,(5.2+/-0.8)e+02,(5.5+/-0.9)e+02,(5.7+/-0.9)e+02,(6.0+/-0.9)e+02,(6.2+/-0.9)e+02,(6.5+/-1.0)e+02,(6.7+/-1.0)e+02,(7.0+/-1.0)e+02,(7.2+/-1.1)e+02,(7.5+/-1.1)e+02,(7.7+/-1.1)e+02,(8.0+/-1.2)e+02,(8.2+/-1.2)e+02,(8.4+/-1.2)e+02,(8.7+/-1.3)e+02,(8.9+/-1.3)e+02,(9.2+/-1.3)e+02,(9.4+/-1.4)e+02,(9.7+/-1.4)e+02,(9.9+/-1.4)e+02,(1.02+/-0.15)e+03,(1.04+/-0.15)e+03,(1.07+/-0.15)e+03,(1.09+/-0.16)e+03,(1.12+/-0.16)e+03,(1.14+/-0.16)e+03,(1.16+/-0.17)e+03,(1.19+/-0.17)e+03,(1.21+/-0.17)e+03,(1.24+/-0.18)e+03,(1.26+/-0.18)e+03,(1.29+/-0.18)e+03
Solomon Islands,47626,103659,0.0,0.0+/-0,0.0+/-0,0.0+/-0,0.14+/-0.05,0.14+/-0.05,0.14+/-0.05,0.14+/-0.05,0.14+/-0.05,0.14+/-0.05,0.14+/-0.05,0.14+/-0.05,0.14+/-0.05,0.14+/-0.05,0.14+/-0.05,0.14+/-0.05,0.14+/-0.05,0.14+/-0.05,0.14+/-0.05,0.14+/-0.05,0.14+/-0.05,0.14+/-0.05,0.14+/-0.05,0.14+/-0.05,0.14+/-0.05,0.14+/-0.05,0.14+/-0.05,0.14+/-0.05,0.14+/-0.05,0.14+/-0.05,0.14+/-0.05,0.14+/-0.05,0.14+/-0.05,0.14+/-0.05,0.14+/-0.05,0.14+/-0.05,0.14+/-0.05,0.14+/-0.05,0.14+/-0.05,0.14+/-0.05,0.14+/-0.05,0.14+/-0.05,0.14+/-0.05,0.14+/-0.05,0.14+/-0.05,0.14+/-0.05,0.14+/-0.05,0.14+/-0.05,0.14+/-0.05,0.14+/-0.05,0.14+/-0.05,0.14+/-0.05,0.14+/-0.05
Sierra Leone,303372,862222,0.0,0.0+/-0,0.0+/-0,0.0+/-0,0.022+/-0.008,0.022+/-0.008,0.022+/-0.008,0.022+/-0.008,0.022+/-0.008,0.022+/-0.008,0.022+/-0.008,0.022+/-0.008,0.022+/-0.008,0.022+/-0.008,0.022+/-0.008,0.022+/-0.008,0.022+/-0.008,0.022+/-0.008,0.022+/-0.008,0.022+/-0.008,0.022+/-0.008,0.022+/-0.008,0.022+/-0.008,0.022+/-0.008,0.022+/-0.008,0.022+/-0.008,0.022+/-0.008,0.022+/-0.008,0.022+/-0.008,0.022+/-0.008,0.022+/-0.008,0.022+/-0.008,0.022+/-0.008,0.022+/-0.008,0.022+/-0.008,0.022+/-0.008,0.022+/-0.008,0.022+/-0.008,0.022+/-0.008,0.022+/-0.008,0.022+/-0.008,0.022+/-0.008,0.022+/-0.008,0.022+/-0.008,0.022+/-0.008,0.022+/-0.008,0.022+/-0.008,0.022+/-0.008,0.022+/-0.008,0.022+/-0.008,0.022+/-0.008,0.022+/-0.008,0.022+/-0.008
El Salvador,303202,912179,0.0,0.177+/-0.026,0.36+/-0.06,0.55+/-0.09,0.79+/-0.13,1.03+/-0.18,1.36+/-0.27,1.60+/-0.32,1.8+/-0.4,2.0+/-0.4,2.2+/-0.4,2.4+/-0.4,2.5+/-0.5,2.7+/-0.5,2.8+/-0.5,3.0+/-0.5,3.1+/-0.5,3.3+/-0.5,3.4+/-0.5,3.6+/-0.6,3.7+/-0.6,3.8+/-0.6,4.0+/-0.6,4.1+/-0.6,4.3+/-0.6,4.4+/-0.7,4.6+/-0.7,4.7+/-0.7,4.9+/-0.7,5.0+/-0.7,5.2+/-0.8,5.3+/-0.8,5.5+/-0.8,5.6+/-0.8,5.8+/-0.8,5.9+/-0.9,6.1+/-0.9,6.2+/-0.9,6.4+/-0.9,6.5+/-0.9,6.7+/-1.0,6.8+/-1.0,7.0+/-1.0,7.1+/-1.0,7.3+/-1.0,7.4+/-1.1,7.6+/-1.1,7.7+/-1.1,7.8+/-1.1,8.0+/-1.1,8.1+/-1.2,8.3+/-1.2,8.4+/-1.2
San Marino,1044,3139,0.0,1.2+/-0.6,2.7+/-1.4,4.4+/-2.3,13+/-4,17+/-6,25+/-10,29+/-12,31+/-13,33+/-14,35+/-15,36+/-16,36+/-16,36+/-16,36+/-16,36+/-16,36+/-16,36+/-16,36+/-16,36+/-16,36+/-16,36+/-16,36+/-16,36+/-16,36+/-16,36+/-16,36+/-16,36+/-16,36+/-16,36+/-16,36+/-16,36+/-16,36+/-16,36+/-16,36+/-16,36+/-16,36+/-16,36+/-16,36+/-16,36+/-16,36+/-16,36+/-16,36+/-16,36+/-16,36+/-16,36+/-16,36+/-16,36+/-16,36+/-16,36+/-16,36+/-16,36+/-16,36+/-16
Somalia,281663,676191,0.0,0.0+/-0,0.0+/-0,0.0+/-0,0.023+/-0.008,0.023+/-0.008,0.023+/-0.008,0.023+/-0.008,0.023+/-0.008,0.023+/-0.008,0.023+/-0.008,0.023+/-0.008,0.023+/-0.008,0.023+/-0.008,0.023+/-0.008,0.023+/-0.008,0.023+/-0.008,0.023+/-0.008,0.023+/-0.008,0.023+/-0.008,0.023+/-0.008,0.023+/-0.008,0.023+/-0.008,0.023+/-0.008,0.023+/-0.008,0.023+/-0.008,0.023+/-0.008,0.023+/-0.008,0.023+/-0.008,0.023+/-0.008,0.023+/-0.008,0.023+/-0.008,0.023+/-0.008,0.023+/-0.008,0.023+/-0.008,0.023+/-0.008,0.023+/-0.008,0.023+/-0.008,0.023+/-0.008,0.023+/-0.008,0.023+/-0.008,0.023+/-0.008,0.023+/-0.008,0.023+/-0.008,0.023+/-0.008,0.023+/-0.008,0.023+/-0.008,0.023+/-0.008,0.023+/-0.008,0.023+/-0.008,0.023+/-0.008,0.023+/-0.008,0.023+/-0.008
Serbia,355555,696769,0.0,0.36+/-0.05,0.74+/-0.11,1.14+/-0.18,6.1+/-1.7,6.6+/-1.7,7.3+/-1.8,7.8+/-1.8,8.2+/-1.8,8.6+/-1.9,9.0+/-1.9,9.4+/-1.9,9.7+/-1.9,10.0+/-1.9,10.3+/-2.0,10.6+/-2.0,10.9+/-2.0,11.2+/-2.0,11.5+/-2.0,11.8+/-2.0,12.1+/-2.1,12.4+/-2.1,12.7+/-2.1,13.0+/-2.1,13.3+/-2.1,13.6+/-2.2,14.0+/-2.2,14.3+/-2.2,14.6+/-2.2,14.9+/-2.3,15.2+/-2.3,15.5+/-2.3,15.8+/-2.3,16.1+/-2.4,16.4+/-2.4,16.7+/-2.4,17.0+/-2.5,17.3+/-2.5,17.6+/-2.5,17.9+/-2.6,18.2+/-2.6,18.5+/-2.6,18.9+/-2.7,19.2+/-2.7,19.5+/-2.7,19.8+/-2.7,20.1+/-2.8,20.4+/-2.8,20.7+/-2.8,21.0+/-2.9,21.3+/-2.9,21.6+/-3.0,21.9+/-3.0
South Sudan,466066,1344648,0.0,0.0+/-0,0.0+/-0,0.0+/-0,0.014+/-0.005,0.014+/-0.005,0.014+/-0.005,0.014+/-0.005,0.014+/-0.005,0.014+/-0.005,0.014+/-0.005,0.014+/-0.005,0.014+/-0.005,0.014+/-0.005,0.014+/-0.005,0.014+/-0.005,0.014+/-0.005,0.014+/-0.005,0.014+/-0.005,0.014+/-0.005,0.014+/-0.005,0.014+/-0.005,0.014+/-0.005,0.014+/-0.005,0.014+/-0.005,0.014+/-0.005,0.014+/-0.005,0.014+/-0.005,0.014+/-0.005,0.014+/-0.005,0.014+/-0.005,0.014+/-0.005,0.014+/-0.005,0.014+/-0.005,0.014+/-0.005,0.014+/-0.005,0.014+/-0.005,0.014+/-0.005,0.014+/-0.005,0.014+/-0.005,0.014+/-0.005,0.014+/-0.005,0.014+/-0.005,0.014+/-0.005,0.014+/-0.005,0.014+/-0.005,0.014+/-0.005,0.014+/-0.005,0.014+/-0.005,0.014+/-0.005,0.014+/-0.005,0.014+/-0.005,0.014+/-0.005
Sao Tome and Principe,3634,10716,0.0,0.0+/-0,0.0+/-0,0.0+/-0,1.8+/-0.6,1.8+/-0.6,1.8+/-0.6,1.8+/-0.6,1.8+/-0.6,1.8+/-0.6,1.8+/-0.6,1.8+/-0.6,1.8+/-0.6,1.8+/-0.6,1.8+/-0.6,1.8+/-0.6,1.8+/-0.6,1.8+/-0.6,1.8+/-0.6,1.8+/-0.6,1.8+/-0.6,1.8+/-0.6,1.8+/-0.6,1.8+/-0.6,1.8+/-0.6,1.8+/-0.6,1.8+/-0.6,1.8+/-0.6,1.8+/-0.6,1.8+/-0.6,1.8+/-0.6,1.8+/-0.6,1.8+/-0.6,1.8+/-0.6,1.8+/-0.6,1.8+/-0.6,1.8+/-0.6,1.8+/-0.6,1.8+/-0.6,1.8+/-0.6,1.8+/-0.6,1.8+/-0.6,1.8+/-0.6,1.8+/-0.6,1.8+/-0.6,1.8+/-0.6,1.8+/-0.6,1.8+/-0.6,1.8+/-0.6,1.8+/-0.6,1.8+/-0.6,1.8+/-0.6,1.8+/-0.6
Suriname,26262,61042,0.0,0.064+/-0.034,0.15+/-0.08,0.24+/-0.13,0.64+/-0.22,0.85+/-0.32,1.3+/-0.5,1.5+/-0.6,1.6+/-0.7,1.7+/-0.8,1.8+/-0.8,1.9+/-0.8,1.9+/-0.8,1.9+/-0.8,1.9+/-0.8,1.9+/-0.8,1.9+/-0.8,1.9+/-0.8,1.9+/-0.8,1.9+/-0.8,1.9+/-0.8,1.9+/-0.8,1.9+/-0.8,1.9+/-0.8,1.9+/-0.8,1.9+/-0.8,1.9+/-0.8,1.9+/-0.8,1.9+/-0.8,1.9+/-0.8,1.9+/-0.8,1.9+/-0.8,1.9+/-0.8,1.9+/-0.8,1.9+/-0.8,1.9+/-0.8,1.9+/-0.8,1.9+/-0.8,1.9+/-0.8,1.9+/-0.8,1.9+/-0.8,1.9+/-0.8,1.9+/-0.8,1.9+/-0.8,1.9+/-0.8,1.9+/-0.8,1.9+/-0.8,1.9+/-0.8,1.9+/-0.8,1.9+/-0.8,1.9+/-0.8,1.9+/-0.8,1.9+/-0.8
Slovakia,257541,589943,0.0,0.21+/-0.11,0.47+/-0.25,0.8+/-0.4,1.6+/-0.7,2.3+/-1.0,5.0+/-1.7,7.1+/-2.1,8.9+/-2.4,10.6+/-2.6,12.2+/-2.8,13.8+/-3.0,15.2+/-3.1,16.5+/-3.2,17.9+/-3.3,19.3+/-3.4,20.6+/-3.5,22+/-4,23+/-4,25+/-4,26+/-4,27+/-4,29+/-4,30+/-5,32+/-5,33+/-5,34+/-5,36+/-5,37+/-5,38+/-6,40+/-6,41+/-6,42+/-6,44+/-6,45+/-6,47+/-7,48+/-7,49+/-7,51+/-7,52+/-7,53+/-8,55+/-8,56+/-8,57+/-8,59+/-8,60+/-8,62+/-9,63+/-9,64+/-9,66+/-9,67+/-9,68+/-10,70+/-10
Slovenia,92398,209737,0.0,1.68+/-0.25,3.4+/-0.5,5.2+/-0.8,11.2+/-1.9,13.6+/-2.3,16.8+/-3.1,19.2+/-3.5,21+/-4,23+/-4,25+/-4,26+/-5,28+/-5,29+/-5,31+/-5,32+/-5,33+/-5,35+/-5,36+/-5,38+/-6,39+/-6,40+/-6,42+/-6,43+/-6,44+/-6,46+/-7,47+/-7,49+/-7,50+/-7,51+/-7,53+/-7,54+/-8,56+/-8,57+/-8,58+/-8,60+/-8,61+/-8,62+/-9,64+/-9,65+/-9,67+/-9,68+/-9,69+/-9,71+/-10,72+/-10,74+/-10,75+/-10,76+/-10,78+/-11,79+/-11,80+/-11,82+/-11,83+/-11
Sweden,488229,1110674,0.0,0.34+/-0.18,3.5+/-0.6,6.7+/-1.0,10.2+/-1.6,14.0+/-2.3,18.9+/-3.4,23+/-4,26+/-5,29+/-5,32+/-6,36+/-6,38+/-6,41+/-7,44+/-7,46+/-7,49+/-7,52+/-8,55+/-8,57+/-8,60+/-9,63+/-9,65+/-9,68+/-10,71+/-10,73+/-11,76+/-11,79+/-11,82+/-12,84+/-12,87+/-12,90+/-13,92+/-13,95+/-14,98+/-14,101+/-14,103+/-15,106+/-15,109+/-15,111+/-16,114+/-16,117+/-17,120+/-17,122+/-17,125+/-18,128+/-18,130+/-18,133+/-19,136+/-19,138+/-20,141+/-20,144+/-20,147+/-21
Eswatini,42532,111713,0.0,0.0+/-0,0.0+/-0,0.0+/-0,0.15+/-0.05,0.15+/-0.05,0.15+/-0.05,0.15+/-0.05,0.15+/-0.05,0.15+/-0.05,0.15+/-0.05,0.15+/-0.05,0.15+/-0.05,0.15+/-0.05,0.15+/-0.05,0.15+/-0.05,0.15+/-0.05,0.15+/-0.05,0.15+/-0.05,0.15+/-0.05,0.15+/-0.05,0.15+/-0.05,0.15+/-0.05,0.15+/-0.05,0.15+/-0.05,0.15+/-0.05,0.15+/-0.05,0.15+/-0.05,0.15+/-0.05,0.15+/-0.05,0.15+/-0.05,0.15+/-0.05,0.15+/-0.05,0.15+/-0.05,0.15+/-0.05,0.15+/-0.05,0.15+/-0.05,0.15+/-0.05,0.15+/-0.05,0.15+/-0.05,0.15+/-0.05,0.15+/-0.05,0.15+/-0.05,0.15+/-0.05,0.15+/-0.05,0.15+/-0.05,0.15+/-0.05,0.15+/-0.05,0.15+/-0.05,0.15+/-0.05,0.15+/-0.05,0.15+/-0.05,0.15+/-0.05
Sint Maarten,2654,5064,0.0,0.0+/-0,0.0+/-0,0.0+/-0,2.5+/-0.9,2.5+/-0.9,2.5+/-0.9,2.5+/-0.9,2.5+/-0.9,2.5+/-0.9,2.5+/-0.9,2.5+/-0.9,2.5+/-0.9,2.5+/-0.9,2.5+/-0.9,2.5+/-0.9,2.5+/-0.9,2.5+/-0.9,2.5+/-0.9,2.5+/-0.9,2.5+/-0.9,2.5+/-0.9,2.5+/-0.9,2.5+/-0.9,2.5+/-0.9,2.5+/-0.9,2.5+/-0.9,2.5+/-0.9,2.5+/-0.9,2.5+/-0.9,2.5+/-0.9,2.5+/-0.9,2.5+/-0.9,2.5+/-0.9,2.5+/-0.9,2.5+/-0.9,2.5+/-0.9,2.5+/-0.9,2.5+/-0.9,2.5+/-0.9,2.5+/-0.9,2.5+/-0.9,2.5+/-0.9,2.5+/-0.9,2.5+/-0.9,2.5+/-0.9,2.5+/-0.9,2.5+/-0.9,2.5+/-0.9,2.5+/-0.9,2.5+/-0.9,2.5+/-0.9,2.5+/-0.9
Seychelles,10459,23812,0.0,0.0+/-0,0.0+/-0,0.0+/-0,0.63+/-0.22,0.63+/-0.22,0.63+/-0.22,0.63+/-0.22,0.63+/-0.22,0.63+/-0.22,0.63+/-0.22,0.63+/-0.22,0.63+/-0.22,0.63+/-0.22,0.63+/-0.22,0.63+/-0.22,0.63+/-0.22,0.63+/-0.22,0.63+/-0.22,0.63+/-0.22,0.63+/-0.22,0.63+/-0.22,0.63+/-0.22,0.63+/-0.22,0.63+/-0.22,0.63+/-0.22,0.63+/-0.22,0.63+/-0.22,0.63+/-0.22,0.63+/-0.22,0.63+/-0.22,0.63+/-0.22,0.63+/-0.22,0.63+/-0.22,0.63+/-0.22,0.63+/-0.22,0.63+/-0.22,0.63+/-0.22,0.63+/-0.22,0.63+/-0.22,0.63+/-0.22,0.63+/-0.22,0.63+/-0.22,0.63+/-0.22,0.63+/-0.22,0.63+/-0.22,0.63+/-0.22,0.63+/-0.22,0.63+/-0.22,0.63+/-0.22,0.63+/-0.22,0.63+/-0.22,0.63+/-0.22
Syria,702201,1752718,0.0,0.0+/-0,0.0+/-0,0.0+/-0,0.0094+/-0.0033,0.0094+/-0.0033,0.0094+/-0.0033,0.0094+/-0.0033,0.0094+/-0.0033,0.0094+/-0.0033,0.0094+/-0.0033,0.0094+/-0.0033,0.0094+/-0.0033,0.0094+/-0.0033,0.0094+/-0.0033,0.0094+/-0.0033,0.0094+/-0.0033,0.0094+/-0.0033,0.0094+/-0.0033,0.0094+/-0.0033,0.0094+/-0.0033,0.0094+/-0.0033,0.0094+/-0.0033,0.0094+/-0.0033,0.0094+/-0.0033,0.0094+/-0.0033,0.0094+/-0.0033,0.0094+/-0.0033,0.0094+/-0.0033,0.0094+/-0.0033,0.0094+/-0.0033,0.0094+/-0.0033,0.0094+/-0.0033,0.0094+/-0.0033,0.0094+/-0.0033,0.0094+/-0.0033,0.0094+/-0.0033,0.0094+/-0.0033,0.0094+/-0.0033,0.0094+/-0.0033,0.0094+/-0.0033,0.0094+/-0.0033,0.0094+/-0.0033,0.0094+/-0.0033,0.0094+/-0.0033,0.0094+/-0.0033,0.0094+/-0.0033,0.0094+/-0.0033,0.0094+/-0.0033,0.0094+/-0.0033,0.0094+/-0.0033,0.0094+/-0.0033,0.0094+/-0.0033
Turks and Caicos Islands,0,0,0,0,0,0,0,0,0,0,0,0,0,0,0,0,0,0,0,0,0,0,0,0,0,0,0,0,0,0,0,0,0,0,0,0,0,0,0,0,0,0,0,0,0,0,0,0,0,0,0,0,0,0,0
Chad,599152,1849986,0.0,0.0+/-0,0.0+/-0,0.0+/-0,0.011+/-0.004,0.011+/-0.004,0.011+/-0.004,0.011+/-0.004,0.011+/-0.004,0.011+/-0.004,0.011+/-0.004,0.011+/-0.004,0.011+/-0.004,0.011+/-0.004,0.011+/-0.004,0.011+/-0.004,0.011+/-0.004,0.011+/-0.004,0.011+/-0.004,0.011+/-0.004,0.011+/-0.004,0.011+/-0.004,0.011+/-0.004,0.011+/-0.004,0.011+/-0.004,0.011+/-0.004,0.011+/-0.004,0.011+/-0.004,0.011+/-0.004,0.011+/-0.004,0.011+/-0.004,0.011+/-0.004,0.011+/-0.004,0.011+/-0.004,0.011+/-0.004,0.011+/-0.004,0.011+/-0.004,0.011+/-0.004,0.011+/-0.004,0.011+/-0.004,0.011+/-0.004,0.011+/-0.004,0.011+/-0.004,0.011+/-0.004,0.011+/-0.004,0.011+/-0.004,0.011+/-0.004,0.011+/-0.004,0.011+/-0.004,0.011+/-0.004,0.011+/-0.004,0.011+/-0.004,0.011+/-0.004
Togo,354347,1108730,0.0,0.0+/-0,0.0+/-0,0.0+/-0,0.019+/-0.007,0.019+/-0.007,0.019+/-0.007,0.019+/-0.007,0.019+/-0.007,0.019+/-0.007,0.019+/-0.007,0.019+/-0.007,0.019+/-0.007,0.019+/-0.007,0.019+/-0.007,0.019+/-0.007,0.019+/-0.007,0.019+/-0.007,0.019+/-0.007,0.019+/-0.007,0.019+/-0.007,0.019+/-0.007,0.019+/-0.007,0.019+/-0.007,0.019+/-0.007,0.019+/-0.007,0.019+/-0.007,0.019+/-0.007,0.019+/-0.007,0.019+/-0.007,0.019+/-0.007,0.019+/-0.007,0.019+/-0.007,0.019+/-0.007,0.019+/-0.007,0.019+/-0.007,0.019+/-0.007,0.019+/-0.007,0.019+/-0.007,0.019+/-0.007,0.019+/-0.007,0.019+/-0.007,0.019+/-0.007,0.019+/-0.007,0.019+/-0.007,0.019+/-0.007,0.019+/-0.007,0.019+/-0.007,0.019+/-0.007,0.019+/-0.007,0.019+/-0.007,0.019+/-0.007,0.019+/-0.007
Thailand,5780808,11945257,0.0,0.040+/-0.021,0.09+/-0.05,0.15+/-0.08,0.91+/-0.19,1.36+/-0.25,1.9+/-0.4,2.4+/-0.5,2.8+/-0.5,3.2+/-0.6,3.5+/-0.6,3.9+/-0.7,4.2+/-0.7,4.5+/-0.7,4.8+/-0.7,5.1+/-0.8,5.4+/-0.8,5.8+/-0.8,6.1+/-0.9,6.4+/-0.9,6.7+/-1.0,7.0+/-1.0,7.3+/-1.0,7.6+/-1.1,8.0+/-1.1,8.3+/-1.2,8.6+/-1.2,8.9+/-1.2,9.2+/-1.3,9.5+/-1.3,9.8+/-1.4,10.2+/-1.4,10.5+/-1.4,10.8+/-1.5,11.1+/-1.5,11.4+/-1.6,11.7+/-1.6,12.1+/-1.7,12.4+/-1.7,12.7+/-1.8,13.0+/-1.8,13.3+/-1.8,13.6+/-1.9,13.9+/-1.9,14.3+/-2.0,14.6+/-2.0,14.9+/-2.1,15.2+/-2.1,15.5+/-2.2,15.8+/-2.2,16.1+/-2.2,16.5+/-2.3,16.8+/-2.3
Tajikistan,258092,625838,0.0,0.012+/-0.006,0.027+/-0.014,0.046+/-0.024,0.62+/-0.21,0.66+/-0.21,0.74+/-0.23,0.78+/-0.24,0.80+/-0.24,0.82+/-0.25,0.84+/-0.25,0.85+/-0.26,0.85+/-0.26,0.85+/-0.26,0.85+/-0.26,0.85+/-0.26,0.85+/-0.26,0.85+/-0.26,0.85+/-0.26,0.85+/-0.26,0.85+/-0.26,0.85+/-0.26,0.85+/-0.26,0.85+/-0.26,0.85+/-0.26,0.85+/-0.26,0.85+/-0.26,0.85+/-0.26,0.85+/-0.26,0.85+/-0.26,0.85+/-0.26,0.85+/-0.26,0.85+/-0.26,0.85+/-0.26,0.85+/-0.26,0.85+/-0.26,0.85+/-0.26,0.85+/-0.26,0.85+/-0.26,0.85+/-0.26,0.85+/-0.26,0.85+/-0.26,0.85+/-0.26,0.85+/-0.26,0.85+/-0.26,0.85+/-0.26,0.85+/-0.26,0.85+/-0.26,0.85+/-0.26,0.85+/-0.26,0.85+/-0.26,0.85+/-0.26,0.85+/-0.26
Turkmenistan,246202,466556,0.0,0.024+/-0.013,0.054+/-0.028,0.09+/-0.05,0.17+/-0.08,0.25+/-0.12,0.55+/-0.20,0.78+/-0.24,0.98+/-0.28,1.17+/-0.30,1.34+/-0.32,1.51+/-0.34,1.66+/-0.35,1.8+/-0.4,2.0+/-0.4,2.1+/-0.4,2.2+/-0.4,2.4+/-0.4,2.5+/-0.4,2.7+/-0.4,2.8+/-0.5,3.0+/-0.5,3.1+/-0.5,3.3+/-0.5,3.4+/-0.5,3.6+/-0.5,3.7+/-0.6,3.9+/-0.6,4.0+/-0.6,4.2+/-0.6,4.3+/-0.6,4.5+/-0.6,4.6+/-0.7,4.7+/-0.7,4.9+/-0.7,5.0+/-0.7,5.2+/-0.7,5.3+/-0.8,5.5+/-0.8,5.6+/-0.8,5.8+/-0.8,5.9+/-0.8,6.1+/-0.9,6.2+/-0.9,6.4+/-0.9,6.5+/-0.9,6.7+/-0.9,6.8+/-1.0,6.9+/-1.0,7.1+/-1.0,7.2+/-1.0,7.4+/-1.0,7.5+/-1.1
Timor-Leste,65995,135910,0.0,0.0010+/-0.0005,0.0023+/-0.0012,0.0038+/-0.0020,0.106+/-0.035,0.11+/-0.04,0.12+/-0.04,0.12+/-0.04,0.12+/-0.04,0.12+/-0.04,0.12+/-0.04,0.12+/-0.04,0.12+/-0.04,0.12+/-0.04,0.12+/-0.04,0.12+/-0.04,0.12+/-0.04,0.12+/-0.04,0.12+/-0.04,0.12+/-0.04,0.12+/-0.04,0.12+/-0.04,0.12+/-0.04,0.12+/-0.04,0.12+/-0.04,0.12+/-0.04,0.12+/-0.04,0.12+/-0.04,0.12+/-0.04,0.12+/-0.04,0.12+/-0.04,0.12+/-0.04,0.12+/-0.04,0.12+/-0.04,0.12+/-0.04,0.12+/-0.04,0.12+/-0.04,0.12+/-0.04,0.12+/-0.04,0.12+/-0.04,0.12+/-0.04,0.12+/-0.04,0.12+/-0.04,0.12+/-0.04,0.12+/-0.04,0.12+/-0.04,0.12+/-0.04,0.12+/-0.04,0.12+/-0.04,0.12+/-0.04,0.12+/-0.04,0.12+/-0.04,0.12+/-0.04
Tonga,2571,6573,0.0,0.0+/-0,0.0+/-0,0.0+/-0,2.6+/-0.9,2.6+/-0.9,2.6+/-0.9,2.6+/-0.9,2.6+/-0.9,2.6+/-0.9,2.6+/-0.9,2.6+/-0.9,2.6+/-0.9,2.6+/-0.9,2.6+/-0.9,2.6+/-0.9,2.6+/-0.9,2.6+/-0.9,2.6+/-0.9,2.6+/-0.9,2.6+/-0.9,2.6+/-0.9,2.6+/-0.9,2.6+/-0.9,2.6+/-0.9,2.6+/-0.9,2.6+/-0.9,2.6+/-0.9,2.6+/-0.9,2.6+/-0.9,2.6+/-0.9,2.6+/-0.9,2.6+/-0.9,2.6+/-0.9,2.6+/-0.9,2.6+/-0.9,2.6+/-0.9,2.6+/-0.9,2.6+/-0.9,2.6+/-0.9,2.6+/-0.9,2.6+/-0.9,2.6+/-0.9,2.6+/-0.9,2.6+/-0.9,2.6+/-0.9,2.6+/-0.9,2.6+/-0.9,2.6+/-0.9,2.6+/-0.9,2.6+/-0.9,2.6+/-0.9,2.6+/-0.9
Trinidad and Tobago,38998,108609,0.0,0.35+/-0.18,0.8+/-0.4,1.3+/-0.7,2.3+/-1.1,3.4+/-1.7,5.7+/-2.9,6.8+/-3.5,9+/-4,12+/-4,14+/-4,16+/-5,18+/-5,20+/-5,22+/-5,24+/-5,26+/-5,28+/-5,30+/-5,31+/-6,33+/-6,35+/-6,37+/-6,39+/-6,41+/-7,43+/-7,45+/-7,46+/-7,48+/-7,50+/-8,52+/-8,54+/-8,56+/-8,58+/-9,60+/-9,61+/-9,63+/-9,65+/-9,67+/-10,69+/-10,71+/-10,73+/-10,75+/-11,76+/-11,78+/-11,80+/-11,82+/-12,84+/-12,86+/-12,88+/-12,90+/-13,91+/-13,93+/-13
Tunisia,507490,1040573,0.0,0.027+/-0.014,0.062+/-0.032,0.10+/-0.05,0.18+/-0.09,0.27+/-0.13,0.44+/-0.23,0.70+/-0.27,0.92+/-0.31,1.13+/-0.33,1.3+/-0.4,1.5+/-0.4,1.7+/-0.4,1.8+/-0.4,2.0+/-0.4,2.2+/-0.4,2.3+/-0.4,2.5+/-0.4,2.7+/-0.5,2.8+/-0.5,3.0+/-0.5,3.2+/-0.5,3.3+/-0.5,3.5+/-0.5,3.7+/-0.6,3.8+/-0.6,4.0+/-0.6,4.2+/-0.6,4.3+/-0.6,4.5+/-0.7,4.6+/-0.7,4.8+/-0.7,5.0+/-0.7,5.1+/-0.7,5.3+/-0.8,5.5+/-0.8,5.6+/-0.8,5.8+/-0.8,6.0+/-0.9,6.1+/-0.9,6.3+/-0.9,6.5+/-0.9,6.6+/-0.9,6.8+/-1.0,7.0+/-1.0,7.1+/-1.0,7.3+/-1.0,7.4+/-1.1,7.6+/-1.1,7.8+/-1.1,7.9+/-1.1,8.1+/-1.1,8.3+/-1.2
Türkiye,4166398,9173902,0.0,0.10+/-0.05,0.22+/-0.12,0.37+/-0.19,2.2+/-0.7,2.6+/-0.8,3.2+/-1.0,3.5+/-1.2,3.7+/-1.3,3.9+/-1.3,4.0+/-1.4,4.1+/-1.4,4.1+/-1.4,4.1+/-1.4,4.1+/-1.4,4.1+/-1.4,4.1+/-1.4,4.1+/-1.4,4.1+/-1.4,4.1+/-1.4,4.1+/-1.4,4.1+/-1.4,4.1+/-1.4,4.1+/-1.4,4.1+/-1.4,4.1+/-1.4,4.1+/-1.4,4.1+/-1.4,4.1+/-1.4,4.1+/-1.4,4.1+/-1.4,4.1+/-1.4,4.1+/-1.4,4.1+/-1.4,4.1+/-1.4,4.1+/-1.4,4.1+/-1.4,4.1+/-1.4,4.1+/-1.4,4.1+/-1.4,4.1+/-1.4,4.1+/-1.4,4.1+/-1.4,4.1+/-1.4,4.1+/-1.4,4.1+/-1.4,4.1+/-1.4,4.1+/-1.4,4.1+/-1.4,4.1+/-1.4,4.1+/-1.4,4.1+/-1.4,4.1+/-1.4
Tuvalu,761,1568,0.0,0.0+/-0,0.0+/-0,0.0+/-0,8.7+/-3.1,8.7+/-3.1,8.7+/-3.1,8.7+/-3.1,8.7+/-3.1,8.7+/-3.1,8.7+/-3.1,8.7+/-3.1,8.7+/-3.1,8.7+/-3.1,8.7+/-3.1,8.7+/-3.1,8.7+/-3.1,8.7+/-3.1,8.7+/-3.1,8.7+/-3.1,8.7+/-3.1,8.7+/-3.1,8.7+/-3.1,8.7+/-3.1,8.7+/-3.1,8.7+/-3.1,8.7+/-3.1,8.7+/-3.1,8.7+/-3.1,8.7+/-3.1,8.7+/-3.1,8.7+/-3.1,8.7+/-3.1,8.7+/-3.1,8.7+/-3.1,8.7+/-3.1,8.7+/-3.1,8.7+/-3.1,8.7+/-3.1,8.7+/-3.1,8.7+/-3.1,8.7+/-3.1,8.7+/-3.1,8.7+/-3.1,8.7+/-3.1,8.7+/-3.1,8.7+/-3.1,8.7+/-3.1,8.7+/-3.1,8.7+/-3.1,8.7+/-3.1,8.7+/-3.1,8.7+/-3.1
Tanzania,7540315,9433518,0.0,0.0+/-0,0.0+/-0,0.0+/-0,0.00087+/-0.00031,0.00087+/-0.00031,0.00087+/-0.00031,0.00087+/-0.00031,0.00087+/-0.00031,0.00087+/-0.00031,0.00087+/-0.00031,0.00087+/-0.00031,0.00087+/-0.00031,0.00087+/-0.00031,0.00087+/-0.00031,0.00087+/-0.00031,0.00087+/-0.00031,0.00087+/-0.00031,0.00087+/-0.00031,0.00087+/-0.00031,0.00087+/-0.00031,0.00087+/-0.00031,0.00087+/-0.00031,0.00087+/-0.00031,0.00087+/-0.00031,0.00087+/-0.00031,0.00087+/-0.00031,0.00087+/-0.00031,0.00087+/-0.00031,0.00087+/-0.00031,0.00087+/-0.00031,0.00087+/-0.00031,0.00087+/-0.00031,0.00087+/-0.00031,0.00087+/-0.00031,0.00087+/-0.00031,0.00087+/-0.00031,0.00087+/-0.00031,0.00087+/-0.00031,0.00087+/-0.00031,0.00087+/-0.00031,0.00087+/-0.00031,0.00087+/-0.00031,0.00087+/-0.00031,0.00087+/-0.00031,0.00087+/-0.00031,0.00087+/-0.00031,0.00087+/-0.00031,0.00087+/-0.00031,0.00087+/-0.00031,0.00087+/-0.00031,0.00087+/-0.00031,0.00087+/-0.00031
Uganda,1791039,4099647,0.0,0.0+/-0,0.0+/-0,0.0+/-0,0.0037+/-0.0013,0.0037+/-0.0013,0.0037+/-0.0013,0.0037+/-0.0013,0.0037+/-0.0013,0.0037+/-0.0013,0.0037+/-0.0013,0.0037+/-0.0013,0.0037+/-0.0013,0.0037+/-0.0013,0.0037+/-0.0013,0.0037+/-0.0013,0.0037+/-0.0013,0.0037+/-0.0013,0.0037+/-0.0013,0.0037+/-0.0013,0.0037+/-0.0013,0.0037+/-0.0013,0.0037+/-0.0013,0.0037+/-0.0013,0.0037+/-0.0013,0.0037+/-0.0013,0.0037+/-0.0013,0.0037+/-0.0013,0.0037+/-0.0013,0.0037+/-0.0013,0.0037+/-0.0013,0.0037+/-0.0013,0.0037+/-0.0013,0.0037+/-0.0013,0.0037+/-0.0013,0.0037+/-0.0013,0.0037+/-0.0013,0.0037+/-0.0013,0.0037+/-0.0013,0.0037+/-0.0013,0.0037+/-0.0013,0.0037+/-0.0013,0.0037+/-0.0013,0.0037+/-0.0013,0.0037+/-0.0013,0.0037+/-0.0013,0.0037+/-0.0013,0.0037+/-0.0013,0.0037+/-0.0013,0.0037+/-0.0013,0.0037+/-0.0013,0.0037+/-0.0013,0.0037+/-0.0013
Ukraine,2283244,5142901,0.0,0.013+/-0.007,0.029+/-0.015,0.048+/-0.025,0.77+/-0.26,0.82+/-0.27,0.90+/-0.28,0.94+/-0.29,1.04+/-0.30,1.13+/-0.30,1.22+/-0.31,1.30+/-0.31,1.37+/-0.31,1.44+/-0.32,1.51+/-0.32,1.58+/-0.32,1.65+/-0.32,1.72+/-0.33,1.79+/-0.33,1.86+/-0.33,1.93+/-0.34,2.01+/-0.34,2.08+/-0.35,2.15+/-0.35,2.2+/-0.4,2.3+/-0.4,2.4+/-0.4,2.4+/-0.4,2.5+/-0.4,2.6+/-0.4,2.6+/-0.4,2.7+/-0.4,2.8+/-0.4,2.9+/-0.4,2.9+/-0.4,3.0+/-0.4,3.1+/-0.4,3.1+/-0.4,3.2+/-0.4,3.3+/-0.5,3.3+/-0.5,3.4+/-0.5,3.5+/-0.5,3.6+/-0.5,3.6+/-0.5,3.7+/-0.5,3.8+/-0.5,3.8+/-0.5,3.9+/-0.5,4.0+/-0.5,4.1+/-0.5,4.1+/-0.6,4.2+/-0.6
Uruguay,166060,443160,0.0,0.08+/-0.04,0.19+/-0.10,0.32+/-0.17,0.54+/-0.26,0.8+/-0.4,1.4+/-0.7,2.1+/-0.8,2.8+/-0.9,3.5+/-1.0,4.1+/-1.1,4.7+/-1.2,5.2+/-1.2,5.7+/-1.2,6.2+/-1.2,6.7+/-1.3,7.2+/-1.3,7.7+/-1.4,8.2+/-1.4,8.7+/-1.5,9.2+/-1.5,9.7+/-1.6,10.2+/-1.6,10.7+/-1.7,11.2+/-1.7,11.7+/-1.8,12.2+/-1.8,12.7+/-1.9,13.2+/-2.0,13.7+/-2.0,14.2+/-2.1,14.7+/-2.2,15.2+/-2.2,15.7+/-2.3,16.2+/-2.3,16.7+/-2.4,17.2+/-2.5,17.7+/-2.5,18.2+/-2.6,18.7+/-2.7,19.2+/-2.7,19.7+/-2.8,20.2+/-2.9,20.7+/-2.9,21.2+/-3.0,21.7+/-3.1,22.2+/-3.2,22.7+/-3.2,23.2+/-3.3,23.7+/-3.4,24.2+/-3.4,24.7+/-3.5,25+/-4
United States,14875379,35171707,0.0,2.43+/-0.35,17.7+/-2.7,20.6+/-3.1,28+/-4,32+/-4,37+/-5,41+/-6,45+/-6,48+/-7,52+/-7,55+/-8,58+/-8,61+/-9,64+/-9,67+/-9,70+/-10,73+/-10,76+/-10,79+/-11,82+/-11,85+/-12,88+/-12,91+/-12,94+/-13,97+/-13,100+/-14,103+/-14,106+/-15,109+/-15,112+/-15,115+/-16,118+/-16,121+/-17,124+/-17,127+/-17,130+/-18,133+/-18,136+/-19,139+/-19,142+/-20,145+/-20,148+/-20,151+/-21,154+/-21,157+/-22,160+/-22,163+/-23,166+/-23,169+/-23,172+/-24,175+/-24,178+/-25
Uzbekistan,1513290,3015363,0.0,0.025+/-0.013,0.055+/-0.029,0.09+/-0.05,0.70+/-0.22,0.78+/-0.24,0.94+/-0.29,1.17+/-0.32,1.37+/-0.34,1.5+/-0.4,1.7+/-0.4,1.9+/-0.4,2.0+/-0.4,2.2+/-0.4,2.3+/-0.4,2.5+/-0.4,2.6+/-0.4,2.8+/-0.4,2.9+/-0.5,3.1+/-0.5,3.2+/-0.5,3.3+/-0.5,3.5+/-0.5,3.6+/-0.5,3.8+/-0.5,3.9+/-0.6,4.1+/-0.6,4.2+/-0.6,4.4+/-0.6,4.5+/-0.6,4.6+/-0.6,4.8+/-0.7,4.9+/-0.7,5.1+/-0.7,5.2+/-0.7,5.4+/-0.7,5.5+/-0.7,5.7+/-0.8,5.8+/-0.8,5.9+/-0.8,6.1+/-0.8,6.2+/-0.8,6.4+/-0.9,6.5+/-0.9,6.7+/-0.9,6.8+/-0.9,7.0+/-0.9,7.1+/-1.0,7.2+/-1.0,7.4+/-1.0,7.5+/-1.0,7.7+/-1.0,7.8+/-1.1
St. Vincent and the Grenadines,7267,10513,0.0,0.009+/-0.005,0.020+/-0.010,0.033+/-0.017,0.96+/-0.32,0.99+/-0.32,1.05+/-0.33,1.07+/-0.33,1.09+/-0.33,1.11+/-0.34,1.12+/-0.34,1.13+/-0.34,1.13+/-0.34,1.13+/-0.34,1.13+/-0.34,1.13+/-0.34,1.13+/-0.34,1.13+/-0.34,1.13+/-0.34,1.13+/-0.34,1.13+/-0.34,1.13+/-0.34,1.13+/-0.34,1.13+/-0.34,1.13+/-0.34,1.13+/-0.34,1.13+/-0.34,1.13+/-0.34,1.13+/-0.34,1.13+/-0.34,1.13+/-0.34,1.13+/-0.34,1.13+/-0.34,1.13+/-0.34,1.13+/-0.34,1.13+/-0.34,1.13+/-0.34,1.13+/-0.34,1.13+/-0.34,1.13+/-0.34,1.13+/-0.34,1.13+/-0.34,1.13+/-0.34,1.13+/-0.34,1.13+/-0.34,1.13+/-0.34,1.13+/-0.34,1.13+/-0.34,1.13+/-0.34,1.13+/-0.34,1.13+/-0.34,1.13+/-0.34,1.13+/-0.34
Venezuela,1204305,3030983,0.0,0.0+/-0,0.0+/-0,0.0+/-0,0.0055+/-0.0019,0.0055+/-0.0019,0.0055+/-0.0019,0.0055+/-0.0019,0.0055+/-0.0019,0.0055+/-0.0019,0.0055+/-0.0019,0.0055+/-0.0019,0.0055+/-0.0019,0.0055+/-0.0019,0.0055+/-0.0019,0.0055+/-0.0019,0.0055+/-0.0019,0.0055+/-0.0019,0.0055+/-0.0019,0.0055+/-0.0019,0.0055+/-0.0019,0.0055+/-0.0019,0.0055+/-0.0019,0.0055+/-0.0019,0.0055+/-0.0019,0.0055+/-0.0019,0.0055+/-0.0019,0.0055+/-0.0019,0.0055+/-0.0019,0.0055+/-0.0019,0.0055+/-0.0019,0.0055+/-0.0019,0.0055+/-0.0019,0.0055+/-0.0019,0.0055+/-0.0019,0.0055+/-0.0019,0.0055+/-0.0019,0.0055+/-0.0019,0.0055+/-0.0019,0.0055+/-0.0019,0.0055+/-0.0019,0.0055+/-0.0019,0.0055+/-0.0019,0.0055+/-0.0019,0.0055+/-0.0019,0.0055+/-0.0019,0.0055+/-0.0019,0.0055+/-0.0019,0.0055+/-0.0019,0.0055+/-0.0019,0.0055+/-0.0019,0.0055+/-0.0019,0.0055+/-0.0019
British Virgin Islands,2241,4984,0.0,0.0+/-0,0.0+/-0,0.0+/-0,2.9+/-1.0,2.9+/-1.0,2.9+/-1.0,2.9+/-1.0,2.9+/-1.0,2.9+/-1.0,2.9+/-1.0,2.9+/-1.0,2.9+/-1.0,2.9+/-1.0,2.9+/-1.0,2.9+/-1.0,2.9+/-1.0,2.9+/-1.0,2.9+/-1.0,2.9+/-1.0,2.9+/-1.0,2.9+/-1.0,2.9+/-1.0,2.9+/-1.0,2.9+/-1.0,2.9+/-1.0,2.9+/-1.0,2.9+/-1.0,2.9+/-1.0,2.9+/-1.0,2.9+/-1.0,2.9+/-1.0,2.9+/-1.0,2.9+/-1.0,2.9+/-1.0,2.9+/-1.0,2.9+/-1.0,2.9+/-1.0,2.9+/-1.0,2.9+/-1.0,2.9+/-1.0,2.9+/-1.0,2.9+/-1.0,2.9+/-1.0,2.9+/-1.0,2.9+/-1.0,2.9+/-1.0,2.9+/-1.0,2.9+/-1.0,2.9+/-1.0,2.9+/-1.0,2.9+/-1.0,2.9+/-1.0
United States Virgin Islands,4808,10693,0.0,0.0+/-0,0.0+/-0,0.0+/-0,1.4+/-0.5,1.4+/-0.5,1.4+/-0.5,1.4+/-0.5,1.4+/-0.5,1.4+/-0.5,1.4+/-0.5,1.4+/-0.5,1.4+/-0.5,1.4+/-0.5,1.4+/-0.5,1.4+/-0.5,1.4+/-0.5,1.4+/-0.5,1.4+/-0.5,1.4+/-0.5,1.4+/-0.5,1.4+/-0.5,1.4+/-0.5,1.4+/-0.5,1.4+/-0.5,1.4+/-0.5,1.4+/-0.5,1.4+/-0.5,1.4+/-0.5,1.4+/-0.5,1.4+/-0.5,1.4+/-0.5,1.4+/-0.5,1.4+/-0.5,1.4+/-0.5,1.4+/-0.5,1.4+/-0.5,1.4+/-0.5,1.4+/-0.5,1.4+/-0.5,1.4+/-0.5,1.4+/-0.5,1.4+/-0.5,1.4+/-0.5,1.4+/-0.5,1.4+/-0.5,1.4+/-0.5,1.4+/-0.5,1.4+/-0.5,1.4+/-0.5,1.4+/-0.5,1.4+/-0.5,1.4+/-0.5
Vietnam,6133712,14432256,0.0,0.032+/-0.017,0.07+/-0.04,0.12+/-0.06,1.7+/-0.6,1.8+/-0.6,2.2+/-0.6,2.5+/-0.6,2.8+/-0.7,3.0+/-0.7,3.3+/-0.7,3.5+/-0.7,3.7+/-0.7,3.9+/-0.7,4.1+/-0.7,4.4+/-0.8,4.6+/-0.8,4.8+/-0.8,5.0+/-0.8,5.2+/-0.8,5.4+/-0.8,5.6+/-0.8,5.8+/-0.9,6.0+/-0.9,6.2+/-0.9,6.4+/-0.9,6.6+/-0.9,6.8+/-1.0,7.1+/-1.0,7.3+/-1.0,7.5+/-1.0,7.7+/-1.1,7.9+/-1.1,8.1+/-1.1,8.3+/-1.1,8.5+/-1.1,8.7+/-1.2,8.9+/-1.2,9.1+/-1.2,9.3+/-1.2,9.6+/-1.3,9.8+/-1.3,10.0+/-1.3,10.2+/-1.4,10.4+/-1.4,10.6+/-1.4,10.8+/-1.4,11.0+/-1.5,11.2+/-1.5,11.4+/-1.5,11.6+/-1.5,11.8+/-1.6,12.0+/-1.6
Vanuatu,12036,24404,0.0,0.0+/-0,0.0+/-0,0.0+/-0,0.55+/-0.19,0.55+/-0.19,0.55+/-0.19,0.55+/-0.19,0.55+/-0.19,0.55+/-0.19,0.55+/-0.19,0.55+/-0.19,0.55+/-0.19,0.55+/-0.19,0.55+/-0.19,0.55+/-0.19,0.55+/-0.19,0.55+/-0.19,0.55+/-0.19,0.55+/-0.19,0.55+/-0.19,0.55+/-0.19,0.55+/-0.19,0.55+/-0.19,0.55+/-0.19,0.55+/-0.19,0.55+/-0.19,0.55+/-0.19,0.55+/-0.19,0.55+/-0.19,0.55+/-0.19,0.55+/-0.19,0.55+/-0.19,0.55+/-0.19,0.55+/-0.19,0.55+/-0.19,0.55+/-0.19,0.55+/-0.19,0.55+/-0.19,0.55+/-0.19,0.55+/-0.19,0.55+/-0.19,0.55+/-0.19,0.55+/-0.19,0.55+/-0.19,0.55+/-0.19,0.55+/-0.19,0.55+/-0.19,0.55+/-0.19,0.55+/-0.19,0.55+/-0.19,0.55+/-0.19,0.55+/-0.19
Samoa,5341,12126,0.0,0.0+/-0,0.0+/-0,0.0+/-0,1.2+/-0.4,1.2+/-0.4,1.2+/-0.4,1.2+/-0.4,1.2+/-0.4,1.2+/-0.4,1.2+/-0.4,1.2+/-0.4,1.2+/-0.4,1.2+/-0.4,1.2+/-0.4,1.2+/-0.4,1.2+/-0.4,1.2+/-0.4,1.2+/-0.4,1.2+/-0.4,1.2+/-0.4,1.2+/-0.4,1.2+/-0.4,1.2+/-0.4,1.2+/-0.4,1.2+/-0.4,1.2+/-0.4,1.2+/-0.4,1.2+/-0.4,1.2+/-0.4,1.2+/-0.4,1.2+/-0.4,1.2+/-0.4,1.2+/-0.4,1.2+/-0.4,1.2+/-0.4,1.2+/-0.4,1.2+/-0.4,1.2+/-0.4,1.2+/-0.4,1.2+/-0.4,1.2+/-0.4,1.2+/-0.4,1.2+/-0.4,1.2+/-0.4,1.2+/-0.4,1.2+/-0.4,1.2+/-0.4,1.2+/-0.4,1.2+/-0.4,1.2+/-0.4,1.2+/-0.4,1.2+/-0.4
Kosovo,39632,119820,0.0,0.065+/-0.034,0.15+/-0.08,0.24+/-0.13,11+/-4,12+/-4,12+/-4,12+/-4,12+/-4,13+/-4,13+/-4,13+/-4,13+/-4,13+/-4,13+/-4,13+/-4,13+/-4,13+/-4,13+/-4,13+/-4,13+/-4,13+/-4,13+/-4,13+/-4,13+/-4,13+/-4,13+/-4,13+/-4,13+/-4,13+/-4,13+/-4,13+/-4,13+/-4,13+/-4,13+/-4,13+/-4,13+/-4,13+/-4,13+/-4,13+/-4,13+/-4,13+/-4,13+/-4,13+/-4,13+/-4,13+/-4,13+/-4,13+/-4,13+/-4,13+/-4,13+/-4,13+/-4,13+/-4
Yemen,660210,1719841,0.0,0.0+/-0,0.0+/-0,0.0+/-0,0.0100+/-0.0035,0.0100+/-0.0035,0.0100+/-0.0035,0.0100+/-0.0035,0.0100+/-0.0035,0.0100+/-0.0035,0.0100+/-0.0035,0.0100+/-0.0035,0.0100+/-0.0035,0.0100+/-0.0035,0.0100+/-0.0035,0.0100+/-0.0035,0.0100+/-0.0035,0.0100+/-0.0035,0.0100+/-0.0035,0.0100+/-0.0035,0.0100+/-0.0035,0.0100+/-0.0035,0.0100+/-0.0035,0.0100+/-0.0035,0.0100+/-0.0035,0.0100+/-0.0035,0.0100+/-0.0035,0.0100+/-0.0035,0.0100+/-0.0035,0.0100+/-0.0035,0.0100+/-0.0035,0.0100+/-0.0035,0.0100+/-0.0035,0.0100+/-0.0035,0.0100+/-0.0035,0.0100+/-0.0035,0.0100+/-0.0035,0.0100+/-0.0035,0.0100+/-0.0035,0.0100+/-0.0035,0.0100+/-0.0035,0.0100+/-0.0035,0.0100+/-0.0035,0.0100+/-0.0035,0.0100+/-0.0035,0.0100+/-0.0035,0.0100+/-0.0035,0.0100+/-0.0035,0.0100+/-0.0035,0.0100+/-0.0035,0.0100+/-0.0035,0.0100+/-0.0035,0.0100+/-0.0035
South Africa,1719256,4888429,0.0,0.058+/-0.031,0.13+/-0.07,0.22+/-0.11,9.4+/-3.2,10.0+/-3.2,10.7+/-3.3,11.3+/-3.3,11.9+/-3.3,12.3+/-3.3,12.8+/-3.3,13.3+/-3.3,13.7+/-3.3,14.1+/-3.4,14.5+/-3.4,14.9+/-3.4,15.3+/-3.4,15.7+/-3.4,16.1+/-3.4,16.5+/-3.4,16.9+/-3.5,17.3+/-3.5,17.7+/-3.5,18.1+/-3.5,18.5+/-3.5,19+/-4,19+/-4,20+/-4,20+/-4,20+/-4,21+/-4,21+/-4,22+/-4,22+/-4,22+/-4,23+/-4,23+/-4,24+/-4,24+/-4,24+/-4,25+/-4,25+/-4,26+/-4,26+/-4,26+/-4,27+/-4,27+/-4,28+/-4,28+/-4,28+/-4,29+/-4,29+/-4,30+/-4
Zambia,375049,1184594,0.0,0.0+/-0,0.0+/-0,0.0+/-0,0.31+/-0.12,0.31+/-0.12,0.31+/-0.12,0.31+/-0.12,0.31+/-0.12,0.31+/-0.12,0.31+/-0.12,0.31+/-0.12,0.31+/-0.12,0.31+/-0.12,0.31+/-0.12,0.31+/-0.12,0.31+/-0.12,0.31+/-0.12,0.31+/-0.12,0.31+/-0.12,0.31+/-0.12,0.31+/-0.12,0.31+/-0.12,0.31+/-0.12,0.31+/-0.12,0.31+/-0.12,0.31+/-0.12,0.31+/-0.12,0.31+/-0.12,0.31+/-0.12,0.31+/-0.12,0.31+/-0.12,0.31+/-0.12,0.31+/-0.12,0.31+/-0.12,0.31+/-0.12,0.31+/-0.12,0.31+/-0.12,0.31+/-0.12,0.31+/-0.12,0.31+/-0.12,0.31+/-0.12,0.31+/-0.12,0.31+/-0.12,0.31+/-0.12,0.31+/-0.12,0.31+/-0.12,0.31+/-0.12,0.31+/-0.12,0.31+/-0.12,0.31+/-0.12,0.31+/-0.12,0.31+/-0.12
Zimbabwe,387577,1055573,0.0,0.0+/-0,0.0+/-0,0.0+/-0,1.5+/-0.5,1.5+/-0.5,1.5+/-0.5,1.5+/-0.5,1.5+/-0.5,1.5+/-0.5,1.5+/-0.5,1.5+/-0.5,1.5+/-0.5,1.5+/-0.5,1.5+/-0.5,1.5+/-0.5,1.5+/-0.5,1.5+/-0.5,1.5+/-0.5,1.5+/-0.5,1.5+/-0.5,1.5+/-0.5,1.5+/-0.5,1.5+/-0.5,1.5+/-0.5,1.5+/-0.5,1.5+/-0.5,1.5+/-0.5,1.5+/-0.5,1.5+/-0.5,1.5+/-0.5,1.5+/-0.5,1.5+/-0.5,1.5+/-0.5,1.5+/-0.5,1.5+/-0.5,1.5+/-0.5,1.5+/-0.5,1.5+/-0.5,1.5+/-0.5,1.5+/-0.5,1.5+/-0.5,1.5+/-0.5,1.5+/-0.5,1.5+/-0.5,1.5+/-0.5,1.5+/-0.5,1.5+/-0.5,1.5+/-0.5,1.5+/-0.5,1.5+/-0.5,1.5+/-0.5,1.5+/-0.5
Australia and New Zealand,1514445,3707037,0.0,0.15+/-0.08,0.34+/-0.18,0.56+/-0.29,6.9+/-2.0,8.5+/-2.1,10.5+/-2.3,12.1+/-2.5,13.5+/-2.6,14.7+/-2.7,16.0+/-2.8,17.2+/-2.9,18.3+/-3.0,19.3+/-3.0,20.4+/-3.1,21.4+/-3.2,22.5+/-3.2,23.6+/-3.3,24.6+/-3.4,25.7+/-3.4,26.8+/-3.5,28+/-4,29+/-4,30+/-4,31+/-4,32+/-4,33+/-4,34+/-4,35+/-4,36+/-4,37+/-4,38+/-5,39+/-5,41+/-5,42+/-5,43+/-5,44+/-5,45+/-5,46+/-5,47+/-5,48+/-6,49+/-6,50+/-6,51+/-6,52+/-6,53+/-6,54+/-6,55+/-6,56+/-6,58+/-7,59+/-7,60+/-7,61+/-7
Caribbean,1632863,4585422,0.0,0.224+/-0.033,0.46+/-0.07,0.71+/-0.11,1.30+/-0.21,1.64+/-0.29,2.2+/-0.5,2.5+/-0.5,2.8+/-0.6,3.1+/-0.6,3.4+/-0.7,3.7+/-0.7,3.9+/-0.7,4.1+/-0.7,4.3+/-0.7,4.5+/-0.7,4.8+/-0.7,5.0+/-0.8,5.2+/-0.8,5.4+/-0.8,5.6+/-0.8,5.8+/-0.8,6.1+/-0.8,6.3+/-0.8,6.5+/-0.8,6.7+/-0.8,6.9+/-0.8,7.1+/-0.9,7.4+/-0.9,7.6+/-0.9,7.8+/-0.9,8.0+/-0.9,8.2+/-0.9,8.4+/-0.9,8.7+/-0.9,8.9+/-1.0,9.1+/-1.0,9.3+/-1.0,9.5+/-1.0,9.7+/-1.0,10.0+/-1.0,10.2+/-1.0,10.4+/-1.1,10.6+/-1.1,10.8+/-1.1,11.0+/-1.1,11.3+/-1.1,11.5+/-1.1,11.7+/-1.1,11.9+/-1.2,12.1+/-1.2,12.3+/-1.2,12.6+/-1.2
Central America,7431680,22644736,0.0,0.12+/-0.05,0.26+/-0.12,0.42+/-0.20,1.62+/-0.35,2.6+/-0.5,4.0+/-0.9,5.1+/-1.1,6.0+/-1.3,6.9+/-1.4,7.8+/-1.5,8.6+/-1.6,9.4+/-1.6,10.1+/-1.7,10.8+/-1.7,11.6+/-1.8,12.3+/-1.9,13.0+/-1.9,13.8+/-2.0,14.5+/-2.1,15.3+/-2.2,16.0+/-2.3,16.7+/-2.3,17.5+/-2.4,18.2+/-2.5,18.9+/-2.6,19.7+/-2.7,20.4+/-2.8,21.2+/-2.8,21.9+/-2.9,22.6+/-3.0,23.4+/-3.1,24.1+/-3.2,24.8+/-3.3,25.6+/-3.4,26.3+/-3.5,27+/-4,28+/-4,29+/-4,29+/-4,30+/-4,31+/-4,31+/-4,32+/-4,33+/-4,34+/-4,34+/-5,35+/-5,36+/-5,37+/-5,37+/-5,38+/-5,39+/-5
Central Asia,3448788,6921160,0.0,0.033+/-0.017,0.07+/-0.04,0.12+/-0.06,1.8+/-0.6,2.1+/-0.6,2.4+/-0.7,2.7+/-0.7,3.0+/-0.7,3.2+/-0.7,3.5+/-0.7,3.7+/-0.8,3.9+/-0.8,4.1+/-0.8,4.3+/-0.8,4.5+/-0.8,4.7+/-0.8,4.9+/-0.8,5.1+/-0.8,5.3+/-0.8,5.5+/-0.8,5.7+/-0.8,5.9+/-0.8,6.1+/-0.8,6.3+/-0.8,6.5+/-0.9,6.7+/-0.9,6.9+/-0.9,7.1+/-0.9,7.3+/-0.9,7.5+/-0.9,7.7+/-0.9,7.9+/-0.9,8.1+/-1.0,8.3+/-1.0,8.5+/-1.0,8.7+/-1.0,8.9+/-1.0,9.1+/-1.0,9.3+/-1.0,9.5+/-1.0,9.7+/-1.1,9.9+/-1.1,10.0+/-1.1,10.2+/-1.1,10.4+/-1.1,10.6+/-1.1,10.8+/-1.2,11.0+/-1.2,11.2+/-1.2,11.4+/-1.2,11.6+/-1.2,11.8+/-1.2
Eastern Africa,22967547,41803383,0.0,0.0+/-0,0.0+/-0,0.0+/-0,0.039+/-0.014,0.039+/-0.014,0.039+/-0.014,0.039+/-0.014,0.039+/-0.014,0.039+/-0.014,0.039+/-0.014,0.039+/-0.014,0.039+/-0.014,0.039+/-0.014,0.039+/-0.014,0.039+/-0.014,0.039+/-0.014,0.039+/-0.014,0.039+/-0.014,0.039+/-0.014,0.039+/-0.014,0.039+/-0.014,0.039+/-0.014,0.039+/-0.014,0.039+/-0.014,0.039+/-0.014,0.039+/-0.014,0.039+/-0.014,0.039+/-0.014,0.039+/-0.014,0.039+/-0.014,0.039+/-0.014,0.039+/-0.014,0.039+/-0.014,0.039+/-0.014,0.039+/-0.014,0.039+/-0.014,0.039+/-0.014,0.039+/-0.014,0.039+/-0.014,0.039+/-0.014,0.039+/-0.014,0.039+/-0.014,0.039+/-0.014,0.039+/-0.014,0.039+/-0.014,0.039+/-0.014,0.039+/-0.014,0.039+/-0.014,0.039+/-0.014,0.039+/-0.014,0.039+/-0.014,0.039+/-0.014
Eastern Asia,99781371,216069227,0.0,0.80+/-0.11,5.8+/-0.8,6.8+/-0.9,12.3+/-1.9,13.6+/-2.0,15.3+/-2.2,16.7+/-2.4,18.0+/-2.5,19.2+/-2.6,20.4+/-2.7,21.6+/-2.8,22.6+/-2.9,23.7+/-3.0,24.7+/-3.1,25.8+/-3.2,26.8+/-3.3,27.8+/-3.3,28.9+/-3.4,29.9+/-3.5,31+/-4,32+/-4,33+/-4,34+/-4,35+/-4,36+/-4,37+/-4,38+/-4,39+/-4,40+/-5,41+/-5,42+/-5,43+/-5,45+/-5,46+/-5,47+/-5,48+/-5,49+/-5,50+/-6,51+/-6,52+/-6,53+/-6,54+/-6,55+/-6,56+/-6,57+/-6,58+/-7,59+/-7,60+/-7,61+/-7,62+/-7,63+/-7,64+/-7
Eastern Europe,14371334,30807773,0.0,0.08+/-0.04,0.19+/-0.10,0.31+/-0.16,2.5+/-0.8,3.0+/-0.8,4.1+/-1.0,4.9+/-1.1,5.6+/-1.2,6.2+/-1.2,6.9+/-1.3,7.5+/-1.3,8.0+/-1.3,8.5+/-1.3,9.1+/-1.4,9.6+/-1.4,10.1+/-1.4,10.7+/-1.4,11.2+/-1.4,11.7+/-1.4,12.3+/-1.4,12.8+/-1.4,13.3+/-1.5,13.9+/-1.5,14.4+/-1.5,14.9+/-1.5,15.4+/-1.5,16.0+/-1.6,16.5+/-1.6,17.0+/-1.6,17.6+/-1.6,18.1+/-1.7,18.6+/-1.7,19.2+/-1.7,19.7+/-1.7,20.2+/-1.7,20.8+/-1.8,21.3+/-1.8,21.8+/-1.8,22.3+/-1.9,22.9+/-1.9,23.4+/-1.9,23.9+/-1.9,24.5+/-2.0,25.0+/-2.0,25.5+/-2.0,26.1+/-2.1,26.6+/-2.1,27.1+/-2.1,27.7+/-2.1,28.2+/-2.2,28.7+/-2.2,29.2+/-2.2
Melanesia,552278,1334483,0.0,0.0018+/-0.0009,0.0040+/-0.0021,0.0067+/-0.0035,0.29+/-0.10,0.30+/-0.10,0.31+/-0.10,0.32+/-0.11,0.32+/-0.11,0.32+/-0.11,0.33+/-0.11,0.33+/-0.11,0.33+/-0.11,0.33+/-0.11,0.33+/-0.11,0.33+/-0.11,0.33+/-0.11,0.33+/-0.11,0.33+/-0.11,0.33+/-0.11,0.33+/-0.11,0.33+/-0.11,0.33+/-0.11,0.33+/-0.11,0.33+/-0.11,0.33+/-0.11,0.33+/-0.11,0.33+/-0.11,0.33+/-0.11,0.33+/-0.11,0.33+/-0.11,0.33+/-0.11,0.33+/-0.11,0.33+/-0.11,0.33+/-0.11,0.33+/-0.11,0.33+/-0.11,0.33+/-0.11,0.33+/-0.11,0.33+/-0.11,0.33+/-0.11,0.33+/-0.11,0.33+/-0.11,0.33+/-0.11,0.33+/-0.11,0.33+/-0.11,0.33+/-0.11,0.33+/-0.11,0.33+/-0.11,0.33+/-0.11,0.33+/-0.11,0.33+/-0.11,0.33+/-0.11
Micronesia,16541,39694,0.0,0.0+/-0,0.0+/-0,0.0+/-0,2.4+/-0.8,2.4+/-0.8,2.4+/-0.8,2.4+/-0.8,2.4+/-0.8,2.4+/-0.8,2.4+/-0.8,2.4+/-0.8,2.4+/-0.8,2.4+/-0.8,2.4+/-0.8,2.4+/-0.8,2.4+/-0.8,2.4+/-0.8,2.4+/-0.8,2.4+/-0.8,2.4+/-0.8,2.4+/-0.8,2.4+/-0.8,2.4+/-0.8,2.4+/-0.8,2.4+/-0.8,2.4+/-0.8,2.4+/-0.8,2.4+/-0.8,2.4+/-0.8,2.4+/-0.8,2.4+/-0.8,2.4+/-0.8,2.4+/-0.8,2.4+/-0.8,2.4+/-0.8,2.4+/-0.8,2.4+/-0.8,2.4+/-0.8,2.4+/-0.8,2.4+/-0.8,2.4+/-0.8,2.4+/-0.8,2.4+/-0.8,2.4+/-0.8,2.4+/-0.8,2.4+/-0.8,2.4+/-0.8,2.4+/-0.8,2.4+/-0.8,2.4+/-0.8,2.4+/-0.8,2.4+/-0.8
Middle Africa,8283909,15756268,0.0,0.0+/-0,0.0+/-0,0.0+/-0,0.0072+/-0.0025,0.0072+/-0.0025,0.0072+/-0.0025,0.0072+/-0.0025,0.0072+/-0.0025,0.0072+/-0.0025,0.0072+/-0.0025,0.0072+/-0.0025,0.0072+/-0.0025,0.0072+/-0.0025,0.0072+/-0.0025,0.0072+/-0.0025,0.0072+/-0.0025,0.0072+/-0.0025,0.0072+/-0.0025,0.0072+/-0.0025,0.0072+/-0.0025,0.0072+/-0.0025,0.0072+/-0.0025,0.0072+/-0.0025,0.0072+/-0.0025,0.0072+/-0.0025,0.0072+/-0.0025,0.0072+/-0.0025,0.0072+/-0.0025,0.0072+/-0.0025,0.0072+/-0.0025,0.0072+/-0.0025,0.0072+/-0.0025,0.0072+/-0.0025,0.0072+/-0.0025,0.0072+/-0.0025,0.0072+/-0.0025,0.0072+/-0.0025,0.0072+/-0.0025,0.0072+/-0.0025,0.0072+/-0.0025,0.0072+/-0.0025,0.0072+/-0.0025,0.0072+/-0.0025,0.0072+/-0.0025,0.0072+/-0.0025,0.0072+/-0.0025,0.0072+/-0.0025,0.0072+/-0.0025,0.0072+/-0.0025,0.0072+/-0.0025,0.0072+/-0.0025,0.0072+/-0.0025
Northern Africa,9047700,20060987,0.0,0.023+/-0.012,0.052+/-0.027,0.09+/-0.04,0.29+/-0.09,0.37+/-0.12,0.60+/-0.20,0.76+/-0.24,0.95+/-0.26,1.13+/-0.28,1.30+/-0.30,1.46+/-0.31,1.60+/-0.32,1.74+/-0.32,1.88+/-0.32,2.02+/-0.33,2.17+/-0.33,2.31+/-0.34,2.45+/-0.35,2.59+/-0.35,2.7+/-0.4,2.9+/-0.4,3.0+/-0.4,3.2+/-0.4,3.3+/-0.4,3.4+/-0.4,3.6+/-0.4,3.7+/-0.4,3.9+/-0.4,4.0+/-0.4,4.1+/-0.4,4.3+/-0.5,4.4+/-0.5,4.6+/-0.5,4.7+/-0.5,4.8+/-0.5,5.0+/-0.5,5.1+/-0.5,5.3+/-0.5,5.4+/-0.5,5.5+/-0.5,5.7+/-0.6,5.8+/-0.6,6.0+/-0.6,6.1+/-0.6,6.3+/-0.6,6.4+/-0.6,6.5+/-0.6,6.7+/-0.6,6.8+/-0.6,7.0+/-0.7,7.1+/-0.7,7.2+/-0.7
Northern America,16840934,39818569,0.0,2.16+/-0.32,15.8+/-2.4,18.5+/-2.7,25.4+/-3.5,29+/-4,34+/-5,37+/-5,41+/-6,44+/-6,47+/-7,50+/-7,53+/-7,56+/-8,59+/-8,62+/-8,64+/-9,67+/-9,70+/-9,73+/-10,76+/-10,78+/-10,81+/-11,84+/-11,87+/-11,89+/-12,92+/-12,95+/-13,98+/-13,101+/-13,103+/-14,106+/-14,109+/-14,112+/-15,115+/-15,117+/-16,120+/-16,123+/-16,126+/-17,128+/-17,131+/-17,134+/-18,137+/-18,140+/-19,142+/-19,145+/-19,148+/-20,151+/-20,154+/-20,156+/-21,159+/-21,162+/-22,165+/-22
Northern Europe,4541496,11229979,0.0,1.13+/-0.19,7.3+/-1.1,9.0+/-1.3,11.3+/-1.6,14.0+/-2.0,17.7+/-2.9,20.5+/-3.4,23+/-4,26+/-4,29+/-4,31+/-5,33+/-5,36+/-5,38+/-5,40+/-5,42+/-5,44+/-5,47+/-5,49+/-5,51+/-6,53+/-6,56+/-6,58+/-6,60+/-6,62+/-6,64+/-6,67+/-7,69+/-7,71+/-7,73+/-7,76+/-7,78+/-7,80+/-7,82+/-8,85+/-8,87+/-8,89+/-8,91+/-8,93+/-8,96+/-8,98+/-9,100+/-9,102+/-9,105+/-9,107+/-9,109+/-9,111+/-10,113+/-10,116+/-10,118+/-10,120+/-10,122+/-10
Polynesia,25602,58294,0.0,0.0+/-0,0.0+/-0,0.0+/-0,1.5+/-0.5,1.5+/-0.5,1.5+/-0.5,1.5+/-0.5,1.5+/-0.5,1.5+/-0.5,1.5+/-0.5,1.5+/-0.5,1.5+/-0.5,1.5+/-0.5,1.5+/-0.5,1.5+/-0.5,1.5+/-0.5,1.5+/-0.5,1.5+/-0.5,1.5+/-0.5,1.5+/-0.5,1.5+/-0.5,1.5+/-0.5,1.5+/-0.5,1.5+/-0.5,1.5+/-0.5,1.5+/-0.5,1.5+/-0.5,1.5+/-0.5,1.5+/-0.5,1.5+/-0.5,1.5+/-0.5,1.5+/-0.5,1.5+/-0.5,1.5+/-0.5,1.5+/-0.5,1.5+/-0.5,1.5+/-0.5,1.5+/-0.5,1.5+/-0.5,1.5+/-0.5,1.5+/-0.5,1.5+/-0.5,1.5+/-0.5,1.5+/-0.5,1.5+/-0.5,1.5+/-0.5,1.5+/-0.5,1.5+/-0.5,1.5+/-0.5,1.5+/-0.5,1.5+/-0.5,1.5+/-0.5
South America,21038214,57568306,0.0,0.057+/-0.025,0.13+/-0.06,0.21+/-0.09,0.47+/-0.16,0.64+/-0.24,1.2+/-0.4,1.6+/-0.5,2.0+/-0.5,2.4+/-0.6,2.8+/-0.6,3.1+/-0.7,3.4+/-0.7,3.7+/-0.7,4.1+/-0.7,4.4+/-0.7,4.7+/-0.7,5.0+/-0.7,5.3+/-0.7,5.6+/-0.7,5.9+/-0.8,6.2+/-0.8,6.5+/-0.8,6.8+/-0.8,7.1+/-0.8,7.4+/-0.8,7.7+/-0.9,8.0+/-0.9,8.3+/-0.9,8.7+/-0.9,9.0+/-0.9,9.3+/-1.0,9.6+/-1.0,9.9+/-1.0,10.2+/-1.0,10.5+/-1.0,10.8+/-1.1,11.1+/-1.1,11.4+/-1.1,11.7+/-1.1,12.0+/-1.2,12.3+/-1.2,12.6+/-1.2,12.9+/-1.2,13.2+/-1.2,13.6+/-1.3,13.9+/-1.3,14.2+/-1.3,14.5+/-1.3,14.8+/-1.4,15.1+/-1.4,15.4+/-1.4,15.7+/-1.4
South-eastern Asia,43157221,101335251,0.0,0.036+/-0.017,0.08+/-0.04,0.17+/-0.07,1.3+/-0.4,1.6+/-0.4,2.0+/-0.4,2.4+/-0.5,2.7+/-0.5,3.0+/-0.5,3.3+/-0.6,3.5+/-0.6,3.8+/-0.6,4.0+/-0.6,4.2+/-0.6,4.5+/-0.6,4.7+/-0.6,5.0+/-0.6,5.2+/-0.6,5.4+/-0.6,5.7+/-0.6,5.9+/-0.6,6.2+/-0.6,6.4+/-0.6,6.6+/-0.6,6.9+/-0.7,7.1+/-0.7,7.4+/-0.7,7.6+/-0.7,7.8+/-0.7,8.1+/-0.7,8.3+/-0.7,8.6+/-0.7,8.8+/-0.7,9.0+/-0.7,9.3+/-0.7,9.5+/-0.8,9.8+/-0.8,10.0+/-0.8,10.2+/-0.8,10.5+/-0.8,10.7+/-0.8,10.9+/-0.8,11.2+/-0.8,11.4+/-0.8,11.7+/-0.9,11.9+/-0.9,12.1+/-0.9,12.4+/-0.9,12.6+/-0.9,12.9+/-0.9,13.1+/-0.9,13.3+/-0.9
Southern Africa,2039984,5673452,0.0,0.049+/-0.026,0.11+/-0.06,0.18+/-0.10,8.0+/-2.8,8.5+/-2.8,9.2+/-2.8,9.7+/-2.8,10.1+/-2.8,10.6+/-2.8,11.0+/-2.9,11.3+/-2.9,11.7+/-2.9,12.0+/-2.9,12.4+/-2.9,12.7+/-2.9,13.0+/-2.9,13.4+/-2.9,13.7+/-2.9,14.0+/-2.9,14.4+/-3.0,14.7+/-3.0,15.1+/-3.0,15.4+/-3.0,15.7+/-3.0,16.1+/-3.0,16.4+/-3.1,16.7+/-3.1,17.1+/-3.1,17.4+/-3.1,17.8+/-3.1,18.1+/-3.2,18.4+/-3.2,18.8+/-3.2,19.1+/-3.2,19.4+/-3.3,19.8+/-3.3,20.1+/-3.3,20.4+/-3.3,20.8+/-3.4,21.1+/-3.4,21.5+/-3.4,21.8+/-3.4,22.1+/-3.5,22.5+/-3.5,22.8+/-3.5,23+/-4,23+/-4,24+/-4,24+/-4,24+/-4,25+/-4,25+/-4
Southern Asia,130193456,219310862,0.0,0.017+/-0.005,0.036+/-0.011,0.108+/-0.020,0.86+/-0.25,0.95+/-0.25,1.07+/-0.26,1.18+/-0.27,1.27+/-0.27,1.35+/-0.28,1.43+/-0.28,1.51+/-0.29,1.59+/-0.29,1.66+/-0.29,1.73+/-0.29,1.80+/-0.30,1.87+/-0.30,1.94+/-0.30,2.01+/-0.30,2.08+/-0.31,2.15+/-0.31,2.22+/-0.31,2.29+/-0.32,2.36+/-0.32,2.43+/-0.32,2.50+/-0.33,2.57+/-0.33,2.64+/-0.34,2.71+/-0.34,2.78+/-0.35,2.85+/-0.35,2.9+/-0.4,3.0+/-0.4,3.1+/-0.4,3.1+/-0.4,3.2+/-0.4,3.3+/-0.4,3.3+/-0.4,3.4+/-0.4,3.5+/-0.4,3.6+/-0.4,3.6+/-0.4,3.7+/-0.4,3.8+/-0.4,3.8+/-0.4,3.9+/-0.4,4.0+/-0.4,4.1+/-0.4,4.1+/-0.4,4.2+/-0.5,4.3+/-0.5,4.3+/-0.5,4.4+/-0.5
Southern Europe,6278275,15800689,0.0,0.23+/-0.10,1.44+/-0.27,2.7+/-0.5,5.2+/-0.8,6.9+/-1.2,9.6+/-1.8,11.6+/-2.2,13.5+/-2.4,15.3+/-2.6,17.0+/-2.8,18.6+/-2.9,20.1+/-3.0,21.5+/-3.1,23.0+/-3.2,24.4+/-3.3,25.9+/-3.3,27.4+/-3.4,28.8+/-3.5,30+/-4,32+/-4,33+/-4,35+/-4,36+/-4,38+/-4,39+/-4,40+/-4,42+/-5,43+/-5,45+/-5,46+/-5,48+/-5,49+/-5,51+/-5,52+/-5,54+/-6,55+/-6,56+/-6,58+/-6,59+/-6,61+/-6,62+/-6,64+/-6,65+/-7,67+/-7,68+/-7,70+/-7,71+/-7,72+/-7,74+/-7,75+/-8,77+/-8,78+/-8
Western Africa,13326746,33355705,0.0,0.049+/-0.008,0.101+/-0.016,0.155+/-0.025,0.24+/-0.04,0.31+/-0.05,0.41+/-0.08,0.48+/-0.10,0.54+/-0.11,0.59+/-0.12,0.64+/-0.13,0.69+/-0.14,0.73+/-0.14,0.77+/-0.14,0.81+/-0.14,0.85+/-0.15,0.89+/-0.15,0.93+/-0.16,0.97+/-0.16,1.01+/-0.16,1.05+/-0.17,1.09+/-0.17,1.13+/-0.18,1.17+/-0.18,1.21+/-0.19,1.25+/-0.19,1.29+/-0.19,1.33+/-0.20,1.37+/-0.20,1.41+/-0.21,1.45+/-0.21,1.49+/-0.22,1.53+/-0.22,1.57+/-0.23,1.62+/-0.23,1.66+/-0.24,1.70+/-0.24,1.74+/-0.25,1.78+/-0.25,1.82+/-0.26,1.86+/-0.26,1.90+/-0.27,1.94+/-0.28,1.98+/-0.28,2.02+/-0.29,2.06+/-0.29,2.10+/-0.30,2.14+/-0.30,2.18+/-0.31,2.22+/-0.31,2.26+/-0.32,2.30+/-0.32,2.34+/-0.33
Western Asia,11107604,26056150,0.0,0.12+/-0.05,0.36+/-0.12,0.62+/-0.20,1.7+/-0.4,2.4+/-0.6,3.5+/-0.9,4.2+/-1.0,4.9+/-1.2,5.4+/-1.2,6.0+/-1.3,6.5+/-1.4,6.9+/-1.4,7.3+/-1.4,7.7+/-1.4,8.1+/-1.4,8.6+/-1.4,9.0+/-1.4,9.4+/-1.4,9.8+/-1.4,10.2+/-1.5,10.6+/-1.5,11.1+/-1.5,11.5+/-1.5,11.9+/-1.5,12.3+/-1.5,12.7+/-1.5,13.1+/-1.6,13.5+/-1.6,14.0+/-1.6,14.4+/-1.6,14.8+/-1.6,15.2+/-1.6,15.6+/-1.7,16.0+/-1.7,16.5+/-1.7,16.9+/-1.7,17.3+/-1.7,17.7+/-1.8,18.1+/-1.8,18.5+/-1.8,18.9+/-1.8,19.4+/-1.9,19.8+/-1.9,20.2+/-1.9,20.6+/-1.9,21.0+/-1.9,21.4+/-2.0,21.9+/-2.0,22.3+/-2.0,22.7+/-2.0,23.1+/-2.1,23.5+/-2.1
Western Europe,8840360,20055431,0.0,2.12+/-0.26,14.3+/-1.7,17.1+/-2.0,21.5+/-2.4,25.2+/-2.9,30+/-4,34+/-5,38+/-5,41+/-5,45+/-6,48+/-6,51+/-6,54+/-6,57+/-7,60+/-7,62+/-7,65+/-7,68+/-7,71+/-8,74+/-8,77+/-8,80+/-8,83+/-8,86+/-9,89+/-9,91+/-9,94+/-9,97+/-10,100+/-10,103+/-10,106+/-10,109+/-11,112+/-11,115+/-11,118+/-11,121+/-11,123+/-12,126+/-12,129+/-12,132+/-12,135+/-13,138+/-13,141+/-13,144+/-13,147+/-14,150+/-14,152+/-14,155+/-14,158+/-15,161+/-15,164+/-15,167+/-16
Global,426438348,893992858,0.0,0.36+/-0.04,2.43+/-0.25,2.92+/-0.29,5.2+/-0.7,5.9+/-0.8,6.9+/-0.9,7.7+/-1.0,8.4+/-1.1,9.1+/-1.1,9.8+/-1.2,10.4+/-1.2,11.0+/-1.2,11.6+/-1.2,12.1+/-1.3,12.7+/-1.3,13.3+/-1.3,13.8+/-1.3,14.4+/-1.3,15.0+/-1.3,15.6+/-1.4,16.1+/-1.4,16.7+/-1.4,17.3+/-1.4,17.9+/-1.4,18.4+/-1.5,19.0+/-1.5,19.6+/-1.5,20.2+/-1.5,20.7+/-1.6,21.3+/-1.6,21.9+/-1.6,22.5+/-1.6,23.0+/-1.7,23.6+/-1.7,24.2+/-1.7,24.7+/-1.7,25.3+/-1.8,25.9+/-1.8,26.5+/-1.8,27.0+/-1.8,27.6+/-1.9,28.2+/-1.9,28.8+/-1.9,29.3+/-1.9,29.9+/-2.0,30.5+/-2.0,31.1+/-2.0,31.6+/-2.1,32.2+/-2.1,32.8+/-2.1,33.4+/-2.1,33.9+/-2.2
