,0,1,2,3,4,5,6,7,8,9,10,11,12,13,14,15,16,17,18,19,20,21,22,23,24,25,26,27,28,29,30,31,32,33,34,35,36,37,38,39,40,41,42,43,44,45,46,47,48,49,50,51,52,53,54
Aruba,5687,12647,0,0,0.0+/-0,0.0+/-0,0.0+/-0,0.0+/-0,0.0+/-0,0.0+/-0,0.0+/-0,0.0+/-0,0.0+/-0,0.0+/-0,0.0+/-0,0.0+/-0,0.0+/-0,0.0+/-0,0.0+/-0,0.0+/-0,0.0+/-0,0.0+/-0,0.0+/-0,0.0+/-0,0.0+/-0,0.0+/-0,0.0+/-0,0.0+/-0,0.0+/-0,0.0+/-0,0.0+/-0,0.0+/-0,0.0+/-0,0.0+/-0,0.0+/-0,0.0+/-0,0.0+/-0,0.0+/-0,0.0+/-0,0.0+/-0,0.0+/-0,0.0+/-0,0.0+/-0,0.0+/-0,0.0+/-0,0.0+/-0,0.0+/-0,0.0+/-0,0.0+/-0,0.0+/-0,0.0+/-0,0.0+/-0,0.0+/-0,0.0+/-0,0.0+/-0
Afghanistan,839122,1865189,0,0,0.0+/-0,0.0+/-0,0.0+/-0,0.0+/-0,0.0+/-0,0.0+/-0,0.0+/-0,0.0+/-0,0.0+/-0,0.0+/-0,0.0+/-0,0.0+/-0,0.0+/-0,0.0+/-0,0.0+/-0,0.0+/-0,0.0+/-0,0.0+/-0,0.0+/-0,0.0+/-0,0.0+/-0,0.0+/-0,0.0+/-0,0.0+/-0,0.0+/-0,0.0+/-0,0.0+/-0,0.0+/-0,0.0+/-0,0.0+/-0,0.0+/-0,0.0+/-0,0.0+/-0,0.0+/-0,0.0+/-0,0.0+/-0,0.0+/-0,0.0+/-0,0.0+/-0,0.0+/-0,0.0+/-0,0.0+/-0,0.0+/-0,0.0+/-0,0.0+/-0,0.0+/-0,0.0+/-0,0.0+/-0,0.0+/-0,0.0+/-0,0.0+/-0
Angola,995453,3426263,0,0,0.0+/-0,0.0+/-0,0.0+/-0,0.0+/-0,0.0+/-0,0.0+/-0,0.0+/-0,0.0+/-0,0.0+/-0,0.0+/-0,0.0+/-0,0.0+/-0,0.0+/-0,0.0+/-0,0.0+/-0,0.0+/-0,0.0+/-0,0.0+/-0,0.0+/-0,0.0+/-0,0.0+/-0,0.0+/-0,0.0+/-0,0.0+/-0,0.0+/-0,0.0+/-0,0.0+/-0,0.0+/-0,0.0+/-0,0.0+/-0,0.0+/-0,0.0+/-0,0.0+/-0,0.0+/-0,0.0+/-0,0.0+/-0,0.0+/-0,0.0+/-0,0.0+/-0,0.0+/-0,0.0+/-0,0.0+/-0,0.0+/-0,0.0+/-0,0.0+/-0,0.0+/-0,0.0+/-0,0.0+/-0,0.0+/-0,0.0+/-0,0.0+/-0
Albania,166947,330799,0,0,0.0+/-0,0.0+/-0,0.0+/-0,0.0+/-0,0.0+/-0,0.0+/-0,0.0+/-0,0.0+/-0,0.0+/-0,0.0+/-0,0.0+/-0,0.0+/-0,0.0+/-0,0.0+/-0,0.0+/-0,0.0+/-0,0.0+/-0,0.0+/-0,0.0+/-0,0.0+/-0,0.0+/-0,0.0+/-0,0.0+/-0,0.0+/-0,0.0+/-0,0.0+/-0,0.0+/-0,0.0+/-0,0.0+/-0,0.0+/-0,0.0+/-0,0.0+/-0,0.0+/-0,0.0+/-0,0.0+/-0,0.0+/-0,0.0+/-0,0.0+/-0,0.0+/-0,0.0+/-0,0.0+/-0,0.0+/-0,0.0+/-0,0.0+/-0,0.0+/-0,0.0+/-0,0.0+/-0,0.0+/-0,0.0+/-0,0.0+/-0,0.0+/-0
Andorra,3390,10195,0,0,0.0+/-0,0.0+/-0,0.0+/-0,0.0+/-0,0.0+/-0,0.0+/-0,0.0+/-0,0.0+/-0,0.0+/-0,0.0+/-0,0.0+/-0,0.0+/-0,0.0+/-0,0.0+/-0,0.0+/-0,0.0+/-0,0.0+/-0,0.0+/-0,0.0+/-0,0.0+/-0,0.0+/-0,0.0+/-0,0.0+/-0,0.0+/-0,0.0+/-0,0.0+/-0,0.0+/-0,0.0+/-0,0.0+/-0,0.0+/-0,0.0+/-0,0.0+/-0,0.0+/-0,0.0+/-0,0.0+/-0,0.0+/-0,0.0+/-0,0.0+/-0,0.0+/-0,0.0+/-0,0.0+/-0,0.0+/-0,0.0+/-0,0.0+/-0,0.0+/-0,0.0+/-0,0.0+/-0,0.0+/-0,0.0+/-0,0.0+/-0,0.0+/-0
United Arab Emirates,497441,1321723,0,0,0.0+/-0,0.0+/-0,0.0+/-0,0.0+/-0,0.0+/-0,0.0+/-0,0.0+/-0,0.0+/-0,0.0+/-0,0.0+/-0,0.0+/-0,0.0+/-0,0.0+/-0,0.0+/-0,0.0+/-0,0.0+/-0,0.0+/-0,0.0+/-0,0.0+/-0,0.0+/-0,0.0+/-0,0.0+/-0,0.0+/-0,0.0+/-0,0.0+/-0,0.0+/-0,0.0+/-0,0.0+/-0,0.0+/-0,0.0+/-0,0.0+/-0,0.0+/-0,0.0+/-0,0.0+/-0,0.0+/-0,0.0+/-0,0.0+/-0,0.0+/-0,0.0+/-0,0.0+/-0,0.0+/-0,0.0+/-0,0.0+/-0,0.0+/-0,0.0+/-0,0.0+/-0,0.0+/-0,0.0+/-0,0.0+/-0,0.0+/-0,0.0+/-0
Argentina,1655955,5592191,0,0,0.0+/-0,0.0+/-0,0.0+/-0,0.0+/-0,0.0+/-0,0.0+/-0,0.0+/-0,0.0+/-0,0.0+/-0,0.0+/-0,0.0+/-0,0.0+/-0,0.0+/-0,0.0+/-0,0.0+/-0,0.0+/-0,0.0+/-0,0.0+/-0,0.0+/-0,0.0+/-0,0.0+/-0,0.0+/-0,0.0+/-0,0.0+/-0,0.0+/-0,0.0+/-0,0.0+/-0,0.0+/-0,0.0+/-0,0.0+/-0,0.0+/-0,0.0+/-0,0.0+/-0,0.0+/-0,0.0+/-0,0.0+/-0,0.0+/-0,0.0+/-0,0.0+/-0,0.0+/-0,0.0+/-0,0.0+/-0,0.0+/-0,0.0+/-0,0.0+/-0,0.0+/-0,0.0+/-0,0.0+/-0,0.0+/-0,0.0+/-0,0.0+/-0
Armenia,168185,326666,0,0,0.0+/-0,0.0+/-0,0.0+/-0,0.0+/-0,0.0+/-0,0.0+/-0,0.0+/-0,0.0+/-0,0.0+/-0,0.0+/-0,0.0+/-0,0.0+/-0,0.0+/-0,0.0+/-0,0.0+/-0,0.0+/-0,0.0+/-0,0.0+/-0,0.0+/-0,0.0+/-0,0.0+/-0,0.0+/-0,0.0+/-0,0.0+/-0,0.0+/-0,0.0+/-0,0.0+/-0,0.0+/-0,0.0+/-0,0.0+/-0,0.0+/-0,0.0+/-0,0.0+/-0,0.0+/-0,0.0+/-0,0.0+/-0,0.0+/-0,0.0+/-0,0.0+/-0,0.0+/-0,0.0+/-0,0.0+/-0,0.0+/-0,0.0+/-0,0.0+/-0,0.0+/-0,0.0+/-0,0.0+/-0,0.0+/-0,0.0+/-0,0.0+/-0
American Samoa,5225,11863,0,0,0.0+/-0,0.0+/-0,0.0+/-0,0.0+/-0,0.0+/-0,0.0+/-0,0.0+/-0,0.0+/-0,0.0+/-0,0.0+/-0,0.0+/-0,0.0+/-0,0.0+/-0,0.0+/-0,0.0+/-0,0.0+/-0,0.0+/-0,0.0+/-0,0.0+/-0,0.0+/-0,0.0+/-0,0.0+/-0,0.0+/-0,0.0+/-0,0.0+/-0,0.0+/-0,0.0+/-0,0.0+/-0,0.0+/-0,0.0+/-0,0.0+/-0,0.0+/-0,0.0+/-0,0.0+/-0,0.0+/-0,0.0+/-0,0.0+/-0,0.0+/-0,0.0+/-0,0.0+/-0,0.0+/-0,0.0+/-0,0.0+/-0,0.0+/-0,0.0+/-0,0.0+/-0,0.0+/-0,0.0+/-0,0.0+/-0,0.0+/-0,0.0+/-0
Antigua and Barbuda,6491,9391,0,0,0.0+/-0,0.0+/-0,0.0+/-0,0.0+/-0,0.0+/-0,0.0+/-0,0.0+/-0,0.0+/-0,0.0+/-0,0.0+/-0,0.0+/-0,0.0+/-0,0.0+/-0,0.0+/-0,0.0+/-0,0.0+/-0,0.0+/-0,0.0+/-0,0.0+/-0,0.0+/-0,0.0+/-0,0.0+/-0,0.0+/-0,0.0+/-0,0.0+/-0,0.0+/-0,0.0+/-0,0.0+/-0,0.0+/-0,0.0+/-0,0.0+/-0,0.0+/-0,0.0+/-0,0.0+/-0,0.0+/-0,0.0+/-0,0.0+/-0,0.0+/-0,0.0+/-0,0.0+/-0,0.0+/-0,0.0+/-0,0.0+/-0,0.0+/-0,0.0+/-0,0.0+/-0,0.0+/-0,0.0+/-0,0.0+/-0,0.0+/-0,0.0+/-0
Australia,1252233,3065197,0,0,0.0+/-0,0.0+/-0,0.0+/-0,0.0+/-0,0.0+/-0,0.0+/-0,0.0+/-0,0.0+/-0,0.0+/-0,0.0+/-0,0.0+/-0,0.0+/-0,0.0+/-0,0.0+/-0,0.0+/-0,0.0+/-0,0.0+/-0,0.0+/-0,0.0+/-0,0.0+/-0,0.0+/-0,0.0+/-0,0.0+/-0,0.0+/-0,0.0+/-0,0.0+/-0,0.0+/-0,0.0+/-0,0.0+/-0,0.0+/-0,0.0+/-0,0.0+/-0,0.0+/-0,0.0+/-0,0.0+/-0,0.0+/-0,0.0+/-0,0.0+/-0,0.0+/-0,0.0+/-0,0.0+/-0,0.0+/-0,0.0+/-0,0.0+/-0,0.0+/-0,0.0+/-0,0.0+/-0,0.0+/-0,0.0+/-0,0.0+/-0,0.0+/-0
Austria,406402,994600,0,0,0.0+/-0,0.0+/-0,0.0+/-0,0.0+/-0,0.0+/-0,0.0+/-0,0.0+/-0,0.0+/-0,0.0+/-0,0.0+/-0,0.0+/-0,0.0+/-0,0.0+/-0,0.0+/-0,0.0+/-0,0.0+/-0,0.0+/-0,0.0+/-0,0.0+/-0,0.0+/-0,0.0+/-0,0.0+/-0,0.0+/-0,0.0+/-0,0.0+/-0,0.0+/-0,0.0+/-0,0.0+/-0,0.0+/-0,0.0+/-0,0.0+/-0,0.0+/-0,0.0+/-0,0.0+/-0,0.0+/-0,0.0+/-0,0.0+/-0,0.0+/-0,0.0+/-0,0.0+/-0,0.0+/-0,0.0+/-0,0.0+/-0,0.0+/-0,0.0+/-0,0.0+/-0,0.0+/-0,0.0+/-0,0.0+/-0,0.0+/-0,0.0+/-0
Azerbaijan,506530,959882,0,0,0.0+/-0,0.0+/-0,0.0+/-0,0.0+/-0,0.0+/-0,0.0+/-0,0.0+/-0,0.0+/-0,0.0+/-0,0.0+/-0,0.0+/-0,0.0+/-0,0.0+/-0,0.0+/-0,0.0+/-0,0.0+/-0,0.0+/-0,0.0+/-0,0.0+/-0,0.0+/-0,0.0+/-0,0.0+/-0,0.0+/-0,0.0+/-0,0.0+/-0,0.0+/-0,0.0+/-0,0.0+/-0,0.0+/-0,0.0+/-0,0.0+/-0,0.0+/-0,0.0+/-0,0.0+/-0,0.0+/-0,0.0+/-0,0.0+/-0,0.0+/-0,0.0+/-0,0.0+/-0,0.0+/-0,0.0+/-0,0.0+/-0,0.0+/-0,0.0+/-0,0.0+/-0,0.0+/-0,0.0+/-0,0.0+/-0,0.0+/-0,0.0+/-0
Burundi,131681,354859,0,0,0.0+/-0,0.0+/-0,0.0+/-0,0.0+/-0,0.0+/-0,0.0+/-0,0.0+/-0,0.0+/-0,0.0+/-0,0.0+/-0,0.0+/-0,0.0+/-0,0.0+/-0,0.0+/-0,0.0+/-0,0.0+/-0,0.0+/-0,0.0+/-0,0.0+/-0,0.0+/-0,0.0+/-0,0.0+/-0,0.0+/-0,0.0+/-0,0.0+/-0,0.0+/-0,0.0+/-0,0.0+/-0,0.0+/-0,0.0+/-0,0.0+/-0,0.0+/-0,0.0+/-0,0.0+/-0,0.0+/-0,0.0+/-0,0.0+/-0,0.0+/-0,0.0+/-0,0.0+/-0,0.0+/-0,0.0+/-0,0.0+/-0,0.0+/-0,0.0+/-0,0.0+/-0,0.0+/-0,0.0+/-0,0.0+/-0,0.0+/-0,0.0+/-0
Belgium,416422,1013834,0,0,0.0+/-0,0.0+/-0,0.0+/-0,0.0+/-0,0.0+/-0,0.0+/-0,0.0+/-0,0.0+/-0,0.0+/-0,0.0+/-0,0.0+/-0,0.0+/-0,0.0+/-0,0.0+/-0,0.0+/-0,0.0+/-0,0.0+/-0,0.0+/-0,0.0+/-0,0.0+/-0,0.0+/-0,0.0+/-0,0.0+/-0,0.0+/-0,0.0+/-0,0.0+/-0,0.0+/-0,0.0+/-0,0.0+/-0,0.0+/-0,0.0+/-0,0.0+/-0,0.0+/-0,0.0+/-0,0.0+/-0,0.0+/-0,0.0+/-0,0.0+/-0,0.0+/-0,0.0+/-0,0.0+/-0,0.0+/-0,0.0+/-0,0.0+/-0,0.0+/-0,0.0+/-0,0.0+/-0,0.0+/-0,0.0+/-0,0.0+/-0,0.0+/-0
Benin,859152,2164082,0,0,0.0+/-0,0.0+/-0,0.0+/-0,0.0+/-0,0.0+/-0,0.0+/-0,0.0+/-0,0.0+/-0,0.0+/-0,0.0+/-0,0.0+/-0,0.0+/-0,0.0+/-0,0.0+/-0,0.0+/-0,0.0+/-0,0.0+/-0,0.0+/-0,0.0+/-0,0.0+/-0,0.0+/-0,0.0+/-0,0.0+/-0,0.0+/-0,0.0+/-0,0.0+/-0,0.0+/-0,0.0+/-0,0.0+/-0,0.0+/-0,0.0+/-0,0.0+/-0,0.0+/-0,0.0+/-0,0.0+/-0,0.0+/-0,0.0+/-0,0.0+/-0,0.0+/-0,0.0+/-0,0.0+/-0,0.0+/-0,0.0+/-0,0.0+/-0,0.0+/-0,0.0+/-0,0.0+/-0,0.0+/-0,0.0+/-0,0.0+/-0,0.0+/-0
Burkina Faso,260028,1074758,0,0,0.0+/-0,0.0+/-0,0.0+/-0,0.0+/-0,0.0+/-0,0.0+/-0,0.0+/-0,0.0+/-0,0.0+/-0,0.0+/-0,0.0+/-0,0.0+/-0,0.0+/-0,0.0+/-0,0.0+/-0,0.0+/-0,0.0+/-0,0.0+/-0,0.0+/-0,0.0+/-0,0.0+/-0,0.0+/-0,0.0+/-0,0.0+/-0,0.0+/-0,0.0+/-0,0.0+/-0,0.0+/-0,0.0+/-0,0.0+/-0,0.0+/-0,0.0+/-0,0.0+/-0,0.0+/-0,0.0+/-0,0.0+/-0,0.0+/-0,0.0+/-0,0.0+/-0,0.0+/-0,0.0+/-0,0.0+/-0,0.0+/-0,0.0+/-0,0.0+/-0,0.0+/-0,0.0+/-0,0.0+/-0,0.0+/-0,0.0+/-0,0.0+/-0
Bangladesh,13873723,22932196,0,0,0.0+/-0,0.0+/-0,0.0+/-0,0.0+/-0,0.0+/-0,0.0+/-0,0.0+/-0,0.0+/-0,0.0+/-0,0.0+/-0,0.0+/-0,0.0+/-0,0.0+/-0,0.0+/-0,0.0+/-0,0.0+/-0,0.0+/-0,0.0+/-0,0.0+/-0,0.0+/-0,0.0+/-0,0.0+/-0,0.0+/-0,0.0+/-0,0.0+/-0,0.0+/-0,0.0+/-0,0.0+/-0,0.0+/-0,0.0+/-0,0.0+/-0,0.0+/-0,0.0+/-0,0.0+/-0,0.0+/-0,0.0+/-0,0.0+/-0,0.0+/-0,0.0+/-0,0.0+/-0,0.0+/-0,0.0+/-0,0.0+/-0,0.0+/-0,0.0+/-0,0.0+/-0,0.0+/-0,0.0+/-0,0.0+/-0,0.0+/-0,0.0+/-0
Bulgaria,299042,727033,0,0,0.0+/-0,0.0+/-0,0.0+/-0,0.0+/-0,0.0+/-0,0.0+/-0,0.0+/-0,0.0+/-0,0.0+/-0,0.0+/-0,0.0+/-0,0.0+/-0,0.0+/-0,0.0+/-0,0.0+/-0,0.0+/-0,0.0+/-0,0.0+/-0,0.0+/-0,0.0+/-0,0.0+/-0,0.0+/-0,0.0+/-0,0.0+/-0,0.0+/-0,0.0+/-0,0.0+/-0,0.0+/-0,0.0+/-0,0.0+/-0,0.0+/-0,0.0+/-0,0.0+/-0,0.0+/-0,0.0+/-0,0.0+/-0,0.0+/-0,0.0+/-0,0.0+/-0,0.0+/-0,0.0+/-0,0.0+/-0,0.0+/-0,0.0+/-0,0.0+/-0,0.0+/-0,0.0+/-0,0.0+/-0,0.0+/-0,0.0+/-0,0.0+/-0
Bahrain,64057,170202,0,0,0.0+/-0,0.0+/-0,0.0+/-0,0.0+/-0,0.0+/-0,0.0+/-0,0.0+/-0,0.0+/-0,0.0+/-0,0.0+/-0,0.0+/-0,0.0+/-0,0.0+/-0,0.0+/-0,0.0+/-0,0.0+/-0,0.0+/-0,0.0+/-0,0.0+/-0,0.0+/-0,0.0+/-0,0.0+/-0,0.0+/-0,0.0+/-0,0.0+/-0,0.0+/-0,0.0+/-0,0.0+/-0,0.0+/-0,0.0+/-0,0.0+/-0,0.0+/-0,0.0+/-0,0.0+/-0,0.0+/-0,0.0+/-0,0.0+/-0,0.0+/-0,0.0+/-0,0.0+/-0,0.0+/-0,0.0+/-0,0.0+/-0,0.0+/-0,0.0+/-0,0.0+/-0,0.0+/-0,0.0+/-0,0.0+/-0,0.0+/-0,0.0+/-0
Bahamas,21812,58451,0,0,0.0+/-0,0.0+/-0,0.0+/-0,0.0+/-0,0.0+/-0,0.0+/-0,0.0+/-0,0.0+/-0,0.0+/-0,0.0+/-0,0.0+/-0,0.0+/-0,0.0+/-0,0.0+/-0,0.0+/-0,0.0+/-0,0.0+/-0,0.0+/-0,0.0+/-0,0.0+/-0,0.0+/-0,0.0+/-0,0.0+/-0,0.0+/-0,0.0+/-0,0.0+/-0,0.0+/-0,0.0+/-0,0.0+/-0,0.0+/-0,0.0+/-0,0.0+/-0,0.0+/-0,0.0+/-0,0.0+/-0,0.0+/-0,0.0+/-0,0.0+/-0,0.0+/-0,0.0+/-0,0.0+/-0,0.0+/-0,0.0+/-0,0.0+/-0,0.0+/-0,0.0+/-0,0.0+/-0,0.0+/-0,0.0+/-0,0.0+/-0,0.0+/-0
Bosnia and Herzegovina,130616,301676,0,0,0.0+/-0,0.0+/-0,0.0+/-0,0.0+/-0,0.0+/-0,0.0+/-0,0.0+/-0,0.0+/-0,0.0+/-0,0.0+/-0,0.0+/-0,0.0+/-0,0.0+/-0,0.0+/-0,0.0+/-0,0.0+/-0,0.0+/-0,0.0+/-0,0.0+/-0,0.0+/-0,0.0+/-0,0.0+/-0,0.0+/-0,0.0+/-0,0.0+/-0,0.0+/-0,0.0+/-0,0.0+/-0,0.0+/-0,0.0+/-0,0.0+/-0,0.0+/-0,0.0+/-0,0.0+/-0,0.0+/-0,0.0+/-0,0.0+/-0,0.0+/-0,0.0+/-0,0.0+/-0,0.0+/-0,0.0+/-0,0.0+/-0,0.0+/-0,0.0+/-0,0.0+/-0,0.0+/-0,0.0+/-0,0.0+/-0,0.0+/-0,0.0+/-0
Belarus,487570,993888,0,0,0.0+/-0,0.0+/-0,0.0+/-0,0.0+/-0,0.0+/-0,0.0+/-0,0.0+/-0,0.0+/-0,0.0+/-0,0.0+/-0,0.0+/-0,0.0+/-0,0.0+/-0,0.0+/-0,0.0+/-0,0.0+/-0,0.0+/-0,0.0+/-0,0.0+/-0,0.0+/-0,0.0+/-0,0.0+/-0,0.0+/-0,0.0+/-0,0.0+/-0,0.0+/-0,0.0+/-0,0.0+/-0,0.0+/-0,0.0+/-0,0.0+/-0,0.0+/-0,0.0+/-0,0.0+/-0,0.0+/-0,0.0+/-0,0.0+/-0,0.0+/-0,0.0+/-0,0.0+/-0,0.0+/-0,0.0+/-0,0.0+/-0,0.0+/-0,0.0+/-0,0.0+/-0,0.0+/-0,0.0+/-0,0.0+/-0,0.0+/-0,0.0+/-0
Belize,21166,54685,0,0,0.0+/-0,0.0+/-0,0.0+/-0,0.0+/-0,0.0+/-0,0.0+/-0,0.0+/-0,0.0+/-0,0.0+/-0,0.0+/-0,0.0+/-0,0.0+/-0,0.0+/-0,0.0+/-0,0.0+/-0,0.0+/-0,0.0+/-0,0.0+/-0,0.0+/-0,0.0+/-0,0.0+/-0,0.0+/-0,0.0+/-0,0.0+/-0,0.0+/-0,0.0+/-0,0.0+/-0,0.0+/-0,0.0+/-0,0.0+/-0,0.0+/-0,0.0+/-0,0.0+/-0,0.0+/-0,0.0+/-0,0.0+/-0,0.0+/-0,0.0+/-0,0.0+/-0,0.0+/-0,0.0+/-0,0.0+/-0,0.0+/-0,0.0+/-0,0.0+/-0,0.0+/-0,0.0+/-0,0.0+/-0,0.0+/-0,0.0+/-0,0.0+/-0
Bermuda,5387,11979,0,0,0.0+/-0,0.0+/-0,0.0+/-0,0.0+/-0,0.0+/-0,0.0+/-0,0.0+/-0,0.0+/-0,0.0+/-0,0.0+/-0,0.0+/-0,0.0+/-0,0.0+/-0,0.0+/-0,0.0+/-0,0.0+/-0,0.0+/-0,0.0+/-0,0.0+/-0,0.0+/-0,0.0+/-0,0.0+/-0,0.0+/-0,0.0+/-0,0.0+/-0,0.0+/-0,0.0+/-0,0.0+/-0,0.0+/-0,0.0+/-0,0.0+/-0,0.0+/-0,0.0+/-0,0.0+/-0,0.0+/-0,0.0+/-0,0.0+/-0,0.0+/-0,0.0+/-0,0.0+/-0,0.0+/-0,0.0+/-0,0.0+/-0,0.0+/-0,0.0+/-0,0.0+/-0,0.0+/-0,0.0+/-0,0.0+/-0,0.0+/-0,0.0+/-0
Bolivia,942619,2122108,0,0,0.0+/-0,0.0+/-0,0.0+/-0,0.0+/-0,0.0+/-0,0.0+/-0,0.0+/-0,0.0+/-0,0.0+/-0,0.0+/-0,0.0+/-0,0.0+/-0,0.0+/-0,0.0+/-0,0.0+/-0,0.0+/-0,0.0+/-0,0.0+/-0,0.0+/-0,0.0+/-0,0.0+/-0,0.0+/-0,0.0+/-0,0.0+/-0,0.0+/-0,0.0+/-0,0.0+/-0,0.0+/-0,0.0+/-0,0.0+/-0,0.0+/-0,0.0+/-0,0.0+/-0,0.0+/-0,0.0+/-0,0.0+/-0,0.0+/-0,0.0+/-0,0.0+/-0,0.0+/-0,0.0+/-0,0.0+/-0,0.0+/-0,0.0+/-0,0.0+/-0,0.0+/-0,0.0+/-0,0.0+/-0,0.0+/-0,0.0+/-0,0.0+/-0
Brazil,10082462,28084922,0,0,0.0+/-0,0.0+/-0,0.0+/-0,0.0+/-0,0.0+/-0,0.0+/-0,0.0+/-0,0.0+/-0,0.0+/-0,0.0+/-0,0.0+/-0,0.0+/-0,0.0+/-0,0.0+/-0,0.0+/-0,0.0+/-0,0.0+/-0,0.0+/-0,0.0+/-0,0.0+/-0,0.0+/-0,0.0+/-0,0.0+/-0,0.0+/-0,0.0+/-0,0.0+/-0,0.0+/-0,0.0+/-0,0.0+/-0,0.0+/-0,0.0+/-0,0.0+/-0,0.0+/-0,0.0+/-0,0.0+/-0,0.0+/-0,0.0+/-0,0.0+/-0,0.0+/-0,0.0+/-0,0.0+/-0,0.0+/-0,0.0+/-0,0.0+/-0,0.0+/-0,0.0+/-0,0.0+/-0,0.0+/-0,0.0+/-0,0.0+/-0,0.0+/-0
Barbados,12210,32688,0,0,0.0+/-0,0.0+/-0,0.0+/-0,0.0+/-0,0.0+/-0,0.0+/-0,0.0+/-0,0.0+/-0,0.0+/-0,0.0+/-0,0.0+/-0,0.0+/-0,0.0+/-0,0.0+/-0,0.0+/-0,0.0+/-0,0.0+/-0,0.0+/-0,0.0+/-0,0.0+/-0,0.0+/-0,0.0+/-0,0.0+/-0,0.0+/-0,0.0+/-0,0.0+/-0,0.0+/-0,0.0+/-0,0.0+/-0,0.0+/-0,0.0+/-0,0.0+/-0,0.0+/-0,0.0+/-0,0.0+/-0,0.0+/-0,0.0+/-0,0.0+/-0,0.0+/-0,0.0+/-0,0.0+/-0,0.0+/-0,0.0+/-0,0.0+/-0,0.0+/-0,0.0+/-0,0.0+/-0,0.0+/-0,0.0+/-0,0.0+/-0,0.0+/-0
Brunei Darussalam,19748,52562,0,0,0.0+/-0,0.0+/-0,0.0+/-0,0.0+/-0,0.0+/-0,0.0+/-0,0.0+/-0,0.0+/-0,0.0+/-0,0.0+/-0,0.0+/-0,0.0+/-0,0.0+/-0,0.0+/-0,0.0+/-0,0.0+/-0,0.0+/-0,0.0+/-0,0.0+/-0,0.0+/-0,0.0+/-0,0.0+/-0,0.0+/-0,0.0+/-0,0.0+/-0,0.0+/-0,0.0+/-0,0.0+/-0,0.0+/-0,0.0+/-0,0.0+/-0,0.0+/-0,0.0+/-0,0.0+/-0,0.0+/-0,0.0+/-0,0.0+/-0,0.0+/-0,0.0+/-0,0.0+/-0,0.0+/-0,0.0+/-0,0.0+/-0,0.0+/-0,0.0+/-0,0.0+/-0,0.0+/-0,0.0+/-0,0.0+/-0,0.0+/-0,0.0+/-0
Bhutan,70084,94333,0,0,0.0+/-0,0.0+/-0,0.0+/-0,0.0+/-0,0.0+/-0,0.0+/-0,0.0+/-0,0.0+/-0,0.0+/-0,0.0+/-0,0.0+/-0,0.0+/-0,0.0+/-0,0.0+/-0,0.0+/-0,0.0+/-0,0.0+/-0,0.0+/-0,0.0+/-0,0.0+/-0,0.0+/-0,0.0+/-0,0.0+/-0,0.0+/-0,0.0+/-0,0.0+/-0,0.0+/-0,0.0+/-0,0.0+/-0,0.0+/-0,0.0+/-0,0.0+/-0,0.0+/-0,0.0+/-0,0.0+/-0,0.0+/-0,0.0+/-0,0.0+/-0,0.0+/-0,0.0+/-0,0.0+/-0,0.0+/-0,0.0+/-0,0.0+/-0,0.0+/-0,0.0+/-0,0.0+/-0,0.0+/-0,0.0+/-0,0.0+/-0,0.0+/-0
Botswana,103490,263100,0,0,0.0+/-0,0.0+/-0,0.0+/-0,0.0+/-0,0.0+/-0,0.0+/-0,0.0+/-0,0.0+/-0,0.0+/-0,0.0+/-0,0.0+/-0,0.0+/-0,0.0+/-0,0.0+/-0,0.0+/-0,0.0+/-0,0.0+/-0,0.0+/-0,0.0+/-0,0.0+/-0,0.0+/-0,0.0+/-0,0.0+/-0,0.0+/-0,0.0+/-0,0.0+/-0,0.0+/-0,0.0+/-0,0.0+/-0,0.0+/-0,0.0+/-0,0.0+/-0,0.0+/-0,0.0+/-0,0.0+/-0,0.0+/-0,0.0+/-0,0.0+/-0,0.0+/-0,0.0+/-0,0.0+/-0,0.0+/-0,0.0+/-0,0.0+/-0,0.0+/-0,0.0+/-0,0.0+/-0,0.0+/-0,0.0+/-0,0.0+/-0,0.0+/-0
Central African Republic,184454,587339,0,0,0.0+/-0,0.0+/-0,0.0+/-0,0.0+/-0,0.0+/-0,0.0+/-0,0.0+/-0,0.0+/-0,0.0+/-0,0.0+/-0,0.0+/-0,0.0+/-0,0.0+/-0,0.0+/-0,0.0+/-0,0.0+/-0,0.0+/-0,0.0+/-0,0.0+/-0,0.0+/-0,0.0+/-0,0.0+/-0,0.0+/-0,0.0+/-0,0.0+/-0,0.0+/-0,0.0+/-0,0.0+/-0,0.0+/-0,0.0+/-0,0.0+/-0,0.0+/-0,0.0+/-0,0.0+/-0,0.0+/-0,0.0+/-0,0.0+/-0,0.0+/-0,0.0+/-0,0.0+/-0,0.0+/-0,0.0+/-0,0.0+/-0,0.0+/-0,0.0+/-0,0.0+/-0,0.0+/-0,0.0+/-0,0.0+/-0,0.0+/-0,0.0+/-0
Canada,1957736,4628920,0,0,0.0+/-0,0.0+/-0,0.0+/-0,0.0+/-0,0.0+/-0,0.0+/-0,0.0+/-0,0.0+/-0,0.0+/-0,0.0+/-0,0.0+/-0,0.0+/-0,0.0+/-0,0.0+/-0,0.0+/-0,0.0+/-0,0.0+/-0,0.0+/-0,0.0+/-0,0.0+/-0,0.0+/-0,0.0+/-0,0.0+/-0,0.0+/-0,0.0+/-0,0.0+/-0,0.0+/-0,0.0+/-0,0.0+/-0,0.0+/-0,0.0+/-0,0.0+/-0,0.0+/-0,0.0+/-0,0.0+/-0,0.0+/-0,0.0+/-0,0.0+/-0,0.0+/-0,0.0+/-0,0.0+/-0,0.0+/-0,0.0+/-0,0.0+/-0,0.0+/-0,0.0+/-0,0.0+/-0,0.0+/-0,0.0+/-0,0.0+/-0,0.0+/-0
Switzerland,426586,940745,0,0,0.0+/-0,0.0+/-0,0.0+/-0,0.0+/-0,0.0+/-0,0.0+/-0,0.0+/-0,0.0+/-0,0.0+/-0,0.0+/-0,0.0+/-0,0.0+/-0,0.0+/-0,0.0+/-0,0.0+/-0,0.0+/-0,0.0+/-0,0.0+/-0,0.0+/-0,0.0+/-0,0.0+/-0,0.0+/-0,0.0+/-0,0.0+/-0,0.0+/-0,0.0+/-0,0.0+/-0,0.0+/-0,0.0+/-0,0.0+/-0,0.0+/-0,0.0+/-0,0.0+/-0,0.0+/-0,0.0+/-0,0.0+/-0,0.0+/-0,0.0+/-0,0.0+/-0,0.0+/-0,0.0+/-0,0.0+/-0,0.0+/-0,0.0+/-0,0.0+/-0,0.0+/-0,0.0+/-0,0.0+/-0,0.0+/-0,0.0+/-0,0.0+/-0
Chile,928567,2511683,0,0,0.0+/-0,0.0+/-0,0.0+/-0,0.0+/-0,0.0+/-0,0.0+/-0,0.0+/-0,0.0+/-0,0.0+/-0,0.0+/-0,0.0+/-0,0.0+/-0,0.0+/-0,0.0+/-0,0.0+/-0,0.0+/-0,0.0+/-0,0.0+/-0,0.0+/-0,0.0+/-0,0.0+/-0,0.0+/-0,0.0+/-0,0.0+/-0,0.0+/-0,0.0+/-0,0.0+/-0,0.0+/-0,0.0+/-0,0.0+/-0,0.0+/-0,0.0+/-0,0.0+/-0,0.0+/-0,0.0+/-0,0.0+/-0,0.0+/-0,0.0+/-0,0.0+/-0,0.0+/-0,0.0+/-0,0.0+/-0,0.0+/-0,0.0+/-0,0.0+/-0,0.0+/-0,0.0+/-0,0.0+/-0,0.0+/-0,0.0+/-0,0.0+/-0
China,88697526,188501997,0,0,(3.5+/-0.6)e+08,(3.5+/-0.6)e+08,(3.5+/-0.6)e+08,(3.5+/-0.6)e+08,(3.5+/-0.6)e+08,(3.5+/-0.6)e+08,(3.5+/-0.6)e+08,(3.5+/-0.6)e+08,(3.5+/-0.6)e+08,(3.5+/-0.6)e+08,(3.5+/-0.6)e+08,(3.5+/-0.6)e+08,(3.5+/-0.6)e+08,(3.5+/-0.6)e+08,(3.5+/-0.6)e+08,(3.5+/-0.6)e+08,(3.5+/-0.6)e+08,(3.5+/-0.6)e+08,(3.5+/-0.6)e+08,(3.5+/-0.6)e+08,(3.5+/-0.6)e+08,(3.5+/-0.6)e+08,(3.5+/-0.6)e+08,(3.5+/-0.6)e+08,(3.5+/-0.6)e+08,(3.5+/-0.6)e+08,(3.5+/-0.6)e+08,(3.5+/-0.6)e+08,(3.5+/-0.6)e+08,(3.5+/-0.6)e+08,(3.5+/-0.6)e+08,(3.5+/-0.6)e+08,(3.5+/-0.6)e+08,(3.5+/-0.6)e+08,(3.5+/-0.6)e+08,(3.5+/-0.6)e+08,(3.5+/-0.6)e+08,(3.5+/-0.6)e+08,(3.5+/-0.6)e+08,(3.5+/-0.6)e+08,(3.5+/-0.6)e+08,(3.5+/-0.6)e+08,(3.5+/-0.6)e+08,(3.5+/-0.6)e+08,(3.5+/-0.6)e+08,(3.5+/-0.6)e+08,(3.5+/-0.6)e+08,(3.5+/-0.6)e+08,(3.5+/-0.6)e+08,(3.5+/-0.6)e+08,(3.5+/-0.6)e+08
Côte d'Ivoire,2193679,4540653,0,0,0.0+/-0,0.0+/-0,0.0+/-0,0.0+/-0,0.0+/-0,0.0+/-0,0.0+/-0,0.0+/-0,0.0+/-0,0.0+/-0,0.0+/-0,0.0+/-0,0.0+/-0,0.0+/-0,0.0+/-0,0.0+/-0,0.0+/-0,0.0+/-0,0.0+/-0,0.0+/-0,0.0+/-0,0.0+/-0,0.0+/-0,0.0+/-0,0.0+/-0,0.0+/-0,0.0+/-0,0.0+/-0,0.0+/-0,0.0+/-0,0.0+/-0,0.0+/-0,0.0+/-0,0.0+/-0,0.0+/-0,0.0+/-0,0.0+/-0,0.0+/-0,0.0+/-0,0.0+/-0,0.0+/-0,0.0+/-0,0.0+/-0,0.0+/-0,0.0+/-0,0.0+/-0,0.0+/-0,0.0+/-0,0.0+/-0,0.0+/-0,0.0+/-0
Cameroon,418763,984245,0,0,0.0+/-0,0.0+/-0,0.0+/-0,0.0+/-0,0.0+/-0,0.0+/-0,0.0+/-0,0.0+/-0,0.0+/-0,0.0+/-0,0.0+/-0,0.0+/-0,0.0+/-0,0.0+/-0,0.0+/-0,0.0+/-0,0.0+/-0,0.0+/-0,0.0+/-0,0.0+/-0,0.0+/-0,0.0+/-0,0.0+/-0,0.0+/-0,0.0+/-0,0.0+/-0,0.0+/-0,0.0+/-0,0.0+/-0,0.0+/-0,0.0+/-0,0.0+/-0,0.0+/-0,0.0+/-0,0.0+/-0,0.0+/-0,0.0+/-0,0.0+/-0,0.0+/-0,0.0+/-0,0.0+/-0,0.0+/-0,0.0+/-0,0.0+/-0,0.0+/-0,0.0+/-0,0.0+/-0,0.0+/-0,0.0+/-0,0.0+/-0,0.0+/-0
DR Congo,5898687,8414717,0,0,0.0+/-0,0.0+/-0,0.0+/-0,0.0+/-0,0.0+/-0,0.0+/-0,0.0+/-0,0.0+/-0,0.0+/-0,0.0+/-0,0.0+/-0,0.0+/-0,0.0+/-0,0.0+/-0,0.0+/-0,0.0+/-0,0.0+/-0,0.0+/-0,0.0+/-0,0.0+/-0,0.0+/-0,0.0+/-0,0.0+/-0,0.0+/-0,0.0+/-0,0.0+/-0,0.0+/-0,0.0+/-0,0.0+/-0,0.0+/-0,0.0+/-0,0.0+/-0,0.0+/-0,0.0+/-0,0.0+/-0,0.0+/-0,0.0+/-0,0.0+/-0,0.0+/-0,0.0+/-0,0.0+/-0,0.0+/-0,0.0+/-0,0.0+/-0,0.0+/-0,0.0+/-0,0.0+/-0,0.0+/-0,0.0+/-0,0.0+/-0,0.0+/-0
Congo Republic,96579,226997,0,0,0.0+/-0,0.0+/-0,0.0+/-0,0.0+/-0,0.0+/-0,0.0+/-0,0.0+/-0,0.0+/-0,0.0+/-0,0.0+/-0,0.0+/-0,0.0+/-0,0.0+/-0,0.0+/-0,0.0+/-0,0.0+/-0,0.0+/-0,0.0+/-0,0.0+/-0,0.0+/-0,0.0+/-0,0.0+/-0,0.0+/-0,0.0+/-0,0.0+/-0,0.0+/-0,0.0+/-0,0.0+/-0,0.0+/-0,0.0+/-0,0.0+/-0,0.0+/-0,0.0+/-0,0.0+/-0,0.0+/-0,0.0+/-0,0.0+/-0,0.0+/-0,0.0+/-0,0.0+/-0,0.0+/-0,0.0+/-0,0.0+/-0,0.0+/-0,0.0+/-0,0.0+/-0,0.0+/-0,0.0+/-0,0.0+/-0,0.0+/-0,0.0+/-0
Colombia,2455746,6729973,0,0,0.0+/-0,0.0+/-0,0.0+/-0,0.0+/-0,0.0+/-0,0.0+/-0,0.0+/-0,0.0+/-0,0.0+/-0,0.0+/-0,0.0+/-0,0.0+/-0,0.0+/-0,0.0+/-0,0.0+/-0,0.0+/-0,0.0+/-0,0.0+/-0,0.0+/-0,0.0+/-0,0.0+/-0,0.0+/-0,0.0+/-0,0.0+/-0,0.0+/-0,0.0+/-0,0.0+/-0,0.0+/-0,0.0+/-0,0.0+/-0,0.0+/-0,0.0+/-0,0.0+/-0,0.0+/-0,0.0+/-0,0.0+/-0,0.0+/-0,0.0+/-0,0.0+/-0,0.0+/-0,0.0+/-0,0.0+/-0,0.0+/-0,0.0+/-0,0.0+/-0,0.0+/-0,0.0+/-0,0.0+/-0,0.0+/-0,0.0+/-0,0.0+/-0
Comoros,30567,61629,0,0,0.0+/-0,0.0+/-0,0.0+/-0,0.0+/-0,0.0+/-0,0.0+/-0,0.0+/-0,0.0+/-0,0.0+/-0,0.0+/-0,0.0+/-0,0.0+/-0,0.0+/-0,0.0+/-0,0.0+/-0,0.0+/-0,0.0+/-0,0.0+/-0,0.0+/-0,0.0+/-0,0.0+/-0,0.0+/-0,0.0+/-0,0.0+/-0,0.0+/-0,0.0+/-0,0.0+/-0,0.0+/-0,0.0+/-0,0.0+/-0,0.0+/-0,0.0+/-0,0.0+/-0,0.0+/-0,0.0+/-0,0.0+/-0,0.0+/-0,0.0+/-0,0.0+/-0,0.0+/-0,0.0+/-0,0.0+/-0,0.0+/-0,0.0+/-0,0.0+/-0,0.0+/-0,0.0+/-0,0.0+/-0,0.0+/-0,0.0+/-0,0.0+/-0
Cabo Verde,22719,57036,0,0,0.0+/-0,0.0+/-0,0.0+/-0,0.0+/-0,0.0+/-0,0.0+/-0,0.0+/-0,0.0+/-0,0.0+/-0,0.0+/-0,0.0+/-0,0.0+/-0,0.0+/-0,0.0+/-0,0.0+/-0,0.0+/-0,0.0+/-0,0.0+/-0,0.0+/-0,0.0+/-0,0.0+/-0,0.0+/-0,0.0+/-0,0.0+/-0,0.0+/-0,0.0+/-0,0.0+/-0,0.0+/-0,0.0+/-0,0.0+/-0,0.0+/-0,0.0+/-0,0.0+/-0,0.0+/-0,0.0+/-0,0.0+/-0,0.0+/-0,0.0+/-0,0.0+/-0,0.0+/-0,0.0+/-0,0.0+/-0,0.0+/-0,0.0+/-0,0.0+/-0,0.0+/-0,0.0+/-0,0.0+/-0,0.0+/-0,0.0+/-0,0.0+/-0
Costa Rica,211236,570927,0,0,0.0+/-0,0.0+/-0,0.0+/-0,0.0+/-0,0.0+/-0,0.0+/-0,0.0+/-0,0.0+/-0,0.0+/-0,0.0+/-0,0.0+/-0,0.0+/-0,0.0+/-0,0.0+/-0,0.0+/-0,0.0+/-0,0.0+/-0,0.0+/-0,0.0+/-0,0.0+/-0,0.0+/-0,0.0+/-0,0.0+/-0,0.0+/-0,0.0+/-0,0.0+/-0,0.0+/-0,0.0+/-0,0.0+/-0,0.0+/-0,0.0+/-0,0.0+/-0,0.0+/-0,0.0+/-0,0.0+/-0,0.0+/-0,0.0+/-0,0.0+/-0,0.0+/-0,0.0+/-0,0.0+/-0,0.0+/-0,0.0+/-0,0.0+/-0,0.0+/-0,0.0+/-0,0.0+/-0,0.0+/-0,0.0+/-0,0.0+/-0,0.0+/-0
Cuba,332951,1018354,0,0,0.0+/-0,0.0+/-0,0.0+/-0,0.0+/-0,0.0+/-0,0.0+/-0,0.0+/-0,0.0+/-0,0.0+/-0,0.0+/-0,0.0+/-0,0.0+/-0,0.0+/-0,0.0+/-0,0.0+/-0,0.0+/-0,0.0+/-0,0.0+/-0,0.0+/-0,0.0+/-0,0.0+/-0,0.0+/-0,0.0+/-0,0.0+/-0,0.0+/-0,0.0+/-0,0.0+/-0,0.0+/-0,0.0+/-0,0.0+/-0,0.0+/-0,0.0+/-0,0.0+/-0,0.0+/-0,0.0+/-0,0.0+/-0,0.0+/-0,0.0+/-0,0.0+/-0,0.0+/-0,0.0+/-0,0.0+/-0,0.0+/-0,0.0+/-0,0.0+/-0,0.0+/-0,0.0+/-0,0.0+/-0,0.0+/-0,0.0+/-0,0.0+/-0
Curaçao,7335,16311,0,0,0.0+/-0,0.0+/-0,0.0+/-0,0.0+/-0,0.0+/-0,0.0+/-0,0.0+/-0,0.0+/-0,0.0+/-0,0.0+/-0,0.0+/-0,0.0+/-0,0.0+/-0,0.0+/-0,0.0+/-0,0.0+/-0,0.0+/-0,0.0+/-0,0.0+/-0,0.0+/-0,0.0+/-0,0.0+/-0,0.0+/-0,0.0+/-0,0.0+/-0,0.0+/-0,0.0+/-0,0.0+/-0,0.0+/-0,0.0+/-0,0.0+/-0,0.0+/-0,0.0+/-0,0.0+/-0,0.0+/-0,0.0+/-0,0.0+/-0,0.0+/-0,0.0+/-0,0.0+/-0,0.0+/-0,0.0+/-0,0.0+/-0,0.0+/-0,0.0+/-0,0.0+/-0,0.0+/-0,0.0+/-0,0.0+/-0,0.0+/-0,0.0+/-0
Cayman Islands,6197,13780,0,0,0.0+/-0,0.0+/-0,0.0+/-0,0.0+/-0,0.0+/-0,0.0+/-0,0.0+/-0,0.0+/-0,0.0+/-0,0.0+/-0,0.0+/-0,0.0+/-0,0.0+/-0,0.0+/-0,0.0+/-0,0.0+/-0,0.0+/-0,0.0+/-0,0.0+/-0,0.0+/-0,0.0+/-0,0.0+/-0,0.0+/-0,0.0+/-0,0.0+/-0,0.0+/-0,0.0+/-0,0.0+/-0,0.0+/-0,0.0+/-0,0.0+/-0,0.0+/-0,0.0+/-0,0.0+/-0,0.0+/-0,0.0+/-0,0.0+/-0,0.0+/-0,0.0+/-0,0.0+/-0,0.0+/-0,0.0+/-0,0.0+/-0,0.0+/-0,0.0+/-0,0.0+/-0,0.0+/-0,0.0+/-0,0.0+/-0,0.0+/-0,0.0+/-0
Cyprus,51821,155844,0,0,0.0+/-0,0.0+/-0,0.0+/-0,0.0+/-0,0.0+/-0,0.0+/-0,0.0+/-0,0.0+/-0,0.0+/-0,0.0+/-0,0.0+/-0,0.0+/-0,0.0+/-0,0.0+/-0,0.0+/-0,0.0+/-0,0.0+/-0,0.0+/-0,0.0+/-0,0.0+/-0,0.0+/-0,0.0+/-0,0.0+/-0,0.0+/-0,0.0+/-0,0.0+/-0,0.0+/-0,0.0+/-0,0.0+/-0,0.0+/-0,0.0+/-0,0.0+/-0,0.0+/-0,0.0+/-0,0.0+/-0,0.0+/-0,0.0+/-0,0.0+/-0,0.0+/-0,0.0+/-0,0.0+/-0,0.0+/-0,0.0+/-0,0.0+/-0,0.0+/-0,0.0+/-0,0.0+/-0,0.0+/-0,0.0+/-0,0.0+/-0,0.0+/-0
Czechia,518320,1099518,0,0,0.0+/-0,0.0+/-0,0.0+/-0,0.0+/-0,0.0+/-0,0.0+/-0,0.0+/-0,0.0+/-0,0.0+/-0,0.0+/-0,0.0+/-0,0.0+/-0,0.0+/-0,0.0+/-0,0.0+/-0,0.0+/-0,0.0+/-0,0.0+/-0,0.0+/-0,0.0+/-0,0.0+/-0,0.0+/-0,0.0+/-0,0.0+/-0,0.0+/-0,0.0+/-0,0.0+/-0,0.0+/-0,0.0+/-0,0.0+/-0,0.0+/-0,0.0+/-0,0.0+/-0,0.0+/-0,0.0+/-0,0.0+/-0,0.0+/-0,0.0+/-0,0.0+/-0,0.0+/-0,0.0+/-0,0.0+/-0,0.0+/-0,0.0+/-0,0.0+/-0,0.0+/-0,0.0+/-0,0.0+/-0,0.0+/-0,0.0+/-0,0.0+/-0
Germany,3977563,8775365,0,0,(6.3+/-1.1)e+07,(6.3+/-1.1)e+07,(6.3+/-1.1)e+07,(6.3+/-1.1)e+07,(6.3+/-1.1)e+07,(6.3+/-1.1)e+07,(6.3+/-1.1)e+07,(6.3+/-1.1)e+07,(6.3+/-1.1)e+07,(6.3+/-1.1)e+07,(6.3+/-1.1)e+07,(6.3+/-1.1)e+07,(6.3+/-1.1)e+07,(6.3+/-1.1)e+07,(6.3+/-1.1)e+07,(6.3+/-1.1)e+07,(6.3+/-1.1)e+07,(6.3+/-1.1)e+07,(6.3+/-1.1)e+07,(6.3+/-1.1)e+07,(6.3+/-1.1)e+07,(6.3+/-1.1)e+07,(6.3+/-1.1)e+07,(6.3+/-1.1)e+07,(6.3+/-1.1)e+07,(6.3+/-1.1)e+07,(6.3+/-1.1)e+07,(6.3+/-1.1)e+07,(6.3+/-1.1)e+07,(6.3+/-1.1)e+07,(6.3+/-1.1)e+07,(6.3+/-1.1)e+07,(6.3+/-1.1)e+07,(6.3+/-1.1)e+07,(6.3+/-1.1)e+07,(6.3+/-1.1)e+07,(6.3+/-1.1)e+07,(6.3+/-1.1)e+07,(6.3+/-1.1)e+07,(6.3+/-1.1)e+07,(6.3+/-1.1)e+07,(6.3+/-1.1)e+07,(6.3+/-1.1)e+07,(6.3+/-1.1)e+07,(6.3+/-1.1)e+07,(6.3+/-1.1)e+07,(6.3+/-1.1)e+07,(6.3+/-1.1)e+07,(6.3+/-1.1)e+07,(6.3+/-1.1)e+07,(6.3+/-1.1)e+07
Djibouti,21697,52090,0,0,0.0+/-0,0.0+/-0,0.0+/-0,0.0+/-0,0.0+/-0,0.0+/-0,0.0+/-0,0.0+/-0,0.0+/-0,0.0+/-0,0.0+/-0,0.0+/-0,0.0+/-0,0.0+/-0,0.0+/-0,0.0+/-0,0.0+/-0,0.0+/-0,0.0+/-0,0.0+/-0,0.0+/-0,0.0+/-0,0.0+/-0,0.0+/-0,0.0+/-0,0.0+/-0,0.0+/-0,0.0+/-0,0.0+/-0,0.0+/-0,0.0+/-0,0.0+/-0,0.0+/-0,0.0+/-0,0.0+/-0,0.0+/-0,0.0+/-0,0.0+/-0,0.0+/-0,0.0+/-0,0.0+/-0,0.0+/-0,0.0+/-0,0.0+/-0,0.0+/-0,0.0+/-0,0.0+/-0,0.0+/-0,0.0+/-0,0.0+/-0,0.0+/-0
Dominica,4551,6584,0,0,0.0+/-0,0.0+/-0,0.0+/-0,0.0+/-0,0.0+/-0,0.0+/-0,0.0+/-0,0.0+/-0,0.0+/-0,0.0+/-0,0.0+/-0,0.0+/-0,0.0+/-0,0.0+/-0,0.0+/-0,0.0+/-0,0.0+/-0,0.0+/-0,0.0+/-0,0.0+/-0,0.0+/-0,0.0+/-0,0.0+/-0,0.0+/-0,0.0+/-0,0.0+/-0,0.0+/-0,0.0+/-0,0.0+/-0,0.0+/-0,0.0+/-0,0.0+/-0,0.0+/-0,0.0+/-0,0.0+/-0,0.0+/-0,0.0+/-0,0.0+/-0,0.0+/-0,0.0+/-0,0.0+/-0,0.0+/-0,0.0+/-0,0.0+/-0,0.0+/-0,0.0+/-0,0.0+/-0,0.0+/-0,0.0+/-0,0.0+/-0,0.0+/-0
Denmark,272482,695015,0,0,0.0+/-0,0.0+/-0,0.0+/-0,0.0+/-0,0.0+/-0,0.0+/-0,0.0+/-0,0.0+/-0,0.0+/-0,0.0+/-0,0.0+/-0,0.0+/-0,0.0+/-0,0.0+/-0,0.0+/-0,0.0+/-0,0.0+/-0,0.0+/-0,0.0+/-0,0.0+/-0,0.0+/-0,0.0+/-0,0.0+/-0,0.0+/-0,0.0+/-0,0.0+/-0,0.0+/-0,0.0+/-0,0.0+/-0,0.0+/-0,0.0+/-0,0.0+/-0,0.0+/-0,0.0+/-0,0.0+/-0,0.0+/-0,0.0+/-0,0.0+/-0,0.0+/-0,0.0+/-0,0.0+/-0,0.0+/-0,0.0+/-0,0.0+/-0,0.0+/-0,0.0+/-0,0.0+/-0,0.0+/-0,0.0+/-0,0.0+/-0,0.0+/-0
Dominican Republic,370630,1133600,0,0,0.0+/-0,0.0+/-0,0.0+/-0,0.0+/-0,0.0+/-0,0.0+/-0,0.0+/-0,0.0+/-0,0.0+/-0,0.0+/-0,0.0+/-0,0.0+/-0,0.0+/-0,0.0+/-0,0.0+/-0,0.0+/-0,0.0+/-0,0.0+/-0,0.0+/-0,0.0+/-0,0.0+/-0,0.0+/-0,0.0+/-0,0.0+/-0,0.0+/-0,0.0+/-0,0.0+/-0,0.0+/-0,0.0+/-0,0.0+/-0,0.0+/-0,0.0+/-0,0.0+/-0,0.0+/-0,0.0+/-0,0.0+/-0,0.0+/-0,0.0+/-0,0.0+/-0,0.0+/-0,0.0+/-0,0.0+/-0,0.0+/-0,0.0+/-0,0.0+/-0,0.0+/-0,0.0+/-0,0.0+/-0,0.0+/-0,0.0+/-0,0.0+/-0
Algeria,1588147,3256383,0,0,0.0+/-0,0.0+/-0,0.0+/-0,0.0+/-0,0.0+/-0,0.0+/-0,0.0+/-0,0.0+/-0,0.0+/-0,0.0+/-0,0.0+/-0,0.0+/-0,0.0+/-0,0.0+/-0,0.0+/-0,0.0+/-0,0.0+/-0,0.0+/-0,0.0+/-0,0.0+/-0,0.0+/-0,0.0+/-0,0.0+/-0,0.0+/-0,0.0+/-0,0.0+/-0,0.0+/-0,0.0+/-0,0.0+/-0,0.0+/-0,0.0+/-0,0.0+/-0,0.0+/-0,0.0+/-0,0.0+/-0,0.0+/-0,0.0+/-0,0.0+/-0,0.0+/-0,0.0+/-0,0.0+/-0,0.0+/-0,0.0+/-0,0.0+/-0,0.0+/-0,0.0+/-0,0.0+/-0,0.0+/-0,0.0+/-0,0.0+/-0,0.0+/-0
Ecuador,1111154,2461923,0,0,0.0+/-0,0.0+/-0,0.0+/-0,0.0+/-0,0.0+/-0,0.0+/-0,0.0+/-0,0.0+/-0,0.0+/-0,0.0+/-0,0.0+/-0,0.0+/-0,0.0+/-0,0.0+/-0,0.0+/-0,0.0+/-0,0.0+/-0,0.0+/-0,0.0+/-0,0.0+/-0,0.0+/-0,0.0+/-0,0.0+/-0,0.0+/-0,0.0+/-0,0.0+/-0,0.0+/-0,0.0+/-0,0.0+/-0,0.0+/-0,0.0+/-0,0.0+/-0,0.0+/-0,0.0+/-0,0.0+/-0,0.0+/-0,0.0+/-0,0.0+/-0,0.0+/-0,0.0+/-0,0.0+/-0,0.0+/-0,0.0+/-0,0.0+/-0,0.0+/-0,0.0+/-0,0.0+/-0,0.0+/-0,0.0+/-0,0.0+/-0,0.0+/-0
Egypt,4017634,8766084,0,0,0.0+/-0,0.0+/-0,0.0+/-0,0.0+/-0,0.0+/-0,0.0+/-0,0.0+/-0,0.0+/-0,0.0+/-0,0.0+/-0,0.0+/-0,0.0+/-0,0.0+/-0,0.0+/-0,0.0+/-0,0.0+/-0,0.0+/-0,0.0+/-0,0.0+/-0,0.0+/-0,0.0+/-0,0.0+/-0,0.0+/-0,0.0+/-0,0.0+/-0,0.0+/-0,0.0+/-0,0.0+/-0,0.0+/-0,0.0+/-0,0.0+/-0,0.0+/-0,0.0+/-0,0.0+/-0,0.0+/-0,0.0+/-0,0.0+/-0,0.0+/-0,0.0+/-0,0.0+/-0,0.0+/-0,0.0+/-0,0.0+/-0,0.0+/-0,0.0+/-0,0.0+/-0,0.0+/-0,0.0+/-0,0.0+/-0,0.0+/-0,0.0+/-0
Eritrea,142865,365012,0,0,0.0+/-0,0.0+/-0,0.0+/-0,0.0+/-0,0.0+/-0,0.0+/-0,0.0+/-0,0.0+/-0,0.0+/-0,0.0+/-0,0.0+/-0,0.0+/-0,0.0+/-0,0.0+/-0,0.0+/-0,0.0+/-0,0.0+/-0,0.0+/-0,0.0+/-0,0.0+/-0,0.0+/-0,0.0+/-0,0.0+/-0,0.0+/-0,0.0+/-0,0.0+/-0,0.0+/-0,0.0+/-0,0.0+/-0,0.0+/-0,0.0+/-0,0.0+/-0,0.0+/-0,0.0+/-0,0.0+/-0,0.0+/-0,0.0+/-0,0.0+/-0,0.0+/-0,0.0+/-0,0.0+/-0,0.0+/-0,0.0+/-0,0.0+/-0,0.0+/-0,0.0+/-0,0.0+/-0,0.0+/-0,0.0+/-0,0.0+/-0,0.0+/-0
Spain,2101587,5688408,0,0,0.0+/-0,0.0+/-0,0.0+/-0,0.0+/-0,0.0+/-0,0.0+/-0,0.0+/-0,0.0+/-0,0.0+/-0,0.0+/-0,0.0+/-0,0.0+/-0,0.0+/-0,0.0+/-0,0.0+/-0,0.0+/-0,0.0+/-0,0.0+/-0,0.0+/-0,0.0+/-0,0.0+/-0,0.0+/-0,0.0+/-0,0.0+/-0,0.0+/-0,0.0+/-0,0.0+/-0,0.0+/-0,0.0+/-0,0.0+/-0,0.0+/-0,0.0+/-0,0.0+/-0,0.0+/-0,0.0+/-0,0.0+/-0,0.0+/-0,0.0+/-0,0.0+/-0,0.0+/-0,0.0+/-0,0.0+/-0,0.0+/-0,0.0+/-0,0.0+/-0,0.0+/-0,0.0+/-0,0.0+/-0,0.0+/-0,0.0+/-0,0.0+/-0
Estonia,57266,132048,0,0,0.0+/-0,0.0+/-0,0.0+/-0,0.0+/-0,0.0+/-0,0.0+/-0,0.0+/-0,0.0+/-0,0.0+/-0,0.0+/-0,0.0+/-0,0.0+/-0,0.0+/-0,0.0+/-0,0.0+/-0,0.0+/-0,0.0+/-0,0.0+/-0,0.0+/-0,0.0+/-0,0.0+/-0,0.0+/-0,0.0+/-0,0.0+/-0,0.0+/-0,0.0+/-0,0.0+/-0,0.0+/-0,0.0+/-0,0.0+/-0,0.0+/-0,0.0+/-0,0.0+/-0,0.0+/-0,0.0+/-0,0.0+/-0,0.0+/-0,0.0+/-0,0.0+/-0,0.0+/-0,0.0+/-0,0.0+/-0,0.0+/-0,0.0+/-0,0.0+/-0,0.0+/-0,0.0+/-0,0.0+/-0,0.0+/-0,0.0+/-0,0.0+/-0
Ethiopia,4055151,9709374,0,0,0.0+/-0,0.0+/-0,0.0+/-0,0.0+/-0,0.0+/-0,0.0+/-0,0.0+/-0,0.0+/-0,0.0+/-0,0.0+/-0,0.0+/-0,0.0+/-0,0.0+/-0,0.0+/-0,0.0+/-0,0.0+/-0,0.0+/-0,0.0+/-0,0.0+/-0,0.0+/-0,0.0+/-0,0.0+/-0,0.0+/-0,0.0+/-0,0.0+/-0,0.0+/-0,0.0+/-0,0.0+/-0,0.0+/-0,0.0+/-0,0.0+/-0,0.0+/-0,0.0+/-0,0.0+/-0,0.0+/-0,0.0+/-0,0.0+/-0,0.0+/-0,0.0+/-0,0.0+/-0,0.0+/-0,0.0+/-0,0.0+/-0,0.0+/-0,0.0+/-0,0.0+/-0,0.0+/-0,0.0+/-0,0.0+/-0,0.0+/-0,0.0+/-0
Finland,261533,611424,0,0,0.0+/-0,0.0+/-0,0.0+/-0,0.0+/-0,0.0+/-0,0.0+/-0,0.0+/-0,0.0+/-0,0.0+/-0,0.0+/-0,0.0+/-0,0.0+/-0,0.0+/-0,0.0+/-0,0.0+/-0,0.0+/-0,0.0+/-0,0.0+/-0,0.0+/-0,0.0+/-0,0.0+/-0,0.0+/-0,0.0+/-0,0.0+/-0,0.0+/-0,0.0+/-0,0.0+/-0,0.0+/-0,0.0+/-0,0.0+/-0,0.0+/-0,0.0+/-0,0.0+/-0,0.0+/-0,0.0+/-0,0.0+/-0,0.0+/-0,0.0+/-0,0.0+/-0,0.0+/-0,0.0+/-0,0.0+/-0,0.0+/-0,0.0+/-0,0.0+/-0,0.0+/-0,0.0+/-0,0.0+/-0,0.0+/-0,0.0+/-0,0.0+/-0
Fiji,40990,80032,0,0,0.0+/-0,0.0+/-0,0.0+/-0,0.0+/-0,0.0+/-0,0.0+/-0,0.0+/-0,0.0+/-0,0.0+/-0,0.0+/-0,0.0+/-0,0.0+/-0,0.0+/-0,0.0+/-0,0.0+/-0,0.0+/-0,0.0+/-0,0.0+/-0,0.0+/-0,0.0+/-0,0.0+/-0,0.0+/-0,0.0+/-0,0.0+/-0,0.0+/-0,0.0+/-0,0.0+/-0,0.0+/-0,0.0+/-0,0.0+/-0,0.0+/-0,0.0+/-0,0.0+/-0,0.0+/-0,0.0+/-0,0.0+/-0,0.0+/-0,0.0+/-0,0.0+/-0,0.0+/-0,0.0+/-0,0.0+/-0,0.0+/-0,0.0+/-0,0.0+/-0,0.0+/-0,0.0+/-0,0.0+/-0,0.0+/-0,0.0+/-0,0.0+/-0
France,2805822,6251274,0,0,(2.2+/-0.4)e+07,(2.2+/-0.4)e+07,(2.2+/-0.4)e+07,(2.2+/-0.4)e+07,(2.2+/-0.4)e+07,(2.2+/-0.4)e+07,(2.2+/-0.4)e+07,(2.2+/-0.4)e+07,(2.2+/-0.4)e+07,(2.2+/-0.4)e+07,(2.2+/-0.4)e+07,(2.2+/-0.4)e+07,(2.2+/-0.4)e+07,(2.2+/-0.4)e+07,(2.2+/-0.4)e+07,(2.2+/-0.4)e+07,(2.2+/-0.4)e+07,(2.2+/-0.4)e+07,(2.2+/-0.4)e+07,(2.2+/-0.4)e+07,(2.2+/-0.4)e+07,(2.2+/-0.4)e+07,(2.2+/-0.4)e+07,(2.2+/-0.4)e+07,(2.2+/-0.4)e+07,(2.2+/-0.4)e+07,(2.2+/-0.4)e+07,(2.2+/-0.4)e+07,(2.2+/-0.4)e+07,(2.2+/-0.4)e+07,(2.2+/-0.4)e+07,(2.2+/-0.4)e+07,(2.2+/-0.4)e+07,(2.2+/-0.4)e+07,(2.2+/-0.4)e+07,(2.2+/-0.4)e+07,(2.2+/-0.4)e+07,(2.2+/-0.4)e+07,(2.2+/-0.4)e+07,(2.2+/-0.4)e+07,(2.2+/-0.4)e+07,(2.2+/-0.4)e+07,(2.2+/-0.4)e+07,(2.2+/-0.4)e+07,(2.2+/-0.4)e+07,(2.2+/-0.4)e+07,(2.2+/-0.4)e+07,(2.2+/-0.4)e+07,(2.2+/-0.4)e+07,(2.2+/-0.4)e+07,(2.2+/-0.4)e+07
Faroe Islands,2701,6623,0,0,0.0+/-0,0.0+/-0,0.0+/-0,0.0+/-0,0.0+/-0,0.0+/-0,0.0+/-0,0.0+/-0,0.0+/-0,0.0+/-0,0.0+/-0,0.0+/-0,0.0+/-0,0.0+/-0,0.0+/-0,0.0+/-0,0.0+/-0,0.0+/-0,0.0+/-0,0.0+/-0,0.0+/-0,0.0+/-0,0.0+/-0,0.0+/-0,0.0+/-0,0.0+/-0,0.0+/-0,0.0+/-0,0.0+/-0,0.0+/-0,0.0+/-0,0.0+/-0,0.0+/-0,0.0+/-0,0.0+/-0,0.0+/-0,0.0+/-0,0.0+/-0,0.0+/-0,0.0+/-0,0.0+/-0,0.0+/-0,0.0+/-0,0.0+/-0,0.0+/-0,0.0+/-0,0.0+/-0,0.0+/-0,0.0+/-0,0.0+/-0,0.0+/-0
"Micronesia, Fed. Sts.",1393,3337,0,0,0.0+/-0,0.0+/-0,0.0+/-0,0.0+/-0,0.0+/-0,0.0+/-0,0.0+/-0,0.0+/-0,0.0+/-0,0.0+/-0,0.0+/-0,0.0+/-0,0.0+/-0,0.0+/-0,0.0+/-0,0.0+/-0,0.0+/-0,0.0+/-0,0.0+/-0,0.0+/-0,0.0+/-0,0.0+/-0,0.0+/-0,0.0+/-0,0.0+/-0,0.0+/-0,0.0+/-0,0.0+/-0,0.0+/-0,0.0+/-0,0.0+/-0,0.0+/-0,0.0+/-0,0.0+/-0,0.0+/-0,0.0+/-0,0.0+/-0,0.0+/-0,0.0+/-0,0.0+/-0,0.0+/-0,0.0+/-0,0.0+/-0,0.0+/-0,0.0+/-0,0.0+/-0,0.0+/-0,0.0+/-0,0.0+/-0,0.0+/-0,0.0+/-0
Gabon,41176,124758,0,0,0.0+/-0,0.0+/-0,0.0+/-0,0.0+/-0,0.0+/-0,0.0+/-0,0.0+/-0,0.0+/-0,0.0+/-0,0.0+/-0,0.0+/-0,0.0+/-0,0.0+/-0,0.0+/-0,0.0+/-0,0.0+/-0,0.0+/-0,0.0+/-0,0.0+/-0,0.0+/-0,0.0+/-0,0.0+/-0,0.0+/-0,0.0+/-0,0.0+/-0,0.0+/-0,0.0+/-0,0.0+/-0,0.0+/-0,0.0+/-0,0.0+/-0,0.0+/-0,0.0+/-0,0.0+/-0,0.0+/-0,0.0+/-0,0.0+/-0,0.0+/-0,0.0+/-0,0.0+/-0,0.0+/-0,0.0+/-0,0.0+/-0,0.0+/-0,0.0+/-0,0.0+/-0,0.0+/-0,0.0+/-0,0.0+/-0,0.0+/-0,0.0+/-0
United Kingdom,2713922,6872878,0,0,(2.10+/-0.35)e+07,(2.10+/-0.35)e+07,(2.10+/-0.35)e+07,(2.10+/-0.35)e+07,(2.10+/-0.35)e+07,(2.10+/-0.35)e+07,(2.10+/-0.35)e+07,(2.10+/-0.35)e+07,(2.10+/-0.35)e+07,(2.10+/-0.35)e+07,(2.10+/-0.35)e+07,(2.10+/-0.35)e+07,(2.10+/-0.35)e+07,(2.10+/-0.35)e+07,(2.10+/-0.35)e+07,(2.10+/-0.35)e+07,(2.10+/-0.35)e+07,(2.10+/-0.35)e+07,(2.10+/-0.35)e+07,(2.10+/-0.35)e+07,(2.10+/-0.35)e+07,(2.10+/-0.35)e+07,(2.10+/-0.35)e+07,(2.10+/-0.35)e+07,(2.10+/-0.35)e+07,(2.10+/-0.35)e+07,(2.10+/-0.35)e+07,(2.10+/-0.35)e+07,(2.10+/-0.35)e+07,(2.10+/-0.35)e+07,(2.10+/-0.35)e+07,(2.10+/-0.35)e+07,(2.10+/-0.35)e+07,(2.10+/-0.35)e+07,(2.10+/-0.35)e+07,(2.10+/-0.35)e+07,(2.10+/-0.35)e+07,(2.10+/-0.35)e+07,(2.10+/-0.35)e+07,(2.10+/-0.35)e+07,(2.10+/-0.35)e+07,(2.10+/-0.35)e+07,(2.10+/-0.35)e+07,(2.10+/-0.35)e+07,(2.10+/-0.35)e+07,(2.10+/-0.35)e+07,(2.10+/-0.35)e+07,(2.10+/-0.35)e+07,(2.10+/-0.35)e+07,(2.10+/-0.35)e+07,(2.10+/-0.35)e+07
Georgia,184651,349917,0,0,0.0+/-0,0.0+/-0,0.0+/-0,0.0+/-0,0.0+/-0,0.0+/-0,0.0+/-0,0.0+/-0,0.0+/-0,0.0+/-0,0.0+/-0,0.0+/-0,0.0+/-0,0.0+/-0,0.0+/-0,0.0+/-0,0.0+/-0,0.0+/-0,0.0+/-0,0.0+/-0,0.0+/-0,0.0+/-0,0.0+/-0,0.0+/-0,0.0+/-0,0.0+/-0,0.0+/-0,0.0+/-0,0.0+/-0,0.0+/-0,0.0+/-0,0.0+/-0,0.0+/-0,0.0+/-0,0.0+/-0,0.0+/-0,0.0+/-0,0.0+/-0,0.0+/-0,0.0+/-0,0.0+/-0,0.0+/-0,0.0+/-0,0.0+/-0,0.0+/-0,0.0+/-0,0.0+/-0,0.0+/-0,0.0+/-0,0.0+/-0,0.0+/-0
Ghana,1483971,3651190,0,0,0.0+/-0,0.0+/-0,0.0+/-0,0.0+/-0,0.0+/-0,0.0+/-0,0.0+/-0,0.0+/-0,0.0+/-0,0.0+/-0,0.0+/-0,0.0+/-0,0.0+/-0,0.0+/-0,0.0+/-0,0.0+/-0,0.0+/-0,0.0+/-0,0.0+/-0,0.0+/-0,0.0+/-0,0.0+/-0,0.0+/-0,0.0+/-0,0.0+/-0,0.0+/-0,0.0+/-0,0.0+/-0,0.0+/-0,0.0+/-0,0.0+/-0,0.0+/-0,0.0+/-0,0.0+/-0,0.0+/-0,0.0+/-0,0.0+/-0,0.0+/-0,0.0+/-0,0.0+/-0,0.0+/-0,0.0+/-0,0.0+/-0,0.0+/-0,0.0+/-0,0.0+/-0,0.0+/-0,0.0+/-0,0.0+/-0,0.0+/-0,0.0+/-0
Gibraltar,1812,5450,0,0,0.0+/-0,0.0+/-0,0.0+/-0,0.0+/-0,0.0+/-0,0.0+/-0,0.0+/-0,0.0+/-0,0.0+/-0,0.0+/-0,0.0+/-0,0.0+/-0,0.0+/-0,0.0+/-0,0.0+/-0,0.0+/-0,0.0+/-0,0.0+/-0,0.0+/-0,0.0+/-0,0.0+/-0,0.0+/-0,0.0+/-0,0.0+/-0,0.0+/-0,0.0+/-0,0.0+/-0,0.0+/-0,0.0+/-0,0.0+/-0,0.0+/-0,0.0+/-0,0.0+/-0,0.0+/-0,0.0+/-0,0.0+/-0,0.0+/-0,0.0+/-0,0.0+/-0,0.0+/-0,0.0+/-0,0.0+/-0,0.0+/-0,0.0+/-0,0.0+/-0,0.0+/-0,0.0+/-0,0.0+/-0,0.0+/-0,0.0+/-0,0.0+/-0
Guinea,281983,1283366,0,0,0.0+/-0,0.0+/-0,0.0+/-0,0.0+/-0,0.0+/-0,0.0+/-0,0.0+/-0,0.0+/-0,0.0+/-0,0.0+/-0,0.0+/-0,0.0+/-0,0.0+/-0,0.0+/-0,0.0+/-0,0.0+/-0,0.0+/-0,0.0+/-0,0.0+/-0,0.0+/-0,0.0+/-0,0.0+/-0,0.0+/-0,0.0+/-0,0.0+/-0,0.0+/-0,0.0+/-0,0.0+/-0,0.0+/-0,0.0+/-0,0.0+/-0,0.0+/-0,0.0+/-0,0.0+/-0,0.0+/-0,0.0+/-0,0.0+/-0,0.0+/-0,0.0+/-0,0.0+/-0,0.0+/-0,0.0+/-0,0.0+/-0,0.0+/-0,0.0+/-0,0.0+/-0,0.0+/-0,0.0+/-0,0.0+/-0,0.0+/-0,0.0+/-0
Gambia,76039,247158,0,0,0.0+/-0,0.0+/-0,0.0+/-0,0.0+/-0,0.0+/-0,0.0+/-0,0.0+/-0,0.0+/-0,0.0+/-0,0.0+/-0,0.0+/-0,0.0+/-0,0.0+/-0,0.0+/-0,0.0+/-0,0.0+/-0,0.0+/-0,0.0+/-0,0.0+/-0,0.0+/-0,0.0+/-0,0.0+/-0,0.0+/-0,0.0+/-0,0.0+/-0,0.0+/-0,0.0+/-0,0.0+/-0,0.0+/-0,0.0+/-0,0.0+/-0,0.0+/-0,0.0+/-0,0.0+/-0,0.0+/-0,0.0+/-0,0.0+/-0,0.0+/-0,0.0+/-0,0.0+/-0,0.0+/-0,0.0+/-0,0.0+/-0,0.0+/-0,0.0+/-0,0.0+/-0,0.0+/-0,0.0+/-0,0.0+/-0,0.0+/-0,0.0+/-0
Guinea-Bissau,58968,160983,0,0,0.0+/-0,0.0+/-0,0.0+/-0,0.0+/-0,0.0+/-0,0.0+/-0,0.0+/-0,0.0+/-0,0.0+/-0,0.0+/-0,0.0+/-0,0.0+/-0,0.0+/-0,0.0+/-0,0.0+/-0,0.0+/-0,0.0+/-0,0.0+/-0,0.0+/-0,0.0+/-0,0.0+/-0,0.0+/-0,0.0+/-0,0.0+/-0,0.0+/-0,0.0+/-0,0.0+/-0,0.0+/-0,0.0+/-0,0.0+/-0,0.0+/-0,0.0+/-0,0.0+/-0,0.0+/-0,0.0+/-0,0.0+/-0,0.0+/-0,0.0+/-0,0.0+/-0,0.0+/-0,0.0+/-0,0.0+/-0,0.0+/-0,0.0+/-0,0.0+/-0,0.0+/-0,0.0+/-0,0.0+/-0,0.0+/-0,0.0+/-0,0.0+/-0
Equatorial Guinea,46011,131247,0,0,0.0+/-0,0.0+/-0,0.0+/-0,0.0+/-0,0.0+/-0,0.0+/-0,0.0+/-0,0.0+/-0,0.0+/-0,0.0+/-0,0.0+/-0,0.0+/-0,0.0+/-0,0.0+/-0,0.0+/-0,0.0+/-0,0.0+/-0,0.0+/-0,0.0+/-0,0.0+/-0,0.0+/-0,0.0+/-0,0.0+/-0,0.0+/-0,0.0+/-0,0.0+/-0,0.0+/-0,0.0+/-0,0.0+/-0,0.0+/-0,0.0+/-0,0.0+/-0,0.0+/-0,0.0+/-0,0.0+/-0,0.0+/-0,0.0+/-0,0.0+/-0,0.0+/-0,0.0+/-0,0.0+/-0,0.0+/-0,0.0+/-0,0.0+/-0,0.0+/-0,0.0+/-0,0.0+/-0,0.0+/-0,0.0+/-0,0.0+/-0,0.0+/-0
Greece,460221,1163586,0,0,0.0+/-0,0.0+/-0,0.0+/-0,0.0+/-0,0.0+/-0,0.0+/-0,0.0+/-0,0.0+/-0,0.0+/-0,0.0+/-0,0.0+/-0,0.0+/-0,0.0+/-0,0.0+/-0,0.0+/-0,0.0+/-0,0.0+/-0,0.0+/-0,0.0+/-0,0.0+/-0,0.0+/-0,0.0+/-0,0.0+/-0,0.0+/-0,0.0+/-0,0.0+/-0,0.0+/-0,0.0+/-0,0.0+/-0,0.0+/-0,0.0+/-0,0.0+/-0,0.0+/-0,0.0+/-0,0.0+/-0,0.0+/-0,0.0+/-0,0.0+/-0,0.0+/-0,0.0+/-0,0.0+/-0,0.0+/-0,0.0+/-0,0.0+/-0,0.0+/-0,0.0+/-0,0.0+/-0,0.0+/-0,0.0+/-0,0.0+/-0,0.0+/-0
Grenada,3919,9654,0,0,0.0+/-0,0.0+/-0,0.0+/-0,0.0+/-0,0.0+/-0,0.0+/-0,0.0+/-0,0.0+/-0,0.0+/-0,0.0+/-0,0.0+/-0,0.0+/-0,0.0+/-0,0.0+/-0,0.0+/-0,0.0+/-0,0.0+/-0,0.0+/-0,0.0+/-0,0.0+/-0,0.0+/-0,0.0+/-0,0.0+/-0,0.0+/-0,0.0+/-0,0.0+/-0,0.0+/-0,0.0+/-0,0.0+/-0,0.0+/-0,0.0+/-0,0.0+/-0,0.0+/-0,0.0+/-0,0.0+/-0,0.0+/-0,0.0+/-0,0.0+/-0,0.0+/-0,0.0+/-0,0.0+/-0,0.0+/-0,0.0+/-0,0.0+/-0,0.0+/-0,0.0+/-0,0.0+/-0,0.0+/-0,0.0+/-0,0.0+/-0,0.0+/-0
Greenland,2432,5963,0,0,0.0+/-0,0.0+/-0,0.0+/-0,0.0+/-0,0.0+/-0,0.0+/-0,0.0+/-0,0.0+/-0,0.0+/-0,0.0+/-0,0.0+/-0,0.0+/-0,0.0+/-0,0.0+/-0,0.0+/-0,0.0+/-0,0.0+/-0,0.0+/-0,0.0+/-0,0.0+/-0,0.0+/-0,0.0+/-0,0.0+/-0,0.0+/-0,0.0+/-0,0.0+/-0,0.0+/-0,0.0+/-0,0.0+/-0,0.0+/-0,0.0+/-0,0.0+/-0,0.0+/-0,0.0+/-0,0.0+/-0,0.0+/-0,0.0+/-0,0.0+/-0,0.0+/-0,0.0+/-0,0.0+/-0,0.0+/-0,0.0+/-0,0.0+/-0,0.0+/-0,0.0+/-0,0.0+/-0,0.0+/-0,0.0+/-0,0.0+/-0,0.0+/-0
Guatemala,766164,2169325,0,0,0.0+/-0,0.0+/-0,0.0+/-0,0.0+/-0,0.0+/-0,0.0+/-0,0.0+/-0,0.0+/-0,0.0+/-0,0.0+/-0,0.0+/-0,0.0+/-0,0.0+/-0,0.0+/-0,0.0+/-0,0.0+/-0,0.0+/-0,0.0+/-0,0.0+/-0,0.0+/-0,0.0+/-0,0.0+/-0,0.0+/-0,0.0+/-0,0.0+/-0,0.0+/-0,0.0+/-0,0.0+/-0,0.0+/-0,0.0+/-0,0.0+/-0,0.0+/-0,0.0+/-0,0.0+/-0,0.0+/-0,0.0+/-0,0.0+/-0,0.0+/-0,0.0+/-0,0.0+/-0,0.0+/-0,0.0+/-0,0.0+/-0,0.0+/-0,0.0+/-0,0.0+/-0,0.0+/-0,0.0+/-0,0.0+/-0,0.0+/-0,0.0+/-0
Guam,6787,16244,0,0,0.0+/-0,0.0+/-0,0.0+/-0,0.0+/-0,0.0+/-0,0.0+/-0,0.0+/-0,0.0+/-0,0.0+/-0,0.0+/-0,0.0+/-0,0.0+/-0,0.0+/-0,0.0+/-0,0.0+/-0,0.0+/-0,0.0+/-0,0.0+/-0,0.0+/-0,0.0+/-0,0.0+/-0,0.0+/-0,0.0+/-0,0.0+/-0,0.0+/-0,0.0+/-0,0.0+/-0,0.0+/-0,0.0+/-0,0.0+/-0,0.0+/-0,0.0+/-0,0.0+/-0,0.0+/-0,0.0+/-0,0.0+/-0,0.0+/-0,0.0+/-0,0.0+/-0,0.0+/-0,0.0+/-0,0.0+/-0,0.0+/-0,0.0+/-0,0.0+/-0,0.0+/-0,0.0+/-0,0.0+/-0,0.0+/-0,0.0+/-0,0.0+/-0
Guyana,30642,79318,0,0,0.0+/-0,0.0+/-0,0.0+/-0,0.0+/-0,0.0+/-0,0.0+/-0,0.0+/-0,0.0+/-0,0.0+/-0,0.0+/-0,0.0+/-0,0.0+/-0,0.0+/-0,0.0+/-0,0.0+/-0,0.0+/-0,0.0+/-0,0.0+/-0,0.0+/-0,0.0+/-0,0.0+/-0,0.0+/-0,0.0+/-0,0.0+/-0,0.0+/-0,0.0+/-0,0.0+/-0,0.0+/-0,0.0+/-0,0.0+/-0,0.0+/-0,0.0+/-0,0.0+/-0,0.0+/-0,0.0+/-0,0.0+/-0,0.0+/-0,0.0+/-0,0.0+/-0,0.0+/-0,0.0+/-0,0.0+/-0,0.0+/-0,0.0+/-0,0.0+/-0,0.0+/-0,0.0+/-0,0.0+/-0,0.0+/-0,0.0+/-0,0.0+/-0
Hong Kong,244432,529912,0,0,0.0+/-0,0.0+/-0,0.0+/-0,0.0+/-0,0.0+/-0,0.0+/-0,0.0+/-0,0.0+/-0,0.0+/-0,0.0+/-0,0.0+/-0,0.0+/-0,0.0+/-0,0.0+/-0,0.0+/-0,0.0+/-0,0.0+/-0,0.0+/-0,0.0+/-0,0.0+/-0,0.0+/-0,0.0+/-0,0.0+/-0,0.0+/-0,0.0+/-0,0.0+/-0,0.0+/-0,0.0+/-0,0.0+/-0,0.0+/-0,0.0+/-0,0.0+/-0,0.0+/-0,0.0+/-0,0.0+/-0,0.0+/-0,0.0+/-0,0.0+/-0,0.0+/-0,0.0+/-0,0.0+/-0,0.0+/-0,0.0+/-0,0.0+/-0,0.0+/-0,0.0+/-0,0.0+/-0,0.0+/-0,0.0+/-0,0.0+/-0,0.0+/-0
Honduras,460836,1258058,0,0,0.0+/-0,0.0+/-0,0.0+/-0,0.0+/-0,0.0+/-0,0.0+/-0,0.0+/-0,0.0+/-0,0.0+/-0,0.0+/-0,0.0+/-0,0.0+/-0,0.0+/-0,0.0+/-0,0.0+/-0,0.0+/-0,0.0+/-0,0.0+/-0,0.0+/-0,0.0+/-0,0.0+/-0,0.0+/-0,0.0+/-0,0.0+/-0,0.0+/-0,0.0+/-0,0.0+/-0,0.0+/-0,0.0+/-0,0.0+/-0,0.0+/-0,0.0+/-0,0.0+/-0,0.0+/-0,0.0+/-0,0.0+/-0,0.0+/-0,0.0+/-0,0.0+/-0,0.0+/-0,0.0+/-0,0.0+/-0,0.0+/-0,0.0+/-0,0.0+/-0,0.0+/-0,0.0+/-0,0.0+/-0,0.0+/-0,0.0+/-0,0.0+/-0
Croatia,158487,364581,0,0,0.0+/-0,0.0+/-0,0.0+/-0,0.0+/-0,0.0+/-0,0.0+/-0,0.0+/-0,0.0+/-0,0.0+/-0,0.0+/-0,0.0+/-0,0.0+/-0,0.0+/-0,0.0+/-0,0.0+/-0,0.0+/-0,0.0+/-0,0.0+/-0,0.0+/-0,0.0+/-0,0.0+/-0,0.0+/-0,0.0+/-0,0.0+/-0,0.0+/-0,0.0+/-0,0.0+/-0,0.0+/-0,0.0+/-0,0.0+/-0,0.0+/-0,0.0+/-0,0.0+/-0,0.0+/-0,0.0+/-0,0.0+/-0,0.0+/-0,0.0+/-0,0.0+/-0,0.0+/-0,0.0+/-0,0.0+/-0,0.0+/-0,0.0+/-0,0.0+/-0,0.0+/-0,0.0+/-0,0.0+/-0,0.0+/-0,0.0+/-0,0.0+/-0
Haiti,565864,1544778,0,0,0.0+/-0,0.0+/-0,0.0+/-0,0.0+/-0,0.0+/-0,0.0+/-0,0.0+/-0,0.0+/-0,0.0+/-0,0.0+/-0,0.0+/-0,0.0+/-0,0.0+/-0,0.0+/-0,0.0+/-0,0.0+/-0,0.0+/-0,0.0+/-0,0.0+/-0,0.0+/-0,0.0+/-0,0.0+/-0,0.0+/-0,0.0+/-0,0.0+/-0,0.0+/-0,0.0+/-0,0.0+/-0,0.0+/-0,0.0+/-0,0.0+/-0,0.0+/-0,0.0+/-0,0.0+/-0,0.0+/-0,0.0+/-0,0.0+/-0,0.0+/-0,0.0+/-0,0.0+/-0,0.0+/-0,0.0+/-0,0.0+/-0,0.0+/-0,0.0+/-0,0.0+/-0,0.0+/-0,0.0+/-0,0.0+/-0,0.0+/-0,0.0+/-0
Hungary,449458,990582,0,0,0.0+/-0,0.0+/-0,0.0+/-0,0.0+/-0,0.0+/-0,0.0+/-0,0.0+/-0,0.0+/-0,0.0+/-0,0.0+/-0,0.0+/-0,0.0+/-0,0.0+/-0,0.0+/-0,0.0+/-0,0.0+/-0,0.0+/-0,0.0+/-0,0.0+/-0,0.0+/-0,0.0+/-0,0.0+/-0,0.0+/-0,0.0+/-0,0.0+/-0,0.0+/-0,0.0+/-0,0.0+/-0,0.0+/-0,0.0+/-0,0.0+/-0,0.0+/-0,0.0+/-0,0.0+/-0,0.0+/-0,0.0+/-0,0.0+/-0,0.0+/-0,0.0+/-0,0.0+/-0,0.0+/-0,0.0+/-0,0.0+/-0,0.0+/-0,0.0+/-0,0.0+/-0,0.0+/-0,0.0+/-0,0.0+/-0,0.0+/-0,0.0+/-0
Indonesia,17637316,44160362,0,0,0.0+/-0,0.0+/-0,0.0+/-0,0.0+/-0,0.0+/-0,0.0+/-0,0.0+/-0,0.0+/-0,0.0+/-0,0.0+/-0,0.0+/-0,0.0+/-0,0.0+/-0,0.0+/-0,0.0+/-0,0.0+/-0,0.0+/-0,0.0+/-0,0.0+/-0,0.0+/-0,0.0+/-0,0.0+/-0,0.0+/-0,0.0+/-0,0.0+/-0,0.0+/-0,0.0+/-0,0.0+/-0,0.0+/-0,0.0+/-0,0.0+/-0,0.0+/-0,0.0+/-0,0.0+/-0,0.0+/-0,0.0+/-0,0.0+/-0,0.0+/-0,0.0+/-0,0.0+/-0,0.0+/-0,0.0+/-0,0.0+/-0,0.0+/-0,0.0+/-0,0.0+/-0,0.0+/-0,0.0+/-0,0.0+/-0,0.0+/-0,0.0+/-0
Isle of Man,2802,7097,0,0,0.0+/-0,0.0+/-0,0.0+/-0,0.0+/-0,0.0+/-0,0.0+/-0,0.0+/-0,0.0+/-0,0.0+/-0,0.0+/-0,0.0+/-0,0.0+/-0,0.0+/-0,0.0+/-0,0.0+/-0,0.0+/-0,0.0+/-0,0.0+/-0,0.0+/-0,0.0+/-0,0.0+/-0,0.0+/-0,0.0+/-0,0.0+/-0,0.0+/-0,0.0+/-0,0.0+/-0,0.0+/-0,0.0+/-0,0.0+/-0,0.0+/-0,0.0+/-0,0.0+/-0,0.0+/-0,0.0+/-0,0.0+/-0,0.0+/-0,0.0+/-0,0.0+/-0,0.0+/-0,0.0+/-0,0.0+/-0,0.0+/-0,0.0+/-0,0.0+/-0,0.0+/-0,0.0+/-0,0.0+/-0,0.0+/-0,0.0+/-0,0.0+/-0
India,96752402,158953942,0,0,0.0+/-0,0.0+/-0,0.0+/-0,0.0+/-0,0.0+/-0,0.0+/-0,0.0+/-0,0.0+/-0,0.0+/-0,0.0+/-0,0.0+/-0,0.0+/-0,0.0+/-0,0.0+/-0,0.0+/-0,0.0+/-0,0.0+/-0,0.0+/-0,0.0+/-0,0.0+/-0,0.0+/-0,0.0+/-0,0.0+/-0,0.0+/-0,0.0+/-0,0.0+/-0,0.0+/-0,0.0+/-0,0.0+/-0,0.0+/-0,0.0+/-0,0.0+/-0,0.0+/-0,0.0+/-0,0.0+/-0,0.0+/-0,0.0+/-0,0.0+/-0,0.0+/-0,0.0+/-0,0.0+/-0,0.0+/-0,0.0+/-0,0.0+/-0,0.0+/-0,0.0+/-0,0.0+/-0,0.0+/-0,0.0+/-0,0.0+/-0,0.0+/-0
Ireland,241598,604978,0,0,0.0+/-0,0.0+/-0,0.0+/-0,0.0+/-0,0.0+/-0,0.0+/-0,0.0+/-0,0.0+/-0,0.0+/-0,0.0+/-0,0.0+/-0,0.0+/-0,0.0+/-0,0.0+/-0,0.0+/-0,0.0+/-0,0.0+/-0,0.0+/-0,0.0+/-0,0.0+/-0,0.0+/-0,0.0+/-0,0.0+/-0,0.0+/-0,0.0+/-0,0.0+/-0,0.0+/-0,0.0+/-0,0.0+/-0,0.0+/-0,0.0+/-0,0.0+/-0,0.0+/-0,0.0+/-0,0.0+/-0,0.0+/-0,0.0+/-0,0.0+/-0,0.0+/-0,0.0+/-0,0.0+/-0,0.0+/-0,0.0+/-0,0.0+/-0,0.0+/-0,0.0+/-0,0.0+/-0,0.0+/-0,0.0+/-0,0.0+/-0,0.0+/-0
Iran,3169421,7101985,0,0,0.0+/-0,0.0+/-0,0.0+/-0,0.0+/-0,0.0+/-0,0.0+/-0,0.0+/-0,0.0+/-0,0.0+/-0,0.0+/-0,0.0+/-0,0.0+/-0,0.0+/-0,0.0+/-0,0.0+/-0,0.0+/-0,0.0+/-0,0.0+/-0,0.0+/-0,0.0+/-0,0.0+/-0,0.0+/-0,0.0+/-0,0.0+/-0,0.0+/-0,0.0+/-0,0.0+/-0,0.0+/-0,0.0+/-0,0.0+/-0,0.0+/-0,0.0+/-0,0.0+/-0,0.0+/-0,0.0+/-0,0.0+/-0,0.0+/-0,0.0+/-0,0.0+/-0,0.0+/-0,0.0+/-0,0.0+/-0,0.0+/-0,0.0+/-0,0.0+/-0,0.0+/-0,0.0+/-0,0.0+/-0,0.0+/-0,0.0+/-0,0.0+/-0
Iraq,1542174,3358641,0,0,0.0+/-0,0.0+/-0,0.0+/-0,0.0+/-0,0.0+/-0,0.0+/-0,0.0+/-0,0.0+/-0,0.0+/-0,0.0+/-0,0.0+/-0,0.0+/-0,0.0+/-0,0.0+/-0,0.0+/-0,0.0+/-0,0.0+/-0,0.0+/-0,0.0+/-0,0.0+/-0,0.0+/-0,0.0+/-0,0.0+/-0,0.0+/-0,0.0+/-0,0.0+/-0,0.0+/-0,0.0+/-0,0.0+/-0,0.0+/-0,0.0+/-0,0.0+/-0,0.0+/-0,0.0+/-0,0.0+/-0,0.0+/-0,0.0+/-0,0.0+/-0,0.0+/-0,0.0+/-0,0.0+/-0,0.0+/-0,0.0+/-0,0.0+/-0,0.0+/-0,0.0+/-0,0.0+/-0,0.0+/-0,0.0+/-0,0.0+/-0,0.0+/-0
Iceland,20807,51010,0,0,0.0+/-0,0.0+/-0,0.0+/-0,0.0+/-0,0.0+/-0,0.0+/-0,0.0+/-0,0.0+/-0,0.0+/-0,0.0+/-0,0.0+/-0,0.0+/-0,0.0+/-0,0.0+/-0,0.0+/-0,0.0+/-0,0.0+/-0,0.0+/-0,0.0+/-0,0.0+/-0,0.0+/-0,0.0+/-0,0.0+/-0,0.0+/-0,0.0+/-0,0.0+/-0,0.0+/-0,0.0+/-0,0.0+/-0,0.0+/-0,0.0+/-0,0.0+/-0,0.0+/-0,0.0+/-0,0.0+/-0,0.0+/-0,0.0+/-0,0.0+/-0,0.0+/-0,0.0+/-0,0.0+/-0,0.0+/-0,0.0+/-0,0.0+/-0,0.0+/-0,0.0+/-0,0.0+/-0,0.0+/-0,0.0+/-0,0.0+/-0,0.0+/-0
Israel,327135,802751,0,0,0.0+/-0,0.0+/-0,0.0+/-0,0.0+/-0,0.0+/-0,0.0+/-0,0.0+/-0,0.0+/-0,0.0+/-0,0.0+/-0,0.0+/-0,0.0+/-0,0.0+/-0,0.0+/-0,0.0+/-0,0.0+/-0,0.0+/-0,0.0+/-0,0.0+/-0,0.0+/-0,0.0+/-0,0.0+/-0,0.0+/-0,0.0+/-0,0.0+/-0,0.0+/-0,0.0+/-0,0.0+/-0,0.0+/-0,0.0+/-0,0.0+/-0,0.0+/-0,0.0+/-0,0.0+/-0,0.0+/-0,0.0+/-0,0.0+/-0,0.0+/-0,0.0+/-0,0.0+/-0,0.0+/-0,0.0+/-0,0.0+/-0,0.0+/-0,0.0+/-0,0.0+/-0,0.0+/-0,0.0+/-0,0.0+/-0,0.0+/-0,0.0+/-0
Italy,2171257,5413727,0,0,0.0+/-0,0.0+/-0,0.0+/-0,0.0+/-0,0.0+/-0,0.0+/-0,0.0+/-0,0.0+/-0,0.0+/-0,0.0+/-0,0.0+/-0,0.0+/-0,0.0+/-0,0.0+/-0,0.0+/-0,0.0+/-0,0.0+/-0,0.0+/-0,0.0+/-0,0.0+/-0,0.0+/-0,0.0+/-0,0.0+/-0,0.0+/-0,0.0+/-0,0.0+/-0,0.0+/-0,0.0+/-0,0.0+/-0,0.0+/-0,0.0+/-0,0.0+/-0,0.0+/-0,0.0+/-0,0.0+/-0,0.0+/-0,0.0+/-0,0.0+/-0,0.0+/-0,0.0+/-0,0.0+/-0,0.0+/-0,0.0+/-0,0.0+/-0,0.0+/-0,0.0+/-0,0.0+/-0,0.0+/-0,0.0+/-0,0.0+/-0,0.0+/-0
Jamaica,123034,332889,0,0,0.0+/-0,0.0+/-0,0.0+/-0,0.0+/-0,0.0+/-0,0.0+/-0,0.0+/-0,0.0+/-0,0.0+/-0,0.0+/-0,0.0+/-0,0.0+/-0,0.0+/-0,0.0+/-0,0.0+/-0,0.0+/-0,0.0+/-0,0.0+/-0,0.0+/-0,0.0+/-0,0.0+/-0,0.0+/-0,0.0+/-0,0.0+/-0,0.0+/-0,0.0+/-0,0.0+/-0,0.0+/-0,0.0+/-0,0.0+/-0,0.0+/-0,0.0+/-0,0.0+/-0,0.0+/-0,0.0+/-0,0.0+/-0,0.0+/-0,0.0+/-0,0.0+/-0,0.0+/-0,0.0+/-0,0.0+/-0,0.0+/-0,0.0+/-0,0.0+/-0,0.0+/-0,0.0+/-0,0.0+/-0,0.0+/-0,0.0+/-0,0.0+/-0
Jordan,306243,815628,0,0,0.0+/-0,0.0+/-0,0.0+/-0,0.0+/-0,0.0+/-0,0.0+/-0,0.0+/-0,0.0+/-0,0.0+/-0,0.0+/-0,0.0+/-0,0.0+/-0,0.0+/-0,0.0+/-0,0.0+/-0,0.0+/-0,0.0+/-0,0.0+/-0,0.0+/-0,0.0+/-0,0.0+/-0,0.0+/-0,0.0+/-0,0.0+/-0,0.0+/-0,0.0+/-0,0.0+/-0,0.0+/-0,0.0+/-0,0.0+/-0,0.0+/-0,0.0+/-0,0.0+/-0,0.0+/-0,0.0+/-0,0.0+/-0,0.0+/-0,0.0+/-0,0.0+/-0,0.0+/-0,0.0+/-0,0.0+/-0,0.0+/-0,0.0+/-0,0.0+/-0,0.0+/-0,0.0+/-0,0.0+/-0,0.0+/-0,0.0+/-0,0.0+/-0
Japan,5360183,15020688,0,0,(6.1+/-1.0)e+07,(6.1+/-1.0)e+07,(6.1+/-1.0)e+07,(6.1+/-1.0)e+07,(6.1+/-1.0)e+07,(6.1+/-1.0)e+07,(6.1+/-1.0)e+07,(6.1+/-1.0)e+07,(6.1+/-1.0)e+07,(6.1+/-1.0)e+07,(6.1+/-1.0)e+07,(6.1+/-1.0)e+07,(6.1+/-1.0)e+07,(6.1+/-1.0)e+07,(6.1+/-1.0)e+07,(6.1+/-1.0)e+07,(6.1+/-1.0)e+07,(6.1+/-1.0)e+07,(6.1+/-1.0)e+07,(6.1+/-1.0)e+07,(6.1+/-1.0)e+07,(6.1+/-1.0)e+07,(6.1+/-1.0)e+07,(6.1+/-1.0)e+07,(6.1+/-1.0)e+07,(6.1+/-1.0)e+07,(6.1+/-1.0)e+07,(6.1+/-1.0)e+07,(6.1+/-1.0)e+07,(6.1+/-1.0)e+07,(6.1+/-1.0)e+07,(6.1+/-1.0)e+07,(6.1+/-1.0)e+07,(6.1+/-1.0)e+07,(6.1+/-1.0)e+07,(6.1+/-1.0)e+07,(6.1+/-1.0)e+07,(6.1+/-1.0)e+07,(6.1+/-1.0)e+07,(6.1+/-1.0)e+07,(6.1+/-1.0)e+07,(6.1+/-1.0)e+07,(6.1+/-1.0)e+07,(6.1+/-1.0)e+07,(6.1+/-1.0)e+07,(6.1+/-1.0)e+07,(6.1+/-1.0)e+07,(6.1+/-1.0)e+07,(6.1+/-1.0)e+07,(6.1+/-1.0)e+07,(6.1+/-1.0)e+07
Kazakhstan,1039296,1969480,0,0,0.0+/-0,0.0+/-0,0.0+/-0,0.0+/-0,0.0+/-0,0.0+/-0,0.0+/-0,0.0+/-0,0.0+/-0,0.0+/-0,0.0+/-0,0.0+/-0,0.0+/-0,0.0+/-0,0.0+/-0,0.0+/-0,0.0+/-0,0.0+/-0,0.0+/-0,0.0+/-0,0.0+/-0,0.0+/-0,0.0+/-0,0.0+/-0,0.0+/-0,0.0+/-0,0.0+/-0,0.0+/-0,0.0+/-0,0.0+/-0,0.0+/-0,0.0+/-0,0.0+/-0,0.0+/-0,0.0+/-0,0.0+/-0,0.0+/-0,0.0+/-0,0.0+/-0,0.0+/-0,0.0+/-0,0.0+/-0,0.0+/-0,0.0+/-0,0.0+/-0,0.0+/-0,0.0+/-0,0.0+/-0,0.0+/-0,0.0+/-0,0.0+/-0
Kenya,3465888,5334131,0,0,0.0+/-0,0.0+/-0,0.0+/-0,0.0+/-0,0.0+/-0,0.0+/-0,0.0+/-0,0.0+/-0,0.0+/-0,0.0+/-0,0.0+/-0,0.0+/-0,0.0+/-0,0.0+/-0,0.0+/-0,0.0+/-0,0.0+/-0,0.0+/-0,0.0+/-0,0.0+/-0,0.0+/-0,0.0+/-0,0.0+/-0,0.0+/-0,0.0+/-0,0.0+/-0,0.0+/-0,0.0+/-0,0.0+/-0,0.0+/-0,0.0+/-0,0.0+/-0,0.0+/-0,0.0+/-0,0.0+/-0,0.0+/-0,0.0+/-0,0.0+/-0,0.0+/-0,0.0+/-0,0.0+/-0,0.0+/-0,0.0+/-0,0.0+/-0,0.0+/-0,0.0+/-0,0.0+/-0,0.0+/-0,0.0+/-0,0.0+/-0,0.0+/-0
Kyrgyzstan,391908,843923,0,0,0.0+/-0,0.0+/-0,0.0+/-0,0.0+/-0,0.0+/-0,0.0+/-0,0.0+/-0,0.0+/-0,0.0+/-0,0.0+/-0,0.0+/-0,0.0+/-0,0.0+/-0,0.0+/-0,0.0+/-0,0.0+/-0,0.0+/-0,0.0+/-0,0.0+/-0,0.0+/-0,0.0+/-0,0.0+/-0,0.0+/-0,0.0+/-0,0.0+/-0,0.0+/-0,0.0+/-0,0.0+/-0,0.0+/-0,0.0+/-0,0.0+/-0,0.0+/-0,0.0+/-0,0.0+/-0,0.0+/-0,0.0+/-0,0.0+/-0,0.0+/-0,0.0+/-0,0.0+/-0,0.0+/-0,0.0+/-0,0.0+/-0,0.0+/-0,0.0+/-0,0.0+/-0,0.0+/-0,0.0+/-0,0.0+/-0,0.0+/-0,0.0+/-0
Cambodia,1147751,2767705,0,0,0.0+/-0,0.0+/-0,0.0+/-0,0.0+/-0,0.0+/-0,0.0+/-0,0.0+/-0,0.0+/-0,0.0+/-0,0.0+/-0,0.0+/-0,0.0+/-0,0.0+/-0,0.0+/-0,0.0+/-0,0.0+/-0,0.0+/-0,0.0+/-0,0.0+/-0,0.0+/-0,0.0+/-0,0.0+/-0,0.0+/-0,0.0+/-0,0.0+/-0,0.0+/-0,0.0+/-0,0.0+/-0,0.0+/-0,0.0+/-0,0.0+/-0,0.0+/-0,0.0+/-0,0.0+/-0,0.0+/-0,0.0+/-0,0.0+/-0,0.0+/-0,0.0+/-0,0.0+/-0,0.0+/-0,0.0+/-0,0.0+/-0,0.0+/-0,0.0+/-0,0.0+/-0,0.0+/-0,0.0+/-0,0.0+/-0,0.0+/-0,0.0+/-0
Kiribati,4290,10517,0,0,0.0+/-0,0.0+/-0,0.0+/-0,0.0+/-0,0.0+/-0,0.0+/-0,0.0+/-0,0.0+/-0,0.0+/-0,0.0+/-0,0.0+/-0,0.0+/-0,0.0+/-0,0.0+/-0,0.0+/-0,0.0+/-0,0.0+/-0,0.0+/-0,0.0+/-0,0.0+/-0,0.0+/-0,0.0+/-0,0.0+/-0,0.0+/-0,0.0+/-0,0.0+/-0,0.0+/-0,0.0+/-0,0.0+/-0,0.0+/-0,0.0+/-0,0.0+/-0,0.0+/-0,0.0+/-0,0.0+/-0,0.0+/-0,0.0+/-0,0.0+/-0,0.0+/-0,0.0+/-0,0.0+/-0,0.0+/-0,0.0+/-0,0.0+/-0,0.0+/-0,0.0+/-0,0.0+/-0,0.0+/-0,0.0+/-0,0.0+/-0,0.0+/-0
St. Kitts and Nevis,3047,4408,0,0,0.0+/-0,0.0+/-0,0.0+/-0,0.0+/-0,0.0+/-0,0.0+/-0,0.0+/-0,0.0+/-0,0.0+/-0,0.0+/-0,0.0+/-0,0.0+/-0,0.0+/-0,0.0+/-0,0.0+/-0,0.0+/-0,0.0+/-0,0.0+/-0,0.0+/-0,0.0+/-0,0.0+/-0,0.0+/-0,0.0+/-0,0.0+/-0,0.0+/-0,0.0+/-0,0.0+/-0,0.0+/-0,0.0+/-0,0.0+/-0,0.0+/-0,0.0+/-0,0.0+/-0,0.0+/-0,0.0+/-0,0.0+/-0,0.0+/-0,0.0+/-0,0.0+/-0,0.0+/-0,0.0+/-0,0.0+/-0,0.0+/-0,0.0+/-0,0.0+/-0,0.0+/-0,0.0+/-0,0.0+/-0,0.0+/-0,0.0+/-0,0.0+/-0
South Korea,2848710,6830689,0,0,0.0+/-0,0.0+/-0,0.0+/-0,0.0+/-0,0.0+/-0,0.0+/-0,0.0+/-0,0.0+/-0,0.0+/-0,0.0+/-0,0.0+/-0,0.0+/-0,0.0+/-0,0.0+/-0,0.0+/-0,0.0+/-0,0.0+/-0,0.0+/-0,0.0+/-0,0.0+/-0,0.0+/-0,0.0+/-0,0.0+/-0,0.0+/-0,0.0+/-0,0.0+/-0,0.0+/-0,0.0+/-0,0.0+/-0,0.0+/-0,0.0+/-0,0.0+/-0,0.0+/-0,0.0+/-0,0.0+/-0,0.0+/-0,0.0+/-0,0.0+/-0,0.0+/-0,0.0+/-0,0.0+/-0,0.0+/-0,0.0+/-0,0.0+/-0,0.0+/-0,0.0+/-0,0.0+/-0,0.0+/-0,0.0+/-0,0.0+/-0,0.0+/-0
Kuwait,210483,559262,0,0,0.0+/-0,0.0+/-0,0.0+/-0,0.0+/-0,0.0+/-0,0.0+/-0,0.0+/-0,0.0+/-0,0.0+/-0,0.0+/-0,0.0+/-0,0.0+/-0,0.0+/-0,0.0+/-0,0.0+/-0,0.0+/-0,0.0+/-0,0.0+/-0,0.0+/-0,0.0+/-0,0.0+/-0,0.0+/-0,0.0+/-0,0.0+/-0,0.0+/-0,0.0+/-0,0.0+/-0,0.0+/-0,0.0+/-0,0.0+/-0,0.0+/-0,0.0+/-0,0.0+/-0,0.0+/-0,0.0+/-0,0.0+/-0,0.0+/-0,0.0+/-0,0.0+/-0,0.0+/-0,0.0+/-0,0.0+/-0,0.0+/-0,0.0+/-0,0.0+/-0,0.0+/-0,0.0+/-0,0.0+/-0,0.0+/-0,0.0+/-0,0.0+/-0
Laos,511234,859914,0,0,0.0+/-0,0.0+/-0,0.0+/-0,0.0+/-0,0.0+/-0,0.0+/-0,0.0+/-0,0.0+/-0,0.0+/-0,0.0+/-0,0.0+/-0,0.0+/-0,0.0+/-0,0.0+/-0,0.0+/-0,0.0+/-0,0.0+/-0,0.0+/-0,0.0+/-0,0.0+/-0,0.0+/-0,0.0+/-0,0.0+/-0,0.0+/-0,0.0+/-0,0.0+/-0,0.0+/-0,0.0+/-0,0.0+/-0,0.0+/-0,0.0+/-0,0.0+/-0,0.0+/-0,0.0+/-0,0.0+/-0,0.0+/-0,0.0+/-0,0.0+/-0,0.0+/-0,0.0+/-0,0.0+/-0,0.0+/-0,0.0+/-0,0.0+/-0,0.0+/-0,0.0+/-0,0.0+/-0,0.0+/-0,0.0+/-0,0.0+/-0,0.0+/-0
Lebanon,175131,484188,0,0,0.0+/-0,0.0+/-0,0.0+/-0,0.0+/-0,0.0+/-0,0.0+/-0,0.0+/-0,0.0+/-0,0.0+/-0,0.0+/-0,0.0+/-0,0.0+/-0,0.0+/-0,0.0+/-0,0.0+/-0,0.0+/-0,0.0+/-0,0.0+/-0,0.0+/-0,0.0+/-0,0.0+/-0,0.0+/-0,0.0+/-0,0.0+/-0,0.0+/-0,0.0+/-0,0.0+/-0,0.0+/-0,0.0+/-0,0.0+/-0,0.0+/-0,0.0+/-0,0.0+/-0,0.0+/-0,0.0+/-0,0.0+/-0,0.0+/-0,0.0+/-0,0.0+/-0,0.0+/-0,0.0+/-0,0.0+/-0,0.0+/-0,0.0+/-0,0.0+/-0,0.0+/-0,0.0+/-0,0.0+/-0,0.0+/-0,0.0+/-0,0.0+/-0
Liberia,148824,436151,0,0,0.0+/-0,0.0+/-0,0.0+/-0,0.0+/-0,0.0+/-0,0.0+/-0,0.0+/-0,0.0+/-0,0.0+/-0,0.0+/-0,0.0+/-0,0.0+/-0,0.0+/-0,0.0+/-0,0.0+/-0,0.0+/-0,0.0+/-0,0.0+/-0,0.0+/-0,0.0+/-0,0.0+/-0,0.0+/-0,0.0+/-0,0.0+/-0,0.0+/-0,0.0+/-0,0.0+/-0,0.0+/-0,0.0+/-0,0.0+/-0,0.0+/-0,0.0+/-0,0.0+/-0,0.0+/-0,0.0+/-0,0.0+/-0,0.0+/-0,0.0+/-0,0.0+/-0,0.0+/-0,0.0+/-0,0.0+/-0,0.0+/-0,0.0+/-0,0.0+/-0,0.0+/-0,0.0+/-0,0.0+/-0,0.0+/-0,0.0+/-0,0.0+/-0
Libya,307911,644830,0,0,0.0+/-0,0.0+/-0,0.0+/-0,0.0+/-0,0.0+/-0,0.0+/-0,0.0+/-0,0.0+/-0,0.0+/-0,0.0+/-0,0.0+/-0,0.0+/-0,0.0+/-0,0.0+/-0,0.0+/-0,0.0+/-0,0.0+/-0,0.0+/-0,0.0+/-0,0.0+/-0,0.0+/-0,0.0+/-0,0.0+/-0,0.0+/-0,0.0+/-0,0.0+/-0,0.0+/-0,0.0+/-0,0.0+/-0,0.0+/-0,0.0+/-0,0.0+/-0,0.0+/-0,0.0+/-0,0.0+/-0,0.0+/-0,0.0+/-0,0.0+/-0,0.0+/-0,0.0+/-0,0.0+/-0,0.0+/-0,0.0+/-0,0.0+/-0,0.0+/-0,0.0+/-0,0.0+/-0,0.0+/-0,0.0+/-0,0.0+/-0,0.0+/-0
St. Lucia,14228,20582,0,0,0.0+/-0,0.0+/-0,0.0+/-0,0.0+/-0,0.0+/-0,0.0+/-0,0.0+/-0,0.0+/-0,0.0+/-0,0.0+/-0,0.0+/-0,0.0+/-0,0.0+/-0,0.0+/-0,0.0+/-0,0.0+/-0,0.0+/-0,0.0+/-0,0.0+/-0,0.0+/-0,0.0+/-0,0.0+/-0,0.0+/-0,0.0+/-0,0.0+/-0,0.0+/-0,0.0+/-0,0.0+/-0,0.0+/-0,0.0+/-0,0.0+/-0,0.0+/-0,0.0+/-0,0.0+/-0,0.0+/-0,0.0+/-0,0.0+/-0,0.0+/-0,0.0+/-0,0.0+/-0,0.0+/-0,0.0+/-0,0.0+/-0,0.0+/-0,0.0+/-0,0.0+/-0,0.0+/-0,0.0+/-0,0.0+/-0,0.0+/-0,0.0+/-0
Liechtenstein,1395,4196,0,0,0.0+/-0,0.0+/-0,0.0+/-0,0.0+/-0,0.0+/-0,0.0+/-0,0.0+/-0,0.0+/-0,0.0+/-0,0.0+/-0,0.0+/-0,0.0+/-0,0.0+/-0,0.0+/-0,0.0+/-0,0.0+/-0,0.0+/-0,0.0+/-0,0.0+/-0,0.0+/-0,0.0+/-0,0.0+/-0,0.0+/-0,0.0+/-0,0.0+/-0,0.0+/-0,0.0+/-0,0.0+/-0,0.0+/-0,0.0+/-0,0.0+/-0,0.0+/-0,0.0+/-0,0.0+/-0,0.0+/-0,0.0+/-0,0.0+/-0,0.0+/-0,0.0+/-0,0.0+/-0,0.0+/-0,0.0+/-0,0.0+/-0,0.0+/-0,0.0+/-0,0.0+/-0,0.0+/-0,0.0+/-0,0.0+/-0,0.0+/-0,0.0+/-0
Sri Lanka,997155,1920691,0,0,0.0+/-0,0.0+/-0,0.0+/-0,0.0+/-0,0.0+/-0,0.0+/-0,0.0+/-0,0.0+/-0,0.0+/-0,0.0+/-0,0.0+/-0,0.0+/-0,0.0+/-0,0.0+/-0,0.0+/-0,0.0+/-0,0.0+/-0,0.0+/-0,0.0+/-0,0.0+/-0,0.0+/-0,0.0+/-0,0.0+/-0,0.0+/-0,0.0+/-0,0.0+/-0,0.0+/-0,0.0+/-0,0.0+/-0,0.0+/-0,0.0+/-0,0.0+/-0,0.0+/-0,0.0+/-0,0.0+/-0,0.0+/-0,0.0+/-0,0.0+/-0,0.0+/-0,0.0+/-0,0.0+/-0,0.0+/-0,0.0+/-0,0.0+/-0,0.0+/-0,0.0+/-0,0.0+/-0,0.0+/-0,0.0+/-0,0.0+/-0,0.0+/-0
Lesotho,62094,175504,0,0,0.0+/-0,0.0+/-0,0.0+/-0,0.0+/-0,0.0+/-0,0.0+/-0,0.0+/-0,0.0+/-0,0.0+/-0,0.0+/-0,0.0+/-0,0.0+/-0,0.0+/-0,0.0+/-0,0.0+/-0,0.0+/-0,0.0+/-0,0.0+/-0,0.0+/-0,0.0+/-0,0.0+/-0,0.0+/-0,0.0+/-0,0.0+/-0,0.0+/-0,0.0+/-0,0.0+/-0,0.0+/-0,0.0+/-0,0.0+/-0,0.0+/-0,0.0+/-0,0.0+/-0,0.0+/-0,0.0+/-0,0.0+/-0,0.0+/-0,0.0+/-0,0.0+/-0,0.0+/-0,0.0+/-0,0.0+/-0,0.0+/-0,0.0+/-0,0.0+/-0,0.0+/-0,0.0+/-0,0.0+/-0,0.0+/-0,0.0+/-0,0.0+/-0
Lithuania,121780,283456,0,0,0.0+/-0,0.0+/-0,0.0+/-0,0.0+/-0,0.0+/-0,0.0+/-0,0.0+/-0,0.0+/-0,0.0+/-0,0.0+/-0,0.0+/-0,0.0+/-0,0.0+/-0,0.0+/-0,0.0+/-0,0.0+/-0,0.0+/-0,0.0+/-0,0.0+/-0,0.0+/-0,0.0+/-0,0.0+/-0,0.0+/-0,0.0+/-0,0.0+/-0,0.0+/-0,0.0+/-0,0.0+/-0,0.0+/-0,0.0+/-0,0.0+/-0,0.0+/-0,0.0+/-0,0.0+/-0,0.0+/-0,0.0+/-0,0.0+/-0,0.0+/-0,0.0+/-0,0.0+/-0,0.0+/-0,0.0+/-0,0.0+/-0,0.0+/-0,0.0+/-0,0.0+/-0,0.0+/-0,0.0+/-0,0.0+/-0,0.0+/-0,0.0+/-0
Luxembourg,17868,43118,0,0,0.0+/-0,0.0+/-0,0.0+/-0,0.0+/-0,0.0+/-0,0.0+/-0,0.0+/-0,0.0+/-0,0.0+/-0,0.0+/-0,0.0+/-0,0.0+/-0,0.0+/-0,0.0+/-0,0.0+/-0,0.0+/-0,0.0+/-0,0.0+/-0,0.0+/-0,0.0+/-0,0.0+/-0,0.0+/-0,0.0+/-0,0.0+/-0,0.0+/-0,0.0+/-0,0.0+/-0,0.0+/-0,0.0+/-0,0.0+/-0,0.0+/-0,0.0+/-0,0.0+/-0,0.0+/-0,0.0+/-0,0.0+/-0,0.0+/-0,0.0+/-0,0.0+/-0,0.0+/-0,0.0+/-0,0.0+/-0,0.0+/-0,0.0+/-0,0.0+/-0,0.0+/-0,0.0+/-0,0.0+/-0,0.0+/-0,0.0+/-0,0.0+/-0
Latvia,74314,173511,0,0,0.0+/-0,0.0+/-0,0.0+/-0,0.0+/-0,0.0+/-0,0.0+/-0,0.0+/-0,0.0+/-0,0.0+/-0,0.0+/-0,0.0+/-0,0.0+/-0,0.0+/-0,0.0+/-0,0.0+/-0,0.0+/-0,0.0+/-0,0.0+/-0,0.0+/-0,0.0+/-0,0.0+/-0,0.0+/-0,0.0+/-0,0.0+/-0,0.0+/-0,0.0+/-0,0.0+/-0,0.0+/-0,0.0+/-0,0.0+/-0,0.0+/-0,0.0+/-0,0.0+/-0,0.0+/-0,0.0+/-0,0.0+/-0,0.0+/-0,0.0+/-0,0.0+/-0,0.0+/-0,0.0+/-0,0.0+/-0,0.0+/-0,0.0+/-0,0.0+/-0,0.0+/-0,0.0+/-0,0.0+/-0,0.0+/-0,0.0+/-0,0.0+/-0
Macau,24315,52715,0,0,0.0+/-0,0.0+/-0,0.0+/-0,0.0+/-0,0.0+/-0,0.0+/-0,0.0+/-0,0.0+/-0,0.0+/-0,0.0+/-0,0.0+/-0,0.0+/-0,0.0+/-0,0.0+/-0,0.0+/-0,0.0+/-0,0.0+/-0,0.0+/-0,0.0+/-0,0.0+/-0,0.0+/-0,0.0+/-0,0.0+/-0,0.0+/-0,0.0+/-0,0.0+/-0,0.0+/-0,0.0+/-0,0.0+/-0,0.0+/-0,0.0+/-0,0.0+/-0,0.0+/-0,0.0+/-0,0.0+/-0,0.0+/-0,0.0+/-0,0.0+/-0,0.0+/-0,0.0+/-0,0.0+/-0,0.0+/-0,0.0+/-0,0.0+/-0,0.0+/-0,0.0+/-0,0.0+/-0,0.0+/-0,0.0+/-0,0.0+/-0,0.0+/-0
Saint-Martin,0,0,0,0,0.0+/-0,0.0+/-0,0.0+/-0,0.0+/-0,0.0+/-0,0.0+/-0,0.0+/-0,0.0+/-0,0.0+/-0,0.0+/-0,0.0+/-0,0.0+/-0,0.0+/-0,0.0+/-0,0.0+/-0,0.0+/-0,0.0+/-0,0.0+/-0,0.0+/-0,0.0+/-0,0.0+/-0,0.0+/-0,0.0+/-0,0.0+/-0,0.0+/-0,0.0+/-0,0.0+/-0,0.0+/-0,0.0+/-0,0.0+/-0,0.0+/-0,0.0+/-0,0.0+/-0,0.0+/-0,0.0+/-0,0.0+/-0,0.0+/-0,0.0+/-0,0.0+/-0,0.0+/-0,0.0+/-0,0.0+/-0,0.0+/-0,0.0+/-0,0.0+/-0,0.0+/-0,0.0+/-0,0.0+/-0,0.0+/-0,0.0+/-0,0.0+/-0
Morocco,1491819,3124178,0,0,0.0+/-0,0.0+/-0,0.0+/-0,0.0+/-0,0.0+/-0,0.0+/-0,0.0+/-0,0.0+/-0,0.0+/-0,0.0+/-0,0.0+/-0,0.0+/-0,0.0+/-0,0.0+/-0,0.0+/-0,0.0+/-0,0.0+/-0,0.0+/-0,0.0+/-0,0.0+/-0,0.0+/-0,0.0+/-0,0.0+/-0,0.0+/-0,0.0+/-0,0.0+/-0,0.0+/-0,0.0+/-0,0.0+/-0,0.0+/-0,0.0+/-0,0.0+/-0,0.0+/-0,0.0+/-0,0.0+/-0,0.0+/-0,0.0+/-0,0.0+/-0,0.0+/-0,0.0+/-0,0.0+/-0,0.0+/-0,0.0+/-0,0.0+/-0,0.0+/-0,0.0+/-0,0.0+/-0,0.0+/-0,0.0+/-0,0.0+/-0,0.0+/-0
Monaco,5260,15819,0,0,0.0+/-0,0.0+/-0,0.0+/-0,0.0+/-0,0.0+/-0,0.0+/-0,0.0+/-0,0.0+/-0,0.0+/-0,0.0+/-0,0.0+/-0,0.0+/-0,0.0+/-0,0.0+/-0,0.0+/-0,0.0+/-0,0.0+/-0,0.0+/-0,0.0+/-0,0.0+/-0,0.0+/-0,0.0+/-0,0.0+/-0,0.0+/-0,0.0+/-0,0.0+/-0,0.0+/-0,0.0+/-0,0.0+/-0,0.0+/-0,0.0+/-0,0.0+/-0,0.0+/-0,0.0+/-0,0.0+/-0,0.0+/-0,0.0+/-0,0.0+/-0,0.0+/-0,0.0+/-0,0.0+/-0,0.0+/-0,0.0+/-0,0.0+/-0,0.0+/-0,0.0+/-0,0.0+/-0,0.0+/-0,0.0+/-0,0.0+/-0,0.0+/-0
Moldova,142321,289251,0,0,0.0+/-0,0.0+/-0,0.0+/-0,0.0+/-0,0.0+/-0,0.0+/-0,0.0+/-0,0.0+/-0,0.0+/-0,0.0+/-0,0.0+/-0,0.0+/-0,0.0+/-0,0.0+/-0,0.0+/-0,0.0+/-0,0.0+/-0,0.0+/-0,0.0+/-0,0.0+/-0,0.0+/-0,0.0+/-0,0.0+/-0,0.0+/-0,0.0+/-0,0.0+/-0,0.0+/-0,0.0+/-0,0.0+/-0,0.0+/-0,0.0+/-0,0.0+/-0,0.0+/-0,0.0+/-0,0.0+/-0,0.0+/-0,0.0+/-0,0.0+/-0,0.0+/-0,0.0+/-0,0.0+/-0,0.0+/-0,0.0+/-0,0.0+/-0,0.0+/-0,0.0+/-0,0.0+/-0,0.0+/-0,0.0+/-0,0.0+/-0,0.0+/-0
Madagascar,2301603,3329482,0,0,0.0+/-0,0.0+/-0,0.0+/-0,0.0+/-0,0.0+/-0,0.0+/-0,0.0+/-0,0.0+/-0,0.0+/-0,0.0+/-0,0.0+/-0,0.0+/-0,0.0+/-0,0.0+/-0,0.0+/-0,0.0+/-0,0.0+/-0,0.0+/-0,0.0+/-0,0.0+/-0,0.0+/-0,0.0+/-0,0.0+/-0,0.0+/-0,0.0+/-0,0.0+/-0,0.0+/-0,0.0+/-0,0.0+/-0,0.0+/-0,0.0+/-0,0.0+/-0,0.0+/-0,0.0+/-0,0.0+/-0,0.0+/-0,0.0+/-0,0.0+/-0,0.0+/-0,0.0+/-0,0.0+/-0,0.0+/-0,0.0+/-0,0.0+/-0,0.0+/-0,0.0+/-0,0.0+/-0,0.0+/-0,0.0+/-0,0.0+/-0,0.0+/-0
Maldives,18586,45085,0,0,0.0+/-0,0.0+/-0,0.0+/-0,0.0+/-0,0.0+/-0,0.0+/-0,0.0+/-0,0.0+/-0,0.0+/-0,0.0+/-0,0.0+/-0,0.0+/-0,0.0+/-0,0.0+/-0,0.0+/-0,0.0+/-0,0.0+/-0,0.0+/-0,0.0+/-0,0.0+/-0,0.0+/-0,0.0+/-0,0.0+/-0,0.0+/-0,0.0+/-0,0.0+/-0,0.0+/-0,0.0+/-0,0.0+/-0,0.0+/-0,0.0+/-0,0.0+/-0,0.0+/-0,0.0+/-0,0.0+/-0,0.0+/-0,0.0+/-0,0.0+/-0,0.0+/-0,0.0+/-0,0.0+/-0,0.0+/-0,0.0+/-0,0.0+/-0,0.0+/-0,0.0+/-0,0.0+/-0,0.0+/-0,0.0+/-0,0.0+/-0,0.0+/-0
Mexico,5068324,16223128,0,0,0.0+/-0,0.0+/-0,0.0+/-0,0.0+/-0,0.0+/-0,0.0+/-0,0.0+/-0,0.0+/-0,0.0+/-0,0.0+/-0,0.0+/-0,0.0+/-0,0.0+/-0,0.0+/-0,0.0+/-0,0.0+/-0,0.0+/-0,0.0+/-0,0.0+/-0,0.0+/-0,0.0+/-0,0.0+/-0,0.0+/-0,0.0+/-0,0.0+/-0,0.0+/-0,0.0+/-0,0.0+/-0,0.0+/-0,0.0+/-0,0.0+/-0,0.0+/-0,0.0+/-0,0.0+/-0,0.0+/-0,0.0+/-0,0.0+/-0,0.0+/-0,0.0+/-0,0.0+/-0,0.0+/-0,0.0+/-0,0.0+/-0,0.0+/-0,0.0+/-0,0.0+/-0,0.0+/-0,0.0+/-0,0.0+/-0,0.0+/-0,0.0+/-0
Marshall Islands,1412,3140,0,0,0.0+/-0,0.0+/-0,0.0+/-0,0.0+/-0,0.0+/-0,0.0+/-0,0.0+/-0,0.0+/-0,0.0+/-0,0.0+/-0,0.0+/-0,0.0+/-0,0.0+/-0,0.0+/-0,0.0+/-0,0.0+/-0,0.0+/-0,0.0+/-0,0.0+/-0,0.0+/-0,0.0+/-0,0.0+/-0,0.0+/-0,0.0+/-0,0.0+/-0,0.0+/-0,0.0+/-0,0.0+/-0,0.0+/-0,0.0+/-0,0.0+/-0,0.0+/-0,0.0+/-0,0.0+/-0,0.0+/-0,0.0+/-0,0.0+/-0,0.0+/-0,0.0+/-0,0.0+/-0,0.0+/-0,0.0+/-0,0.0+/-0,0.0+/-0,0.0+/-0,0.0+/-0,0.0+/-0,0.0+/-0,0.0+/-0,0.0+/-0,0.0+/-0
North Macedonia,79840,183353,0,0,0.0+/-0,0.0+/-0,0.0+/-0,0.0+/-0,0.0+/-0,0.0+/-0,0.0+/-0,0.0+/-0,0.0+/-0,0.0+/-0,0.0+/-0,0.0+/-0,0.0+/-0,0.0+/-0,0.0+/-0,0.0+/-0,0.0+/-0,0.0+/-0,0.0+/-0,0.0+/-0,0.0+/-0,0.0+/-0,0.0+/-0,0.0+/-0,0.0+/-0,0.0+/-0,0.0+/-0,0.0+/-0,0.0+/-0,0.0+/-0,0.0+/-0,0.0+/-0,0.0+/-0,0.0+/-0,0.0+/-0,0.0+/-0,0.0+/-0,0.0+/-0,0.0+/-0,0.0+/-0,0.0+/-0,0.0+/-0,0.0+/-0,0.0+/-0,0.0+/-0,0.0+/-0,0.0+/-0,0.0+/-0,0.0+/-0,0.0+/-0,0.0+/-0
Mali,1278787,2383211,0,0,0.0+/-0,0.0+/-0,0.0+/-0,0.0+/-0,0.0+/-0,0.0+/-0,0.0+/-0,0.0+/-0,0.0+/-0,0.0+/-0,0.0+/-0,0.0+/-0,0.0+/-0,0.0+/-0,0.0+/-0,0.0+/-0,0.0+/-0,0.0+/-0,0.0+/-0,0.0+/-0,0.0+/-0,0.0+/-0,0.0+/-0,0.0+/-0,0.0+/-0,0.0+/-0,0.0+/-0,0.0+/-0,0.0+/-0,0.0+/-0,0.0+/-0,0.0+/-0,0.0+/-0,0.0+/-0,0.0+/-0,0.0+/-0,0.0+/-0,0.0+/-0,0.0+/-0,0.0+/-0,0.0+/-0,0.0+/-0,0.0+/-0,0.0+/-0,0.0+/-0,0.0+/-0,0.0+/-0,0.0+/-0,0.0+/-0,0.0+/-0,0.0+/-0
Malta,25920,69035,0,0,0.0+/-0,0.0+/-0,0.0+/-0,0.0+/-0,0.0+/-0,0.0+/-0,0.0+/-0,0.0+/-0,0.0+/-0,0.0+/-0,0.0+/-0,0.0+/-0,0.0+/-0,0.0+/-0,0.0+/-0,0.0+/-0,0.0+/-0,0.0+/-0,0.0+/-0,0.0+/-0,0.0+/-0,0.0+/-0,0.0+/-0,0.0+/-0,0.0+/-0,0.0+/-0,0.0+/-0,0.0+/-0,0.0+/-0,0.0+/-0,0.0+/-0,0.0+/-0,0.0+/-0,0.0+/-0,0.0+/-0,0.0+/-0,0.0+/-0,0.0+/-0,0.0+/-0,0.0+/-0,0.0+/-0,0.0+/-0,0.0+/-0,0.0+/-0,0.0+/-0,0.0+/-0,0.0+/-0,0.0+/-0,0.0+/-0,0.0+/-0,0.0+/-0
Myanmar,3595557,7248499,0,0,0.0+/-0,0.0+/-0,0.0+/-0,0.0+/-0,0.0+/-0,0.0+/-0,0.0+/-0,0.0+/-0,0.0+/-0,0.0+/-0,0.0+/-0,0.0+/-0,0.0+/-0,0.0+/-0,0.0+/-0,0.0+/-0,0.0+/-0,0.0+/-0,0.0+/-0,0.0+/-0,0.0+/-0,0.0+/-0,0.0+/-0,0.0+/-0,0.0+/-0,0.0+/-0,0.0+/-0,0.0+/-0,0.0+/-0,0.0+/-0,0.0+/-0,0.0+/-0,0.0+/-0,0.0+/-0,0.0+/-0,0.0+/-0,0.0+/-0,0.0+/-0,0.0+/-0,0.0+/-0,0.0+/-0,0.0+/-0,0.0+/-0,0.0+/-0,0.0+/-0,0.0+/-0,0.0+/-0,0.0+/-0,0.0+/-0,0.0+/-0,0.0+/-0
Montenegro,22908,59710,0,0,0.0+/-0,0.0+/-0,0.0+/-0,0.0+/-0,0.0+/-0,0.0+/-0,0.0+/-0,0.0+/-0,0.0+/-0,0.0+/-0,0.0+/-0,0.0+/-0,0.0+/-0,0.0+/-0,0.0+/-0,0.0+/-0,0.0+/-0,0.0+/-0,0.0+/-0,0.0+/-0,0.0+/-0,0.0+/-0,0.0+/-0,0.0+/-0,0.0+/-0,0.0+/-0,0.0+/-0,0.0+/-0,0.0+/-0,0.0+/-0,0.0+/-0,0.0+/-0,0.0+/-0,0.0+/-0,0.0+/-0,0.0+/-0,0.0+/-0,0.0+/-0,0.0+/-0,0.0+/-0,0.0+/-0,0.0+/-0,0.0+/-0,0.0+/-0,0.0+/-0,0.0+/-0,0.0+/-0,0.0+/-0,0.0+/-0,0.0+/-0,0.0+/-0
Mongolia,208980,367905,0,0,0.0+/-0,0.0+/-0,0.0+/-0,0.0+/-0,0.0+/-0,0.0+/-0,0.0+/-0,0.0+/-0,0.0+/-0,0.0+/-0,0.0+/-0,0.0+/-0,0.0+/-0,0.0+/-0,0.0+/-0,0.0+/-0,0.0+/-0,0.0+/-0,0.0+/-0,0.0+/-0,0.0+/-0,0.0+/-0,0.0+/-0,0.0+/-0,0.0+/-0,0.0+/-0,0.0+/-0,0.0+/-0,0.0+/-0,0.0+/-0,0.0+/-0,0.0+/-0,0.0+/-0,0.0+/-0,0.0+/-0,0.0+/-0,0.0+/-0,0.0+/-0,0.0+/-0,0.0+/-0,0.0+/-0,0.0+/-0,0.0+/-0,0.0+/-0,0.0+/-0,0.0+/-0,0.0+/-0,0.0+/-0,0.0+/-0,0.0+/-0,0.0+/-0
Northern Mariana Islands,2009,4808,0,0,0.0+/-0,0.0+/-0,0.0+/-0,0.0+/-0,0.0+/-0,0.0+/-0,0.0+/-0,0.0+/-0,0.0+/-0,0.0+/-0,0.0+/-0,0.0+/-0,0.0+/-0,0.0+/-0,0.0+/-0,0.0+/-0,0.0+/-0,0.0+/-0,0.0+/-0,0.0+/-0,0.0+/-0,0.0+/-0,0.0+/-0,0.0+/-0,0.0+/-0,0.0+/-0,0.0+/-0,0.0+/-0,0.0+/-0,0.0+/-0,0.0+/-0,0.0+/-0,0.0+/-0,0.0+/-0,0.0+/-0,0.0+/-0,0.0+/-0,0.0+/-0,0.0+/-0,0.0+/-0,0.0+/-0,0.0+/-0,0.0+/-0,0.0+/-0,0.0+/-0,0.0+/-0,0.0+/-0,0.0+/-0,0.0+/-0,0.0+/-0,0.0+/-0
Mozambique,482534,1612664,0,0,0.0+/-0,0.0+/-0,0.0+/-0,0.0+/-0,0.0+/-0,0.0+/-0,0.0+/-0,0.0+/-0,0.0+/-0,0.0+/-0,0.0+/-0,0.0+/-0,0.0+/-0,0.0+/-0,0.0+/-0,0.0+/-0,0.0+/-0,0.0+/-0,0.0+/-0,0.0+/-0,0.0+/-0,0.0+/-0,0.0+/-0,0.0+/-0,0.0+/-0,0.0+/-0,0.0+/-0,0.0+/-0,0.0+/-0,0.0+/-0,0.0+/-0,0.0+/-0,0.0+/-0,0.0+/-0,0.0+/-0,0.0+/-0,0.0+/-0,0.0+/-0,0.0+/-0,0.0+/-0,0.0+/-0,0.0+/-0,0.0+/-0,0.0+/-0,0.0+/-0,0.0+/-0,0.0+/-0,0.0+/-0,0.0+/-0,0.0+/-0,0.0+/-0
Mauritania,111595,355340,0,0,0.0+/-0,0.0+/-0,0.0+/-0,0.0+/-0,0.0+/-0,0.0+/-0,0.0+/-0,0.0+/-0,0.0+/-0,0.0+/-0,0.0+/-0,0.0+/-0,0.0+/-0,0.0+/-0,0.0+/-0,0.0+/-0,0.0+/-0,0.0+/-0,0.0+/-0,0.0+/-0,0.0+/-0,0.0+/-0,0.0+/-0,0.0+/-0,0.0+/-0,0.0+/-0,0.0+/-0,0.0+/-0,0.0+/-0,0.0+/-0,0.0+/-0,0.0+/-0,0.0+/-0,0.0+/-0,0.0+/-0,0.0+/-0,0.0+/-0,0.0+/-0,0.0+/-0,0.0+/-0,0.0+/-0,0.0+/-0,0.0+/-0,0.0+/-0,0.0+/-0,0.0+/-0,0.0+/-0,0.0+/-0,0.0+/-0,0.0+/-0,0.0+/-0
Mauritius,52459,136836,0,0,0.0+/-0,0.0+/-0,0.0+/-0,0.0+/-0,0.0+/-0,0.0+/-0,0.0+/-0,0.0+/-0,0.0+/-0,0.0+/-0,0.0+/-0,0.0+/-0,0.0+/-0,0.0+/-0,0.0+/-0,0.0+/-0,0.0+/-0,0.0+/-0,0.0+/-0,0.0+/-0,0.0+/-0,0.0+/-0,0.0+/-0,0.0+/-0,0.0+/-0,0.0+/-0,0.0+/-0,0.0+/-0,0.0+/-0,0.0+/-0,0.0+/-0,0.0+/-0,0.0+/-0,0.0+/-0,0.0+/-0,0.0+/-0,0.0+/-0,0.0+/-0,0.0+/-0,0.0+/-0,0.0+/-0,0.0+/-0,0.0+/-0,0.0+/-0,0.0+/-0,0.0+/-0,0.0+/-0,0.0+/-0,0.0+/-0,0.0+/-0,0.0+/-0
Malawi,891114,1581897,0,0,0.0+/-0,0.0+/-0,0.0+/-0,0.0+/-0,0.0+/-0,0.0+/-0,0.0+/-0,0.0+/-0,0.0+/-0,0.0+/-0,0.0+/-0,0.0+/-0,0.0+/-0,0.0+/-0,0.0+/-0,0.0+/-0,0.0+/-0,0.0+/-0,0.0+/-0,0.0+/-0,0.0+/-0,0.0+/-0,0.0+/-0,0.0+/-0,0.0+/-0,0.0+/-0,0.0+/-0,0.0+/-0,0.0+/-0,0.0+/-0,0.0+/-0,0.0+/-0,0.0+/-0,0.0+/-0,0.0+/-0,0.0+/-0,0.0+/-0,0.0+/-0,0.0+/-0,0.0+/-0,0.0+/-0,0.0+/-0,0.0+/-0,0.0+/-0,0.0+/-0,0.0+/-0,0.0+/-0,0.0+/-0,0.0+/-0,0.0+/-0,0.0+/-0
Malaysia,2276171,5220294,0,0,0.0+/-0,0.0+/-0,0.0+/-0,0.0+/-0,0.0+/-0,0.0+/-0,0.0+/-0,0.0+/-0,0.0+/-0,0.0+/-0,0.0+/-0,0.0+/-0,0.0+/-0,0.0+/-0,0.0+/-0,0.0+/-0,0.0+/-0,0.0+/-0,0.0+/-0,0.0+/-0,0.0+/-0,0.0+/-0,0.0+/-0,0.0+/-0,0.0+/-0,0.0+/-0,0.0+/-0,0.0+/-0,0.0+/-0,0.0+/-0,0.0+/-0,0.0+/-0,0.0+/-0,0.0+/-0,0.0+/-0,0.0+/-0,0.0+/-0,0.0+/-0,0.0+/-0,0.0+/-0,0.0+/-0,0.0+/-0,0.0+/-0,0.0+/-0,0.0+/-0,0.0+/-0,0.0+/-0,0.0+/-0,0.0+/-0,0.0+/-0,0.0+/-0
Namibia,112612,234706,0,0,0.0+/-0,0.0+/-0,0.0+/-0,0.0+/-0,0.0+/-0,0.0+/-0,0.0+/-0,0.0+/-0,0.0+/-0,0.0+/-0,0.0+/-0,0.0+/-0,0.0+/-0,0.0+/-0,0.0+/-0,0.0+/-0,0.0+/-0,0.0+/-0,0.0+/-0,0.0+/-0,0.0+/-0,0.0+/-0,0.0+/-0,0.0+/-0,0.0+/-0,0.0+/-0,0.0+/-0,0.0+/-0,0.0+/-0,0.0+/-0,0.0+/-0,0.0+/-0,0.0+/-0,0.0+/-0,0.0+/-0,0.0+/-0,0.0+/-0,0.0+/-0,0.0+/-0,0.0+/-0,0.0+/-0,0.0+/-0,0.0+/-0,0.0+/-0,0.0+/-0,0.0+/-0,0.0+/-0,0.0+/-0,0.0+/-0,0.0+/-0,0.0+/-0
New Caledonia,12232,27772,0,0,0.0+/-0,0.0+/-0,0.0+/-0,0.0+/-0,0.0+/-0,0.0+/-0,0.0+/-0,0.0+/-0,0.0+/-0,0.0+/-0,0.0+/-0,0.0+/-0,0.0+/-0,0.0+/-0,0.0+/-0,0.0+/-0,0.0+/-0,0.0+/-0,0.0+/-0,0.0+/-0,0.0+/-0,0.0+/-0,0.0+/-0,0.0+/-0,0.0+/-0,0.0+/-0,0.0+/-0,0.0+/-0,0.0+/-0,0.0+/-0,0.0+/-0,0.0+/-0,0.0+/-0,0.0+/-0,0.0+/-0,0.0+/-0,0.0+/-0,0.0+/-0,0.0+/-0,0.0+/-0,0.0+/-0,0.0+/-0,0.0+/-0,0.0+/-0,0.0+/-0,0.0+/-0,0.0+/-0,0.0+/-0,0.0+/-0,0.0+/-0,0.0+/-0
Niger,968387,3083531,0,0,0.0+/-0,0.0+/-0,0.0+/-0,0.0+/-0,0.0+/-0,0.0+/-0,0.0+/-0,0.0+/-0,0.0+/-0,0.0+/-0,0.0+/-0,0.0+/-0,0.0+/-0,0.0+/-0,0.0+/-0,0.0+/-0,0.0+/-0,0.0+/-0,0.0+/-0,0.0+/-0,0.0+/-0,0.0+/-0,0.0+/-0,0.0+/-0,0.0+/-0,0.0+/-0,0.0+/-0,0.0+/-0,0.0+/-0,0.0+/-0,0.0+/-0,0.0+/-0,0.0+/-0,0.0+/-0,0.0+/-0,0.0+/-0,0.0+/-0,0.0+/-0,0.0+/-0,0.0+/-0,0.0+/-0,0.0+/-0,0.0+/-0,0.0+/-0,0.0+/-0,0.0+/-0,0.0+/-0,0.0+/-0,0.0+/-0,0.0+/-0,0.0+/-0
Nigeria,4263092,10019800,0,0,0.0+/-0,0.0+/-0,0.0+/-0,0.0+/-0,0.0+/-0,0.0+/-0,0.0+/-0,0.0+/-0,0.0+/-0,0.0+/-0,0.0+/-0,0.0+/-0,0.0+/-0,0.0+/-0,0.0+/-0,0.0+/-0,0.0+/-0,0.0+/-0,0.0+/-0,0.0+/-0,0.0+/-0,0.0+/-0,0.0+/-0,0.0+/-0,0.0+/-0,0.0+/-0,0.0+/-0,0.0+/-0,0.0+/-0,0.0+/-0,0.0+/-0,0.0+/-0,0.0+/-0,0.0+/-0,0.0+/-0,0.0+/-0,0.0+/-0,0.0+/-0,0.0+/-0,0.0+/-0,0.0+/-0,0.0+/-0,0.0+/-0,0.0+/-0,0.0+/-0,0.0+/-0,0.0+/-0,0.0+/-0,0.0+/-0,0.0+/-0,0.0+/-0
Nicaragua,336127,959984,0,0,0.0+/-0,0.0+/-0,0.0+/-0,0.0+/-0,0.0+/-0,0.0+/-0,0.0+/-0,0.0+/-0,0.0+/-0,0.0+/-0,0.0+/-0,0.0+/-0,0.0+/-0,0.0+/-0,0.0+/-0,0.0+/-0,0.0+/-0,0.0+/-0,0.0+/-0,0.0+/-0,0.0+/-0,0.0+/-0,0.0+/-0,0.0+/-0,0.0+/-0,0.0+/-0,0.0+/-0,0.0+/-0,0.0+/-0,0.0+/-0,0.0+/-0,0.0+/-0,0.0+/-0,0.0+/-0,0.0+/-0,0.0+/-0,0.0+/-0,0.0+/-0,0.0+/-0,0.0+/-0,0.0+/-0,0.0+/-0,0.0+/-0,0.0+/-0,0.0+/-0,0.0+/-0,0.0+/-0,0.0+/-0,0.0+/-0,0.0+/-0,0.0+/-0
Netherlands,783042,2016480,0,0,0.0+/-0,0.0+/-0,0.0+/-0,0.0+/-0,0.0+/-0,0.0+/-0,0.0+/-0,0.0+/-0,0.0+/-0,0.0+/-0,0.0+/-0,0.0+/-0,0.0+/-0,0.0+/-0,0.0+/-0,0.0+/-0,0.0+/-0,0.0+/-0,0.0+/-0,0.0+/-0,0.0+/-0,0.0+/-0,0.0+/-0,0.0+/-0,0.0+/-0,0.0+/-0,0.0+/-0,0.0+/-0,0.0+/-0,0.0+/-0,0.0+/-0,0.0+/-0,0.0+/-0,0.0+/-0,0.0+/-0,0.0+/-0,0.0+/-0,0.0+/-0,0.0+/-0,0.0+/-0,0.0+/-0,0.0+/-0,0.0+/-0,0.0+/-0,0.0+/-0,0.0+/-0,0.0+/-0,0.0+/-0,0.0+/-0,0.0+/-0,0.0+/-0
Norway,284062,681265,0,0,0.0+/-0,0.0+/-0,0.0+/-0,0.0+/-0,0.0+/-0,0.0+/-0,0.0+/-0,0.0+/-0,0.0+/-0,0.0+/-0,0.0+/-0,0.0+/-0,0.0+/-0,0.0+/-0,0.0+/-0,0.0+/-0,0.0+/-0,0.0+/-0,0.0+/-0,0.0+/-0,0.0+/-0,0.0+/-0,0.0+/-0,0.0+/-0,0.0+/-0,0.0+/-0,0.0+/-0,0.0+/-0,0.0+/-0,0.0+/-0,0.0+/-0,0.0+/-0,0.0+/-0,0.0+/-0,0.0+/-0,0.0+/-0,0.0+/-0,0.0+/-0,0.0+/-0,0.0+/-0,0.0+/-0,0.0+/-0,0.0+/-0,0.0+/-0,0.0+/-0,0.0+/-0,0.0+/-0,0.0+/-0,0.0+/-0,0.0+/-0,0.0+/-0
Nepal,861976,2433128,0,0,0.0+/-0,0.0+/-0,0.0+/-0,0.0+/-0,0.0+/-0,0.0+/-0,0.0+/-0,0.0+/-0,0.0+/-0,0.0+/-0,0.0+/-0,0.0+/-0,0.0+/-0,0.0+/-0,0.0+/-0,0.0+/-0,0.0+/-0,0.0+/-0,0.0+/-0,0.0+/-0,0.0+/-0,0.0+/-0,0.0+/-0,0.0+/-0,0.0+/-0,0.0+/-0,0.0+/-0,0.0+/-0,0.0+/-0,0.0+/-0,0.0+/-0,0.0+/-0,0.0+/-0,0.0+/-0,0.0+/-0,0.0+/-0,0.0+/-0,0.0+/-0,0.0+/-0,0.0+/-0,0.0+/-0,0.0+/-0,0.0+/-0,0.0+/-0,0.0+/-0,0.0+/-0,0.0+/-0,0.0+/-0,0.0+/-0,0.0+/-0,0.0+/-0
Nauru,593,936,0,0,0.0+/-0,0.0+/-0,0.0+/-0,0.0+/-0,0.0+/-0,0.0+/-0,0.0+/-0,0.0+/-0,0.0+/-0,0.0+/-0,0.0+/-0,0.0+/-0,0.0+/-0,0.0+/-0,0.0+/-0,0.0+/-0,0.0+/-0,0.0+/-0,0.0+/-0,0.0+/-0,0.0+/-0,0.0+/-0,0.0+/-0,0.0+/-0,0.0+/-0,0.0+/-0,0.0+/-0,0.0+/-0,0.0+/-0,0.0+/-0,0.0+/-0,0.0+/-0,0.0+/-0,0.0+/-0,0.0+/-0,0.0+/-0,0.0+/-0,0.0+/-0,0.0+/-0,0.0+/-0,0.0+/-0,0.0+/-0,0.0+/-0,0.0+/-0,0.0+/-0,0.0+/-0,0.0+/-0,0.0+/-0,0.0+/-0,0.0+/-0,0.0+/-0
New Zealand,262212,641840,0,0,0.0+/-0,0.0+/-0,0.0+/-0,0.0+/-0,0.0+/-0,0.0+/-0,0.0+/-0,0.0+/-0,0.0+/-0,0.0+/-0,0.0+/-0,0.0+/-0,0.0+/-0,0.0+/-0,0.0+/-0,0.0+/-0,0.0+/-0,0.0+/-0,0.0+/-0,0.0+/-0,0.0+/-0,0.0+/-0,0.0+/-0,0.0+/-0,0.0+/-0,0.0+/-0,0.0+/-0,0.0+/-0,0.0+/-0,0.0+/-0,0.0+/-0,0.0+/-0,0.0+/-0,0.0+/-0,0.0+/-0,0.0+/-0,0.0+/-0,0.0+/-0,0.0+/-0,0.0+/-0,0.0+/-0,0.0+/-0,0.0+/-0,0.0+/-0,0.0+/-0,0.0+/-0,0.0+/-0,0.0+/-0,0.0+/-0,0.0+/-0,0.0+/-0
Oman,189434,503336,0,0,0.0+/-0,0.0+/-0,0.0+/-0,0.0+/-0,0.0+/-0,0.0+/-0,0.0+/-0,0.0+/-0,0.0+/-0,0.0+/-0,0.0+/-0,0.0+/-0,0.0+/-0,0.0+/-0,0.0+/-0,0.0+/-0,0.0+/-0,0.0+/-0,0.0+/-0,0.0+/-0,0.0+/-0,0.0+/-0,0.0+/-0,0.0+/-0,0.0+/-0,0.0+/-0,0.0+/-0,0.0+/-0,0.0+/-0,0.0+/-0,0.0+/-0,0.0+/-0,0.0+/-0,0.0+/-0,0.0+/-0,0.0+/-0,0.0+/-0,0.0+/-0,0.0+/-0,0.0+/-0,0.0+/-0,0.0+/-0,0.0+/-0,0.0+/-0,0.0+/-0,0.0+/-0,0.0+/-0,0.0+/-0,0.0+/-0,0.0+/-0,0.0+/-0
Pakistan,13610987,23964313,0,0,0.0+/-0,0.0+/-0,0.0+/-0,0.0+/-0,0.0+/-0,0.0+/-0,0.0+/-0,0.0+/-0,0.0+/-0,0.0+/-0,0.0+/-0,0.0+/-0,0.0+/-0,0.0+/-0,0.0+/-0,0.0+/-0,0.0+/-0,0.0+/-0,0.0+/-0,0.0+/-0,0.0+/-0,0.0+/-0,0.0+/-0,0.0+/-0,0.0+/-0,0.0+/-0,0.0+/-0,0.0+/-0,0.0+/-0,0.0+/-0,0.0+/-0,0.0+/-0,0.0+/-0,0.0+/-0,0.0+/-0,0.0+/-0,0.0+/-0,0.0+/-0,0.0+/-0,0.0+/-0,0.0+/-0,0.0+/-0,0.0+/-0,0.0+/-0,0.0+/-0,0.0+/-0,0.0+/-0,0.0+/-0,0.0+/-0,0.0+/-0,0.0+/-0
Panama,264625,496450,0,0,0.0+/-0,0.0+/-0,0.0+/-0,0.0+/-0,0.0+/-0,0.0+/-0,0.0+/-0,0.0+/-0,0.0+/-0,0.0+/-0,0.0+/-0,0.0+/-0,0.0+/-0,0.0+/-0,0.0+/-0,0.0+/-0,0.0+/-0,0.0+/-0,0.0+/-0,0.0+/-0,0.0+/-0,0.0+/-0,0.0+/-0,0.0+/-0,0.0+/-0,0.0+/-0,0.0+/-0,0.0+/-0,0.0+/-0,0.0+/-0,0.0+/-0,0.0+/-0,0.0+/-0,0.0+/-0,0.0+/-0,0.0+/-0,0.0+/-0,0.0+/-0,0.0+/-0,0.0+/-0,0.0+/-0,0.0+/-0,0.0+/-0,0.0+/-0,0.0+/-0,0.0+/-0,0.0+/-0,0.0+/-0,0.0+/-0,0.0+/-0,0.0+/-0
Peru,2038823,5460905,0,0,0.0+/-0,0.0+/-0,0.0+/-0,0.0+/-0,0.0+/-0,0.0+/-0,0.0+/-0,0.0+/-0,0.0+/-0,0.0+/-0,0.0+/-0,0.0+/-0,0.0+/-0,0.0+/-0,0.0+/-0,0.0+/-0,0.0+/-0,0.0+/-0,0.0+/-0,0.0+/-0,0.0+/-0,0.0+/-0,0.0+/-0,0.0+/-0,0.0+/-0,0.0+/-0,0.0+/-0,0.0+/-0,0.0+/-0,0.0+/-0,0.0+/-0,0.0+/-0,0.0+/-0,0.0+/-0,0.0+/-0,0.0+/-0,0.0+/-0,0.0+/-0,0.0+/-0,0.0+/-0,0.0+/-0,0.0+/-0,0.0+/-0,0.0+/-0,0.0+/-0,0.0+/-0,0.0+/-0,0.0+/-0,0.0+/-0,0.0+/-0,0.0+/-0
Philippines,5941640,14391766,0,0,0.0+/-0,0.0+/-0,0.0+/-0,0.0+/-0,0.0+/-0,0.0+/-0,0.0+/-0,0.0+/-0,0.0+/-0,0.0+/-0,0.0+/-0,0.0+/-0,0.0+/-0,0.0+/-0,0.0+/-0,0.0+/-0,0.0+/-0,0.0+/-0,0.0+/-0,0.0+/-0,0.0+/-0,0.0+/-0,0.0+/-0,0.0+/-0,0.0+/-0,0.0+/-0,0.0+/-0,0.0+/-0,0.0+/-0,0.0+/-0,0.0+/-0,0.0+/-0,0.0+/-0,0.0+/-0,0.0+/-0,0.0+/-0,0.0+/-0,0.0+/-0,0.0+/-0,0.0+/-0,0.0+/-0,0.0+/-0,0.0+/-0,0.0+/-0,0.0+/-0,0.0+/-0,0.0+/-0,0.0+/-0,0.0+/-0,0.0+/-0,0.0+/-0
Palau,650,1648,0,0,0.0+/-0,0.0+/-0,0.0+/-0,0.0+/-0,0.0+/-0,0.0+/-0,0.0+/-0,0.0+/-0,0.0+/-0,0.0+/-0,0.0+/-0,0.0+/-0,0.0+/-0,0.0+/-0,0.0+/-0,0.0+/-0,0.0+/-0,0.0+/-0,0.0+/-0,0.0+/-0,0.0+/-0,0.0+/-0,0.0+/-0,0.0+/-0,0.0+/-0,0.0+/-0,0.0+/-0,0.0+/-0,0.0+/-0,0.0+/-0,0.0+/-0,0.0+/-0,0.0+/-0,0.0+/-0,0.0+/-0,0.0+/-0,0.0+/-0,0.0+/-0,0.0+/-0,0.0+/-0,0.0+/-0,0.0+/-0,0.0+/-0,0.0+/-0,0.0+/-0,0.0+/-0,0.0+/-0,0.0+/-0,0.0+/-0,0.0+/-0,0.0+/-0
Papua New Guinea,439394,1098616,0,0,0.0+/-0,0.0+/-0,0.0+/-0,0.0+/-0,0.0+/-0,0.0+/-0,0.0+/-0,0.0+/-0,0.0+/-0,0.0+/-0,0.0+/-0,0.0+/-0,0.0+/-0,0.0+/-0,0.0+/-0,0.0+/-0,0.0+/-0,0.0+/-0,0.0+/-0,0.0+/-0,0.0+/-0,0.0+/-0,0.0+/-0,0.0+/-0,0.0+/-0,0.0+/-0,0.0+/-0,0.0+/-0,0.0+/-0,0.0+/-0,0.0+/-0,0.0+/-0,0.0+/-0,0.0+/-0,0.0+/-0,0.0+/-0,0.0+/-0,0.0+/-0,0.0+/-0,0.0+/-0,0.0+/-0,0.0+/-0,0.0+/-0,0.0+/-0,0.0+/-0,0.0+/-0,0.0+/-0,0.0+/-0,0.0+/-0,0.0+/-0,0.0+/-0
Poland,1633472,3520858,0,0,0.0+/-0,0.0+/-0,0.0+/-0,0.0+/-0,0.0+/-0,0.0+/-0,0.0+/-0,0.0+/-0,0.0+/-0,0.0+/-0,0.0+/-0,0.0+/-0,0.0+/-0,0.0+/-0,0.0+/-0,0.0+/-0,0.0+/-0,0.0+/-0,0.0+/-0,0.0+/-0,0.0+/-0,0.0+/-0,0.0+/-0,0.0+/-0,0.0+/-0,0.0+/-0,0.0+/-0,0.0+/-0,0.0+/-0,0.0+/-0,0.0+/-0,0.0+/-0,0.0+/-0,0.0+/-0,0.0+/-0,0.0+/-0,0.0+/-0,0.0+/-0,0.0+/-0,0.0+/-0,0.0+/-0,0.0+/-0,0.0+/-0,0.0+/-0,0.0+/-0,0.0+/-0,0.0+/-0,0.0+/-0,0.0+/-0,0.0+/-0,0.0+/-0
Puerto Rico,98939,231442,0,0,0.0+/-0,0.0+/-0,0.0+/-0,0.0+/-0,0.0+/-0,0.0+/-0,0.0+/-0,0.0+/-0,0.0+/-0,0.0+/-0,0.0+/-0,0.0+/-0,0.0+/-0,0.0+/-0,0.0+/-0,0.0+/-0,0.0+/-0,0.0+/-0,0.0+/-0,0.0+/-0,0.0+/-0,0.0+/-0,0.0+/-0,0.0+/-0,0.0+/-0,0.0+/-0,0.0+/-0,0.0+/-0,0.0+/-0,0.0+/-0,0.0+/-0,0.0+/-0,0.0+/-0,0.0+/-0,0.0+/-0,0.0+/-0,0.0+/-0,0.0+/-0,0.0+/-0,0.0+/-0,0.0+/-0,0.0+/-0,0.0+/-0,0.0+/-0,0.0+/-0,0.0+/-0,0.0+/-0,0.0+/-0,0.0+/-0,0.0+/-0,0.0+/-0
North Korea,2397225,4765321,0,0,0.0+/-0,0.0+/-0,0.0+/-0,0.0+/-0,0.0+/-0,0.0+/-0,0.0+/-0,0.0+/-0,0.0+/-0,0.0+/-0,0.0+/-0,0.0+/-0,0.0+/-0,0.0+/-0,0.0+/-0,0.0+/-0,0.0+/-0,0.0+/-0,0.0+/-0,0.0+/-0,0.0+/-0,0.0+/-0,0.0+/-0,0.0+/-0,0.0+/-0,0.0+/-0,0.0+/-0,0.0+/-0,0.0+/-0,0.0+/-0,0.0+/-0,0.0+/-0,0.0+/-0,0.0+/-0,0.0+/-0,0.0+/-0,0.0+/-0,0.0+/-0,0.0+/-0,0.0+/-0,0.0+/-0,0.0+/-0,0.0+/-0,0.0+/-0,0.0+/-0,0.0+/-0,0.0+/-0,0.0+/-0,0.0+/-0,0.0+/-0,0.0+/-0
Portugal,466661,1180704,0,0,0.0+/-0,0.0+/-0,0.0+/-0,0.0+/-0,0.0+/-0,0.0+/-0,0.0+/-0,0.0+/-0,0.0+/-0,0.0+/-0,0.0+/-0,0.0+/-0,0.0+/-0,0.0+/-0,0.0+/-0,0.0+/-0,0.0+/-0,0.0+/-0,0.0+/-0,0.0+/-0,0.0+/-0,0.0+/-0,0.0+/-0,0.0+/-0,0.0+/-0,0.0+/-0,0.0+/-0,0.0+/-0,0.0+/-0,0.0+/-0,0.0+/-0,0.0+/-0,0.0+/-0,0.0+/-0,0.0+/-0,0.0+/-0,0.0+/-0,0.0+/-0,0.0+/-0,0.0+/-0,0.0+/-0,0.0+/-0,0.0+/-0,0.0+/-0,0.0+/-0,0.0+/-0,0.0+/-0,0.0+/-0,0.0+/-0,0.0+/-0,0.0+/-0
Paraguay,395619,990098,0,0,0.0+/-0,0.0+/-0,0.0+/-0,0.0+/-0,0.0+/-0,0.0+/-0,0.0+/-0,0.0+/-0,0.0+/-0,0.0+/-0,0.0+/-0,0.0+/-0,0.0+/-0,0.0+/-0,0.0+/-0,0.0+/-0,0.0+/-0,0.0+/-0,0.0+/-0,0.0+/-0,0.0+/-0,0.0+/-0,0.0+/-0,0.0+/-0,0.0+/-0,0.0+/-0,0.0+/-0,0.0+/-0,0.0+/-0,0.0+/-0,0.0+/-0,0.0+/-0,0.0+/-0,0.0+/-0,0.0+/-0,0.0+/-0,0.0+/-0,0.0+/-0,0.0+/-0,0.0+/-0,0.0+/-0,0.0+/-0,0.0+/-0,0.0+/-0,0.0+/-0,0.0+/-0,0.0+/-0,0.0+/-0,0.0+/-0,0.0+/-0,0.0+/-0
Palestine,0,0,0,0,0.0+/-0,0.0+/-0,0.0+/-0,0.0+/-0,0.0+/-0,0.0+/-0,0.0+/-0,0.0+/-0,0.0+/-0,0.0+/-0,0.0+/-0,0.0+/-0,0.0+/-0,0.0+/-0,0.0+/-0,0.0+/-0,0.0+/-0,0.0+/-0,0.0+/-0,0.0+/-0,0.0+/-0,0.0+/-0,0.0+/-0,0.0+/-0,0.0+/-0,0.0+/-0,0.0+/-0,0.0+/-0,0.0+/-0,0.0+/-0,0.0+/-0,0.0+/-0,0.0+/-0,0.0+/-0,0.0+/-0,0.0+/-0,0.0+/-0,0.0+/-0,0.0+/-0,0.0+/-0,0.0+/-0,0.0+/-0,0.0+/-0,0.0+/-0,0.0+/-0,0.0+/-0,0.0+/-0,0.0+/-0,0.0+/-0,0.0+/-0,0.0+/-0
French Polynesia,11111,25228,0,0,0.0+/-0,0.0+/-0,0.0+/-0,0.0+/-0,0.0+/-0,0.0+/-0,0.0+/-0,0.0+/-0,0.0+/-0,0.0+/-0,0.0+/-0,0.0+/-0,0.0+/-0,0.0+/-0,0.0+/-0,0.0+/-0,0.0+/-0,0.0+/-0,0.0+/-0,0.0+/-0,0.0+/-0,0.0+/-0,0.0+/-0,0.0+/-0,0.0+/-0,0.0+/-0,0.0+/-0,0.0+/-0,0.0+/-0,0.0+/-0,0.0+/-0,0.0+/-0,0.0+/-0,0.0+/-0,0.0+/-0,0.0+/-0,0.0+/-0,0.0+/-0,0.0+/-0,0.0+/-0,0.0+/-0,0.0+/-0,0.0+/-0,0.0+/-0,0.0+/-0,0.0+/-0,0.0+/-0,0.0+/-0,0.0+/-0,0.0+/-0,0.0+/-0
Qatar,148741,395212,0,0,0.0+/-0,0.0+/-0,0.0+/-0,0.0+/-0,0.0+/-0,0.0+/-0,0.0+/-0,0.0+/-0,0.0+/-0,0.0+/-0,0.0+/-0,0.0+/-0,0.0+/-0,0.0+/-0,0.0+/-0,0.0+/-0,0.0+/-0,0.0+/-0,0.0+/-0,0.0+/-0,0.0+/-0,0.0+/-0,0.0+/-0,0.0+/-0,0.0+/-0,0.0+/-0,0.0+/-0,0.0+/-0,0.0+/-0,0.0+/-0,0.0+/-0,0.0+/-0,0.0+/-0,0.0+/-0,0.0+/-0,0.0+/-0,0.0+/-0,0.0+/-0,0.0+/-0,0.0+/-0,0.0+/-0,0.0+/-0,0.0+/-0,0.0+/-0,0.0+/-0,0.0+/-0,0.0+/-0,0.0+/-0,0.0+/-0,0.0+/-0,0.0+/-0
Romania,970407,2033630,0,0,0.0+/-0,0.0+/-0,0.0+/-0,0.0+/-0,0.0+/-0,0.0+/-0,0.0+/-0,0.0+/-0,0.0+/-0,0.0+/-0,0.0+/-0,0.0+/-0,0.0+/-0,0.0+/-0,0.0+/-0,0.0+/-0,0.0+/-0,0.0+/-0,0.0+/-0,0.0+/-0,0.0+/-0,0.0+/-0,0.0+/-0,0.0+/-0,0.0+/-0,0.0+/-0,0.0+/-0,0.0+/-0,0.0+/-0,0.0+/-0,0.0+/-0,0.0+/-0,0.0+/-0,0.0+/-0,0.0+/-0,0.0+/-0,0.0+/-0,0.0+/-0,0.0+/-0,0.0+/-0,0.0+/-0,0.0+/-0,0.0+/-0,0.0+/-0,0.0+/-0,0.0+/-0,0.0+/-0,0.0+/-0,0.0+/-0,0.0+/-0,0.0+/-0
Russia,7329959,15420169,0,0,0.0+/-0,0.0+/-0,0.0+/-0,0.0+/-0,0.0+/-0,0.0+/-0,0.0+/-0,0.0+/-0,0.0+/-0,0.0+/-0,0.0+/-0,0.0+/-0,0.0+/-0,0.0+/-0,0.0+/-0,0.0+/-0,0.0+/-0,0.0+/-0,0.0+/-0,0.0+/-0,0.0+/-0,0.0+/-0,0.0+/-0,0.0+/-0,0.0+/-0,0.0+/-0,0.0+/-0,0.0+/-0,0.0+/-0,0.0+/-0,0.0+/-0,0.0+/-0,0.0+/-0,0.0+/-0,0.0+/-0,0.0+/-0,0.0+/-0,0.0+/-0,0.0+/-0,0.0+/-0,0.0+/-0,0.0+/-0,0.0+/-0,0.0+/-0,0.0+/-0,0.0+/-0,0.0+/-0,0.0+/-0,0.0+/-0,0.0+/-0,0.0+/-0
Rwanda,539820,1447426,0,0,0.0+/-0,0.0+/-0,0.0+/-0,0.0+/-0,0.0+/-0,0.0+/-0,0.0+/-0,0.0+/-0,0.0+/-0,0.0+/-0,0.0+/-0,0.0+/-0,0.0+/-0,0.0+/-0,0.0+/-0,0.0+/-0,0.0+/-0,0.0+/-0,0.0+/-0,0.0+/-0,0.0+/-0,0.0+/-0,0.0+/-0,0.0+/-0,0.0+/-0,0.0+/-0,0.0+/-0,0.0+/-0,0.0+/-0,0.0+/-0,0.0+/-0,0.0+/-0,0.0+/-0,0.0+/-0,0.0+/-0,0.0+/-0,0.0+/-0,0.0+/-0,0.0+/-0,0.0+/-0,0.0+/-0,0.0+/-0,0.0+/-0,0.0+/-0,0.0+/-0,0.0+/-0,0.0+/-0,0.0+/-0,0.0+/-0,0.0+/-0,0.0+/-0
Saudi Arabia,1206769,3206437,0,0,0.0+/-0,0.0+/-0,0.0+/-0,0.0+/-0,0.0+/-0,0.0+/-0,0.0+/-0,0.0+/-0,0.0+/-0,0.0+/-0,0.0+/-0,0.0+/-0,0.0+/-0,0.0+/-0,0.0+/-0,0.0+/-0,0.0+/-0,0.0+/-0,0.0+/-0,0.0+/-0,0.0+/-0,0.0+/-0,0.0+/-0,0.0+/-0,0.0+/-0,0.0+/-0,0.0+/-0,0.0+/-0,0.0+/-0,0.0+/-0,0.0+/-0,0.0+/-0,0.0+/-0,0.0+/-0,0.0+/-0,0.0+/-0,0.0+/-0,0.0+/-0,0.0+/-0,0.0+/-0,0.0+/-0,0.0+/-0,0.0+/-0,0.0+/-0,0.0+/-0,0.0+/-0,0.0+/-0,0.0+/-0,0.0+/-0,0.0+/-0,0.0+/-0
Sudan,1134699,3228939,0,0,0.0+/-0,0.0+/-0,0.0+/-0,0.0+/-0,0.0+/-0,0.0+/-0,0.0+/-0,0.0+/-0,0.0+/-0,0.0+/-0,0.0+/-0,0.0+/-0,0.0+/-0,0.0+/-0,0.0+/-0,0.0+/-0,0.0+/-0,0.0+/-0,0.0+/-0,0.0+/-0,0.0+/-0,0.0+/-0,0.0+/-0,0.0+/-0,0.0+/-0,0.0+/-0,0.0+/-0,0.0+/-0,0.0+/-0,0.0+/-0,0.0+/-0,0.0+/-0,0.0+/-0,0.0+/-0,0.0+/-0,0.0+/-0,0.0+/-0,0.0+/-0,0.0+/-0,0.0+/-0,0.0+/-0,0.0+/-0,0.0+/-0,0.0+/-0,0.0+/-0,0.0+/-0,0.0+/-0,0.0+/-0,0.0+/-0,0.0+/-0,0.0+/-0
Senegal,661803,1927494,0,0,0.0+/-0,0.0+/-0,0.0+/-0,0.0+/-0,0.0+/-0,0.0+/-0,0.0+/-0,0.0+/-0,0.0+/-0,0.0+/-0,0.0+/-0,0.0+/-0,0.0+/-0,0.0+/-0,0.0+/-0,0.0+/-0,0.0+/-0,0.0+/-0,0.0+/-0,0.0+/-0,0.0+/-0,0.0+/-0,0.0+/-0,0.0+/-0,0.0+/-0,0.0+/-0,0.0+/-0,0.0+/-0,0.0+/-0,0.0+/-0,0.0+/-0,0.0+/-0,0.0+/-0,0.0+/-0,0.0+/-0,0.0+/-0,0.0+/-0,0.0+/-0,0.0+/-0,0.0+/-0,0.0+/-0,0.0+/-0,0.0+/-0,0.0+/-0,0.0+/-0,0.0+/-0,0.0+/-0,0.0+/-0,0.0+/-0,0.0+/-0,0.0+/-0
Singapore,47289,120726,0,0,0.0+/-0,0.0+/-0,0.0+/-0,0.0+/-0,0.0+/-0,0.0+/-0,0.0+/-0,0.0+/-0,0.0+/-0,0.0+/-0,0.0+/-0,0.0+/-0,0.0+/-0,0.0+/-0,0.0+/-0,0.0+/-0,0.0+/-0,0.0+/-0,0.0+/-0,0.0+/-0,0.0+/-0,0.0+/-0,0.0+/-0,0.0+/-0,0.0+/-0,0.0+/-0,0.0+/-0,0.0+/-0,0.0+/-0,0.0+/-0,0.0+/-0,0.0+/-0,0.0+/-0,0.0+/-0,0.0+/-0,0.0+/-0,0.0+/-0,0.0+/-0,0.0+/-0,0.0+/-0,0.0+/-0,0.0+/-0,0.0+/-0,0.0+/-0,0.0+/-0,0.0+/-0,0.0+/-0,0.0+/-0,0.0+/-0,0.0+/-0,0.0+/-0
Solomon Islands,47626,103659,0,0,0.0+/-0,0.0+/-0,0.0+/-0,0.0+/-0,0.0+/-0,0.0+/-0,0.0+/-0,0.0+/-0,0.0+/-0,0.0+/-0,0.0+/-0,0.0+/-0,0.0+/-0,0.0+/-0,0.0+/-0,0.0+/-0,0.0+/-0,0.0+/-0,0.0+/-0,0.0+/-0,0.0+/-0,0.0+/-0,0.0+/-0,0.0+/-0,0.0+/-0,0.0+/-0,0.0+/-0,0.0+/-0,0.0+/-0,0.0+/-0,0.0+/-0,0.0+/-0,0.0+/-0,0.0+/-0,0.0+/-0,0.0+/-0,0.0+/-0,0.0+/-0,0.0+/-0,0.0+/-0,0.0+/-0,0.0+/-0,0.0+/-0,0.0+/-0,0.0+/-0,0.0+/-0,0.0+/-0,0.0+/-0,0.0+/-0,0.0+/-0,0.0+/-0
Sierra Leone,303372,862222,0,0,0.0+/-0,0.0+/-0,0.0+/-0,0.0+/-0,0.0+/-0,0.0+/-0,0.0+/-0,0.0+/-0,0.0+/-0,0.0+/-0,0.0+/-0,0.0+/-0,0.0+/-0,0.0+/-0,0.0+/-0,0.0+/-0,0.0+/-0,0.0+/-0,0.0+/-0,0.0+/-0,0.0+/-0,0.0+/-0,0.0+/-0,0.0+/-0,0.0+/-0,0.0+/-0,0.0+/-0,0.0+/-0,0.0+/-0,0.0+/-0,0.0+/-0,0.0+/-0,0.0+/-0,0.0+/-0,0.0+/-0,0.0+/-0,0.0+/-0,0.0+/-0,0.0+/-0,0.0+/-0,0.0+/-0,0.0+/-0,0.0+/-0,0.0+/-0,0.0+/-0,0.0+/-0,0.0+/-0,0.0+/-0,0.0+/-0,0.0+/-0,0.0+/-0
El Salvador,303202,912179,0,0,0.0+/-0,0.0+/-0,0.0+/-0,0.0+/-0,0.0+/-0,0.0+/-0,0.0+/-0,0.0+/-0,0.0+/-0,0.0+/-0,0.0+/-0,0.0+/-0,0.0+/-0,0.0+/-0,0.0+/-0,0.0+/-0,0.0+/-0,0.0+/-0,0.0+/-0,0.0+/-0,0.0+/-0,0.0+/-0,0.0+/-0,0.0+/-0,0.0+/-0,0.0+/-0,0.0+/-0,0.0+/-0,0.0+/-0,0.0+/-0,0.0+/-0,0.0+/-0,0.0+/-0,0.0+/-0,0.0+/-0,0.0+/-0,0.0+/-0,0.0+/-0,0.0+/-0,0.0+/-0,0.0+/-0,0.0+/-0,0.0+/-0,0.0+/-0,0.0+/-0,0.0+/-0,0.0+/-0,0.0+/-0,0.0+/-0,0.0+/-0,0.0+/-0
San Marino,1044,3139,0,0,0.0+/-0,0.0+/-0,0.0+/-0,0.0+/-0,0.0+/-0,0.0+/-0,0.0+/-0,0.0+/-0,0.0+/-0,0.0+/-0,0.0+/-0,0.0+/-0,0.0+/-0,0.0+/-0,0.0+/-0,0.0+/-0,0.0+/-0,0.0+/-0,0.0+/-0,0.0+/-0,0.0+/-0,0.0+/-0,0.0+/-0,0.0+/-0,0.0+/-0,0.0+/-0,0.0+/-0,0.0+/-0,0.0+/-0,0.0+/-0,0.0+/-0,0.0+/-0,0.0+/-0,0.0+/-0,0.0+/-0,0.0+/-0,0.0+/-0,0.0+/-0,0.0+/-0,0.0+/-0,0.0+/-0,0.0+/-0,0.0+/-0,0.0+/-0,0.0+/-0,0.0+/-0,0.0+/-0,0.0+/-0,0.0+/-0,0.0+/-0,0.0+/-0
Somalia,281663,676191,0,0,0.0+/-0,0.0+/-0,0.0+/-0,0.0+/-0,0.0+/-0,0.0+/-0,0.0+/-0,0.0+/-0,0.0+/-0,0.0+/-0,0.0+/-0,0.0+/-0,0.0+/-0,0.0+/-0,0.0+/-0,0.0+/-0,0.0+/-0,0.0+/-0,0.0+/-0,0.0+/-0,0.0+/-0,0.0+/-0,0.0+/-0,0.0+/-0,0.0+/-0,0.0+/-0,0.0+/-0,0.0+/-0,0.0+/-0,0.0+/-0,0.0+/-0,0.0+/-0,0.0+/-0,0.0+/-0,0.0+/-0,0.0+/-0,0.0+/-0,0.0+/-0,0.0+/-0,0.0+/-0,0.0+/-0,0.0+/-0,0.0+/-0,0.0+/-0,0.0+/-0,0.0+/-0,0.0+/-0,0.0+/-0,0.0+/-0,0.0+/-0,0.0+/-0
Serbia,355555,696769,0,0,0.0+/-0,0.0+/-0,0.0+/-0,0.0+/-0,0.0+/-0,0.0+/-0,0.0+/-0,0.0+/-0,0.0+/-0,0.0+/-0,0.0+/-0,0.0+/-0,0.0+/-0,0.0+/-0,0.0+/-0,0.0+/-0,0.0+/-0,0.0+/-0,0.0+/-0,0.0+/-0,0.0+/-0,0.0+/-0,0.0+/-0,0.0+/-0,0.0+/-0,0.0+/-0,0.0+/-0,0.0+/-0,0.0+/-0,0.0+/-0,0.0+/-0,0.0+/-0,0.0+/-0,0.0+/-0,0.0+/-0,0.0+/-0,0.0+/-0,0.0+/-0,0.0+/-0,0.0+/-0,0.0+/-0,0.0+/-0,0.0+/-0,0.0+/-0,0.0+/-0,0.0+/-0,0.0+/-0,0.0+/-0,0.0+/-0,0.0+/-0,0.0+/-0
South Sudan,466066,1344648,0,0,0.0+/-0,0.0+/-0,0.0+/-0,0.0+/-0,0.0+/-0,0.0+/-0,0.0+/-0,0.0+/-0,0.0+/-0,0.0+/-0,0.0+/-0,0.0+/-0,0.0+/-0,0.0+/-0,0.0+/-0,0.0+/-0,0.0+/-0,0.0+/-0,0.0+/-0,0.0+/-0,0.0+/-0,0.0+/-0,0.0+/-0,0.0+/-0,0.0+/-0,0.0+/-0,0.0+/-0,0.0+/-0,0.0+/-0,0.0+/-0,0.0+/-0,0.0+/-0,0.0+/-0,0.0+/-0,0.0+/-0,0.0+/-0,0.0+/-0,0.0+/-0,0.0+/-0,0.0+/-0,0.0+/-0,0.0+/-0,0.0+/-0,0.0+/-0,0.0+/-0,0.0+/-0,0.0+/-0,0.0+/-0,0.0+/-0,0.0+/-0,0.0+/-0
Sao Tome and Principe,3634,10716,0,0,0.0+/-0,0.0+/-0,0.0+/-0,0.0+/-0,0.0+/-0,0.0+/-0,0.0+/-0,0.0+/-0,0.0+/-0,0.0+/-0,0.0+/-0,0.0+/-0,0.0+/-0,0.0+/-0,0.0+/-0,0.0+/-0,0.0+/-0,0.0+/-0,0.0+/-0,0.0+/-0,0.0+/-0,0.0+/-0,0.0+/-0,0.0+/-0,0.0+/-0,0.0+/-0,0.0+/-0,0.0+/-0,0.0+/-0,0.0+/-0,0.0+/-0,0.0+/-0,0.0+/-0,0.0+/-0,0.0+/-0,0.0+/-0,0.0+/-0,0.0+/-0,0.0+/-0,0.0+/-0,0.0+/-0,0.0+/-0,0.0+/-0,0.0+/-0,0.0+/-0,0.0+/-0,0.0+/-0,0.0+/-0,0.0+/-0,0.0+/-0,0.0+/-0
Suriname,26262,61042,0,0,0.0+/-0,0.0+/-0,0.0+/-0,0.0+/-0,0.0+/-0,0.0+/-0,0.0+/-0,0.0+/-0,0.0+/-0,0.0+/-0,0.0+/-0,0.0+/-0,0.0+/-0,0.0+/-0,0.0+/-0,0.0+/-0,0.0+/-0,0.0+/-0,0.0+/-0,0.0+/-0,0.0+/-0,0.0+/-0,0.0+/-0,0.0+/-0,0.0+/-0,0.0+/-0,0.0+/-0,0.0+/-0,0.0+/-0,0.0+/-0,0.0+/-0,0.0+/-0,0.0+/-0,0.0+/-0,0.0+/-0,0.0+/-0,0.0+/-0,0.0+/-0,0.0+/-0,0.0+/-0,0.0+/-0,0.0+/-0,0.0+/-0,0.0+/-0,0.0+/-0,0.0+/-0,0.0+/-0,0.0+/-0,0.0+/-0,0.0+/-0,0.0+/-0
Slovakia,257541,589943,0,0,0.0+/-0,0.0+/-0,0.0+/-0,0.0+/-0,0.0+/-0,0.0+/-0,0.0+/-0,0.0+/-0,0.0+/-0,0.0+/-0,0.0+/-0,0.0+/-0,0.0+/-0,0.0+/-0,0.0+/-0,0.0+/-0,0.0+/-0,0.0+/-0,0.0+/-0,0.0+/-0,0.0+/-0,0.0+/-0,0.0+/-0,0.0+/-0,0.0+/-0,0.0+/-0,0.0+/-0,0.0+/-0,0.0+/-0,0.0+/-0,0.0+/-0,0.0+/-0,0.0+/-0,0.0+/-0,0.0+/-0,0.0+/-0,0.0+/-0,0.0+/-0,0.0+/-0,0.0+/-0,0.0+/-0,0.0+/-0,0.0+/-0,0.0+/-0,0.0+/-0,0.0+/-0,0.0+/-0,0.0+/-0,0.0+/-0,0.0+/-0,0.0+/-0
Slovenia,92398,209737,0,0,0.0+/-0,0.0+/-0,0.0+/-0,0.0+/-0,0.0+/-0,0.0+/-0,0.0+/-0,0.0+/-0,0.0+/-0,0.0+/-0,0.0+/-0,0.0+/-0,0.0+/-0,0.0+/-0,0.0+/-0,0.0+/-0,0.0+/-0,0.0+/-0,0.0+/-0,0.0+/-0,0.0+/-0,0.0+/-0,0.0+/-0,0.0+/-0,0.0+/-0,0.0+/-0,0.0+/-0,0.0+/-0,0.0+/-0,0.0+/-0,0.0+/-0,0.0+/-0,0.0+/-0,0.0+/-0,0.0+/-0,0.0+/-0,0.0+/-0,0.0+/-0,0.0+/-0,0.0+/-0,0.0+/-0,0.0+/-0,0.0+/-0,0.0+/-0,0.0+/-0,0.0+/-0,0.0+/-0,0.0+/-0,0.0+/-0,0.0+/-0,0.0+/-0
Sweden,488229,1110674,0,0,0.0+/-0,0.0+/-0,0.0+/-0,0.0+/-0,0.0+/-0,0.0+/-0,0.0+/-0,0.0+/-0,0.0+/-0,0.0+/-0,0.0+/-0,0.0+/-0,0.0+/-0,0.0+/-0,0.0+/-0,0.0+/-0,0.0+/-0,0.0+/-0,0.0+/-0,0.0+/-0,0.0+/-0,0.0+/-0,0.0+/-0,0.0+/-0,0.0+/-0,0.0+/-0,0.0+/-0,0.0+/-0,0.0+/-0,0.0+/-0,0.0+/-0,0.0+/-0,0.0+/-0,0.0+/-0,0.0+/-0,0.0+/-0,0.0+/-0,0.0+/-0,0.0+/-0,0.0+/-0,0.0+/-0,0.0+/-0,0.0+/-0,0.0+/-0,0.0+/-0,0.0+/-0,0.0+/-0,0.0+/-0,0.0+/-0,0.0+/-0,0.0+/-0
Eswatini,42532,111713,0,0,0.0+/-0,0.0+/-0,0.0+/-0,0.0+/-0,0.0+/-0,0.0+/-0,0.0+/-0,0.0+/-0,0.0+/-0,0.0+/-0,0.0+/-0,0.0+/-0,0.0+/-0,0.0+/-0,0.0+/-0,0.0+/-0,0.0+/-0,0.0+/-0,0.0+/-0,0.0+/-0,0.0+/-0,0.0+/-0,0.0+/-0,0.0+/-0,0.0+/-0,0.0+/-0,0.0+/-0,0.0+/-0,0.0+/-0,0.0+/-0,0.0+/-0,0.0+/-0,0.0+/-0,0.0+/-0,0.0+/-0,0.0+/-0,0.0+/-0,0.0+/-0,0.0+/-0,0.0+/-0,0.0+/-0,0.0+/-0,0.0+/-0,0.0+/-0,0.0+/-0,0.0+/-0,0.0+/-0,0.0+/-0,0.0+/-0,0.0+/-0,0.0+/-0
Sint Maarten,2654,5064,0,0,0.0+/-0,0.0+/-0,0.0+/-0,0.0+/-0,0.0+/-0,0.0+/-0,0.0+/-0,0.0+/-0,0.0+/-0,0.0+/-0,0.0+/-0,0.0+/-0,0.0+/-0,0.0+/-0,0.0+/-0,0.0+/-0,0.0+/-0,0.0+/-0,0.0+/-0,0.0+/-0,0.0+/-0,0.0+/-0,0.0+/-0,0.0+/-0,0.0+/-0,0.0+/-0,0.0+/-0,0.0+/-0,0.0+/-0,0.0+/-0,0.0+/-0,0.0+/-0,0.0+/-0,0.0+/-0,0.0+/-0,0.0+/-0,0.0+/-0,0.0+/-0,0.0+/-0,0.0+/-0,0.0+/-0,0.0+/-0,0.0+/-0,0.0+/-0,0.0+/-0,0.0+/-0,0.0+/-0,0.0+/-0,0.0+/-0,0.0+/-0,0.0+/-0
Seychelles,10459,23812,0,0,0.0+/-0,0.0+/-0,0.0+/-0,0.0+/-0,0.0+/-0,0.0+/-0,0.0+/-0,0.0+/-0,0.0+/-0,0.0+/-0,0.0+/-0,0.0+/-0,0.0+/-0,0.0+/-0,0.0+/-0,0.0+/-0,0.0+/-0,0.0+/-0,0.0+/-0,0.0+/-0,0.0+/-0,0.0+/-0,0.0+/-0,0.0+/-0,0.0+/-0,0.0+/-0,0.0+/-0,0.0+/-0,0.0+/-0,0.0+/-0,0.0+/-0,0.0+/-0,0.0+/-0,0.0+/-0,0.0+/-0,0.0+/-0,0.0+/-0,0.0+/-0,0.0+/-0,0.0+/-0,0.0+/-0,0.0+/-0,0.0+/-0,0.0+/-0,0.0+/-0,0.0+/-0,0.0+/-0,0.0+/-0,0.0+/-0,0.0+/-0,0.0+/-0
Syria,702201,1752718,0,0,0.0+/-0,0.0+/-0,0.0+/-0,0.0+/-0,0.0+/-0,0.0+/-0,0.0+/-0,0.0+/-0,0.0+/-0,0.0+/-0,0.0+/-0,0.0+/-0,0.0+/-0,0.0+/-0,0.0+/-0,0.0+/-0,0.0+/-0,0.0+/-0,0.0+/-0,0.0+/-0,0.0+/-0,0.0+/-0,0.0+/-0,0.0+/-0,0.0+/-0,0.0+/-0,0.0+/-0,0.0+/-0,0.0+/-0,0.0+/-0,0.0+/-0,0.0+/-0,0.0+/-0,0.0+/-0,0.0+/-0,0.0+/-0,0.0+/-0,0.0+/-0,0.0+/-0,0.0+/-0,0.0+/-0,0.0+/-0,0.0+/-0,0.0+/-0,0.0+/-0,0.0+/-0,0.0+/-0,0.0+/-0,0.0+/-0,0.0+/-0,0.0+/-0
Turks and Caicos Islands,0,0,0,0,0.0+/-0,0.0+/-0,0.0+/-0,0.0+/-0,0.0+/-0,0.0+/-0,0.0+/-0,0.0+/-0,0.0+/-0,0.0+/-0,0.0+/-0,0.0+/-0,0.0+/-0,0.0+/-0,0.0+/-0,0.0+/-0,0.0+/-0,0.0+/-0,0.0+/-0,0.0+/-0,0.0+/-0,0.0+/-0,0.0+/-0,0.0+/-0,0.0+/-0,0.0+/-0,0.0+/-0,0.0+/-0,0.0+/-0,0.0+/-0,0.0+/-0,0.0+/-0,0.0+/-0,0.0+/-0,0.0+/-0,0.0+/-0,0.0+/-0,0.0+/-0,0.0+/-0,0.0+/-0,0.0+/-0,0.0+/-0,0.0+/-0,0.0+/-0,0.0+/-0,0.0+/-0,0.0+/-0,0.0+/-0,0.0+/-0,0.0+/-0,0.0+/-0
Chad,599152,1849986,0,0,0.0+/-0,0.0+/-0,0.0+/-0,0.0+/-0,0.0+/-0,0.0+/-0,0.0+/-0,0.0+/-0,0.0+/-0,0.0+/-0,0.0+/-0,0.0+/-0,0.0+/-0,0.0+/-0,0.0+/-0,0.0+/-0,0.0+/-0,0.0+/-0,0.0+/-0,0.0+/-0,0.0+/-0,0.0+/-0,0.0+/-0,0.0+/-0,0.0+/-0,0.0+/-0,0.0+/-0,0.0+/-0,0.0+/-0,0.0+/-0,0.0+/-0,0.0+/-0,0.0+/-0,0.0+/-0,0.0+/-0,0.0+/-0,0.0+/-0,0.0+/-0,0.0+/-0,0.0+/-0,0.0+/-0,0.0+/-0,0.0+/-0,0.0+/-0,0.0+/-0,0.0+/-0,0.0+/-0,0.0+/-0,0.0+/-0,0.0+/-0,0.0+/-0
Togo,354347,1108730,0,0,0.0+/-0,0.0+/-0,0.0+/-0,0.0+/-0,0.0+/-0,0.0+/-0,0.0+/-0,0.0+/-0,0.0+/-0,0.0+/-0,0.0+/-0,0.0+/-0,0.0+/-0,0.0+/-0,0.0+/-0,0.0+/-0,0.0+/-0,0.0+/-0,0.0+/-0,0.0+/-0,0.0+/-0,0.0+/-0,0.0+/-0,0.0+/-0,0.0+/-0,0.0+/-0,0.0+/-0,0.0+/-0,0.0+/-0,0.0+/-0,0.0+/-0,0.0+/-0,0.0+/-0,0.0+/-0,0.0+/-0,0.0+/-0,0.0+/-0,0.0+/-0,0.0+/-0,0.0+/-0,0.0+/-0,0.0+/-0,0.0+/-0,0.0+/-0,0.0+/-0,0.0+/-0,0.0+/-0,0.0+/-0,0.0+/-0,0.0+/-0,0.0+/-0
Thailand,5780808,11945257,0,0,0.0+/-0,0.0+/-0,0.0+/-0,0.0+/-0,0.0+/-0,0.0+/-0,0.0+/-0,0.0+/-0,0.0+/-0,0.0+/-0,0.0+/-0,0.0+/-0,0.0+/-0,0.0+/-0,0.0+/-0,0.0+/-0,0.0+/-0,0.0+/-0,0.0+/-0,0.0+/-0,0.0+/-0,0.0+/-0,0.0+/-0,0.0+/-0,0.0+/-0,0.0+/-0,0.0+/-0,0.0+/-0,0.0+/-0,0.0+/-0,0.0+/-0,0.0+/-0,0.0+/-0,0.0+/-0,0.0+/-0,0.0+/-0,0.0+/-0,0.0+/-0,0.0+/-0,0.0+/-0,0.0+/-0,0.0+/-0,0.0+/-0,0.0+/-0,0.0+/-0,0.0+/-0,0.0+/-0,0.0+/-0,0.0+/-0,0.0+/-0,0.0+/-0
Tajikistan,258092,625838,0,0,0.0+/-0,0.0+/-0,0.0+/-0,0.0+/-0,0.0+/-0,0.0+/-0,0.0+/-0,0.0+/-0,0.0+/-0,0.0+/-0,0.0+/-0,0.0+/-0,0.0+/-0,0.0+/-0,0.0+/-0,0.0+/-0,0.0+/-0,0.0+/-0,0.0+/-0,0.0+/-0,0.0+/-0,0.0+/-0,0.0+/-0,0.0+/-0,0.0+/-0,0.0+/-0,0.0+/-0,0.0+/-0,0.0+/-0,0.0+/-0,0.0+/-0,0.0+/-0,0.0+/-0,0.0+/-0,0.0+/-0,0.0+/-0,0.0+/-0,0.0+/-0,0.0+/-0,0.0+/-0,0.0+/-0,0.0+/-0,0.0+/-0,0.0+/-0,0.0+/-0,0.0+/-0,0.0+/-0,0.0+/-0,0.0+/-0,0.0+/-0,0.0+/-0
Turkmenistan,246202,466556,0,0,0.0+/-0,0.0+/-0,0.0+/-0,0.0+/-0,0.0+/-0,0.0+/-0,0.0+/-0,0.0+/-0,0.0+/-0,0.0+/-0,0.0+/-0,0.0+/-0,0.0+/-0,0.0+/-0,0.0+/-0,0.0+/-0,0.0+/-0,0.0+/-0,0.0+/-0,0.0+/-0,0.0+/-0,0.0+/-0,0.0+/-0,0.0+/-0,0.0+/-0,0.0+/-0,0.0+/-0,0.0+/-0,0.0+/-0,0.0+/-0,0.0+/-0,0.0+/-0,0.0+/-0,0.0+/-0,0.0+/-0,0.0+/-0,0.0+/-0,0.0+/-0,0.0+/-0,0.0+/-0,0.0+/-0,0.0+/-0,0.0+/-0,0.0+/-0,0.0+/-0,0.0+/-0,0.0+/-0,0.0+/-0,0.0+/-0,0.0+/-0,0.0+/-0
Timor-Leste,65995,135910,0,0,0.0+/-0,0.0+/-0,0.0+/-0,0.0+/-0,0.0+/-0,0.0+/-0,0.0+/-0,0.0+/-0,0.0+/-0,0.0+/-0,0.0+/-0,0.0+/-0,0.0+/-0,0.0+/-0,0.0+/-0,0.0+/-0,0.0+/-0,0.0+/-0,0.0+/-0,0.0+/-0,0.0+/-0,0.0+/-0,0.0+/-0,0.0+/-0,0.0+/-0,0.0+/-0,0.0+/-0,0.0+/-0,0.0+/-0,0.0+/-0,0.0+/-0,0.0+/-0,0.0+/-0,0.0+/-0,0.0+/-0,0.0+/-0,0.0+/-0,0.0+/-0,0.0+/-0,0.0+/-0,0.0+/-0,0.0+/-0,0.0+/-0,0.0+/-0,0.0+/-0,0.0+/-0,0.0+/-0,0.0+/-0,0.0+/-0,0.0+/-0,0.0+/-0
Tonga,2571,6573,0,0,0.0+/-0,0.0+/-0,0.0+/-0,0.0+/-0,0.0+/-0,0.0+/-0,0.0+/-0,0.0+/-0,0.0+/-0,0.0+/-0,0.0+/-0,0.0+/-0,0.0+/-0,0.0+/-0,0.0+/-0,0.0+/-0,0.0+/-0,0.0+/-0,0.0+/-0,0.0+/-0,0.0+/-0,0.0+/-0,0.0+/-0,0.0+/-0,0.0+/-0,0.0+/-0,0.0+/-0,0.0+/-0,0.0+/-0,0.0+/-0,0.0+/-0,0.0+/-0,0.0+/-0,0.0+/-0,0.0+/-0,0.0+/-0,0.0+/-0,0.0+/-0,0.0+/-0,0.0+/-0,0.0+/-0,0.0+/-0,0.0+/-0,0.0+/-0,0.0+/-0,0.0+/-0,0.0+/-0,0.0+/-0,0.0+/-0,0.0+/-0,0.0+/-0
Trinidad and Tobago,38998,108609,0,0,0.0+/-0,0.0+/-0,0.0+/-0,0.0+/-0,0.0+/-0,0.0+/-0,0.0+/-0,0.0+/-0,0.0+/-0,0.0+/-0,0.0+/-0,0.0+/-0,0.0+/-0,0.0+/-0,0.0+/-0,0.0+/-0,0.0+/-0,0.0+/-0,0.0+/-0,0.0+/-0,0.0+/-0,0.0+/-0,0.0+/-0,0.0+/-0,0.0+/-0,0.0+/-0,0.0+/-0,0.0+/-0,0.0+/-0,0.0+/-0,0.0+/-0,0.0+/-0,0.0+/-0,0.0+/-0,0.0+/-0,0.0+/-0,0.0+/-0,0.0+/-0,0.0+/-0,0.0+/-0,0.0+/-0,0.0+/-0,0.0+/-0,0.0+/-0,0.0+/-0,0.0+/-0,0.0+/-0,0.0+/-0,0.0+/-0,0.0+/-0,0.0+/-0
Tunisia,507490,1040573,0,0,0.0+/-0,0.0+/-0,0.0+/-0,0.0+/-0,0.0+/-0,0.0+/-0,0.0+/-0,0.0+/-0,0.0+/-0,0.0+/-0,0.0+/-0,0.0+/-0,0.0+/-0,0.0+/-0,0.0+/-0,0.0+/-0,0.0+/-0,0.0+/-0,0.0+/-0,0.0+/-0,0.0+/-0,0.0+/-0,0.0+/-0,0.0+/-0,0.0+/-0,0.0+/-0,0.0+/-0,0.0+/-0,0.0+/-0,0.0+/-0,0.0+/-0,0.0+/-0,0.0+/-0,0.0+/-0,0.0+/-0,0.0+/-0,0.0+/-0,0.0+/-0,0.0+/-0,0.0+/-0,0.0+/-0,0.0+/-0,0.0+/-0,0.0+/-0,0.0+/-0,0.0+/-0,0.0+/-0,0.0+/-0,0.0+/-0,0.0+/-0,0.0+/-0
Türkiye,4166398,9173902,0,0,0.0+/-0,0.0+/-0,0.0+/-0,0.0+/-0,0.0+/-0,0.0+/-0,0.0+/-0,0.0+/-0,0.0+/-0,0.0+/-0,0.0+/-0,0.0+/-0,0.0+/-0,0.0+/-0,0.0+/-0,0.0+/-0,0.0+/-0,0.0+/-0,0.0+/-0,0.0+/-0,0.0+/-0,0.0+/-0,0.0+/-0,0.0+/-0,0.0+/-0,0.0+/-0,0.0+/-0,0.0+/-0,0.0+/-0,0.0+/-0,0.0+/-0,0.0+/-0,0.0+/-0,0.0+/-0,0.0+/-0,0.0+/-0,0.0+/-0,0.0+/-0,0.0+/-0,0.0+/-0,0.0+/-0,0.0+/-0,0.0+/-0,0.0+/-0,0.0+/-0,0.0+/-0,0.0+/-0,0.0+/-0,0.0+/-0,0.0+/-0,0.0+/-0
Tuvalu,761,1568,0,0,0.0+/-0,0.0+/-0,0.0+/-0,0.0+/-0,0.0+/-0,0.0+/-0,0.0+/-0,0.0+/-0,0.0+/-0,0.0+/-0,0.0+/-0,0.0+/-0,0.0+/-0,0.0+/-0,0.0+/-0,0.0+/-0,0.0+/-0,0.0+/-0,0.0+/-0,0.0+/-0,0.0+/-0,0.0+/-0,0.0+/-0,0.0+/-0,0.0+/-0,0.0+/-0,0.0+/-0,0.0+/-0,0.0+/-0,0.0+/-0,0.0+/-0,0.0+/-0,0.0+/-0,0.0+/-0,0.0+/-0,0.0+/-0,0.0+/-0,0.0+/-0,0.0+/-0,0.0+/-0,0.0+/-0,0.0+/-0,0.0+/-0,0.0+/-0,0.0+/-0,0.0+/-0,0.0+/-0,0.0+/-0,0.0+/-0,0.0+/-0,0.0+/-0
Tanzania,7540315,9433518,0,0,0.0+/-0,0.0+/-0,0.0+/-0,0.0+/-0,0.0+/-0,0.0+/-0,0.0+/-0,0.0+/-0,0.0+/-0,0.0+/-0,0.0+/-0,0.0+/-0,0.0+/-0,0.0+/-0,0.0+/-0,0.0+/-0,0.0+/-0,0.0+/-0,0.0+/-0,0.0+/-0,0.0+/-0,0.0+/-0,0.0+/-0,0.0+/-0,0.0+/-0,0.0+/-0,0.0+/-0,0.0+/-0,0.0+/-0,0.0+/-0,0.0+/-0,0.0+/-0,0.0+/-0,0.0+/-0,0.0+/-0,0.0+/-0,0.0+/-0,0.0+/-0,0.0+/-0,0.0+/-0,0.0+/-0,0.0+/-0,0.0+/-0,0.0+/-0,0.0+/-0,0.0+/-0,0.0+/-0,0.0+/-0,0.0+/-0,0.0+/-0,0.0+/-0
Uganda,1791039,4099647,0,0,0.0+/-0,0.0+/-0,0.0+/-0,0.0+/-0,0.0+/-0,0.0+/-0,0.0+/-0,0.0+/-0,0.0+/-0,0.0+/-0,0.0+/-0,0.0+/-0,0.0+/-0,0.0+/-0,0.0+/-0,0.0+/-0,0.0+/-0,0.0+/-0,0.0+/-0,0.0+/-0,0.0+/-0,0.0+/-0,0.0+/-0,0.0+/-0,0.0+/-0,0.0+/-0,0.0+/-0,0.0+/-0,0.0+/-0,0.0+/-0,0.0+/-0,0.0+/-0,0.0+/-0,0.0+/-0,0.0+/-0,0.0+/-0,0.0+/-0,0.0+/-0,0.0+/-0,0.0+/-0,0.0+/-0,0.0+/-0,0.0+/-0,0.0+/-0,0.0+/-0,0.0+/-0,0.0+/-0,0.0+/-0,0.0+/-0,0.0+/-0,0.0+/-0
Ukraine,2283244,5142901,0,0,0.0+/-0,0.0+/-0,0.0+/-0,0.0+/-0,0.0+/-0,0.0+/-0,0.0+/-0,0.0+/-0,0.0+/-0,0.0+/-0,0.0+/-0,0.0+/-0,0.0+/-0,0.0+/-0,0.0+/-0,0.0+/-0,0.0+/-0,0.0+/-0,0.0+/-0,0.0+/-0,0.0+/-0,0.0+/-0,0.0+/-0,0.0+/-0,0.0+/-0,0.0+/-0,0.0+/-0,0.0+/-0,0.0+/-0,0.0+/-0,0.0+/-0,0.0+/-0,0.0+/-0,0.0+/-0,0.0+/-0,0.0+/-0,0.0+/-0,0.0+/-0,0.0+/-0,0.0+/-0,0.0+/-0,0.0+/-0,0.0+/-0,0.0+/-0,0.0+/-0,0.0+/-0,0.0+/-0,0.0+/-0,0.0+/-0,0.0+/-0,0.0+/-0
Uruguay,166060,443160,0,0,0.0+/-0,0.0+/-0,0.0+/-0,0.0+/-0,0.0+/-0,0.0+/-0,0.0+/-0,0.0+/-0,0.0+/-0,0.0+/-0,0.0+/-0,0.0+/-0,0.0+/-0,0.0+/-0,0.0+/-0,0.0+/-0,0.0+/-0,0.0+/-0,0.0+/-0,0.0+/-0,0.0+/-0,0.0+/-0,0.0+/-0,0.0+/-0,0.0+/-0,0.0+/-0,0.0+/-0,0.0+/-0,0.0+/-0,0.0+/-0,0.0+/-0,0.0+/-0,0.0+/-0,0.0+/-0,0.0+/-0,0.0+/-0,0.0+/-0,0.0+/-0,0.0+/-0,0.0+/-0,0.0+/-0,0.0+/-0,0.0+/-0,0.0+/-0,0.0+/-0,0.0+/-0,0.0+/-0,0.0+/-0,0.0+/-0,0.0+/-0,0.0+/-0
United States,14875379,35171707,0,0,(1.87+/-0.32)e+08,(1.87+/-0.32)e+08,(1.87+/-0.32)e+08,(1.87+/-0.32)e+08,(1.87+/-0.32)e+08,(1.87+/-0.32)e+08,(1.87+/-0.32)e+08,(1.87+/-0.32)e+08,(1.87+/-0.32)e+08,(1.87+/-0.32)e+08,(1.87+/-0.32)e+08,(1.87+/-0.32)e+08,(1.87+/-0.32)e+08,(1.87+/-0.32)e+08,(1.87+/-0.32)e+08,(1.87+/-0.32)e+08,(1.87+/-0.32)e+08,(1.87+/-0.32)e+08,(1.87+/-0.32)e+08,(1.87+/-0.32)e+08,(1.87+/-0.32)e+08,(1.87+/-0.32)e+08,(1.87+/-0.32)e+08,(1.87+/-0.32)e+08,(1.87+/-0.32)e+08,(1.87+/-0.32)e+08,(1.87+/-0.32)e+08,(1.87+/-0.32)e+08,(1.87+/-0.32)e+08,(1.87+/-0.32)e+08,(1.87+/-0.32)e+08,(1.87+/-0.32)e+08,(1.87+/-0.32)e+08,(1.87+/-0.32)e+08,(1.87+/-0.32)e+08,(1.87+/-0.32)e+08,(1.87+/-0.32)e+08,(1.87+/-0.32)e+08,(1.87+/-0.32)e+08,(1.87+/-0.32)e+08,(1.87+/-0.32)e+08,(1.87+/-0.32)e+08,(1.87+/-0.32)e+08,(1.87+/-0.32)e+08,(1.87+/-0.32)e+08,(1.87+/-0.32)e+08,(1.87+/-0.32)e+08,(1.87+/-0.32)e+08,(1.87+/-0.32)e+08,(1.87+/-0.32)e+08,(1.87+/-0.32)e+08
Uzbekistan,1513290,3015363,0,0,0.0+/-0,0.0+/-0,0.0+/-0,0.0+/-0,0.0+/-0,0.0+/-0,0.0+/-0,0.0+/-0,0.0+/-0,0.0+/-0,0.0+/-0,0.0+/-0,0.0+/-0,0.0+/-0,0.0+/-0,0.0+/-0,0.0+/-0,0.0+/-0,0.0+/-0,0.0+/-0,0.0+/-0,0.0+/-0,0.0+/-0,0.0+/-0,0.0+/-0,0.0+/-0,0.0+/-0,0.0+/-0,0.0+/-0,0.0+/-0,0.0+/-0,0.0+/-0,0.0+/-0,0.0+/-0,0.0+/-0,0.0+/-0,0.0+/-0,0.0+/-0,0.0+/-0,0.0+/-0,0.0+/-0,0.0+/-0,0.0+/-0,0.0+/-0,0.0+/-0,0.0+/-0,0.0+/-0,0.0+/-0,0.0+/-0,0.0+/-0,0.0+/-0
St. Vincent and the Grenadines,7267,10513,0,0,0.0+/-0,0.0+/-0,0.0+/-0,0.0+/-0,0.0+/-0,0.0+/-0,0.0+/-0,0.0+/-0,0.0+/-0,0.0+/-0,0.0+/-0,0.0+/-0,0.0+/-0,0.0+/-0,0.0+/-0,0.0+/-0,0.0+/-0,0.0+/-0,0.0+/-0,0.0+/-0,0.0+/-0,0.0+/-0,0.0+/-0,0.0+/-0,0.0+/-0,0.0+/-0,0.0+/-0,0.0+/-0,0.0+/-0,0.0+/-0,0.0+/-0,0.0+/-0,0.0+/-0,0.0+/-0,0.0+/-0,0.0+/-0,0.0+/-0,0.0+/-0,0.0+/-0,0.0+/-0,0.0+/-0,0.0+/-0,0.0+/-0,0.0+/-0,0.0+/-0,0.0+/-0,0.0+/-0,0.0+/-0,0.0+/-0,0.0+/-0,0.0+/-0
Venezuela,1204305,3030983,0,0,0.0+/-0,0.0+/-0,0.0+/-0,0.0+/-0,0.0+/-0,0.0+/-0,0.0+/-0,0.0+/-0,0.0+/-0,0.0+/-0,0.0+/-0,0.0+/-0,0.0+/-0,0.0+/-0,0.0+/-0,0.0+/-0,0.0+/-0,0.0+/-0,0.0+/-0,0.0+/-0,0.0+/-0,0.0+/-0,0.0+/-0,0.0+/-0,0.0+/-0,0.0+/-0,0.0+/-0,0.0+/-0,0.0+/-0,0.0+/-0,0.0+/-0,0.0+/-0,0.0+/-0,0.0+/-0,0.0+/-0,0.0+/-0,0.0+/-0,0.0+/-0,0.0+/-0,0.0+/-0,0.0+/-0,0.0+/-0,0.0+/-0,0.0+/-0,0.0+/-0,0.0+/-0,0.0+/-0,0.0+/-0,0.0+/-0,0.0+/-0,0.0+/-0
British Virgin Islands,2241,4984,0,0,0.0+/-0,0.0+/-0,0.0+/-0,0.0+/-0,0.0+/-0,0.0+/-0,0.0+/-0,0.0+/-0,0.0+/-0,0.0+/-0,0.0+/-0,0.0+/-0,0.0+/-0,0.0+/-0,0.0+/-0,0.0+/-0,0.0+/-0,0.0+/-0,0.0+/-0,0.0+/-0,0.0+/-0,0.0+/-0,0.0+/-0,0.0+/-0,0.0+/-0,0.0+/-0,0.0+/-0,0.0+/-0,0.0+/-0,0.0+/-0,0.0+/-0,0.0+/-0,0.0+/-0,0.0+/-0,0.0+/-0,0.0+/-0,0.0+/-0,0.0+/-0,0.0+/-0,0.0+/-0,0.0+/-0,0.0+/-0,0.0+/-0,0.0+/-0,0.0+/-0,0.0+/-0,0.0+/-0,0.0+/-0,0.0+/-0,0.0+/-0,0.0+/-0
United States Virgin Islands,4808,10693,0,0,0.0+/-0,0.0+/-0,0.0+/-0,0.0+/-0,0.0+/-0,0.0+/-0,0.0+/-0,0.0+/-0,0.0+/-0,0.0+/-0,0.0+/-0,0.0+/-0,0.0+/-0,0.0+/-0,0.0+/-0,0.0+/-0,0.0+/-0,0.0+/-0,0.0+/-0,0.0+/-0,0.0+/-0,0.0+/-0,0.0+/-0,0.0+/-0,0.0+/-0,0.0+/-0,0.0+/-0,0.0+/-0,0.0+/-0,0.0+/-0,0.0+/-0,0.0+/-0,0.0+/-0,0.0+/-0,0.0+/-0,0.0+/-0,0.0+/-0,0.0+/-0,0.0+/-0,0.0+/-0,0.0+/-0,0.0+/-0,0.0+/-0,0.0+/-0,0.0+/-0,0.0+/-0,0.0+/-0,0.0+/-0,0.0+/-0,0.0+/-0,0.0+/-0
Vietnam,6133712,14432256,0,0,0.0+/-0,0.0+/-0,0.0+/-0,0.0+/-0,0.0+/-0,0.0+/-0,0.0+/-0,0.0+/-0,0.0+/-0,0.0+/-0,0.0+/-0,0.0+/-0,0.0+/-0,0.0+/-0,0.0+/-0,0.0+/-0,0.0+/-0,0.0+/-0,0.0+/-0,0.0+/-0,0.0+/-0,0.0+/-0,0.0+/-0,0.0+/-0,0.0+/-0,0.0+/-0,0.0+/-0,0.0+/-0,0.0+/-0,0.0+/-0,0.0+/-0,0.0+/-0,0.0+/-0,0.0+/-0,0.0+/-0,0.0+/-0,0.0+/-0,0.0+/-0,0.0+/-0,0.0+/-0,0.0+/-0,0.0+/-0,0.0+/-0,0.0+/-0,0.0+/-0,0.0+/-0,0.0+/-0,0.0+/-0,0.0+/-0,0.0+/-0,0.0+/-0
Vanuatu,12036,24404,0,0,0.0+/-0,0.0+/-0,0.0+/-0,0.0+/-0,0.0+/-0,0.0+/-0,0.0+/-0,0.0+/-0,0.0+/-0,0.0+/-0,0.0+/-0,0.0+/-0,0.0+/-0,0.0+/-0,0.0+/-0,0.0+/-0,0.0+/-0,0.0+/-0,0.0+/-0,0.0+/-0,0.0+/-0,0.0+/-0,0.0+/-0,0.0+/-0,0.0+/-0,0.0+/-0,0.0+/-0,0.0+/-0,0.0+/-0,0.0+/-0,0.0+/-0,0.0+/-0,0.0+/-0,0.0+/-0,0.0+/-0,0.0+/-0,0.0+/-0,0.0+/-0,0.0+/-0,0.0+/-0,0.0+/-0,0.0+/-0,0.0+/-0,0.0+/-0,0.0+/-0,0.0+/-0,0.0+/-0,0.0+/-0,0.0+/-0,0.0+/-0,0.0+/-0
Samoa,5341,12126,0,0,0.0+/-0,0.0+/-0,0.0+/-0,0.0+/-0,0.0+/-0,0.0+/-0,0.0+/-0,0.0+/-0,0.0+/-0,0.0+/-0,0.0+/-0,0.0+/-0,0.0+/-0,0.0+/-0,0.0+/-0,0.0+/-0,0.0+/-0,0.0+/-0,0.0+/-0,0.0+/-0,0.0+/-0,0.0+/-0,0.0+/-0,0.0+/-0,0.0+/-0,0.0+/-0,0.0+/-0,0.0+/-0,0.0+/-0,0.0+/-0,0.0+/-0,0.0+/-0,0.0+/-0,0.0+/-0,0.0+/-0,0.0+/-0,0.0+/-0,0.0+/-0,0.0+/-0,0.0+/-0,0.0+/-0,0.0+/-0,0.0+/-0,0.0+/-0,0.0+/-0,0.0+/-0,0.0+/-0,0.0+/-0,0.0+/-0,0.0+/-0,0.0+/-0
Kosovo,39632,119820,0,0,0.0+/-0,0.0+/-0,0.0+/-0,0.0+/-0,0.0+/-0,0.0+/-0,0.0+/-0,0.0+/-0,0.0+/-0,0.0+/-0,0.0+/-0,0.0+/-0,0.0+/-0,0.0+/-0,0.0+/-0,0.0+/-0,0.0+/-0,0.0+/-0,0.0+/-0,0.0+/-0,0.0+/-0,0.0+/-0,0.0+/-0,0.0+/-0,0.0+/-0,0.0+/-0,0.0+/-0,0.0+/-0,0.0+/-0,0.0+/-0,0.0+/-0,0.0+/-0,0.0+/-0,0.0+/-0,0.0+/-0,0.0+/-0,0.0+/-0,0.0+/-0,0.0+/-0,0.0+/-0,0.0+/-0,0.0+/-0,0.0+/-0,0.0+/-0,0.0+/-0,0.0+/-0,0.0+/-0,0.0+/-0,0.0+/-0,0.0+/-0,0.0+/-0
Yemen,660210,1719841,0,0,0.0+/-0,0.0+/-0,0.0+/-0,0.0+/-0,0.0+/-0,0.0+/-0,0.0+/-0,0.0+/-0,0.0+/-0,0.0+/-0,0.0+/-0,0.0+/-0,0.0+/-0,0.0+/-0,0.0+/-0,0.0+/-0,0.0+/-0,0.0+/-0,0.0+/-0,0.0+/-0,0.0+/-0,0.0+/-0,0.0+/-0,0.0+/-0,0.0+/-0,0.0+/-0,0.0+/-0,0.0+/-0,0.0+/-0,0.0+/-0,0.0+/-0,0.0+/-0,0.0+/-0,0.0+/-0,0.0+/-0,0.0+/-0,0.0+/-0,0.0+/-0,0.0+/-0,0.0+/-0,0.0+/-0,0.0+/-0,0.0+/-0,0.0+/-0,0.0+/-0,0.0+/-0,0.0+/-0,0.0+/-0,0.0+/-0,0.0+/-0,0.0+/-0
South Africa,1719256,4888429,0,0,0.0+/-0,0.0+/-0,0.0+/-0,0.0+/-0,0.0+/-0,0.0+/-0,0.0+/-0,0.0+/-0,0.0+/-0,0.0+/-0,0.0+/-0,0.0+/-0,0.0+/-0,0.0+/-0,0.0+/-0,0.0+/-0,0.0+/-0,0.0+/-0,0.0+/-0,0.0+/-0,0.0+/-0,0.0+/-0,0.0+/-0,0.0+/-0,0.0+/-0,0.0+/-0,0.0+/-0,0.0+/-0,0.0+/-0,0.0+/-0,0.0+/-0,0.0+/-0,0.0+/-0,0.0+/-0,0.0+/-0,0.0+/-0,0.0+/-0,0.0+/-0,0.0+/-0,0.0+/-0,0.0+/-0,0.0+/-0,0.0+/-0,0.0+/-0,0.0+/-0,0.0+/-0,0.0+/-0,0.0+/-0,0.0+/-0,0.0+/-0,0.0+/-0
Zambia,375049,1184594,0,0,0.0+/-0,0.0+/-0,0.0+/-0,0.0+/-0,0.0+/-0,0.0+/-0,0.0+/-0,0.0+/-0,0.0+/-0,0.0+/-0,0.0+/-0,0.0+/-0,0.0+/-0,0.0+/-0,0.0+/-0,0.0+/-0,0.0+/-0,0.0+/-0,0.0+/-0,0.0+/-0,0.0+/-0,0.0+/-0,0.0+/-0,0.0+/-0,0.0+/-0,0.0+/-0,0.0+/-0,0.0+/-0,0.0+/-0,0.0+/-0,0.0+/-0,0.0+/-0,0.0+/-0,0.0+/-0,0.0+/-0,0.0+/-0,0.0+/-0,0.0+/-0,0.0+/-0,0.0+/-0,0.0+/-0,0.0+/-0,0.0+/-0,0.0+/-0,0.0+/-0,0.0+/-0,0.0+/-0,0.0+/-0,0.0+/-0,0.0+/-0,0.0+/-0
Zimbabwe,387577,1055573,0,0,0.0+/-0,0.0+/-0,0.0+/-0,0.0+/-0,0.0+/-0,0.0+/-0,0.0+/-0,0.0+/-0,0.0+/-0,0.0+/-0,0.0+/-0,0.0+/-0,0.0+/-0,0.0+/-0,0.0+/-0,0.0+/-0,0.0+/-0,0.0+/-0,0.0+/-0,0.0+/-0,0.0+/-0,0.0+/-0,0.0+/-0,0.0+/-0,0.0+/-0,0.0+/-0,0.0+/-0,0.0+/-0,0.0+/-0,0.0+/-0,0.0+/-0,0.0+/-0,0.0+/-0,0.0+/-0,0.0+/-0,0.0+/-0,0.0+/-0,0.0+/-0,0.0+/-0,0.0+/-0,0.0+/-0,0.0+/-0,0.0+/-0,0.0+/-0,0.0+/-0,0.0+/-0,0.0+/-0,0.0+/-0,0.0+/-0,0.0+/-0,0.0+/-0
Australia and New Zealand,1514445,3707037,0,0,0.0+/-0,0.0+/-0,0.0+/-0,0.0+/-0,0.0+/-0,0.0+/-0,0.0+/-0,0.0+/-0,0.0+/-0,0.0+/-0,0.0+/-0,0.0+/-0,0.0+/-0,0.0+/-0,0.0+/-0,0.0+/-0,0.0+/-0,0.0+/-0,0.0+/-0,0.0+/-0,0.0+/-0,0.0+/-0,0.0+/-0,0.0+/-0,0.0+/-0,0.0+/-0,0.0+/-0,0.0+/-0,0.0+/-0,0.0+/-0,0.0+/-0,0.0+/-0,0.0+/-0,0.0+/-0,0.0+/-0,0.0+/-0,0.0+/-0,0.0+/-0,0.0+/-0,0.0+/-0,0.0+/-0,0.0+/-0,0.0+/-0,0.0+/-0,0.0+/-0,0.0+/-0,0.0+/-0,0.0+/-0,0.0+/-0,0.0+/-0,0.0+/-0
Caribbean,1632863,4585422,0,0,0.0+/-0,0.0+/-0,0.0+/-0,0.0+/-0,0.0+/-0,0.0+/-0,0.0+/-0,0.0+/-0,0.0+/-0,0.0+/-0,0.0+/-0,0.0+/-0,0.0+/-0,0.0+/-0,0.0+/-0,0.0+/-0,0.0+/-0,0.0+/-0,0.0+/-0,0.0+/-0,0.0+/-0,0.0+/-0,0.0+/-0,0.0+/-0,0.0+/-0,0.0+/-0,0.0+/-0,0.0+/-0,0.0+/-0,0.0+/-0,0.0+/-0,0.0+/-0,0.0+/-0,0.0+/-0,0.0+/-0,0.0+/-0,0.0+/-0,0.0+/-0,0.0+/-0,0.0+/-0,0.0+/-0,0.0+/-0,0.0+/-0,0.0+/-0,0.0+/-0,0.0+/-0,0.0+/-0,0.0+/-0,0.0+/-0,0.0+/-0,0.0+/-0
Central America,7431680,22644736,0,0,0.0+/-0,0.0+/-0,0.0+/-0,0.0+/-0,0.0+/-0,0.0+/-0,0.0+/-0,0.0+/-0,0.0+/-0,0.0+/-0,0.0+/-0,0.0+/-0,0.0+/-0,0.0+/-0,0.0+/-0,0.0+/-0,0.0+/-0,0.0+/-0,0.0+/-0,0.0+/-0,0.0+/-0,0.0+/-0,0.0+/-0,0.0+/-0,0.0+/-0,0.0+/-0,0.0+/-0,0.0+/-0,0.0+/-0,0.0+/-0,0.0+/-0,0.0+/-0,0.0+/-0,0.0+/-0,0.0+/-0,0.0+/-0,0.0+/-0,0.0+/-0,0.0+/-0,0.0+/-0,0.0+/-0,0.0+/-0,0.0+/-0,0.0+/-0,0.0+/-0,0.0+/-0,0.0+/-0,0.0+/-0,0.0+/-0,0.0+/-0,0.0+/-0
Central Asia,3448788,6921160,0,0,0.0+/-0,0.0+/-0,0.0+/-0,0.0+/-0,0.0+/-0,0.0+/-0,0.0+/-0,0.0+/-0,0.0+/-0,0.0+/-0,0.0+/-0,0.0+/-0,0.0+/-0,0.0+/-0,0.0+/-0,0.0+/-0,0.0+/-0,0.0+/-0,0.0+/-0,0.0+/-0,0.0+/-0,0.0+/-0,0.0+/-0,0.0+/-0,0.0+/-0,0.0+/-0,0.0+/-0,0.0+/-0,0.0+/-0,0.0+/-0,0.0+/-0,0.0+/-0,0.0+/-0,0.0+/-0,0.0+/-0,0.0+/-0,0.0+/-0,0.0+/-0,0.0+/-0,0.0+/-0,0.0+/-0,0.0+/-0,0.0+/-0,0.0+/-0,0.0+/-0,0.0+/-0,0.0+/-0,0.0+/-0,0.0+/-0,0.0+/-0,0.0+/-0
Eastern Africa,22967547,41803383,0,0,0.0+/-0,0.0+/-0,0.0+/-0,0.0+/-0,0.0+/-0,0.0+/-0,0.0+/-0,0.0+/-0,0.0+/-0,0.0+/-0,0.0+/-0,0.0+/-0,0.0+/-0,0.0+/-0,0.0+/-0,0.0+/-0,0.0+/-0,0.0+/-0,0.0+/-0,0.0+/-0,0.0+/-0,0.0+/-0,0.0+/-0,0.0+/-0,0.0+/-0,0.0+/-0,0.0+/-0,0.0+/-0,0.0+/-0,0.0+/-0,0.0+/-0,0.0+/-0,0.0+/-0,0.0+/-0,0.0+/-0,0.0+/-0,0.0+/-0,0.0+/-0,0.0+/-0,0.0+/-0,0.0+/-0,0.0+/-0,0.0+/-0,0.0+/-0,0.0+/-0,0.0+/-0,0.0+/-0,0.0+/-0,0.0+/-0,0.0+/-0,0.0+/-0
Eastern Asia,99781371,216069227,0,0,(4.1+/-0.6)e+08,(4.1+/-0.6)e+08,(4.1+/-0.6)e+08,(4.1+/-0.6)e+08,(4.1+/-0.6)e+08,(4.1+/-0.6)e+08,(4.1+/-0.6)e+08,(4.1+/-0.6)e+08,(4.1+/-0.6)e+08,(4.1+/-0.6)e+08,(4.1+/-0.6)e+08,(4.1+/-0.6)e+08,(4.1+/-0.6)e+08,(4.1+/-0.6)e+08,(4.1+/-0.6)e+08,(4.1+/-0.6)e+08,(4.1+/-0.6)e+08,(4.1+/-0.6)e+08,(4.1+/-0.6)e+08,(4.1+/-0.6)e+08,(4.1+/-0.6)e+08,(4.1+/-0.6)e+08,(4.1+/-0.6)e+08,(4.1+/-0.6)e+08,(4.1+/-0.6)e+08,(4.1+/-0.6)e+08,(4.1+/-0.6)e+08,(4.1+/-0.6)e+08,(4.1+/-0.6)e+08,(4.1+/-0.6)e+08,(4.1+/-0.6)e+08,(4.1+/-0.6)e+08,(4.1+/-0.6)e+08,(4.1+/-0.6)e+08,(4.1+/-0.6)e+08,(4.1+/-0.6)e+08,(4.1+/-0.6)e+08,(4.1+/-0.6)e+08,(4.1+/-0.6)e+08,(4.1+/-0.6)e+08,(4.1+/-0.6)e+08,(4.1+/-0.6)e+08,(4.1+/-0.6)e+08,(4.1+/-0.6)e+08,(4.1+/-0.6)e+08,(4.1+/-0.6)e+08,(4.1+/-0.6)e+08,(4.1+/-0.6)e+08,(4.1+/-0.6)e+08,(4.1+/-0.6)e+08,(4.1+/-0.6)e+08
Eastern Europe,14371334,30807773,0,0,0.0+/-0,0.0+/-0,0.0+/-0,0.0+/-0,0.0+/-0,0.0+/-0,0.0+/-0,0.0+/-0,0.0+/-0,0.0+/-0,0.0+/-0,0.0+/-0,0.0+/-0,0.0+/-0,0.0+/-0,0.0+/-0,0.0+/-0,0.0+/-0,0.0+/-0,0.0+/-0,0.0+/-0,0.0+/-0,0.0+/-0,0.0+/-0,0.0+/-0,0.0+/-0,0.0+/-0,0.0+/-0,0.0+/-0,0.0+/-0,0.0+/-0,0.0+/-0,0.0+/-0,0.0+/-0,0.0+/-0,0.0+/-0,0.0+/-0,0.0+/-0,0.0+/-0,0.0+/-0,0.0+/-0,0.0+/-0,0.0+/-0,0.0+/-0,0.0+/-0,0.0+/-0,0.0+/-0,0.0+/-0,0.0+/-0,0.0+/-0,0.0+/-0
Melanesia,552278,1334483,0,0,0.0+/-0,0.0+/-0,0.0+/-0,0.0+/-0,0.0+/-0,0.0+/-0,0.0+/-0,0.0+/-0,0.0+/-0,0.0+/-0,0.0+/-0,0.0+/-0,0.0+/-0,0.0+/-0,0.0+/-0,0.0+/-0,0.0+/-0,0.0+/-0,0.0+/-0,0.0+/-0,0.0+/-0,0.0+/-0,0.0+/-0,0.0+/-0,0.0+/-0,0.0+/-0,0.0+/-0,0.0+/-0,0.0+/-0,0.0+/-0,0.0+/-0,0.0+/-0,0.0+/-0,0.0+/-0,0.0+/-0,0.0+/-0,0.0+/-0,0.0+/-0,0.0+/-0,0.0+/-0,0.0+/-0,0.0+/-0,0.0+/-0,0.0+/-0,0.0+/-0,0.0+/-0,0.0+/-0,0.0+/-0,0.0+/-0,0.0+/-0,0.0+/-0
Micronesia,16541,39694,0,0,0.0+/-0,0.0+/-0,0.0+/-0,0.0+/-0,0.0+/-0,0.0+/-0,0.0+/-0,0.0+/-0,0.0+/-0,0.0+/-0,0.0+/-0,0.0+/-0,0.0+/-0,0.0+/-0,0.0+/-0,0.0+/-0,0.0+/-0,0.0+/-0,0.0+/-0,0.0+/-0,0.0+/-0,0.0+/-0,0.0+/-0,0.0+/-0,0.0+/-0,0.0+/-0,0.0+/-0,0.0+/-0,0.0+/-0,0.0+/-0,0.0+/-0,0.0+/-0,0.0+/-0,0.0+/-0,0.0+/-0,0.0+/-0,0.0+/-0,0.0+/-0,0.0+/-0,0.0+/-0,0.0+/-0,0.0+/-0,0.0+/-0,0.0+/-0,0.0+/-0,0.0+/-0,0.0+/-0,0.0+/-0,0.0+/-0,0.0+/-0,0.0+/-0
Middle Africa,8283909,15756268,0,0,0.0+/-0,0.0+/-0,0.0+/-0,0.0+/-0,0.0+/-0,0.0+/-0,0.0+/-0,0.0+/-0,0.0+/-0,0.0+/-0,0.0+/-0,0.0+/-0,0.0+/-0,0.0+/-0,0.0+/-0,0.0+/-0,0.0+/-0,0.0+/-0,0.0+/-0,0.0+/-0,0.0+/-0,0.0+/-0,0.0+/-0,0.0+/-0,0.0+/-0,0.0+/-0,0.0+/-0,0.0+/-0,0.0+/-0,0.0+/-0,0.0+/-0,0.0+/-0,0.0+/-0,0.0+/-0,0.0+/-0,0.0+/-0,0.0+/-0,0.0+/-0,0.0+/-0,0.0+/-0,0.0+/-0,0.0+/-0,0.0+/-0,0.0+/-0,0.0+/-0,0.0+/-0,0.0+/-0,0.0+/-0,0.0+/-0,0.0+/-0,0.0+/-0
Northern Africa,9047700,20060987,0,0,0.0+/-0,0.0+/-0,0.0+/-0,0.0+/-0,0.0+/-0,0.0+/-0,0.0+/-0,0.0+/-0,0.0+/-0,0.0+/-0,0.0+/-0,0.0+/-0,0.0+/-0,0.0+/-0,0.0+/-0,0.0+/-0,0.0+/-0,0.0+/-0,0.0+/-0,0.0+/-0,0.0+/-0,0.0+/-0,0.0+/-0,0.0+/-0,0.0+/-0,0.0+/-0,0.0+/-0,0.0+/-0,0.0+/-0,0.0+/-0,0.0+/-0,0.0+/-0,0.0+/-0,0.0+/-0,0.0+/-0,0.0+/-0,0.0+/-0,0.0+/-0,0.0+/-0,0.0+/-0,0.0+/-0,0.0+/-0,0.0+/-0,0.0+/-0,0.0+/-0,0.0+/-0,0.0+/-0,0.0+/-0,0.0+/-0,0.0+/-0,0.0+/-0
Northern America,16840934,39818569,0,0,(1.87+/-0.32)e+08,(1.87+/-0.32)e+08,(1.87+/-0.32)e+08,(1.87+/-0.32)e+08,(1.87+/-0.32)e+08,(1.87+/-0.32)e+08,(1.87+/-0.32)e+08,(1.87+/-0.32)e+08,(1.87+/-0.32)e+08,(1.87+/-0.32)e+08,(1.87+/-0.32)e+08,(1.87+/-0.32)e+08,(1.87+/-0.32)e+08,(1.87+/-0.32)e+08,(1.87+/-0.32)e+08,(1.87+/-0.32)e+08,(1.87+/-0.32)e+08,(1.87+/-0.32)e+08,(1.87+/-0.32)e+08,(1.87+/-0.32)e+08,(1.87+/-0.32)e+08,(1.87+/-0.32)e+08,(1.87+/-0.32)e+08,(1.87+/-0.32)e+08,(1.87+/-0.32)e+08,(1.87+/-0.32)e+08,(1.87+/-0.32)e+08,(1.87+/-0.32)e+08,(1.87+/-0.32)e+08,(1.87+/-0.32)e+08,(1.87+/-0.32)e+08,(1.87+/-0.32)e+08,(1.87+/-0.32)e+08,(1.87+/-0.32)e+08,(1.87+/-0.32)e+08,(1.87+/-0.32)e+08,(1.87+/-0.32)e+08,(1.87+/-0.32)e+08,(1.87+/-0.32)e+08,(1.87+/-0.32)e+08,(1.87+/-0.32)e+08,(1.87+/-0.32)e+08,(1.87+/-0.32)e+08,(1.87+/-0.32)e+08,(1.87+/-0.32)e+08,(1.87+/-0.32)e+08,(1.87+/-0.32)e+08,(1.87+/-0.32)e+08,(1.87+/-0.32)e+08,(1.87+/-0.32)e+08,(1.87+/-0.32)e+08
Northern Europe,4541496,11229979,0,0,(2.10+/-0.35)e+07,(2.10+/-0.35)e+07,(2.10+/-0.35)e+07,(2.10+/-0.35)e+07,(2.10+/-0.35)e+07,(2.10+/-0.35)e+07,(2.10+/-0.35)e+07,(2.10+/-0.35)e+07,(2.10+/-0.35)e+07,(2.10+/-0.35)e+07,(2.10+/-0.35)e+07,(2.10+/-0.35)e+07,(2.10+/-0.35)e+07,(2.10+/-0.35)e+07,(2.10+/-0.35)e+07,(2.10+/-0.35)e+07,(2.10+/-0.35)e+07,(2.10+/-0.35)e+07,(2.10+/-0.35)e+07,(2.10+/-0.35)e+07,(2.10+/-0.35)e+07,(2.10+/-0.35)e+07,(2.10+/-0.35)e+07,(2.10+/-0.35)e+07,(2.10+/-0.35)e+07,(2.10+/-0.35)e+07,(2.10+/-0.35)e+07,(2.10+/-0.35)e+07,(2.10+/-0.35)e+07,(2.10+/-0.35)e+07,(2.10+/-0.35)e+07,(2.10+/-0.35)e+07,(2.10+/-0.35)e+07,(2.10+/-0.35)e+07,(2.10+/-0.35)e+07,(2.10+/-0.35)e+07,(2.10+/-0.35)e+07,(2.10+/-0.35)e+07,(2.10+/-0.35)e+07,(2.10+/-0.35)e+07,(2.10+/-0.35)e+07,(2.10+/-0.35)e+07,(2.10+/-0.35)e+07,(2.10+/-0.35)e+07,(2.10+/-0.35)e+07,(2.10+/-0.35)e+07,(2.10+/-0.35)e+07,(2.10+/-0.35)e+07,(2.10+/-0.35)e+07,(2.10+/-0.35)e+07,(2.10+/-0.35)e+07
Polynesia,25602,58294,0,0,0.0+/-0,0.0+/-0,0.0+/-0,0.0+/-0,0.0+/-0,0.0+/-0,0.0+/-0,0.0+/-0,0.0+/-0,0.0+/-0,0.0+/-0,0.0+/-0,0.0+/-0,0.0+/-0,0.0+/-0,0.0+/-0,0.0+/-0,0.0+/-0,0.0+/-0,0.0+/-0,0.0+/-0,0.0+/-0,0.0+/-0,0.0+/-0,0.0+/-0,0.0+/-0,0.0+/-0,0.0+/-0,0.0+/-0,0.0+/-0,0.0+/-0,0.0+/-0,0.0+/-0,0.0+/-0,0.0+/-0,0.0+/-0,0.0+/-0,0.0+/-0,0.0+/-0,0.0+/-0,0.0+/-0,0.0+/-0,0.0+/-0,0.0+/-0,0.0+/-0,0.0+/-0,0.0+/-0,0.0+/-0,0.0+/-0,0.0+/-0,0.0+/-0
South America,21038214,57568306,0,0,0.0+/-0,0.0+/-0,0.0+/-0,0.0+/-0,0.0+/-0,0.0+/-0,0.0+/-0,0.0+/-0,0.0+/-0,0.0+/-0,0.0+/-0,0.0+/-0,0.0+/-0,0.0+/-0,0.0+/-0,0.0+/-0,0.0+/-0,0.0+/-0,0.0+/-0,0.0+/-0,0.0+/-0,0.0+/-0,0.0+/-0,0.0+/-0,0.0+/-0,0.0+/-0,0.0+/-0,0.0+/-0,0.0+/-0,0.0+/-0,0.0+/-0,0.0+/-0,0.0+/-0,0.0+/-0,0.0+/-0,0.0+/-0,0.0+/-0,0.0+/-0,0.0+/-0,0.0+/-0,0.0+/-0,0.0+/-0,0.0+/-0,0.0+/-0,0.0+/-0,0.0+/-0,0.0+/-0,0.0+/-0,0.0+/-0,0.0+/-0,0.0+/-0
South-eastern Asia,43157221,101335251,0,0,0.0+/-0,0.0+/-0,0.0+/-0,0.0+/-0,0.0+/-0,0.0+/-0,0.0+/-0,0.0+/-0,0.0+/-0,0.0+/-0,0.0+/-0,0.0+/-0,0.0+/-0,0.0+/-0,0.0+/-0,0.0+/-0,0.0+/-0,0.0+/-0,0.0+/-0,0.0+/-0,0.0+/-0,0.0+/-0,0.0+/-0,0.0+/-0,0.0+/-0,0.0+/-0,0.0+/-0,0.0+/-0,0.0+/-0,0.0+/-0,0.0+/-0,0.0+/-0,0.0+/-0,0.0+/-0,0.0+/-0,0.0+/-0,0.0+/-0,0.0+/-0,0.0+/-0,0.0+/-0,0.0+/-0,0.0+/-0,0.0+/-0,0.0+/-0,0.0+/-0,0.0+/-0,0.0+/-0,0.0+/-0,0.0+/-0,0.0+/-0,0.0+/-0
Southern Africa,2039984,5673452,0,0,0.0+/-0,0.0+/-0,0.0+/-0,0.0+/-0,0.0+/-0,0.0+/-0,0.0+/-0,0.0+/-0,0.0+/-0,0.0+/-0,0.0+/-0,0.0+/-0,0.0+/-0,0.0+/-0,0.0+/-0,0.0+/-0,0.0+/-0,0.0+/-0,0.0+/-0,0.0+/-0,0.0+/-0,0.0+/-0,0.0+/-0,0.0+/-0,0.0+/-0,0.0+/-0,0.0+/-0,0.0+/-0,0.0+/-0,0.0+/-0,0.0+/-0,0.0+/-0,0.0+/-0,0.0+/-0,0.0+/-0,0.0+/-0,0.0+/-0,0.0+/-0,0.0+/-0,0.0+/-0,0.0+/-0,0.0+/-0,0.0+/-0,0.0+/-0,0.0+/-0,0.0+/-0,0.0+/-0,0.0+/-0,0.0+/-0,0.0+/-0,0.0+/-0
Southern Asia,130193456,219310862,0,0,0.0+/-0,0.0+/-0,0.0+/-0,0.0+/-0,0.0+/-0,0.0+/-0,0.0+/-0,0.0+/-0,0.0+/-0,0.0+/-0,0.0+/-0,0.0+/-0,0.0+/-0,0.0+/-0,0.0+/-0,0.0+/-0,0.0+/-0,0.0+/-0,0.0+/-0,0.0+/-0,0.0+/-0,0.0+/-0,0.0+/-0,0.0+/-0,0.0+/-0,0.0+/-0,0.0+/-0,0.0+/-0,0.0+/-0,0.0+/-0,0.0+/-0,0.0+/-0,0.0+/-0,0.0+/-0,0.0+/-0,0.0+/-0,0.0+/-0,0.0+/-0,0.0+/-0,0.0+/-0,0.0+/-0,0.0+/-0,0.0+/-0,0.0+/-0,0.0+/-0,0.0+/-0,0.0+/-0,0.0+/-0,0.0+/-0,0.0+/-0,0.0+/-0
Southern Europe,6278275,15800689,0,0,0.0+/-0,0.0+/-0,0.0+/-0,0.0+/-0,0.0+/-0,0.0+/-0,0.0+/-0,0.0+/-0,0.0+/-0,0.0+/-0,0.0+/-0,0.0+/-0,0.0+/-0,0.0+/-0,0.0+/-0,0.0+/-0,0.0+/-0,0.0+/-0,0.0+/-0,0.0+/-0,0.0+/-0,0.0+/-0,0.0+/-0,0.0+/-0,0.0+/-0,0.0+/-0,0.0+/-0,0.0+/-0,0.0+/-0,0.0+/-0,0.0+/-0,0.0+/-0,0.0+/-0,0.0+/-0,0.0+/-0,0.0+/-0,0.0+/-0,0.0+/-0,0.0+/-0,0.0+/-0,0.0+/-0,0.0+/-0,0.0+/-0,0.0+/-0,0.0+/-0,0.0+/-0,0.0+/-0,0.0+/-0,0.0+/-0,0.0+/-0,0.0+/-0
Western Africa,13326746,33355705,0,0,0.0+/-0,0.0+/-0,0.0+/-0,0.0+/-0,0.0+/-0,0.0+/-0,0.0+/-0,0.0+/-0,0.0+/-0,0.0+/-0,0.0+/-0,0.0+/-0,0.0+/-0,0.0+/-0,0.0+/-0,0.0+/-0,0.0+/-0,0.0+/-0,0.0+/-0,0.0+/-0,0.0+/-0,0.0+/-0,0.0+/-0,0.0+/-0,0.0+/-0,0.0+/-0,0.0+/-0,0.0+/-0,0.0+/-0,0.0+/-0,0.0+/-0,0.0+/-0,0.0+/-0,0.0+/-0,0.0+/-0,0.0+/-0,0.0+/-0,0.0+/-0,0.0+/-0,0.0+/-0,0.0+/-0,0.0+/-0,0.0+/-0,0.0+/-0,0.0+/-0,0.0+/-0,0.0+/-0,0.0+/-0,0.0+/-0,0.0+/-0,0.0+/-0
Western Asia,11107604,26056150,0,0,0.0+/-0,0.0+/-0,0.0+/-0,0.0+/-0,0.0+/-0,0.0+/-0,0.0+/-0,0.0+/-0,0.0+/-0,0.0+/-0,0.0+/-0,0.0+/-0,0.0+/-0,0.0+/-0,0.0+/-0,0.0+/-0,0.0+/-0,0.0+/-0,0.0+/-0,0.0+/-0,0.0+/-0,0.0+/-0,0.0+/-0,0.0+/-0,0.0+/-0,0.0+/-0,0.0+/-0,0.0+/-0,0.0+/-0,0.0+/-0,0.0+/-0,0.0+/-0,0.0+/-0,0.0+/-0,0.0+/-0,0.0+/-0,0.0+/-0,0.0+/-0,0.0+/-0,0.0+/-0,0.0+/-0,0.0+/-0,0.0+/-0,0.0+/-0,0.0+/-0,0.0+/-0,0.0+/-0,0.0+/-0,0.0+/-0,0.0+/-0,0.0+/-0
Western Europe,8840360,20055431,0,0,(8.5+/-1.2)e+07,(8.5+/-1.2)e+07,(8.5+/-1.2)e+07,(8.5+/-1.2)e+07,(8.5+/-1.2)e+07,(8.5+/-1.2)e+07,(8.5+/-1.2)e+07,(8.5+/-1.2)e+07,(8.5+/-1.2)e+07,(8.5+/-1.2)e+07,(8.5+/-1.2)e+07,(8.5+/-1.2)e+07,(8.5+/-1.2)e+07,(8.5+/-1.2)e+07,(8.5+/-1.2)e+07,(8.5+/-1.2)e+07,(8.5+/-1.2)e+07,(8.5+/-1.2)e+07,(8.5+/-1.2)e+07,(8.5+/-1.2)e+07,(8.5+/-1.2)e+07,(8.5+/-1.2)e+07,(8.5+/-1.2)e+07,(8.5+/-1.2)e+07,(8.5+/-1.2)e+07,(8.5+/-1.2)e+07,(8.5+/-1.2)e+07,(8.5+/-1.2)e+07,(8.5+/-1.2)e+07,(8.5+/-1.2)e+07,(8.5+/-1.2)e+07,(8.5+/-1.2)e+07,(8.5+/-1.2)e+07,(8.5+/-1.2)e+07,(8.5+/-1.2)e+07,(8.5+/-1.2)e+07,(8.5+/-1.2)e+07,(8.5+/-1.2)e+07,(8.5+/-1.2)e+07,(8.5+/-1.2)e+07,(8.5+/-1.2)e+07,(8.5+/-1.2)e+07,(8.5+/-1.2)e+07,(8.5+/-1.2)e+07,(8.5+/-1.2)e+07,(8.5+/-1.2)e+07,(8.5+/-1.2)e+07,(8.5+/-1.2)e+07,(8.5+/-1.2)e+07,(8.5+/-1.2)e+07,(8.5+/-1.2)e+07
Global,426438348,893992858,0,0,(7.0+/-0.8)e+08,(7.0+/-0.8)e+08,(7.0+/-0.8)e+08,(7.0+/-0.8)e+08,(7.0+/-0.8)e+08,(7.0+/-0.8)e+08,(7.0+/-0.8)e+08,(7.0+/-0.8)e+08,(7.0+/-0.8)e+08,(7.0+/-0.8)e+08,(7.0+/-0.8)e+08,(7.0+/-0.8)e+08,(7.0+/-0.8)e+08,(7.0+/-0.8)e+08,(7.0+/-0.8)e+08,(7.0+/-0.8)e+08,(7.0+/-0.8)e+08,(7.0+/-0.8)e+08,(7.0+/-0.8)e+08,(7.0+/-0.8)e+08,(7.0+/-0.8)e+08,(7.0+/-0.8)e+08,(7.0+/-0.8)e+08,(7.0+/-0.8)e+08,(7.0+/-0.8)e+08,(7.0+/-0.8)e+08,(7.0+/-0.8)e+08,(7.0+/-0.8)e+08,(7.0+/-0.8)e+08,(7.0+/-0.8)e+08,(7.0+/-0.8)e+08,(7.0+/-0.8)e+08,(7.0+/-0.8)e+08,(7.0+/-0.8)e+08,(7.0+/-0.8)e+08,(7.0+/-0.8)e+08,(7.0+/-0.8)e+08,(7.0+/-0.8)e+08,(7.0+/-0.8)e+08,(7.0+/-0.8)e+08,(7.0+/-0.8)e+08,(7.0+/-0.8)e+08,(7.0+/-0.8)e+08,(7.0+/-0.8)e+08,(7.0+/-0.8)e+08,(7.0+/-0.8)e+08,(7.0+/-0.8)e+08,(7.0+/-0.8)e+08,(7.0+/-0.8)e+08,(7.0+/-0.8)e+08,(7.0+/-0.8)e+08
