,0,1,2,3,4,5,6,7,8,9,10,11,12,13,14,15,16,17,18,19,20,21,22,23,24,25,26,27,28,29,30,31,32,33,34,35,36,37,38,39,40,41,42,43,44,45,46,47,48,49,50,51,52,53,54
Aruba,5687,12647,0,0,0,0,(6.6+/-2.3)e+03,(6.6+/-2.3)e+03,(6.6+/-2.3)e+03,(6.6+/-2.3)e+03,(6.6+/-2.3)e+03,(6.6+/-2.3)e+03,(6.6+/-2.3)e+03,(6.6+/-2.3)e+03,(6.6+/-2.3)e+03,(6.6+/-2.3)e+03,(6.6+/-2.3)e+03,(6.6+/-2.3)e+03,(6.6+/-2.3)e+03,(6.6+/-2.3)e+03,(6.6+/-2.3)e+03,(6.6+/-2.3)e+03,(6.6+/-2.3)e+03,(6.6+/-2.3)e+03,(6.6+/-2.3)e+03,(6.6+/-2.3)e+03,(6.6+/-2.3)e+03,(6.6+/-2.3)e+03,(6.6+/-2.3)e+03,(6.6+/-2.3)e+03,(6.6+/-2.3)e+03,(6.6+/-2.3)e+03,(6.6+/-2.3)e+03,(6.6+/-2.3)e+03,(6.6+/-2.3)e+03,(6.6+/-2.3)e+03,(6.6+/-2.3)e+03,(6.6+/-2.3)e+03,(6.6+/-2.3)e+03,(6.6+/-2.3)e+03,(6.6+/-2.3)e+03,(6.6+/-2.3)e+03,(6.6+/-2.3)e+03,(6.6+/-2.3)e+03,(6.6+/-2.3)e+03,(6.6+/-2.3)e+03,(6.6+/-2.3)e+03,(6.6+/-2.3)e+03,(6.6+/-2.3)e+03,(6.6+/-2.3)e+03,(6.6+/-2.3)e+03,(6.6+/-2.3)e+03,(6.6+/-2.3)e+03,(6.6+/-2.3)e+03,(6.6+/-2.3)e+03
Afghanistan,839122,1865189,0,0,0,0,(6.6+/-2.3)e+03,(6.6+/-2.3)e+03,(6.6+/-2.3)e+03,(6.6+/-2.3)e+03,(6.6+/-2.3)e+03,(6.6+/-2.3)e+03,(6.6+/-2.3)e+03,(6.6+/-2.3)e+03,(6.6+/-2.3)e+03,(6.6+/-2.3)e+03,(6.6+/-2.3)e+03,(6.6+/-2.3)e+03,(6.6+/-2.3)e+03,(6.6+/-2.3)e+03,(6.6+/-2.3)e+03,(6.6+/-2.3)e+03,(6.6+/-2.3)e+03,(6.6+/-2.3)e+03,(6.6+/-2.3)e+03,(6.6+/-2.3)e+03,(6.6+/-2.3)e+03,(6.6+/-2.3)e+03,(6.6+/-2.3)e+03,(6.6+/-2.3)e+03,(6.6+/-2.3)e+03,(6.6+/-2.3)e+03,(6.6+/-2.3)e+03,(6.6+/-2.3)e+03,(6.6+/-2.3)e+03,(6.6+/-2.3)e+03,(6.6+/-2.3)e+03,(6.6+/-2.3)e+03,(6.6+/-2.3)e+03,(6.6+/-2.3)e+03,(6.6+/-2.3)e+03,(6.6+/-2.3)e+03,(6.6+/-2.3)e+03,(6.6+/-2.3)e+03,(6.6+/-2.3)e+03,(6.6+/-2.3)e+03,(6.6+/-2.3)e+03,(6.6+/-2.3)e+03,(6.6+/-2.3)e+03,(6.6+/-2.3)e+03,(6.6+/-2.3)e+03,(6.6+/-2.3)e+03,(6.6+/-2.3)e+03,(6.6+/-2.3)e+03,(6.6+/-2.3)e+03
Angola,995453,3426263,0,0,0,0,(6.6+/-2.3)e+03,(6.6+/-2.3)e+03,(6.6+/-2.3)e+03,(6.6+/-2.3)e+03,(6.6+/-2.3)e+03,(6.6+/-2.3)e+03,(6.6+/-2.3)e+03,(6.6+/-2.3)e+03,(6.6+/-2.3)e+03,(6.6+/-2.3)e+03,(6.6+/-2.3)e+03,(6.6+/-2.3)e+03,(6.6+/-2.3)e+03,(6.6+/-2.3)e+03,(6.6+/-2.3)e+03,(6.6+/-2.3)e+03,(6.6+/-2.3)e+03,(6.6+/-2.3)e+03,(6.6+/-2.3)e+03,(6.6+/-2.3)e+03,(6.6+/-2.3)e+03,(6.6+/-2.3)e+03,(6.6+/-2.3)e+03,(6.6+/-2.3)e+03,(6.6+/-2.3)e+03,(6.6+/-2.3)e+03,(6.6+/-2.3)e+03,(6.6+/-2.3)e+03,(6.6+/-2.3)e+03,(6.6+/-2.3)e+03,(6.6+/-2.3)e+03,(6.6+/-2.3)e+03,(6.6+/-2.3)e+03,(6.6+/-2.3)e+03,(6.6+/-2.3)e+03,(6.6+/-2.3)e+03,(6.6+/-2.3)e+03,(6.6+/-2.3)e+03,(6.6+/-2.3)e+03,(6.6+/-2.3)e+03,(6.6+/-2.3)e+03,(6.6+/-2.3)e+03,(6.6+/-2.3)e+03,(6.6+/-2.3)e+03,(6.6+/-2.3)e+03,(6.6+/-2.3)e+03,(6.6+/-2.3)e+03,(6.6+/-2.3)e+03,(6.6+/-2.3)e+03
Albania,166947,330799,0,0,0,0,(6.6+/-2.3)e+03,(6.6+/-2.3)e+03,(6.6+/-2.3)e+03,(6.6+/-2.3)e+03,(6.6+/-2.3)e+03,(6.6+/-2.3)e+03,(6.6+/-2.3)e+03,(6.6+/-2.3)e+03,(6.6+/-2.3)e+03,(6.6+/-2.3)e+03,(6.6+/-2.3)e+03,(6.6+/-2.3)e+03,(6.6+/-2.3)e+03,(6.6+/-2.3)e+03,(6.6+/-2.3)e+03,(6.6+/-2.3)e+03,(6.6+/-2.3)e+03,(6.6+/-2.3)e+03,(6.6+/-2.3)e+03,(6.6+/-2.3)e+03,(6.6+/-2.3)e+03,(6.6+/-2.3)e+03,(6.6+/-2.3)e+03,(6.6+/-2.3)e+03,(6.6+/-2.3)e+03,(6.6+/-2.3)e+03,(6.6+/-2.3)e+03,(6.6+/-2.3)e+03,(6.6+/-2.3)e+03,(6.6+/-2.3)e+03,(6.6+/-2.3)e+03,(6.6+/-2.3)e+03,(6.6+/-2.3)e+03,(6.6+/-2.3)e+03,(6.6+/-2.3)e+03,(6.6+/-2.3)e+03,(6.6+/-2.3)e+03,(6.6+/-2.3)e+03,(6.6+/-2.3)e+03,(6.6+/-2.3)e+03,(6.6+/-2.3)e+03,(6.6+/-2.3)e+03,(6.6+/-2.3)e+03,(6.6+/-2.3)e+03,(6.6+/-2.3)e+03,(6.6+/-2.3)e+03,(6.6+/-2.3)e+03,(6.6+/-2.3)e+03,(6.6+/-2.3)e+03
Andorra,3390,10195,0,0,0,0,(6.6+/-2.3)e+03,(6.6+/-2.3)e+03,(6.6+/-2.3)e+03,(6.6+/-2.3)e+03,(6.6+/-2.3)e+03,(6.6+/-2.3)e+03,(6.6+/-2.3)e+03,(6.6+/-2.3)e+03,(6.6+/-2.3)e+03,(6.6+/-2.3)e+03,(6.6+/-2.3)e+03,(6.6+/-2.3)e+03,(6.6+/-2.3)e+03,(6.6+/-2.3)e+03,(6.6+/-2.3)e+03,(6.6+/-2.3)e+03,(6.6+/-2.3)e+03,(6.6+/-2.3)e+03,(6.6+/-2.3)e+03,(6.6+/-2.3)e+03,(6.6+/-2.3)e+03,(6.6+/-2.3)e+03,(6.6+/-2.3)e+03,(6.6+/-2.3)e+03,(6.6+/-2.3)e+03,(6.6+/-2.3)e+03,(6.6+/-2.3)e+03,(6.6+/-2.3)e+03,(6.6+/-2.3)e+03,(6.6+/-2.3)e+03,(6.6+/-2.3)e+03,(6.6+/-2.3)e+03,(6.6+/-2.3)e+03,(6.6+/-2.3)e+03,(6.6+/-2.3)e+03,(6.6+/-2.3)e+03,(6.6+/-2.3)e+03,(6.6+/-2.3)e+03,(6.6+/-2.3)e+03,(6.6+/-2.3)e+03,(6.6+/-2.3)e+03,(6.6+/-2.3)e+03,(6.6+/-2.3)e+03,(6.6+/-2.3)e+03,(6.6+/-2.3)e+03,(6.6+/-2.3)e+03,(6.6+/-2.3)e+03,(6.6+/-2.3)e+03,(6.6+/-2.3)e+03
United Arab Emirates,497441,1321723,0,0,0,0,(6.6+/-2.3)e+03,(6.6+/-2.3)e+03,(6.6+/-2.3)e+03,(6.6+/-2.3)e+03,(6.6+/-2.3)e+03,(6.6+/-2.3)e+03,(6.6+/-2.3)e+03,(6.6+/-2.3)e+03,(6.6+/-2.3)e+03,(6.6+/-2.3)e+03,(6.6+/-2.3)e+03,(6.6+/-2.3)e+03,(6.6+/-2.3)e+03,(6.6+/-2.3)e+03,(6.6+/-2.3)e+03,(6.6+/-2.3)e+03,(6.6+/-2.3)e+03,(6.6+/-2.3)e+03,(6.6+/-2.3)e+03,(6.6+/-2.3)e+03,(6.6+/-2.3)e+03,(6.6+/-2.3)e+03,(6.6+/-2.3)e+03,(6.6+/-2.3)e+03,(6.6+/-2.3)e+03,(6.6+/-2.3)e+03,(6.6+/-2.3)e+03,(6.6+/-2.3)e+03,(6.6+/-2.3)e+03,(6.6+/-2.3)e+03,(6.6+/-2.3)e+03,(6.6+/-2.3)e+03,(6.6+/-2.3)e+03,(6.6+/-2.3)e+03,(6.6+/-2.3)e+03,(6.6+/-2.3)e+03,(6.6+/-2.3)e+03,(6.6+/-2.3)e+03,(6.6+/-2.3)e+03,(6.6+/-2.3)e+03,(6.6+/-2.3)e+03,(6.6+/-2.3)e+03,(6.6+/-2.3)e+03,(6.6+/-2.3)e+03,(6.6+/-2.3)e+03,(6.6+/-2.3)e+03,(6.6+/-2.3)e+03,(6.6+/-2.3)e+03,(6.6+/-2.3)e+03
Argentina,1655955,5592191,0,0,0,0,(1.8+/-0.7)e+05,(1.8+/-0.7)e+05,(1.8+/-0.7)e+05,(1.8+/-0.7)e+05,(1.8+/-0.7)e+05,(1.8+/-0.7)e+05,(1.8+/-0.7)e+05,(1.8+/-0.7)e+05,(1.8+/-0.7)e+05,(1.8+/-0.7)e+05,(1.8+/-0.7)e+05,(1.8+/-0.7)e+05,(1.8+/-0.7)e+05,(1.8+/-0.7)e+05,(1.8+/-0.7)e+05,(1.8+/-0.7)e+05,(1.8+/-0.7)e+05,(1.8+/-0.7)e+05,(1.8+/-0.7)e+05,(1.8+/-0.7)e+05,(1.8+/-0.7)e+05,(1.8+/-0.7)e+05,(1.8+/-0.7)e+05,(1.8+/-0.7)e+05,(1.8+/-0.7)e+05,(1.8+/-0.7)e+05,(1.8+/-0.7)e+05,(1.8+/-0.7)e+05,(1.8+/-0.7)e+05,(1.8+/-0.7)e+05,(1.8+/-0.7)e+05,(1.8+/-0.7)e+05,(1.8+/-0.7)e+05,(1.8+/-0.7)e+05,(1.8+/-0.7)e+05,(1.8+/-0.7)e+05,(1.8+/-0.7)e+05,(1.8+/-0.7)e+05,(1.8+/-0.7)e+05,(1.8+/-0.7)e+05,(1.8+/-0.7)e+05,(1.8+/-0.7)e+05,(1.8+/-0.7)e+05,(1.8+/-0.7)e+05,(1.8+/-0.7)e+05,(1.8+/-0.7)e+05,(1.8+/-0.7)e+05,(1.8+/-0.7)e+05,(1.8+/-0.7)e+05
Armenia,168185,326666,0,0,0,0,(6.6+/-2.3)e+03,(6.6+/-2.3)e+03,(6.6+/-2.3)e+03,(6.6+/-2.3)e+03,(6.6+/-2.3)e+03,(6.6+/-2.3)e+03,(6.6+/-2.3)e+03,(6.6+/-2.3)e+03,(6.6+/-2.3)e+03,(6.6+/-2.3)e+03,(6.6+/-2.3)e+03,(6.6+/-2.3)e+03,(6.6+/-2.3)e+03,(6.6+/-2.3)e+03,(6.6+/-2.3)e+03,(6.6+/-2.3)e+03,(6.6+/-2.3)e+03,(6.6+/-2.3)e+03,(6.6+/-2.3)e+03,(6.6+/-2.3)e+03,(6.6+/-2.3)e+03,(6.6+/-2.3)e+03,(6.6+/-2.3)e+03,(6.6+/-2.3)e+03,(6.6+/-2.3)e+03,(6.6+/-2.3)e+03,(6.6+/-2.3)e+03,(6.6+/-2.3)e+03,(6.6+/-2.3)e+03,(6.6+/-2.3)e+03,(6.6+/-2.3)e+03,(6.6+/-2.3)e+03,(6.6+/-2.3)e+03,(6.6+/-2.3)e+03,(6.6+/-2.3)e+03,(6.6+/-2.3)e+03,(6.6+/-2.3)e+03,(6.6+/-2.3)e+03,(6.6+/-2.3)e+03,(6.6+/-2.3)e+03,(6.6+/-2.3)e+03,(6.6+/-2.3)e+03,(6.6+/-2.3)e+03,(6.6+/-2.3)e+03,(6.6+/-2.3)e+03,(6.6+/-2.3)e+03,(6.6+/-2.3)e+03,(6.6+/-2.3)e+03,(6.6+/-2.3)e+03
American Samoa,5225,11863,0,0,0,0,(6.6+/-2.3)e+03,(6.6+/-2.3)e+03,(6.6+/-2.3)e+03,(6.6+/-2.3)e+03,(6.6+/-2.3)e+03,(6.6+/-2.3)e+03,(6.6+/-2.3)e+03,(6.6+/-2.3)e+03,(6.6+/-2.3)e+03,(6.6+/-2.3)e+03,(6.6+/-2.3)e+03,(6.6+/-2.3)e+03,(6.6+/-2.3)e+03,(6.6+/-2.3)e+03,(6.6+/-2.3)e+03,(6.6+/-2.3)e+03,(6.6+/-2.3)e+03,(6.6+/-2.3)e+03,(6.6+/-2.3)e+03,(6.6+/-2.3)e+03,(6.6+/-2.3)e+03,(6.6+/-2.3)e+03,(6.6+/-2.3)e+03,(6.6+/-2.3)e+03,(6.6+/-2.3)e+03,(6.6+/-2.3)e+03,(6.6+/-2.3)e+03,(6.6+/-2.3)e+03,(6.6+/-2.3)e+03,(6.6+/-2.3)e+03,(6.6+/-2.3)e+03,(6.6+/-2.3)e+03,(6.6+/-2.3)e+03,(6.6+/-2.3)e+03,(6.6+/-2.3)e+03,(6.6+/-2.3)e+03,(6.6+/-2.3)e+03,(6.6+/-2.3)e+03,(6.6+/-2.3)e+03,(6.6+/-2.3)e+03,(6.6+/-2.3)e+03,(6.6+/-2.3)e+03,(6.6+/-2.3)e+03,(6.6+/-2.3)e+03,(6.6+/-2.3)e+03,(6.6+/-2.3)e+03,(6.6+/-2.3)e+03,(6.6+/-2.3)e+03,(6.6+/-2.3)e+03
Antigua and Barbuda,6491,9391,0,0,0,0,(6.6+/-2.3)e+03,(6.6+/-2.3)e+03,(6.6+/-2.3)e+03,(6.6+/-2.3)e+03,(6.6+/-2.3)e+03,(6.6+/-2.3)e+03,(6.6+/-2.3)e+03,(6.6+/-2.3)e+03,(6.6+/-2.3)e+03,(6.6+/-2.3)e+03,(6.6+/-2.3)e+03,(6.6+/-2.3)e+03,(6.6+/-2.3)e+03,(6.6+/-2.3)e+03,(6.6+/-2.3)e+03,(6.6+/-2.3)e+03,(6.6+/-2.3)e+03,(6.6+/-2.3)e+03,(6.6+/-2.3)e+03,(6.6+/-2.3)e+03,(6.6+/-2.3)e+03,(6.6+/-2.3)e+03,(6.6+/-2.3)e+03,(6.6+/-2.3)e+03,(6.6+/-2.3)e+03,(6.6+/-2.3)e+03,(6.6+/-2.3)e+03,(6.6+/-2.3)e+03,(6.6+/-2.3)e+03,(6.6+/-2.3)e+03,(6.6+/-2.3)e+03,(6.6+/-2.3)e+03,(6.6+/-2.3)e+03,(6.6+/-2.3)e+03,(6.6+/-2.3)e+03,(6.6+/-2.3)e+03,(6.6+/-2.3)e+03,(6.6+/-2.3)e+03,(6.6+/-2.3)e+03,(6.6+/-2.3)e+03,(6.6+/-2.3)e+03,(6.6+/-2.3)e+03,(6.6+/-2.3)e+03,(6.6+/-2.3)e+03,(6.6+/-2.3)e+03,(6.6+/-2.3)e+03,(6.6+/-2.3)e+03,(6.6+/-2.3)e+03,(6.6+/-2.3)e+03
Australia,1252233,3065197,0,0,0,0,(7.6+/-2.8)e+06,(7.6+/-2.8)e+06,(7.6+/-2.8)e+06,(7.6+/-2.8)e+06,(7.6+/-2.8)e+06,(7.6+/-2.8)e+06,(7.6+/-2.8)e+06,(7.6+/-2.8)e+06,(7.6+/-2.8)e+06,(7.6+/-2.8)e+06,(7.6+/-2.8)e+06,(7.6+/-2.8)e+06,(7.6+/-2.8)e+06,(7.6+/-2.8)e+06,(7.6+/-2.8)e+06,(7.6+/-2.8)e+06,(7.6+/-2.8)e+06,(7.6+/-2.8)e+06,(7.6+/-2.8)e+06,(7.6+/-2.8)e+06,(7.6+/-2.8)e+06,(7.6+/-2.8)e+06,(7.6+/-2.8)e+06,(7.6+/-2.8)e+06,(7.6+/-2.8)e+06,(7.6+/-2.8)e+06,(7.6+/-2.8)e+06,(7.6+/-2.8)e+06,(7.6+/-2.8)e+06,(7.6+/-2.8)e+06,(7.6+/-2.8)e+06,(7.6+/-2.8)e+06,(7.6+/-2.8)e+06,(7.6+/-2.8)e+06,(7.6+/-2.8)e+06,(7.6+/-2.8)e+06,(7.6+/-2.8)e+06,(7.6+/-2.8)e+06,(7.6+/-2.8)e+06,(7.6+/-2.8)e+06,(7.6+/-2.8)e+06,(7.6+/-2.8)e+06,(7.6+/-2.8)e+06,(7.6+/-2.8)e+06,(7.6+/-2.8)e+06,(7.6+/-2.8)e+06,(7.6+/-2.8)e+06,(7.6+/-2.8)e+06,(7.6+/-2.8)e+06
Austria,406402,994600,0,0,0,0,(6.6+/-2.3)e+03,(6.6+/-2.3)e+03,(6.6+/-2.3)e+03,(6.6+/-2.3)e+03,(6.6+/-2.3)e+03,(6.6+/-2.3)e+03,(6.6+/-2.3)e+03,(6.6+/-2.3)e+03,(6.6+/-2.3)e+03,(6.6+/-2.3)e+03,(6.6+/-2.3)e+03,(6.6+/-2.3)e+03,(6.6+/-2.3)e+03,(6.6+/-2.3)e+03,(6.6+/-2.3)e+03,(6.6+/-2.3)e+03,(6.6+/-2.3)e+03,(6.6+/-2.3)e+03,(6.6+/-2.3)e+03,(6.6+/-2.3)e+03,(6.6+/-2.3)e+03,(6.6+/-2.3)e+03,(6.6+/-2.3)e+03,(6.6+/-2.3)e+03,(6.6+/-2.3)e+03,(6.6+/-2.3)e+03,(6.6+/-2.3)e+03,(6.6+/-2.3)e+03,(6.6+/-2.3)e+03,(6.6+/-2.3)e+03,(6.6+/-2.3)e+03,(6.6+/-2.3)e+03,(6.6+/-2.3)e+03,(6.6+/-2.3)e+03,(6.6+/-2.3)e+03,(6.6+/-2.3)e+03,(6.6+/-2.3)e+03,(6.6+/-2.3)e+03,(6.6+/-2.3)e+03,(6.6+/-2.3)e+03,(6.6+/-2.3)e+03,(6.6+/-2.3)e+03,(6.6+/-2.3)e+03,(6.6+/-2.3)e+03,(6.6+/-2.3)e+03,(6.6+/-2.3)e+03,(6.6+/-2.3)e+03,(6.6+/-2.3)e+03,(6.6+/-2.3)e+03
Azerbaijan,506530,959882,0,0,0,0,(6.6+/-2.3)e+03,(6.6+/-2.3)e+03,(6.6+/-2.3)e+03,(6.6+/-2.3)e+03,(6.6+/-2.3)e+03,(6.6+/-2.3)e+03,(6.6+/-2.3)e+03,(6.6+/-2.3)e+03,(6.6+/-2.3)e+03,(6.6+/-2.3)e+03,(6.6+/-2.3)e+03,(6.6+/-2.3)e+03,(6.6+/-2.3)e+03,(6.6+/-2.3)e+03,(6.6+/-2.3)e+03,(6.6+/-2.3)e+03,(6.6+/-2.3)e+03,(6.6+/-2.3)e+03,(6.6+/-2.3)e+03,(6.6+/-2.3)e+03,(6.6+/-2.3)e+03,(6.6+/-2.3)e+03,(6.6+/-2.3)e+03,(6.6+/-2.3)e+03,(6.6+/-2.3)e+03,(6.6+/-2.3)e+03,(6.6+/-2.3)e+03,(6.6+/-2.3)e+03,(6.6+/-2.3)e+03,(6.6+/-2.3)e+03,(6.6+/-2.3)e+03,(6.6+/-2.3)e+03,(6.6+/-2.3)e+03,(6.6+/-2.3)e+03,(6.6+/-2.3)e+03,(6.6+/-2.3)e+03,(6.6+/-2.3)e+03,(6.6+/-2.3)e+03,(6.6+/-2.3)e+03,(6.6+/-2.3)e+03,(6.6+/-2.3)e+03,(6.6+/-2.3)e+03,(6.6+/-2.3)e+03,(6.6+/-2.3)e+03,(6.6+/-2.3)e+03,(6.6+/-2.3)e+03,(6.6+/-2.3)e+03,(6.6+/-2.3)e+03,(6.6+/-2.3)e+03
Burundi,131681,354859,0,0,0,0,(6.6+/-2.3)e+03,(6.6+/-2.3)e+03,(6.6+/-2.3)e+03,(6.6+/-2.3)e+03,(6.6+/-2.3)e+03,(6.6+/-2.3)e+03,(6.6+/-2.3)e+03,(6.6+/-2.3)e+03,(6.6+/-2.3)e+03,(6.6+/-2.3)e+03,(6.6+/-2.3)e+03,(6.6+/-2.3)e+03,(6.6+/-2.3)e+03,(6.6+/-2.3)e+03,(6.6+/-2.3)e+03,(6.6+/-2.3)e+03,(6.6+/-2.3)e+03,(6.6+/-2.3)e+03,(6.6+/-2.3)e+03,(6.6+/-2.3)e+03,(6.6+/-2.3)e+03,(6.6+/-2.3)e+03,(6.6+/-2.3)e+03,(6.6+/-2.3)e+03,(6.6+/-2.3)e+03,(6.6+/-2.3)e+03,(6.6+/-2.3)e+03,(6.6+/-2.3)e+03,(6.6+/-2.3)e+03,(6.6+/-2.3)e+03,(6.6+/-2.3)e+03,(6.6+/-2.3)e+03,(6.6+/-2.3)e+03,(6.6+/-2.3)e+03,(6.6+/-2.3)e+03,(6.6+/-2.3)e+03,(6.6+/-2.3)e+03,(6.6+/-2.3)e+03,(6.6+/-2.3)e+03,(6.6+/-2.3)e+03,(6.6+/-2.3)e+03,(6.6+/-2.3)e+03,(6.6+/-2.3)e+03,(6.6+/-2.3)e+03,(6.6+/-2.3)e+03,(6.6+/-2.3)e+03,(6.6+/-2.3)e+03,(6.6+/-2.3)e+03,(6.6+/-2.3)e+03
Belgium,416422,1013834,0,0,0,0,(6.6+/-2.3)e+03,(6.6+/-2.3)e+03,(6.6+/-2.3)e+03,(6.6+/-2.3)e+03,(6.6+/-2.3)e+03,(6.6+/-2.3)e+03,(6.6+/-2.3)e+03,(6.6+/-2.3)e+03,(6.6+/-2.3)e+03,(6.6+/-2.3)e+03,(6.6+/-2.3)e+03,(6.6+/-2.3)e+03,(6.6+/-2.3)e+03,(6.6+/-2.3)e+03,(6.6+/-2.3)e+03,(6.6+/-2.3)e+03,(6.6+/-2.3)e+03,(6.6+/-2.3)e+03,(6.6+/-2.3)e+03,(6.6+/-2.3)e+03,(6.6+/-2.3)e+03,(6.6+/-2.3)e+03,(6.6+/-2.3)e+03,(6.6+/-2.3)e+03,(6.6+/-2.3)e+03,(6.6+/-2.3)e+03,(6.6+/-2.3)e+03,(6.6+/-2.3)e+03,(6.6+/-2.3)e+03,(6.6+/-2.3)e+03,(6.6+/-2.3)e+03,(6.6+/-2.3)e+03,(6.6+/-2.3)e+03,(6.6+/-2.3)e+03,(6.6+/-2.3)e+03,(6.6+/-2.3)e+03,(6.6+/-2.3)e+03,(6.6+/-2.3)e+03,(6.6+/-2.3)e+03,(6.6+/-2.3)e+03,(6.6+/-2.3)e+03,(6.6+/-2.3)e+03,(6.6+/-2.3)e+03,(6.6+/-2.3)e+03,(6.6+/-2.3)e+03,(6.6+/-2.3)e+03,(6.6+/-2.3)e+03,(6.6+/-2.3)e+03,(6.6+/-2.3)e+03
Benin,859152,2164082,0,0,0,0,(6.6+/-2.3)e+03,(6.6+/-2.3)e+03,(6.6+/-2.3)e+03,(6.6+/-2.3)e+03,(6.6+/-2.3)e+03,(6.6+/-2.3)e+03,(6.6+/-2.3)e+03,(6.6+/-2.3)e+03,(6.6+/-2.3)e+03,(6.6+/-2.3)e+03,(6.6+/-2.3)e+03,(6.6+/-2.3)e+03,(6.6+/-2.3)e+03,(6.6+/-2.3)e+03,(6.6+/-2.3)e+03,(6.6+/-2.3)e+03,(6.6+/-2.3)e+03,(6.6+/-2.3)e+03,(6.6+/-2.3)e+03,(6.6+/-2.3)e+03,(6.6+/-2.3)e+03,(6.6+/-2.3)e+03,(6.6+/-2.3)e+03,(6.6+/-2.3)e+03,(6.6+/-2.3)e+03,(6.6+/-2.3)e+03,(6.6+/-2.3)e+03,(6.6+/-2.3)e+03,(6.6+/-2.3)e+03,(6.6+/-2.3)e+03,(6.6+/-2.3)e+03,(6.6+/-2.3)e+03,(6.6+/-2.3)e+03,(6.6+/-2.3)e+03,(6.6+/-2.3)e+03,(6.6+/-2.3)e+03,(6.6+/-2.3)e+03,(6.6+/-2.3)e+03,(6.6+/-2.3)e+03,(6.6+/-2.3)e+03,(6.6+/-2.3)e+03,(6.6+/-2.3)e+03,(6.6+/-2.3)e+03,(6.6+/-2.3)e+03,(6.6+/-2.3)e+03,(6.6+/-2.3)e+03,(6.6+/-2.3)e+03,(6.6+/-2.3)e+03,(6.6+/-2.3)e+03
Burkina Faso,260028,1074758,0,0,0,0,(6.6+/-2.3)e+03,(6.6+/-2.3)e+03,(6.6+/-2.3)e+03,(6.6+/-2.3)e+03,(6.6+/-2.3)e+03,(6.6+/-2.3)e+03,(6.6+/-2.3)e+03,(6.6+/-2.3)e+03,(6.6+/-2.3)e+03,(6.6+/-2.3)e+03,(6.6+/-2.3)e+03,(6.6+/-2.3)e+03,(6.6+/-2.3)e+03,(6.6+/-2.3)e+03,(6.6+/-2.3)e+03,(6.6+/-2.3)e+03,(6.6+/-2.3)e+03,(6.6+/-2.3)e+03,(6.6+/-2.3)e+03,(6.6+/-2.3)e+03,(6.6+/-2.3)e+03,(6.6+/-2.3)e+03,(6.6+/-2.3)e+03,(6.6+/-2.3)e+03,(6.6+/-2.3)e+03,(6.6+/-2.3)e+03,(6.6+/-2.3)e+03,(6.6+/-2.3)e+03,(6.6+/-2.3)e+03,(6.6+/-2.3)e+03,(6.6+/-2.3)e+03,(6.6+/-2.3)e+03,(6.6+/-2.3)e+03,(6.6+/-2.3)e+03,(6.6+/-2.3)e+03,(6.6+/-2.3)e+03,(6.6+/-2.3)e+03,(6.6+/-2.3)e+03,(6.6+/-2.3)e+03,(6.6+/-2.3)e+03,(6.6+/-2.3)e+03,(6.6+/-2.3)e+03,(6.6+/-2.3)e+03,(6.6+/-2.3)e+03,(6.6+/-2.3)e+03,(6.6+/-2.3)e+03,(6.6+/-2.3)e+03,(6.6+/-2.3)e+03,(6.6+/-2.3)e+03
Bangladesh,13873723,22932196,0,0,0,0,(1.8+/-0.7)e+06,(1.8+/-0.7)e+06,(1.8+/-0.7)e+06,(1.8+/-0.7)e+06,(1.8+/-0.7)e+06,(1.8+/-0.7)e+06,(1.8+/-0.7)e+06,(1.8+/-0.7)e+06,(1.8+/-0.7)e+06,(1.8+/-0.7)e+06,(1.8+/-0.7)e+06,(1.8+/-0.7)e+06,(1.8+/-0.7)e+06,(1.8+/-0.7)e+06,(1.8+/-0.7)e+06,(1.8+/-0.7)e+06,(1.8+/-0.7)e+06,(1.8+/-0.7)e+06,(1.8+/-0.7)e+06,(1.8+/-0.7)e+06,(1.8+/-0.7)e+06,(1.8+/-0.7)e+06,(1.8+/-0.7)e+06,(1.8+/-0.7)e+06,(1.8+/-0.7)e+06,(1.8+/-0.7)e+06,(1.8+/-0.7)e+06,(1.8+/-0.7)e+06,(1.8+/-0.7)e+06,(1.8+/-0.7)e+06,(1.8+/-0.7)e+06,(1.8+/-0.7)e+06,(1.8+/-0.7)e+06,(1.8+/-0.7)e+06,(1.8+/-0.7)e+06,(1.8+/-0.7)e+06,(1.8+/-0.7)e+06,(1.8+/-0.7)e+06,(1.8+/-0.7)e+06,(1.8+/-0.7)e+06,(1.8+/-0.7)e+06,(1.8+/-0.7)e+06,(1.8+/-0.7)e+06,(1.8+/-0.7)e+06,(1.8+/-0.7)e+06,(1.8+/-0.7)e+06,(1.8+/-0.7)e+06,(1.8+/-0.7)e+06,(1.8+/-0.7)e+06
Bulgaria,299042,727033,0,0,0,0,(1.5+/-0.6)e+06,(1.5+/-0.6)e+06,(1.5+/-0.6)e+06,(1.5+/-0.6)e+06,(1.5+/-0.6)e+06,(1.5+/-0.6)e+06,(1.5+/-0.6)e+06,(1.5+/-0.6)e+06,(1.5+/-0.6)e+06,(1.5+/-0.6)e+06,(1.5+/-0.6)e+06,(1.5+/-0.6)e+06,(1.5+/-0.6)e+06,(1.5+/-0.6)e+06,(1.5+/-0.6)e+06,(1.5+/-0.6)e+06,(1.5+/-0.6)e+06,(1.5+/-0.6)e+06,(1.5+/-0.6)e+06,(1.5+/-0.6)e+06,(1.5+/-0.6)e+06,(1.5+/-0.6)e+06,(1.5+/-0.6)e+06,(1.5+/-0.6)e+06,(1.5+/-0.6)e+06,(1.5+/-0.6)e+06,(1.5+/-0.6)e+06,(1.5+/-0.6)e+06,(1.5+/-0.6)e+06,(1.5+/-0.6)e+06,(1.5+/-0.6)e+06,(1.5+/-0.6)e+06,(1.5+/-0.6)e+06,(1.5+/-0.6)e+06,(1.5+/-0.6)e+06,(1.5+/-0.6)e+06,(1.5+/-0.6)e+06,(1.5+/-0.6)e+06,(1.5+/-0.6)e+06,(1.5+/-0.6)e+06,(1.5+/-0.6)e+06,(1.5+/-0.6)e+06,(1.5+/-0.6)e+06,(1.5+/-0.6)e+06,(1.5+/-0.6)e+06,(1.5+/-0.6)e+06,(1.5+/-0.6)e+06,(1.5+/-0.6)e+06,(1.5+/-0.6)e+06
Bahrain,64057,170202,0,0,0,0,(6.6+/-2.3)e+03,(6.6+/-2.3)e+03,(6.6+/-2.3)e+03,(6.6+/-2.3)e+03,(6.6+/-2.3)e+03,(6.6+/-2.3)e+03,(6.6+/-2.3)e+03,(6.6+/-2.3)e+03,(6.6+/-2.3)e+03,(6.6+/-2.3)e+03,(6.6+/-2.3)e+03,(6.6+/-2.3)e+03,(6.6+/-2.3)e+03,(6.6+/-2.3)e+03,(6.6+/-2.3)e+03,(6.6+/-2.3)e+03,(6.6+/-2.3)e+03,(6.6+/-2.3)e+03,(6.6+/-2.3)e+03,(6.6+/-2.3)e+03,(6.6+/-2.3)e+03,(6.6+/-2.3)e+03,(6.6+/-2.3)e+03,(6.6+/-2.3)e+03,(6.6+/-2.3)e+03,(6.6+/-2.3)e+03,(6.6+/-2.3)e+03,(6.6+/-2.3)e+03,(6.6+/-2.3)e+03,(6.6+/-2.3)e+03,(6.6+/-2.3)e+03,(6.6+/-2.3)e+03,(6.6+/-2.3)e+03,(6.6+/-2.3)e+03,(6.6+/-2.3)e+03,(6.6+/-2.3)e+03,(6.6+/-2.3)e+03,(6.6+/-2.3)e+03,(6.6+/-2.3)e+03,(6.6+/-2.3)e+03,(6.6+/-2.3)e+03,(6.6+/-2.3)e+03,(6.6+/-2.3)e+03,(6.6+/-2.3)e+03,(6.6+/-2.3)e+03,(6.6+/-2.3)e+03,(6.6+/-2.3)e+03,(6.6+/-2.3)e+03,(6.6+/-2.3)e+03
Bahamas,21812,58451,0,0,0,0,(6.6+/-2.3)e+03,(6.6+/-2.3)e+03,(6.6+/-2.3)e+03,(6.6+/-2.3)e+03,(6.6+/-2.3)e+03,(6.6+/-2.3)e+03,(6.6+/-2.3)e+03,(6.6+/-2.3)e+03,(6.6+/-2.3)e+03,(6.6+/-2.3)e+03,(6.6+/-2.3)e+03,(6.6+/-2.3)e+03,(6.6+/-2.3)e+03,(6.6+/-2.3)e+03,(6.6+/-2.3)e+03,(6.6+/-2.3)e+03,(6.6+/-2.3)e+03,(6.6+/-2.3)e+03,(6.6+/-2.3)e+03,(6.6+/-2.3)e+03,(6.6+/-2.3)e+03,(6.6+/-2.3)e+03,(6.6+/-2.3)e+03,(6.6+/-2.3)e+03,(6.6+/-2.3)e+03,(6.6+/-2.3)e+03,(6.6+/-2.3)e+03,(6.6+/-2.3)e+03,(6.6+/-2.3)e+03,(6.6+/-2.3)e+03,(6.6+/-2.3)e+03,(6.6+/-2.3)e+03,(6.6+/-2.3)e+03,(6.6+/-2.3)e+03,(6.6+/-2.3)e+03,(6.6+/-2.3)e+03,(6.6+/-2.3)e+03,(6.6+/-2.3)e+03,(6.6+/-2.3)e+03,(6.6+/-2.3)e+03,(6.6+/-2.3)e+03,(6.6+/-2.3)e+03,(6.6+/-2.3)e+03,(6.6+/-2.3)e+03,(6.6+/-2.3)e+03,(6.6+/-2.3)e+03,(6.6+/-2.3)e+03,(6.6+/-2.3)e+03,(6.6+/-2.3)e+03
Bosnia and Herzegovina,130616,301676,0,0,0,0,(6.7+/-2.5)e+05,(6.7+/-2.5)e+05,(6.7+/-2.5)e+05,(6.7+/-2.5)e+05,(6.7+/-2.5)e+05,(6.7+/-2.5)e+05,(6.7+/-2.5)e+05,(6.7+/-2.5)e+05,(6.7+/-2.5)e+05,(6.7+/-2.5)e+05,(6.7+/-2.5)e+05,(6.7+/-2.5)e+05,(6.7+/-2.5)e+05,(6.7+/-2.5)e+05,(6.7+/-2.5)e+05,(6.7+/-2.5)e+05,(6.7+/-2.5)e+05,(6.7+/-2.5)e+05,(6.7+/-2.5)e+05,(6.7+/-2.5)e+05,(6.7+/-2.5)e+05,(6.7+/-2.5)e+05,(6.7+/-2.5)e+05,(6.7+/-2.5)e+05,(6.7+/-2.5)e+05,(6.7+/-2.5)e+05,(6.7+/-2.5)e+05,(6.7+/-2.5)e+05,(6.7+/-2.5)e+05,(6.7+/-2.5)e+05,(6.7+/-2.5)e+05,(6.7+/-2.5)e+05,(6.7+/-2.5)e+05,(6.7+/-2.5)e+05,(6.7+/-2.5)e+05,(6.7+/-2.5)e+05,(6.7+/-2.5)e+05,(6.7+/-2.5)e+05,(6.7+/-2.5)e+05,(6.7+/-2.5)e+05,(6.7+/-2.5)e+05,(6.7+/-2.5)e+05,(6.7+/-2.5)e+05,(6.7+/-2.5)e+05,(6.7+/-2.5)e+05,(6.7+/-2.5)e+05,(6.7+/-2.5)e+05,(6.7+/-2.5)e+05,(6.7+/-2.5)e+05
Belarus,487570,993888,0,0,0,0,(6.6+/-2.3)e+03,(6.6+/-2.3)e+03,(6.6+/-2.3)e+03,(6.6+/-2.3)e+03,(6.6+/-2.3)e+03,(6.6+/-2.3)e+03,(6.6+/-2.3)e+03,(6.6+/-2.3)e+03,(6.6+/-2.3)e+03,(6.6+/-2.3)e+03,(6.6+/-2.3)e+03,(6.6+/-2.3)e+03,(6.6+/-2.3)e+03,(6.6+/-2.3)e+03,(6.6+/-2.3)e+03,(6.6+/-2.3)e+03,(6.6+/-2.3)e+03,(6.6+/-2.3)e+03,(6.6+/-2.3)e+03,(6.6+/-2.3)e+03,(6.6+/-2.3)e+03,(6.6+/-2.3)e+03,(6.6+/-2.3)e+03,(6.6+/-2.3)e+03,(6.6+/-2.3)e+03,(6.6+/-2.3)e+03,(6.6+/-2.3)e+03,(6.6+/-2.3)e+03,(6.6+/-2.3)e+03,(6.6+/-2.3)e+03,(6.6+/-2.3)e+03,(6.6+/-2.3)e+03,(6.6+/-2.3)e+03,(6.6+/-2.3)e+03,(6.6+/-2.3)e+03,(6.6+/-2.3)e+03,(6.6+/-2.3)e+03,(6.6+/-2.3)e+03,(6.6+/-2.3)e+03,(6.6+/-2.3)e+03,(6.6+/-2.3)e+03,(6.6+/-2.3)e+03,(6.6+/-2.3)e+03,(6.6+/-2.3)e+03,(6.6+/-2.3)e+03,(6.6+/-2.3)e+03,(6.6+/-2.3)e+03,(6.6+/-2.3)e+03,(6.6+/-2.3)e+03
Belize,21166,54685,0,0,0,0,(6.6+/-2.3)e+03,(6.6+/-2.3)e+03,(6.6+/-2.3)e+03,(6.6+/-2.3)e+03,(6.6+/-2.3)e+03,(6.6+/-2.3)e+03,(6.6+/-2.3)e+03,(6.6+/-2.3)e+03,(6.6+/-2.3)e+03,(6.6+/-2.3)e+03,(6.6+/-2.3)e+03,(6.6+/-2.3)e+03,(6.6+/-2.3)e+03,(6.6+/-2.3)e+03,(6.6+/-2.3)e+03,(6.6+/-2.3)e+03,(6.6+/-2.3)e+03,(6.6+/-2.3)e+03,(6.6+/-2.3)e+03,(6.6+/-2.3)e+03,(6.6+/-2.3)e+03,(6.6+/-2.3)e+03,(6.6+/-2.3)e+03,(6.6+/-2.3)e+03,(6.6+/-2.3)e+03,(6.6+/-2.3)e+03,(6.6+/-2.3)e+03,(6.6+/-2.3)e+03,(6.6+/-2.3)e+03,(6.6+/-2.3)e+03,(6.6+/-2.3)e+03,(6.6+/-2.3)e+03,(6.6+/-2.3)e+03,(6.6+/-2.3)e+03,(6.6+/-2.3)e+03,(6.6+/-2.3)e+03,(6.6+/-2.3)e+03,(6.6+/-2.3)e+03,(6.6+/-2.3)e+03,(6.6+/-2.3)e+03,(6.6+/-2.3)e+03,(6.6+/-2.3)e+03,(6.6+/-2.3)e+03,(6.6+/-2.3)e+03,(6.6+/-2.3)e+03,(6.6+/-2.3)e+03,(6.6+/-2.3)e+03,(6.6+/-2.3)e+03,(6.6+/-2.3)e+03
Bermuda,5387,11979,0,0,0,0,(6.6+/-2.3)e+03,(6.6+/-2.3)e+03,(6.6+/-2.3)e+03,(6.6+/-2.3)e+03,(6.6+/-2.3)e+03,(6.6+/-2.3)e+03,(6.6+/-2.3)e+03,(6.6+/-2.3)e+03,(6.6+/-2.3)e+03,(6.6+/-2.3)e+03,(6.6+/-2.3)e+03,(6.6+/-2.3)e+03,(6.6+/-2.3)e+03,(6.6+/-2.3)e+03,(6.6+/-2.3)e+03,(6.6+/-2.3)e+03,(6.6+/-2.3)e+03,(6.6+/-2.3)e+03,(6.6+/-2.3)e+03,(6.6+/-2.3)e+03,(6.6+/-2.3)e+03,(6.6+/-2.3)e+03,(6.6+/-2.3)e+03,(6.6+/-2.3)e+03,(6.6+/-2.3)e+03,(6.6+/-2.3)e+03,(6.6+/-2.3)e+03,(6.6+/-2.3)e+03,(6.6+/-2.3)e+03,(6.6+/-2.3)e+03,(6.6+/-2.3)e+03,(6.6+/-2.3)e+03,(6.6+/-2.3)e+03,(6.6+/-2.3)e+03,(6.6+/-2.3)e+03,(6.6+/-2.3)e+03,(6.6+/-2.3)e+03,(6.6+/-2.3)e+03,(6.6+/-2.3)e+03,(6.6+/-2.3)e+03,(6.6+/-2.3)e+03,(6.6+/-2.3)e+03,(6.6+/-2.3)e+03,(6.6+/-2.3)e+03,(6.6+/-2.3)e+03,(6.6+/-2.3)e+03,(6.6+/-2.3)e+03,(6.6+/-2.3)e+03,(6.6+/-2.3)e+03
Bolivia,942619,2122108,0,0,0,0,(6.6+/-2.3)e+03,(6.6+/-2.3)e+03,(6.6+/-2.3)e+03,(6.6+/-2.3)e+03,(6.6+/-2.3)e+03,(6.6+/-2.3)e+03,(6.6+/-2.3)e+03,(6.6+/-2.3)e+03,(6.6+/-2.3)e+03,(6.6+/-2.3)e+03,(6.6+/-2.3)e+03,(6.6+/-2.3)e+03,(6.6+/-2.3)e+03,(6.6+/-2.3)e+03,(6.6+/-2.3)e+03,(6.6+/-2.3)e+03,(6.6+/-2.3)e+03,(6.6+/-2.3)e+03,(6.6+/-2.3)e+03,(6.6+/-2.3)e+03,(6.6+/-2.3)e+03,(6.6+/-2.3)e+03,(6.6+/-2.3)e+03,(6.6+/-2.3)e+03,(6.6+/-2.3)e+03,(6.6+/-2.3)e+03,(6.6+/-2.3)e+03,(6.6+/-2.3)e+03,(6.6+/-2.3)e+03,(6.6+/-2.3)e+03,(6.6+/-2.3)e+03,(6.6+/-2.3)e+03,(6.6+/-2.3)e+03,(6.6+/-2.3)e+03,(6.6+/-2.3)e+03,(6.6+/-2.3)e+03,(6.6+/-2.3)e+03,(6.6+/-2.3)e+03,(6.6+/-2.3)e+03,(6.6+/-2.3)e+03,(6.6+/-2.3)e+03,(6.6+/-2.3)e+03,(6.6+/-2.3)e+03,(6.6+/-2.3)e+03,(6.6+/-2.3)e+03,(6.6+/-2.3)e+03,(6.6+/-2.3)e+03,(6.6+/-2.3)e+03,(6.6+/-2.3)e+03
Brazil,10082462,28084922,0,0,0,0,(1.0+/-0.4)e+06,(1.0+/-0.4)e+06,(1.0+/-0.4)e+06,(1.0+/-0.4)e+06,(1.0+/-0.4)e+06,(1.0+/-0.4)e+06,(1.0+/-0.4)e+06,(1.0+/-0.4)e+06,(1.0+/-0.4)e+06,(1.0+/-0.4)e+06,(1.0+/-0.4)e+06,(1.0+/-0.4)e+06,(1.0+/-0.4)e+06,(1.0+/-0.4)e+06,(1.0+/-0.4)e+06,(1.0+/-0.4)e+06,(1.0+/-0.4)e+06,(1.0+/-0.4)e+06,(1.0+/-0.4)e+06,(1.0+/-0.4)e+06,(1.0+/-0.4)e+06,(1.0+/-0.4)e+06,(1.0+/-0.4)e+06,(1.0+/-0.4)e+06,(1.0+/-0.4)e+06,(1.0+/-0.4)e+06,(1.0+/-0.4)e+06,(1.0+/-0.4)e+06,(1.0+/-0.4)e+06,(1.0+/-0.4)e+06,(1.0+/-0.4)e+06,(1.0+/-0.4)e+06,(1.0+/-0.4)e+06,(1.0+/-0.4)e+06,(1.0+/-0.4)e+06,(1.0+/-0.4)e+06,(1.0+/-0.4)e+06,(1.0+/-0.4)e+06,(1.0+/-0.4)e+06,(1.0+/-0.4)e+06,(1.0+/-0.4)e+06,(1.0+/-0.4)e+06,(1.0+/-0.4)e+06,(1.0+/-0.4)e+06,(1.0+/-0.4)e+06,(1.0+/-0.4)e+06,(1.0+/-0.4)e+06,(1.0+/-0.4)e+06,(1.0+/-0.4)e+06
Barbados,12210,32688,0,0,0,0,(6.6+/-2.3)e+03,(6.6+/-2.3)e+03,(6.6+/-2.3)e+03,(6.6+/-2.3)e+03,(6.6+/-2.3)e+03,(6.6+/-2.3)e+03,(6.6+/-2.3)e+03,(6.6+/-2.3)e+03,(6.6+/-2.3)e+03,(6.6+/-2.3)e+03,(6.6+/-2.3)e+03,(6.6+/-2.3)e+03,(6.6+/-2.3)e+03,(6.6+/-2.3)e+03,(6.6+/-2.3)e+03,(6.6+/-2.3)e+03,(6.6+/-2.3)e+03,(6.6+/-2.3)e+03,(6.6+/-2.3)e+03,(6.6+/-2.3)e+03,(6.6+/-2.3)e+03,(6.6+/-2.3)e+03,(6.6+/-2.3)e+03,(6.6+/-2.3)e+03,(6.6+/-2.3)e+03,(6.6+/-2.3)e+03,(6.6+/-2.3)e+03,(6.6+/-2.3)e+03,(6.6+/-2.3)e+03,(6.6+/-2.3)e+03,(6.6+/-2.3)e+03,(6.6+/-2.3)e+03,(6.6+/-2.3)e+03,(6.6+/-2.3)e+03,(6.6+/-2.3)e+03,(6.6+/-2.3)e+03,(6.6+/-2.3)e+03,(6.6+/-2.3)e+03,(6.6+/-2.3)e+03,(6.6+/-2.3)e+03,(6.6+/-2.3)e+03,(6.6+/-2.3)e+03,(6.6+/-2.3)e+03,(6.6+/-2.3)e+03,(6.6+/-2.3)e+03,(6.6+/-2.3)e+03,(6.6+/-2.3)e+03,(6.6+/-2.3)e+03,(6.6+/-2.3)e+03
Brunei Darussalam,19748,52562,0,0,0,0,(8.0+/-3.0)e+04,(8.0+/-3.0)e+04,(8.0+/-3.0)e+04,(8.0+/-3.0)e+04,(8.0+/-3.0)e+04,(8.0+/-3.0)e+04,(8.0+/-3.0)e+04,(8.0+/-3.0)e+04,(8.0+/-3.0)e+04,(8.0+/-3.0)e+04,(8.0+/-3.0)e+04,(8.0+/-3.0)e+04,(8.0+/-3.0)e+04,(8.0+/-3.0)e+04,(8.0+/-3.0)e+04,(8.0+/-3.0)e+04,(8.0+/-3.0)e+04,(8.0+/-3.0)e+04,(8.0+/-3.0)e+04,(8.0+/-3.0)e+04,(8.0+/-3.0)e+04,(8.0+/-3.0)e+04,(8.0+/-3.0)e+04,(8.0+/-3.0)e+04,(8.0+/-3.0)e+04,(8.0+/-3.0)e+04,(8.0+/-3.0)e+04,(8.0+/-3.0)e+04,(8.0+/-3.0)e+04,(8.0+/-3.0)e+04,(8.0+/-3.0)e+04,(8.0+/-3.0)e+04,(8.0+/-3.0)e+04,(8.0+/-3.0)e+04,(8.0+/-3.0)e+04,(8.0+/-3.0)e+04,(8.0+/-3.0)e+04,(8.0+/-3.0)e+04,(8.0+/-3.0)e+04,(8.0+/-3.0)e+04,(8.0+/-3.0)e+04,(8.0+/-3.0)e+04,(8.0+/-3.0)e+04,(8.0+/-3.0)e+04,(8.0+/-3.0)e+04,(8.0+/-3.0)e+04,(8.0+/-3.0)e+04,(8.0+/-3.0)e+04,(8.0+/-3.0)e+04
Bhutan,70084,94333,0,0,0,0,(6.6+/-2.3)e+03,(6.6+/-2.3)e+03,(6.6+/-2.3)e+03,(6.6+/-2.3)e+03,(6.6+/-2.3)e+03,(6.6+/-2.3)e+03,(6.6+/-2.3)e+03,(6.6+/-2.3)e+03,(6.6+/-2.3)e+03,(6.6+/-2.3)e+03,(6.6+/-2.3)e+03,(6.6+/-2.3)e+03,(6.6+/-2.3)e+03,(6.6+/-2.3)e+03,(6.6+/-2.3)e+03,(6.6+/-2.3)e+03,(6.6+/-2.3)e+03,(6.6+/-2.3)e+03,(6.6+/-2.3)e+03,(6.6+/-2.3)e+03,(6.6+/-2.3)e+03,(6.6+/-2.3)e+03,(6.6+/-2.3)e+03,(6.6+/-2.3)e+03,(6.6+/-2.3)e+03,(6.6+/-2.3)e+03,(6.6+/-2.3)e+03,(6.6+/-2.3)e+03,(6.6+/-2.3)e+03,(6.6+/-2.3)e+03,(6.6+/-2.3)e+03,(6.6+/-2.3)e+03,(6.6+/-2.3)e+03,(6.6+/-2.3)e+03,(6.6+/-2.3)e+03,(6.6+/-2.3)e+03,(6.6+/-2.3)e+03,(6.6+/-2.3)e+03,(6.6+/-2.3)e+03,(6.6+/-2.3)e+03,(6.6+/-2.3)e+03,(6.6+/-2.3)e+03,(6.6+/-2.3)e+03,(6.6+/-2.3)e+03,(6.6+/-2.3)e+03,(6.6+/-2.3)e+03,(6.6+/-2.3)e+03,(6.6+/-2.3)e+03,(6.6+/-2.3)e+03
Botswana,103490,263100,0,0,0,0,(2.5+/-0.9)e+05,(2.5+/-0.9)e+05,(2.5+/-0.9)e+05,(2.5+/-0.9)e+05,(2.5+/-0.9)e+05,(2.5+/-0.9)e+05,(2.5+/-0.9)e+05,(2.5+/-0.9)e+05,(2.5+/-0.9)e+05,(2.5+/-0.9)e+05,(2.5+/-0.9)e+05,(2.5+/-0.9)e+05,(2.5+/-0.9)e+05,(2.5+/-0.9)e+05,(2.5+/-0.9)e+05,(2.5+/-0.9)e+05,(2.5+/-0.9)e+05,(2.5+/-0.9)e+05,(2.5+/-0.9)e+05,(2.5+/-0.9)e+05,(2.5+/-0.9)e+05,(2.5+/-0.9)e+05,(2.5+/-0.9)e+05,(2.5+/-0.9)e+05,(2.5+/-0.9)e+05,(2.5+/-0.9)e+05,(2.5+/-0.9)e+05,(2.5+/-0.9)e+05,(2.5+/-0.9)e+05,(2.5+/-0.9)e+05,(2.5+/-0.9)e+05,(2.5+/-0.9)e+05,(2.5+/-0.9)e+05,(2.5+/-0.9)e+05,(2.5+/-0.9)e+05,(2.5+/-0.9)e+05,(2.5+/-0.9)e+05,(2.5+/-0.9)e+05,(2.5+/-0.9)e+05,(2.5+/-0.9)e+05,(2.5+/-0.9)e+05,(2.5+/-0.9)e+05,(2.5+/-0.9)e+05,(2.5+/-0.9)e+05,(2.5+/-0.9)e+05,(2.5+/-0.9)e+05,(2.5+/-0.9)e+05,(2.5+/-0.9)e+05,(2.5+/-0.9)e+05
Central African Republic,184454,587339,0,0,0,0,(6.6+/-2.3)e+03,(6.6+/-2.3)e+03,(6.6+/-2.3)e+03,(6.6+/-2.3)e+03,(6.6+/-2.3)e+03,(6.6+/-2.3)e+03,(6.6+/-2.3)e+03,(6.6+/-2.3)e+03,(6.6+/-2.3)e+03,(6.6+/-2.3)e+03,(6.6+/-2.3)e+03,(6.6+/-2.3)e+03,(6.6+/-2.3)e+03,(6.6+/-2.3)e+03,(6.6+/-2.3)e+03,(6.6+/-2.3)e+03,(6.6+/-2.3)e+03,(6.6+/-2.3)e+03,(6.6+/-2.3)e+03,(6.6+/-2.3)e+03,(6.6+/-2.3)e+03,(6.6+/-2.3)e+03,(6.6+/-2.3)e+03,(6.6+/-2.3)e+03,(6.6+/-2.3)e+03,(6.6+/-2.3)e+03,(6.6+/-2.3)e+03,(6.6+/-2.3)e+03,(6.6+/-2.3)e+03,(6.6+/-2.3)e+03,(6.6+/-2.3)e+03,(6.6+/-2.3)e+03,(6.6+/-2.3)e+03,(6.6+/-2.3)e+03,(6.6+/-2.3)e+03,(6.6+/-2.3)e+03,(6.6+/-2.3)e+03,(6.6+/-2.3)e+03,(6.6+/-2.3)e+03,(6.6+/-2.3)e+03,(6.6+/-2.3)e+03,(6.6+/-2.3)e+03,(6.6+/-2.3)e+03,(6.6+/-2.3)e+03,(6.6+/-2.3)e+03,(6.6+/-2.3)e+03,(6.6+/-2.3)e+03,(6.6+/-2.3)e+03,(6.6+/-2.3)e+03
Canada,1957736,4628920,0,0,0,0,(1.0+/-0.4)e+06,(1.0+/-0.4)e+06,(1.0+/-0.4)e+06,(1.0+/-0.4)e+06,(1.0+/-0.4)e+06,(1.0+/-0.4)e+06,(1.0+/-0.4)e+06,(1.0+/-0.4)e+06,(1.0+/-0.4)e+06,(1.0+/-0.4)e+06,(1.0+/-0.4)e+06,(1.0+/-0.4)e+06,(1.0+/-0.4)e+06,(1.0+/-0.4)e+06,(1.0+/-0.4)e+06,(1.0+/-0.4)e+06,(1.0+/-0.4)e+06,(1.0+/-0.4)e+06,(1.0+/-0.4)e+06,(1.0+/-0.4)e+06,(1.0+/-0.4)e+06,(1.0+/-0.4)e+06,(1.0+/-0.4)e+06,(1.0+/-0.4)e+06,(1.0+/-0.4)e+06,(1.0+/-0.4)e+06,(1.0+/-0.4)e+06,(1.0+/-0.4)e+06,(1.0+/-0.4)e+06,(1.0+/-0.4)e+06,(1.0+/-0.4)e+06,(1.0+/-0.4)e+06,(1.0+/-0.4)e+06,(1.0+/-0.4)e+06,(1.0+/-0.4)e+06,(1.0+/-0.4)e+06,(1.0+/-0.4)e+06,(1.0+/-0.4)e+06,(1.0+/-0.4)e+06,(1.0+/-0.4)e+06,(1.0+/-0.4)e+06,(1.0+/-0.4)e+06,(1.0+/-0.4)e+06,(1.0+/-0.4)e+06,(1.0+/-0.4)e+06,(1.0+/-0.4)e+06,(1.0+/-0.4)e+06,(1.0+/-0.4)e+06,(1.0+/-0.4)e+06
Switzerland,426586,940745,0,0,0,0,(6.6+/-2.3)e+03,(6.6+/-2.3)e+03,(6.6+/-2.3)e+03,(6.6+/-2.3)e+03,(6.6+/-2.3)e+03,(6.6+/-2.3)e+03,(6.6+/-2.3)e+03,(6.6+/-2.3)e+03,(6.6+/-2.3)e+03,(6.6+/-2.3)e+03,(6.6+/-2.3)e+03,(6.6+/-2.3)e+03,(6.6+/-2.3)e+03,(6.6+/-2.3)e+03,(6.6+/-2.3)e+03,(6.6+/-2.3)e+03,(6.6+/-2.3)e+03,(6.6+/-2.3)e+03,(6.6+/-2.3)e+03,(6.6+/-2.3)e+03,(6.6+/-2.3)e+03,(6.6+/-2.3)e+03,(6.6+/-2.3)e+03,(6.6+/-2.3)e+03,(6.6+/-2.3)e+03,(6.6+/-2.3)e+03,(6.6+/-2.3)e+03,(6.6+/-2.3)e+03,(6.6+/-2.3)e+03,(6.6+/-2.3)e+03,(6.6+/-2.3)e+03,(6.6+/-2.3)e+03,(6.6+/-2.3)e+03,(6.6+/-2.3)e+03,(6.6+/-2.3)e+03,(6.6+/-2.3)e+03,(6.6+/-2.3)e+03,(6.6+/-2.3)e+03,(6.6+/-2.3)e+03,(6.6+/-2.3)e+03,(6.6+/-2.3)e+03,(6.6+/-2.3)e+03,(6.6+/-2.3)e+03,(6.6+/-2.3)e+03,(6.6+/-2.3)e+03,(6.6+/-2.3)e+03,(6.6+/-2.3)e+03,(6.6+/-2.3)e+03,(6.6+/-2.3)e+03
Chile,928567,2511683,0,0,0,0,(1.3+/-0.5)e+06,(1.3+/-0.5)e+06,(1.3+/-0.5)e+06,(1.3+/-0.5)e+06,(1.3+/-0.5)e+06,(1.3+/-0.5)e+06,(1.3+/-0.5)e+06,(1.3+/-0.5)e+06,(1.3+/-0.5)e+06,(1.3+/-0.5)e+06,(1.3+/-0.5)e+06,(1.3+/-0.5)e+06,(1.3+/-0.5)e+06,(1.3+/-0.5)e+06,(1.3+/-0.5)e+06,(1.3+/-0.5)e+06,(1.3+/-0.5)e+06,(1.3+/-0.5)e+06,(1.3+/-0.5)e+06,(1.3+/-0.5)e+06,(1.3+/-0.5)e+06,(1.3+/-0.5)e+06,(1.3+/-0.5)e+06,(1.3+/-0.5)e+06,(1.3+/-0.5)e+06,(1.3+/-0.5)e+06,(1.3+/-0.5)e+06,(1.3+/-0.5)e+06,(1.3+/-0.5)e+06,(1.3+/-0.5)e+06,(1.3+/-0.5)e+06,(1.3+/-0.5)e+06,(1.3+/-0.5)e+06,(1.3+/-0.5)e+06,(1.3+/-0.5)e+06,(1.3+/-0.5)e+06,(1.3+/-0.5)e+06,(1.3+/-0.5)e+06,(1.3+/-0.5)e+06,(1.3+/-0.5)e+06,(1.3+/-0.5)e+06,(1.3+/-0.5)e+06,(1.3+/-0.5)e+06,(1.3+/-0.5)e+06,(1.3+/-0.5)e+06,(1.3+/-0.5)e+06,(1.3+/-0.5)e+06,(1.3+/-0.5)e+06,(1.3+/-0.5)e+06
China,88697526,188501997,0,0,0,0,(4.0+/-1.5)e+08,(4.0+/-1.5)e+08,(4.0+/-1.5)e+08,(4.0+/-1.5)e+08,(4.0+/-1.5)e+08,(4.0+/-1.5)e+08,(4.0+/-1.5)e+08,(4.0+/-1.5)e+08,(4.0+/-1.5)e+08,(4.0+/-1.5)e+08,(4.0+/-1.5)e+08,(4.0+/-1.5)e+08,(4.0+/-1.5)e+08,(4.0+/-1.5)e+08,(4.0+/-1.5)e+08,(4.0+/-1.5)e+08,(4.0+/-1.5)e+08,(4.0+/-1.5)e+08,(4.0+/-1.5)e+08,(4.0+/-1.5)e+08,(4.0+/-1.5)e+08,(4.0+/-1.5)e+08,(4.0+/-1.5)e+08,(4.0+/-1.5)e+08,(4.0+/-1.5)e+08,(4.0+/-1.5)e+08,(4.0+/-1.5)e+08,(4.0+/-1.5)e+08,(4.0+/-1.5)e+08,(4.0+/-1.5)e+08,(4.0+/-1.5)e+08,(4.0+/-1.5)e+08,(4.0+/-1.5)e+08,(4.0+/-1.5)e+08,(4.0+/-1.5)e+08,(4.0+/-1.5)e+08,(4.0+/-1.5)e+08,(4.0+/-1.5)e+08,(4.0+/-1.5)e+08,(4.0+/-1.5)e+08,(4.0+/-1.5)e+08,(4.0+/-1.5)e+08,(4.0+/-1.5)e+08,(4.0+/-1.5)e+08,(4.0+/-1.5)e+08,(4.0+/-1.5)e+08,(4.0+/-1.5)e+08,(4.0+/-1.5)e+08,(4.0+/-1.5)e+08
Côte d'Ivoire,2193679,4540653,0,0,0,0,(6.6+/-2.3)e+03,(6.6+/-2.3)e+03,(6.6+/-2.3)e+03,(6.6+/-2.3)e+03,(6.6+/-2.3)e+03,(6.6+/-2.3)e+03,(6.6+/-2.3)e+03,(6.6+/-2.3)e+03,(6.6+/-2.3)e+03,(6.6+/-2.3)e+03,(6.6+/-2.3)e+03,(6.6+/-2.3)e+03,(6.6+/-2.3)e+03,(6.6+/-2.3)e+03,(6.6+/-2.3)e+03,(6.6+/-2.3)e+03,(6.6+/-2.3)e+03,(6.6+/-2.3)e+03,(6.6+/-2.3)e+03,(6.6+/-2.3)e+03,(6.6+/-2.3)e+03,(6.6+/-2.3)e+03,(6.6+/-2.3)e+03,(6.6+/-2.3)e+03,(6.6+/-2.3)e+03,(6.6+/-2.3)e+03,(6.6+/-2.3)e+03,(6.6+/-2.3)e+03,(6.6+/-2.3)e+03,(6.6+/-2.3)e+03,(6.6+/-2.3)e+03,(6.6+/-2.3)e+03,(6.6+/-2.3)e+03,(6.6+/-2.3)e+03,(6.6+/-2.3)e+03,(6.6+/-2.3)e+03,(6.6+/-2.3)e+03,(6.6+/-2.3)e+03,(6.6+/-2.3)e+03,(6.6+/-2.3)e+03,(6.6+/-2.3)e+03,(6.6+/-2.3)e+03,(6.6+/-2.3)e+03,(6.6+/-2.3)e+03,(6.6+/-2.3)e+03,(6.6+/-2.3)e+03,(6.6+/-2.3)e+03,(6.6+/-2.3)e+03,(6.6+/-2.3)e+03
Cameroon,418763,984245,0,0,0,0,(6.6+/-2.3)e+03,(6.6+/-2.3)e+03,(6.6+/-2.3)e+03,(6.6+/-2.3)e+03,(6.6+/-2.3)e+03,(6.6+/-2.3)e+03,(6.6+/-2.3)e+03,(6.6+/-2.3)e+03,(6.6+/-2.3)e+03,(6.6+/-2.3)e+03,(6.6+/-2.3)e+03,(6.6+/-2.3)e+03,(6.6+/-2.3)e+03,(6.6+/-2.3)e+03,(6.6+/-2.3)e+03,(6.6+/-2.3)e+03,(6.6+/-2.3)e+03,(6.6+/-2.3)e+03,(6.6+/-2.3)e+03,(6.6+/-2.3)e+03,(6.6+/-2.3)e+03,(6.6+/-2.3)e+03,(6.6+/-2.3)e+03,(6.6+/-2.3)e+03,(6.6+/-2.3)e+03,(6.6+/-2.3)e+03,(6.6+/-2.3)e+03,(6.6+/-2.3)e+03,(6.6+/-2.3)e+03,(6.6+/-2.3)e+03,(6.6+/-2.3)e+03,(6.6+/-2.3)e+03,(6.6+/-2.3)e+03,(6.6+/-2.3)e+03,(6.6+/-2.3)e+03,(6.6+/-2.3)e+03,(6.6+/-2.3)e+03,(6.6+/-2.3)e+03,(6.6+/-2.3)e+03,(6.6+/-2.3)e+03,(6.6+/-2.3)e+03,(6.6+/-2.3)e+03,(6.6+/-2.3)e+03,(6.6+/-2.3)e+03,(6.6+/-2.3)e+03,(6.6+/-2.3)e+03,(6.6+/-2.3)e+03,(6.6+/-2.3)e+03,(6.6+/-2.3)e+03
DR Congo,5898687,8414717,0,0,0,0,(6.6+/-2.3)e+03,(6.6+/-2.3)e+03,(6.6+/-2.3)e+03,(6.6+/-2.3)e+03,(6.6+/-2.3)e+03,(6.6+/-2.3)e+03,(6.6+/-2.3)e+03,(6.6+/-2.3)e+03,(6.6+/-2.3)e+03,(6.6+/-2.3)e+03,(6.6+/-2.3)e+03,(6.6+/-2.3)e+03,(6.6+/-2.3)e+03,(6.6+/-2.3)e+03,(6.6+/-2.3)e+03,(6.6+/-2.3)e+03,(6.6+/-2.3)e+03,(6.6+/-2.3)e+03,(6.6+/-2.3)e+03,(6.6+/-2.3)e+03,(6.6+/-2.3)e+03,(6.6+/-2.3)e+03,(6.6+/-2.3)e+03,(6.6+/-2.3)e+03,(6.6+/-2.3)e+03,(6.6+/-2.3)e+03,(6.6+/-2.3)e+03,(6.6+/-2.3)e+03,(6.6+/-2.3)e+03,(6.6+/-2.3)e+03,(6.6+/-2.3)e+03,(6.6+/-2.3)e+03,(6.6+/-2.3)e+03,(6.6+/-2.3)e+03,(6.6+/-2.3)e+03,(6.6+/-2.3)e+03,(6.6+/-2.3)e+03,(6.6+/-2.3)e+03,(6.6+/-2.3)e+03,(6.6+/-2.3)e+03,(6.6+/-2.3)e+03,(6.6+/-2.3)e+03,(6.6+/-2.3)e+03,(6.6+/-2.3)e+03,(6.6+/-2.3)e+03,(6.6+/-2.3)e+03,(6.6+/-2.3)e+03,(6.6+/-2.3)e+03,(6.6+/-2.3)e+03
Congo Republic,96579,226997,0,0,0,0,(6.6+/-2.3)e+03,(6.6+/-2.3)e+03,(6.6+/-2.3)e+03,(6.6+/-2.3)e+03,(6.6+/-2.3)e+03,(6.6+/-2.3)e+03,(6.6+/-2.3)e+03,(6.6+/-2.3)e+03,(6.6+/-2.3)e+03,(6.6+/-2.3)e+03,(6.6+/-2.3)e+03,(6.6+/-2.3)e+03,(6.6+/-2.3)e+03,(6.6+/-2.3)e+03,(6.6+/-2.3)e+03,(6.6+/-2.3)e+03,(6.6+/-2.3)e+03,(6.6+/-2.3)e+03,(6.6+/-2.3)e+03,(6.6+/-2.3)e+03,(6.6+/-2.3)e+03,(6.6+/-2.3)e+03,(6.6+/-2.3)e+03,(6.6+/-2.3)e+03,(6.6+/-2.3)e+03,(6.6+/-2.3)e+03,(6.6+/-2.3)e+03,(6.6+/-2.3)e+03,(6.6+/-2.3)e+03,(6.6+/-2.3)e+03,(6.6+/-2.3)e+03,(6.6+/-2.3)e+03,(6.6+/-2.3)e+03,(6.6+/-2.3)e+03,(6.6+/-2.3)e+03,(6.6+/-2.3)e+03,(6.6+/-2.3)e+03,(6.6+/-2.3)e+03,(6.6+/-2.3)e+03,(6.6+/-2.3)e+03,(6.6+/-2.3)e+03,(6.6+/-2.3)e+03,(6.6+/-2.3)e+03,(6.6+/-2.3)e+03,(6.6+/-2.3)e+03,(6.6+/-2.3)e+03,(6.6+/-2.3)e+03,(6.6+/-2.3)e+03,(6.6+/-2.3)e+03
Colombia,2455746,6729973,0,0,0,0,(5.6+/-2.1)e+05,(5.6+/-2.1)e+05,(5.6+/-2.1)e+05,(5.6+/-2.1)e+05,(5.6+/-2.1)e+05,(5.6+/-2.1)e+05,(5.6+/-2.1)e+05,(5.6+/-2.1)e+05,(5.6+/-2.1)e+05,(5.6+/-2.1)e+05,(5.6+/-2.1)e+05,(5.6+/-2.1)e+05,(5.6+/-2.1)e+05,(5.6+/-2.1)e+05,(5.6+/-2.1)e+05,(5.6+/-2.1)e+05,(5.6+/-2.1)e+05,(5.6+/-2.1)e+05,(5.6+/-2.1)e+05,(5.6+/-2.1)e+05,(5.6+/-2.1)e+05,(5.6+/-2.1)e+05,(5.6+/-2.1)e+05,(5.6+/-2.1)e+05,(5.6+/-2.1)e+05,(5.6+/-2.1)e+05,(5.6+/-2.1)e+05,(5.6+/-2.1)e+05,(5.6+/-2.1)e+05,(5.6+/-2.1)e+05,(5.6+/-2.1)e+05,(5.6+/-2.1)e+05,(5.6+/-2.1)e+05,(5.6+/-2.1)e+05,(5.6+/-2.1)e+05,(5.6+/-2.1)e+05,(5.6+/-2.1)e+05,(5.6+/-2.1)e+05,(5.6+/-2.1)e+05,(5.6+/-2.1)e+05,(5.6+/-2.1)e+05,(5.6+/-2.1)e+05,(5.6+/-2.1)e+05,(5.6+/-2.1)e+05,(5.6+/-2.1)e+05,(5.6+/-2.1)e+05,(5.6+/-2.1)e+05,(5.6+/-2.1)e+05,(5.6+/-2.1)e+05
Comoros,30567,61629,0,0,0,0,(6.6+/-2.3)e+03,(6.6+/-2.3)e+03,(6.6+/-2.3)e+03,(6.6+/-2.3)e+03,(6.6+/-2.3)e+03,(6.6+/-2.3)e+03,(6.6+/-2.3)e+03,(6.6+/-2.3)e+03,(6.6+/-2.3)e+03,(6.6+/-2.3)e+03,(6.6+/-2.3)e+03,(6.6+/-2.3)e+03,(6.6+/-2.3)e+03,(6.6+/-2.3)e+03,(6.6+/-2.3)e+03,(6.6+/-2.3)e+03,(6.6+/-2.3)e+03,(6.6+/-2.3)e+03,(6.6+/-2.3)e+03,(6.6+/-2.3)e+03,(6.6+/-2.3)e+03,(6.6+/-2.3)e+03,(6.6+/-2.3)e+03,(6.6+/-2.3)e+03,(6.6+/-2.3)e+03,(6.6+/-2.3)e+03,(6.6+/-2.3)e+03,(6.6+/-2.3)e+03,(6.6+/-2.3)e+03,(6.6+/-2.3)e+03,(6.6+/-2.3)e+03,(6.6+/-2.3)e+03,(6.6+/-2.3)e+03,(6.6+/-2.3)e+03,(6.6+/-2.3)e+03,(6.6+/-2.3)e+03,(6.6+/-2.3)e+03,(6.6+/-2.3)e+03,(6.6+/-2.3)e+03,(6.6+/-2.3)e+03,(6.6+/-2.3)e+03,(6.6+/-2.3)e+03,(6.6+/-2.3)e+03,(6.6+/-2.3)e+03,(6.6+/-2.3)e+03,(6.6+/-2.3)e+03,(6.6+/-2.3)e+03,(6.6+/-2.3)e+03,(6.6+/-2.3)e+03
Cabo Verde,22719,57036,0,0,0,0,(6.6+/-2.3)e+03,(6.6+/-2.3)e+03,(6.6+/-2.3)e+03,(6.6+/-2.3)e+03,(6.6+/-2.3)e+03,(6.6+/-2.3)e+03,(6.6+/-2.3)e+03,(6.6+/-2.3)e+03,(6.6+/-2.3)e+03,(6.6+/-2.3)e+03,(6.6+/-2.3)e+03,(6.6+/-2.3)e+03,(6.6+/-2.3)e+03,(6.6+/-2.3)e+03,(6.6+/-2.3)e+03,(6.6+/-2.3)e+03,(6.6+/-2.3)e+03,(6.6+/-2.3)e+03,(6.6+/-2.3)e+03,(6.6+/-2.3)e+03,(6.6+/-2.3)e+03,(6.6+/-2.3)e+03,(6.6+/-2.3)e+03,(6.6+/-2.3)e+03,(6.6+/-2.3)e+03,(6.6+/-2.3)e+03,(6.6+/-2.3)e+03,(6.6+/-2.3)e+03,(6.6+/-2.3)e+03,(6.6+/-2.3)e+03,(6.6+/-2.3)e+03,(6.6+/-2.3)e+03,(6.6+/-2.3)e+03,(6.6+/-2.3)e+03,(6.6+/-2.3)e+03,(6.6+/-2.3)e+03,(6.6+/-2.3)e+03,(6.6+/-2.3)e+03,(6.6+/-2.3)e+03,(6.6+/-2.3)e+03,(6.6+/-2.3)e+03,(6.6+/-2.3)e+03,(6.6+/-2.3)e+03,(6.6+/-2.3)e+03,(6.6+/-2.3)e+03,(6.6+/-2.3)e+03,(6.6+/-2.3)e+03,(6.6+/-2.3)e+03,(6.6+/-2.3)e+03
Costa Rica,211236,570927,0,0,0,0,(6.6+/-2.3)e+03,(6.6+/-2.3)e+03,(6.6+/-2.3)e+03,(6.6+/-2.3)e+03,(6.6+/-2.3)e+03,(6.6+/-2.3)e+03,(6.6+/-2.3)e+03,(6.6+/-2.3)e+03,(6.6+/-2.3)e+03,(6.6+/-2.3)e+03,(6.6+/-2.3)e+03,(6.6+/-2.3)e+03,(6.6+/-2.3)e+03,(6.6+/-2.3)e+03,(6.6+/-2.3)e+03,(6.6+/-2.3)e+03,(6.6+/-2.3)e+03,(6.6+/-2.3)e+03,(6.6+/-2.3)e+03,(6.6+/-2.3)e+03,(6.6+/-2.3)e+03,(6.6+/-2.3)e+03,(6.6+/-2.3)e+03,(6.6+/-2.3)e+03,(6.6+/-2.3)e+03,(6.6+/-2.3)e+03,(6.6+/-2.3)e+03,(6.6+/-2.3)e+03,(6.6+/-2.3)e+03,(6.6+/-2.3)e+03,(6.6+/-2.3)e+03,(6.6+/-2.3)e+03,(6.6+/-2.3)e+03,(6.6+/-2.3)e+03,(6.6+/-2.3)e+03,(6.6+/-2.3)e+03,(6.6+/-2.3)e+03,(6.6+/-2.3)e+03,(6.6+/-2.3)e+03,(6.6+/-2.3)e+03,(6.6+/-2.3)e+03,(6.6+/-2.3)e+03,(6.6+/-2.3)e+03,(6.6+/-2.3)e+03,(6.6+/-2.3)e+03,(6.6+/-2.3)e+03,(6.6+/-2.3)e+03,(6.6+/-2.3)e+03,(6.6+/-2.3)e+03
Cuba,332951,1018354,0,0,0,0,(6.6+/-2.3)e+03,(6.6+/-2.3)e+03,(6.6+/-2.3)e+03,(6.6+/-2.3)e+03,(6.6+/-2.3)e+03,(6.6+/-2.3)e+03,(6.6+/-2.3)e+03,(6.6+/-2.3)e+03,(6.6+/-2.3)e+03,(6.6+/-2.3)e+03,(6.6+/-2.3)e+03,(6.6+/-2.3)e+03,(6.6+/-2.3)e+03,(6.6+/-2.3)e+03,(6.6+/-2.3)e+03,(6.6+/-2.3)e+03,(6.6+/-2.3)e+03,(6.6+/-2.3)e+03,(6.6+/-2.3)e+03,(6.6+/-2.3)e+03,(6.6+/-2.3)e+03,(6.6+/-2.3)e+03,(6.6+/-2.3)e+03,(6.6+/-2.3)e+03,(6.6+/-2.3)e+03,(6.6+/-2.3)e+03,(6.6+/-2.3)e+03,(6.6+/-2.3)e+03,(6.6+/-2.3)e+03,(6.6+/-2.3)e+03,(6.6+/-2.3)e+03,(6.6+/-2.3)e+03,(6.6+/-2.3)e+03,(6.6+/-2.3)e+03,(6.6+/-2.3)e+03,(6.6+/-2.3)e+03,(6.6+/-2.3)e+03,(6.6+/-2.3)e+03,(6.6+/-2.3)e+03,(6.6+/-2.3)e+03,(6.6+/-2.3)e+03,(6.6+/-2.3)e+03,(6.6+/-2.3)e+03,(6.6+/-2.3)e+03,(6.6+/-2.3)e+03,(6.6+/-2.3)e+03,(6.6+/-2.3)e+03,(6.6+/-2.3)e+03,(6.6+/-2.3)e+03
Curaçao,7335,16311,0,0,0,0,(6.6+/-2.3)e+03,(6.6+/-2.3)e+03,(6.6+/-2.3)e+03,(6.6+/-2.3)e+03,(6.6+/-2.3)e+03,(6.6+/-2.3)e+03,(6.6+/-2.3)e+03,(6.6+/-2.3)e+03,(6.6+/-2.3)e+03,(6.6+/-2.3)e+03,(6.6+/-2.3)e+03,(6.6+/-2.3)e+03,(6.6+/-2.3)e+03,(6.6+/-2.3)e+03,(6.6+/-2.3)e+03,(6.6+/-2.3)e+03,(6.6+/-2.3)e+03,(6.6+/-2.3)e+03,(6.6+/-2.3)e+03,(6.6+/-2.3)e+03,(6.6+/-2.3)e+03,(6.6+/-2.3)e+03,(6.6+/-2.3)e+03,(6.6+/-2.3)e+03,(6.6+/-2.3)e+03,(6.6+/-2.3)e+03,(6.6+/-2.3)e+03,(6.6+/-2.3)e+03,(6.6+/-2.3)e+03,(6.6+/-2.3)e+03,(6.6+/-2.3)e+03,(6.6+/-2.3)e+03,(6.6+/-2.3)e+03,(6.6+/-2.3)e+03,(6.6+/-2.3)e+03,(6.6+/-2.3)e+03,(6.6+/-2.3)e+03,(6.6+/-2.3)e+03,(6.6+/-2.3)e+03,(6.6+/-2.3)e+03,(6.6+/-2.3)e+03,(6.6+/-2.3)e+03,(6.6+/-2.3)e+03,(6.6+/-2.3)e+03,(6.6+/-2.3)e+03,(6.6+/-2.3)e+03,(6.6+/-2.3)e+03,(6.6+/-2.3)e+03,(6.6+/-2.3)e+03
Cayman Islands,6197,13780,0,0,0,0,(6.6+/-2.3)e+03,(6.6+/-2.3)e+03,(6.6+/-2.3)e+03,(6.6+/-2.3)e+03,(6.6+/-2.3)e+03,(6.6+/-2.3)e+03,(6.6+/-2.3)e+03,(6.6+/-2.3)e+03,(6.6+/-2.3)e+03,(6.6+/-2.3)e+03,(6.6+/-2.3)e+03,(6.6+/-2.3)e+03,(6.6+/-2.3)e+03,(6.6+/-2.3)e+03,(6.6+/-2.3)e+03,(6.6+/-2.3)e+03,(6.6+/-2.3)e+03,(6.6+/-2.3)e+03,(6.6+/-2.3)e+03,(6.6+/-2.3)e+03,(6.6+/-2.3)e+03,(6.6+/-2.3)e+03,(6.6+/-2.3)e+03,(6.6+/-2.3)e+03,(6.6+/-2.3)e+03,(6.6+/-2.3)e+03,(6.6+/-2.3)e+03,(6.6+/-2.3)e+03,(6.6+/-2.3)e+03,(6.6+/-2.3)e+03,(6.6+/-2.3)e+03,(6.6+/-2.3)e+03,(6.6+/-2.3)e+03,(6.6+/-2.3)e+03,(6.6+/-2.3)e+03,(6.6+/-2.3)e+03,(6.6+/-2.3)e+03,(6.6+/-2.3)e+03,(6.6+/-2.3)e+03,(6.6+/-2.3)e+03,(6.6+/-2.3)e+03,(6.6+/-2.3)e+03,(6.6+/-2.3)e+03,(6.6+/-2.3)e+03,(6.6+/-2.3)e+03,(6.6+/-2.3)e+03,(6.6+/-2.3)e+03,(6.6+/-2.3)e+03,(6.6+/-2.3)e+03
Cyprus,51821,155844,0,0,0,0,(6.6+/-2.3)e+03,(6.6+/-2.3)e+03,(6.6+/-2.3)e+03,(6.6+/-2.3)e+03,(6.6+/-2.3)e+03,(6.6+/-2.3)e+03,(6.6+/-2.3)e+03,(6.6+/-2.3)e+03,(6.6+/-2.3)e+03,(6.6+/-2.3)e+03,(6.6+/-2.3)e+03,(6.6+/-2.3)e+03,(6.6+/-2.3)e+03,(6.6+/-2.3)e+03,(6.6+/-2.3)e+03,(6.6+/-2.3)e+03,(6.6+/-2.3)e+03,(6.6+/-2.3)e+03,(6.6+/-2.3)e+03,(6.6+/-2.3)e+03,(6.6+/-2.3)e+03,(6.6+/-2.3)e+03,(6.6+/-2.3)e+03,(6.6+/-2.3)e+03,(6.6+/-2.3)e+03,(6.6+/-2.3)e+03,(6.6+/-2.3)e+03,(6.6+/-2.3)e+03,(6.6+/-2.3)e+03,(6.6+/-2.3)e+03,(6.6+/-2.3)e+03,(6.6+/-2.3)e+03,(6.6+/-2.3)e+03,(6.6+/-2.3)e+03,(6.6+/-2.3)e+03,(6.6+/-2.3)e+03,(6.6+/-2.3)e+03,(6.6+/-2.3)e+03,(6.6+/-2.3)e+03,(6.6+/-2.3)e+03,(6.6+/-2.3)e+03,(6.6+/-2.3)e+03,(6.6+/-2.3)e+03,(6.6+/-2.3)e+03,(6.6+/-2.3)e+03,(6.6+/-2.3)e+03,(6.6+/-2.3)e+03,(6.6+/-2.3)e+03,(6.6+/-2.3)e+03
Czechia,518320,1099518,0,0,0,0,(2.3+/-0.9)e+06,(2.3+/-0.9)e+06,(2.3+/-0.9)e+06,(2.3+/-0.9)e+06,(2.3+/-0.9)e+06,(2.3+/-0.9)e+06,(2.3+/-0.9)e+06,(2.3+/-0.9)e+06,(2.3+/-0.9)e+06,(2.3+/-0.9)e+06,(2.3+/-0.9)e+06,(2.3+/-0.9)e+06,(2.3+/-0.9)e+06,(2.3+/-0.9)e+06,(2.3+/-0.9)e+06,(2.3+/-0.9)e+06,(2.3+/-0.9)e+06,(2.3+/-0.9)e+06,(2.3+/-0.9)e+06,(2.3+/-0.9)e+06,(2.3+/-0.9)e+06,(2.3+/-0.9)e+06,(2.3+/-0.9)e+06,(2.3+/-0.9)e+06,(2.3+/-0.9)e+06,(2.3+/-0.9)e+06,(2.3+/-0.9)e+06,(2.3+/-0.9)e+06,(2.3+/-0.9)e+06,(2.3+/-0.9)e+06,(2.3+/-0.9)e+06,(2.3+/-0.9)e+06,(2.3+/-0.9)e+06,(2.3+/-0.9)e+06,(2.3+/-0.9)e+06,(2.3+/-0.9)e+06,(2.3+/-0.9)e+06,(2.3+/-0.9)e+06,(2.3+/-0.9)e+06,(2.3+/-0.9)e+06,(2.3+/-0.9)e+06,(2.3+/-0.9)e+06,(2.3+/-0.9)e+06,(2.3+/-0.9)e+06,(2.3+/-0.9)e+06,(2.3+/-0.9)e+06,(2.3+/-0.9)e+06,(2.3+/-0.9)e+06,(2.3+/-0.9)e+06
Germany,3977563,8775365,0,0,0,0,(1.0+/-0.4)e+07,(1.0+/-0.4)e+07,(1.0+/-0.4)e+07,(1.0+/-0.4)e+07,(1.0+/-0.4)e+07,(1.0+/-0.4)e+07,(1.0+/-0.4)e+07,(1.0+/-0.4)e+07,(1.0+/-0.4)e+07,(1.0+/-0.4)e+07,(1.0+/-0.4)e+07,(1.0+/-0.4)e+07,(1.0+/-0.4)e+07,(1.0+/-0.4)e+07,(1.0+/-0.4)e+07,(1.0+/-0.4)e+07,(1.0+/-0.4)e+07,(1.0+/-0.4)e+07,(1.0+/-0.4)e+07,(1.0+/-0.4)e+07,(1.0+/-0.4)e+07,(1.0+/-0.4)e+07,(1.0+/-0.4)e+07,(1.0+/-0.4)e+07,(1.0+/-0.4)e+07,(1.0+/-0.4)e+07,(1.0+/-0.4)e+07,(1.0+/-0.4)e+07,(1.0+/-0.4)e+07,(1.0+/-0.4)e+07,(1.0+/-0.4)e+07,(1.0+/-0.4)e+07,(1.0+/-0.4)e+07,(1.0+/-0.4)e+07,(1.0+/-0.4)e+07,(1.0+/-0.4)e+07,(1.0+/-0.4)e+07,(1.0+/-0.4)e+07,(1.0+/-0.4)e+07,(1.0+/-0.4)e+07,(1.0+/-0.4)e+07,(1.0+/-0.4)e+07,(1.0+/-0.4)e+07,(1.0+/-0.4)e+07,(1.0+/-0.4)e+07,(1.0+/-0.4)e+07,(1.0+/-0.4)e+07,(1.0+/-0.4)e+07,(1.0+/-0.4)e+07
Djibouti,21697,52090,0,0,0,0,(6.6+/-2.3)e+03,(6.6+/-2.3)e+03,(6.6+/-2.3)e+03,(6.6+/-2.3)e+03,(6.6+/-2.3)e+03,(6.6+/-2.3)e+03,(6.6+/-2.3)e+03,(6.6+/-2.3)e+03,(6.6+/-2.3)e+03,(6.6+/-2.3)e+03,(6.6+/-2.3)e+03,(6.6+/-2.3)e+03,(6.6+/-2.3)e+03,(6.6+/-2.3)e+03,(6.6+/-2.3)e+03,(6.6+/-2.3)e+03,(6.6+/-2.3)e+03,(6.6+/-2.3)e+03,(6.6+/-2.3)e+03,(6.6+/-2.3)e+03,(6.6+/-2.3)e+03,(6.6+/-2.3)e+03,(6.6+/-2.3)e+03,(6.6+/-2.3)e+03,(6.6+/-2.3)e+03,(6.6+/-2.3)e+03,(6.6+/-2.3)e+03,(6.6+/-2.3)e+03,(6.6+/-2.3)e+03,(6.6+/-2.3)e+03,(6.6+/-2.3)e+03,(6.6+/-2.3)e+03,(6.6+/-2.3)e+03,(6.6+/-2.3)e+03,(6.6+/-2.3)e+03,(6.6+/-2.3)e+03,(6.6+/-2.3)e+03,(6.6+/-2.3)e+03,(6.6+/-2.3)e+03,(6.6+/-2.3)e+03,(6.6+/-2.3)e+03,(6.6+/-2.3)e+03,(6.6+/-2.3)e+03,(6.6+/-2.3)e+03,(6.6+/-2.3)e+03,(6.6+/-2.3)e+03,(6.6+/-2.3)e+03,(6.6+/-2.3)e+03,(6.6+/-2.3)e+03
Dominica,4551,6584,0,0,0,0,(6.6+/-2.3)e+03,(6.6+/-2.3)e+03,(6.6+/-2.3)e+03,(6.6+/-2.3)e+03,(6.6+/-2.3)e+03,(6.6+/-2.3)e+03,(6.6+/-2.3)e+03,(6.6+/-2.3)e+03,(6.6+/-2.3)e+03,(6.6+/-2.3)e+03,(6.6+/-2.3)e+03,(6.6+/-2.3)e+03,(6.6+/-2.3)e+03,(6.6+/-2.3)e+03,(6.6+/-2.3)e+03,(6.6+/-2.3)e+03,(6.6+/-2.3)e+03,(6.6+/-2.3)e+03,(6.6+/-2.3)e+03,(6.6+/-2.3)e+03,(6.6+/-2.3)e+03,(6.6+/-2.3)e+03,(6.6+/-2.3)e+03,(6.6+/-2.3)e+03,(6.6+/-2.3)e+03,(6.6+/-2.3)e+03,(6.6+/-2.3)e+03,(6.6+/-2.3)e+03,(6.6+/-2.3)e+03,(6.6+/-2.3)e+03,(6.6+/-2.3)e+03,(6.6+/-2.3)e+03,(6.6+/-2.3)e+03,(6.6+/-2.3)e+03,(6.6+/-2.3)e+03,(6.6+/-2.3)e+03,(6.6+/-2.3)e+03,(6.6+/-2.3)e+03,(6.6+/-2.3)e+03,(6.6+/-2.3)e+03,(6.6+/-2.3)e+03,(6.6+/-2.3)e+03,(6.6+/-2.3)e+03,(6.6+/-2.3)e+03,(6.6+/-2.3)e+03,(6.6+/-2.3)e+03,(6.6+/-2.3)e+03,(6.6+/-2.3)e+03,(6.6+/-2.3)e+03
Denmark,272482,695015,0,0,0,0,(1.4+/-0.5)e+05,(1.4+/-0.5)e+05,(1.4+/-0.5)e+05,(1.4+/-0.5)e+05,(1.4+/-0.5)e+05,(1.4+/-0.5)e+05,(1.4+/-0.5)e+05,(1.4+/-0.5)e+05,(1.4+/-0.5)e+05,(1.4+/-0.5)e+05,(1.4+/-0.5)e+05,(1.4+/-0.5)e+05,(1.4+/-0.5)e+05,(1.4+/-0.5)e+05,(1.4+/-0.5)e+05,(1.4+/-0.5)e+05,(1.4+/-0.5)e+05,(1.4+/-0.5)e+05,(1.4+/-0.5)e+05,(1.4+/-0.5)e+05,(1.4+/-0.5)e+05,(1.4+/-0.5)e+05,(1.4+/-0.5)e+05,(1.4+/-0.5)e+05,(1.4+/-0.5)e+05,(1.4+/-0.5)e+05,(1.4+/-0.5)e+05,(1.4+/-0.5)e+05,(1.4+/-0.5)e+05,(1.4+/-0.5)e+05,(1.4+/-0.5)e+05,(1.4+/-0.5)e+05,(1.4+/-0.5)e+05,(1.4+/-0.5)e+05,(1.4+/-0.5)e+05,(1.4+/-0.5)e+05,(1.4+/-0.5)e+05,(1.4+/-0.5)e+05,(1.4+/-0.5)e+05,(1.4+/-0.5)e+05,(1.4+/-0.5)e+05,(1.4+/-0.5)e+05,(1.4+/-0.5)e+05,(1.4+/-0.5)e+05,(1.4+/-0.5)e+05,(1.4+/-0.5)e+05,(1.4+/-0.5)e+05,(1.4+/-0.5)e+05,(1.4+/-0.5)e+05
Dominican Republic,370630,1133600,0,0,0,0,(3.6+/-1.4)e+05,(3.6+/-1.4)e+05,(3.6+/-1.4)e+05,(3.6+/-1.4)e+05,(3.6+/-1.4)e+05,(3.6+/-1.4)e+05,(3.6+/-1.4)e+05,(3.6+/-1.4)e+05,(3.6+/-1.4)e+05,(3.6+/-1.4)e+05,(3.6+/-1.4)e+05,(3.6+/-1.4)e+05,(3.6+/-1.4)e+05,(3.6+/-1.4)e+05,(3.6+/-1.4)e+05,(3.6+/-1.4)e+05,(3.6+/-1.4)e+05,(3.6+/-1.4)e+05,(3.6+/-1.4)e+05,(3.6+/-1.4)e+05,(3.6+/-1.4)e+05,(3.6+/-1.4)e+05,(3.6+/-1.4)e+05,(3.6+/-1.4)e+05,(3.6+/-1.4)e+05,(3.6+/-1.4)e+05,(3.6+/-1.4)e+05,(3.6+/-1.4)e+05,(3.6+/-1.4)e+05,(3.6+/-1.4)e+05,(3.6+/-1.4)e+05,(3.6+/-1.4)e+05,(3.6+/-1.4)e+05,(3.6+/-1.4)e+05,(3.6+/-1.4)e+05,(3.6+/-1.4)e+05,(3.6+/-1.4)e+05,(3.6+/-1.4)e+05,(3.6+/-1.4)e+05,(3.6+/-1.4)e+05,(3.6+/-1.4)e+05,(3.6+/-1.4)e+05,(3.6+/-1.4)e+05,(3.6+/-1.4)e+05,(3.6+/-1.4)e+05,(3.6+/-1.4)e+05,(3.6+/-1.4)e+05,(3.6+/-1.4)e+05,(3.6+/-1.4)e+05
Algeria,1588147,3256383,0,0,0,0,(6.6+/-2.3)e+03,(6.6+/-2.3)e+03,(6.6+/-2.3)e+03,(6.6+/-2.3)e+03,(6.6+/-2.3)e+03,(6.6+/-2.3)e+03,(6.6+/-2.3)e+03,(6.6+/-2.3)e+03,(6.6+/-2.3)e+03,(6.6+/-2.3)e+03,(6.6+/-2.3)e+03,(6.6+/-2.3)e+03,(6.6+/-2.3)e+03,(6.6+/-2.3)e+03,(6.6+/-2.3)e+03,(6.6+/-2.3)e+03,(6.6+/-2.3)e+03,(6.6+/-2.3)e+03,(6.6+/-2.3)e+03,(6.6+/-2.3)e+03,(6.6+/-2.3)e+03,(6.6+/-2.3)e+03,(6.6+/-2.3)e+03,(6.6+/-2.3)e+03,(6.6+/-2.3)e+03,(6.6+/-2.3)e+03,(6.6+/-2.3)e+03,(6.6+/-2.3)e+03,(6.6+/-2.3)e+03,(6.6+/-2.3)e+03,(6.6+/-2.3)e+03,(6.6+/-2.3)e+03,(6.6+/-2.3)e+03,(6.6+/-2.3)e+03,(6.6+/-2.3)e+03,(6.6+/-2.3)e+03,(6.6+/-2.3)e+03,(6.6+/-2.3)e+03,(6.6+/-2.3)e+03,(6.6+/-2.3)e+03,(6.6+/-2.3)e+03,(6.6+/-2.3)e+03,(6.6+/-2.3)e+03,(6.6+/-2.3)e+03,(6.6+/-2.3)e+03,(6.6+/-2.3)e+03,(6.6+/-2.3)e+03,(6.6+/-2.3)e+03,(6.6+/-2.3)e+03
Ecuador,1111154,2461923,0,0,0,0,(6.6+/-2.3)e+03,(6.6+/-2.3)e+03,(6.6+/-2.3)e+03,(6.6+/-2.3)e+03,(6.6+/-2.3)e+03,(6.6+/-2.3)e+03,(6.6+/-2.3)e+03,(6.6+/-2.3)e+03,(6.6+/-2.3)e+03,(6.6+/-2.3)e+03,(6.6+/-2.3)e+03,(6.6+/-2.3)e+03,(6.6+/-2.3)e+03,(6.6+/-2.3)e+03,(6.6+/-2.3)e+03,(6.6+/-2.3)e+03,(6.6+/-2.3)e+03,(6.6+/-2.3)e+03,(6.6+/-2.3)e+03,(6.6+/-2.3)e+03,(6.6+/-2.3)e+03,(6.6+/-2.3)e+03,(6.6+/-2.3)e+03,(6.6+/-2.3)e+03,(6.6+/-2.3)e+03,(6.6+/-2.3)e+03,(6.6+/-2.3)e+03,(6.6+/-2.3)e+03,(6.6+/-2.3)e+03,(6.6+/-2.3)e+03,(6.6+/-2.3)e+03,(6.6+/-2.3)e+03,(6.6+/-2.3)e+03,(6.6+/-2.3)e+03,(6.6+/-2.3)e+03,(6.6+/-2.3)e+03,(6.6+/-2.3)e+03,(6.6+/-2.3)e+03,(6.6+/-2.3)e+03,(6.6+/-2.3)e+03,(6.6+/-2.3)e+03,(6.6+/-2.3)e+03,(6.6+/-2.3)e+03,(6.6+/-2.3)e+03,(6.6+/-2.3)e+03,(6.6+/-2.3)e+03,(6.6+/-2.3)e+03,(6.6+/-2.3)e+03,(6.6+/-2.3)e+03
Egypt,4017634,8766084,0,0,0,0,(6.6+/-2.3)e+03,(6.6+/-2.3)e+03,(6.6+/-2.3)e+03,(6.6+/-2.3)e+03,(6.6+/-2.3)e+03,(6.6+/-2.3)e+03,(6.6+/-2.3)e+03,(6.6+/-2.3)e+03,(6.6+/-2.3)e+03,(6.6+/-2.3)e+03,(6.6+/-2.3)e+03,(6.6+/-2.3)e+03,(6.6+/-2.3)e+03,(6.6+/-2.3)e+03,(6.6+/-2.3)e+03,(6.6+/-2.3)e+03,(6.6+/-2.3)e+03,(6.6+/-2.3)e+03,(6.6+/-2.3)e+03,(6.6+/-2.3)e+03,(6.6+/-2.3)e+03,(6.6+/-2.3)e+03,(6.6+/-2.3)e+03,(6.6+/-2.3)e+03,(6.6+/-2.3)e+03,(6.6+/-2.3)e+03,(6.6+/-2.3)e+03,(6.6+/-2.3)e+03,(6.6+/-2.3)e+03,(6.6+/-2.3)e+03,(6.6+/-2.3)e+03,(6.6+/-2.3)e+03,(6.6+/-2.3)e+03,(6.6+/-2.3)e+03,(6.6+/-2.3)e+03,(6.6+/-2.3)e+03,(6.6+/-2.3)e+03,(6.6+/-2.3)e+03,(6.6+/-2.3)e+03,(6.6+/-2.3)e+03,(6.6+/-2.3)e+03,(6.6+/-2.3)e+03,(6.6+/-2.3)e+03,(6.6+/-2.3)e+03,(6.6+/-2.3)e+03,(6.6+/-2.3)e+03,(6.6+/-2.3)e+03,(6.6+/-2.3)e+03,(6.6+/-2.3)e+03
Eritrea,142865,365012,0,0,0,0,(6.6+/-2.3)e+03,(6.6+/-2.3)e+03,(6.6+/-2.3)e+03,(6.6+/-2.3)e+03,(6.6+/-2.3)e+03,(6.6+/-2.3)e+03,(6.6+/-2.3)e+03,(6.6+/-2.3)e+03,(6.6+/-2.3)e+03,(6.6+/-2.3)e+03,(6.6+/-2.3)e+03,(6.6+/-2.3)e+03,(6.6+/-2.3)e+03,(6.6+/-2.3)e+03,(6.6+/-2.3)e+03,(6.6+/-2.3)e+03,(6.6+/-2.3)e+03,(6.6+/-2.3)e+03,(6.6+/-2.3)e+03,(6.6+/-2.3)e+03,(6.6+/-2.3)e+03,(6.6+/-2.3)e+03,(6.6+/-2.3)e+03,(6.6+/-2.3)e+03,(6.6+/-2.3)e+03,(6.6+/-2.3)e+03,(6.6+/-2.3)e+03,(6.6+/-2.3)e+03,(6.6+/-2.3)e+03,(6.6+/-2.3)e+03,(6.6+/-2.3)e+03,(6.6+/-2.3)e+03,(6.6+/-2.3)e+03,(6.6+/-2.3)e+03,(6.6+/-2.3)e+03,(6.6+/-2.3)e+03,(6.6+/-2.3)e+03,(6.6+/-2.3)e+03,(6.6+/-2.3)e+03,(6.6+/-2.3)e+03,(6.6+/-2.3)e+03,(6.6+/-2.3)e+03,(6.6+/-2.3)e+03,(6.6+/-2.3)e+03,(6.6+/-2.3)e+03,(6.6+/-2.3)e+03,(6.6+/-2.3)e+03,(6.6+/-2.3)e+03,(6.6+/-2.3)e+03
Spain,2101587,5688408,0,0,0,0,(7.1+/-2.7)e+05,(7.1+/-2.7)e+05,(7.1+/-2.7)e+05,(7.1+/-2.7)e+05,(7.1+/-2.7)e+05,(7.1+/-2.7)e+05,(7.1+/-2.7)e+05,(7.1+/-2.7)e+05,(7.1+/-2.7)e+05,(7.1+/-2.7)e+05,(7.1+/-2.7)e+05,(7.1+/-2.7)e+05,(7.1+/-2.7)e+05,(7.1+/-2.7)e+05,(7.1+/-2.7)e+05,(7.1+/-2.7)e+05,(7.1+/-2.7)e+05,(7.1+/-2.7)e+05,(7.1+/-2.7)e+05,(7.1+/-2.7)e+05,(7.1+/-2.7)e+05,(7.1+/-2.7)e+05,(7.1+/-2.7)e+05,(7.1+/-2.7)e+05,(7.1+/-2.7)e+05,(7.1+/-2.7)e+05,(7.1+/-2.7)e+05,(7.1+/-2.7)e+05,(7.1+/-2.7)e+05,(7.1+/-2.7)e+05,(7.1+/-2.7)e+05,(7.1+/-2.7)e+05,(7.1+/-2.7)e+05,(7.1+/-2.7)e+05,(7.1+/-2.7)e+05,(7.1+/-2.7)e+05,(7.1+/-2.7)e+05,(7.1+/-2.7)e+05,(7.1+/-2.7)e+05,(7.1+/-2.7)e+05,(7.1+/-2.7)e+05,(7.1+/-2.7)e+05,(7.1+/-2.7)e+05,(7.1+/-2.7)e+05,(7.1+/-2.7)e+05,(7.1+/-2.7)e+05,(7.1+/-2.7)e+05,(7.1+/-2.7)e+05,(7.1+/-2.7)e+05
Estonia,57266,132048,0,0,0,0,(6.6+/-2.3)e+03,(6.6+/-2.3)e+03,(6.6+/-2.3)e+03,(6.6+/-2.3)e+03,(6.6+/-2.3)e+03,(6.6+/-2.3)e+03,(6.6+/-2.3)e+03,(6.6+/-2.3)e+03,(6.6+/-2.3)e+03,(6.6+/-2.3)e+03,(6.6+/-2.3)e+03,(6.6+/-2.3)e+03,(6.6+/-2.3)e+03,(6.6+/-2.3)e+03,(6.6+/-2.3)e+03,(6.6+/-2.3)e+03,(6.6+/-2.3)e+03,(6.6+/-2.3)e+03,(6.6+/-2.3)e+03,(6.6+/-2.3)e+03,(6.6+/-2.3)e+03,(6.6+/-2.3)e+03,(6.6+/-2.3)e+03,(6.6+/-2.3)e+03,(6.6+/-2.3)e+03,(6.6+/-2.3)e+03,(6.6+/-2.3)e+03,(6.6+/-2.3)e+03,(6.6+/-2.3)e+03,(6.6+/-2.3)e+03,(6.6+/-2.3)e+03,(6.6+/-2.3)e+03,(6.6+/-2.3)e+03,(6.6+/-2.3)e+03,(6.6+/-2.3)e+03,(6.6+/-2.3)e+03,(6.6+/-2.3)e+03,(6.6+/-2.3)e+03,(6.6+/-2.3)e+03,(6.6+/-2.3)e+03,(6.6+/-2.3)e+03,(6.6+/-2.3)e+03,(6.6+/-2.3)e+03,(6.6+/-2.3)e+03,(6.6+/-2.3)e+03,(6.6+/-2.3)e+03,(6.6+/-2.3)e+03,(6.6+/-2.3)e+03,(6.6+/-2.3)e+03
Ethiopia,4055151,9709374,0,0,0,0,(6.6+/-2.3)e+03,(6.6+/-2.3)e+03,(6.6+/-2.3)e+03,(6.6+/-2.3)e+03,(6.6+/-2.3)e+03,(6.6+/-2.3)e+03,(6.6+/-2.3)e+03,(6.6+/-2.3)e+03,(6.6+/-2.3)e+03,(6.6+/-2.3)e+03,(6.6+/-2.3)e+03,(6.6+/-2.3)e+03,(6.6+/-2.3)e+03,(6.6+/-2.3)e+03,(6.6+/-2.3)e+03,(6.6+/-2.3)e+03,(6.6+/-2.3)e+03,(6.6+/-2.3)e+03,(6.6+/-2.3)e+03,(6.6+/-2.3)e+03,(6.6+/-2.3)e+03,(6.6+/-2.3)e+03,(6.6+/-2.3)e+03,(6.6+/-2.3)e+03,(6.6+/-2.3)e+03,(6.6+/-2.3)e+03,(6.6+/-2.3)e+03,(6.6+/-2.3)e+03,(6.6+/-2.3)e+03,(6.6+/-2.3)e+03,(6.6+/-2.3)e+03,(6.6+/-2.3)e+03,(6.6+/-2.3)e+03,(6.6+/-2.3)e+03,(6.6+/-2.3)e+03,(6.6+/-2.3)e+03,(6.6+/-2.3)e+03,(6.6+/-2.3)e+03,(6.6+/-2.3)e+03,(6.6+/-2.3)e+03,(6.6+/-2.3)e+03,(6.6+/-2.3)e+03,(6.6+/-2.3)e+03,(6.6+/-2.3)e+03,(6.6+/-2.3)e+03,(6.6+/-2.3)e+03,(6.6+/-2.3)e+03,(6.6+/-2.3)e+03,(6.6+/-2.3)e+03
Finland,261533,611424,0,0,0,0,(3.4+/-1.3)e+05,(3.4+/-1.3)e+05,(3.4+/-1.3)e+05,(3.4+/-1.3)e+05,(3.4+/-1.3)e+05,(3.4+/-1.3)e+05,(3.4+/-1.3)e+05,(3.4+/-1.3)e+05,(3.4+/-1.3)e+05,(3.4+/-1.3)e+05,(3.4+/-1.3)e+05,(3.4+/-1.3)e+05,(3.4+/-1.3)e+05,(3.4+/-1.3)e+05,(3.4+/-1.3)e+05,(3.4+/-1.3)e+05,(3.4+/-1.3)e+05,(3.4+/-1.3)e+05,(3.4+/-1.3)e+05,(3.4+/-1.3)e+05,(3.4+/-1.3)e+05,(3.4+/-1.3)e+05,(3.4+/-1.3)e+05,(3.4+/-1.3)e+05,(3.4+/-1.3)e+05,(3.4+/-1.3)e+05,(3.4+/-1.3)e+05,(3.4+/-1.3)e+05,(3.4+/-1.3)e+05,(3.4+/-1.3)e+05,(3.4+/-1.3)e+05,(3.4+/-1.3)e+05,(3.4+/-1.3)e+05,(3.4+/-1.3)e+05,(3.4+/-1.3)e+05,(3.4+/-1.3)e+05,(3.4+/-1.3)e+05,(3.4+/-1.3)e+05,(3.4+/-1.3)e+05,(3.4+/-1.3)e+05,(3.4+/-1.3)e+05,(3.4+/-1.3)e+05,(3.4+/-1.3)e+05,(3.4+/-1.3)e+05,(3.4+/-1.3)e+05,(3.4+/-1.3)e+05,(3.4+/-1.3)e+05,(3.4+/-1.3)e+05,(3.4+/-1.3)e+05
Fiji,40990,80032,0,0,0,0,(6.6+/-2.3)e+03,(6.6+/-2.3)e+03,(6.6+/-2.3)e+03,(6.6+/-2.3)e+03,(6.6+/-2.3)e+03,(6.6+/-2.3)e+03,(6.6+/-2.3)e+03,(6.6+/-2.3)e+03,(6.6+/-2.3)e+03,(6.6+/-2.3)e+03,(6.6+/-2.3)e+03,(6.6+/-2.3)e+03,(6.6+/-2.3)e+03,(6.6+/-2.3)e+03,(6.6+/-2.3)e+03,(6.6+/-2.3)e+03,(6.6+/-2.3)e+03,(6.6+/-2.3)e+03,(6.6+/-2.3)e+03,(6.6+/-2.3)e+03,(6.6+/-2.3)e+03,(6.6+/-2.3)e+03,(6.6+/-2.3)e+03,(6.6+/-2.3)e+03,(6.6+/-2.3)e+03,(6.6+/-2.3)e+03,(6.6+/-2.3)e+03,(6.6+/-2.3)e+03,(6.6+/-2.3)e+03,(6.6+/-2.3)e+03,(6.6+/-2.3)e+03,(6.6+/-2.3)e+03,(6.6+/-2.3)e+03,(6.6+/-2.3)e+03,(6.6+/-2.3)e+03,(6.6+/-2.3)e+03,(6.6+/-2.3)e+03,(6.6+/-2.3)e+03,(6.6+/-2.3)e+03,(6.6+/-2.3)e+03,(6.6+/-2.3)e+03,(6.6+/-2.3)e+03,(6.6+/-2.3)e+03,(6.6+/-2.3)e+03,(6.6+/-2.3)e+03,(6.6+/-2.3)e+03,(6.6+/-2.3)e+03,(6.6+/-2.3)e+03,(6.6+/-2.3)e+03
France,2805822,6251274,0,0,0,0,(6.5+/-2.4)e+05,(6.5+/-2.4)e+05,(6.5+/-2.4)e+05,(6.5+/-2.4)e+05,(6.5+/-2.4)e+05,(6.5+/-2.4)e+05,(6.5+/-2.4)e+05,(6.5+/-2.4)e+05,(6.5+/-2.4)e+05,(6.5+/-2.4)e+05,(6.5+/-2.4)e+05,(6.5+/-2.4)e+05,(6.5+/-2.4)e+05,(6.5+/-2.4)e+05,(6.5+/-2.4)e+05,(6.5+/-2.4)e+05,(6.5+/-2.4)e+05,(6.5+/-2.4)e+05,(6.5+/-2.4)e+05,(6.5+/-2.4)e+05,(6.5+/-2.4)e+05,(6.5+/-2.4)e+05,(6.5+/-2.4)e+05,(6.5+/-2.4)e+05,(6.5+/-2.4)e+05,(6.5+/-2.4)e+05,(6.5+/-2.4)e+05,(6.5+/-2.4)e+05,(6.5+/-2.4)e+05,(6.5+/-2.4)e+05,(6.5+/-2.4)e+05,(6.5+/-2.4)e+05,(6.5+/-2.4)e+05,(6.5+/-2.4)e+05,(6.5+/-2.4)e+05,(6.5+/-2.4)e+05,(6.5+/-2.4)e+05,(6.5+/-2.4)e+05,(6.5+/-2.4)e+05,(6.5+/-2.4)e+05,(6.5+/-2.4)e+05,(6.5+/-2.4)e+05,(6.5+/-2.4)e+05,(6.5+/-2.4)e+05,(6.5+/-2.4)e+05,(6.5+/-2.4)e+05,(6.5+/-2.4)e+05,(6.5+/-2.4)e+05,(6.5+/-2.4)e+05
Faroe Islands,2701,6623,0,0,0,0,(6.6+/-2.3)e+03,(6.6+/-2.3)e+03,(6.6+/-2.3)e+03,(6.6+/-2.3)e+03,(6.6+/-2.3)e+03,(6.6+/-2.3)e+03,(6.6+/-2.3)e+03,(6.6+/-2.3)e+03,(6.6+/-2.3)e+03,(6.6+/-2.3)e+03,(6.6+/-2.3)e+03,(6.6+/-2.3)e+03,(6.6+/-2.3)e+03,(6.6+/-2.3)e+03,(6.6+/-2.3)e+03,(6.6+/-2.3)e+03,(6.6+/-2.3)e+03,(6.6+/-2.3)e+03,(6.6+/-2.3)e+03,(6.6+/-2.3)e+03,(6.6+/-2.3)e+03,(6.6+/-2.3)e+03,(6.6+/-2.3)e+03,(6.6+/-2.3)e+03,(6.6+/-2.3)e+03,(6.6+/-2.3)e+03,(6.6+/-2.3)e+03,(6.6+/-2.3)e+03,(6.6+/-2.3)e+03,(6.6+/-2.3)e+03,(6.6+/-2.3)e+03,(6.6+/-2.3)e+03,(6.6+/-2.3)e+03,(6.6+/-2.3)e+03,(6.6+/-2.3)e+03,(6.6+/-2.3)e+03,(6.6+/-2.3)e+03,(6.6+/-2.3)e+03,(6.6+/-2.3)e+03,(6.6+/-2.3)e+03,(6.6+/-2.3)e+03,(6.6+/-2.3)e+03,(6.6+/-2.3)e+03,(6.6+/-2.3)e+03,(6.6+/-2.3)e+03,(6.6+/-2.3)e+03,(6.6+/-2.3)e+03,(6.6+/-2.3)e+03,(6.6+/-2.3)e+03
"Micronesia, Fed. Sts.",1393,3337,0,0,0,0,(6.6+/-2.3)e+03,(6.6+/-2.3)e+03,(6.6+/-2.3)e+03,(6.6+/-2.3)e+03,(6.6+/-2.3)e+03,(6.6+/-2.3)e+03,(6.6+/-2.3)e+03,(6.6+/-2.3)e+03,(6.6+/-2.3)e+03,(6.6+/-2.3)e+03,(6.6+/-2.3)e+03,(6.6+/-2.3)e+03,(6.6+/-2.3)e+03,(6.6+/-2.3)e+03,(6.6+/-2.3)e+03,(6.6+/-2.3)e+03,(6.6+/-2.3)e+03,(6.6+/-2.3)e+03,(6.6+/-2.3)e+03,(6.6+/-2.3)e+03,(6.6+/-2.3)e+03,(6.6+/-2.3)e+03,(6.6+/-2.3)e+03,(6.6+/-2.3)e+03,(6.6+/-2.3)e+03,(6.6+/-2.3)e+03,(6.6+/-2.3)e+03,(6.6+/-2.3)e+03,(6.6+/-2.3)e+03,(6.6+/-2.3)e+03,(6.6+/-2.3)e+03,(6.6+/-2.3)e+03,(6.6+/-2.3)e+03,(6.6+/-2.3)e+03,(6.6+/-2.3)e+03,(6.6+/-2.3)e+03,(6.6+/-2.3)e+03,(6.6+/-2.3)e+03,(6.6+/-2.3)e+03,(6.6+/-2.3)e+03,(6.6+/-2.3)e+03,(6.6+/-2.3)e+03,(6.6+/-2.3)e+03,(6.6+/-2.3)e+03,(6.6+/-2.3)e+03,(6.6+/-2.3)e+03,(6.6+/-2.3)e+03,(6.6+/-2.3)e+03,(6.6+/-2.3)e+03
Gabon,41176,124758,0,0,0,0,(6.6+/-2.3)e+03,(6.6+/-2.3)e+03,(6.6+/-2.3)e+03,(6.6+/-2.3)e+03,(6.6+/-2.3)e+03,(6.6+/-2.3)e+03,(6.6+/-2.3)e+03,(6.6+/-2.3)e+03,(6.6+/-2.3)e+03,(6.6+/-2.3)e+03,(6.6+/-2.3)e+03,(6.6+/-2.3)e+03,(6.6+/-2.3)e+03,(6.6+/-2.3)e+03,(6.6+/-2.3)e+03,(6.6+/-2.3)e+03,(6.6+/-2.3)e+03,(6.6+/-2.3)e+03,(6.6+/-2.3)e+03,(6.6+/-2.3)e+03,(6.6+/-2.3)e+03,(6.6+/-2.3)e+03,(6.6+/-2.3)e+03,(6.6+/-2.3)e+03,(6.6+/-2.3)e+03,(6.6+/-2.3)e+03,(6.6+/-2.3)e+03,(6.6+/-2.3)e+03,(6.6+/-2.3)e+03,(6.6+/-2.3)e+03,(6.6+/-2.3)e+03,(6.6+/-2.3)e+03,(6.6+/-2.3)e+03,(6.6+/-2.3)e+03,(6.6+/-2.3)e+03,(6.6+/-2.3)e+03,(6.6+/-2.3)e+03,(6.6+/-2.3)e+03,(6.6+/-2.3)e+03,(6.6+/-2.3)e+03,(6.6+/-2.3)e+03,(6.6+/-2.3)e+03,(6.6+/-2.3)e+03,(6.6+/-2.3)e+03,(6.6+/-2.3)e+03,(6.6+/-2.3)e+03,(6.6+/-2.3)e+03,(6.6+/-2.3)e+03,(6.6+/-2.3)e+03
United Kingdom,2713922,6872878,0,0,0,0,(6.6+/-2.3)e+03,(6.6+/-2.3)e+03,(6.6+/-2.3)e+03,(6.6+/-2.3)e+03,(6.6+/-2.3)e+03,(6.6+/-2.3)e+03,(6.6+/-2.3)e+03,(6.6+/-2.3)e+03,(6.6+/-2.3)e+03,(6.6+/-2.3)e+03,(6.6+/-2.3)e+03,(6.6+/-2.3)e+03,(6.6+/-2.3)e+03,(6.6+/-2.3)e+03,(6.6+/-2.3)e+03,(6.6+/-2.3)e+03,(6.6+/-2.3)e+03,(6.6+/-2.3)e+03,(6.6+/-2.3)e+03,(6.6+/-2.3)e+03,(6.6+/-2.3)e+03,(6.6+/-2.3)e+03,(6.6+/-2.3)e+03,(6.6+/-2.3)e+03,(6.6+/-2.3)e+03,(6.6+/-2.3)e+03,(6.6+/-2.3)e+03,(6.6+/-2.3)e+03,(6.6+/-2.3)e+03,(6.6+/-2.3)e+03,(6.6+/-2.3)e+03,(6.6+/-2.3)e+03,(6.6+/-2.3)e+03,(6.6+/-2.3)e+03,(6.6+/-2.3)e+03,(6.6+/-2.3)e+03,(6.6+/-2.3)e+03,(6.6+/-2.3)e+03,(6.6+/-2.3)e+03,(6.6+/-2.3)e+03,(6.6+/-2.3)e+03,(6.6+/-2.3)e+03,(6.6+/-2.3)e+03,(6.6+/-2.3)e+03,(6.6+/-2.3)e+03,(6.6+/-2.3)e+03,(6.6+/-2.3)e+03,(6.6+/-2.3)e+03,(6.6+/-2.3)e+03
Georgia,184651,349917,0,0,0,0,(6.6+/-2.3)e+03,(6.6+/-2.3)e+03,(6.6+/-2.3)e+03,(6.6+/-2.3)e+03,(6.6+/-2.3)e+03,(6.6+/-2.3)e+03,(6.6+/-2.3)e+03,(6.6+/-2.3)e+03,(6.6+/-2.3)e+03,(6.6+/-2.3)e+03,(6.6+/-2.3)e+03,(6.6+/-2.3)e+03,(6.6+/-2.3)e+03,(6.6+/-2.3)e+03,(6.6+/-2.3)e+03,(6.6+/-2.3)e+03,(6.6+/-2.3)e+03,(6.6+/-2.3)e+03,(6.6+/-2.3)e+03,(6.6+/-2.3)e+03,(6.6+/-2.3)e+03,(6.6+/-2.3)e+03,(6.6+/-2.3)e+03,(6.6+/-2.3)e+03,(6.6+/-2.3)e+03,(6.6+/-2.3)e+03,(6.6+/-2.3)e+03,(6.6+/-2.3)e+03,(6.6+/-2.3)e+03,(6.6+/-2.3)e+03,(6.6+/-2.3)e+03,(6.6+/-2.3)e+03,(6.6+/-2.3)e+03,(6.6+/-2.3)e+03,(6.6+/-2.3)e+03,(6.6+/-2.3)e+03,(6.6+/-2.3)e+03,(6.6+/-2.3)e+03,(6.6+/-2.3)e+03,(6.6+/-2.3)e+03,(6.6+/-2.3)e+03,(6.6+/-2.3)e+03,(6.6+/-2.3)e+03,(6.6+/-2.3)e+03,(6.6+/-2.3)e+03,(6.6+/-2.3)e+03,(6.6+/-2.3)e+03,(6.6+/-2.3)e+03,(6.6+/-2.3)e+03
Ghana,1483971,3651190,0,0,0,0,(6.6+/-2.3)e+03,(6.6+/-2.3)e+03,(6.6+/-2.3)e+03,(6.6+/-2.3)e+03,(6.6+/-2.3)e+03,(6.6+/-2.3)e+03,(6.6+/-2.3)e+03,(6.6+/-2.3)e+03,(6.6+/-2.3)e+03,(6.6+/-2.3)e+03,(6.6+/-2.3)e+03,(6.6+/-2.3)e+03,(6.6+/-2.3)e+03,(6.6+/-2.3)e+03,(6.6+/-2.3)e+03,(6.6+/-2.3)e+03,(6.6+/-2.3)e+03,(6.6+/-2.3)e+03,(6.6+/-2.3)e+03,(6.6+/-2.3)e+03,(6.6+/-2.3)e+03,(6.6+/-2.3)e+03,(6.6+/-2.3)e+03,(6.6+/-2.3)e+03,(6.6+/-2.3)e+03,(6.6+/-2.3)e+03,(6.6+/-2.3)e+03,(6.6+/-2.3)e+03,(6.6+/-2.3)e+03,(6.6+/-2.3)e+03,(6.6+/-2.3)e+03,(6.6+/-2.3)e+03,(6.6+/-2.3)e+03,(6.6+/-2.3)e+03,(6.6+/-2.3)e+03,(6.6+/-2.3)e+03,(6.6+/-2.3)e+03,(6.6+/-2.3)e+03,(6.6+/-2.3)e+03,(6.6+/-2.3)e+03,(6.6+/-2.3)e+03,(6.6+/-2.3)e+03,(6.6+/-2.3)e+03,(6.6+/-2.3)e+03,(6.6+/-2.3)e+03,(6.6+/-2.3)e+03,(6.6+/-2.3)e+03,(6.6+/-2.3)e+03,(6.6+/-2.3)e+03
Gibraltar,1812,5450,0,0,0,0,(6.6+/-2.3)e+03,(6.6+/-2.3)e+03,(6.6+/-2.3)e+03,(6.6+/-2.3)e+03,(6.6+/-2.3)e+03,(6.6+/-2.3)e+03,(6.6+/-2.3)e+03,(6.6+/-2.3)e+03,(6.6+/-2.3)e+03,(6.6+/-2.3)e+03,(6.6+/-2.3)e+03,(6.6+/-2.3)e+03,(6.6+/-2.3)e+03,(6.6+/-2.3)e+03,(6.6+/-2.3)e+03,(6.6+/-2.3)e+03,(6.6+/-2.3)e+03,(6.6+/-2.3)e+03,(6.6+/-2.3)e+03,(6.6+/-2.3)e+03,(6.6+/-2.3)e+03,(6.6+/-2.3)e+03,(6.6+/-2.3)e+03,(6.6+/-2.3)e+03,(6.6+/-2.3)e+03,(6.6+/-2.3)e+03,(6.6+/-2.3)e+03,(6.6+/-2.3)e+03,(6.6+/-2.3)e+03,(6.6+/-2.3)e+03,(6.6+/-2.3)e+03,(6.6+/-2.3)e+03,(6.6+/-2.3)e+03,(6.6+/-2.3)e+03,(6.6+/-2.3)e+03,(6.6+/-2.3)e+03,(6.6+/-2.3)e+03,(6.6+/-2.3)e+03,(6.6+/-2.3)e+03,(6.6+/-2.3)e+03,(6.6+/-2.3)e+03,(6.6+/-2.3)e+03,(6.6+/-2.3)e+03,(6.6+/-2.3)e+03,(6.6+/-2.3)e+03,(6.6+/-2.3)e+03,(6.6+/-2.3)e+03,(6.6+/-2.3)e+03,(6.6+/-2.3)e+03
Guinea,281983,1283366,0,0,0,0,(6.6+/-2.3)e+03,(6.6+/-2.3)e+03,(6.6+/-2.3)e+03,(6.6+/-2.3)e+03,(6.6+/-2.3)e+03,(6.6+/-2.3)e+03,(6.6+/-2.3)e+03,(6.6+/-2.3)e+03,(6.6+/-2.3)e+03,(6.6+/-2.3)e+03,(6.6+/-2.3)e+03,(6.6+/-2.3)e+03,(6.6+/-2.3)e+03,(6.6+/-2.3)e+03,(6.6+/-2.3)e+03,(6.6+/-2.3)e+03,(6.6+/-2.3)e+03,(6.6+/-2.3)e+03,(6.6+/-2.3)e+03,(6.6+/-2.3)e+03,(6.6+/-2.3)e+03,(6.6+/-2.3)e+03,(6.6+/-2.3)e+03,(6.6+/-2.3)e+03,(6.6+/-2.3)e+03,(6.6+/-2.3)e+03,(6.6+/-2.3)e+03,(6.6+/-2.3)e+03,(6.6+/-2.3)e+03,(6.6+/-2.3)e+03,(6.6+/-2.3)e+03,(6.6+/-2.3)e+03,(6.6+/-2.3)e+03,(6.6+/-2.3)e+03,(6.6+/-2.3)e+03,(6.6+/-2.3)e+03,(6.6+/-2.3)e+03,(6.6+/-2.3)e+03,(6.6+/-2.3)e+03,(6.6+/-2.3)e+03,(6.6+/-2.3)e+03,(6.6+/-2.3)e+03,(6.6+/-2.3)e+03,(6.6+/-2.3)e+03,(6.6+/-2.3)e+03,(6.6+/-2.3)e+03,(6.6+/-2.3)e+03,(6.6+/-2.3)e+03,(6.6+/-2.3)e+03
Gambia,76039,247158,0,0,0,0,(6.6+/-2.3)e+03,(6.6+/-2.3)e+03,(6.6+/-2.3)e+03,(6.6+/-2.3)e+03,(6.6+/-2.3)e+03,(6.6+/-2.3)e+03,(6.6+/-2.3)e+03,(6.6+/-2.3)e+03,(6.6+/-2.3)e+03,(6.6+/-2.3)e+03,(6.6+/-2.3)e+03,(6.6+/-2.3)e+03,(6.6+/-2.3)e+03,(6.6+/-2.3)e+03,(6.6+/-2.3)e+03,(6.6+/-2.3)e+03,(6.6+/-2.3)e+03,(6.6+/-2.3)e+03,(6.6+/-2.3)e+03,(6.6+/-2.3)e+03,(6.6+/-2.3)e+03,(6.6+/-2.3)e+03,(6.6+/-2.3)e+03,(6.6+/-2.3)e+03,(6.6+/-2.3)e+03,(6.6+/-2.3)e+03,(6.6+/-2.3)e+03,(6.6+/-2.3)e+03,(6.6+/-2.3)e+03,(6.6+/-2.3)e+03,(6.6+/-2.3)e+03,(6.6+/-2.3)e+03,(6.6+/-2.3)e+03,(6.6+/-2.3)e+03,(6.6+/-2.3)e+03,(6.6+/-2.3)e+03,(6.6+/-2.3)e+03,(6.6+/-2.3)e+03,(6.6+/-2.3)e+03,(6.6+/-2.3)e+03,(6.6+/-2.3)e+03,(6.6+/-2.3)e+03,(6.6+/-2.3)e+03,(6.6+/-2.3)e+03,(6.6+/-2.3)e+03,(6.6+/-2.3)e+03,(6.6+/-2.3)e+03,(6.6+/-2.3)e+03,(6.6+/-2.3)e+03
Guinea-Bissau,58968,160983,0,0,0,0,(6.6+/-2.3)e+03,(6.6+/-2.3)e+03,(6.6+/-2.3)e+03,(6.6+/-2.3)e+03,(6.6+/-2.3)e+03,(6.6+/-2.3)e+03,(6.6+/-2.3)e+03,(6.6+/-2.3)e+03,(6.6+/-2.3)e+03,(6.6+/-2.3)e+03,(6.6+/-2.3)e+03,(6.6+/-2.3)e+03,(6.6+/-2.3)e+03,(6.6+/-2.3)e+03,(6.6+/-2.3)e+03,(6.6+/-2.3)e+03,(6.6+/-2.3)e+03,(6.6+/-2.3)e+03,(6.6+/-2.3)e+03,(6.6+/-2.3)e+03,(6.6+/-2.3)e+03,(6.6+/-2.3)e+03,(6.6+/-2.3)e+03,(6.6+/-2.3)e+03,(6.6+/-2.3)e+03,(6.6+/-2.3)e+03,(6.6+/-2.3)e+03,(6.6+/-2.3)e+03,(6.6+/-2.3)e+03,(6.6+/-2.3)e+03,(6.6+/-2.3)e+03,(6.6+/-2.3)e+03,(6.6+/-2.3)e+03,(6.6+/-2.3)e+03,(6.6+/-2.3)e+03,(6.6+/-2.3)e+03,(6.6+/-2.3)e+03,(6.6+/-2.3)e+03,(6.6+/-2.3)e+03,(6.6+/-2.3)e+03,(6.6+/-2.3)e+03,(6.6+/-2.3)e+03,(6.6+/-2.3)e+03,(6.6+/-2.3)e+03,(6.6+/-2.3)e+03,(6.6+/-2.3)e+03,(6.6+/-2.3)e+03,(6.6+/-2.3)e+03,(6.6+/-2.3)e+03
Equatorial Guinea,46011,131247,0,0,0,0,(6.6+/-2.3)e+03,(6.6+/-2.3)e+03,(6.6+/-2.3)e+03,(6.6+/-2.3)e+03,(6.6+/-2.3)e+03,(6.6+/-2.3)e+03,(6.6+/-2.3)e+03,(6.6+/-2.3)e+03,(6.6+/-2.3)e+03,(6.6+/-2.3)e+03,(6.6+/-2.3)e+03,(6.6+/-2.3)e+03,(6.6+/-2.3)e+03,(6.6+/-2.3)e+03,(6.6+/-2.3)e+03,(6.6+/-2.3)e+03,(6.6+/-2.3)e+03,(6.6+/-2.3)e+03,(6.6+/-2.3)e+03,(6.6+/-2.3)e+03,(6.6+/-2.3)e+03,(6.6+/-2.3)e+03,(6.6+/-2.3)e+03,(6.6+/-2.3)e+03,(6.6+/-2.3)e+03,(6.6+/-2.3)e+03,(6.6+/-2.3)e+03,(6.6+/-2.3)e+03,(6.6+/-2.3)e+03,(6.6+/-2.3)e+03,(6.6+/-2.3)e+03,(6.6+/-2.3)e+03,(6.6+/-2.3)e+03,(6.6+/-2.3)e+03,(6.6+/-2.3)e+03,(6.6+/-2.3)e+03,(6.6+/-2.3)e+03,(6.6+/-2.3)e+03,(6.6+/-2.3)e+03,(6.6+/-2.3)e+03,(6.6+/-2.3)e+03,(6.6+/-2.3)e+03,(6.6+/-2.3)e+03,(6.6+/-2.3)e+03,(6.6+/-2.3)e+03,(6.6+/-2.3)e+03,(6.6+/-2.3)e+03,(6.6+/-2.3)e+03,(6.6+/-2.3)e+03
Greece,460221,1163586,0,0,0,0,(5.6+/-2.1)e+05,(5.6+/-2.1)e+05,(5.6+/-2.1)e+05,(5.6+/-2.1)e+05,(5.6+/-2.1)e+05,(5.6+/-2.1)e+05,(5.6+/-2.1)e+05,(5.6+/-2.1)e+05,(5.6+/-2.1)e+05,(5.6+/-2.1)e+05,(5.6+/-2.1)e+05,(5.6+/-2.1)e+05,(5.6+/-2.1)e+05,(5.6+/-2.1)e+05,(5.6+/-2.1)e+05,(5.6+/-2.1)e+05,(5.6+/-2.1)e+05,(5.6+/-2.1)e+05,(5.6+/-2.1)e+05,(5.6+/-2.1)e+05,(5.6+/-2.1)e+05,(5.6+/-2.1)e+05,(5.6+/-2.1)e+05,(5.6+/-2.1)e+05,(5.6+/-2.1)e+05,(5.6+/-2.1)e+05,(5.6+/-2.1)e+05,(5.6+/-2.1)e+05,(5.6+/-2.1)e+05,(5.6+/-2.1)e+05,(5.6+/-2.1)e+05,(5.6+/-2.1)e+05,(5.6+/-2.1)e+05,(5.6+/-2.1)e+05,(5.6+/-2.1)e+05,(5.6+/-2.1)e+05,(5.6+/-2.1)e+05,(5.6+/-2.1)e+05,(5.6+/-2.1)e+05,(5.6+/-2.1)e+05,(5.6+/-2.1)e+05,(5.6+/-2.1)e+05,(5.6+/-2.1)e+05,(5.6+/-2.1)e+05,(5.6+/-2.1)e+05,(5.6+/-2.1)e+05,(5.6+/-2.1)e+05,(5.6+/-2.1)e+05,(5.6+/-2.1)e+05
Grenada,3919,9654,0,0,0,0,(6.6+/-2.3)e+03,(6.6+/-2.3)e+03,(6.6+/-2.3)e+03,(6.6+/-2.3)e+03,(6.6+/-2.3)e+03,(6.6+/-2.3)e+03,(6.6+/-2.3)e+03,(6.6+/-2.3)e+03,(6.6+/-2.3)e+03,(6.6+/-2.3)e+03,(6.6+/-2.3)e+03,(6.6+/-2.3)e+03,(6.6+/-2.3)e+03,(6.6+/-2.3)e+03,(6.6+/-2.3)e+03,(6.6+/-2.3)e+03,(6.6+/-2.3)e+03,(6.6+/-2.3)e+03,(6.6+/-2.3)e+03,(6.6+/-2.3)e+03,(6.6+/-2.3)e+03,(6.6+/-2.3)e+03,(6.6+/-2.3)e+03,(6.6+/-2.3)e+03,(6.6+/-2.3)e+03,(6.6+/-2.3)e+03,(6.6+/-2.3)e+03,(6.6+/-2.3)e+03,(6.6+/-2.3)e+03,(6.6+/-2.3)e+03,(6.6+/-2.3)e+03,(6.6+/-2.3)e+03,(6.6+/-2.3)e+03,(6.6+/-2.3)e+03,(6.6+/-2.3)e+03,(6.6+/-2.3)e+03,(6.6+/-2.3)e+03,(6.6+/-2.3)e+03,(6.6+/-2.3)e+03,(6.6+/-2.3)e+03,(6.6+/-2.3)e+03,(6.6+/-2.3)e+03,(6.6+/-2.3)e+03,(6.6+/-2.3)e+03,(6.6+/-2.3)e+03,(6.6+/-2.3)e+03,(6.6+/-2.3)e+03,(6.6+/-2.3)e+03,(6.6+/-2.3)e+03
Greenland,2432,5963,0,0,0,0,(6.6+/-2.3)e+03,(6.6+/-2.3)e+03,(6.6+/-2.3)e+03,(6.6+/-2.3)e+03,(6.6+/-2.3)e+03,(6.6+/-2.3)e+03,(6.6+/-2.3)e+03,(6.6+/-2.3)e+03,(6.6+/-2.3)e+03,(6.6+/-2.3)e+03,(6.6+/-2.3)e+03,(6.6+/-2.3)e+03,(6.6+/-2.3)e+03,(6.6+/-2.3)e+03,(6.6+/-2.3)e+03,(6.6+/-2.3)e+03,(6.6+/-2.3)e+03,(6.6+/-2.3)e+03,(6.6+/-2.3)e+03,(6.6+/-2.3)e+03,(6.6+/-2.3)e+03,(6.6+/-2.3)e+03,(6.6+/-2.3)e+03,(6.6+/-2.3)e+03,(6.6+/-2.3)e+03,(6.6+/-2.3)e+03,(6.6+/-2.3)e+03,(6.6+/-2.3)e+03,(6.6+/-2.3)e+03,(6.6+/-2.3)e+03,(6.6+/-2.3)e+03,(6.6+/-2.3)e+03,(6.6+/-2.3)e+03,(6.6+/-2.3)e+03,(6.6+/-2.3)e+03,(6.6+/-2.3)e+03,(6.6+/-2.3)e+03,(6.6+/-2.3)e+03,(6.6+/-2.3)e+03,(6.6+/-2.3)e+03,(6.6+/-2.3)e+03,(6.6+/-2.3)e+03,(6.6+/-2.3)e+03,(6.6+/-2.3)e+03,(6.6+/-2.3)e+03,(6.6+/-2.3)e+03,(6.6+/-2.3)e+03,(6.6+/-2.3)e+03,(6.6+/-2.3)e+03
Guatemala,766164,2169325,0,0,0,0,(1.5+/-0.6)e+05,(1.5+/-0.6)e+05,(1.5+/-0.6)e+05,(1.5+/-0.6)e+05,(1.5+/-0.6)e+05,(1.5+/-0.6)e+05,(1.5+/-0.6)e+05,(1.5+/-0.6)e+05,(1.5+/-0.6)e+05,(1.5+/-0.6)e+05,(1.5+/-0.6)e+05,(1.5+/-0.6)e+05,(1.5+/-0.6)e+05,(1.5+/-0.6)e+05,(1.5+/-0.6)e+05,(1.5+/-0.6)e+05,(1.5+/-0.6)e+05,(1.5+/-0.6)e+05,(1.5+/-0.6)e+05,(1.5+/-0.6)e+05,(1.5+/-0.6)e+05,(1.5+/-0.6)e+05,(1.5+/-0.6)e+05,(1.5+/-0.6)e+05,(1.5+/-0.6)e+05,(1.5+/-0.6)e+05,(1.5+/-0.6)e+05,(1.5+/-0.6)e+05,(1.5+/-0.6)e+05,(1.5+/-0.6)e+05,(1.5+/-0.6)e+05,(1.5+/-0.6)e+05,(1.5+/-0.6)e+05,(1.5+/-0.6)e+05,(1.5+/-0.6)e+05,(1.5+/-0.6)e+05,(1.5+/-0.6)e+05,(1.5+/-0.6)e+05,(1.5+/-0.6)e+05,(1.5+/-0.6)e+05,(1.5+/-0.6)e+05,(1.5+/-0.6)e+05,(1.5+/-0.6)e+05,(1.5+/-0.6)e+05,(1.5+/-0.6)e+05,(1.5+/-0.6)e+05,(1.5+/-0.6)e+05,(1.5+/-0.6)e+05,(1.5+/-0.6)e+05
Guam,6787,16244,0,0,0,0,(6.6+/-2.3)e+03,(6.6+/-2.3)e+03,(6.6+/-2.3)e+03,(6.6+/-2.3)e+03,(6.6+/-2.3)e+03,(6.6+/-2.3)e+03,(6.6+/-2.3)e+03,(6.6+/-2.3)e+03,(6.6+/-2.3)e+03,(6.6+/-2.3)e+03,(6.6+/-2.3)e+03,(6.6+/-2.3)e+03,(6.6+/-2.3)e+03,(6.6+/-2.3)e+03,(6.6+/-2.3)e+03,(6.6+/-2.3)e+03,(6.6+/-2.3)e+03,(6.6+/-2.3)e+03,(6.6+/-2.3)e+03,(6.6+/-2.3)e+03,(6.6+/-2.3)e+03,(6.6+/-2.3)e+03,(6.6+/-2.3)e+03,(6.6+/-2.3)e+03,(6.6+/-2.3)e+03,(6.6+/-2.3)e+03,(6.6+/-2.3)e+03,(6.6+/-2.3)e+03,(6.6+/-2.3)e+03,(6.6+/-2.3)e+03,(6.6+/-2.3)e+03,(6.6+/-2.3)e+03,(6.6+/-2.3)e+03,(6.6+/-2.3)e+03,(6.6+/-2.3)e+03,(6.6+/-2.3)e+03,(6.6+/-2.3)e+03,(6.6+/-2.3)e+03,(6.6+/-2.3)e+03,(6.6+/-2.3)e+03,(6.6+/-2.3)e+03,(6.6+/-2.3)e+03,(6.6+/-2.3)e+03,(6.6+/-2.3)e+03,(6.6+/-2.3)e+03,(6.6+/-2.3)e+03,(6.6+/-2.3)e+03,(6.6+/-2.3)e+03,(6.6+/-2.3)e+03
Guyana,30642,79318,0,0,0,0,(6.6+/-2.3)e+03,(6.6+/-2.3)e+03,(6.6+/-2.3)e+03,(6.6+/-2.3)e+03,(6.6+/-2.3)e+03,(6.6+/-2.3)e+03,(6.6+/-2.3)e+03,(6.6+/-2.3)e+03,(6.6+/-2.3)e+03,(6.6+/-2.3)e+03,(6.6+/-2.3)e+03,(6.6+/-2.3)e+03,(6.6+/-2.3)e+03,(6.6+/-2.3)e+03,(6.6+/-2.3)e+03,(6.6+/-2.3)e+03,(6.6+/-2.3)e+03,(6.6+/-2.3)e+03,(6.6+/-2.3)e+03,(6.6+/-2.3)e+03,(6.6+/-2.3)e+03,(6.6+/-2.3)e+03,(6.6+/-2.3)e+03,(6.6+/-2.3)e+03,(6.6+/-2.3)e+03,(6.6+/-2.3)e+03,(6.6+/-2.3)e+03,(6.6+/-2.3)e+03,(6.6+/-2.3)e+03,(6.6+/-2.3)e+03,(6.6+/-2.3)e+03,(6.6+/-2.3)e+03,(6.6+/-2.3)e+03,(6.6+/-2.3)e+03,(6.6+/-2.3)e+03,(6.6+/-2.3)e+03,(6.6+/-2.3)e+03,(6.6+/-2.3)e+03,(6.6+/-2.3)e+03,(6.6+/-2.3)e+03,(6.6+/-2.3)e+03,(6.6+/-2.3)e+03,(6.6+/-2.3)e+03,(6.6+/-2.3)e+03,(6.6+/-2.3)e+03,(6.6+/-2.3)e+03,(6.6+/-2.3)e+03,(6.6+/-2.3)e+03,(6.6+/-2.3)e+03
Hong Kong,244432,529912,0,0,0,0,(1.4+/-0.5)e+06,(1.4+/-0.5)e+06,(1.4+/-0.5)e+06,(1.4+/-0.5)e+06,(1.4+/-0.5)e+06,(1.4+/-0.5)e+06,(1.4+/-0.5)e+06,(1.4+/-0.5)e+06,(1.4+/-0.5)e+06,(1.4+/-0.5)e+06,(1.4+/-0.5)e+06,(1.4+/-0.5)e+06,(1.4+/-0.5)e+06,(1.4+/-0.5)e+06,(1.4+/-0.5)e+06,(1.4+/-0.5)e+06,(1.4+/-0.5)e+06,(1.4+/-0.5)e+06,(1.4+/-0.5)e+06,(1.4+/-0.5)e+06,(1.4+/-0.5)e+06,(1.4+/-0.5)e+06,(1.4+/-0.5)e+06,(1.4+/-0.5)e+06,(1.4+/-0.5)e+06,(1.4+/-0.5)e+06,(1.4+/-0.5)e+06,(1.4+/-0.5)e+06,(1.4+/-0.5)e+06,(1.4+/-0.5)e+06,(1.4+/-0.5)e+06,(1.4+/-0.5)e+06,(1.4+/-0.5)e+06,(1.4+/-0.5)e+06,(1.4+/-0.5)e+06,(1.4+/-0.5)e+06,(1.4+/-0.5)e+06,(1.4+/-0.5)e+06,(1.4+/-0.5)e+06,(1.4+/-0.5)e+06,(1.4+/-0.5)e+06,(1.4+/-0.5)e+06,(1.4+/-0.5)e+06,(1.4+/-0.5)e+06,(1.4+/-0.5)e+06,(1.4+/-0.5)e+06,(1.4+/-0.5)e+06,(1.4+/-0.5)e+06,(1.4+/-0.5)e+06
Honduras,460836,1258058,0,0,0,0,(6.6+/-2.3)e+03,(6.6+/-2.3)e+03,(6.6+/-2.3)e+03,(6.6+/-2.3)e+03,(6.6+/-2.3)e+03,(6.6+/-2.3)e+03,(6.6+/-2.3)e+03,(6.6+/-2.3)e+03,(6.6+/-2.3)e+03,(6.6+/-2.3)e+03,(6.6+/-2.3)e+03,(6.6+/-2.3)e+03,(6.6+/-2.3)e+03,(6.6+/-2.3)e+03,(6.6+/-2.3)e+03,(6.6+/-2.3)e+03,(6.6+/-2.3)e+03,(6.6+/-2.3)e+03,(6.6+/-2.3)e+03,(6.6+/-2.3)e+03,(6.6+/-2.3)e+03,(6.6+/-2.3)e+03,(6.6+/-2.3)e+03,(6.6+/-2.3)e+03,(6.6+/-2.3)e+03,(6.6+/-2.3)e+03,(6.6+/-2.3)e+03,(6.6+/-2.3)e+03,(6.6+/-2.3)e+03,(6.6+/-2.3)e+03,(6.6+/-2.3)e+03,(6.6+/-2.3)e+03,(6.6+/-2.3)e+03,(6.6+/-2.3)e+03,(6.6+/-2.3)e+03,(6.6+/-2.3)e+03,(6.6+/-2.3)e+03,(6.6+/-2.3)e+03,(6.6+/-2.3)e+03,(6.6+/-2.3)e+03,(6.6+/-2.3)e+03,(6.6+/-2.3)e+03,(6.6+/-2.3)e+03,(6.6+/-2.3)e+03,(6.6+/-2.3)e+03,(6.6+/-2.3)e+03,(6.6+/-2.3)e+03,(6.6+/-2.3)e+03,(6.6+/-2.3)e+03
Croatia,158487,364581,0,0,0,0,(7.9+/-2.9)e+04,(7.9+/-2.9)e+04,(7.9+/-2.9)e+04,(7.9+/-2.9)e+04,(7.9+/-2.9)e+04,(7.9+/-2.9)e+04,(7.9+/-2.9)e+04,(7.9+/-2.9)e+04,(7.9+/-2.9)e+04,(7.9+/-2.9)e+04,(7.9+/-2.9)e+04,(7.9+/-2.9)e+04,(7.9+/-2.9)e+04,(7.9+/-2.9)e+04,(7.9+/-2.9)e+04,(7.9+/-2.9)e+04,(7.9+/-2.9)e+04,(7.9+/-2.9)e+04,(7.9+/-2.9)e+04,(7.9+/-2.9)e+04,(7.9+/-2.9)e+04,(7.9+/-2.9)e+04,(7.9+/-2.9)e+04,(7.9+/-2.9)e+04,(7.9+/-2.9)e+04,(7.9+/-2.9)e+04,(7.9+/-2.9)e+04,(7.9+/-2.9)e+04,(7.9+/-2.9)e+04,(7.9+/-2.9)e+04,(7.9+/-2.9)e+04,(7.9+/-2.9)e+04,(7.9+/-2.9)e+04,(7.9+/-2.9)e+04,(7.9+/-2.9)e+04,(7.9+/-2.9)e+04,(7.9+/-2.9)e+04,(7.9+/-2.9)e+04,(7.9+/-2.9)e+04,(7.9+/-2.9)e+04,(7.9+/-2.9)e+04,(7.9+/-2.9)e+04,(7.9+/-2.9)e+04,(7.9+/-2.9)e+04,(7.9+/-2.9)e+04,(7.9+/-2.9)e+04,(7.9+/-2.9)e+04,(7.9+/-2.9)e+04,(7.9+/-2.9)e+04
Haiti,565864,1544778,0,0,0,0,(6.6+/-2.3)e+03,(6.6+/-2.3)e+03,(6.6+/-2.3)e+03,(6.6+/-2.3)e+03,(6.6+/-2.3)e+03,(6.6+/-2.3)e+03,(6.6+/-2.3)e+03,(6.6+/-2.3)e+03,(6.6+/-2.3)e+03,(6.6+/-2.3)e+03,(6.6+/-2.3)e+03,(6.6+/-2.3)e+03,(6.6+/-2.3)e+03,(6.6+/-2.3)e+03,(6.6+/-2.3)e+03,(6.6+/-2.3)e+03,(6.6+/-2.3)e+03,(6.6+/-2.3)e+03,(6.6+/-2.3)e+03,(6.6+/-2.3)e+03,(6.6+/-2.3)e+03,(6.6+/-2.3)e+03,(6.6+/-2.3)e+03,(6.6+/-2.3)e+03,(6.6+/-2.3)e+03,(6.6+/-2.3)e+03,(6.6+/-2.3)e+03,(6.6+/-2.3)e+03,(6.6+/-2.3)e+03,(6.6+/-2.3)e+03,(6.6+/-2.3)e+03,(6.6+/-2.3)e+03,(6.6+/-2.3)e+03,(6.6+/-2.3)e+03,(6.6+/-2.3)e+03,(6.6+/-2.3)e+03,(6.6+/-2.3)e+03,(6.6+/-2.3)e+03,(6.6+/-2.3)e+03,(6.6+/-2.3)e+03,(6.6+/-2.3)e+03,(6.6+/-2.3)e+03,(6.6+/-2.3)e+03,(6.6+/-2.3)e+03,(6.6+/-2.3)e+03,(6.6+/-2.3)e+03,(6.6+/-2.3)e+03,(6.6+/-2.3)e+03,(6.6+/-2.3)e+03
Hungary,449458,990582,0,0,0,0,(3.0+/-1.1)e+05,(3.0+/-1.1)e+05,(3.0+/-1.1)e+05,(3.0+/-1.1)e+05,(3.0+/-1.1)e+05,(3.0+/-1.1)e+05,(3.0+/-1.1)e+05,(3.0+/-1.1)e+05,(3.0+/-1.1)e+05,(3.0+/-1.1)e+05,(3.0+/-1.1)e+05,(3.0+/-1.1)e+05,(3.0+/-1.1)e+05,(3.0+/-1.1)e+05,(3.0+/-1.1)e+05,(3.0+/-1.1)e+05,(3.0+/-1.1)e+05,(3.0+/-1.1)e+05,(3.0+/-1.1)e+05,(3.0+/-1.1)e+05,(3.0+/-1.1)e+05,(3.0+/-1.1)e+05,(3.0+/-1.1)e+05,(3.0+/-1.1)e+05,(3.0+/-1.1)e+05,(3.0+/-1.1)e+05,(3.0+/-1.1)e+05,(3.0+/-1.1)e+05,(3.0+/-1.1)e+05,(3.0+/-1.1)e+05,(3.0+/-1.1)e+05,(3.0+/-1.1)e+05,(3.0+/-1.1)e+05,(3.0+/-1.1)e+05,(3.0+/-1.1)e+05,(3.0+/-1.1)e+05,(3.0+/-1.1)e+05,(3.0+/-1.1)e+05,(3.0+/-1.1)e+05,(3.0+/-1.1)e+05,(3.0+/-1.1)e+05,(3.0+/-1.1)e+05,(3.0+/-1.1)e+05,(3.0+/-1.1)e+05,(3.0+/-1.1)e+05,(3.0+/-1.1)e+05,(3.0+/-1.1)e+05,(3.0+/-1.1)e+05,(3.0+/-1.1)e+05
Indonesia,17637316,44160362,0,0,0,0,(1.9+/-0.7)e+07,(1.9+/-0.7)e+07,(1.9+/-0.7)e+07,(1.9+/-0.7)e+07,(1.9+/-0.7)e+07,(1.9+/-0.7)e+07,(1.9+/-0.7)e+07,(1.9+/-0.7)e+07,(1.9+/-0.7)e+07,(1.9+/-0.7)e+07,(1.9+/-0.7)e+07,(1.9+/-0.7)e+07,(1.9+/-0.7)e+07,(1.9+/-0.7)e+07,(1.9+/-0.7)e+07,(1.9+/-0.7)e+07,(1.9+/-0.7)e+07,(1.9+/-0.7)e+07,(1.9+/-0.7)e+07,(1.9+/-0.7)e+07,(1.9+/-0.7)e+07,(1.9+/-0.7)e+07,(1.9+/-0.7)e+07,(1.9+/-0.7)e+07,(1.9+/-0.7)e+07,(1.9+/-0.7)e+07,(1.9+/-0.7)e+07,(1.9+/-0.7)e+07,(1.9+/-0.7)e+07,(1.9+/-0.7)e+07,(1.9+/-0.7)e+07,(1.9+/-0.7)e+07,(1.9+/-0.7)e+07,(1.9+/-0.7)e+07,(1.9+/-0.7)e+07,(1.9+/-0.7)e+07,(1.9+/-0.7)e+07,(1.9+/-0.7)e+07,(1.9+/-0.7)e+07,(1.9+/-0.7)e+07,(1.9+/-0.7)e+07,(1.9+/-0.7)e+07,(1.9+/-0.7)e+07,(1.9+/-0.7)e+07,(1.9+/-0.7)e+07,(1.9+/-0.7)e+07,(1.9+/-0.7)e+07,(1.9+/-0.7)e+07,(1.9+/-0.7)e+07
Isle of Man,2802,7097,0,0,0,0,(6.6+/-2.3)e+03,(6.6+/-2.3)e+03,(6.6+/-2.3)e+03,(6.6+/-2.3)e+03,(6.6+/-2.3)e+03,(6.6+/-2.3)e+03,(6.6+/-2.3)e+03,(6.6+/-2.3)e+03,(6.6+/-2.3)e+03,(6.6+/-2.3)e+03,(6.6+/-2.3)e+03,(6.6+/-2.3)e+03,(6.6+/-2.3)e+03,(6.6+/-2.3)e+03,(6.6+/-2.3)e+03,(6.6+/-2.3)e+03,(6.6+/-2.3)e+03,(6.6+/-2.3)e+03,(6.6+/-2.3)e+03,(6.6+/-2.3)e+03,(6.6+/-2.3)e+03,(6.6+/-2.3)e+03,(6.6+/-2.3)e+03,(6.6+/-2.3)e+03,(6.6+/-2.3)e+03,(6.6+/-2.3)e+03,(6.6+/-2.3)e+03,(6.6+/-2.3)e+03,(6.6+/-2.3)e+03,(6.6+/-2.3)e+03,(6.6+/-2.3)e+03,(6.6+/-2.3)e+03,(6.6+/-2.3)e+03,(6.6+/-2.3)e+03,(6.6+/-2.3)e+03,(6.6+/-2.3)e+03,(6.6+/-2.3)e+03,(6.6+/-2.3)e+03,(6.6+/-2.3)e+03,(6.6+/-2.3)e+03,(6.6+/-2.3)e+03,(6.6+/-2.3)e+03,(6.6+/-2.3)e+03,(6.6+/-2.3)e+03,(6.6+/-2.3)e+03,(6.6+/-2.3)e+03,(6.6+/-2.3)e+03,(6.6+/-2.3)e+03,(6.6+/-2.3)e+03
India,96752402,158953942,0,0,0,0,(8.2+/-3.1)e+07,(8.2+/-3.1)e+07,(8.2+/-3.1)e+07,(8.2+/-3.1)e+07,(8.2+/-3.1)e+07,(8.2+/-3.1)e+07,(8.2+/-3.1)e+07,(8.2+/-3.1)e+07,(8.2+/-3.1)e+07,(8.2+/-3.1)e+07,(8.2+/-3.1)e+07,(8.2+/-3.1)e+07,(8.2+/-3.1)e+07,(8.2+/-3.1)e+07,(8.2+/-3.1)e+07,(8.2+/-3.1)e+07,(8.2+/-3.1)e+07,(8.2+/-3.1)e+07,(8.2+/-3.1)e+07,(8.2+/-3.1)e+07,(8.2+/-3.1)e+07,(8.2+/-3.1)e+07,(8.2+/-3.1)e+07,(8.2+/-3.1)e+07,(8.2+/-3.1)e+07,(8.2+/-3.1)e+07,(8.2+/-3.1)e+07,(8.2+/-3.1)e+07,(8.2+/-3.1)e+07,(8.2+/-3.1)e+07,(8.2+/-3.1)e+07,(8.2+/-3.1)e+07,(8.2+/-3.1)e+07,(8.2+/-3.1)e+07,(8.2+/-3.1)e+07,(8.2+/-3.1)e+07,(8.2+/-3.1)e+07,(8.2+/-3.1)e+07,(8.2+/-3.1)e+07,(8.2+/-3.1)e+07,(8.2+/-3.1)e+07,(8.2+/-3.1)e+07,(8.2+/-3.1)e+07,(8.2+/-3.1)e+07,(8.2+/-3.1)e+07,(8.2+/-3.1)e+07,(8.2+/-3.1)e+07,(8.2+/-3.1)e+07,(8.2+/-3.1)e+07
Ireland,241598,604978,0,0,0,0,(6.6+/-2.3)e+03,(6.6+/-2.3)e+03,(6.6+/-2.3)e+03,(6.6+/-2.3)e+03,(6.6+/-2.3)e+03,(6.6+/-2.3)e+03,(6.6+/-2.3)e+03,(6.6+/-2.3)e+03,(6.6+/-2.3)e+03,(6.6+/-2.3)e+03,(6.6+/-2.3)e+03,(6.6+/-2.3)e+03,(6.6+/-2.3)e+03,(6.6+/-2.3)e+03,(6.6+/-2.3)e+03,(6.6+/-2.3)e+03,(6.6+/-2.3)e+03,(6.6+/-2.3)e+03,(6.6+/-2.3)e+03,(6.6+/-2.3)e+03,(6.6+/-2.3)e+03,(6.6+/-2.3)e+03,(6.6+/-2.3)e+03,(6.6+/-2.3)e+03,(6.6+/-2.3)e+03,(6.6+/-2.3)e+03,(6.6+/-2.3)e+03,(6.6+/-2.3)e+03,(6.6+/-2.3)e+03,(6.6+/-2.3)e+03,(6.6+/-2.3)e+03,(6.6+/-2.3)e+03,(6.6+/-2.3)e+03,(6.6+/-2.3)e+03,(6.6+/-2.3)e+03,(6.6+/-2.3)e+03,(6.6+/-2.3)e+03,(6.6+/-2.3)e+03,(6.6+/-2.3)e+03,(6.6+/-2.3)e+03,(6.6+/-2.3)e+03,(6.6+/-2.3)e+03,(6.6+/-2.3)e+03,(6.6+/-2.3)e+03,(6.6+/-2.3)e+03,(6.6+/-2.3)e+03,(6.6+/-2.3)e+03,(6.6+/-2.3)e+03,(6.6+/-2.3)e+03
Iran,3169421,7101985,0,0,0,0,(6.6+/-2.3)e+03,(6.6+/-2.3)e+03,(6.6+/-2.3)e+03,(6.6+/-2.3)e+03,(6.6+/-2.3)e+03,(6.6+/-2.3)e+03,(6.6+/-2.3)e+03,(6.6+/-2.3)e+03,(6.6+/-2.3)e+03,(6.6+/-2.3)e+03,(6.6+/-2.3)e+03,(6.6+/-2.3)e+03,(6.6+/-2.3)e+03,(6.6+/-2.3)e+03,(6.6+/-2.3)e+03,(6.6+/-2.3)e+03,(6.6+/-2.3)e+03,(6.6+/-2.3)e+03,(6.6+/-2.3)e+03,(6.6+/-2.3)e+03,(6.6+/-2.3)e+03,(6.6+/-2.3)e+03,(6.6+/-2.3)e+03,(6.6+/-2.3)e+03,(6.6+/-2.3)e+03,(6.6+/-2.3)e+03,(6.6+/-2.3)e+03,(6.6+/-2.3)e+03,(6.6+/-2.3)e+03,(6.6+/-2.3)e+03,(6.6+/-2.3)e+03,(6.6+/-2.3)e+03,(6.6+/-2.3)e+03,(6.6+/-2.3)e+03,(6.6+/-2.3)e+03,(6.6+/-2.3)e+03,(6.6+/-2.3)e+03,(6.6+/-2.3)e+03,(6.6+/-2.3)e+03,(6.6+/-2.3)e+03,(6.6+/-2.3)e+03,(6.6+/-2.3)e+03,(6.6+/-2.3)e+03,(6.6+/-2.3)e+03,(6.6+/-2.3)e+03,(6.6+/-2.3)e+03,(6.6+/-2.3)e+03,(6.6+/-2.3)e+03,(6.6+/-2.3)e+03
Iraq,1542174,3358641,0,0,0,0,(6.6+/-2.3)e+03,(6.6+/-2.3)e+03,(6.6+/-2.3)e+03,(6.6+/-2.3)e+03,(6.6+/-2.3)e+03,(6.6+/-2.3)e+03,(6.6+/-2.3)e+03,(6.6+/-2.3)e+03,(6.6+/-2.3)e+03,(6.6+/-2.3)e+03,(6.6+/-2.3)e+03,(6.6+/-2.3)e+03,(6.6+/-2.3)e+03,(6.6+/-2.3)e+03,(6.6+/-2.3)e+03,(6.6+/-2.3)e+03,(6.6+/-2.3)e+03,(6.6+/-2.3)e+03,(6.6+/-2.3)e+03,(6.6+/-2.3)e+03,(6.6+/-2.3)e+03,(6.6+/-2.3)e+03,(6.6+/-2.3)e+03,(6.6+/-2.3)e+03,(6.6+/-2.3)e+03,(6.6+/-2.3)e+03,(6.6+/-2.3)e+03,(6.6+/-2.3)e+03,(6.6+/-2.3)e+03,(6.6+/-2.3)e+03,(6.6+/-2.3)e+03,(6.6+/-2.3)e+03,(6.6+/-2.3)e+03,(6.6+/-2.3)e+03,(6.6+/-2.3)e+03,(6.6+/-2.3)e+03,(6.6+/-2.3)e+03,(6.6+/-2.3)e+03,(6.6+/-2.3)e+03,(6.6+/-2.3)e+03,(6.6+/-2.3)e+03,(6.6+/-2.3)e+03,(6.6+/-2.3)e+03,(6.6+/-2.3)e+03,(6.6+/-2.3)e+03,(6.6+/-2.3)e+03,(6.6+/-2.3)e+03,(6.6+/-2.3)e+03,(6.6+/-2.3)e+03
Iceland,20807,51010,0,0,0,0,(6.6+/-2.3)e+03,(6.6+/-2.3)e+03,(6.6+/-2.3)e+03,(6.6+/-2.3)e+03,(6.6+/-2.3)e+03,(6.6+/-2.3)e+03,(6.6+/-2.3)e+03,(6.6+/-2.3)e+03,(6.6+/-2.3)e+03,(6.6+/-2.3)e+03,(6.6+/-2.3)e+03,(6.6+/-2.3)e+03,(6.6+/-2.3)e+03,(6.6+/-2.3)e+03,(6.6+/-2.3)e+03,(6.6+/-2.3)e+03,(6.6+/-2.3)e+03,(6.6+/-2.3)e+03,(6.6+/-2.3)e+03,(6.6+/-2.3)e+03,(6.6+/-2.3)e+03,(6.6+/-2.3)e+03,(6.6+/-2.3)e+03,(6.6+/-2.3)e+03,(6.6+/-2.3)e+03,(6.6+/-2.3)e+03,(6.6+/-2.3)e+03,(6.6+/-2.3)e+03,(6.6+/-2.3)e+03,(6.6+/-2.3)e+03,(6.6+/-2.3)e+03,(6.6+/-2.3)e+03,(6.6+/-2.3)e+03,(6.6+/-2.3)e+03,(6.6+/-2.3)e+03,(6.6+/-2.3)e+03,(6.6+/-2.3)e+03,(6.6+/-2.3)e+03,(6.6+/-2.3)e+03,(6.6+/-2.3)e+03,(6.6+/-2.3)e+03,(6.6+/-2.3)e+03,(6.6+/-2.3)e+03,(6.6+/-2.3)e+03,(6.6+/-2.3)e+03,(6.6+/-2.3)e+03,(6.6+/-2.3)e+03,(6.6+/-2.3)e+03,(6.6+/-2.3)e+03
Israel,327135,802751,0,0,0,0,(1.5+/-0.5)e+06,(1.5+/-0.5)e+06,(1.5+/-0.5)e+06,(1.5+/-0.5)e+06,(1.5+/-0.5)e+06,(1.5+/-0.5)e+06,(1.5+/-0.5)e+06,(1.5+/-0.5)e+06,(1.5+/-0.5)e+06,(1.5+/-0.5)e+06,(1.5+/-0.5)e+06,(1.5+/-0.5)e+06,(1.5+/-0.5)e+06,(1.5+/-0.5)e+06,(1.5+/-0.5)e+06,(1.5+/-0.5)e+06,(1.5+/-0.5)e+06,(1.5+/-0.5)e+06,(1.5+/-0.5)e+06,(1.5+/-0.5)e+06,(1.5+/-0.5)e+06,(1.5+/-0.5)e+06,(1.5+/-0.5)e+06,(1.5+/-0.5)e+06,(1.5+/-0.5)e+06,(1.5+/-0.5)e+06,(1.5+/-0.5)e+06,(1.5+/-0.5)e+06,(1.5+/-0.5)e+06,(1.5+/-0.5)e+06,(1.5+/-0.5)e+06,(1.5+/-0.5)e+06,(1.5+/-0.5)e+06,(1.5+/-0.5)e+06,(1.5+/-0.5)e+06,(1.5+/-0.5)e+06,(1.5+/-0.5)e+06,(1.5+/-0.5)e+06,(1.5+/-0.5)e+06,(1.5+/-0.5)e+06,(1.5+/-0.5)e+06,(1.5+/-0.5)e+06,(1.5+/-0.5)e+06,(1.5+/-0.5)e+06,(1.5+/-0.5)e+06,(1.5+/-0.5)e+06,(1.5+/-0.5)e+06,(1.5+/-0.5)e+06,(1.5+/-0.5)e+06
Italy,2171257,5413727,0,0,0,0,(1.7+/-0.7)e+06,(1.7+/-0.7)e+06,(1.7+/-0.7)e+06,(1.7+/-0.7)e+06,(1.7+/-0.7)e+06,(1.7+/-0.7)e+06,(1.7+/-0.7)e+06,(1.7+/-0.7)e+06,(1.7+/-0.7)e+06,(1.7+/-0.7)e+06,(1.7+/-0.7)e+06,(1.7+/-0.7)e+06,(1.7+/-0.7)e+06,(1.7+/-0.7)e+06,(1.7+/-0.7)e+06,(1.7+/-0.7)e+06,(1.7+/-0.7)e+06,(1.7+/-0.7)e+06,(1.7+/-0.7)e+06,(1.7+/-0.7)e+06,(1.7+/-0.7)e+06,(1.7+/-0.7)e+06,(1.7+/-0.7)e+06,(1.7+/-0.7)e+06,(1.7+/-0.7)e+06,(1.7+/-0.7)e+06,(1.7+/-0.7)e+06,(1.7+/-0.7)e+06,(1.7+/-0.7)e+06,(1.7+/-0.7)e+06,(1.7+/-0.7)e+06,(1.7+/-0.7)e+06,(1.7+/-0.7)e+06,(1.7+/-0.7)e+06,(1.7+/-0.7)e+06,(1.7+/-0.7)e+06,(1.7+/-0.7)e+06,(1.7+/-0.7)e+06,(1.7+/-0.7)e+06,(1.7+/-0.7)e+06,(1.7+/-0.7)e+06,(1.7+/-0.7)e+06,(1.7+/-0.7)e+06,(1.7+/-0.7)e+06,(1.7+/-0.7)e+06,(1.7+/-0.7)e+06,(1.7+/-0.7)e+06,(1.7+/-0.7)e+06,(1.7+/-0.7)e+06
Jamaica,123034,332889,0,0,0,0,(6.6+/-2.3)e+03,(6.6+/-2.3)e+03,(6.6+/-2.3)e+03,(6.6+/-2.3)e+03,(6.6+/-2.3)e+03,(6.6+/-2.3)e+03,(6.6+/-2.3)e+03,(6.6+/-2.3)e+03,(6.6+/-2.3)e+03,(6.6+/-2.3)e+03,(6.6+/-2.3)e+03,(6.6+/-2.3)e+03,(6.6+/-2.3)e+03,(6.6+/-2.3)e+03,(6.6+/-2.3)e+03,(6.6+/-2.3)e+03,(6.6+/-2.3)e+03,(6.6+/-2.3)e+03,(6.6+/-2.3)e+03,(6.6+/-2.3)e+03,(6.6+/-2.3)e+03,(6.6+/-2.3)e+03,(6.6+/-2.3)e+03,(6.6+/-2.3)e+03,(6.6+/-2.3)e+03,(6.6+/-2.3)e+03,(6.6+/-2.3)e+03,(6.6+/-2.3)e+03,(6.6+/-2.3)e+03,(6.6+/-2.3)e+03,(6.6+/-2.3)e+03,(6.6+/-2.3)e+03,(6.6+/-2.3)e+03,(6.6+/-2.3)e+03,(6.6+/-2.3)e+03,(6.6+/-2.3)e+03,(6.6+/-2.3)e+03,(6.6+/-2.3)e+03,(6.6+/-2.3)e+03,(6.6+/-2.3)e+03,(6.6+/-2.3)e+03,(6.6+/-2.3)e+03,(6.6+/-2.3)e+03,(6.6+/-2.3)e+03,(6.6+/-2.3)e+03,(6.6+/-2.3)e+03,(6.6+/-2.3)e+03,(6.6+/-2.3)e+03,(6.6+/-2.3)e+03
Jordan,306243,815628,0,0,0,0,(6.6+/-2.3)e+03,(6.6+/-2.3)e+03,(6.6+/-2.3)e+03,(6.6+/-2.3)e+03,(6.6+/-2.3)e+03,(6.6+/-2.3)e+03,(6.6+/-2.3)e+03,(6.6+/-2.3)e+03,(6.6+/-2.3)e+03,(6.6+/-2.3)e+03,(6.6+/-2.3)e+03,(6.6+/-2.3)e+03,(6.6+/-2.3)e+03,(6.6+/-2.3)e+03,(6.6+/-2.3)e+03,(6.6+/-2.3)e+03,(6.6+/-2.3)e+03,(6.6+/-2.3)e+03,(6.6+/-2.3)e+03,(6.6+/-2.3)e+03,(6.6+/-2.3)e+03,(6.6+/-2.3)e+03,(6.6+/-2.3)e+03,(6.6+/-2.3)e+03,(6.6+/-2.3)e+03,(6.6+/-2.3)e+03,(6.6+/-2.3)e+03,(6.6+/-2.3)e+03,(6.6+/-2.3)e+03,(6.6+/-2.3)e+03,(6.6+/-2.3)e+03,(6.6+/-2.3)e+03,(6.6+/-2.3)e+03,(6.6+/-2.3)e+03,(6.6+/-2.3)e+03,(6.6+/-2.3)e+03,(6.6+/-2.3)e+03,(6.6+/-2.3)e+03,(6.6+/-2.3)e+03,(6.6+/-2.3)e+03,(6.6+/-2.3)e+03,(6.6+/-2.3)e+03,(6.6+/-2.3)e+03,(6.6+/-2.3)e+03,(6.6+/-2.3)e+03,(6.6+/-2.3)e+03,(6.6+/-2.3)e+03,(6.6+/-2.3)e+03,(6.6+/-2.3)e+03
Japan,5360183,15020688,0,0,0,0,(1.8+/-0.7)e+07,(1.8+/-0.7)e+07,(1.8+/-0.7)e+07,(1.8+/-0.7)e+07,(1.8+/-0.7)e+07,(1.8+/-0.7)e+07,(1.8+/-0.7)e+07,(1.8+/-0.7)e+07,(1.8+/-0.7)e+07,(1.8+/-0.7)e+07,(1.8+/-0.7)e+07,(1.8+/-0.7)e+07,(1.8+/-0.7)e+07,(1.8+/-0.7)e+07,(1.8+/-0.7)e+07,(1.8+/-0.7)e+07,(1.8+/-0.7)e+07,(1.8+/-0.7)e+07,(1.8+/-0.7)e+07,(1.8+/-0.7)e+07,(1.8+/-0.7)e+07,(1.8+/-0.7)e+07,(1.8+/-0.7)e+07,(1.8+/-0.7)e+07,(1.8+/-0.7)e+07,(1.8+/-0.7)e+07,(1.8+/-0.7)e+07,(1.8+/-0.7)e+07,(1.8+/-0.7)e+07,(1.8+/-0.7)e+07,(1.8+/-0.7)e+07,(1.8+/-0.7)e+07,(1.8+/-0.7)e+07,(1.8+/-0.7)e+07,(1.8+/-0.7)e+07,(1.8+/-0.7)e+07,(1.8+/-0.7)e+07,(1.8+/-0.7)e+07,(1.8+/-0.7)e+07,(1.8+/-0.7)e+07,(1.8+/-0.7)e+07,(1.8+/-0.7)e+07,(1.8+/-0.7)e+07,(1.8+/-0.7)e+07,(1.8+/-0.7)e+07,(1.8+/-0.7)e+07,(1.8+/-0.7)e+07,(1.8+/-0.7)e+07,(1.8+/-0.7)e+07
Kazakhstan,1039296,1969480,0,0,0,0,(4.4+/-1.6)e+06,(4.4+/-1.6)e+06,(4.4+/-1.6)e+06,(4.4+/-1.6)e+06,(4.4+/-1.6)e+06,(4.4+/-1.6)e+06,(4.4+/-1.6)e+06,(4.4+/-1.6)e+06,(4.4+/-1.6)e+06,(4.4+/-1.6)e+06,(4.4+/-1.6)e+06,(4.4+/-1.6)e+06,(4.4+/-1.6)e+06,(4.4+/-1.6)e+06,(4.4+/-1.6)e+06,(4.4+/-1.6)e+06,(4.4+/-1.6)e+06,(4.4+/-1.6)e+06,(4.4+/-1.6)e+06,(4.4+/-1.6)e+06,(4.4+/-1.6)e+06,(4.4+/-1.6)e+06,(4.4+/-1.6)e+06,(4.4+/-1.6)e+06,(4.4+/-1.6)e+06,(4.4+/-1.6)e+06,(4.4+/-1.6)e+06,(4.4+/-1.6)e+06,(4.4+/-1.6)e+06,(4.4+/-1.6)e+06,(4.4+/-1.6)e+06,(4.4+/-1.6)e+06,(4.4+/-1.6)e+06,(4.4+/-1.6)e+06,(4.4+/-1.6)e+06,(4.4+/-1.6)e+06,(4.4+/-1.6)e+06,(4.4+/-1.6)e+06,(4.4+/-1.6)e+06,(4.4+/-1.6)e+06,(4.4+/-1.6)e+06,(4.4+/-1.6)e+06,(4.4+/-1.6)e+06,(4.4+/-1.6)e+06,(4.4+/-1.6)e+06,(4.4+/-1.6)e+06,(4.4+/-1.6)e+06,(4.4+/-1.6)e+06,(4.4+/-1.6)e+06
Kenya,3465888,5334131,0,0,0,0,(6.6+/-2.3)e+03,(6.6+/-2.3)e+03,(6.6+/-2.3)e+03,(6.6+/-2.3)e+03,(6.6+/-2.3)e+03,(6.6+/-2.3)e+03,(6.6+/-2.3)e+03,(6.6+/-2.3)e+03,(6.6+/-2.3)e+03,(6.6+/-2.3)e+03,(6.6+/-2.3)e+03,(6.6+/-2.3)e+03,(6.6+/-2.3)e+03,(6.6+/-2.3)e+03,(6.6+/-2.3)e+03,(6.6+/-2.3)e+03,(6.6+/-2.3)e+03,(6.6+/-2.3)e+03,(6.6+/-2.3)e+03,(6.6+/-2.3)e+03,(6.6+/-2.3)e+03,(6.6+/-2.3)e+03,(6.6+/-2.3)e+03,(6.6+/-2.3)e+03,(6.6+/-2.3)e+03,(6.6+/-2.3)e+03,(6.6+/-2.3)e+03,(6.6+/-2.3)e+03,(6.6+/-2.3)e+03,(6.6+/-2.3)e+03,(6.6+/-2.3)e+03,(6.6+/-2.3)e+03,(6.6+/-2.3)e+03,(6.6+/-2.3)e+03,(6.6+/-2.3)e+03,(6.6+/-2.3)e+03,(6.6+/-2.3)e+03,(6.6+/-2.3)e+03,(6.6+/-2.3)e+03,(6.6+/-2.3)e+03,(6.6+/-2.3)e+03,(6.6+/-2.3)e+03,(6.6+/-2.3)e+03,(6.6+/-2.3)e+03,(6.6+/-2.3)e+03,(6.6+/-2.3)e+03,(6.6+/-2.3)e+03,(6.6+/-2.3)e+03,(6.6+/-2.3)e+03
Kyrgyzstan,391908,843923,0,0,0,0,(2.8+/-1.0)e+05,(2.8+/-1.0)e+05,(2.8+/-1.0)e+05,(2.8+/-1.0)e+05,(2.8+/-1.0)e+05,(2.8+/-1.0)e+05,(2.8+/-1.0)e+05,(2.8+/-1.0)e+05,(2.8+/-1.0)e+05,(2.8+/-1.0)e+05,(2.8+/-1.0)e+05,(2.8+/-1.0)e+05,(2.8+/-1.0)e+05,(2.8+/-1.0)e+05,(2.8+/-1.0)e+05,(2.8+/-1.0)e+05,(2.8+/-1.0)e+05,(2.8+/-1.0)e+05,(2.8+/-1.0)e+05,(2.8+/-1.0)e+05,(2.8+/-1.0)e+05,(2.8+/-1.0)e+05,(2.8+/-1.0)e+05,(2.8+/-1.0)e+05,(2.8+/-1.0)e+05,(2.8+/-1.0)e+05,(2.8+/-1.0)e+05,(2.8+/-1.0)e+05,(2.8+/-1.0)e+05,(2.8+/-1.0)e+05,(2.8+/-1.0)e+05,(2.8+/-1.0)e+05,(2.8+/-1.0)e+05,(2.8+/-1.0)e+05,(2.8+/-1.0)e+05,(2.8+/-1.0)e+05,(2.8+/-1.0)e+05,(2.8+/-1.0)e+05,(2.8+/-1.0)e+05,(2.8+/-1.0)e+05,(2.8+/-1.0)e+05,(2.8+/-1.0)e+05,(2.8+/-1.0)e+05,(2.8+/-1.0)e+05,(2.8+/-1.0)e+05,(2.8+/-1.0)e+05,(2.8+/-1.0)e+05,(2.8+/-1.0)e+05,(2.8+/-1.0)e+05
Cambodia,1147751,2767705,0,0,0,0,(4.9+/-1.8)e+05,(4.9+/-1.8)e+05,(4.9+/-1.8)e+05,(4.9+/-1.8)e+05,(4.9+/-1.8)e+05,(4.9+/-1.8)e+05,(4.9+/-1.8)e+05,(4.9+/-1.8)e+05,(4.9+/-1.8)e+05,(4.9+/-1.8)e+05,(4.9+/-1.8)e+05,(4.9+/-1.8)e+05,(4.9+/-1.8)e+05,(4.9+/-1.8)e+05,(4.9+/-1.8)e+05,(4.9+/-1.8)e+05,(4.9+/-1.8)e+05,(4.9+/-1.8)e+05,(4.9+/-1.8)e+05,(4.9+/-1.8)e+05,(4.9+/-1.8)e+05,(4.9+/-1.8)e+05,(4.9+/-1.8)e+05,(4.9+/-1.8)e+05,(4.9+/-1.8)e+05,(4.9+/-1.8)e+05,(4.9+/-1.8)e+05,(4.9+/-1.8)e+05,(4.9+/-1.8)e+05,(4.9+/-1.8)e+05,(4.9+/-1.8)e+05,(4.9+/-1.8)e+05,(4.9+/-1.8)e+05,(4.9+/-1.8)e+05,(4.9+/-1.8)e+05,(4.9+/-1.8)e+05,(4.9+/-1.8)e+05,(4.9+/-1.8)e+05,(4.9+/-1.8)e+05,(4.9+/-1.8)e+05,(4.9+/-1.8)e+05,(4.9+/-1.8)e+05,(4.9+/-1.8)e+05,(4.9+/-1.8)e+05,(4.9+/-1.8)e+05,(4.9+/-1.8)e+05,(4.9+/-1.8)e+05,(4.9+/-1.8)e+05,(4.9+/-1.8)e+05
Kiribati,4290,10517,0,0,0,0,(6.6+/-2.3)e+03,(6.6+/-2.3)e+03,(6.6+/-2.3)e+03,(6.6+/-2.3)e+03,(6.6+/-2.3)e+03,(6.6+/-2.3)e+03,(6.6+/-2.3)e+03,(6.6+/-2.3)e+03,(6.6+/-2.3)e+03,(6.6+/-2.3)e+03,(6.6+/-2.3)e+03,(6.6+/-2.3)e+03,(6.6+/-2.3)e+03,(6.6+/-2.3)e+03,(6.6+/-2.3)e+03,(6.6+/-2.3)e+03,(6.6+/-2.3)e+03,(6.6+/-2.3)e+03,(6.6+/-2.3)e+03,(6.6+/-2.3)e+03,(6.6+/-2.3)e+03,(6.6+/-2.3)e+03,(6.6+/-2.3)e+03,(6.6+/-2.3)e+03,(6.6+/-2.3)e+03,(6.6+/-2.3)e+03,(6.6+/-2.3)e+03,(6.6+/-2.3)e+03,(6.6+/-2.3)e+03,(6.6+/-2.3)e+03,(6.6+/-2.3)e+03,(6.6+/-2.3)e+03,(6.6+/-2.3)e+03,(6.6+/-2.3)e+03,(6.6+/-2.3)e+03,(6.6+/-2.3)e+03,(6.6+/-2.3)e+03,(6.6+/-2.3)e+03,(6.6+/-2.3)e+03,(6.6+/-2.3)e+03,(6.6+/-2.3)e+03,(6.6+/-2.3)e+03,(6.6+/-2.3)e+03,(6.6+/-2.3)e+03,(6.6+/-2.3)e+03,(6.6+/-2.3)e+03,(6.6+/-2.3)e+03,(6.6+/-2.3)e+03,(6.6+/-2.3)e+03
St. Kitts and Nevis,3047,4408,0,0,0,0,(6.6+/-2.3)e+03,(6.6+/-2.3)e+03,(6.6+/-2.3)e+03,(6.6+/-2.3)e+03,(6.6+/-2.3)e+03,(6.6+/-2.3)e+03,(6.6+/-2.3)e+03,(6.6+/-2.3)e+03,(6.6+/-2.3)e+03,(6.6+/-2.3)e+03,(6.6+/-2.3)e+03,(6.6+/-2.3)e+03,(6.6+/-2.3)e+03,(6.6+/-2.3)e+03,(6.6+/-2.3)e+03,(6.6+/-2.3)e+03,(6.6+/-2.3)e+03,(6.6+/-2.3)e+03,(6.6+/-2.3)e+03,(6.6+/-2.3)e+03,(6.6+/-2.3)e+03,(6.6+/-2.3)e+03,(6.6+/-2.3)e+03,(6.6+/-2.3)e+03,(6.6+/-2.3)e+03,(6.6+/-2.3)e+03,(6.6+/-2.3)e+03,(6.6+/-2.3)e+03,(6.6+/-2.3)e+03,(6.6+/-2.3)e+03,(6.6+/-2.3)e+03,(6.6+/-2.3)e+03,(6.6+/-2.3)e+03,(6.6+/-2.3)e+03,(6.6+/-2.3)e+03,(6.6+/-2.3)e+03,(6.6+/-2.3)e+03,(6.6+/-2.3)e+03,(6.6+/-2.3)e+03,(6.6+/-2.3)e+03,(6.6+/-2.3)e+03,(6.6+/-2.3)e+03,(6.6+/-2.3)e+03,(6.6+/-2.3)e+03,(6.6+/-2.3)e+03,(6.6+/-2.3)e+03,(6.6+/-2.3)e+03,(6.6+/-2.3)e+03,(6.6+/-2.3)e+03
South Korea,2848710,6830689,0,0,0,0,(1.4+/-0.5)e+07,(1.4+/-0.5)e+07,(1.4+/-0.5)e+07,(1.4+/-0.5)e+07,(1.4+/-0.5)e+07,(1.4+/-0.5)e+07,(1.4+/-0.5)e+07,(1.4+/-0.5)e+07,(1.4+/-0.5)e+07,(1.4+/-0.5)e+07,(1.4+/-0.5)e+07,(1.4+/-0.5)e+07,(1.4+/-0.5)e+07,(1.4+/-0.5)e+07,(1.4+/-0.5)e+07,(1.4+/-0.5)e+07,(1.4+/-0.5)e+07,(1.4+/-0.5)e+07,(1.4+/-0.5)e+07,(1.4+/-0.5)e+07,(1.4+/-0.5)e+07,(1.4+/-0.5)e+07,(1.4+/-0.5)e+07,(1.4+/-0.5)e+07,(1.4+/-0.5)e+07,(1.4+/-0.5)e+07,(1.4+/-0.5)e+07,(1.4+/-0.5)e+07,(1.4+/-0.5)e+07,(1.4+/-0.5)e+07,(1.4+/-0.5)e+07,(1.4+/-0.5)e+07,(1.4+/-0.5)e+07,(1.4+/-0.5)e+07,(1.4+/-0.5)e+07,(1.4+/-0.5)e+07,(1.4+/-0.5)e+07,(1.4+/-0.5)e+07,(1.4+/-0.5)e+07,(1.4+/-0.5)e+07,(1.4+/-0.5)e+07,(1.4+/-0.5)e+07,(1.4+/-0.5)e+07,(1.4+/-0.5)e+07,(1.4+/-0.5)e+07,(1.4+/-0.5)e+07,(1.4+/-0.5)e+07,(1.4+/-0.5)e+07,(1.4+/-0.5)e+07
Kuwait,210483,559262,0,0,0,0,(6.6+/-2.3)e+03,(6.6+/-2.3)e+03,(6.6+/-2.3)e+03,(6.6+/-2.3)e+03,(6.6+/-2.3)e+03,(6.6+/-2.3)e+03,(6.6+/-2.3)e+03,(6.6+/-2.3)e+03,(6.6+/-2.3)e+03,(6.6+/-2.3)e+03,(6.6+/-2.3)e+03,(6.6+/-2.3)e+03,(6.6+/-2.3)e+03,(6.6+/-2.3)e+03,(6.6+/-2.3)e+03,(6.6+/-2.3)e+03,(6.6+/-2.3)e+03,(6.6+/-2.3)e+03,(6.6+/-2.3)e+03,(6.6+/-2.3)e+03,(6.6+/-2.3)e+03,(6.6+/-2.3)e+03,(6.6+/-2.3)e+03,(6.6+/-2.3)e+03,(6.6+/-2.3)e+03,(6.6+/-2.3)e+03,(6.6+/-2.3)e+03,(6.6+/-2.3)e+03,(6.6+/-2.3)e+03,(6.6+/-2.3)e+03,(6.6+/-2.3)e+03,(6.6+/-2.3)e+03,(6.6+/-2.3)e+03,(6.6+/-2.3)e+03,(6.6+/-2.3)e+03,(6.6+/-2.3)e+03,(6.6+/-2.3)e+03,(6.6+/-2.3)e+03,(6.6+/-2.3)e+03,(6.6+/-2.3)e+03,(6.6+/-2.3)e+03,(6.6+/-2.3)e+03,(6.6+/-2.3)e+03,(6.6+/-2.3)e+03,(6.6+/-2.3)e+03,(6.6+/-2.3)e+03,(6.6+/-2.3)e+03,(6.6+/-2.3)e+03,(6.6+/-2.3)e+03
Laos,511234,859914,0,0,0,0,(6.4+/-2.4)e+05,(6.4+/-2.4)e+05,(6.4+/-2.4)e+05,(6.4+/-2.4)e+05,(6.4+/-2.4)e+05,(6.4+/-2.4)e+05,(6.4+/-2.4)e+05,(6.4+/-2.4)e+05,(6.4+/-2.4)e+05,(6.4+/-2.4)e+05,(6.4+/-2.4)e+05,(6.4+/-2.4)e+05,(6.4+/-2.4)e+05,(6.4+/-2.4)e+05,(6.4+/-2.4)e+05,(6.4+/-2.4)e+05,(6.4+/-2.4)e+05,(6.4+/-2.4)e+05,(6.4+/-2.4)e+05,(6.4+/-2.4)e+05,(6.4+/-2.4)e+05,(6.4+/-2.4)e+05,(6.4+/-2.4)e+05,(6.4+/-2.4)e+05,(6.4+/-2.4)e+05,(6.4+/-2.4)e+05,(6.4+/-2.4)e+05,(6.4+/-2.4)e+05,(6.4+/-2.4)e+05,(6.4+/-2.4)e+05,(6.4+/-2.4)e+05,(6.4+/-2.4)e+05,(6.4+/-2.4)e+05,(6.4+/-2.4)e+05,(6.4+/-2.4)e+05,(6.4+/-2.4)e+05,(6.4+/-2.4)e+05,(6.4+/-2.4)e+05,(6.4+/-2.4)e+05,(6.4+/-2.4)e+05,(6.4+/-2.4)e+05,(6.4+/-2.4)e+05,(6.4+/-2.4)e+05,(6.4+/-2.4)e+05,(6.4+/-2.4)e+05,(6.4+/-2.4)e+05,(6.4+/-2.4)e+05,(6.4+/-2.4)e+05,(6.4+/-2.4)e+05
Lebanon,175131,484188,0,0,0,0,(6.6+/-2.3)e+03,(6.6+/-2.3)e+03,(6.6+/-2.3)e+03,(6.6+/-2.3)e+03,(6.6+/-2.3)e+03,(6.6+/-2.3)e+03,(6.6+/-2.3)e+03,(6.6+/-2.3)e+03,(6.6+/-2.3)e+03,(6.6+/-2.3)e+03,(6.6+/-2.3)e+03,(6.6+/-2.3)e+03,(6.6+/-2.3)e+03,(6.6+/-2.3)e+03,(6.6+/-2.3)e+03,(6.6+/-2.3)e+03,(6.6+/-2.3)e+03,(6.6+/-2.3)e+03,(6.6+/-2.3)e+03,(6.6+/-2.3)e+03,(6.6+/-2.3)e+03,(6.6+/-2.3)e+03,(6.6+/-2.3)e+03,(6.6+/-2.3)e+03,(6.6+/-2.3)e+03,(6.6+/-2.3)e+03,(6.6+/-2.3)e+03,(6.6+/-2.3)e+03,(6.6+/-2.3)e+03,(6.6+/-2.3)e+03,(6.6+/-2.3)e+03,(6.6+/-2.3)e+03,(6.6+/-2.3)e+03,(6.6+/-2.3)e+03,(6.6+/-2.3)e+03,(6.6+/-2.3)e+03,(6.6+/-2.3)e+03,(6.6+/-2.3)e+03,(6.6+/-2.3)e+03,(6.6+/-2.3)e+03,(6.6+/-2.3)e+03,(6.6+/-2.3)e+03,(6.6+/-2.3)e+03,(6.6+/-2.3)e+03,(6.6+/-2.3)e+03,(6.6+/-2.3)e+03,(6.6+/-2.3)e+03,(6.6+/-2.3)e+03,(6.6+/-2.3)e+03
Liberia,148824,436151,0,0,0,0,(6.6+/-2.3)e+03,(6.6+/-2.3)e+03,(6.6+/-2.3)e+03,(6.6+/-2.3)e+03,(6.6+/-2.3)e+03,(6.6+/-2.3)e+03,(6.6+/-2.3)e+03,(6.6+/-2.3)e+03,(6.6+/-2.3)e+03,(6.6+/-2.3)e+03,(6.6+/-2.3)e+03,(6.6+/-2.3)e+03,(6.6+/-2.3)e+03,(6.6+/-2.3)e+03,(6.6+/-2.3)e+03,(6.6+/-2.3)e+03,(6.6+/-2.3)e+03,(6.6+/-2.3)e+03,(6.6+/-2.3)e+03,(6.6+/-2.3)e+03,(6.6+/-2.3)e+03,(6.6+/-2.3)e+03,(6.6+/-2.3)e+03,(6.6+/-2.3)e+03,(6.6+/-2.3)e+03,(6.6+/-2.3)e+03,(6.6+/-2.3)e+03,(6.6+/-2.3)e+03,(6.6+/-2.3)e+03,(6.6+/-2.3)e+03,(6.6+/-2.3)e+03,(6.6+/-2.3)e+03,(6.6+/-2.3)e+03,(6.6+/-2.3)e+03,(6.6+/-2.3)e+03,(6.6+/-2.3)e+03,(6.6+/-2.3)e+03,(6.6+/-2.3)e+03,(6.6+/-2.3)e+03,(6.6+/-2.3)e+03,(6.6+/-2.3)e+03,(6.6+/-2.3)e+03,(6.6+/-2.3)e+03,(6.6+/-2.3)e+03,(6.6+/-2.3)e+03,(6.6+/-2.3)e+03,(6.6+/-2.3)e+03,(6.6+/-2.3)e+03,(6.6+/-2.3)e+03
Libya,307911,644830,0,0,0,0,(6.6+/-2.3)e+03,(6.6+/-2.3)e+03,(6.6+/-2.3)e+03,(6.6+/-2.3)e+03,(6.6+/-2.3)e+03,(6.6+/-2.3)e+03,(6.6+/-2.3)e+03,(6.6+/-2.3)e+03,(6.6+/-2.3)e+03,(6.6+/-2.3)e+03,(6.6+/-2.3)e+03,(6.6+/-2.3)e+03,(6.6+/-2.3)e+03,(6.6+/-2.3)e+03,(6.6+/-2.3)e+03,(6.6+/-2.3)e+03,(6.6+/-2.3)e+03,(6.6+/-2.3)e+03,(6.6+/-2.3)e+03,(6.6+/-2.3)e+03,(6.6+/-2.3)e+03,(6.6+/-2.3)e+03,(6.6+/-2.3)e+03,(6.6+/-2.3)e+03,(6.6+/-2.3)e+03,(6.6+/-2.3)e+03,(6.6+/-2.3)e+03,(6.6+/-2.3)e+03,(6.6+/-2.3)e+03,(6.6+/-2.3)e+03,(6.6+/-2.3)e+03,(6.6+/-2.3)e+03,(6.6+/-2.3)e+03,(6.6+/-2.3)e+03,(6.6+/-2.3)e+03,(6.6+/-2.3)e+03,(6.6+/-2.3)e+03,(6.6+/-2.3)e+03,(6.6+/-2.3)e+03,(6.6+/-2.3)e+03,(6.6+/-2.3)e+03,(6.6+/-2.3)e+03,(6.6+/-2.3)e+03,(6.6+/-2.3)e+03,(6.6+/-2.3)e+03,(6.6+/-2.3)e+03,(6.6+/-2.3)e+03,(6.6+/-2.3)e+03,(6.6+/-2.3)e+03
St. Lucia,14228,20582,0,0,0,0,(6.6+/-2.3)e+03,(6.6+/-2.3)e+03,(6.6+/-2.3)e+03,(6.6+/-2.3)e+03,(6.6+/-2.3)e+03,(6.6+/-2.3)e+03,(6.6+/-2.3)e+03,(6.6+/-2.3)e+03,(6.6+/-2.3)e+03,(6.6+/-2.3)e+03,(6.6+/-2.3)e+03,(6.6+/-2.3)e+03,(6.6+/-2.3)e+03,(6.6+/-2.3)e+03,(6.6+/-2.3)e+03,(6.6+/-2.3)e+03,(6.6+/-2.3)e+03,(6.6+/-2.3)e+03,(6.6+/-2.3)e+03,(6.6+/-2.3)e+03,(6.6+/-2.3)e+03,(6.6+/-2.3)e+03,(6.6+/-2.3)e+03,(6.6+/-2.3)e+03,(6.6+/-2.3)e+03,(6.6+/-2.3)e+03,(6.6+/-2.3)e+03,(6.6+/-2.3)e+03,(6.6+/-2.3)e+03,(6.6+/-2.3)e+03,(6.6+/-2.3)e+03,(6.6+/-2.3)e+03,(6.6+/-2.3)e+03,(6.6+/-2.3)e+03,(6.6+/-2.3)e+03,(6.6+/-2.3)e+03,(6.6+/-2.3)e+03,(6.6+/-2.3)e+03,(6.6+/-2.3)e+03,(6.6+/-2.3)e+03,(6.6+/-2.3)e+03,(6.6+/-2.3)e+03,(6.6+/-2.3)e+03,(6.6+/-2.3)e+03,(6.6+/-2.3)e+03,(6.6+/-2.3)e+03,(6.6+/-2.3)e+03,(6.6+/-2.3)e+03,(6.6+/-2.3)e+03
Liechtenstein,1395,4196,0,0,0,0,(6.6+/-2.3)e+03,(6.6+/-2.3)e+03,(6.6+/-2.3)e+03,(6.6+/-2.3)e+03,(6.6+/-2.3)e+03,(6.6+/-2.3)e+03,(6.6+/-2.3)e+03,(6.6+/-2.3)e+03,(6.6+/-2.3)e+03,(6.6+/-2.3)e+03,(6.6+/-2.3)e+03,(6.6+/-2.3)e+03,(6.6+/-2.3)e+03,(6.6+/-2.3)e+03,(6.6+/-2.3)e+03,(6.6+/-2.3)e+03,(6.6+/-2.3)e+03,(6.6+/-2.3)e+03,(6.6+/-2.3)e+03,(6.6+/-2.3)e+03,(6.6+/-2.3)e+03,(6.6+/-2.3)e+03,(6.6+/-2.3)e+03,(6.6+/-2.3)e+03,(6.6+/-2.3)e+03,(6.6+/-2.3)e+03,(6.6+/-2.3)e+03,(6.6+/-2.3)e+03,(6.6+/-2.3)e+03,(6.6+/-2.3)e+03,(6.6+/-2.3)e+03,(6.6+/-2.3)e+03,(6.6+/-2.3)e+03,(6.6+/-2.3)e+03,(6.6+/-2.3)e+03,(6.6+/-2.3)e+03,(6.6+/-2.3)e+03,(6.6+/-2.3)e+03,(6.6+/-2.3)e+03,(6.6+/-2.3)e+03,(6.6+/-2.3)e+03,(6.6+/-2.3)e+03,(6.6+/-2.3)e+03,(6.6+/-2.3)e+03,(6.6+/-2.3)e+03,(6.6+/-2.3)e+03,(6.6+/-2.3)e+03,(6.6+/-2.3)e+03,(6.6+/-2.3)e+03
Sri Lanka,997155,1920691,0,0,0,0,(3.1+/-1.1)e+05,(3.1+/-1.1)e+05,(3.1+/-1.1)e+05,(3.1+/-1.1)e+05,(3.1+/-1.1)e+05,(3.1+/-1.1)e+05,(3.1+/-1.1)e+05,(3.1+/-1.1)e+05,(3.1+/-1.1)e+05,(3.1+/-1.1)e+05,(3.1+/-1.1)e+05,(3.1+/-1.1)e+05,(3.1+/-1.1)e+05,(3.1+/-1.1)e+05,(3.1+/-1.1)e+05,(3.1+/-1.1)e+05,(3.1+/-1.1)e+05,(3.1+/-1.1)e+05,(3.1+/-1.1)e+05,(3.1+/-1.1)e+05,(3.1+/-1.1)e+05,(3.1+/-1.1)e+05,(3.1+/-1.1)e+05,(3.1+/-1.1)e+05,(3.1+/-1.1)e+05,(3.1+/-1.1)e+05,(3.1+/-1.1)e+05,(3.1+/-1.1)e+05,(3.1+/-1.1)e+05,(3.1+/-1.1)e+05,(3.1+/-1.1)e+05,(3.1+/-1.1)e+05,(3.1+/-1.1)e+05,(3.1+/-1.1)e+05,(3.1+/-1.1)e+05,(3.1+/-1.1)e+05,(3.1+/-1.1)e+05,(3.1+/-1.1)e+05,(3.1+/-1.1)e+05,(3.1+/-1.1)e+05,(3.1+/-1.1)e+05,(3.1+/-1.1)e+05,(3.1+/-1.1)e+05,(3.1+/-1.1)e+05,(3.1+/-1.1)e+05,(3.1+/-1.1)e+05,(3.1+/-1.1)e+05,(3.1+/-1.1)e+05,(3.1+/-1.1)e+05
Lesotho,62094,175504,0,0,0,0,(6.6+/-2.3)e+03,(6.6+/-2.3)e+03,(6.6+/-2.3)e+03,(6.6+/-2.3)e+03,(6.6+/-2.3)e+03,(6.6+/-2.3)e+03,(6.6+/-2.3)e+03,(6.6+/-2.3)e+03,(6.6+/-2.3)e+03,(6.6+/-2.3)e+03,(6.6+/-2.3)e+03,(6.6+/-2.3)e+03,(6.6+/-2.3)e+03,(6.6+/-2.3)e+03,(6.6+/-2.3)e+03,(6.6+/-2.3)e+03,(6.6+/-2.3)e+03,(6.6+/-2.3)e+03,(6.6+/-2.3)e+03,(6.6+/-2.3)e+03,(6.6+/-2.3)e+03,(6.6+/-2.3)e+03,(6.6+/-2.3)e+03,(6.6+/-2.3)e+03,(6.6+/-2.3)e+03,(6.6+/-2.3)e+03,(6.6+/-2.3)e+03,(6.6+/-2.3)e+03,(6.6+/-2.3)e+03,(6.6+/-2.3)e+03,(6.6+/-2.3)e+03,(6.6+/-2.3)e+03,(6.6+/-2.3)e+03,(6.6+/-2.3)e+03,(6.6+/-2.3)e+03,(6.6+/-2.3)e+03,(6.6+/-2.3)e+03,(6.6+/-2.3)e+03,(6.6+/-2.3)e+03,(6.6+/-2.3)e+03,(6.6+/-2.3)e+03,(6.6+/-2.3)e+03,(6.6+/-2.3)e+03,(6.6+/-2.3)e+03,(6.6+/-2.3)e+03,(6.6+/-2.3)e+03,(6.6+/-2.3)e+03,(6.6+/-2.3)e+03,(6.6+/-2.3)e+03
Lithuania,121780,283456,0,0,0,0,(6.6+/-2.3)e+03,(6.6+/-2.3)e+03,(6.6+/-2.3)e+03,(6.6+/-2.3)e+03,(6.6+/-2.3)e+03,(6.6+/-2.3)e+03,(6.6+/-2.3)e+03,(6.6+/-2.3)e+03,(6.6+/-2.3)e+03,(6.6+/-2.3)e+03,(6.6+/-2.3)e+03,(6.6+/-2.3)e+03,(6.6+/-2.3)e+03,(6.6+/-2.3)e+03,(6.6+/-2.3)e+03,(6.6+/-2.3)e+03,(6.6+/-2.3)e+03,(6.6+/-2.3)e+03,(6.6+/-2.3)e+03,(6.6+/-2.3)e+03,(6.6+/-2.3)e+03,(6.6+/-2.3)e+03,(6.6+/-2.3)e+03,(6.6+/-2.3)e+03,(6.6+/-2.3)e+03,(6.6+/-2.3)e+03,(6.6+/-2.3)e+03,(6.6+/-2.3)e+03,(6.6+/-2.3)e+03,(6.6+/-2.3)e+03,(6.6+/-2.3)e+03,(6.6+/-2.3)e+03,(6.6+/-2.3)e+03,(6.6+/-2.3)e+03,(6.6+/-2.3)e+03,(6.6+/-2.3)e+03,(6.6+/-2.3)e+03,(6.6+/-2.3)e+03,(6.6+/-2.3)e+03,(6.6+/-2.3)e+03,(6.6+/-2.3)e+03,(6.6+/-2.3)e+03,(6.6+/-2.3)e+03,(6.6+/-2.3)e+03,(6.6+/-2.3)e+03,(6.6+/-2.3)e+03,(6.6+/-2.3)e+03,(6.6+/-2.3)e+03,(6.6+/-2.3)e+03
Luxembourg,17868,43118,0,0,0,0,(6.6+/-2.3)e+03,(6.6+/-2.3)e+03,(6.6+/-2.3)e+03,(6.6+/-2.3)e+03,(6.6+/-2.3)e+03,(6.6+/-2.3)e+03,(6.6+/-2.3)e+03,(6.6+/-2.3)e+03,(6.6+/-2.3)e+03,(6.6+/-2.3)e+03,(6.6+/-2.3)e+03,(6.6+/-2.3)e+03,(6.6+/-2.3)e+03,(6.6+/-2.3)e+03,(6.6+/-2.3)e+03,(6.6+/-2.3)e+03,(6.6+/-2.3)e+03,(6.6+/-2.3)e+03,(6.6+/-2.3)e+03,(6.6+/-2.3)e+03,(6.6+/-2.3)e+03,(6.6+/-2.3)e+03,(6.6+/-2.3)e+03,(6.6+/-2.3)e+03,(6.6+/-2.3)e+03,(6.6+/-2.3)e+03,(6.6+/-2.3)e+03,(6.6+/-2.3)e+03,(6.6+/-2.3)e+03,(6.6+/-2.3)e+03,(6.6+/-2.3)e+03,(6.6+/-2.3)e+03,(6.6+/-2.3)e+03,(6.6+/-2.3)e+03,(6.6+/-2.3)e+03,(6.6+/-2.3)e+03,(6.6+/-2.3)e+03,(6.6+/-2.3)e+03,(6.6+/-2.3)e+03,(6.6+/-2.3)e+03,(6.6+/-2.3)e+03,(6.6+/-2.3)e+03,(6.6+/-2.3)e+03,(6.6+/-2.3)e+03,(6.6+/-2.3)e+03,(6.6+/-2.3)e+03,(6.6+/-2.3)e+03,(6.6+/-2.3)e+03,(6.6+/-2.3)e+03
Latvia,74314,173511,0,0,0,0,(6.6+/-2.3)e+03,(6.6+/-2.3)e+03,(6.6+/-2.3)e+03,(6.6+/-2.3)e+03,(6.6+/-2.3)e+03,(6.6+/-2.3)e+03,(6.6+/-2.3)e+03,(6.6+/-2.3)e+03,(6.6+/-2.3)e+03,(6.6+/-2.3)e+03,(6.6+/-2.3)e+03,(6.6+/-2.3)e+03,(6.6+/-2.3)e+03,(6.6+/-2.3)e+03,(6.6+/-2.3)e+03,(6.6+/-2.3)e+03,(6.6+/-2.3)e+03,(6.6+/-2.3)e+03,(6.6+/-2.3)e+03,(6.6+/-2.3)e+03,(6.6+/-2.3)e+03,(6.6+/-2.3)e+03,(6.6+/-2.3)e+03,(6.6+/-2.3)e+03,(6.6+/-2.3)e+03,(6.6+/-2.3)e+03,(6.6+/-2.3)e+03,(6.6+/-2.3)e+03,(6.6+/-2.3)e+03,(6.6+/-2.3)e+03,(6.6+/-2.3)e+03,(6.6+/-2.3)e+03,(6.6+/-2.3)e+03,(6.6+/-2.3)e+03,(6.6+/-2.3)e+03,(6.6+/-2.3)e+03,(6.6+/-2.3)e+03,(6.6+/-2.3)e+03,(6.6+/-2.3)e+03,(6.6+/-2.3)e+03,(6.6+/-2.3)e+03,(6.6+/-2.3)e+03,(6.6+/-2.3)e+03,(6.6+/-2.3)e+03,(6.6+/-2.3)e+03,(6.6+/-2.3)e+03,(6.6+/-2.3)e+03,(6.6+/-2.3)e+03,(6.6+/-2.3)e+03
Macau,24315,52715,0,0,0,0,(6.6+/-2.3)e+03,(6.6+/-2.3)e+03,(6.6+/-2.3)e+03,(6.6+/-2.3)e+03,(6.6+/-2.3)e+03,(6.6+/-2.3)e+03,(6.6+/-2.3)e+03,(6.6+/-2.3)e+03,(6.6+/-2.3)e+03,(6.6+/-2.3)e+03,(6.6+/-2.3)e+03,(6.6+/-2.3)e+03,(6.6+/-2.3)e+03,(6.6+/-2.3)e+03,(6.6+/-2.3)e+03,(6.6+/-2.3)e+03,(6.6+/-2.3)e+03,(6.6+/-2.3)e+03,(6.6+/-2.3)e+03,(6.6+/-2.3)e+03,(6.6+/-2.3)e+03,(6.6+/-2.3)e+03,(6.6+/-2.3)e+03,(6.6+/-2.3)e+03,(6.6+/-2.3)e+03,(6.6+/-2.3)e+03,(6.6+/-2.3)e+03,(6.6+/-2.3)e+03,(6.6+/-2.3)e+03,(6.6+/-2.3)e+03,(6.6+/-2.3)e+03,(6.6+/-2.3)e+03,(6.6+/-2.3)e+03,(6.6+/-2.3)e+03,(6.6+/-2.3)e+03,(6.6+/-2.3)e+03,(6.6+/-2.3)e+03,(6.6+/-2.3)e+03,(6.6+/-2.3)e+03,(6.6+/-2.3)e+03,(6.6+/-2.3)e+03,(6.6+/-2.3)e+03,(6.6+/-2.3)e+03,(6.6+/-2.3)e+03,(6.6+/-2.3)e+03,(6.6+/-2.3)e+03,(6.6+/-2.3)e+03,(6.6+/-2.3)e+03,(6.6+/-2.3)e+03
Saint-Martin,0,0,0,0,0,0,(6.6+/-2.3)e+03,(6.6+/-2.3)e+03,(6.6+/-2.3)e+03,(6.6+/-2.3)e+03,(6.6+/-2.3)e+03,(6.6+/-2.3)e+03,(6.6+/-2.3)e+03,(6.6+/-2.3)e+03,(6.6+/-2.3)e+03,(6.6+/-2.3)e+03,(6.6+/-2.3)e+03,(6.6+/-2.3)e+03,(6.6+/-2.3)e+03,(6.6+/-2.3)e+03,(6.6+/-2.3)e+03,(6.6+/-2.3)e+03,(6.6+/-2.3)e+03,(6.6+/-2.3)e+03,(6.6+/-2.3)e+03,(6.6+/-2.3)e+03,(6.6+/-2.3)e+03,(6.6+/-2.3)e+03,(6.6+/-2.3)e+03,(6.6+/-2.3)e+03,(6.6+/-2.3)e+03,(6.6+/-2.3)e+03,(6.6+/-2.3)e+03,(6.6+/-2.3)e+03,(6.6+/-2.3)e+03,(6.6+/-2.3)e+03,(6.6+/-2.3)e+03,(6.6+/-2.3)e+03,(6.6+/-2.3)e+03,(6.6+/-2.3)e+03,(6.6+/-2.3)e+03,(6.6+/-2.3)e+03,(6.6+/-2.3)e+03,(6.6+/-2.3)e+03,(6.6+/-2.3)e+03,(6.6+/-2.3)e+03,(6.6+/-2.3)e+03,(6.6+/-2.3)e+03,(6.6+/-2.3)e+03,(6.6+/-2.3)e+03,(6.6+/-2.3)e+03,(6.6+/-2.3)e+03,(6.6+/-2.3)e+03,(6.6+/-2.3)e+03,(6.6+/-2.3)e+03
Morocco,1491819,3124178,0,0,0,0,(1.4+/-0.5)e+06,(1.4+/-0.5)e+06,(1.4+/-0.5)e+06,(1.4+/-0.5)e+06,(1.4+/-0.5)e+06,(1.4+/-0.5)e+06,(1.4+/-0.5)e+06,(1.4+/-0.5)e+06,(1.4+/-0.5)e+06,(1.4+/-0.5)e+06,(1.4+/-0.5)e+06,(1.4+/-0.5)e+06,(1.4+/-0.5)e+06,(1.4+/-0.5)e+06,(1.4+/-0.5)e+06,(1.4+/-0.5)e+06,(1.4+/-0.5)e+06,(1.4+/-0.5)e+06,(1.4+/-0.5)e+06,(1.4+/-0.5)e+06,(1.4+/-0.5)e+06,(1.4+/-0.5)e+06,(1.4+/-0.5)e+06,(1.4+/-0.5)e+06,(1.4+/-0.5)e+06,(1.4+/-0.5)e+06,(1.4+/-0.5)e+06,(1.4+/-0.5)e+06,(1.4+/-0.5)e+06,(1.4+/-0.5)e+06,(1.4+/-0.5)e+06,(1.4+/-0.5)e+06,(1.4+/-0.5)e+06,(1.4+/-0.5)e+06,(1.4+/-0.5)e+06,(1.4+/-0.5)e+06,(1.4+/-0.5)e+06,(1.4+/-0.5)e+06,(1.4+/-0.5)e+06,(1.4+/-0.5)e+06,(1.4+/-0.5)e+06,(1.4+/-0.5)e+06,(1.4+/-0.5)e+06,(1.4+/-0.5)e+06,(1.4+/-0.5)e+06,(1.4+/-0.5)e+06,(1.4+/-0.5)e+06,(1.4+/-0.5)e+06,(1.4+/-0.5)e+06
Monaco,5260,15819,0,0,0,0,(6.6+/-2.3)e+03,(6.6+/-2.3)e+03,(6.6+/-2.3)e+03,(6.6+/-2.3)e+03,(6.6+/-2.3)e+03,(6.6+/-2.3)e+03,(6.6+/-2.3)e+03,(6.6+/-2.3)e+03,(6.6+/-2.3)e+03,(6.6+/-2.3)e+03,(6.6+/-2.3)e+03,(6.6+/-2.3)e+03,(6.6+/-2.3)e+03,(6.6+/-2.3)e+03,(6.6+/-2.3)e+03,(6.6+/-2.3)e+03,(6.6+/-2.3)e+03,(6.6+/-2.3)e+03,(6.6+/-2.3)e+03,(6.6+/-2.3)e+03,(6.6+/-2.3)e+03,(6.6+/-2.3)e+03,(6.6+/-2.3)e+03,(6.6+/-2.3)e+03,(6.6+/-2.3)e+03,(6.6+/-2.3)e+03,(6.6+/-2.3)e+03,(6.6+/-2.3)e+03,(6.6+/-2.3)e+03,(6.6+/-2.3)e+03,(6.6+/-2.3)e+03,(6.6+/-2.3)e+03,(6.6+/-2.3)e+03,(6.6+/-2.3)e+03,(6.6+/-2.3)e+03,(6.6+/-2.3)e+03,(6.6+/-2.3)e+03,(6.6+/-2.3)e+03,(6.6+/-2.3)e+03,(6.6+/-2.3)e+03,(6.6+/-2.3)e+03,(6.6+/-2.3)e+03,(6.6+/-2.3)e+03,(6.6+/-2.3)e+03,(6.6+/-2.3)e+03,(6.6+/-2.3)e+03,(6.6+/-2.3)e+03,(6.6+/-2.3)e+03,(6.6+/-2.3)e+03
Moldova,142321,289251,0,0,0,0,(6.6+/-2.3)e+03,(6.6+/-2.3)e+03,(6.6+/-2.3)e+03,(6.6+/-2.3)e+03,(6.6+/-2.3)e+03,(6.6+/-2.3)e+03,(6.6+/-2.3)e+03,(6.6+/-2.3)e+03,(6.6+/-2.3)e+03,(6.6+/-2.3)e+03,(6.6+/-2.3)e+03,(6.6+/-2.3)e+03,(6.6+/-2.3)e+03,(6.6+/-2.3)e+03,(6.6+/-2.3)e+03,(6.6+/-2.3)e+03,(6.6+/-2.3)e+03,(6.6+/-2.3)e+03,(6.6+/-2.3)e+03,(6.6+/-2.3)e+03,(6.6+/-2.3)e+03,(6.6+/-2.3)e+03,(6.6+/-2.3)e+03,(6.6+/-2.3)e+03,(6.6+/-2.3)e+03,(6.6+/-2.3)e+03,(6.6+/-2.3)e+03,(6.6+/-2.3)e+03,(6.6+/-2.3)e+03,(6.6+/-2.3)e+03,(6.6+/-2.3)e+03,(6.6+/-2.3)e+03,(6.6+/-2.3)e+03,(6.6+/-2.3)e+03,(6.6+/-2.3)e+03,(6.6+/-2.3)e+03,(6.6+/-2.3)e+03,(6.6+/-2.3)e+03,(6.6+/-2.3)e+03,(6.6+/-2.3)e+03,(6.6+/-2.3)e+03,(6.6+/-2.3)e+03,(6.6+/-2.3)e+03,(6.6+/-2.3)e+03,(6.6+/-2.3)e+03,(6.6+/-2.3)e+03,(6.6+/-2.3)e+03,(6.6+/-2.3)e+03,(6.6+/-2.3)e+03
Madagascar,2301603,3329482,0,0,0,0,(4.7+/-1.7)e+04,(4.7+/-1.7)e+04,(4.7+/-1.7)e+04,(4.7+/-1.7)e+04,(4.7+/-1.7)e+04,(4.7+/-1.7)e+04,(4.7+/-1.7)e+04,(4.7+/-1.7)e+04,(4.7+/-1.7)e+04,(4.7+/-1.7)e+04,(4.7+/-1.7)e+04,(4.7+/-1.7)e+04,(4.7+/-1.7)e+04,(4.7+/-1.7)e+04,(4.7+/-1.7)e+04,(4.7+/-1.7)e+04,(4.7+/-1.7)e+04,(4.7+/-1.7)e+04,(4.7+/-1.7)e+04,(4.7+/-1.7)e+04,(4.7+/-1.7)e+04,(4.7+/-1.7)e+04,(4.7+/-1.7)e+04,(4.7+/-1.7)e+04,(4.7+/-1.7)e+04,(4.7+/-1.7)e+04,(4.7+/-1.7)e+04,(4.7+/-1.7)e+04,(4.7+/-1.7)e+04,(4.7+/-1.7)e+04,(4.7+/-1.7)e+04,(4.7+/-1.7)e+04,(4.7+/-1.7)e+04,(4.7+/-1.7)e+04,(4.7+/-1.7)e+04,(4.7+/-1.7)e+04,(4.7+/-1.7)e+04,(4.7+/-1.7)e+04,(4.7+/-1.7)e+04,(4.7+/-1.7)e+04,(4.7+/-1.7)e+04,(4.7+/-1.7)e+04,(4.7+/-1.7)e+04,(4.7+/-1.7)e+04,(4.7+/-1.7)e+04,(4.7+/-1.7)e+04,(4.7+/-1.7)e+04,(4.7+/-1.7)e+04,(4.7+/-1.7)e+04
Maldives,18586,45085,0,0,0,0,(6.6+/-2.3)e+03,(6.6+/-2.3)e+03,(6.6+/-2.3)e+03,(6.6+/-2.3)e+03,(6.6+/-2.3)e+03,(6.6+/-2.3)e+03,(6.6+/-2.3)e+03,(6.6+/-2.3)e+03,(6.6+/-2.3)e+03,(6.6+/-2.3)e+03,(6.6+/-2.3)e+03,(6.6+/-2.3)e+03,(6.6+/-2.3)e+03,(6.6+/-2.3)e+03,(6.6+/-2.3)e+03,(6.6+/-2.3)e+03,(6.6+/-2.3)e+03,(6.6+/-2.3)e+03,(6.6+/-2.3)e+03,(6.6+/-2.3)e+03,(6.6+/-2.3)e+03,(6.6+/-2.3)e+03,(6.6+/-2.3)e+03,(6.6+/-2.3)e+03,(6.6+/-2.3)e+03,(6.6+/-2.3)e+03,(6.6+/-2.3)e+03,(6.6+/-2.3)e+03,(6.6+/-2.3)e+03,(6.6+/-2.3)e+03,(6.6+/-2.3)e+03,(6.6+/-2.3)e+03,(6.6+/-2.3)e+03,(6.6+/-2.3)e+03,(6.6+/-2.3)e+03,(6.6+/-2.3)e+03,(6.6+/-2.3)e+03,(6.6+/-2.3)e+03,(6.6+/-2.3)e+03,(6.6+/-2.3)e+03,(6.6+/-2.3)e+03,(6.6+/-2.3)e+03,(6.6+/-2.3)e+03,(6.6+/-2.3)e+03,(6.6+/-2.3)e+03,(6.6+/-2.3)e+03,(6.6+/-2.3)e+03,(6.6+/-2.3)e+03,(6.6+/-2.3)e+03
Mexico,5068324,16223128,0,0,0,0,(1.8+/-0.7)e+06,(1.8+/-0.7)e+06,(1.8+/-0.7)e+06,(1.8+/-0.7)e+06,(1.8+/-0.7)e+06,(1.8+/-0.7)e+06,(1.8+/-0.7)e+06,(1.8+/-0.7)e+06,(1.8+/-0.7)e+06,(1.8+/-0.7)e+06,(1.8+/-0.7)e+06,(1.8+/-0.7)e+06,(1.8+/-0.7)e+06,(1.8+/-0.7)e+06,(1.8+/-0.7)e+06,(1.8+/-0.7)e+06,(1.8+/-0.7)e+06,(1.8+/-0.7)e+06,(1.8+/-0.7)e+06,(1.8+/-0.7)e+06,(1.8+/-0.7)e+06,(1.8+/-0.7)e+06,(1.8+/-0.7)e+06,(1.8+/-0.7)e+06,(1.8+/-0.7)e+06,(1.8+/-0.7)e+06,(1.8+/-0.7)e+06,(1.8+/-0.7)e+06,(1.8+/-0.7)e+06,(1.8+/-0.7)e+06,(1.8+/-0.7)e+06,(1.8+/-0.7)e+06,(1.8+/-0.7)e+06,(1.8+/-0.7)e+06,(1.8+/-0.7)e+06,(1.8+/-0.7)e+06,(1.8+/-0.7)e+06,(1.8+/-0.7)e+06,(1.8+/-0.7)e+06,(1.8+/-0.7)e+06,(1.8+/-0.7)e+06,(1.8+/-0.7)e+06,(1.8+/-0.7)e+06,(1.8+/-0.7)e+06,(1.8+/-0.7)e+06,(1.8+/-0.7)e+06,(1.8+/-0.7)e+06,(1.8+/-0.7)e+06,(1.8+/-0.7)e+06
Marshall Islands,1412,3140,0,0,0,0,(6.6+/-2.3)e+03,(6.6+/-2.3)e+03,(6.6+/-2.3)e+03,(6.6+/-2.3)e+03,(6.6+/-2.3)e+03,(6.6+/-2.3)e+03,(6.6+/-2.3)e+03,(6.6+/-2.3)e+03,(6.6+/-2.3)e+03,(6.6+/-2.3)e+03,(6.6+/-2.3)e+03,(6.6+/-2.3)e+03,(6.6+/-2.3)e+03,(6.6+/-2.3)e+03,(6.6+/-2.3)e+03,(6.6+/-2.3)e+03,(6.6+/-2.3)e+03,(6.6+/-2.3)e+03,(6.6+/-2.3)e+03,(6.6+/-2.3)e+03,(6.6+/-2.3)e+03,(6.6+/-2.3)e+03,(6.6+/-2.3)e+03,(6.6+/-2.3)e+03,(6.6+/-2.3)e+03,(6.6+/-2.3)e+03,(6.6+/-2.3)e+03,(6.6+/-2.3)e+03,(6.6+/-2.3)e+03,(6.6+/-2.3)e+03,(6.6+/-2.3)e+03,(6.6+/-2.3)e+03,(6.6+/-2.3)e+03,(6.6+/-2.3)e+03,(6.6+/-2.3)e+03,(6.6+/-2.3)e+03,(6.6+/-2.3)e+03,(6.6+/-2.3)e+03,(6.6+/-2.3)e+03,(6.6+/-2.3)e+03,(6.6+/-2.3)e+03,(6.6+/-2.3)e+03,(6.6+/-2.3)e+03,(6.6+/-2.3)e+03,(6.6+/-2.3)e+03,(6.6+/-2.3)e+03,(6.6+/-2.3)e+03,(6.6+/-2.3)e+03,(6.6+/-2.3)e+03
North Macedonia,79840,183353,0,0,0,0,(2.8+/-1.1)e+05,(2.8+/-1.1)e+05,(2.8+/-1.1)e+05,(2.8+/-1.1)e+05,(2.8+/-1.1)e+05,(2.8+/-1.1)e+05,(2.8+/-1.1)e+05,(2.8+/-1.1)e+05,(2.8+/-1.1)e+05,(2.8+/-1.1)e+05,(2.8+/-1.1)e+05,(2.8+/-1.1)e+05,(2.8+/-1.1)e+05,(2.8+/-1.1)e+05,(2.8+/-1.1)e+05,(2.8+/-1.1)e+05,(2.8+/-1.1)e+05,(2.8+/-1.1)e+05,(2.8+/-1.1)e+05,(2.8+/-1.1)e+05,(2.8+/-1.1)e+05,(2.8+/-1.1)e+05,(2.8+/-1.1)e+05,(2.8+/-1.1)e+05,(2.8+/-1.1)e+05,(2.8+/-1.1)e+05,(2.8+/-1.1)e+05,(2.8+/-1.1)e+05,(2.8+/-1.1)e+05,(2.8+/-1.1)e+05,(2.8+/-1.1)e+05,(2.8+/-1.1)e+05,(2.8+/-1.1)e+05,(2.8+/-1.1)e+05,(2.8+/-1.1)e+05,(2.8+/-1.1)e+05,(2.8+/-1.1)e+05,(2.8+/-1.1)e+05,(2.8+/-1.1)e+05,(2.8+/-1.1)e+05,(2.8+/-1.1)e+05,(2.8+/-1.1)e+05,(2.8+/-1.1)e+05,(2.8+/-1.1)e+05,(2.8+/-1.1)e+05,(2.8+/-1.1)e+05,(2.8+/-1.1)e+05,(2.8+/-1.1)e+05,(2.8+/-1.1)e+05
Mali,1278787,2383211,0,0,0,0,(6.6+/-2.3)e+03,(6.6+/-2.3)e+03,(6.6+/-2.3)e+03,(6.6+/-2.3)e+03,(6.6+/-2.3)e+03,(6.6+/-2.3)e+03,(6.6+/-2.3)e+03,(6.6+/-2.3)e+03,(6.6+/-2.3)e+03,(6.6+/-2.3)e+03,(6.6+/-2.3)e+03,(6.6+/-2.3)e+03,(6.6+/-2.3)e+03,(6.6+/-2.3)e+03,(6.6+/-2.3)e+03,(6.6+/-2.3)e+03,(6.6+/-2.3)e+03,(6.6+/-2.3)e+03,(6.6+/-2.3)e+03,(6.6+/-2.3)e+03,(6.6+/-2.3)e+03,(6.6+/-2.3)e+03,(6.6+/-2.3)e+03,(6.6+/-2.3)e+03,(6.6+/-2.3)e+03,(6.6+/-2.3)e+03,(6.6+/-2.3)e+03,(6.6+/-2.3)e+03,(6.6+/-2.3)e+03,(6.6+/-2.3)e+03,(6.6+/-2.3)e+03,(6.6+/-2.3)e+03,(6.6+/-2.3)e+03,(6.6+/-2.3)e+03,(6.6+/-2.3)e+03,(6.6+/-2.3)e+03,(6.6+/-2.3)e+03,(6.6+/-2.3)e+03,(6.6+/-2.3)e+03,(6.6+/-2.3)e+03,(6.6+/-2.3)e+03,(6.6+/-2.3)e+03,(6.6+/-2.3)e+03,(6.6+/-2.3)e+03,(6.6+/-2.3)e+03,(6.6+/-2.3)e+03,(6.6+/-2.3)e+03,(6.6+/-2.3)e+03,(6.6+/-2.3)e+03
Malta,25920,69035,0,0,0,0,(6.6+/-2.3)e+03,(6.6+/-2.3)e+03,(6.6+/-2.3)e+03,(6.6+/-2.3)e+03,(6.6+/-2.3)e+03,(6.6+/-2.3)e+03,(6.6+/-2.3)e+03,(6.6+/-2.3)e+03,(6.6+/-2.3)e+03,(6.6+/-2.3)e+03,(6.6+/-2.3)e+03,(6.6+/-2.3)e+03,(6.6+/-2.3)e+03,(6.6+/-2.3)e+03,(6.6+/-2.3)e+03,(6.6+/-2.3)e+03,(6.6+/-2.3)e+03,(6.6+/-2.3)e+03,(6.6+/-2.3)e+03,(6.6+/-2.3)e+03,(6.6+/-2.3)e+03,(6.6+/-2.3)e+03,(6.6+/-2.3)e+03,(6.6+/-2.3)e+03,(6.6+/-2.3)e+03,(6.6+/-2.3)e+03,(6.6+/-2.3)e+03,(6.6+/-2.3)e+03,(6.6+/-2.3)e+03,(6.6+/-2.3)e+03,(6.6+/-2.3)e+03,(6.6+/-2.3)e+03,(6.6+/-2.3)e+03,(6.6+/-2.3)e+03,(6.6+/-2.3)e+03,(6.6+/-2.3)e+03,(6.6+/-2.3)e+03,(6.6+/-2.3)e+03,(6.6+/-2.3)e+03,(6.6+/-2.3)e+03,(6.6+/-2.3)e+03,(6.6+/-2.3)e+03,(6.6+/-2.3)e+03,(6.6+/-2.3)e+03,(6.6+/-2.3)e+03,(6.6+/-2.3)e+03,(6.6+/-2.3)e+03,(6.6+/-2.3)e+03,(6.6+/-2.3)e+03
Myanmar,3595557,7248499,0,0,0,0,(5.7+/-2.1)e+04,(5.7+/-2.1)e+04,(5.7+/-2.1)e+04,(5.7+/-2.1)e+04,(5.7+/-2.1)e+04,(5.7+/-2.1)e+04,(5.7+/-2.1)e+04,(5.7+/-2.1)e+04,(5.7+/-2.1)e+04,(5.7+/-2.1)e+04,(5.7+/-2.1)e+04,(5.7+/-2.1)e+04,(5.7+/-2.1)e+04,(5.7+/-2.1)e+04,(5.7+/-2.1)e+04,(5.7+/-2.1)e+04,(5.7+/-2.1)e+04,(5.7+/-2.1)e+04,(5.7+/-2.1)e+04,(5.7+/-2.1)e+04,(5.7+/-2.1)e+04,(5.7+/-2.1)e+04,(5.7+/-2.1)e+04,(5.7+/-2.1)e+04,(5.7+/-2.1)e+04,(5.7+/-2.1)e+04,(5.7+/-2.1)e+04,(5.7+/-2.1)e+04,(5.7+/-2.1)e+04,(5.7+/-2.1)e+04,(5.7+/-2.1)e+04,(5.7+/-2.1)e+04,(5.7+/-2.1)e+04,(5.7+/-2.1)e+04,(5.7+/-2.1)e+04,(5.7+/-2.1)e+04,(5.7+/-2.1)e+04,(5.7+/-2.1)e+04,(5.7+/-2.1)e+04,(5.7+/-2.1)e+04,(5.7+/-2.1)e+04,(5.7+/-2.1)e+04,(5.7+/-2.1)e+04,(5.7+/-2.1)e+04,(5.7+/-2.1)e+04,(5.7+/-2.1)e+04,(5.7+/-2.1)e+04,(5.7+/-2.1)e+04,(5.7+/-2.1)e+04
Montenegro,22908,59710,0,0,0,0,(6.6+/-2.3)e+03,(6.6+/-2.3)e+03,(6.6+/-2.3)e+03,(6.6+/-2.3)e+03,(6.6+/-2.3)e+03,(6.6+/-2.3)e+03,(6.6+/-2.3)e+03,(6.6+/-2.3)e+03,(6.6+/-2.3)e+03,(6.6+/-2.3)e+03,(6.6+/-2.3)e+03,(6.6+/-2.3)e+03,(6.6+/-2.3)e+03,(6.6+/-2.3)e+03,(6.6+/-2.3)e+03,(6.6+/-2.3)e+03,(6.6+/-2.3)e+03,(6.6+/-2.3)e+03,(6.6+/-2.3)e+03,(6.6+/-2.3)e+03,(6.6+/-2.3)e+03,(6.6+/-2.3)e+03,(6.6+/-2.3)e+03,(6.6+/-2.3)e+03,(6.6+/-2.3)e+03,(6.6+/-2.3)e+03,(6.6+/-2.3)e+03,(6.6+/-2.3)e+03,(6.6+/-2.3)e+03,(6.6+/-2.3)e+03,(6.6+/-2.3)e+03,(6.6+/-2.3)e+03,(6.6+/-2.3)e+03,(6.6+/-2.3)e+03,(6.6+/-2.3)e+03,(6.6+/-2.3)e+03,(6.6+/-2.3)e+03,(6.6+/-2.3)e+03,(6.6+/-2.3)e+03,(6.6+/-2.3)e+03,(6.6+/-2.3)e+03,(6.6+/-2.3)e+03,(6.6+/-2.3)e+03,(6.6+/-2.3)e+03,(6.6+/-2.3)e+03,(6.6+/-2.3)e+03,(6.6+/-2.3)e+03,(6.6+/-2.3)e+03,(6.6+/-2.3)e+03
Mongolia,208980,367905,0,0,0,0,(3.9+/-1.5)e+05,(3.9+/-1.5)e+05,(3.9+/-1.5)e+05,(3.9+/-1.5)e+05,(3.9+/-1.5)e+05,(3.9+/-1.5)e+05,(3.9+/-1.5)e+05,(3.9+/-1.5)e+05,(3.9+/-1.5)e+05,(3.9+/-1.5)e+05,(3.9+/-1.5)e+05,(3.9+/-1.5)e+05,(3.9+/-1.5)e+05,(3.9+/-1.5)e+05,(3.9+/-1.5)e+05,(3.9+/-1.5)e+05,(3.9+/-1.5)e+05,(3.9+/-1.5)e+05,(3.9+/-1.5)e+05,(3.9+/-1.5)e+05,(3.9+/-1.5)e+05,(3.9+/-1.5)e+05,(3.9+/-1.5)e+05,(3.9+/-1.5)e+05,(3.9+/-1.5)e+05,(3.9+/-1.5)e+05,(3.9+/-1.5)e+05,(3.9+/-1.5)e+05,(3.9+/-1.5)e+05,(3.9+/-1.5)e+05,(3.9+/-1.5)e+05,(3.9+/-1.5)e+05,(3.9+/-1.5)e+05,(3.9+/-1.5)e+05,(3.9+/-1.5)e+05,(3.9+/-1.5)e+05,(3.9+/-1.5)e+05,(3.9+/-1.5)e+05,(3.9+/-1.5)e+05,(3.9+/-1.5)e+05,(3.9+/-1.5)e+05,(3.9+/-1.5)e+05,(3.9+/-1.5)e+05,(3.9+/-1.5)e+05,(3.9+/-1.5)e+05,(3.9+/-1.5)e+05,(3.9+/-1.5)e+05,(3.9+/-1.5)e+05,(3.9+/-1.5)e+05
Northern Mariana Islands,2009,4808,0,0,0,0,(6.6+/-2.3)e+03,(6.6+/-2.3)e+03,(6.6+/-2.3)e+03,(6.6+/-2.3)e+03,(6.6+/-2.3)e+03,(6.6+/-2.3)e+03,(6.6+/-2.3)e+03,(6.6+/-2.3)e+03,(6.6+/-2.3)e+03,(6.6+/-2.3)e+03,(6.6+/-2.3)e+03,(6.6+/-2.3)e+03,(6.6+/-2.3)e+03,(6.6+/-2.3)e+03,(6.6+/-2.3)e+03,(6.6+/-2.3)e+03,(6.6+/-2.3)e+03,(6.6+/-2.3)e+03,(6.6+/-2.3)e+03,(6.6+/-2.3)e+03,(6.6+/-2.3)e+03,(6.6+/-2.3)e+03,(6.6+/-2.3)e+03,(6.6+/-2.3)e+03,(6.6+/-2.3)e+03,(6.6+/-2.3)e+03,(6.6+/-2.3)e+03,(6.6+/-2.3)e+03,(6.6+/-2.3)e+03,(6.6+/-2.3)e+03,(6.6+/-2.3)e+03,(6.6+/-2.3)e+03,(6.6+/-2.3)e+03,(6.6+/-2.3)e+03,(6.6+/-2.3)e+03,(6.6+/-2.3)e+03,(6.6+/-2.3)e+03,(6.6+/-2.3)e+03,(6.6+/-2.3)e+03,(6.6+/-2.3)e+03,(6.6+/-2.3)e+03,(6.6+/-2.3)e+03,(6.6+/-2.3)e+03,(6.6+/-2.3)e+03,(6.6+/-2.3)e+03,(6.6+/-2.3)e+03,(6.6+/-2.3)e+03,(6.6+/-2.3)e+03,(6.6+/-2.3)e+03
Mozambique,482534,1612664,0,0,0,0,(6.6+/-2.3)e+03,(6.6+/-2.3)e+03,(6.6+/-2.3)e+03,(6.6+/-2.3)e+03,(6.6+/-2.3)e+03,(6.6+/-2.3)e+03,(6.6+/-2.3)e+03,(6.6+/-2.3)e+03,(6.6+/-2.3)e+03,(6.6+/-2.3)e+03,(6.6+/-2.3)e+03,(6.6+/-2.3)e+03,(6.6+/-2.3)e+03,(6.6+/-2.3)e+03,(6.6+/-2.3)e+03,(6.6+/-2.3)e+03,(6.6+/-2.3)e+03,(6.6+/-2.3)e+03,(6.6+/-2.3)e+03,(6.6+/-2.3)e+03,(6.6+/-2.3)e+03,(6.6+/-2.3)e+03,(6.6+/-2.3)e+03,(6.6+/-2.3)e+03,(6.6+/-2.3)e+03,(6.6+/-2.3)e+03,(6.6+/-2.3)e+03,(6.6+/-2.3)e+03,(6.6+/-2.3)e+03,(6.6+/-2.3)e+03,(6.6+/-2.3)e+03,(6.6+/-2.3)e+03,(6.6+/-2.3)e+03,(6.6+/-2.3)e+03,(6.6+/-2.3)e+03,(6.6+/-2.3)e+03,(6.6+/-2.3)e+03,(6.6+/-2.3)e+03,(6.6+/-2.3)e+03,(6.6+/-2.3)e+03,(6.6+/-2.3)e+03,(6.6+/-2.3)e+03,(6.6+/-2.3)e+03,(6.6+/-2.3)e+03,(6.6+/-2.3)e+03,(6.6+/-2.3)e+03,(6.6+/-2.3)e+03,(6.6+/-2.3)e+03,(6.6+/-2.3)e+03
Mauritania,111595,355340,0,0,0,0,(6.6+/-2.3)e+03,(6.6+/-2.3)e+03,(6.6+/-2.3)e+03,(6.6+/-2.3)e+03,(6.6+/-2.3)e+03,(6.6+/-2.3)e+03,(6.6+/-2.3)e+03,(6.6+/-2.3)e+03,(6.6+/-2.3)e+03,(6.6+/-2.3)e+03,(6.6+/-2.3)e+03,(6.6+/-2.3)e+03,(6.6+/-2.3)e+03,(6.6+/-2.3)e+03,(6.6+/-2.3)e+03,(6.6+/-2.3)e+03,(6.6+/-2.3)e+03,(6.6+/-2.3)e+03,(6.6+/-2.3)e+03,(6.6+/-2.3)e+03,(6.6+/-2.3)e+03,(6.6+/-2.3)e+03,(6.6+/-2.3)e+03,(6.6+/-2.3)e+03,(6.6+/-2.3)e+03,(6.6+/-2.3)e+03,(6.6+/-2.3)e+03,(6.6+/-2.3)e+03,(6.6+/-2.3)e+03,(6.6+/-2.3)e+03,(6.6+/-2.3)e+03,(6.6+/-2.3)e+03,(6.6+/-2.3)e+03,(6.6+/-2.3)e+03,(6.6+/-2.3)e+03,(6.6+/-2.3)e+03,(6.6+/-2.3)e+03,(6.6+/-2.3)e+03,(6.6+/-2.3)e+03,(6.6+/-2.3)e+03,(6.6+/-2.3)e+03,(6.6+/-2.3)e+03,(6.6+/-2.3)e+03,(6.6+/-2.3)e+03,(6.6+/-2.3)e+03,(6.6+/-2.3)e+03,(6.6+/-2.3)e+03,(6.6+/-2.3)e+03,(6.6+/-2.3)e+03
Mauritius,52459,136836,0,0,0,0,(7.2+/-2.7)e+04,(7.2+/-2.7)e+04,(7.2+/-2.7)e+04,(7.2+/-2.7)e+04,(7.2+/-2.7)e+04,(7.2+/-2.7)e+04,(7.2+/-2.7)e+04,(7.2+/-2.7)e+04,(7.2+/-2.7)e+04,(7.2+/-2.7)e+04,(7.2+/-2.7)e+04,(7.2+/-2.7)e+04,(7.2+/-2.7)e+04,(7.2+/-2.7)e+04,(7.2+/-2.7)e+04,(7.2+/-2.7)e+04,(7.2+/-2.7)e+04,(7.2+/-2.7)e+04,(7.2+/-2.7)e+04,(7.2+/-2.7)e+04,(7.2+/-2.7)e+04,(7.2+/-2.7)e+04,(7.2+/-2.7)e+04,(7.2+/-2.7)e+04,(7.2+/-2.7)e+04,(7.2+/-2.7)e+04,(7.2+/-2.7)e+04,(7.2+/-2.7)e+04,(7.2+/-2.7)e+04,(7.2+/-2.7)e+04,(7.2+/-2.7)e+04,(7.2+/-2.7)e+04,(7.2+/-2.7)e+04,(7.2+/-2.7)e+04,(7.2+/-2.7)e+04,(7.2+/-2.7)e+04,(7.2+/-2.7)e+04,(7.2+/-2.7)e+04,(7.2+/-2.7)e+04,(7.2+/-2.7)e+04,(7.2+/-2.7)e+04,(7.2+/-2.7)e+04,(7.2+/-2.7)e+04,(7.2+/-2.7)e+04,(7.2+/-2.7)e+04,(7.2+/-2.7)e+04,(7.2+/-2.7)e+04,(7.2+/-2.7)e+04,(7.2+/-2.7)e+04
Malawi,891114,1581897,0,0,0,0,(6.6+/-2.3)e+03,(6.6+/-2.3)e+03,(6.6+/-2.3)e+03,(6.6+/-2.3)e+03,(6.6+/-2.3)e+03,(6.6+/-2.3)e+03,(6.6+/-2.3)e+03,(6.6+/-2.3)e+03,(6.6+/-2.3)e+03,(6.6+/-2.3)e+03,(6.6+/-2.3)e+03,(6.6+/-2.3)e+03,(6.6+/-2.3)e+03,(6.6+/-2.3)e+03,(6.6+/-2.3)e+03,(6.6+/-2.3)e+03,(6.6+/-2.3)e+03,(6.6+/-2.3)e+03,(6.6+/-2.3)e+03,(6.6+/-2.3)e+03,(6.6+/-2.3)e+03,(6.6+/-2.3)e+03,(6.6+/-2.3)e+03,(6.6+/-2.3)e+03,(6.6+/-2.3)e+03,(6.6+/-2.3)e+03,(6.6+/-2.3)e+03,(6.6+/-2.3)e+03,(6.6+/-2.3)e+03,(6.6+/-2.3)e+03,(6.6+/-2.3)e+03,(6.6+/-2.3)e+03,(6.6+/-2.3)e+03,(6.6+/-2.3)e+03,(6.6+/-2.3)e+03,(6.6+/-2.3)e+03,(6.6+/-2.3)e+03,(6.6+/-2.3)e+03,(6.6+/-2.3)e+03,(6.6+/-2.3)e+03,(6.6+/-2.3)e+03,(6.6+/-2.3)e+03,(6.6+/-2.3)e+03,(6.6+/-2.3)e+03,(6.6+/-2.3)e+03,(6.6+/-2.3)e+03,(6.6+/-2.3)e+03,(6.6+/-2.3)e+03,(6.6+/-2.3)e+03
Malaysia,2276171,5220294,0,0,0,0,(4.5+/-1.7)e+06,(4.5+/-1.7)e+06,(4.5+/-1.7)e+06,(4.5+/-1.7)e+06,(4.5+/-1.7)e+06,(4.5+/-1.7)e+06,(4.5+/-1.7)e+06,(4.5+/-1.7)e+06,(4.5+/-1.7)e+06,(4.5+/-1.7)e+06,(4.5+/-1.7)e+06,(4.5+/-1.7)e+06,(4.5+/-1.7)e+06,(4.5+/-1.7)e+06,(4.5+/-1.7)e+06,(4.5+/-1.7)e+06,(4.5+/-1.7)e+06,(4.5+/-1.7)e+06,(4.5+/-1.7)e+06,(4.5+/-1.7)e+06,(4.5+/-1.7)e+06,(4.5+/-1.7)e+06,(4.5+/-1.7)e+06,(4.5+/-1.7)e+06,(4.5+/-1.7)e+06,(4.5+/-1.7)e+06,(4.5+/-1.7)e+06,(4.5+/-1.7)e+06,(4.5+/-1.7)e+06,(4.5+/-1.7)e+06,(4.5+/-1.7)e+06,(4.5+/-1.7)e+06,(4.5+/-1.7)e+06,(4.5+/-1.7)e+06,(4.5+/-1.7)e+06,(4.5+/-1.7)e+06,(4.5+/-1.7)e+06,(4.5+/-1.7)e+06,(4.5+/-1.7)e+06,(4.5+/-1.7)e+06,(4.5+/-1.7)e+06,(4.5+/-1.7)e+06,(4.5+/-1.7)e+06,(4.5+/-1.7)e+06,(4.5+/-1.7)e+06,(4.5+/-1.7)e+06,(4.5+/-1.7)e+06,(4.5+/-1.7)e+06,(4.5+/-1.7)e+06
Namibia,112612,234706,0,0,0,0,(4.7+/-1.7)e+04,(4.7+/-1.7)e+04,(4.7+/-1.7)e+04,(4.7+/-1.7)e+04,(4.7+/-1.7)e+04,(4.7+/-1.7)e+04,(4.7+/-1.7)e+04,(4.7+/-1.7)e+04,(4.7+/-1.7)e+04,(4.7+/-1.7)e+04,(4.7+/-1.7)e+04,(4.7+/-1.7)e+04,(4.7+/-1.7)e+04,(4.7+/-1.7)e+04,(4.7+/-1.7)e+04,(4.7+/-1.7)e+04,(4.7+/-1.7)e+04,(4.7+/-1.7)e+04,(4.7+/-1.7)e+04,(4.7+/-1.7)e+04,(4.7+/-1.7)e+04,(4.7+/-1.7)e+04,(4.7+/-1.7)e+04,(4.7+/-1.7)e+04,(4.7+/-1.7)e+04,(4.7+/-1.7)e+04,(4.7+/-1.7)e+04,(4.7+/-1.7)e+04,(4.7+/-1.7)e+04,(4.7+/-1.7)e+04,(4.7+/-1.7)e+04,(4.7+/-1.7)e+04,(4.7+/-1.7)e+04,(4.7+/-1.7)e+04,(4.7+/-1.7)e+04,(4.7+/-1.7)e+04,(4.7+/-1.7)e+04,(4.7+/-1.7)e+04,(4.7+/-1.7)e+04,(4.7+/-1.7)e+04,(4.7+/-1.7)e+04,(4.7+/-1.7)e+04,(4.7+/-1.7)e+04,(4.7+/-1.7)e+04,(4.7+/-1.7)e+04,(4.7+/-1.7)e+04,(4.7+/-1.7)e+04,(4.7+/-1.7)e+04,(4.7+/-1.7)e+04
New Caledonia,12232,27772,0,0,0,0,(1.3+/-0.5)e+05,(1.3+/-0.5)e+05,(1.3+/-0.5)e+05,(1.3+/-0.5)e+05,(1.3+/-0.5)e+05,(1.3+/-0.5)e+05,(1.3+/-0.5)e+05,(1.3+/-0.5)e+05,(1.3+/-0.5)e+05,(1.3+/-0.5)e+05,(1.3+/-0.5)e+05,(1.3+/-0.5)e+05,(1.3+/-0.5)e+05,(1.3+/-0.5)e+05,(1.3+/-0.5)e+05,(1.3+/-0.5)e+05,(1.3+/-0.5)e+05,(1.3+/-0.5)e+05,(1.3+/-0.5)e+05,(1.3+/-0.5)e+05,(1.3+/-0.5)e+05,(1.3+/-0.5)e+05,(1.3+/-0.5)e+05,(1.3+/-0.5)e+05,(1.3+/-0.5)e+05,(1.3+/-0.5)e+05,(1.3+/-0.5)e+05,(1.3+/-0.5)e+05,(1.3+/-0.5)e+05,(1.3+/-0.5)e+05,(1.3+/-0.5)e+05,(1.3+/-0.5)e+05,(1.3+/-0.5)e+05,(1.3+/-0.5)e+05,(1.3+/-0.5)e+05,(1.3+/-0.5)e+05,(1.3+/-0.5)e+05,(1.3+/-0.5)e+05,(1.3+/-0.5)e+05,(1.3+/-0.5)e+05,(1.3+/-0.5)e+05,(1.3+/-0.5)e+05,(1.3+/-0.5)e+05,(1.3+/-0.5)e+05,(1.3+/-0.5)e+05,(1.3+/-0.5)e+05,(1.3+/-0.5)e+05,(1.3+/-0.5)e+05,(1.3+/-0.5)e+05
Niger,968387,3083531,0,0,0,0,(1.7+/-0.6)e+04,(1.7+/-0.6)e+04,(1.7+/-0.6)e+04,(1.7+/-0.6)e+04,(1.7+/-0.6)e+04,(1.7+/-0.6)e+04,(1.7+/-0.6)e+04,(1.7+/-0.6)e+04,(1.7+/-0.6)e+04,(1.7+/-0.6)e+04,(1.7+/-0.6)e+04,(1.7+/-0.6)e+04,(1.7+/-0.6)e+04,(1.7+/-0.6)e+04,(1.7+/-0.6)e+04,(1.7+/-0.6)e+04,(1.7+/-0.6)e+04,(1.7+/-0.6)e+04,(1.7+/-0.6)e+04,(1.7+/-0.6)e+04,(1.7+/-0.6)e+04,(1.7+/-0.6)e+04,(1.7+/-0.6)e+04,(1.7+/-0.6)e+04,(1.7+/-0.6)e+04,(1.7+/-0.6)e+04,(1.7+/-0.6)e+04,(1.7+/-0.6)e+04,(1.7+/-0.6)e+04,(1.7+/-0.6)e+04,(1.7+/-0.6)e+04,(1.7+/-0.6)e+04,(1.7+/-0.6)e+04,(1.7+/-0.6)e+04,(1.7+/-0.6)e+04,(1.7+/-0.6)e+04,(1.7+/-0.6)e+04,(1.7+/-0.6)e+04,(1.7+/-0.6)e+04,(1.7+/-0.6)e+04,(1.7+/-0.6)e+04,(1.7+/-0.6)e+04,(1.7+/-0.6)e+04,(1.7+/-0.6)e+04,(1.7+/-0.6)e+04,(1.7+/-0.6)e+04,(1.7+/-0.6)e+04,(1.7+/-0.6)e+04,(1.7+/-0.6)e+04
Nigeria,4263092,10019800,0,0,0,0,(1.2+/-0.5)e+05,(1.2+/-0.5)e+05,(1.2+/-0.5)e+05,(1.2+/-0.5)e+05,(1.2+/-0.5)e+05,(1.2+/-0.5)e+05,(1.2+/-0.5)e+05,(1.2+/-0.5)e+05,(1.2+/-0.5)e+05,(1.2+/-0.5)e+05,(1.2+/-0.5)e+05,(1.2+/-0.5)e+05,(1.2+/-0.5)e+05,(1.2+/-0.5)e+05,(1.2+/-0.5)e+05,(1.2+/-0.5)e+05,(1.2+/-0.5)e+05,(1.2+/-0.5)e+05,(1.2+/-0.5)e+05,(1.2+/-0.5)e+05,(1.2+/-0.5)e+05,(1.2+/-0.5)e+05,(1.2+/-0.5)e+05,(1.2+/-0.5)e+05,(1.2+/-0.5)e+05,(1.2+/-0.5)e+05,(1.2+/-0.5)e+05,(1.2+/-0.5)e+05,(1.2+/-0.5)e+05,(1.2+/-0.5)e+05,(1.2+/-0.5)e+05,(1.2+/-0.5)e+05,(1.2+/-0.5)e+05,(1.2+/-0.5)e+05,(1.2+/-0.5)e+05,(1.2+/-0.5)e+05,(1.2+/-0.5)e+05,(1.2+/-0.5)e+05,(1.2+/-0.5)e+05,(1.2+/-0.5)e+05,(1.2+/-0.5)e+05,(1.2+/-0.5)e+05,(1.2+/-0.5)e+05,(1.2+/-0.5)e+05,(1.2+/-0.5)e+05,(1.2+/-0.5)e+05,(1.2+/-0.5)e+05,(1.2+/-0.5)e+05,(1.2+/-0.5)e+05
Nicaragua,336127,959984,0,0,0,0,(6.6+/-2.3)e+03,(6.6+/-2.3)e+03,(6.6+/-2.3)e+03,(6.6+/-2.3)e+03,(6.6+/-2.3)e+03,(6.6+/-2.3)e+03,(6.6+/-2.3)e+03,(6.6+/-2.3)e+03,(6.6+/-2.3)e+03,(6.6+/-2.3)e+03,(6.6+/-2.3)e+03,(6.6+/-2.3)e+03,(6.6+/-2.3)e+03,(6.6+/-2.3)e+03,(6.6+/-2.3)e+03,(6.6+/-2.3)e+03,(6.6+/-2.3)e+03,(6.6+/-2.3)e+03,(6.6+/-2.3)e+03,(6.6+/-2.3)e+03,(6.6+/-2.3)e+03,(6.6+/-2.3)e+03,(6.6+/-2.3)e+03,(6.6+/-2.3)e+03,(6.6+/-2.3)e+03,(6.6+/-2.3)e+03,(6.6+/-2.3)e+03,(6.6+/-2.3)e+03,(6.6+/-2.3)e+03,(6.6+/-2.3)e+03,(6.6+/-2.3)e+03,(6.6+/-2.3)e+03,(6.6+/-2.3)e+03,(6.6+/-2.3)e+03,(6.6+/-2.3)e+03,(6.6+/-2.3)e+03,(6.6+/-2.3)e+03,(6.6+/-2.3)e+03,(6.6+/-2.3)e+03,(6.6+/-2.3)e+03,(6.6+/-2.3)e+03,(6.6+/-2.3)e+03,(6.6+/-2.3)e+03,(6.6+/-2.3)e+03,(6.6+/-2.3)e+03,(6.6+/-2.3)e+03,(6.6+/-2.3)e+03,(6.6+/-2.3)e+03,(6.6+/-2.3)e+03
Netherlands,783042,2016480,0,0,0,0,(1.2+/-0.4)e+06,(1.2+/-0.4)e+06,(1.2+/-0.4)e+06,(1.2+/-0.4)e+06,(1.2+/-0.4)e+06,(1.2+/-0.4)e+06,(1.2+/-0.4)e+06,(1.2+/-0.4)e+06,(1.2+/-0.4)e+06,(1.2+/-0.4)e+06,(1.2+/-0.4)e+06,(1.2+/-0.4)e+06,(1.2+/-0.4)e+06,(1.2+/-0.4)e+06,(1.2+/-0.4)e+06,(1.2+/-0.4)e+06,(1.2+/-0.4)e+06,(1.2+/-0.4)e+06,(1.2+/-0.4)e+06,(1.2+/-0.4)e+06,(1.2+/-0.4)e+06,(1.2+/-0.4)e+06,(1.2+/-0.4)e+06,(1.2+/-0.4)e+06,(1.2+/-0.4)e+06,(1.2+/-0.4)e+06,(1.2+/-0.4)e+06,(1.2+/-0.4)e+06,(1.2+/-0.4)e+06,(1.2+/-0.4)e+06,(1.2+/-0.4)e+06,(1.2+/-0.4)e+06,(1.2+/-0.4)e+06,(1.2+/-0.4)e+06,(1.2+/-0.4)e+06,(1.2+/-0.4)e+06,(1.2+/-0.4)e+06,(1.2+/-0.4)e+06,(1.2+/-0.4)e+06,(1.2+/-0.4)e+06,(1.2+/-0.4)e+06,(1.2+/-0.4)e+06,(1.2+/-0.4)e+06,(1.2+/-0.4)e+06,(1.2+/-0.4)e+06,(1.2+/-0.4)e+06,(1.2+/-0.4)e+06,(1.2+/-0.4)e+06,(1.2+/-0.4)e+06
Norway,284062,681265,0,0,0,0,(6.6+/-2.3)e+03,(6.6+/-2.3)e+03,(6.6+/-2.3)e+03,(6.6+/-2.3)e+03,(6.6+/-2.3)e+03,(6.6+/-2.3)e+03,(6.6+/-2.3)e+03,(6.6+/-2.3)e+03,(6.6+/-2.3)e+03,(6.6+/-2.3)e+03,(6.6+/-2.3)e+03,(6.6+/-2.3)e+03,(6.6+/-2.3)e+03,(6.6+/-2.3)e+03,(6.6+/-2.3)e+03,(6.6+/-2.3)e+03,(6.6+/-2.3)e+03,(6.6+/-2.3)e+03,(6.6+/-2.3)e+03,(6.6+/-2.3)e+03,(6.6+/-2.3)e+03,(6.6+/-2.3)e+03,(6.6+/-2.3)e+03,(6.6+/-2.3)e+03,(6.6+/-2.3)e+03,(6.6+/-2.3)e+03,(6.6+/-2.3)e+03,(6.6+/-2.3)e+03,(6.6+/-2.3)e+03,(6.6+/-2.3)e+03,(6.6+/-2.3)e+03,(6.6+/-2.3)e+03,(6.6+/-2.3)e+03,(6.6+/-2.3)e+03,(6.6+/-2.3)e+03,(6.6+/-2.3)e+03,(6.6+/-2.3)e+03,(6.6+/-2.3)e+03,(6.6+/-2.3)e+03,(6.6+/-2.3)e+03,(6.6+/-2.3)e+03,(6.6+/-2.3)e+03,(6.6+/-2.3)e+03,(6.6+/-2.3)e+03,(6.6+/-2.3)e+03,(6.6+/-2.3)e+03,(6.6+/-2.3)e+03,(6.6+/-2.3)e+03,(6.6+/-2.3)e+03
Nepal,861976,2433128,0,0,0,0,(6.6+/-2.3)e+03,(6.6+/-2.3)e+03,(6.6+/-2.3)e+03,(6.6+/-2.3)e+03,(6.6+/-2.3)e+03,(6.6+/-2.3)e+03,(6.6+/-2.3)e+03,(6.6+/-2.3)e+03,(6.6+/-2.3)e+03,(6.6+/-2.3)e+03,(6.6+/-2.3)e+03,(6.6+/-2.3)e+03,(6.6+/-2.3)e+03,(6.6+/-2.3)e+03,(6.6+/-2.3)e+03,(6.6+/-2.3)e+03,(6.6+/-2.3)e+03,(6.6+/-2.3)e+03,(6.6+/-2.3)e+03,(6.6+/-2.3)e+03,(6.6+/-2.3)e+03,(6.6+/-2.3)e+03,(6.6+/-2.3)e+03,(6.6+/-2.3)e+03,(6.6+/-2.3)e+03,(6.6+/-2.3)e+03,(6.6+/-2.3)e+03,(6.6+/-2.3)e+03,(6.6+/-2.3)e+03,(6.6+/-2.3)e+03,(6.6+/-2.3)e+03,(6.6+/-2.3)e+03,(6.6+/-2.3)e+03,(6.6+/-2.3)e+03,(6.6+/-2.3)e+03,(6.6+/-2.3)e+03,(6.6+/-2.3)e+03,(6.6+/-2.3)e+03,(6.6+/-2.3)e+03,(6.6+/-2.3)e+03,(6.6+/-2.3)e+03,(6.6+/-2.3)e+03,(6.6+/-2.3)e+03,(6.6+/-2.3)e+03,(6.6+/-2.3)e+03,(6.6+/-2.3)e+03,(6.6+/-2.3)e+03,(6.6+/-2.3)e+03,(6.6+/-2.3)e+03
Nauru,593,936,0,0,0,0,(6.6+/-2.3)e+03,(6.6+/-2.3)e+03,(6.6+/-2.3)e+03,(6.6+/-2.3)e+03,(6.6+/-2.3)e+03,(6.6+/-2.3)e+03,(6.6+/-2.3)e+03,(6.6+/-2.3)e+03,(6.6+/-2.3)e+03,(6.6+/-2.3)e+03,(6.6+/-2.3)e+03,(6.6+/-2.3)e+03,(6.6+/-2.3)e+03,(6.6+/-2.3)e+03,(6.6+/-2.3)e+03,(6.6+/-2.3)e+03,(6.6+/-2.3)e+03,(6.6+/-2.3)e+03,(6.6+/-2.3)e+03,(6.6+/-2.3)e+03,(6.6+/-2.3)e+03,(6.6+/-2.3)e+03,(6.6+/-2.3)e+03,(6.6+/-2.3)e+03,(6.6+/-2.3)e+03,(6.6+/-2.3)e+03,(6.6+/-2.3)e+03,(6.6+/-2.3)e+03,(6.6+/-2.3)e+03,(6.6+/-2.3)e+03,(6.6+/-2.3)e+03,(6.6+/-2.3)e+03,(6.6+/-2.3)e+03,(6.6+/-2.3)e+03,(6.6+/-2.3)e+03,(6.6+/-2.3)e+03,(6.6+/-2.3)e+03,(6.6+/-2.3)e+03,(6.6+/-2.3)e+03,(6.6+/-2.3)e+03,(6.6+/-2.3)e+03,(6.6+/-2.3)e+03,(6.6+/-2.3)e+03,(6.6+/-2.3)e+03,(6.6+/-2.3)e+03,(6.6+/-2.3)e+03,(6.6+/-2.3)e+03,(6.6+/-2.3)e+03,(6.6+/-2.3)e+03
New Zealand,262212,641840,0,0,0,0,(2.6+/-1.0)e+05,(2.6+/-1.0)e+05,(2.6+/-1.0)e+05,(2.6+/-1.0)e+05,(2.6+/-1.0)e+05,(2.6+/-1.0)e+05,(2.6+/-1.0)e+05,(2.6+/-1.0)e+05,(2.6+/-1.0)e+05,(2.6+/-1.0)e+05,(2.6+/-1.0)e+05,(2.6+/-1.0)e+05,(2.6+/-1.0)e+05,(2.6+/-1.0)e+05,(2.6+/-1.0)e+05,(2.6+/-1.0)e+05,(2.6+/-1.0)e+05,(2.6+/-1.0)e+05,(2.6+/-1.0)e+05,(2.6+/-1.0)e+05,(2.6+/-1.0)e+05,(2.6+/-1.0)e+05,(2.6+/-1.0)e+05,(2.6+/-1.0)e+05,(2.6+/-1.0)e+05,(2.6+/-1.0)e+05,(2.6+/-1.0)e+05,(2.6+/-1.0)e+05,(2.6+/-1.0)e+05,(2.6+/-1.0)e+05,(2.6+/-1.0)e+05,(2.6+/-1.0)e+05,(2.6+/-1.0)e+05,(2.6+/-1.0)e+05,(2.6+/-1.0)e+05,(2.6+/-1.0)e+05,(2.6+/-1.0)e+05,(2.6+/-1.0)e+05,(2.6+/-1.0)e+05,(2.6+/-1.0)e+05,(2.6+/-1.0)e+05,(2.6+/-1.0)e+05,(2.6+/-1.0)e+05,(2.6+/-1.0)e+05,(2.6+/-1.0)e+05,(2.6+/-1.0)e+05,(2.6+/-1.0)e+05,(2.6+/-1.0)e+05,(2.6+/-1.0)e+05
Oman,189434,503336,0,0,0,0,(6.6+/-2.3)e+03,(6.6+/-2.3)e+03,(6.6+/-2.3)e+03,(6.6+/-2.3)e+03,(6.6+/-2.3)e+03,(6.6+/-2.3)e+03,(6.6+/-2.3)e+03,(6.6+/-2.3)e+03,(6.6+/-2.3)e+03,(6.6+/-2.3)e+03,(6.6+/-2.3)e+03,(6.6+/-2.3)e+03,(6.6+/-2.3)e+03,(6.6+/-2.3)e+03,(6.6+/-2.3)e+03,(6.6+/-2.3)e+03,(6.6+/-2.3)e+03,(6.6+/-2.3)e+03,(6.6+/-2.3)e+03,(6.6+/-2.3)e+03,(6.6+/-2.3)e+03,(6.6+/-2.3)e+03,(6.6+/-2.3)e+03,(6.6+/-2.3)e+03,(6.6+/-2.3)e+03,(6.6+/-2.3)e+03,(6.6+/-2.3)e+03,(6.6+/-2.3)e+03,(6.6+/-2.3)e+03,(6.6+/-2.3)e+03,(6.6+/-2.3)e+03,(6.6+/-2.3)e+03,(6.6+/-2.3)e+03,(6.6+/-2.3)e+03,(6.6+/-2.3)e+03,(6.6+/-2.3)e+03,(6.6+/-2.3)e+03,(6.6+/-2.3)e+03,(6.6+/-2.3)e+03,(6.6+/-2.3)e+03,(6.6+/-2.3)e+03,(6.6+/-2.3)e+03,(6.6+/-2.3)e+03,(6.6+/-2.3)e+03,(6.6+/-2.3)e+03,(6.6+/-2.3)e+03,(6.6+/-2.3)e+03,(6.6+/-2.3)e+03,(6.6+/-2.3)e+03
Pakistan,13610987,23964313,0,0,0,0,(2.8+/-1.0)e+06,(2.8+/-1.0)e+06,(2.8+/-1.0)e+06,(2.8+/-1.0)e+06,(2.8+/-1.0)e+06,(2.8+/-1.0)e+06,(2.8+/-1.0)e+06,(2.8+/-1.0)e+06,(2.8+/-1.0)e+06,(2.8+/-1.0)e+06,(2.8+/-1.0)e+06,(2.8+/-1.0)e+06,(2.8+/-1.0)e+06,(2.8+/-1.0)e+06,(2.8+/-1.0)e+06,(2.8+/-1.0)e+06,(2.8+/-1.0)e+06,(2.8+/-1.0)e+06,(2.8+/-1.0)e+06,(2.8+/-1.0)e+06,(2.8+/-1.0)e+06,(2.8+/-1.0)e+06,(2.8+/-1.0)e+06,(2.8+/-1.0)e+06,(2.8+/-1.0)e+06,(2.8+/-1.0)e+06,(2.8+/-1.0)e+06,(2.8+/-1.0)e+06,(2.8+/-1.0)e+06,(2.8+/-1.0)e+06,(2.8+/-1.0)e+06,(2.8+/-1.0)e+06,(2.8+/-1.0)e+06,(2.8+/-1.0)e+06,(2.8+/-1.0)e+06,(2.8+/-1.0)e+06,(2.8+/-1.0)e+06,(2.8+/-1.0)e+06,(2.8+/-1.0)e+06,(2.8+/-1.0)e+06,(2.8+/-1.0)e+06,(2.8+/-1.0)e+06,(2.8+/-1.0)e+06,(2.8+/-1.0)e+06,(2.8+/-1.0)e+06,(2.8+/-1.0)e+06,(2.8+/-1.0)e+06,(2.8+/-1.0)e+06,(2.8+/-1.0)e+06
Panama,264625,496450,0,0,0,0,(6.6+/-2.3)e+03,(6.6+/-2.3)e+03,(6.6+/-2.3)e+03,(6.6+/-2.3)e+03,(6.6+/-2.3)e+03,(6.6+/-2.3)e+03,(6.6+/-2.3)e+03,(6.6+/-2.3)e+03,(6.6+/-2.3)e+03,(6.6+/-2.3)e+03,(6.6+/-2.3)e+03,(6.6+/-2.3)e+03,(6.6+/-2.3)e+03,(6.6+/-2.3)e+03,(6.6+/-2.3)e+03,(6.6+/-2.3)e+03,(6.6+/-2.3)e+03,(6.6+/-2.3)e+03,(6.6+/-2.3)e+03,(6.6+/-2.3)e+03,(6.6+/-2.3)e+03,(6.6+/-2.3)e+03,(6.6+/-2.3)e+03,(6.6+/-2.3)e+03,(6.6+/-2.3)e+03,(6.6+/-2.3)e+03,(6.6+/-2.3)e+03,(6.6+/-2.3)e+03,(6.6+/-2.3)e+03,(6.6+/-2.3)e+03,(6.6+/-2.3)e+03,(6.6+/-2.3)e+03,(6.6+/-2.3)e+03,(6.6+/-2.3)e+03,(6.6+/-2.3)e+03,(6.6+/-2.3)e+03,(6.6+/-2.3)e+03,(6.6+/-2.3)e+03,(6.6+/-2.3)e+03,(6.6+/-2.3)e+03,(6.6+/-2.3)e+03,(6.6+/-2.3)e+03,(6.6+/-2.3)e+03,(6.6+/-2.3)e+03,(6.6+/-2.3)e+03,(6.6+/-2.3)e+03,(6.6+/-2.3)e+03,(6.6+/-2.3)e+03,(6.6+/-2.3)e+03
Peru,2038823,5460905,0,0,0,0,(6.6+/-2.3)e+03,(6.6+/-2.3)e+03,(6.6+/-2.3)e+03,(6.6+/-2.3)e+03,(6.6+/-2.3)e+03,(6.6+/-2.3)e+03,(6.6+/-2.3)e+03,(6.6+/-2.3)e+03,(6.6+/-2.3)e+03,(6.6+/-2.3)e+03,(6.6+/-2.3)e+03,(6.6+/-2.3)e+03,(6.6+/-2.3)e+03,(6.6+/-2.3)e+03,(6.6+/-2.3)e+03,(6.6+/-2.3)e+03,(6.6+/-2.3)e+03,(6.6+/-2.3)e+03,(6.6+/-2.3)e+03,(6.6+/-2.3)e+03,(6.6+/-2.3)e+03,(6.6+/-2.3)e+03,(6.6+/-2.3)e+03,(6.6+/-2.3)e+03,(6.6+/-2.3)e+03,(6.6+/-2.3)e+03,(6.6+/-2.3)e+03,(6.6+/-2.3)e+03,(6.6+/-2.3)e+03,(6.6+/-2.3)e+03,(6.6+/-2.3)e+03,(6.6+/-2.3)e+03,(6.6+/-2.3)e+03,(6.6+/-2.3)e+03,(6.6+/-2.3)e+03,(6.6+/-2.3)e+03,(6.6+/-2.3)e+03,(6.6+/-2.3)e+03,(6.6+/-2.3)e+03,(6.6+/-2.3)e+03,(6.6+/-2.3)e+03,(6.6+/-2.3)e+03,(6.6+/-2.3)e+03,(6.6+/-2.3)e+03,(6.6+/-2.3)e+03,(6.6+/-2.3)e+03,(6.6+/-2.3)e+03,(6.6+/-2.3)e+03,(6.6+/-2.3)e+03
Philippines,5941640,14391766,0,0,0,0,(4.2+/-1.6)e+06,(4.2+/-1.6)e+06,(4.2+/-1.6)e+06,(4.2+/-1.6)e+06,(4.2+/-1.6)e+06,(4.2+/-1.6)e+06,(4.2+/-1.6)e+06,(4.2+/-1.6)e+06,(4.2+/-1.6)e+06,(4.2+/-1.6)e+06,(4.2+/-1.6)e+06,(4.2+/-1.6)e+06,(4.2+/-1.6)e+06,(4.2+/-1.6)e+06,(4.2+/-1.6)e+06,(4.2+/-1.6)e+06,(4.2+/-1.6)e+06,(4.2+/-1.6)e+06,(4.2+/-1.6)e+06,(4.2+/-1.6)e+06,(4.2+/-1.6)e+06,(4.2+/-1.6)e+06,(4.2+/-1.6)e+06,(4.2+/-1.6)e+06,(4.2+/-1.6)e+06,(4.2+/-1.6)e+06,(4.2+/-1.6)e+06,(4.2+/-1.6)e+06,(4.2+/-1.6)e+06,(4.2+/-1.6)e+06,(4.2+/-1.6)e+06,(4.2+/-1.6)e+06,(4.2+/-1.6)e+06,(4.2+/-1.6)e+06,(4.2+/-1.6)e+06,(4.2+/-1.6)e+06,(4.2+/-1.6)e+06,(4.2+/-1.6)e+06,(4.2+/-1.6)e+06,(4.2+/-1.6)e+06,(4.2+/-1.6)e+06,(4.2+/-1.6)e+06,(4.2+/-1.6)e+06,(4.2+/-1.6)e+06,(4.2+/-1.6)e+06,(4.2+/-1.6)e+06,(4.2+/-1.6)e+06,(4.2+/-1.6)e+06,(4.2+/-1.6)e+06
Palau,650,1648,0,0,0,0,(6.6+/-2.3)e+03,(6.6+/-2.3)e+03,(6.6+/-2.3)e+03,(6.6+/-2.3)e+03,(6.6+/-2.3)e+03,(6.6+/-2.3)e+03,(6.6+/-2.3)e+03,(6.6+/-2.3)e+03,(6.6+/-2.3)e+03,(6.6+/-2.3)e+03,(6.6+/-2.3)e+03,(6.6+/-2.3)e+03,(6.6+/-2.3)e+03,(6.6+/-2.3)e+03,(6.6+/-2.3)e+03,(6.6+/-2.3)e+03,(6.6+/-2.3)e+03,(6.6+/-2.3)e+03,(6.6+/-2.3)e+03,(6.6+/-2.3)e+03,(6.6+/-2.3)e+03,(6.6+/-2.3)e+03,(6.6+/-2.3)e+03,(6.6+/-2.3)e+03,(6.6+/-2.3)e+03,(6.6+/-2.3)e+03,(6.6+/-2.3)e+03,(6.6+/-2.3)e+03,(6.6+/-2.3)e+03,(6.6+/-2.3)e+03,(6.6+/-2.3)e+03,(6.6+/-2.3)e+03,(6.6+/-2.3)e+03,(6.6+/-2.3)e+03,(6.6+/-2.3)e+03,(6.6+/-2.3)e+03,(6.6+/-2.3)e+03,(6.6+/-2.3)e+03,(6.6+/-2.3)e+03,(6.6+/-2.3)e+03,(6.6+/-2.3)e+03,(6.6+/-2.3)e+03,(6.6+/-2.3)e+03,(6.6+/-2.3)e+03,(6.6+/-2.3)e+03,(6.6+/-2.3)e+03,(6.6+/-2.3)e+03,(6.6+/-2.3)e+03,(6.6+/-2.3)e+03
Papua New Guinea,439394,1098616,0,0,0,0,(6.6+/-2.3)e+03,(6.6+/-2.3)e+03,(6.6+/-2.3)e+03,(6.6+/-2.3)e+03,(6.6+/-2.3)e+03,(6.6+/-2.3)e+03,(6.6+/-2.3)e+03,(6.6+/-2.3)e+03,(6.6+/-2.3)e+03,(6.6+/-2.3)e+03,(6.6+/-2.3)e+03,(6.6+/-2.3)e+03,(6.6+/-2.3)e+03,(6.6+/-2.3)e+03,(6.6+/-2.3)e+03,(6.6+/-2.3)e+03,(6.6+/-2.3)e+03,(6.6+/-2.3)e+03,(6.6+/-2.3)e+03,(6.6+/-2.3)e+03,(6.6+/-2.3)e+03,(6.6+/-2.3)e+03,(6.6+/-2.3)e+03,(6.6+/-2.3)e+03,(6.6+/-2.3)e+03,(6.6+/-2.3)e+03,(6.6+/-2.3)e+03,(6.6+/-2.3)e+03,(6.6+/-2.3)e+03,(6.6+/-2.3)e+03,(6.6+/-2.3)e+03,(6.6+/-2.3)e+03,(6.6+/-2.3)e+03,(6.6+/-2.3)e+03,(6.6+/-2.3)e+03,(6.6+/-2.3)e+03,(6.6+/-2.3)e+03,(6.6+/-2.3)e+03,(6.6+/-2.3)e+03,(6.6+/-2.3)e+03,(6.6+/-2.3)e+03,(6.6+/-2.3)e+03,(6.6+/-2.3)e+03,(6.6+/-2.3)e+03,(6.6+/-2.3)e+03,(6.6+/-2.3)e+03,(6.6+/-2.3)e+03,(6.6+/-2.3)e+03,(6.6+/-2.3)e+03
Poland,1633472,3520858,0,0,0,0,(9.3+/-3.5)e+06,(9.3+/-3.5)e+06,(9.3+/-3.5)e+06,(9.3+/-3.5)e+06,(9.3+/-3.5)e+06,(9.3+/-3.5)e+06,(9.3+/-3.5)e+06,(9.3+/-3.5)e+06,(9.3+/-3.5)e+06,(9.3+/-3.5)e+06,(9.3+/-3.5)e+06,(9.3+/-3.5)e+06,(9.3+/-3.5)e+06,(9.3+/-3.5)e+06,(9.3+/-3.5)e+06,(9.3+/-3.5)e+06,(9.3+/-3.5)e+06,(9.3+/-3.5)e+06,(9.3+/-3.5)e+06,(9.3+/-3.5)e+06,(9.3+/-3.5)e+06,(9.3+/-3.5)e+06,(9.3+/-3.5)e+06,(9.3+/-3.5)e+06,(9.3+/-3.5)e+06,(9.3+/-3.5)e+06,(9.3+/-3.5)e+06,(9.3+/-3.5)e+06,(9.3+/-3.5)e+06,(9.3+/-3.5)e+06,(9.3+/-3.5)e+06,(9.3+/-3.5)e+06,(9.3+/-3.5)e+06,(9.3+/-3.5)e+06,(9.3+/-3.5)e+06,(9.3+/-3.5)e+06,(9.3+/-3.5)e+06,(9.3+/-3.5)e+06,(9.3+/-3.5)e+06,(9.3+/-3.5)e+06,(9.3+/-3.5)e+06,(9.3+/-3.5)e+06,(9.3+/-3.5)e+06,(9.3+/-3.5)e+06,(9.3+/-3.5)e+06,(9.3+/-3.5)e+06,(9.3+/-3.5)e+06,(9.3+/-3.5)e+06,(9.3+/-3.5)e+06
Puerto Rico,98939,231442,0,0,0,0,(6.6+/-2.3)e+03,(6.6+/-2.3)e+03,(6.6+/-2.3)e+03,(6.6+/-2.3)e+03,(6.6+/-2.3)e+03,(6.6+/-2.3)e+03,(6.6+/-2.3)e+03,(6.6+/-2.3)e+03,(6.6+/-2.3)e+03,(6.6+/-2.3)e+03,(6.6+/-2.3)e+03,(6.6+/-2.3)e+03,(6.6+/-2.3)e+03,(6.6+/-2.3)e+03,(6.6+/-2.3)e+03,(6.6+/-2.3)e+03,(6.6+/-2.3)e+03,(6.6+/-2.3)e+03,(6.6+/-2.3)e+03,(6.6+/-2.3)e+03,(6.6+/-2.3)e+03,(6.6+/-2.3)e+03,(6.6+/-2.3)e+03,(6.6+/-2.3)e+03,(6.6+/-2.3)e+03,(6.6+/-2.3)e+03,(6.6+/-2.3)e+03,(6.6+/-2.3)e+03,(6.6+/-2.3)e+03,(6.6+/-2.3)e+03,(6.6+/-2.3)e+03,(6.6+/-2.3)e+03,(6.6+/-2.3)e+03,(6.6+/-2.3)e+03,(6.6+/-2.3)e+03,(6.6+/-2.3)e+03,(6.6+/-2.3)e+03,(6.6+/-2.3)e+03,(6.6+/-2.3)e+03,(6.6+/-2.3)e+03,(6.6+/-2.3)e+03,(6.6+/-2.3)e+03,(6.6+/-2.3)e+03,(6.6+/-2.3)e+03,(6.6+/-2.3)e+03,(6.6+/-2.3)e+03,(6.6+/-2.3)e+03,(6.6+/-2.3)e+03,(6.6+/-2.3)e+03
North Korea,2397225,4765321,0,0,0,0,(1.1+/-0.4)e+06,(1.1+/-0.4)e+06,(1.1+/-0.4)e+06,(1.1+/-0.4)e+06,(1.1+/-0.4)e+06,(1.1+/-0.4)e+06,(1.1+/-0.4)e+06,(1.1+/-0.4)e+06,(1.1+/-0.4)e+06,(1.1+/-0.4)e+06,(1.1+/-0.4)e+06,(1.1+/-0.4)e+06,(1.1+/-0.4)e+06,(1.1+/-0.4)e+06,(1.1+/-0.4)e+06,(1.1+/-0.4)e+06,(1.1+/-0.4)e+06,(1.1+/-0.4)e+06,(1.1+/-0.4)e+06,(1.1+/-0.4)e+06,(1.1+/-0.4)e+06,(1.1+/-0.4)e+06,(1.1+/-0.4)e+06,(1.1+/-0.4)e+06,(1.1+/-0.4)e+06,(1.1+/-0.4)e+06,(1.1+/-0.4)e+06,(1.1+/-0.4)e+06,(1.1+/-0.4)e+06,(1.1+/-0.4)e+06,(1.1+/-0.4)e+06,(1.1+/-0.4)e+06,(1.1+/-0.4)e+06,(1.1+/-0.4)e+06,(1.1+/-0.4)e+06,(1.1+/-0.4)e+06,(1.1+/-0.4)e+06,(1.1+/-0.4)e+06,(1.1+/-0.4)e+06,(1.1+/-0.4)e+06,(1.1+/-0.4)e+06,(1.1+/-0.4)e+06,(1.1+/-0.4)e+06,(1.1+/-0.4)e+06,(1.1+/-0.4)e+06,(1.1+/-0.4)e+06,(1.1+/-0.4)e+06,(1.1+/-0.4)e+06,(1.1+/-0.4)e+06
Portugal,466661,1180704,0,0,0,0,(6.6+/-2.3)e+03,(6.6+/-2.3)e+03,(6.6+/-2.3)e+03,(6.6+/-2.3)e+03,(6.6+/-2.3)e+03,(6.6+/-2.3)e+03,(6.6+/-2.3)e+03,(6.6+/-2.3)e+03,(6.6+/-2.3)e+03,(6.6+/-2.3)e+03,(6.6+/-2.3)e+03,(6.6+/-2.3)e+03,(6.6+/-2.3)e+03,(6.6+/-2.3)e+03,(6.6+/-2.3)e+03,(6.6+/-2.3)e+03,(6.6+/-2.3)e+03,(6.6+/-2.3)e+03,(6.6+/-2.3)e+03,(6.6+/-2.3)e+03,(6.6+/-2.3)e+03,(6.6+/-2.3)e+03,(6.6+/-2.3)e+03,(6.6+/-2.3)e+03,(6.6+/-2.3)e+03,(6.6+/-2.3)e+03,(6.6+/-2.3)e+03,(6.6+/-2.3)e+03,(6.6+/-2.3)e+03,(6.6+/-2.3)e+03,(6.6+/-2.3)e+03,(6.6+/-2.3)e+03,(6.6+/-2.3)e+03,(6.6+/-2.3)e+03,(6.6+/-2.3)e+03,(6.6+/-2.3)e+03,(6.6+/-2.3)e+03,(6.6+/-2.3)e+03,(6.6+/-2.3)e+03,(6.6+/-2.3)e+03,(6.6+/-2.3)e+03,(6.6+/-2.3)e+03,(6.6+/-2.3)e+03,(6.6+/-2.3)e+03,(6.6+/-2.3)e+03,(6.6+/-2.3)e+03,(6.6+/-2.3)e+03,(6.6+/-2.3)e+03,(6.6+/-2.3)e+03
Paraguay,395619,990098,0,0,0,0,(6.6+/-2.3)e+03,(6.6+/-2.3)e+03,(6.6+/-2.3)e+03,(6.6+/-2.3)e+03,(6.6+/-2.3)e+03,(6.6+/-2.3)e+03,(6.6+/-2.3)e+03,(6.6+/-2.3)e+03,(6.6+/-2.3)e+03,(6.6+/-2.3)e+03,(6.6+/-2.3)e+03,(6.6+/-2.3)e+03,(6.6+/-2.3)e+03,(6.6+/-2.3)e+03,(6.6+/-2.3)e+03,(6.6+/-2.3)e+03,(6.6+/-2.3)e+03,(6.6+/-2.3)e+03,(6.6+/-2.3)e+03,(6.6+/-2.3)e+03,(6.6+/-2.3)e+03,(6.6+/-2.3)e+03,(6.6+/-2.3)e+03,(6.6+/-2.3)e+03,(6.6+/-2.3)e+03,(6.6+/-2.3)e+03,(6.6+/-2.3)e+03,(6.6+/-2.3)e+03,(6.6+/-2.3)e+03,(6.6+/-2.3)e+03,(6.6+/-2.3)e+03,(6.6+/-2.3)e+03,(6.6+/-2.3)e+03,(6.6+/-2.3)e+03,(6.6+/-2.3)e+03,(6.6+/-2.3)e+03,(6.6+/-2.3)e+03,(6.6+/-2.3)e+03,(6.6+/-2.3)e+03,(6.6+/-2.3)e+03,(6.6+/-2.3)e+03,(6.6+/-2.3)e+03,(6.6+/-2.3)e+03,(6.6+/-2.3)e+03,(6.6+/-2.3)e+03,(6.6+/-2.3)e+03,(6.6+/-2.3)e+03,(6.6+/-2.3)e+03,(6.6+/-2.3)e+03
Palestine,0,0,0,0,0,0,(6.6+/-2.3)e+03,(6.6+/-2.3)e+03,(6.6+/-2.3)e+03,(6.6+/-2.3)e+03,(6.6+/-2.3)e+03,(6.6+/-2.3)e+03,(6.6+/-2.3)e+03,(6.6+/-2.3)e+03,(6.6+/-2.3)e+03,(6.6+/-2.3)e+03,(6.6+/-2.3)e+03,(6.6+/-2.3)e+03,(6.6+/-2.3)e+03,(6.6+/-2.3)e+03,(6.6+/-2.3)e+03,(6.6+/-2.3)e+03,(6.6+/-2.3)e+03,(6.6+/-2.3)e+03,(6.6+/-2.3)e+03,(6.6+/-2.3)e+03,(6.6+/-2.3)e+03,(6.6+/-2.3)e+03,(6.6+/-2.3)e+03,(6.6+/-2.3)e+03,(6.6+/-2.3)e+03,(6.6+/-2.3)e+03,(6.6+/-2.3)e+03,(6.6+/-2.3)e+03,(6.6+/-2.3)e+03,(6.6+/-2.3)e+03,(6.6+/-2.3)e+03,(6.6+/-2.3)e+03,(6.6+/-2.3)e+03,(6.6+/-2.3)e+03,(6.6+/-2.3)e+03,(6.6+/-2.3)e+03,(6.6+/-2.3)e+03,(6.6+/-2.3)e+03,(6.6+/-2.3)e+03,(6.6+/-2.3)e+03,(6.6+/-2.3)e+03,(6.6+/-2.3)e+03,(6.6+/-2.3)e+03,(6.6+/-2.3)e+03,(6.6+/-2.3)e+03,(6.6+/-2.3)e+03,(6.6+/-2.3)e+03,(6.6+/-2.3)e+03,(6.6+/-2.3)e+03
French Polynesia,11111,25228,0,0,0,0,(6.6+/-2.3)e+03,(6.6+/-2.3)e+03,(6.6+/-2.3)e+03,(6.6+/-2.3)e+03,(6.6+/-2.3)e+03,(6.6+/-2.3)e+03,(6.6+/-2.3)e+03,(6.6+/-2.3)e+03,(6.6+/-2.3)e+03,(6.6+/-2.3)e+03,(6.6+/-2.3)e+03,(6.6+/-2.3)e+03,(6.6+/-2.3)e+03,(6.6+/-2.3)e+03,(6.6+/-2.3)e+03,(6.6+/-2.3)e+03,(6.6+/-2.3)e+03,(6.6+/-2.3)e+03,(6.6+/-2.3)e+03,(6.6+/-2.3)e+03,(6.6+/-2.3)e+03,(6.6+/-2.3)e+03,(6.6+/-2.3)e+03,(6.6+/-2.3)e+03,(6.6+/-2.3)e+03,(6.6+/-2.3)e+03,(6.6+/-2.3)e+03,(6.6+/-2.3)e+03,(6.6+/-2.3)e+03,(6.6+/-2.3)e+03,(6.6+/-2.3)e+03,(6.6+/-2.3)e+03,(6.6+/-2.3)e+03,(6.6+/-2.3)e+03,(6.6+/-2.3)e+03,(6.6+/-2.3)e+03,(6.6+/-2.3)e+03,(6.6+/-2.3)e+03,(6.6+/-2.3)e+03,(6.6+/-2.3)e+03,(6.6+/-2.3)e+03,(6.6+/-2.3)e+03,(6.6+/-2.3)e+03,(6.6+/-2.3)e+03,(6.6+/-2.3)e+03,(6.6+/-2.3)e+03,(6.6+/-2.3)e+03,(6.6+/-2.3)e+03,(6.6+/-2.3)e+03
Qatar,148741,395212,0,0,0,0,(6.6+/-2.3)e+03,(6.6+/-2.3)e+03,(6.6+/-2.3)e+03,(6.6+/-2.3)e+03,(6.6+/-2.3)e+03,(6.6+/-2.3)e+03,(6.6+/-2.3)e+03,(6.6+/-2.3)e+03,(6.6+/-2.3)e+03,(6.6+/-2.3)e+03,(6.6+/-2.3)e+03,(6.6+/-2.3)e+03,(6.6+/-2.3)e+03,(6.6+/-2.3)e+03,(6.6+/-2.3)e+03,(6.6+/-2.3)e+03,(6.6+/-2.3)e+03,(6.6+/-2.3)e+03,(6.6+/-2.3)e+03,(6.6+/-2.3)e+03,(6.6+/-2.3)e+03,(6.6+/-2.3)e+03,(6.6+/-2.3)e+03,(6.6+/-2.3)e+03,(6.6+/-2.3)e+03,(6.6+/-2.3)e+03,(6.6+/-2.3)e+03,(6.6+/-2.3)e+03,(6.6+/-2.3)e+03,(6.6+/-2.3)e+03,(6.6+/-2.3)e+03,(6.6+/-2.3)e+03,(6.6+/-2.3)e+03,(6.6+/-2.3)e+03,(6.6+/-2.3)e+03,(6.6+/-2.3)e+03,(6.6+/-2.3)e+03,(6.6+/-2.3)e+03,(6.6+/-2.3)e+03,(6.6+/-2.3)e+03,(6.6+/-2.3)e+03,(6.6+/-2.3)e+03,(6.6+/-2.3)e+03,(6.6+/-2.3)e+03,(6.6+/-2.3)e+03,(6.6+/-2.3)e+03,(6.6+/-2.3)e+03,(6.6+/-2.3)e+03,(6.6+/-2.3)e+03
Romania,970407,2033630,0,0,0,0,(7.6+/-2.8)e+05,(7.6+/-2.8)e+05,(7.6+/-2.8)e+05,(7.6+/-2.8)e+05,(7.6+/-2.8)e+05,(7.6+/-2.8)e+05,(7.6+/-2.8)e+05,(7.6+/-2.8)e+05,(7.6+/-2.8)e+05,(7.6+/-2.8)e+05,(7.6+/-2.8)e+05,(7.6+/-2.8)e+05,(7.6+/-2.8)e+05,(7.6+/-2.8)e+05,(7.6+/-2.8)e+05,(7.6+/-2.8)e+05,(7.6+/-2.8)e+05,(7.6+/-2.8)e+05,(7.6+/-2.8)e+05,(7.6+/-2.8)e+05,(7.6+/-2.8)e+05,(7.6+/-2.8)e+05,(7.6+/-2.8)e+05,(7.6+/-2.8)e+05,(7.6+/-2.8)e+05,(7.6+/-2.8)e+05,(7.6+/-2.8)e+05,(7.6+/-2.8)e+05,(7.6+/-2.8)e+05,(7.6+/-2.8)e+05,(7.6+/-2.8)e+05,(7.6+/-2.8)e+05,(7.6+/-2.8)e+05,(7.6+/-2.8)e+05,(7.6+/-2.8)e+05,(7.6+/-2.8)e+05,(7.6+/-2.8)e+05,(7.6+/-2.8)e+05,(7.6+/-2.8)e+05,(7.6+/-2.8)e+05,(7.6+/-2.8)e+05,(7.6+/-2.8)e+05,(7.6+/-2.8)e+05,(7.6+/-2.8)e+05,(7.6+/-2.8)e+05,(7.6+/-2.8)e+05,(7.6+/-2.8)e+05,(7.6+/-2.8)e+05,(7.6+/-2.8)e+05
Russia,7329959,15420169,0,0,0,0,(1.2+/-0.5)e+07,(1.2+/-0.5)e+07,(1.2+/-0.5)e+07,(1.2+/-0.5)e+07,(1.2+/-0.5)e+07,(1.2+/-0.5)e+07,(1.2+/-0.5)e+07,(1.2+/-0.5)e+07,(1.2+/-0.5)e+07,(1.2+/-0.5)e+07,(1.2+/-0.5)e+07,(1.2+/-0.5)e+07,(1.2+/-0.5)e+07,(1.2+/-0.5)e+07,(1.2+/-0.5)e+07,(1.2+/-0.5)e+07,(1.2+/-0.5)e+07,(1.2+/-0.5)e+07,(1.2+/-0.5)e+07,(1.2+/-0.5)e+07,(1.2+/-0.5)e+07,(1.2+/-0.5)e+07,(1.2+/-0.5)e+07,(1.2+/-0.5)e+07,(1.2+/-0.5)e+07,(1.2+/-0.5)e+07,(1.2+/-0.5)e+07,(1.2+/-0.5)e+07,(1.2+/-0.5)e+07,(1.2+/-0.5)e+07,(1.2+/-0.5)e+07,(1.2+/-0.5)e+07,(1.2+/-0.5)e+07,(1.2+/-0.5)e+07,(1.2+/-0.5)e+07,(1.2+/-0.5)e+07,(1.2+/-0.5)e+07,(1.2+/-0.5)e+07,(1.2+/-0.5)e+07,(1.2+/-0.5)e+07,(1.2+/-0.5)e+07,(1.2+/-0.5)e+07,(1.2+/-0.5)e+07,(1.2+/-0.5)e+07,(1.2+/-0.5)e+07,(1.2+/-0.5)e+07,(1.2+/-0.5)e+07,(1.2+/-0.5)e+07,(1.2+/-0.5)e+07
Rwanda,539820,1447426,0,0,0,0,(6.6+/-2.3)e+03,(6.6+/-2.3)e+03,(6.6+/-2.3)e+03,(6.6+/-2.3)e+03,(6.6+/-2.3)e+03,(6.6+/-2.3)e+03,(6.6+/-2.3)e+03,(6.6+/-2.3)e+03,(6.6+/-2.3)e+03,(6.6+/-2.3)e+03,(6.6+/-2.3)e+03,(6.6+/-2.3)e+03,(6.6+/-2.3)e+03,(6.6+/-2.3)e+03,(6.6+/-2.3)e+03,(6.6+/-2.3)e+03,(6.6+/-2.3)e+03,(6.6+/-2.3)e+03,(6.6+/-2.3)e+03,(6.6+/-2.3)e+03,(6.6+/-2.3)e+03,(6.6+/-2.3)e+03,(6.6+/-2.3)e+03,(6.6+/-2.3)e+03,(6.6+/-2.3)e+03,(6.6+/-2.3)e+03,(6.6+/-2.3)e+03,(6.6+/-2.3)e+03,(6.6+/-2.3)e+03,(6.6+/-2.3)e+03,(6.6+/-2.3)e+03,(6.6+/-2.3)e+03,(6.6+/-2.3)e+03,(6.6+/-2.3)e+03,(6.6+/-2.3)e+03,(6.6+/-2.3)e+03,(6.6+/-2.3)e+03,(6.6+/-2.3)e+03,(6.6+/-2.3)e+03,(6.6+/-2.3)e+03,(6.6+/-2.3)e+03,(6.6+/-2.3)e+03,(6.6+/-2.3)e+03,(6.6+/-2.3)e+03,(6.6+/-2.3)e+03,(6.6+/-2.3)e+03,(6.6+/-2.3)e+03,(6.6+/-2.3)e+03,(6.6+/-2.3)e+03
Saudi Arabia,1206769,3206437,0,0,0,0,(6.6+/-2.3)e+03,(6.6+/-2.3)e+03,(6.6+/-2.3)e+03,(6.6+/-2.3)e+03,(6.6+/-2.3)e+03,(6.6+/-2.3)e+03,(6.6+/-2.3)e+03,(6.6+/-2.3)e+03,(6.6+/-2.3)e+03,(6.6+/-2.3)e+03,(6.6+/-2.3)e+03,(6.6+/-2.3)e+03,(6.6+/-2.3)e+03,(6.6+/-2.3)e+03,(6.6+/-2.3)e+03,(6.6+/-2.3)e+03,(6.6+/-2.3)e+03,(6.6+/-2.3)e+03,(6.6+/-2.3)e+03,(6.6+/-2.3)e+03,(6.6+/-2.3)e+03,(6.6+/-2.3)e+03,(6.6+/-2.3)e+03,(6.6+/-2.3)e+03,(6.6+/-2.3)e+03,(6.6+/-2.3)e+03,(6.6+/-2.3)e+03,(6.6+/-2.3)e+03,(6.6+/-2.3)e+03,(6.6+/-2.3)e+03,(6.6+/-2.3)e+03,(6.6+/-2.3)e+03,(6.6+/-2.3)e+03,(6.6+/-2.3)e+03,(6.6+/-2.3)e+03,(6.6+/-2.3)e+03,(6.6+/-2.3)e+03,(6.6+/-2.3)e+03,(6.6+/-2.3)e+03,(6.6+/-2.3)e+03,(6.6+/-2.3)e+03,(6.6+/-2.3)e+03,(6.6+/-2.3)e+03,(6.6+/-2.3)e+03,(6.6+/-2.3)e+03,(6.6+/-2.3)e+03,(6.6+/-2.3)e+03,(6.6+/-2.3)e+03,(6.6+/-2.3)e+03
Sudan,1134699,3228939,0,0,0,0,(6.6+/-2.3)e+03,(6.6+/-2.3)e+03,(6.6+/-2.3)e+03,(6.6+/-2.3)e+03,(6.6+/-2.3)e+03,(6.6+/-2.3)e+03,(6.6+/-2.3)e+03,(6.6+/-2.3)e+03,(6.6+/-2.3)e+03,(6.6+/-2.3)e+03,(6.6+/-2.3)e+03,(6.6+/-2.3)e+03,(6.6+/-2.3)e+03,(6.6+/-2.3)e+03,(6.6+/-2.3)e+03,(6.6+/-2.3)e+03,(6.6+/-2.3)e+03,(6.6+/-2.3)e+03,(6.6+/-2.3)e+03,(6.6+/-2.3)e+03,(6.6+/-2.3)e+03,(6.6+/-2.3)e+03,(6.6+/-2.3)e+03,(6.6+/-2.3)e+03,(6.6+/-2.3)e+03,(6.6+/-2.3)e+03,(6.6+/-2.3)e+03,(6.6+/-2.3)e+03,(6.6+/-2.3)e+03,(6.6+/-2.3)e+03,(6.6+/-2.3)e+03,(6.6+/-2.3)e+03,(6.6+/-2.3)e+03,(6.6+/-2.3)e+03,(6.6+/-2.3)e+03,(6.6+/-2.3)e+03,(6.6+/-2.3)e+03,(6.6+/-2.3)e+03,(6.6+/-2.3)e+03,(6.6+/-2.3)e+03,(6.6+/-2.3)e+03,(6.6+/-2.3)e+03,(6.6+/-2.3)e+03,(6.6+/-2.3)e+03,(6.6+/-2.3)e+03,(6.6+/-2.3)e+03,(6.6+/-2.3)e+03,(6.6+/-2.3)e+03,(6.6+/-2.3)e+03
Senegal,661803,1927494,0,0,0,0,(5.8+/-2.2)e+04,(5.8+/-2.2)e+04,(5.8+/-2.2)e+04,(5.8+/-2.2)e+04,(5.8+/-2.2)e+04,(5.8+/-2.2)e+04,(5.8+/-2.2)e+04,(5.8+/-2.2)e+04,(5.8+/-2.2)e+04,(5.8+/-2.2)e+04,(5.8+/-2.2)e+04,(5.8+/-2.2)e+04,(5.8+/-2.2)e+04,(5.8+/-2.2)e+04,(5.8+/-2.2)e+04,(5.8+/-2.2)e+04,(5.8+/-2.2)e+04,(5.8+/-2.2)e+04,(5.8+/-2.2)e+04,(5.8+/-2.2)e+04,(5.8+/-2.2)e+04,(5.8+/-2.2)e+04,(5.8+/-2.2)e+04,(5.8+/-2.2)e+04,(5.8+/-2.2)e+04,(5.8+/-2.2)e+04,(5.8+/-2.2)e+04,(5.8+/-2.2)e+04,(5.8+/-2.2)e+04,(5.8+/-2.2)e+04,(5.8+/-2.2)e+04,(5.8+/-2.2)e+04,(5.8+/-2.2)e+04,(5.8+/-2.2)e+04,(5.8+/-2.2)e+04,(5.8+/-2.2)e+04,(5.8+/-2.2)e+04,(5.8+/-2.2)e+04,(5.8+/-2.2)e+04,(5.8+/-2.2)e+04,(5.8+/-2.2)e+04,(5.8+/-2.2)e+04,(5.8+/-2.2)e+04,(5.8+/-2.2)e+04,(5.8+/-2.2)e+04,(5.8+/-2.2)e+04,(5.8+/-2.2)e+04,(5.8+/-2.2)e+04,(5.8+/-2.2)e+04
Singapore,47289,120726,0,0,0,0,(6.6+/-2.3)e+03,(6.6+/-2.3)e+03,(6.6+/-2.3)e+03,(6.6+/-2.3)e+03,(6.6+/-2.3)e+03,(6.6+/-2.3)e+03,(6.6+/-2.3)e+03,(6.6+/-2.3)e+03,(6.6+/-2.3)e+03,(6.6+/-2.3)e+03,(6.6+/-2.3)e+03,(6.6+/-2.3)e+03,(6.6+/-2.3)e+03,(6.6+/-2.3)e+03,(6.6+/-2.3)e+03,(6.6+/-2.3)e+03,(6.6+/-2.3)e+03,(6.6+/-2.3)e+03,(6.6+/-2.3)e+03,(6.6+/-2.3)e+03,(6.6+/-2.3)e+03,(6.6+/-2.3)e+03,(6.6+/-2.3)e+03,(6.6+/-2.3)e+03,(6.6+/-2.3)e+03,(6.6+/-2.3)e+03,(6.6+/-2.3)e+03,(6.6+/-2.3)e+03,(6.6+/-2.3)e+03,(6.6+/-2.3)e+03,(6.6+/-2.3)e+03,(6.6+/-2.3)e+03,(6.6+/-2.3)e+03,(6.6+/-2.3)e+03,(6.6+/-2.3)e+03,(6.6+/-2.3)e+03,(6.6+/-2.3)e+03,(6.6+/-2.3)e+03,(6.6+/-2.3)e+03,(6.6+/-2.3)e+03,(6.6+/-2.3)e+03,(6.6+/-2.3)e+03,(6.6+/-2.3)e+03,(6.6+/-2.3)e+03,(6.6+/-2.3)e+03,(6.6+/-2.3)e+03,(6.6+/-2.3)e+03,(6.6+/-2.3)e+03,(6.6+/-2.3)e+03
Solomon Islands,47626,103659,0,0,0,0,(6.6+/-2.3)e+03,(6.6+/-2.3)e+03,(6.6+/-2.3)e+03,(6.6+/-2.3)e+03,(6.6+/-2.3)e+03,(6.6+/-2.3)e+03,(6.6+/-2.3)e+03,(6.6+/-2.3)e+03,(6.6+/-2.3)e+03,(6.6+/-2.3)e+03,(6.6+/-2.3)e+03,(6.6+/-2.3)e+03,(6.6+/-2.3)e+03,(6.6+/-2.3)e+03,(6.6+/-2.3)e+03,(6.6+/-2.3)e+03,(6.6+/-2.3)e+03,(6.6+/-2.3)e+03,(6.6+/-2.3)e+03,(6.6+/-2.3)e+03,(6.6+/-2.3)e+03,(6.6+/-2.3)e+03,(6.6+/-2.3)e+03,(6.6+/-2.3)e+03,(6.6+/-2.3)e+03,(6.6+/-2.3)e+03,(6.6+/-2.3)e+03,(6.6+/-2.3)e+03,(6.6+/-2.3)e+03,(6.6+/-2.3)e+03,(6.6+/-2.3)e+03,(6.6+/-2.3)e+03,(6.6+/-2.3)e+03,(6.6+/-2.3)e+03,(6.6+/-2.3)e+03,(6.6+/-2.3)e+03,(6.6+/-2.3)e+03,(6.6+/-2.3)e+03,(6.6+/-2.3)e+03,(6.6+/-2.3)e+03,(6.6+/-2.3)e+03,(6.6+/-2.3)e+03,(6.6+/-2.3)e+03,(6.6+/-2.3)e+03,(6.6+/-2.3)e+03,(6.6+/-2.3)e+03,(6.6+/-2.3)e+03,(6.6+/-2.3)e+03,(6.6+/-2.3)e+03
Sierra Leone,303372,862222,0,0,0,0,(6.6+/-2.3)e+03,(6.6+/-2.3)e+03,(6.6+/-2.3)e+03,(6.6+/-2.3)e+03,(6.6+/-2.3)e+03,(6.6+/-2.3)e+03,(6.6+/-2.3)e+03,(6.6+/-2.3)e+03,(6.6+/-2.3)e+03,(6.6+/-2.3)e+03,(6.6+/-2.3)e+03,(6.6+/-2.3)e+03,(6.6+/-2.3)e+03,(6.6+/-2.3)e+03,(6.6+/-2.3)e+03,(6.6+/-2.3)e+03,(6.6+/-2.3)e+03,(6.6+/-2.3)e+03,(6.6+/-2.3)e+03,(6.6+/-2.3)e+03,(6.6+/-2.3)e+03,(6.6+/-2.3)e+03,(6.6+/-2.3)e+03,(6.6+/-2.3)e+03,(6.6+/-2.3)e+03,(6.6+/-2.3)e+03,(6.6+/-2.3)e+03,(6.6+/-2.3)e+03,(6.6+/-2.3)e+03,(6.6+/-2.3)e+03,(6.6+/-2.3)e+03,(6.6+/-2.3)e+03,(6.6+/-2.3)e+03,(6.6+/-2.3)e+03,(6.6+/-2.3)e+03,(6.6+/-2.3)e+03,(6.6+/-2.3)e+03,(6.6+/-2.3)e+03,(6.6+/-2.3)e+03,(6.6+/-2.3)e+03,(6.6+/-2.3)e+03,(6.6+/-2.3)e+03,(6.6+/-2.3)e+03,(6.6+/-2.3)e+03,(6.6+/-2.3)e+03,(6.6+/-2.3)e+03,(6.6+/-2.3)e+03,(6.6+/-2.3)e+03,(6.6+/-2.3)e+03
El Salvador,303202,912179,0,0,0,0,(6.6+/-2.3)e+03,(6.6+/-2.3)e+03,(6.6+/-2.3)e+03,(6.6+/-2.3)e+03,(6.6+/-2.3)e+03,(6.6+/-2.3)e+03,(6.6+/-2.3)e+03,(6.6+/-2.3)e+03,(6.6+/-2.3)e+03,(6.6+/-2.3)e+03,(6.6+/-2.3)e+03,(6.6+/-2.3)e+03,(6.6+/-2.3)e+03,(6.6+/-2.3)e+03,(6.6+/-2.3)e+03,(6.6+/-2.3)e+03,(6.6+/-2.3)e+03,(6.6+/-2.3)e+03,(6.6+/-2.3)e+03,(6.6+/-2.3)e+03,(6.6+/-2.3)e+03,(6.6+/-2.3)e+03,(6.6+/-2.3)e+03,(6.6+/-2.3)e+03,(6.6+/-2.3)e+03,(6.6+/-2.3)e+03,(6.6+/-2.3)e+03,(6.6+/-2.3)e+03,(6.6+/-2.3)e+03,(6.6+/-2.3)e+03,(6.6+/-2.3)e+03,(6.6+/-2.3)e+03,(6.6+/-2.3)e+03,(6.6+/-2.3)e+03,(6.6+/-2.3)e+03,(6.6+/-2.3)e+03,(6.6+/-2.3)e+03,(6.6+/-2.3)e+03,(6.6+/-2.3)e+03,(6.6+/-2.3)e+03,(6.6+/-2.3)e+03,(6.6+/-2.3)e+03,(6.6+/-2.3)e+03,(6.6+/-2.3)e+03,(6.6+/-2.3)e+03,(6.6+/-2.3)e+03,(6.6+/-2.3)e+03,(6.6+/-2.3)e+03,(6.6+/-2.3)e+03
San Marino,1044,3139,0,0,0,0,(6.6+/-2.3)e+03,(6.6+/-2.3)e+03,(6.6+/-2.3)e+03,(6.6+/-2.3)e+03,(6.6+/-2.3)e+03,(6.6+/-2.3)e+03,(6.6+/-2.3)e+03,(6.6+/-2.3)e+03,(6.6+/-2.3)e+03,(6.6+/-2.3)e+03,(6.6+/-2.3)e+03,(6.6+/-2.3)e+03,(6.6+/-2.3)e+03,(6.6+/-2.3)e+03,(6.6+/-2.3)e+03,(6.6+/-2.3)e+03,(6.6+/-2.3)e+03,(6.6+/-2.3)e+03,(6.6+/-2.3)e+03,(6.6+/-2.3)e+03,(6.6+/-2.3)e+03,(6.6+/-2.3)e+03,(6.6+/-2.3)e+03,(6.6+/-2.3)e+03,(6.6+/-2.3)e+03,(6.6+/-2.3)e+03,(6.6+/-2.3)e+03,(6.6+/-2.3)e+03,(6.6+/-2.3)e+03,(6.6+/-2.3)e+03,(6.6+/-2.3)e+03,(6.6+/-2.3)e+03,(6.6+/-2.3)e+03,(6.6+/-2.3)e+03,(6.6+/-2.3)e+03,(6.6+/-2.3)e+03,(6.6+/-2.3)e+03,(6.6+/-2.3)e+03,(6.6+/-2.3)e+03,(6.6+/-2.3)e+03,(6.6+/-2.3)e+03,(6.6+/-2.3)e+03,(6.6+/-2.3)e+03,(6.6+/-2.3)e+03,(6.6+/-2.3)e+03,(6.6+/-2.3)e+03,(6.6+/-2.3)e+03,(6.6+/-2.3)e+03,(6.6+/-2.3)e+03
Somalia,281663,676191,0,0,0,0,(6.6+/-2.3)e+03,(6.6+/-2.3)e+03,(6.6+/-2.3)e+03,(6.6+/-2.3)e+03,(6.6+/-2.3)e+03,(6.6+/-2.3)e+03,(6.6+/-2.3)e+03,(6.6+/-2.3)e+03,(6.6+/-2.3)e+03,(6.6+/-2.3)e+03,(6.6+/-2.3)e+03,(6.6+/-2.3)e+03,(6.6+/-2.3)e+03,(6.6+/-2.3)e+03,(6.6+/-2.3)e+03,(6.6+/-2.3)e+03,(6.6+/-2.3)e+03,(6.6+/-2.3)e+03,(6.6+/-2.3)e+03,(6.6+/-2.3)e+03,(6.6+/-2.3)e+03,(6.6+/-2.3)e+03,(6.6+/-2.3)e+03,(6.6+/-2.3)e+03,(6.6+/-2.3)e+03,(6.6+/-2.3)e+03,(6.6+/-2.3)e+03,(6.6+/-2.3)e+03,(6.6+/-2.3)e+03,(6.6+/-2.3)e+03,(6.6+/-2.3)e+03,(6.6+/-2.3)e+03,(6.6+/-2.3)e+03,(6.6+/-2.3)e+03,(6.6+/-2.3)e+03,(6.6+/-2.3)e+03,(6.6+/-2.3)e+03,(6.6+/-2.3)e+03,(6.6+/-2.3)e+03,(6.6+/-2.3)e+03,(6.6+/-2.3)e+03,(6.6+/-2.3)e+03,(6.6+/-2.3)e+03,(6.6+/-2.3)e+03,(6.6+/-2.3)e+03,(6.6+/-2.3)e+03,(6.6+/-2.3)e+03,(6.6+/-2.3)e+03,(6.6+/-2.3)e+03
Serbia,355555,696769,0,0,0,0,(1.6+/-0.6)e+06,(1.6+/-0.6)e+06,(1.6+/-0.6)e+06,(1.6+/-0.6)e+06,(1.6+/-0.6)e+06,(1.6+/-0.6)e+06,(1.6+/-0.6)e+06,(1.6+/-0.6)e+06,(1.6+/-0.6)e+06,(1.6+/-0.6)e+06,(1.6+/-0.6)e+06,(1.6+/-0.6)e+06,(1.6+/-0.6)e+06,(1.6+/-0.6)e+06,(1.6+/-0.6)e+06,(1.6+/-0.6)e+06,(1.6+/-0.6)e+06,(1.6+/-0.6)e+06,(1.6+/-0.6)e+06,(1.6+/-0.6)e+06,(1.6+/-0.6)e+06,(1.6+/-0.6)e+06,(1.6+/-0.6)e+06,(1.6+/-0.6)e+06,(1.6+/-0.6)e+06,(1.6+/-0.6)e+06,(1.6+/-0.6)e+06,(1.6+/-0.6)e+06,(1.6+/-0.6)e+06,(1.6+/-0.6)e+06,(1.6+/-0.6)e+06,(1.6+/-0.6)e+06,(1.6+/-0.6)e+06,(1.6+/-0.6)e+06,(1.6+/-0.6)e+06,(1.6+/-0.6)e+06,(1.6+/-0.6)e+06,(1.6+/-0.6)e+06,(1.6+/-0.6)e+06,(1.6+/-0.6)e+06,(1.6+/-0.6)e+06,(1.6+/-0.6)e+06,(1.6+/-0.6)e+06,(1.6+/-0.6)e+06,(1.6+/-0.6)e+06,(1.6+/-0.6)e+06,(1.6+/-0.6)e+06,(1.6+/-0.6)e+06,(1.6+/-0.6)e+06
South Sudan,466066,1344648,0,0,0,0,(6.6+/-2.3)e+03,(6.6+/-2.3)e+03,(6.6+/-2.3)e+03,(6.6+/-2.3)e+03,(6.6+/-2.3)e+03,(6.6+/-2.3)e+03,(6.6+/-2.3)e+03,(6.6+/-2.3)e+03,(6.6+/-2.3)e+03,(6.6+/-2.3)e+03,(6.6+/-2.3)e+03,(6.6+/-2.3)e+03,(6.6+/-2.3)e+03,(6.6+/-2.3)e+03,(6.6+/-2.3)e+03,(6.6+/-2.3)e+03,(6.6+/-2.3)e+03,(6.6+/-2.3)e+03,(6.6+/-2.3)e+03,(6.6+/-2.3)e+03,(6.6+/-2.3)e+03,(6.6+/-2.3)e+03,(6.6+/-2.3)e+03,(6.6+/-2.3)e+03,(6.6+/-2.3)e+03,(6.6+/-2.3)e+03,(6.6+/-2.3)e+03,(6.6+/-2.3)e+03,(6.6+/-2.3)e+03,(6.6+/-2.3)e+03,(6.6+/-2.3)e+03,(6.6+/-2.3)e+03,(6.6+/-2.3)e+03,(6.6+/-2.3)e+03,(6.6+/-2.3)e+03,(6.6+/-2.3)e+03,(6.6+/-2.3)e+03,(6.6+/-2.3)e+03,(6.6+/-2.3)e+03,(6.6+/-2.3)e+03,(6.6+/-2.3)e+03,(6.6+/-2.3)e+03,(6.6+/-2.3)e+03,(6.6+/-2.3)e+03,(6.6+/-2.3)e+03,(6.6+/-2.3)e+03,(6.6+/-2.3)e+03,(6.6+/-2.3)e+03,(6.6+/-2.3)e+03
Sao Tome and Principe,3634,10716,0,0,0,0,(6.6+/-2.3)e+03,(6.6+/-2.3)e+03,(6.6+/-2.3)e+03,(6.6+/-2.3)e+03,(6.6+/-2.3)e+03,(6.6+/-2.3)e+03,(6.6+/-2.3)e+03,(6.6+/-2.3)e+03,(6.6+/-2.3)e+03,(6.6+/-2.3)e+03,(6.6+/-2.3)e+03,(6.6+/-2.3)e+03,(6.6+/-2.3)e+03,(6.6+/-2.3)e+03,(6.6+/-2.3)e+03,(6.6+/-2.3)e+03,(6.6+/-2.3)e+03,(6.6+/-2.3)e+03,(6.6+/-2.3)e+03,(6.6+/-2.3)e+03,(6.6+/-2.3)e+03,(6.6+/-2.3)e+03,(6.6+/-2.3)e+03,(6.6+/-2.3)e+03,(6.6+/-2.3)e+03,(6.6+/-2.3)e+03,(6.6+/-2.3)e+03,(6.6+/-2.3)e+03,(6.6+/-2.3)e+03,(6.6+/-2.3)e+03,(6.6+/-2.3)e+03,(6.6+/-2.3)e+03,(6.6+/-2.3)e+03,(6.6+/-2.3)e+03,(6.6+/-2.3)e+03,(6.6+/-2.3)e+03,(6.6+/-2.3)e+03,(6.6+/-2.3)e+03,(6.6+/-2.3)e+03,(6.6+/-2.3)e+03,(6.6+/-2.3)e+03,(6.6+/-2.3)e+03,(6.6+/-2.3)e+03,(6.6+/-2.3)e+03,(6.6+/-2.3)e+03,(6.6+/-2.3)e+03,(6.6+/-2.3)e+03,(6.6+/-2.3)e+03,(6.6+/-2.3)e+03
Suriname,26262,61042,0,0,0,0,(6.6+/-2.3)e+03,(6.6+/-2.3)e+03,(6.6+/-2.3)e+03,(6.6+/-2.3)e+03,(6.6+/-2.3)e+03,(6.6+/-2.3)e+03,(6.6+/-2.3)e+03,(6.6+/-2.3)e+03,(6.6+/-2.3)e+03,(6.6+/-2.3)e+03,(6.6+/-2.3)e+03,(6.6+/-2.3)e+03,(6.6+/-2.3)e+03,(6.6+/-2.3)e+03,(6.6+/-2.3)e+03,(6.6+/-2.3)e+03,(6.6+/-2.3)e+03,(6.6+/-2.3)e+03,(6.6+/-2.3)e+03,(6.6+/-2.3)e+03,(6.6+/-2.3)e+03,(6.6+/-2.3)e+03,(6.6+/-2.3)e+03,(6.6+/-2.3)e+03,(6.6+/-2.3)e+03,(6.6+/-2.3)e+03,(6.6+/-2.3)e+03,(6.6+/-2.3)e+03,(6.6+/-2.3)e+03,(6.6+/-2.3)e+03,(6.6+/-2.3)e+03,(6.6+/-2.3)e+03,(6.6+/-2.3)e+03,(6.6+/-2.3)e+03,(6.6+/-2.3)e+03,(6.6+/-2.3)e+03,(6.6+/-2.3)e+03,(6.6+/-2.3)e+03,(6.6+/-2.3)e+03,(6.6+/-2.3)e+03,(6.6+/-2.3)e+03,(6.6+/-2.3)e+03,(6.6+/-2.3)e+03,(6.6+/-2.3)e+03,(6.6+/-2.3)e+03,(6.6+/-2.3)e+03,(6.6+/-2.3)e+03,(6.6+/-2.3)e+03,(6.6+/-2.3)e+03
Slovakia,257541,589943,0,0,0,0,(1.0+/-0.4)e+05,(1.0+/-0.4)e+05,(1.0+/-0.4)e+05,(1.0+/-0.4)e+05,(1.0+/-0.4)e+05,(1.0+/-0.4)e+05,(1.0+/-0.4)e+05,(1.0+/-0.4)e+05,(1.0+/-0.4)e+05,(1.0+/-0.4)e+05,(1.0+/-0.4)e+05,(1.0+/-0.4)e+05,(1.0+/-0.4)e+05,(1.0+/-0.4)e+05,(1.0+/-0.4)e+05,(1.0+/-0.4)e+05,(1.0+/-0.4)e+05,(1.0+/-0.4)e+05,(1.0+/-0.4)e+05,(1.0+/-0.4)e+05,(1.0+/-0.4)e+05,(1.0+/-0.4)e+05,(1.0+/-0.4)e+05,(1.0+/-0.4)e+05,(1.0+/-0.4)e+05,(1.0+/-0.4)e+05,(1.0+/-0.4)e+05,(1.0+/-0.4)e+05,(1.0+/-0.4)e+05,(1.0+/-0.4)e+05,(1.0+/-0.4)e+05,(1.0+/-0.4)e+05,(1.0+/-0.4)e+05,(1.0+/-0.4)e+05,(1.0+/-0.4)e+05,(1.0+/-0.4)e+05,(1.0+/-0.4)e+05,(1.0+/-0.4)e+05,(1.0+/-0.4)e+05,(1.0+/-0.4)e+05,(1.0+/-0.4)e+05,(1.0+/-0.4)e+05,(1.0+/-0.4)e+05,(1.0+/-0.4)e+05,(1.0+/-0.4)e+05,(1.0+/-0.4)e+05,(1.0+/-0.4)e+05,(1.0+/-0.4)e+05,(1.0+/-0.4)e+05
Slovenia,92398,209737,0,0,0,0,(3.6+/-1.4)e+05,(3.6+/-1.4)e+05,(3.6+/-1.4)e+05,(3.6+/-1.4)e+05,(3.6+/-1.4)e+05,(3.6+/-1.4)e+05,(3.6+/-1.4)e+05,(3.6+/-1.4)e+05,(3.6+/-1.4)e+05,(3.6+/-1.4)e+05,(3.6+/-1.4)e+05,(3.6+/-1.4)e+05,(3.6+/-1.4)e+05,(3.6+/-1.4)e+05,(3.6+/-1.4)e+05,(3.6+/-1.4)e+05,(3.6+/-1.4)e+05,(3.6+/-1.4)e+05,(3.6+/-1.4)e+05,(3.6+/-1.4)e+05,(3.6+/-1.4)e+05,(3.6+/-1.4)e+05,(3.6+/-1.4)e+05,(3.6+/-1.4)e+05,(3.6+/-1.4)e+05,(3.6+/-1.4)e+05,(3.6+/-1.4)e+05,(3.6+/-1.4)e+05,(3.6+/-1.4)e+05,(3.6+/-1.4)e+05,(3.6+/-1.4)e+05,(3.6+/-1.4)e+05,(3.6+/-1.4)e+05,(3.6+/-1.4)e+05,(3.6+/-1.4)e+05,(3.6+/-1.4)e+05,(3.6+/-1.4)e+05,(3.6+/-1.4)e+05,(3.6+/-1.4)e+05,(3.6+/-1.4)e+05,(3.6+/-1.4)e+05,(3.6+/-1.4)e+05,(3.6+/-1.4)e+05,(3.6+/-1.4)e+05,(3.6+/-1.4)e+05,(3.6+/-1.4)e+05,(3.6+/-1.4)e+05,(3.6+/-1.4)e+05,(3.6+/-1.4)e+05
Sweden,488229,1110674,0,0,0,0,(6.6+/-2.3)e+03,(6.6+/-2.3)e+03,(6.6+/-2.3)e+03,(6.6+/-2.3)e+03,(6.6+/-2.3)e+03,(6.6+/-2.3)e+03,(6.6+/-2.3)e+03,(6.6+/-2.3)e+03,(6.6+/-2.3)e+03,(6.6+/-2.3)e+03,(6.6+/-2.3)e+03,(6.6+/-2.3)e+03,(6.6+/-2.3)e+03,(6.6+/-2.3)e+03,(6.6+/-2.3)e+03,(6.6+/-2.3)e+03,(6.6+/-2.3)e+03,(6.6+/-2.3)e+03,(6.6+/-2.3)e+03,(6.6+/-2.3)e+03,(6.6+/-2.3)e+03,(6.6+/-2.3)e+03,(6.6+/-2.3)e+03,(6.6+/-2.3)e+03,(6.6+/-2.3)e+03,(6.6+/-2.3)e+03,(6.6+/-2.3)e+03,(6.6+/-2.3)e+03,(6.6+/-2.3)e+03,(6.6+/-2.3)e+03,(6.6+/-2.3)e+03,(6.6+/-2.3)e+03,(6.6+/-2.3)e+03,(6.6+/-2.3)e+03,(6.6+/-2.3)e+03,(6.6+/-2.3)e+03,(6.6+/-2.3)e+03,(6.6+/-2.3)e+03,(6.6+/-2.3)e+03,(6.6+/-2.3)e+03,(6.6+/-2.3)e+03,(6.6+/-2.3)e+03,(6.6+/-2.3)e+03,(6.6+/-2.3)e+03,(6.6+/-2.3)e+03,(6.6+/-2.3)e+03,(6.6+/-2.3)e+03,(6.6+/-2.3)e+03,(6.6+/-2.3)e+03
Eswatini,42532,111713,0,0,0,0,(6.6+/-2.3)e+03,(6.6+/-2.3)e+03,(6.6+/-2.3)e+03,(6.6+/-2.3)e+03,(6.6+/-2.3)e+03,(6.6+/-2.3)e+03,(6.6+/-2.3)e+03,(6.6+/-2.3)e+03,(6.6+/-2.3)e+03,(6.6+/-2.3)e+03,(6.6+/-2.3)e+03,(6.6+/-2.3)e+03,(6.6+/-2.3)e+03,(6.6+/-2.3)e+03,(6.6+/-2.3)e+03,(6.6+/-2.3)e+03,(6.6+/-2.3)e+03,(6.6+/-2.3)e+03,(6.6+/-2.3)e+03,(6.6+/-2.3)e+03,(6.6+/-2.3)e+03,(6.6+/-2.3)e+03,(6.6+/-2.3)e+03,(6.6+/-2.3)e+03,(6.6+/-2.3)e+03,(6.6+/-2.3)e+03,(6.6+/-2.3)e+03,(6.6+/-2.3)e+03,(6.6+/-2.3)e+03,(6.6+/-2.3)e+03,(6.6+/-2.3)e+03,(6.6+/-2.3)e+03,(6.6+/-2.3)e+03,(6.6+/-2.3)e+03,(6.6+/-2.3)e+03,(6.6+/-2.3)e+03,(6.6+/-2.3)e+03,(6.6+/-2.3)e+03,(6.6+/-2.3)e+03,(6.6+/-2.3)e+03,(6.6+/-2.3)e+03,(6.6+/-2.3)e+03,(6.6+/-2.3)e+03,(6.6+/-2.3)e+03,(6.6+/-2.3)e+03,(6.6+/-2.3)e+03,(6.6+/-2.3)e+03,(6.6+/-2.3)e+03,(6.6+/-2.3)e+03
Sint Maarten,2654,5064,0,0,0,0,(6.6+/-2.3)e+03,(6.6+/-2.3)e+03,(6.6+/-2.3)e+03,(6.6+/-2.3)e+03,(6.6+/-2.3)e+03,(6.6+/-2.3)e+03,(6.6+/-2.3)e+03,(6.6+/-2.3)e+03,(6.6+/-2.3)e+03,(6.6+/-2.3)e+03,(6.6+/-2.3)e+03,(6.6+/-2.3)e+03,(6.6+/-2.3)e+03,(6.6+/-2.3)e+03,(6.6+/-2.3)e+03,(6.6+/-2.3)e+03,(6.6+/-2.3)e+03,(6.6+/-2.3)e+03,(6.6+/-2.3)e+03,(6.6+/-2.3)e+03,(6.6+/-2.3)e+03,(6.6+/-2.3)e+03,(6.6+/-2.3)e+03,(6.6+/-2.3)e+03,(6.6+/-2.3)e+03,(6.6+/-2.3)e+03,(6.6+/-2.3)e+03,(6.6+/-2.3)e+03,(6.6+/-2.3)e+03,(6.6+/-2.3)e+03,(6.6+/-2.3)e+03,(6.6+/-2.3)e+03,(6.6+/-2.3)e+03,(6.6+/-2.3)e+03,(6.6+/-2.3)e+03,(6.6+/-2.3)e+03,(6.6+/-2.3)e+03,(6.6+/-2.3)e+03,(6.6+/-2.3)e+03,(6.6+/-2.3)e+03,(6.6+/-2.3)e+03,(6.6+/-2.3)e+03,(6.6+/-2.3)e+03,(6.6+/-2.3)e+03,(6.6+/-2.3)e+03,(6.6+/-2.3)e+03,(6.6+/-2.3)e+03,(6.6+/-2.3)e+03,(6.6+/-2.3)e+03
Seychelles,10459,23812,0,0,0,0,(6.6+/-2.3)e+03,(6.6+/-2.3)e+03,(6.6+/-2.3)e+03,(6.6+/-2.3)e+03,(6.6+/-2.3)e+03,(6.6+/-2.3)e+03,(6.6+/-2.3)e+03,(6.6+/-2.3)e+03,(6.6+/-2.3)e+03,(6.6+/-2.3)e+03,(6.6+/-2.3)e+03,(6.6+/-2.3)e+03,(6.6+/-2.3)e+03,(6.6+/-2.3)e+03,(6.6+/-2.3)e+03,(6.6+/-2.3)e+03,(6.6+/-2.3)e+03,(6.6+/-2.3)e+03,(6.6+/-2.3)e+03,(6.6+/-2.3)e+03,(6.6+/-2.3)e+03,(6.6+/-2.3)e+03,(6.6+/-2.3)e+03,(6.6+/-2.3)e+03,(6.6+/-2.3)e+03,(6.6+/-2.3)e+03,(6.6+/-2.3)e+03,(6.6+/-2.3)e+03,(6.6+/-2.3)e+03,(6.6+/-2.3)e+03,(6.6+/-2.3)e+03,(6.6+/-2.3)e+03,(6.6+/-2.3)e+03,(6.6+/-2.3)e+03,(6.6+/-2.3)e+03,(6.6+/-2.3)e+03,(6.6+/-2.3)e+03,(6.6+/-2.3)e+03,(6.6+/-2.3)e+03,(6.6+/-2.3)e+03,(6.6+/-2.3)e+03,(6.6+/-2.3)e+03,(6.6+/-2.3)e+03,(6.6+/-2.3)e+03,(6.6+/-2.3)e+03,(6.6+/-2.3)e+03,(6.6+/-2.3)e+03,(6.6+/-2.3)e+03,(6.6+/-2.3)e+03
Syria,702201,1752718,0,0,0,0,(6.6+/-2.3)e+03,(6.6+/-2.3)e+03,(6.6+/-2.3)e+03,(6.6+/-2.3)e+03,(6.6+/-2.3)e+03,(6.6+/-2.3)e+03,(6.6+/-2.3)e+03,(6.6+/-2.3)e+03,(6.6+/-2.3)e+03,(6.6+/-2.3)e+03,(6.6+/-2.3)e+03,(6.6+/-2.3)e+03,(6.6+/-2.3)e+03,(6.6+/-2.3)e+03,(6.6+/-2.3)e+03,(6.6+/-2.3)e+03,(6.6+/-2.3)e+03,(6.6+/-2.3)e+03,(6.6+/-2.3)e+03,(6.6+/-2.3)e+03,(6.6+/-2.3)e+03,(6.6+/-2.3)e+03,(6.6+/-2.3)e+03,(6.6+/-2.3)e+03,(6.6+/-2.3)e+03,(6.6+/-2.3)e+03,(6.6+/-2.3)e+03,(6.6+/-2.3)e+03,(6.6+/-2.3)e+03,(6.6+/-2.3)e+03,(6.6+/-2.3)e+03,(6.6+/-2.3)e+03,(6.6+/-2.3)e+03,(6.6+/-2.3)e+03,(6.6+/-2.3)e+03,(6.6+/-2.3)e+03,(6.6+/-2.3)e+03,(6.6+/-2.3)e+03,(6.6+/-2.3)e+03,(6.6+/-2.3)e+03,(6.6+/-2.3)e+03,(6.6+/-2.3)e+03,(6.6+/-2.3)e+03,(6.6+/-2.3)e+03,(6.6+/-2.3)e+03,(6.6+/-2.3)e+03,(6.6+/-2.3)e+03,(6.6+/-2.3)e+03,(6.6+/-2.3)e+03
Turks and Caicos Islands,0,0,0,0,0,0,(6.6+/-2.3)e+03,(6.6+/-2.3)e+03,(6.6+/-2.3)e+03,(6.6+/-2.3)e+03,(6.6+/-2.3)e+03,(6.6+/-2.3)e+03,(6.6+/-2.3)e+03,(6.6+/-2.3)e+03,(6.6+/-2.3)e+03,(6.6+/-2.3)e+03,(6.6+/-2.3)e+03,(6.6+/-2.3)e+03,(6.6+/-2.3)e+03,(6.6+/-2.3)e+03,(6.6+/-2.3)e+03,(6.6+/-2.3)e+03,(6.6+/-2.3)e+03,(6.6+/-2.3)e+03,(6.6+/-2.3)e+03,(6.6+/-2.3)e+03,(6.6+/-2.3)e+03,(6.6+/-2.3)e+03,(6.6+/-2.3)e+03,(6.6+/-2.3)e+03,(6.6+/-2.3)e+03,(6.6+/-2.3)e+03,(6.6+/-2.3)e+03,(6.6+/-2.3)e+03,(6.6+/-2.3)e+03,(6.6+/-2.3)e+03,(6.6+/-2.3)e+03,(6.6+/-2.3)e+03,(6.6+/-2.3)e+03,(6.6+/-2.3)e+03,(6.6+/-2.3)e+03,(6.6+/-2.3)e+03,(6.6+/-2.3)e+03,(6.6+/-2.3)e+03,(6.6+/-2.3)e+03,(6.6+/-2.3)e+03,(6.6+/-2.3)e+03,(6.6+/-2.3)e+03,(6.6+/-2.3)e+03,(6.6+/-2.3)e+03,(6.6+/-2.3)e+03,(6.6+/-2.3)e+03,(6.6+/-2.3)e+03,(6.6+/-2.3)e+03,(6.6+/-2.3)e+03
Chad,599152,1849986,0,0,0,0,(6.6+/-2.3)e+03,(6.6+/-2.3)e+03,(6.6+/-2.3)e+03,(6.6+/-2.3)e+03,(6.6+/-2.3)e+03,(6.6+/-2.3)e+03,(6.6+/-2.3)e+03,(6.6+/-2.3)e+03,(6.6+/-2.3)e+03,(6.6+/-2.3)e+03,(6.6+/-2.3)e+03,(6.6+/-2.3)e+03,(6.6+/-2.3)e+03,(6.6+/-2.3)e+03,(6.6+/-2.3)e+03,(6.6+/-2.3)e+03,(6.6+/-2.3)e+03,(6.6+/-2.3)e+03,(6.6+/-2.3)e+03,(6.6+/-2.3)e+03,(6.6+/-2.3)e+03,(6.6+/-2.3)e+03,(6.6+/-2.3)e+03,(6.6+/-2.3)e+03,(6.6+/-2.3)e+03,(6.6+/-2.3)e+03,(6.6+/-2.3)e+03,(6.6+/-2.3)e+03,(6.6+/-2.3)e+03,(6.6+/-2.3)e+03,(6.6+/-2.3)e+03,(6.6+/-2.3)e+03,(6.6+/-2.3)e+03,(6.6+/-2.3)e+03,(6.6+/-2.3)e+03,(6.6+/-2.3)e+03,(6.6+/-2.3)e+03,(6.6+/-2.3)e+03,(6.6+/-2.3)e+03,(6.6+/-2.3)e+03,(6.6+/-2.3)e+03,(6.6+/-2.3)e+03,(6.6+/-2.3)e+03,(6.6+/-2.3)e+03,(6.6+/-2.3)e+03,(6.6+/-2.3)e+03,(6.6+/-2.3)e+03,(6.6+/-2.3)e+03,(6.6+/-2.3)e+03
Togo,354347,1108730,0,0,0,0,(6.6+/-2.3)e+03,(6.6+/-2.3)e+03,(6.6+/-2.3)e+03,(6.6+/-2.3)e+03,(6.6+/-2.3)e+03,(6.6+/-2.3)e+03,(6.6+/-2.3)e+03,(6.6+/-2.3)e+03,(6.6+/-2.3)e+03,(6.6+/-2.3)e+03,(6.6+/-2.3)e+03,(6.6+/-2.3)e+03,(6.6+/-2.3)e+03,(6.6+/-2.3)e+03,(6.6+/-2.3)e+03,(6.6+/-2.3)e+03,(6.6+/-2.3)e+03,(6.6+/-2.3)e+03,(6.6+/-2.3)e+03,(6.6+/-2.3)e+03,(6.6+/-2.3)e+03,(6.6+/-2.3)e+03,(6.6+/-2.3)e+03,(6.6+/-2.3)e+03,(6.6+/-2.3)e+03,(6.6+/-2.3)e+03,(6.6+/-2.3)e+03,(6.6+/-2.3)e+03,(6.6+/-2.3)e+03,(6.6+/-2.3)e+03,(6.6+/-2.3)e+03,(6.6+/-2.3)e+03,(6.6+/-2.3)e+03,(6.6+/-2.3)e+03,(6.6+/-2.3)e+03,(6.6+/-2.3)e+03,(6.6+/-2.3)e+03,(6.6+/-2.3)e+03,(6.6+/-2.3)e+03,(6.6+/-2.3)e+03,(6.6+/-2.3)e+03,(6.6+/-2.3)e+03,(6.6+/-2.3)e+03,(6.6+/-2.3)e+03,(6.6+/-2.3)e+03,(6.6+/-2.3)e+03,(6.6+/-2.3)e+03,(6.6+/-2.3)e+03,(6.6+/-2.3)e+03
Thailand,5780808,11945257,0,0,0,0,(2.1+/-0.8)e+06,(2.1+/-0.8)e+06,(2.1+/-0.8)e+06,(2.1+/-0.8)e+06,(2.1+/-0.8)e+06,(2.1+/-0.8)e+06,(2.1+/-0.8)e+06,(2.1+/-0.8)e+06,(2.1+/-0.8)e+06,(2.1+/-0.8)e+06,(2.1+/-0.8)e+06,(2.1+/-0.8)e+06,(2.1+/-0.8)e+06,(2.1+/-0.8)e+06,(2.1+/-0.8)e+06,(2.1+/-0.8)e+06,(2.1+/-0.8)e+06,(2.1+/-0.8)e+06,(2.1+/-0.8)e+06,(2.1+/-0.8)e+06,(2.1+/-0.8)e+06,(2.1+/-0.8)e+06,(2.1+/-0.8)e+06,(2.1+/-0.8)e+06,(2.1+/-0.8)e+06,(2.1+/-0.8)e+06,(2.1+/-0.8)e+06,(2.1+/-0.8)e+06,(2.1+/-0.8)e+06,(2.1+/-0.8)e+06,(2.1+/-0.8)e+06,(2.1+/-0.8)e+06,(2.1+/-0.8)e+06,(2.1+/-0.8)e+06,(2.1+/-0.8)e+06,(2.1+/-0.8)e+06,(2.1+/-0.8)e+06,(2.1+/-0.8)e+06,(2.1+/-0.8)e+06,(2.1+/-0.8)e+06,(2.1+/-0.8)e+06,(2.1+/-0.8)e+06,(2.1+/-0.8)e+06,(2.1+/-0.8)e+06,(2.1+/-0.8)e+06,(2.1+/-0.8)e+06,(2.1+/-0.8)e+06,(2.1+/-0.8)e+06,(2.1+/-0.8)e+06
Tajikistan,258092,625838,0,0,0,0,(1.4+/-0.5)e+05,(1.4+/-0.5)e+05,(1.4+/-0.5)e+05,(1.4+/-0.5)e+05,(1.4+/-0.5)e+05,(1.4+/-0.5)e+05,(1.4+/-0.5)e+05,(1.4+/-0.5)e+05,(1.4+/-0.5)e+05,(1.4+/-0.5)e+05,(1.4+/-0.5)e+05,(1.4+/-0.5)e+05,(1.4+/-0.5)e+05,(1.4+/-0.5)e+05,(1.4+/-0.5)e+05,(1.4+/-0.5)e+05,(1.4+/-0.5)e+05,(1.4+/-0.5)e+05,(1.4+/-0.5)e+05,(1.4+/-0.5)e+05,(1.4+/-0.5)e+05,(1.4+/-0.5)e+05,(1.4+/-0.5)e+05,(1.4+/-0.5)e+05,(1.4+/-0.5)e+05,(1.4+/-0.5)e+05,(1.4+/-0.5)e+05,(1.4+/-0.5)e+05,(1.4+/-0.5)e+05,(1.4+/-0.5)e+05,(1.4+/-0.5)e+05,(1.4+/-0.5)e+05,(1.4+/-0.5)e+05,(1.4+/-0.5)e+05,(1.4+/-0.5)e+05,(1.4+/-0.5)e+05,(1.4+/-0.5)e+05,(1.4+/-0.5)e+05,(1.4+/-0.5)e+05,(1.4+/-0.5)e+05,(1.4+/-0.5)e+05,(1.4+/-0.5)e+05,(1.4+/-0.5)e+05,(1.4+/-0.5)e+05,(1.4+/-0.5)e+05,(1.4+/-0.5)e+05,(1.4+/-0.5)e+05,(1.4+/-0.5)e+05,(1.4+/-0.5)e+05
Turkmenistan,246202,466556,0,0,0,0,(6.6+/-2.3)e+03,(6.6+/-2.3)e+03,(6.6+/-2.3)e+03,(6.6+/-2.3)e+03,(6.6+/-2.3)e+03,(6.6+/-2.3)e+03,(6.6+/-2.3)e+03,(6.6+/-2.3)e+03,(6.6+/-2.3)e+03,(6.6+/-2.3)e+03,(6.6+/-2.3)e+03,(6.6+/-2.3)e+03,(6.6+/-2.3)e+03,(6.6+/-2.3)e+03,(6.6+/-2.3)e+03,(6.6+/-2.3)e+03,(6.6+/-2.3)e+03,(6.6+/-2.3)e+03,(6.6+/-2.3)e+03,(6.6+/-2.3)e+03,(6.6+/-2.3)e+03,(6.6+/-2.3)e+03,(6.6+/-2.3)e+03,(6.6+/-2.3)e+03,(6.6+/-2.3)e+03,(6.6+/-2.3)e+03,(6.6+/-2.3)e+03,(6.6+/-2.3)e+03,(6.6+/-2.3)e+03,(6.6+/-2.3)e+03,(6.6+/-2.3)e+03,(6.6+/-2.3)e+03,(6.6+/-2.3)e+03,(6.6+/-2.3)e+03,(6.6+/-2.3)e+03,(6.6+/-2.3)e+03,(6.6+/-2.3)e+03,(6.6+/-2.3)e+03,(6.6+/-2.3)e+03,(6.6+/-2.3)e+03,(6.6+/-2.3)e+03,(6.6+/-2.3)e+03,(6.6+/-2.3)e+03,(6.6+/-2.3)e+03,(6.6+/-2.3)e+03,(6.6+/-2.3)e+03,(6.6+/-2.3)e+03,(6.6+/-2.3)e+03,(6.6+/-2.3)e+03
Timor-Leste,65995,135910,0,0,0,0,(6.6+/-2.3)e+03,(6.6+/-2.3)e+03,(6.6+/-2.3)e+03,(6.6+/-2.3)e+03,(6.6+/-2.3)e+03,(6.6+/-2.3)e+03,(6.6+/-2.3)e+03,(6.6+/-2.3)e+03,(6.6+/-2.3)e+03,(6.6+/-2.3)e+03,(6.6+/-2.3)e+03,(6.6+/-2.3)e+03,(6.6+/-2.3)e+03,(6.6+/-2.3)e+03,(6.6+/-2.3)e+03,(6.6+/-2.3)e+03,(6.6+/-2.3)e+03,(6.6+/-2.3)e+03,(6.6+/-2.3)e+03,(6.6+/-2.3)e+03,(6.6+/-2.3)e+03,(6.6+/-2.3)e+03,(6.6+/-2.3)e+03,(6.6+/-2.3)e+03,(6.6+/-2.3)e+03,(6.6+/-2.3)e+03,(6.6+/-2.3)e+03,(6.6+/-2.3)e+03,(6.6+/-2.3)e+03,(6.6+/-2.3)e+03,(6.6+/-2.3)e+03,(6.6+/-2.3)e+03,(6.6+/-2.3)e+03,(6.6+/-2.3)e+03,(6.6+/-2.3)e+03,(6.6+/-2.3)e+03,(6.6+/-2.3)e+03,(6.6+/-2.3)e+03,(6.6+/-2.3)e+03,(6.6+/-2.3)e+03,(6.6+/-2.3)e+03,(6.6+/-2.3)e+03,(6.6+/-2.3)e+03,(6.6+/-2.3)e+03,(6.6+/-2.3)e+03,(6.6+/-2.3)e+03,(6.6+/-2.3)e+03,(6.6+/-2.3)e+03,(6.6+/-2.3)e+03
Tonga,2571,6573,0,0,0,0,(6.6+/-2.3)e+03,(6.6+/-2.3)e+03,(6.6+/-2.3)e+03,(6.6+/-2.3)e+03,(6.6+/-2.3)e+03,(6.6+/-2.3)e+03,(6.6+/-2.3)e+03,(6.6+/-2.3)e+03,(6.6+/-2.3)e+03,(6.6+/-2.3)e+03,(6.6+/-2.3)e+03,(6.6+/-2.3)e+03,(6.6+/-2.3)e+03,(6.6+/-2.3)e+03,(6.6+/-2.3)e+03,(6.6+/-2.3)e+03,(6.6+/-2.3)e+03,(6.6+/-2.3)e+03,(6.6+/-2.3)e+03,(6.6+/-2.3)e+03,(6.6+/-2.3)e+03,(6.6+/-2.3)e+03,(6.6+/-2.3)e+03,(6.6+/-2.3)e+03,(6.6+/-2.3)e+03,(6.6+/-2.3)e+03,(6.6+/-2.3)e+03,(6.6+/-2.3)e+03,(6.6+/-2.3)e+03,(6.6+/-2.3)e+03,(6.6+/-2.3)e+03,(6.6+/-2.3)e+03,(6.6+/-2.3)e+03,(6.6+/-2.3)e+03,(6.6+/-2.3)e+03,(6.6+/-2.3)e+03,(6.6+/-2.3)e+03,(6.6+/-2.3)e+03,(6.6+/-2.3)e+03,(6.6+/-2.3)e+03,(6.6+/-2.3)e+03,(6.6+/-2.3)e+03,(6.6+/-2.3)e+03,(6.6+/-2.3)e+03,(6.6+/-2.3)e+03,(6.6+/-2.3)e+03,(6.6+/-2.3)e+03,(6.6+/-2.3)e+03,(6.6+/-2.3)e+03
Trinidad and Tobago,38998,108609,0,0,0,0,(6.6+/-2.3)e+03,(6.6+/-2.3)e+03,(6.6+/-2.3)e+03,(6.6+/-2.3)e+03,(6.6+/-2.3)e+03,(6.6+/-2.3)e+03,(6.6+/-2.3)e+03,(6.6+/-2.3)e+03,(6.6+/-2.3)e+03,(6.6+/-2.3)e+03,(6.6+/-2.3)e+03,(6.6+/-2.3)e+03,(6.6+/-2.3)e+03,(6.6+/-2.3)e+03,(6.6+/-2.3)e+03,(6.6+/-2.3)e+03,(6.6+/-2.3)e+03,(6.6+/-2.3)e+03,(6.6+/-2.3)e+03,(6.6+/-2.3)e+03,(6.6+/-2.3)e+03,(6.6+/-2.3)e+03,(6.6+/-2.3)e+03,(6.6+/-2.3)e+03,(6.6+/-2.3)e+03,(6.6+/-2.3)e+03,(6.6+/-2.3)e+03,(6.6+/-2.3)e+03,(6.6+/-2.3)e+03,(6.6+/-2.3)e+03,(6.6+/-2.3)e+03,(6.6+/-2.3)e+03,(6.6+/-2.3)e+03,(6.6+/-2.3)e+03,(6.6+/-2.3)e+03,(6.6+/-2.3)e+03,(6.6+/-2.3)e+03,(6.6+/-2.3)e+03,(6.6+/-2.3)e+03,(6.6+/-2.3)e+03,(6.6+/-2.3)e+03,(6.6+/-2.3)e+03,(6.6+/-2.3)e+03,(6.6+/-2.3)e+03,(6.6+/-2.3)e+03,(6.6+/-2.3)e+03,(6.6+/-2.3)e+03,(6.6+/-2.3)e+03,(6.6+/-2.3)e+03
Tunisia,507490,1040573,0,0,0,0,(6.6+/-2.3)e+03,(6.6+/-2.3)e+03,(6.6+/-2.3)e+03,(6.6+/-2.3)e+03,(6.6+/-2.3)e+03,(6.6+/-2.3)e+03,(6.6+/-2.3)e+03,(6.6+/-2.3)e+03,(6.6+/-2.3)e+03,(6.6+/-2.3)e+03,(6.6+/-2.3)e+03,(6.6+/-2.3)e+03,(6.6+/-2.3)e+03,(6.6+/-2.3)e+03,(6.6+/-2.3)e+03,(6.6+/-2.3)e+03,(6.6+/-2.3)e+03,(6.6+/-2.3)e+03,(6.6+/-2.3)e+03,(6.6+/-2.3)e+03,(6.6+/-2.3)e+03,(6.6+/-2.3)e+03,(6.6+/-2.3)e+03,(6.6+/-2.3)e+03,(6.6+/-2.3)e+03,(6.6+/-2.3)e+03,(6.6+/-2.3)e+03,(6.6+/-2.3)e+03,(6.6+/-2.3)e+03,(6.6+/-2.3)e+03,(6.6+/-2.3)e+03,(6.6+/-2.3)e+03,(6.6+/-2.3)e+03,(6.6+/-2.3)e+03,(6.6+/-2.3)e+03,(6.6+/-2.3)e+03,(6.6+/-2.3)e+03,(6.6+/-2.3)e+03,(6.6+/-2.3)e+03,(6.6+/-2.3)e+03,(6.6+/-2.3)e+03,(6.6+/-2.3)e+03,(6.6+/-2.3)e+03,(6.6+/-2.3)e+03,(6.6+/-2.3)e+03,(6.6+/-2.3)e+03,(6.6+/-2.3)e+03,(6.6+/-2.3)e+03,(6.6+/-2.3)e+03
Türkiye,4166398,9173902,0,0,0,0,(6.9+/-2.6)e+06,(6.9+/-2.6)e+06,(6.9+/-2.6)e+06,(6.9+/-2.6)e+06,(6.9+/-2.6)e+06,(6.9+/-2.6)e+06,(6.9+/-2.6)e+06,(6.9+/-2.6)e+06,(6.9+/-2.6)e+06,(6.9+/-2.6)e+06,(6.9+/-2.6)e+06,(6.9+/-2.6)e+06,(6.9+/-2.6)e+06,(6.9+/-2.6)e+06,(6.9+/-2.6)e+06,(6.9+/-2.6)e+06,(6.9+/-2.6)e+06,(6.9+/-2.6)e+06,(6.9+/-2.6)e+06,(6.9+/-2.6)e+06,(6.9+/-2.6)e+06,(6.9+/-2.6)e+06,(6.9+/-2.6)e+06,(6.9+/-2.6)e+06,(6.9+/-2.6)e+06,(6.9+/-2.6)e+06,(6.9+/-2.6)e+06,(6.9+/-2.6)e+06,(6.9+/-2.6)e+06,(6.9+/-2.6)e+06,(6.9+/-2.6)e+06,(6.9+/-2.6)e+06,(6.9+/-2.6)e+06,(6.9+/-2.6)e+06,(6.9+/-2.6)e+06,(6.9+/-2.6)e+06,(6.9+/-2.6)e+06,(6.9+/-2.6)e+06,(6.9+/-2.6)e+06,(6.9+/-2.6)e+06,(6.9+/-2.6)e+06,(6.9+/-2.6)e+06,(6.9+/-2.6)e+06,(6.9+/-2.6)e+06,(6.9+/-2.6)e+06,(6.9+/-2.6)e+06,(6.9+/-2.6)e+06,(6.9+/-2.6)e+06,(6.9+/-2.6)e+06
Tuvalu,761,1568,0,0,0,0,(6.6+/-2.3)e+03,(6.6+/-2.3)e+03,(6.6+/-2.3)e+03,(6.6+/-2.3)e+03,(6.6+/-2.3)e+03,(6.6+/-2.3)e+03,(6.6+/-2.3)e+03,(6.6+/-2.3)e+03,(6.6+/-2.3)e+03,(6.6+/-2.3)e+03,(6.6+/-2.3)e+03,(6.6+/-2.3)e+03,(6.6+/-2.3)e+03,(6.6+/-2.3)e+03,(6.6+/-2.3)e+03,(6.6+/-2.3)e+03,(6.6+/-2.3)e+03,(6.6+/-2.3)e+03,(6.6+/-2.3)e+03,(6.6+/-2.3)e+03,(6.6+/-2.3)e+03,(6.6+/-2.3)e+03,(6.6+/-2.3)e+03,(6.6+/-2.3)e+03,(6.6+/-2.3)e+03,(6.6+/-2.3)e+03,(6.6+/-2.3)e+03,(6.6+/-2.3)e+03,(6.6+/-2.3)e+03,(6.6+/-2.3)e+03,(6.6+/-2.3)e+03,(6.6+/-2.3)e+03,(6.6+/-2.3)e+03,(6.6+/-2.3)e+03,(6.6+/-2.3)e+03,(6.6+/-2.3)e+03,(6.6+/-2.3)e+03,(6.6+/-2.3)e+03,(6.6+/-2.3)e+03,(6.6+/-2.3)e+03,(6.6+/-2.3)e+03,(6.6+/-2.3)e+03,(6.6+/-2.3)e+03,(6.6+/-2.3)e+03,(6.6+/-2.3)e+03,(6.6+/-2.3)e+03,(6.6+/-2.3)e+03,(6.6+/-2.3)e+03,(6.6+/-2.3)e+03
Tanzania,7540315,9433518,0,0,0,0,(6.6+/-2.3)e+03,(6.6+/-2.3)e+03,(6.6+/-2.3)e+03,(6.6+/-2.3)e+03,(6.6+/-2.3)e+03,(6.6+/-2.3)e+03,(6.6+/-2.3)e+03,(6.6+/-2.3)e+03,(6.6+/-2.3)e+03,(6.6+/-2.3)e+03,(6.6+/-2.3)e+03,(6.6+/-2.3)e+03,(6.6+/-2.3)e+03,(6.6+/-2.3)e+03,(6.6+/-2.3)e+03,(6.6+/-2.3)e+03,(6.6+/-2.3)e+03,(6.6+/-2.3)e+03,(6.6+/-2.3)e+03,(6.6+/-2.3)e+03,(6.6+/-2.3)e+03,(6.6+/-2.3)e+03,(6.6+/-2.3)e+03,(6.6+/-2.3)e+03,(6.6+/-2.3)e+03,(6.6+/-2.3)e+03,(6.6+/-2.3)e+03,(6.6+/-2.3)e+03,(6.6+/-2.3)e+03,(6.6+/-2.3)e+03,(6.6+/-2.3)e+03,(6.6+/-2.3)e+03,(6.6+/-2.3)e+03,(6.6+/-2.3)e+03,(6.6+/-2.3)e+03,(6.6+/-2.3)e+03,(6.6+/-2.3)e+03,(6.6+/-2.3)e+03,(6.6+/-2.3)e+03,(6.6+/-2.3)e+03,(6.6+/-2.3)e+03,(6.6+/-2.3)e+03,(6.6+/-2.3)e+03,(6.6+/-2.3)e+03,(6.6+/-2.3)e+03,(6.6+/-2.3)e+03,(6.6+/-2.3)e+03,(6.6+/-2.3)e+03,(6.6+/-2.3)e+03
Uganda,1791039,4099647,0,0,0,0,(6.6+/-2.3)e+03,(6.6+/-2.3)e+03,(6.6+/-2.3)e+03,(6.6+/-2.3)e+03,(6.6+/-2.3)e+03,(6.6+/-2.3)e+03,(6.6+/-2.3)e+03,(6.6+/-2.3)e+03,(6.6+/-2.3)e+03,(6.6+/-2.3)e+03,(6.6+/-2.3)e+03,(6.6+/-2.3)e+03,(6.6+/-2.3)e+03,(6.6+/-2.3)e+03,(6.6+/-2.3)e+03,(6.6+/-2.3)e+03,(6.6+/-2.3)e+03,(6.6+/-2.3)e+03,(6.6+/-2.3)e+03,(6.6+/-2.3)e+03,(6.6+/-2.3)e+03,(6.6+/-2.3)e+03,(6.6+/-2.3)e+03,(6.6+/-2.3)e+03,(6.6+/-2.3)e+03,(6.6+/-2.3)e+03,(6.6+/-2.3)e+03,(6.6+/-2.3)e+03,(6.6+/-2.3)e+03,(6.6+/-2.3)e+03,(6.6+/-2.3)e+03,(6.6+/-2.3)e+03,(6.6+/-2.3)e+03,(6.6+/-2.3)e+03,(6.6+/-2.3)e+03,(6.6+/-2.3)e+03,(6.6+/-2.3)e+03,(6.6+/-2.3)e+03,(6.6+/-2.3)e+03,(6.6+/-2.3)e+03,(6.6+/-2.3)e+03,(6.6+/-2.3)e+03,(6.6+/-2.3)e+03,(6.6+/-2.3)e+03,(6.6+/-2.3)e+03,(6.6+/-2.3)e+03,(6.6+/-2.3)e+03,(6.6+/-2.3)e+03,(6.6+/-2.3)e+03
Ukraine,2283244,5142901,0,0,0,0,(1.6+/-0.6)e+06,(1.6+/-0.6)e+06,(1.6+/-0.6)e+06,(1.6+/-0.6)e+06,(1.6+/-0.6)e+06,(1.6+/-0.6)e+06,(1.6+/-0.6)e+06,(1.6+/-0.6)e+06,(1.6+/-0.6)e+06,(1.6+/-0.6)e+06,(1.6+/-0.6)e+06,(1.6+/-0.6)e+06,(1.6+/-0.6)e+06,(1.6+/-0.6)e+06,(1.6+/-0.6)e+06,(1.6+/-0.6)e+06,(1.6+/-0.6)e+06,(1.6+/-0.6)e+06,(1.6+/-0.6)e+06,(1.6+/-0.6)e+06,(1.6+/-0.6)e+06,(1.6+/-0.6)e+06,(1.6+/-0.6)e+06,(1.6+/-0.6)e+06,(1.6+/-0.6)e+06,(1.6+/-0.6)e+06,(1.6+/-0.6)e+06,(1.6+/-0.6)e+06,(1.6+/-0.6)e+06,(1.6+/-0.6)e+06,(1.6+/-0.6)e+06,(1.6+/-0.6)e+06,(1.6+/-0.6)e+06,(1.6+/-0.6)e+06,(1.6+/-0.6)e+06,(1.6+/-0.6)e+06,(1.6+/-0.6)e+06,(1.6+/-0.6)e+06,(1.6+/-0.6)e+06,(1.6+/-0.6)e+06,(1.6+/-0.6)e+06,(1.6+/-0.6)e+06,(1.6+/-0.6)e+06,(1.6+/-0.6)e+06,(1.6+/-0.6)e+06,(1.6+/-0.6)e+06,(1.6+/-0.6)e+06,(1.6+/-0.6)e+06,(1.6+/-0.6)e+06
Uruguay,166060,443160,0,0,0,0,(6.6+/-2.3)e+03,(6.6+/-2.3)e+03,(6.6+/-2.3)e+03,(6.6+/-2.3)e+03,(6.6+/-2.3)e+03,(6.6+/-2.3)e+03,(6.6+/-2.3)e+03,(6.6+/-2.3)e+03,(6.6+/-2.3)e+03,(6.6+/-2.3)e+03,(6.6+/-2.3)e+03,(6.6+/-2.3)e+03,(6.6+/-2.3)e+03,(6.6+/-2.3)e+03,(6.6+/-2.3)e+03,(6.6+/-2.3)e+03,(6.6+/-2.3)e+03,(6.6+/-2.3)e+03,(6.6+/-2.3)e+03,(6.6+/-2.3)e+03,(6.6+/-2.3)e+03,(6.6+/-2.3)e+03,(6.6+/-2.3)e+03,(6.6+/-2.3)e+03,(6.6+/-2.3)e+03,(6.6+/-2.3)e+03,(6.6+/-2.3)e+03,(6.6+/-2.3)e+03,(6.6+/-2.3)e+03,(6.6+/-2.3)e+03,(6.6+/-2.3)e+03,(6.6+/-2.3)e+03,(6.6+/-2.3)e+03,(6.6+/-2.3)e+03,(6.6+/-2.3)e+03,(6.6+/-2.3)e+03,(6.6+/-2.3)e+03,(6.6+/-2.3)e+03,(6.6+/-2.3)e+03,(6.6+/-2.3)e+03,(6.6+/-2.3)e+03,(6.6+/-2.3)e+03,(6.6+/-2.3)e+03,(6.6+/-2.3)e+03,(6.6+/-2.3)e+03,(6.6+/-2.3)e+03,(6.6+/-2.3)e+03,(6.6+/-2.3)e+03,(6.6+/-2.3)e+03
United States,14875379,35171707,0,0,0,0,(6.4+/-2.4)e+07,(6.4+/-2.4)e+07,(6.4+/-2.4)e+07,(6.4+/-2.4)e+07,(6.4+/-2.4)e+07,(6.4+/-2.4)e+07,(6.4+/-2.4)e+07,(6.4+/-2.4)e+07,(6.4+/-2.4)e+07,(6.4+/-2.4)e+07,(6.4+/-2.4)e+07,(6.4+/-2.4)e+07,(6.4+/-2.4)e+07,(6.4+/-2.4)e+07,(6.4+/-2.4)e+07,(6.4+/-2.4)e+07,(6.4+/-2.4)e+07,(6.4+/-2.4)e+07,(6.4+/-2.4)e+07,(6.4+/-2.4)e+07,(6.4+/-2.4)e+07,(6.4+/-2.4)e+07,(6.4+/-2.4)e+07,(6.4+/-2.4)e+07,(6.4+/-2.4)e+07,(6.4+/-2.4)e+07,(6.4+/-2.4)e+07,(6.4+/-2.4)e+07,(6.4+/-2.4)e+07,(6.4+/-2.4)e+07,(6.4+/-2.4)e+07,(6.4+/-2.4)e+07,(6.4+/-2.4)e+07,(6.4+/-2.4)e+07,(6.4+/-2.4)e+07,(6.4+/-2.4)e+07,(6.4+/-2.4)e+07,(6.4+/-2.4)e+07,(6.4+/-2.4)e+07,(6.4+/-2.4)e+07,(6.4+/-2.4)e+07,(6.4+/-2.4)e+07,(6.4+/-2.4)e+07,(6.4+/-2.4)e+07,(6.4+/-2.4)e+07,(6.4+/-2.4)e+07,(6.4+/-2.4)e+07,(6.4+/-2.4)e+07,(6.4+/-2.4)e+07
Uzbekistan,1513290,3015363,0,0,0,0,(8.4+/-3.1)e+05,(8.4+/-3.1)e+05,(8.4+/-3.1)e+05,(8.4+/-3.1)e+05,(8.4+/-3.1)e+05,(8.4+/-3.1)e+05,(8.4+/-3.1)e+05,(8.4+/-3.1)e+05,(8.4+/-3.1)e+05,(8.4+/-3.1)e+05,(8.4+/-3.1)e+05,(8.4+/-3.1)e+05,(8.4+/-3.1)e+05,(8.4+/-3.1)e+05,(8.4+/-3.1)e+05,(8.4+/-3.1)e+05,(8.4+/-3.1)e+05,(8.4+/-3.1)e+05,(8.4+/-3.1)e+05,(8.4+/-3.1)e+05,(8.4+/-3.1)e+05,(8.4+/-3.1)e+05,(8.4+/-3.1)e+05,(8.4+/-3.1)e+05,(8.4+/-3.1)e+05,(8.4+/-3.1)e+05,(8.4+/-3.1)e+05,(8.4+/-3.1)e+05,(8.4+/-3.1)e+05,(8.4+/-3.1)e+05,(8.4+/-3.1)e+05,(8.4+/-3.1)e+05,(8.4+/-3.1)e+05,(8.4+/-3.1)e+05,(8.4+/-3.1)e+05,(8.4+/-3.1)e+05,(8.4+/-3.1)e+05,(8.4+/-3.1)e+05,(8.4+/-3.1)e+05,(8.4+/-3.1)e+05,(8.4+/-3.1)e+05,(8.4+/-3.1)e+05,(8.4+/-3.1)e+05,(8.4+/-3.1)e+05,(8.4+/-3.1)e+05,(8.4+/-3.1)e+05,(8.4+/-3.1)e+05,(8.4+/-3.1)e+05,(8.4+/-3.1)e+05
St. Vincent and the Grenadines,7267,10513,0,0,0,0,(6.6+/-2.3)e+03,(6.6+/-2.3)e+03,(6.6+/-2.3)e+03,(6.6+/-2.3)e+03,(6.6+/-2.3)e+03,(6.6+/-2.3)e+03,(6.6+/-2.3)e+03,(6.6+/-2.3)e+03,(6.6+/-2.3)e+03,(6.6+/-2.3)e+03,(6.6+/-2.3)e+03,(6.6+/-2.3)e+03,(6.6+/-2.3)e+03,(6.6+/-2.3)e+03,(6.6+/-2.3)e+03,(6.6+/-2.3)e+03,(6.6+/-2.3)e+03,(6.6+/-2.3)e+03,(6.6+/-2.3)e+03,(6.6+/-2.3)e+03,(6.6+/-2.3)e+03,(6.6+/-2.3)e+03,(6.6+/-2.3)e+03,(6.6+/-2.3)e+03,(6.6+/-2.3)e+03,(6.6+/-2.3)e+03,(6.6+/-2.3)e+03,(6.6+/-2.3)e+03,(6.6+/-2.3)e+03,(6.6+/-2.3)e+03,(6.6+/-2.3)e+03,(6.6+/-2.3)e+03,(6.6+/-2.3)e+03,(6.6+/-2.3)e+03,(6.6+/-2.3)e+03,(6.6+/-2.3)e+03,(6.6+/-2.3)e+03,(6.6+/-2.3)e+03,(6.6+/-2.3)e+03,(6.6+/-2.3)e+03,(6.6+/-2.3)e+03,(6.6+/-2.3)e+03,(6.6+/-2.3)e+03,(6.6+/-2.3)e+03,(6.6+/-2.3)e+03,(6.6+/-2.3)e+03,(6.6+/-2.3)e+03,(6.6+/-2.3)e+03,(6.6+/-2.3)e+03
Venezuela,1204305,3030983,0,0,0,0,(6.6+/-2.3)e+03,(6.6+/-2.3)e+03,(6.6+/-2.3)e+03,(6.6+/-2.3)e+03,(6.6+/-2.3)e+03,(6.6+/-2.3)e+03,(6.6+/-2.3)e+03,(6.6+/-2.3)e+03,(6.6+/-2.3)e+03,(6.6+/-2.3)e+03,(6.6+/-2.3)e+03,(6.6+/-2.3)e+03,(6.6+/-2.3)e+03,(6.6+/-2.3)e+03,(6.6+/-2.3)e+03,(6.6+/-2.3)e+03,(6.6+/-2.3)e+03,(6.6+/-2.3)e+03,(6.6+/-2.3)e+03,(6.6+/-2.3)e+03,(6.6+/-2.3)e+03,(6.6+/-2.3)e+03,(6.6+/-2.3)e+03,(6.6+/-2.3)e+03,(6.6+/-2.3)e+03,(6.6+/-2.3)e+03,(6.6+/-2.3)e+03,(6.6+/-2.3)e+03,(6.6+/-2.3)e+03,(6.6+/-2.3)e+03,(6.6+/-2.3)e+03,(6.6+/-2.3)e+03,(6.6+/-2.3)e+03,(6.6+/-2.3)e+03,(6.6+/-2.3)e+03,(6.6+/-2.3)e+03,(6.6+/-2.3)e+03,(6.6+/-2.3)e+03,(6.6+/-2.3)e+03,(6.6+/-2.3)e+03,(6.6+/-2.3)e+03,(6.6+/-2.3)e+03,(6.6+/-2.3)e+03,(6.6+/-2.3)e+03,(6.6+/-2.3)e+03,(6.6+/-2.3)e+03,(6.6+/-2.3)e+03,(6.6+/-2.3)e+03,(6.6+/-2.3)e+03
British Virgin Islands,2241,4984,0,0,0,0,(6.6+/-2.3)e+03,(6.6+/-2.3)e+03,(6.6+/-2.3)e+03,(6.6+/-2.3)e+03,(6.6+/-2.3)e+03,(6.6+/-2.3)e+03,(6.6+/-2.3)e+03,(6.6+/-2.3)e+03,(6.6+/-2.3)e+03,(6.6+/-2.3)e+03,(6.6+/-2.3)e+03,(6.6+/-2.3)e+03,(6.6+/-2.3)e+03,(6.6+/-2.3)e+03,(6.6+/-2.3)e+03,(6.6+/-2.3)e+03,(6.6+/-2.3)e+03,(6.6+/-2.3)e+03,(6.6+/-2.3)e+03,(6.6+/-2.3)e+03,(6.6+/-2.3)e+03,(6.6+/-2.3)e+03,(6.6+/-2.3)e+03,(6.6+/-2.3)e+03,(6.6+/-2.3)e+03,(6.6+/-2.3)e+03,(6.6+/-2.3)e+03,(6.6+/-2.3)e+03,(6.6+/-2.3)e+03,(6.6+/-2.3)e+03,(6.6+/-2.3)e+03,(6.6+/-2.3)e+03,(6.6+/-2.3)e+03,(6.6+/-2.3)e+03,(6.6+/-2.3)e+03,(6.6+/-2.3)e+03,(6.6+/-2.3)e+03,(6.6+/-2.3)e+03,(6.6+/-2.3)e+03,(6.6+/-2.3)e+03,(6.6+/-2.3)e+03,(6.6+/-2.3)e+03,(6.6+/-2.3)e+03,(6.6+/-2.3)e+03,(6.6+/-2.3)e+03,(6.6+/-2.3)e+03,(6.6+/-2.3)e+03,(6.6+/-2.3)e+03,(6.6+/-2.3)e+03
United States Virgin Islands,4808,10693,0,0,0,0,(6.6+/-2.3)e+03,(6.6+/-2.3)e+03,(6.6+/-2.3)e+03,(6.6+/-2.3)e+03,(6.6+/-2.3)e+03,(6.6+/-2.3)e+03,(6.6+/-2.3)e+03,(6.6+/-2.3)e+03,(6.6+/-2.3)e+03,(6.6+/-2.3)e+03,(6.6+/-2.3)e+03,(6.6+/-2.3)e+03,(6.6+/-2.3)e+03,(6.6+/-2.3)e+03,(6.6+/-2.3)e+03,(6.6+/-2.3)e+03,(6.6+/-2.3)e+03,(6.6+/-2.3)e+03,(6.6+/-2.3)e+03,(6.6+/-2.3)e+03,(6.6+/-2.3)e+03,(6.6+/-2.3)e+03,(6.6+/-2.3)e+03,(6.6+/-2.3)e+03,(6.6+/-2.3)e+03,(6.6+/-2.3)e+03,(6.6+/-2.3)e+03,(6.6+/-2.3)e+03,(6.6+/-2.3)e+03,(6.6+/-2.3)e+03,(6.6+/-2.3)e+03,(6.6+/-2.3)e+03,(6.6+/-2.3)e+03,(6.6+/-2.3)e+03,(6.6+/-2.3)e+03,(6.6+/-2.3)e+03,(6.6+/-2.3)e+03,(6.6+/-2.3)e+03,(6.6+/-2.3)e+03,(6.6+/-2.3)e+03,(6.6+/-2.3)e+03,(6.6+/-2.3)e+03,(6.6+/-2.3)e+03,(6.6+/-2.3)e+03,(6.6+/-2.3)e+03,(6.6+/-2.3)e+03,(6.6+/-2.3)e+03,(6.6+/-2.3)e+03,(6.6+/-2.3)e+03
Vietnam,6133712,14432256,0,0,0,0,(9.1+/-3.4)e+06,(9.1+/-3.4)e+06,(9.1+/-3.4)e+06,(9.1+/-3.4)e+06,(9.1+/-3.4)e+06,(9.1+/-3.4)e+06,(9.1+/-3.4)e+06,(9.1+/-3.4)e+06,(9.1+/-3.4)e+06,(9.1+/-3.4)e+06,(9.1+/-3.4)e+06,(9.1+/-3.4)e+06,(9.1+/-3.4)e+06,(9.1+/-3.4)e+06,(9.1+/-3.4)e+06,(9.1+/-3.4)e+06,(9.1+/-3.4)e+06,(9.1+/-3.4)e+06,(9.1+/-3.4)e+06,(9.1+/-3.4)e+06,(9.1+/-3.4)e+06,(9.1+/-3.4)e+06,(9.1+/-3.4)e+06,(9.1+/-3.4)e+06,(9.1+/-3.4)e+06,(9.1+/-3.4)e+06,(9.1+/-3.4)e+06,(9.1+/-3.4)e+06,(9.1+/-3.4)e+06,(9.1+/-3.4)e+06,(9.1+/-3.4)e+06,(9.1+/-3.4)e+06,(9.1+/-3.4)e+06,(9.1+/-3.4)e+06,(9.1+/-3.4)e+06,(9.1+/-3.4)e+06,(9.1+/-3.4)e+06,(9.1+/-3.4)e+06,(9.1+/-3.4)e+06,(9.1+/-3.4)e+06,(9.1+/-3.4)e+06,(9.1+/-3.4)e+06,(9.1+/-3.4)e+06,(9.1+/-3.4)e+06,(9.1+/-3.4)e+06,(9.1+/-3.4)e+06,(9.1+/-3.4)e+06,(9.1+/-3.4)e+06,(9.1+/-3.4)e+06
Vanuatu,12036,24404,0,0,0,0,(6.6+/-2.3)e+03,(6.6+/-2.3)e+03,(6.6+/-2.3)e+03,(6.6+/-2.3)e+03,(6.6+/-2.3)e+03,(6.6+/-2.3)e+03,(6.6+/-2.3)e+03,(6.6+/-2.3)e+03,(6.6+/-2.3)e+03,(6.6+/-2.3)e+03,(6.6+/-2.3)e+03,(6.6+/-2.3)e+03,(6.6+/-2.3)e+03,(6.6+/-2.3)e+03,(6.6+/-2.3)e+03,(6.6+/-2.3)e+03,(6.6+/-2.3)e+03,(6.6+/-2.3)e+03,(6.6+/-2.3)e+03,(6.6+/-2.3)e+03,(6.6+/-2.3)e+03,(6.6+/-2.3)e+03,(6.6+/-2.3)e+03,(6.6+/-2.3)e+03,(6.6+/-2.3)e+03,(6.6+/-2.3)e+03,(6.6+/-2.3)e+03,(6.6+/-2.3)e+03,(6.6+/-2.3)e+03,(6.6+/-2.3)e+03,(6.6+/-2.3)e+03,(6.6+/-2.3)e+03,(6.6+/-2.3)e+03,(6.6+/-2.3)e+03,(6.6+/-2.3)e+03,(6.6+/-2.3)e+03,(6.6+/-2.3)e+03,(6.6+/-2.3)e+03,(6.6+/-2.3)e+03,(6.6+/-2.3)e+03,(6.6+/-2.3)e+03,(6.6+/-2.3)e+03,(6.6+/-2.3)e+03,(6.6+/-2.3)e+03,(6.6+/-2.3)e+03,(6.6+/-2.3)e+03,(6.6+/-2.3)e+03,(6.6+/-2.3)e+03,(6.6+/-2.3)e+03
Samoa,5341,12126,0,0,0,0,(6.6+/-2.3)e+03,(6.6+/-2.3)e+03,(6.6+/-2.3)e+03,(6.6+/-2.3)e+03,(6.6+/-2.3)e+03,(6.6+/-2.3)e+03,(6.6+/-2.3)e+03,(6.6+/-2.3)e+03,(6.6+/-2.3)e+03,(6.6+/-2.3)e+03,(6.6+/-2.3)e+03,(6.6+/-2.3)e+03,(6.6+/-2.3)e+03,(6.6+/-2.3)e+03,(6.6+/-2.3)e+03,(6.6+/-2.3)e+03,(6.6+/-2.3)e+03,(6.6+/-2.3)e+03,(6.6+/-2.3)e+03,(6.6+/-2.3)e+03,(6.6+/-2.3)e+03,(6.6+/-2.3)e+03,(6.6+/-2.3)e+03,(6.6+/-2.3)e+03,(6.6+/-2.3)e+03,(6.6+/-2.3)e+03,(6.6+/-2.3)e+03,(6.6+/-2.3)e+03,(6.6+/-2.3)e+03,(6.6+/-2.3)e+03,(6.6+/-2.3)e+03,(6.6+/-2.3)e+03,(6.6+/-2.3)e+03,(6.6+/-2.3)e+03,(6.6+/-2.3)e+03,(6.6+/-2.3)e+03,(6.6+/-2.3)e+03,(6.6+/-2.3)e+03,(6.6+/-2.3)e+03,(6.6+/-2.3)e+03,(6.6+/-2.3)e+03,(6.6+/-2.3)e+03,(6.6+/-2.3)e+03,(6.6+/-2.3)e+03,(6.6+/-2.3)e+03,(6.6+/-2.3)e+03,(6.6+/-2.3)e+03,(6.6+/-2.3)e+03,(6.6+/-2.3)e+03
Kosovo,39632,119820,0,0,0,0,(4.4+/-1.6)e+05,(4.4+/-1.6)e+05,(4.4+/-1.6)e+05,(4.4+/-1.6)e+05,(4.4+/-1.6)e+05,(4.4+/-1.6)e+05,(4.4+/-1.6)e+05,(4.4+/-1.6)e+05,(4.4+/-1.6)e+05,(4.4+/-1.6)e+05,(4.4+/-1.6)e+05,(4.4+/-1.6)e+05,(4.4+/-1.6)e+05,(4.4+/-1.6)e+05,(4.4+/-1.6)e+05,(4.4+/-1.6)e+05,(4.4+/-1.6)e+05,(4.4+/-1.6)e+05,(4.4+/-1.6)e+05,(4.4+/-1.6)e+05,(4.4+/-1.6)e+05,(4.4+/-1.6)e+05,(4.4+/-1.6)e+05,(4.4+/-1.6)e+05,(4.4+/-1.6)e+05,(4.4+/-1.6)e+05,(4.4+/-1.6)e+05,(4.4+/-1.6)e+05,(4.4+/-1.6)e+05,(4.4+/-1.6)e+05,(4.4+/-1.6)e+05,(4.4+/-1.6)e+05,(4.4+/-1.6)e+05,(4.4+/-1.6)e+05,(4.4+/-1.6)e+05,(4.4+/-1.6)e+05,(4.4+/-1.6)e+05,(4.4+/-1.6)e+05,(4.4+/-1.6)e+05,(4.4+/-1.6)e+05,(4.4+/-1.6)e+05,(4.4+/-1.6)e+05,(4.4+/-1.6)e+05,(4.4+/-1.6)e+05,(4.4+/-1.6)e+05,(4.4+/-1.6)e+05,(4.4+/-1.6)e+05,(4.4+/-1.6)e+05,(4.4+/-1.6)e+05
Yemen,660210,1719841,0,0,0,0,(6.6+/-2.3)e+03,(6.6+/-2.3)e+03,(6.6+/-2.3)e+03,(6.6+/-2.3)e+03,(6.6+/-2.3)e+03,(6.6+/-2.3)e+03,(6.6+/-2.3)e+03,(6.6+/-2.3)e+03,(6.6+/-2.3)e+03,(6.6+/-2.3)e+03,(6.6+/-2.3)e+03,(6.6+/-2.3)e+03,(6.6+/-2.3)e+03,(6.6+/-2.3)e+03,(6.6+/-2.3)e+03,(6.6+/-2.3)e+03,(6.6+/-2.3)e+03,(6.6+/-2.3)e+03,(6.6+/-2.3)e+03,(6.6+/-2.3)e+03,(6.6+/-2.3)e+03,(6.6+/-2.3)e+03,(6.6+/-2.3)e+03,(6.6+/-2.3)e+03,(6.6+/-2.3)e+03,(6.6+/-2.3)e+03,(6.6+/-2.3)e+03,(6.6+/-2.3)e+03,(6.6+/-2.3)e+03,(6.6+/-2.3)e+03,(6.6+/-2.3)e+03,(6.6+/-2.3)e+03,(6.6+/-2.3)e+03,(6.6+/-2.3)e+03,(6.6+/-2.3)e+03,(6.6+/-2.3)e+03,(6.6+/-2.3)e+03,(6.6+/-2.3)e+03,(6.6+/-2.3)e+03,(6.6+/-2.3)e+03,(6.6+/-2.3)e+03,(6.6+/-2.3)e+03,(6.6+/-2.3)e+03,(6.6+/-2.3)e+03,(6.6+/-2.3)e+03,(6.6+/-2.3)e+03,(6.6+/-2.3)e+03,(6.6+/-2.3)e+03,(6.6+/-2.3)e+03
South Africa,1719256,4888429,0,0,0,0,(1.5+/-0.6)e+07,(1.5+/-0.6)e+07,(1.5+/-0.6)e+07,(1.5+/-0.6)e+07,(1.5+/-0.6)e+07,(1.5+/-0.6)e+07,(1.5+/-0.6)e+07,(1.5+/-0.6)e+07,(1.5+/-0.6)e+07,(1.5+/-0.6)e+07,(1.5+/-0.6)e+07,(1.5+/-0.6)e+07,(1.5+/-0.6)e+07,(1.5+/-0.6)e+07,(1.5+/-0.6)e+07,(1.5+/-0.6)e+07,(1.5+/-0.6)e+07,(1.5+/-0.6)e+07,(1.5+/-0.6)e+07,(1.5+/-0.6)e+07,(1.5+/-0.6)e+07,(1.5+/-0.6)e+07,(1.5+/-0.6)e+07,(1.5+/-0.6)e+07,(1.5+/-0.6)e+07,(1.5+/-0.6)e+07,(1.5+/-0.6)e+07,(1.5+/-0.6)e+07,(1.5+/-0.6)e+07,(1.5+/-0.6)e+07,(1.5+/-0.6)e+07,(1.5+/-0.6)e+07,(1.5+/-0.6)e+07,(1.5+/-0.6)e+07,(1.5+/-0.6)e+07,(1.5+/-0.6)e+07,(1.5+/-0.6)e+07,(1.5+/-0.6)e+07,(1.5+/-0.6)e+07,(1.5+/-0.6)e+07,(1.5+/-0.6)e+07,(1.5+/-0.6)e+07,(1.5+/-0.6)e+07,(1.5+/-0.6)e+07,(1.5+/-0.6)e+07,(1.5+/-0.6)e+07,(1.5+/-0.6)e+07,(1.5+/-0.6)e+07,(1.5+/-0.6)e+07
Zambia,375049,1184594,0,0,0,0,(1.2+/-0.4)e+05,(1.2+/-0.4)e+05,(1.2+/-0.4)e+05,(1.2+/-0.4)e+05,(1.2+/-0.4)e+05,(1.2+/-0.4)e+05,(1.2+/-0.4)e+05,(1.2+/-0.4)e+05,(1.2+/-0.4)e+05,(1.2+/-0.4)e+05,(1.2+/-0.4)e+05,(1.2+/-0.4)e+05,(1.2+/-0.4)e+05,(1.2+/-0.4)e+05,(1.2+/-0.4)e+05,(1.2+/-0.4)e+05,(1.2+/-0.4)e+05,(1.2+/-0.4)e+05,(1.2+/-0.4)e+05,(1.2+/-0.4)e+05,(1.2+/-0.4)e+05,(1.2+/-0.4)e+05,(1.2+/-0.4)e+05,(1.2+/-0.4)e+05,(1.2+/-0.4)e+05,(1.2+/-0.4)e+05,(1.2+/-0.4)e+05,(1.2+/-0.4)e+05,(1.2+/-0.4)e+05,(1.2+/-0.4)e+05,(1.2+/-0.4)e+05,(1.2+/-0.4)e+05,(1.2+/-0.4)e+05,(1.2+/-0.4)e+05,(1.2+/-0.4)e+05,(1.2+/-0.4)e+05,(1.2+/-0.4)e+05,(1.2+/-0.4)e+05,(1.2+/-0.4)e+05,(1.2+/-0.4)e+05,(1.2+/-0.4)e+05,(1.2+/-0.4)e+05,(1.2+/-0.4)e+05,(1.2+/-0.4)e+05,(1.2+/-0.4)e+05,(1.2+/-0.4)e+05,(1.2+/-0.4)e+05,(1.2+/-0.4)e+05,(1.2+/-0.4)e+05
Zimbabwe,387577,1055573,0,0,0,0,(5.7+/-2.1)e+05,(5.7+/-2.1)e+05,(5.7+/-2.1)e+05,(5.7+/-2.1)e+05,(5.7+/-2.1)e+05,(5.7+/-2.1)e+05,(5.7+/-2.1)e+05,(5.7+/-2.1)e+05,(5.7+/-2.1)e+05,(5.7+/-2.1)e+05,(5.7+/-2.1)e+05,(5.7+/-2.1)e+05,(5.7+/-2.1)e+05,(5.7+/-2.1)e+05,(5.7+/-2.1)e+05,(5.7+/-2.1)e+05,(5.7+/-2.1)e+05,(5.7+/-2.1)e+05,(5.7+/-2.1)e+05,(5.7+/-2.1)e+05,(5.7+/-2.1)e+05,(5.7+/-2.1)e+05,(5.7+/-2.1)e+05,(5.7+/-2.1)e+05,(5.7+/-2.1)e+05,(5.7+/-2.1)e+05,(5.7+/-2.1)e+05,(5.7+/-2.1)e+05,(5.7+/-2.1)e+05,(5.7+/-2.1)e+05,(5.7+/-2.1)e+05,(5.7+/-2.1)e+05,(5.7+/-2.1)e+05,(5.7+/-2.1)e+05,(5.7+/-2.1)e+05,(5.7+/-2.1)e+05,(5.7+/-2.1)e+05,(5.7+/-2.1)e+05,(5.7+/-2.1)e+05,(5.7+/-2.1)e+05,(5.7+/-2.1)e+05,(5.7+/-2.1)e+05,(5.7+/-2.1)e+05,(5.7+/-2.1)e+05,(5.7+/-2.1)e+05,(5.7+/-2.1)e+05,(5.7+/-2.1)e+05,(5.7+/-2.1)e+05,(5.7+/-2.1)e+05
Australia and New Zealand,1514445,3707037,0,0,0,0,(7.8+/-2.9)e+06,(7.8+/-2.9)e+06,(7.8+/-2.9)e+06,(7.8+/-2.9)e+06,(7.8+/-2.9)e+06,(7.8+/-2.9)e+06,(7.8+/-2.9)e+06,(7.8+/-2.9)e+06,(7.8+/-2.9)e+06,(7.8+/-2.9)e+06,(7.8+/-2.9)e+06,(7.8+/-2.9)e+06,(7.8+/-2.9)e+06,(7.8+/-2.9)e+06,(7.8+/-2.9)e+06,(7.8+/-2.9)e+06,(7.8+/-2.9)e+06,(7.8+/-2.9)e+06,(7.8+/-2.9)e+06,(7.8+/-2.9)e+06,(7.8+/-2.9)e+06,(7.8+/-2.9)e+06,(7.8+/-2.9)e+06,(7.8+/-2.9)e+06,(7.8+/-2.9)e+06,(7.8+/-2.9)e+06,(7.8+/-2.9)e+06,(7.8+/-2.9)e+06,(7.8+/-2.9)e+06,(7.8+/-2.9)e+06,(7.8+/-2.9)e+06,(7.8+/-2.9)e+06,(7.8+/-2.9)e+06,(7.8+/-2.9)e+06,(7.8+/-2.9)e+06,(7.8+/-2.9)e+06,(7.8+/-2.9)e+06,(7.8+/-2.9)e+06,(7.8+/-2.9)e+06,(7.8+/-2.9)e+06,(7.8+/-2.9)e+06,(7.8+/-2.9)e+06,(7.8+/-2.9)e+06,(7.8+/-2.9)e+06,(7.8+/-2.9)e+06,(7.8+/-2.9)e+06,(7.8+/-2.9)e+06,(7.8+/-2.9)e+06,(7.8+/-2.9)e+06
Caribbean,1632863,4585422,0,0,0,0,(5.0+/-1.8)e+05,(5.0+/-1.8)e+05,(5.0+/-1.8)e+05,(5.0+/-1.8)e+05,(5.0+/-1.8)e+05,(5.0+/-1.8)e+05,(5.0+/-1.8)e+05,(5.0+/-1.8)e+05,(5.0+/-1.8)e+05,(5.0+/-1.8)e+05,(5.0+/-1.8)e+05,(5.0+/-1.8)e+05,(5.0+/-1.8)e+05,(5.0+/-1.8)e+05,(5.0+/-1.8)e+05,(5.0+/-1.8)e+05,(5.0+/-1.8)e+05,(5.0+/-1.8)e+05,(5.0+/-1.8)e+05,(5.0+/-1.8)e+05,(5.0+/-1.8)e+05,(5.0+/-1.8)e+05,(5.0+/-1.8)e+05,(5.0+/-1.8)e+05,(5.0+/-1.8)e+05,(5.0+/-1.8)e+05,(5.0+/-1.8)e+05,(5.0+/-1.8)e+05,(5.0+/-1.8)e+05,(5.0+/-1.8)e+05,(5.0+/-1.8)e+05,(5.0+/-1.8)e+05,(5.0+/-1.8)e+05,(5.0+/-1.8)e+05,(5.0+/-1.8)e+05,(5.0+/-1.8)e+05,(5.0+/-1.8)e+05,(5.0+/-1.8)e+05,(5.0+/-1.8)e+05,(5.0+/-1.8)e+05,(5.0+/-1.8)e+05,(5.0+/-1.8)e+05,(5.0+/-1.8)e+05,(5.0+/-1.8)e+05,(5.0+/-1.8)e+05,(5.0+/-1.8)e+05,(5.0+/-1.8)e+05,(5.0+/-1.8)e+05,(5.0+/-1.8)e+05
Central America,7431680,22644736,0,0,0,0,(2.0+/-0.7)e+06,(2.0+/-0.7)e+06,(2.0+/-0.7)e+06,(2.0+/-0.7)e+06,(2.0+/-0.7)e+06,(2.0+/-0.7)e+06,(2.0+/-0.7)e+06,(2.0+/-0.7)e+06,(2.0+/-0.7)e+06,(2.0+/-0.7)e+06,(2.0+/-0.7)e+06,(2.0+/-0.7)e+06,(2.0+/-0.7)e+06,(2.0+/-0.7)e+06,(2.0+/-0.7)e+06,(2.0+/-0.7)e+06,(2.0+/-0.7)e+06,(2.0+/-0.7)e+06,(2.0+/-0.7)e+06,(2.0+/-0.7)e+06,(2.0+/-0.7)e+06,(2.0+/-0.7)e+06,(2.0+/-0.7)e+06,(2.0+/-0.7)e+06,(2.0+/-0.7)e+06,(2.0+/-0.7)e+06,(2.0+/-0.7)e+06,(2.0+/-0.7)e+06,(2.0+/-0.7)e+06,(2.0+/-0.7)e+06,(2.0+/-0.7)e+06,(2.0+/-0.7)e+06,(2.0+/-0.7)e+06,(2.0+/-0.7)e+06,(2.0+/-0.7)e+06,(2.0+/-0.7)e+06,(2.0+/-0.7)e+06,(2.0+/-0.7)e+06,(2.0+/-0.7)e+06,(2.0+/-0.7)e+06,(2.0+/-0.7)e+06,(2.0+/-0.7)e+06,(2.0+/-0.7)e+06,(2.0+/-0.7)e+06,(2.0+/-0.7)e+06,(2.0+/-0.7)e+06,(2.0+/-0.7)e+06,(2.0+/-0.7)e+06,(2.0+/-0.7)e+06
Central Asia,3448788,6921160,0,0,0,0,(5.7+/-2.1)e+06,(5.7+/-2.1)e+06,(5.7+/-2.1)e+06,(5.7+/-2.1)e+06,(5.7+/-2.1)e+06,(5.7+/-2.1)e+06,(5.7+/-2.1)e+06,(5.7+/-2.1)e+06,(5.7+/-2.1)e+06,(5.7+/-2.1)e+06,(5.7+/-2.1)e+06,(5.7+/-2.1)e+06,(5.7+/-2.1)e+06,(5.7+/-2.1)e+06,(5.7+/-2.1)e+06,(5.7+/-2.1)e+06,(5.7+/-2.1)e+06,(5.7+/-2.1)e+06,(5.7+/-2.1)e+06,(5.7+/-2.1)e+06,(5.7+/-2.1)e+06,(5.7+/-2.1)e+06,(5.7+/-2.1)e+06,(5.7+/-2.1)e+06,(5.7+/-2.1)e+06,(5.7+/-2.1)e+06,(5.7+/-2.1)e+06,(5.7+/-2.1)e+06,(5.7+/-2.1)e+06,(5.7+/-2.1)e+06,(5.7+/-2.1)e+06,(5.7+/-2.1)e+06,(5.7+/-2.1)e+06,(5.7+/-2.1)e+06,(5.7+/-2.1)e+06,(5.7+/-2.1)e+06,(5.7+/-2.1)e+06,(5.7+/-2.1)e+06,(5.7+/-2.1)e+06,(5.7+/-2.1)e+06,(5.7+/-2.1)e+06,(5.7+/-2.1)e+06,(5.7+/-2.1)e+06,(5.7+/-2.1)e+06,(5.7+/-2.1)e+06,(5.7+/-2.1)e+06,(5.7+/-2.1)e+06,(5.7+/-2.1)e+06,(5.7+/-2.1)e+06
Eastern Africa,22967547,41803383,0,0,0,0,(8.9+/-3.3)e+05,(8.9+/-3.3)e+05,(8.9+/-3.3)e+05,(8.9+/-3.3)e+05,(8.9+/-3.3)e+05,(8.9+/-3.3)e+05,(8.9+/-3.3)e+05,(8.9+/-3.3)e+05,(8.9+/-3.3)e+05,(8.9+/-3.3)e+05,(8.9+/-3.3)e+05,(8.9+/-3.3)e+05,(8.9+/-3.3)e+05,(8.9+/-3.3)e+05,(8.9+/-3.3)e+05,(8.9+/-3.3)e+05,(8.9+/-3.3)e+05,(8.9+/-3.3)e+05,(8.9+/-3.3)e+05,(8.9+/-3.3)e+05,(8.9+/-3.3)e+05,(8.9+/-3.3)e+05,(8.9+/-3.3)e+05,(8.9+/-3.3)e+05,(8.9+/-3.3)e+05,(8.9+/-3.3)e+05,(8.9+/-3.3)e+05,(8.9+/-3.3)e+05,(8.9+/-3.3)e+05,(8.9+/-3.3)e+05,(8.9+/-3.3)e+05,(8.9+/-3.3)e+05,(8.9+/-3.3)e+05,(8.9+/-3.3)e+05,(8.9+/-3.3)e+05,(8.9+/-3.3)e+05,(8.9+/-3.3)e+05,(8.9+/-3.3)e+05,(8.9+/-3.3)e+05,(8.9+/-3.3)e+05,(8.9+/-3.3)e+05,(8.9+/-3.3)e+05,(8.9+/-3.3)e+05,(8.9+/-3.3)e+05,(8.9+/-3.3)e+05,(8.9+/-3.3)e+05,(8.9+/-3.3)e+05,(8.9+/-3.3)e+05,(8.9+/-3.3)e+05
Eastern Asia,99781371,216069227,0,0,0,0,(4.3+/-1.6)e+08,(4.3+/-1.6)e+08,(4.3+/-1.6)e+08,(4.3+/-1.6)e+08,(4.3+/-1.6)e+08,(4.3+/-1.6)e+08,(4.3+/-1.6)e+08,(4.3+/-1.6)e+08,(4.3+/-1.6)e+08,(4.3+/-1.6)e+08,(4.3+/-1.6)e+08,(4.3+/-1.6)e+08,(4.3+/-1.6)e+08,(4.3+/-1.6)e+08,(4.3+/-1.6)e+08,(4.3+/-1.6)e+08,(4.3+/-1.6)e+08,(4.3+/-1.6)e+08,(4.3+/-1.6)e+08,(4.3+/-1.6)e+08,(4.3+/-1.6)e+08,(4.3+/-1.6)e+08,(4.3+/-1.6)e+08,(4.3+/-1.6)e+08,(4.3+/-1.6)e+08,(4.3+/-1.6)e+08,(4.3+/-1.6)e+08,(4.3+/-1.6)e+08,(4.3+/-1.6)e+08,(4.3+/-1.6)e+08,(4.3+/-1.6)e+08,(4.3+/-1.6)e+08,(4.3+/-1.6)e+08,(4.3+/-1.6)e+08,(4.3+/-1.6)e+08,(4.3+/-1.6)e+08,(4.3+/-1.6)e+08,(4.3+/-1.6)e+08,(4.3+/-1.6)e+08,(4.3+/-1.6)e+08,(4.3+/-1.6)e+08,(4.3+/-1.6)e+08,(4.3+/-1.6)e+08,(4.3+/-1.6)e+08,(4.3+/-1.6)e+08,(4.3+/-1.6)e+08,(4.3+/-1.6)e+08,(4.3+/-1.6)e+08,(4.3+/-1.6)e+08
Eastern Europe,14371334,30807773,0,0,0,0,(2.8+/-1.1)e+07,(2.8+/-1.1)e+07,(2.8+/-1.1)e+07,(2.8+/-1.1)e+07,(2.8+/-1.1)e+07,(2.8+/-1.1)e+07,(2.8+/-1.1)e+07,(2.8+/-1.1)e+07,(2.8+/-1.1)e+07,(2.8+/-1.1)e+07,(2.8+/-1.1)e+07,(2.8+/-1.1)e+07,(2.8+/-1.1)e+07,(2.8+/-1.1)e+07,(2.8+/-1.1)e+07,(2.8+/-1.1)e+07,(2.8+/-1.1)e+07,(2.8+/-1.1)e+07,(2.8+/-1.1)e+07,(2.8+/-1.1)e+07,(2.8+/-1.1)e+07,(2.8+/-1.1)e+07,(2.8+/-1.1)e+07,(2.8+/-1.1)e+07,(2.8+/-1.1)e+07,(2.8+/-1.1)e+07,(2.8+/-1.1)e+07,(2.8+/-1.1)e+07,(2.8+/-1.1)e+07,(2.8+/-1.1)e+07,(2.8+/-1.1)e+07,(2.8+/-1.1)e+07,(2.8+/-1.1)e+07,(2.8+/-1.1)e+07,(2.8+/-1.1)e+07,(2.8+/-1.1)e+07,(2.8+/-1.1)e+07,(2.8+/-1.1)e+07,(2.8+/-1.1)e+07,(2.8+/-1.1)e+07,(2.8+/-1.1)e+07,(2.8+/-1.1)e+07,(2.8+/-1.1)e+07,(2.8+/-1.1)e+07,(2.8+/-1.1)e+07,(2.8+/-1.1)e+07,(2.8+/-1.1)e+07,(2.8+/-1.1)e+07,(2.8+/-1.1)e+07
Melanesia,552278,1334483,0,0,0,0,(1.6+/-0.6)e+05,(1.6+/-0.6)e+05,(1.6+/-0.6)e+05,(1.6+/-0.6)e+05,(1.6+/-0.6)e+05,(1.6+/-0.6)e+05,(1.6+/-0.6)e+05,(1.6+/-0.6)e+05,(1.6+/-0.6)e+05,(1.6+/-0.6)e+05,(1.6+/-0.6)e+05,(1.6+/-0.6)e+05,(1.6+/-0.6)e+05,(1.6+/-0.6)e+05,(1.6+/-0.6)e+05,(1.6+/-0.6)e+05,(1.6+/-0.6)e+05,(1.6+/-0.6)e+05,(1.6+/-0.6)e+05,(1.6+/-0.6)e+05,(1.6+/-0.6)e+05,(1.6+/-0.6)e+05,(1.6+/-0.6)e+05,(1.6+/-0.6)e+05,(1.6+/-0.6)e+05,(1.6+/-0.6)e+05,(1.6+/-0.6)e+05,(1.6+/-0.6)e+05,(1.6+/-0.6)e+05,(1.6+/-0.6)e+05,(1.6+/-0.6)e+05,(1.6+/-0.6)e+05,(1.6+/-0.6)e+05,(1.6+/-0.6)e+05,(1.6+/-0.6)e+05,(1.6+/-0.6)e+05,(1.6+/-0.6)e+05,(1.6+/-0.6)e+05,(1.6+/-0.6)e+05,(1.6+/-0.6)e+05,(1.6+/-0.6)e+05,(1.6+/-0.6)e+05,(1.6+/-0.6)e+05,(1.6+/-0.6)e+05,(1.6+/-0.6)e+05,(1.6+/-0.6)e+05,(1.6+/-0.6)e+05,(1.6+/-0.6)e+05,(1.6+/-0.6)e+05
Micronesia,16541,39694,0,0,0,0,(4.0+/-1.4)e+04,(4.0+/-1.4)e+04,(4.0+/-1.4)e+04,(4.0+/-1.4)e+04,(4.0+/-1.4)e+04,(4.0+/-1.4)e+04,(4.0+/-1.4)e+04,(4.0+/-1.4)e+04,(4.0+/-1.4)e+04,(4.0+/-1.4)e+04,(4.0+/-1.4)e+04,(4.0+/-1.4)e+04,(4.0+/-1.4)e+04,(4.0+/-1.4)e+04,(4.0+/-1.4)e+04,(4.0+/-1.4)e+04,(4.0+/-1.4)e+04,(4.0+/-1.4)e+04,(4.0+/-1.4)e+04,(4.0+/-1.4)e+04,(4.0+/-1.4)e+04,(4.0+/-1.4)e+04,(4.0+/-1.4)e+04,(4.0+/-1.4)e+04,(4.0+/-1.4)e+04,(4.0+/-1.4)e+04,(4.0+/-1.4)e+04,(4.0+/-1.4)e+04,(4.0+/-1.4)e+04,(4.0+/-1.4)e+04,(4.0+/-1.4)e+04,(4.0+/-1.4)e+04,(4.0+/-1.4)e+04,(4.0+/-1.4)e+04,(4.0+/-1.4)e+04,(4.0+/-1.4)e+04,(4.0+/-1.4)e+04,(4.0+/-1.4)e+04,(4.0+/-1.4)e+04,(4.0+/-1.4)e+04,(4.0+/-1.4)e+04,(4.0+/-1.4)e+04,(4.0+/-1.4)e+04,(4.0+/-1.4)e+04,(4.0+/-1.4)e+04,(4.0+/-1.4)e+04,(4.0+/-1.4)e+04,(4.0+/-1.4)e+04,(4.0+/-1.4)e+04
Middle Africa,8283909,15756268,0,0,0,0,(5.9+/-2.1)e+04,(5.9+/-2.1)e+04,(5.9+/-2.1)e+04,(5.9+/-2.1)e+04,(5.9+/-2.1)e+04,(5.9+/-2.1)e+04,(5.9+/-2.1)e+04,(5.9+/-2.1)e+04,(5.9+/-2.1)e+04,(5.9+/-2.1)e+04,(5.9+/-2.1)e+04,(5.9+/-2.1)e+04,(5.9+/-2.1)e+04,(5.9+/-2.1)e+04,(5.9+/-2.1)e+04,(5.9+/-2.1)e+04,(5.9+/-2.1)e+04,(5.9+/-2.1)e+04,(5.9+/-2.1)e+04,(5.9+/-2.1)e+04,(5.9+/-2.1)e+04,(5.9+/-2.1)e+04,(5.9+/-2.1)e+04,(5.9+/-2.1)e+04,(5.9+/-2.1)e+04,(5.9+/-2.1)e+04,(5.9+/-2.1)e+04,(5.9+/-2.1)e+04,(5.9+/-2.1)e+04,(5.9+/-2.1)e+04,(5.9+/-2.1)e+04,(5.9+/-2.1)e+04,(5.9+/-2.1)e+04,(5.9+/-2.1)e+04,(5.9+/-2.1)e+04,(5.9+/-2.1)e+04,(5.9+/-2.1)e+04,(5.9+/-2.1)e+04,(5.9+/-2.1)e+04,(5.9+/-2.1)e+04,(5.9+/-2.1)e+04,(5.9+/-2.1)e+04,(5.9+/-2.1)e+04,(5.9+/-2.1)e+04,(5.9+/-2.1)e+04,(5.9+/-2.1)e+04,(5.9+/-2.1)e+04,(5.9+/-2.1)e+04,(5.9+/-2.1)e+04
Northern Africa,9047700,20060987,0,0,0,0,(1.4+/-0.5)e+06,(1.4+/-0.5)e+06,(1.4+/-0.5)e+06,(1.4+/-0.5)e+06,(1.4+/-0.5)e+06,(1.4+/-0.5)e+06,(1.4+/-0.5)e+06,(1.4+/-0.5)e+06,(1.4+/-0.5)e+06,(1.4+/-0.5)e+06,(1.4+/-0.5)e+06,(1.4+/-0.5)e+06,(1.4+/-0.5)e+06,(1.4+/-0.5)e+06,(1.4+/-0.5)e+06,(1.4+/-0.5)e+06,(1.4+/-0.5)e+06,(1.4+/-0.5)e+06,(1.4+/-0.5)e+06,(1.4+/-0.5)e+06,(1.4+/-0.5)e+06,(1.4+/-0.5)e+06,(1.4+/-0.5)e+06,(1.4+/-0.5)e+06,(1.4+/-0.5)e+06,(1.4+/-0.5)e+06,(1.4+/-0.5)e+06,(1.4+/-0.5)e+06,(1.4+/-0.5)e+06,(1.4+/-0.5)e+06,(1.4+/-0.5)e+06,(1.4+/-0.5)e+06,(1.4+/-0.5)e+06,(1.4+/-0.5)e+06,(1.4+/-0.5)e+06,(1.4+/-0.5)e+06,(1.4+/-0.5)e+06,(1.4+/-0.5)e+06,(1.4+/-0.5)e+06,(1.4+/-0.5)e+06,(1.4+/-0.5)e+06,(1.4+/-0.5)e+06,(1.4+/-0.5)e+06,(1.4+/-0.5)e+06,(1.4+/-0.5)e+06,(1.4+/-0.5)e+06,(1.4+/-0.5)e+06,(1.4+/-0.5)e+06,(1.4+/-0.5)e+06
Northern America,16840934,39818569,0,0,0,0,(6.5+/-2.4)e+07,(6.5+/-2.4)e+07,(6.5+/-2.4)e+07,(6.5+/-2.4)e+07,(6.5+/-2.4)e+07,(6.5+/-2.4)e+07,(6.5+/-2.4)e+07,(6.5+/-2.4)e+07,(6.5+/-2.4)e+07,(6.5+/-2.4)e+07,(6.5+/-2.4)e+07,(6.5+/-2.4)e+07,(6.5+/-2.4)e+07,(6.5+/-2.4)e+07,(6.5+/-2.4)e+07,(6.5+/-2.4)e+07,(6.5+/-2.4)e+07,(6.5+/-2.4)e+07,(6.5+/-2.4)e+07,(6.5+/-2.4)e+07,(6.5+/-2.4)e+07,(6.5+/-2.4)e+07,(6.5+/-2.4)e+07,(6.5+/-2.4)e+07,(6.5+/-2.4)e+07,(6.5+/-2.4)e+07,(6.5+/-2.4)e+07,(6.5+/-2.4)e+07,(6.5+/-2.4)e+07,(6.5+/-2.4)e+07,(6.5+/-2.4)e+07,(6.5+/-2.4)e+07,(6.5+/-2.4)e+07,(6.5+/-2.4)e+07,(6.5+/-2.4)e+07,(6.5+/-2.4)e+07,(6.5+/-2.4)e+07,(6.5+/-2.4)e+07,(6.5+/-2.4)e+07,(6.5+/-2.4)e+07,(6.5+/-2.4)e+07,(6.5+/-2.4)e+07,(6.5+/-2.4)e+07,(6.5+/-2.4)e+07,(6.5+/-2.4)e+07,(6.5+/-2.4)e+07,(6.5+/-2.4)e+07,(6.5+/-2.4)e+07,(6.5+/-2.4)e+07
Northern Europe,4541496,11229979,0,0,0,0,(5.5+/-2.0)e+05,(5.5+/-2.0)e+05,(5.5+/-2.0)e+05,(5.5+/-2.0)e+05,(5.5+/-2.0)e+05,(5.5+/-2.0)e+05,(5.5+/-2.0)e+05,(5.5+/-2.0)e+05,(5.5+/-2.0)e+05,(5.5+/-2.0)e+05,(5.5+/-2.0)e+05,(5.5+/-2.0)e+05,(5.5+/-2.0)e+05,(5.5+/-2.0)e+05,(5.5+/-2.0)e+05,(5.5+/-2.0)e+05,(5.5+/-2.0)e+05,(5.5+/-2.0)e+05,(5.5+/-2.0)e+05,(5.5+/-2.0)e+05,(5.5+/-2.0)e+05,(5.5+/-2.0)e+05,(5.5+/-2.0)e+05,(5.5+/-2.0)e+05,(5.5+/-2.0)e+05,(5.5+/-2.0)e+05,(5.5+/-2.0)e+05,(5.5+/-2.0)e+05,(5.5+/-2.0)e+05,(5.5+/-2.0)e+05,(5.5+/-2.0)e+05,(5.5+/-2.0)e+05,(5.5+/-2.0)e+05,(5.5+/-2.0)e+05,(5.5+/-2.0)e+05,(5.5+/-2.0)e+05,(5.5+/-2.0)e+05,(5.5+/-2.0)e+05,(5.5+/-2.0)e+05,(5.5+/-2.0)e+05,(5.5+/-2.0)e+05,(5.5+/-2.0)e+05,(5.5+/-2.0)e+05,(5.5+/-2.0)e+05,(5.5+/-2.0)e+05,(5.5+/-2.0)e+05,(5.5+/-2.0)e+05,(5.5+/-2.0)e+05,(5.5+/-2.0)e+05
Polynesia,25602,58294,0,0,0,0,(4.0+/-1.4)e+04,(4.0+/-1.4)e+04,(4.0+/-1.4)e+04,(4.0+/-1.4)e+04,(4.0+/-1.4)e+04,(4.0+/-1.4)e+04,(4.0+/-1.4)e+04,(4.0+/-1.4)e+04,(4.0+/-1.4)e+04,(4.0+/-1.4)e+04,(4.0+/-1.4)e+04,(4.0+/-1.4)e+04,(4.0+/-1.4)e+04,(4.0+/-1.4)e+04,(4.0+/-1.4)e+04,(4.0+/-1.4)e+04,(4.0+/-1.4)e+04,(4.0+/-1.4)e+04,(4.0+/-1.4)e+04,(4.0+/-1.4)e+04,(4.0+/-1.4)e+04,(4.0+/-1.4)e+04,(4.0+/-1.4)e+04,(4.0+/-1.4)e+04,(4.0+/-1.4)e+04,(4.0+/-1.4)e+04,(4.0+/-1.4)e+04,(4.0+/-1.4)e+04,(4.0+/-1.4)e+04,(4.0+/-1.4)e+04,(4.0+/-1.4)e+04,(4.0+/-1.4)e+04,(4.0+/-1.4)e+04,(4.0+/-1.4)e+04,(4.0+/-1.4)e+04,(4.0+/-1.4)e+04,(4.0+/-1.4)e+04,(4.0+/-1.4)e+04,(4.0+/-1.4)e+04,(4.0+/-1.4)e+04,(4.0+/-1.4)e+04,(4.0+/-1.4)e+04,(4.0+/-1.4)e+04,(4.0+/-1.4)e+04,(4.0+/-1.4)e+04,(4.0+/-1.4)e+04,(4.0+/-1.4)e+04,(4.0+/-1.4)e+04,(4.0+/-1.4)e+04
South America,21038214,57568306,0,0,0,0,(3.1+/-1.2)e+06,(3.1+/-1.2)e+06,(3.1+/-1.2)e+06,(3.1+/-1.2)e+06,(3.1+/-1.2)e+06,(3.1+/-1.2)e+06,(3.1+/-1.2)e+06,(3.1+/-1.2)e+06,(3.1+/-1.2)e+06,(3.1+/-1.2)e+06,(3.1+/-1.2)e+06,(3.1+/-1.2)e+06,(3.1+/-1.2)e+06,(3.1+/-1.2)e+06,(3.1+/-1.2)e+06,(3.1+/-1.2)e+06,(3.1+/-1.2)e+06,(3.1+/-1.2)e+06,(3.1+/-1.2)e+06,(3.1+/-1.2)e+06,(3.1+/-1.2)e+06,(3.1+/-1.2)e+06,(3.1+/-1.2)e+06,(3.1+/-1.2)e+06,(3.1+/-1.2)e+06,(3.1+/-1.2)e+06,(3.1+/-1.2)e+06,(3.1+/-1.2)e+06,(3.1+/-1.2)e+06,(3.1+/-1.2)e+06,(3.1+/-1.2)e+06,(3.1+/-1.2)e+06,(3.1+/-1.2)e+06,(3.1+/-1.2)e+06,(3.1+/-1.2)e+06,(3.1+/-1.2)e+06,(3.1+/-1.2)e+06,(3.1+/-1.2)e+06,(3.1+/-1.2)e+06,(3.1+/-1.2)e+06,(3.1+/-1.2)e+06,(3.1+/-1.2)e+06,(3.1+/-1.2)e+06,(3.1+/-1.2)e+06,(3.1+/-1.2)e+06,(3.1+/-1.2)e+06,(3.1+/-1.2)e+06,(3.1+/-1.2)e+06,(3.1+/-1.2)e+06
South-eastern Asia,43157221,101335251,0,0,0,0,(4.0+/-1.5)e+07,(4.0+/-1.5)e+07,(4.0+/-1.5)e+07,(4.0+/-1.5)e+07,(4.0+/-1.5)e+07,(4.0+/-1.5)e+07,(4.0+/-1.5)e+07,(4.0+/-1.5)e+07,(4.0+/-1.5)e+07,(4.0+/-1.5)e+07,(4.0+/-1.5)e+07,(4.0+/-1.5)e+07,(4.0+/-1.5)e+07,(4.0+/-1.5)e+07,(4.0+/-1.5)e+07,(4.0+/-1.5)e+07,(4.0+/-1.5)e+07,(4.0+/-1.5)e+07,(4.0+/-1.5)e+07,(4.0+/-1.5)e+07,(4.0+/-1.5)e+07,(4.0+/-1.5)e+07,(4.0+/-1.5)e+07,(4.0+/-1.5)e+07,(4.0+/-1.5)e+07,(4.0+/-1.5)e+07,(4.0+/-1.5)e+07,(4.0+/-1.5)e+07,(4.0+/-1.5)e+07,(4.0+/-1.5)e+07,(4.0+/-1.5)e+07,(4.0+/-1.5)e+07,(4.0+/-1.5)e+07,(4.0+/-1.5)e+07,(4.0+/-1.5)e+07,(4.0+/-1.5)e+07,(4.0+/-1.5)e+07,(4.0+/-1.5)e+07,(4.0+/-1.5)e+07,(4.0+/-1.5)e+07,(4.0+/-1.5)e+07,(4.0+/-1.5)e+07,(4.0+/-1.5)e+07,(4.0+/-1.5)e+07,(4.0+/-1.5)e+07,(4.0+/-1.5)e+07,(4.0+/-1.5)e+07,(4.0+/-1.5)e+07,(4.0+/-1.5)e+07
Southern Africa,2039984,5673452,0,0,0,0,(1.5+/-0.6)e+07,(1.5+/-0.6)e+07,(1.5+/-0.6)e+07,(1.5+/-0.6)e+07,(1.5+/-0.6)e+07,(1.5+/-0.6)e+07,(1.5+/-0.6)e+07,(1.5+/-0.6)e+07,(1.5+/-0.6)e+07,(1.5+/-0.6)e+07,(1.5+/-0.6)e+07,(1.5+/-0.6)e+07,(1.5+/-0.6)e+07,(1.5+/-0.6)e+07,(1.5+/-0.6)e+07,(1.5+/-0.6)e+07,(1.5+/-0.6)e+07,(1.5+/-0.6)e+07,(1.5+/-0.6)e+07,(1.5+/-0.6)e+07,(1.5+/-0.6)e+07,(1.5+/-0.6)e+07,(1.5+/-0.6)e+07,(1.5+/-0.6)e+07,(1.5+/-0.6)e+07,(1.5+/-0.6)e+07,(1.5+/-0.6)e+07,(1.5+/-0.6)e+07,(1.5+/-0.6)e+07,(1.5+/-0.6)e+07,(1.5+/-0.6)e+07,(1.5+/-0.6)e+07,(1.5+/-0.6)e+07,(1.5+/-0.6)e+07,(1.5+/-0.6)e+07,(1.5+/-0.6)e+07,(1.5+/-0.6)e+07,(1.5+/-0.6)e+07,(1.5+/-0.6)e+07,(1.5+/-0.6)e+07,(1.5+/-0.6)e+07,(1.5+/-0.6)e+07,(1.5+/-0.6)e+07,(1.5+/-0.6)e+07,(1.5+/-0.6)e+07,(1.5+/-0.6)e+07,(1.5+/-0.6)e+07,(1.5+/-0.6)e+07,(1.5+/-0.6)e+07
Southern Asia,130193456,219310862,0,0,0,0,(8.7+/-3.2)e+07,(8.7+/-3.2)e+07,(8.7+/-3.2)e+07,(8.7+/-3.2)e+07,(8.7+/-3.2)e+07,(8.7+/-3.2)e+07,(8.7+/-3.2)e+07,(8.7+/-3.2)e+07,(8.7+/-3.2)e+07,(8.7+/-3.2)e+07,(8.7+/-3.2)e+07,(8.7+/-3.2)e+07,(8.7+/-3.2)e+07,(8.7+/-3.2)e+07,(8.7+/-3.2)e+07,(8.7+/-3.2)e+07,(8.7+/-3.2)e+07,(8.7+/-3.2)e+07,(8.7+/-3.2)e+07,(8.7+/-3.2)e+07,(8.7+/-3.2)e+07,(8.7+/-3.2)e+07,(8.7+/-3.2)e+07,(8.7+/-3.2)e+07,(8.7+/-3.2)e+07,(8.7+/-3.2)e+07,(8.7+/-3.2)e+07,(8.7+/-3.2)e+07,(8.7+/-3.2)e+07,(8.7+/-3.2)e+07,(8.7+/-3.2)e+07,(8.7+/-3.2)e+07,(8.7+/-3.2)e+07,(8.7+/-3.2)e+07,(8.7+/-3.2)e+07,(8.7+/-3.2)e+07,(8.7+/-3.2)e+07,(8.7+/-3.2)e+07,(8.7+/-3.2)e+07,(8.7+/-3.2)e+07,(8.7+/-3.2)e+07,(8.7+/-3.2)e+07,(8.7+/-3.2)e+07,(8.7+/-3.2)e+07,(8.7+/-3.2)e+07,(8.7+/-3.2)e+07,(8.7+/-3.2)e+07,(8.7+/-3.2)e+07,(8.7+/-3.2)e+07
Southern Europe,6278275,15800689,0,0,0,0,(6.5+/-2.4)e+06,(6.5+/-2.4)e+06,(6.5+/-2.4)e+06,(6.5+/-2.4)e+06,(6.5+/-2.4)e+06,(6.5+/-2.4)e+06,(6.5+/-2.4)e+06,(6.5+/-2.4)e+06,(6.5+/-2.4)e+06,(6.5+/-2.4)e+06,(6.5+/-2.4)e+06,(6.5+/-2.4)e+06,(6.5+/-2.4)e+06,(6.5+/-2.4)e+06,(6.5+/-2.4)e+06,(6.5+/-2.4)e+06,(6.5+/-2.4)e+06,(6.5+/-2.4)e+06,(6.5+/-2.4)e+06,(6.5+/-2.4)e+06,(6.5+/-2.4)e+06,(6.5+/-2.4)e+06,(6.5+/-2.4)e+06,(6.5+/-2.4)e+06,(6.5+/-2.4)e+06,(6.5+/-2.4)e+06,(6.5+/-2.4)e+06,(6.5+/-2.4)e+06,(6.5+/-2.4)e+06,(6.5+/-2.4)e+06,(6.5+/-2.4)e+06,(6.5+/-2.4)e+06,(6.5+/-2.4)e+06,(6.5+/-2.4)e+06,(6.5+/-2.4)e+06,(6.5+/-2.4)e+06,(6.5+/-2.4)e+06,(6.5+/-2.4)e+06,(6.5+/-2.4)e+06,(6.5+/-2.4)e+06,(6.5+/-2.4)e+06,(6.5+/-2.4)e+06,(6.5+/-2.4)e+06,(6.5+/-2.4)e+06,(6.5+/-2.4)e+06,(6.5+/-2.4)e+06,(6.5+/-2.4)e+06,(6.5+/-2.4)e+06,(6.5+/-2.4)e+06
Western Africa,13326746,33355705,0,0,0,0,(2.8+/-1.0)e+05,(2.8+/-1.0)e+05,(2.8+/-1.0)e+05,(2.8+/-1.0)e+05,(2.8+/-1.0)e+05,(2.8+/-1.0)e+05,(2.8+/-1.0)e+05,(2.8+/-1.0)e+05,(2.8+/-1.0)e+05,(2.8+/-1.0)e+05,(2.8+/-1.0)e+05,(2.8+/-1.0)e+05,(2.8+/-1.0)e+05,(2.8+/-1.0)e+05,(2.8+/-1.0)e+05,(2.8+/-1.0)e+05,(2.8+/-1.0)e+05,(2.8+/-1.0)e+05,(2.8+/-1.0)e+05,(2.8+/-1.0)e+05,(2.8+/-1.0)e+05,(2.8+/-1.0)e+05,(2.8+/-1.0)e+05,(2.8+/-1.0)e+05,(2.8+/-1.0)e+05,(2.8+/-1.0)e+05,(2.8+/-1.0)e+05,(2.8+/-1.0)e+05,(2.8+/-1.0)e+05,(2.8+/-1.0)e+05,(2.8+/-1.0)e+05,(2.8+/-1.0)e+05,(2.8+/-1.0)e+05,(2.8+/-1.0)e+05,(2.8+/-1.0)e+05,(2.8+/-1.0)e+05,(2.8+/-1.0)e+05,(2.8+/-1.0)e+05,(2.8+/-1.0)e+05,(2.8+/-1.0)e+05,(2.8+/-1.0)e+05,(2.8+/-1.0)e+05,(2.8+/-1.0)e+05,(2.8+/-1.0)e+05,(2.8+/-1.0)e+05,(2.8+/-1.0)e+05,(2.8+/-1.0)e+05,(2.8+/-1.0)e+05,(2.8+/-1.0)e+05
Western Asia,11107604,26056150,0,0,0,0,(8.4+/-3.1)e+06,(8.4+/-3.1)e+06,(8.4+/-3.1)e+06,(8.4+/-3.1)e+06,(8.4+/-3.1)e+06,(8.4+/-3.1)e+06,(8.4+/-3.1)e+06,(8.4+/-3.1)e+06,(8.4+/-3.1)e+06,(8.4+/-3.1)e+06,(8.4+/-3.1)e+06,(8.4+/-3.1)e+06,(8.4+/-3.1)e+06,(8.4+/-3.1)e+06,(8.4+/-3.1)e+06,(8.4+/-3.1)e+06,(8.4+/-3.1)e+06,(8.4+/-3.1)e+06,(8.4+/-3.1)e+06,(8.4+/-3.1)e+06,(8.4+/-3.1)e+06,(8.4+/-3.1)e+06,(8.4+/-3.1)e+06,(8.4+/-3.1)e+06,(8.4+/-3.1)e+06,(8.4+/-3.1)e+06,(8.4+/-3.1)e+06,(8.4+/-3.1)e+06,(8.4+/-3.1)e+06,(8.4+/-3.1)e+06,(8.4+/-3.1)e+06,(8.4+/-3.1)e+06,(8.4+/-3.1)e+06,(8.4+/-3.1)e+06,(8.4+/-3.1)e+06,(8.4+/-3.1)e+06,(8.4+/-3.1)e+06,(8.4+/-3.1)e+06,(8.4+/-3.1)e+06,(8.4+/-3.1)e+06,(8.4+/-3.1)e+06,(8.4+/-3.1)e+06,(8.4+/-3.1)e+06,(8.4+/-3.1)e+06,(8.4+/-3.1)e+06,(8.4+/-3.1)e+06,(8.4+/-3.1)e+06,(8.4+/-3.1)e+06,(8.4+/-3.1)e+06
Western Europe,8840360,20055431,0,0,0,0,(1.2+/-0.4)e+07,(1.2+/-0.4)e+07,(1.2+/-0.4)e+07,(1.2+/-0.4)e+07,(1.2+/-0.4)e+07,(1.2+/-0.4)e+07,(1.2+/-0.4)e+07,(1.2+/-0.4)e+07,(1.2+/-0.4)e+07,(1.2+/-0.4)e+07,(1.2+/-0.4)e+07,(1.2+/-0.4)e+07,(1.2+/-0.4)e+07,(1.2+/-0.4)e+07,(1.2+/-0.4)e+07,(1.2+/-0.4)e+07,(1.2+/-0.4)e+07,(1.2+/-0.4)e+07,(1.2+/-0.4)e+07,(1.2+/-0.4)e+07,(1.2+/-0.4)e+07,(1.2+/-0.4)e+07,(1.2+/-0.4)e+07,(1.2+/-0.4)e+07,(1.2+/-0.4)e+07,(1.2+/-0.4)e+07,(1.2+/-0.4)e+07,(1.2+/-0.4)e+07,(1.2+/-0.4)e+07,(1.2+/-0.4)e+07,(1.2+/-0.4)e+07,(1.2+/-0.4)e+07,(1.2+/-0.4)e+07,(1.2+/-0.4)e+07,(1.2+/-0.4)e+07,(1.2+/-0.4)e+07,(1.2+/-0.4)e+07,(1.2+/-0.4)e+07,(1.2+/-0.4)e+07,(1.2+/-0.4)e+07,(1.2+/-0.4)e+07,(1.2+/-0.4)e+07,(1.2+/-0.4)e+07,(1.2+/-0.4)e+07,(1.2+/-0.4)e+07,(1.2+/-0.4)e+07,(1.2+/-0.4)e+07,(1.2+/-0.4)e+07,(1.2+/-0.4)e+07
Global,426438348,893992858,0,0,0,0,(7.2+/-2.7)e+08,(7.2+/-2.7)e+08,(7.2+/-2.7)e+08,(7.2+/-2.7)e+08,(7.2+/-2.7)e+08,(7.2+/-2.7)e+08,(7.2+/-2.7)e+08,(7.2+/-2.7)e+08,(7.2+/-2.7)e+08,(7.2+/-2.7)e+08,(7.2+/-2.7)e+08,(7.2+/-2.7)e+08,(7.2+/-2.7)e+08,(7.2+/-2.7)e+08,(7.2+/-2.7)e+08,(7.2+/-2.7)e+08,(7.2+/-2.7)e+08,(7.2+/-2.7)e+08,(7.2+/-2.7)e+08,(7.2+/-2.7)e+08,(7.2+/-2.7)e+08,(7.2+/-2.7)e+08,(7.2+/-2.7)e+08,(7.2+/-2.7)e+08,(7.2+/-2.7)e+08,(7.2+/-2.7)e+08,(7.2+/-2.7)e+08,(7.2+/-2.7)e+08,(7.2+/-2.7)e+08,(7.2+/-2.7)e+08,(7.2+/-2.7)e+08,(7.2+/-2.7)e+08,(7.2+/-2.7)e+08,(7.2+/-2.7)e+08,(7.2+/-2.7)e+08,(7.2+/-2.7)e+08,(7.2+/-2.7)e+08,(7.2+/-2.7)e+08,(7.2+/-2.7)e+08,(7.2+/-2.7)e+08,(7.2+/-2.7)e+08,(7.2+/-2.7)e+08,(7.2+/-2.7)e+08,(7.2+/-2.7)e+08,(7.2+/-2.7)e+08,(7.2+/-2.7)e+08,(7.2+/-2.7)e+08,(7.2+/-2.7)e+08,(7.2+/-2.7)e+08
